venue,native_trade_id,agg_trade_id,symbol,side,price,quantity,traded_at
binance,6582462240,4035601589,BTCUSDT,sell,68677.50000000,0.00016000,2026-08-19T16:18:33.109000+00:00
binance,6582462242,4035601590,BTCUSDT,sell,68676.26000000,0.00030000,2026-08-19T16:18:33.112000+00:00
binance,6582462246,4035601591,BTCUSDT,sell,68676.26000000,0.00093000,2026-08-19T16:18:33.112000+00:00
binance,6582462258,4035601592,BTCUSDT,sell,68676.25000000,0.00056000,2026-08-19T16:18:33.112000+00:00
binance,6582462265,4035601593,BTCUSDT,sell,68675.95000000,0.00016000,2026-08-19T16:18:33.112000+00:00
binance,6582462267,4035601594,BTCUSDT,sell,68675.87000000,0.00120000,2026-08-19T16:18:33.114000+00:00
binance,6582462274,4035601595,BTCUSDT,sell,68675.62000000,0.00018000,2026-08-19T16:18:33.114000+00:00
binance,6582462275,4035601596,BTCUSDT,sell,68675.59000000,0.00022000,2026-08-19T16:18:33.114000+00:00
binance,6582462276,4035601597,BTCUSDT,sell,68675.59000000,0.00092000,2026-08-19T16:18:33.116000+00:00
binance,6582462285,4035601598,BTCUSDT,sell,68674.84000000,0.00048000,2026-08-19T16:18:33.116000+00:00
binance,6582462286,4035601599,BTCUSDT,sell,68674.83000000,0.00008000,2026-08-19T16:18:33.116000+00:00
binance,6582462287,4035601600,BTCUSDT,sell,68674.39000000,0.00098000,2026-08-19T16:18:33.119000+00:00
binance,6582462299,4035601601,BTCUSDT,sell,68674.38000000,0.00008000,2026-08-19T16:18:33.119000+00:00
binance,6582462300,4035601602,BTCUSDT,sell,68673.71000000,0.00106000,2026-08-19T16:18:33.125000+00:00
binance,6582462313,4035601603,BTCUSDT,sell,68673.70000000,0.00032000,2026-08-19T16:18:33.125000+00:00
binance,6582462317,4035601604,BTCUSDT,sell,68673.67000000,0.00016000,2026-08-19T16:18:33.125000+00:00
binance,6582462319,4035601605,BTCUSDT,sell,68673.66000000,0.00016000,2026-08-19T16:18:33.125000+00:00
binance,6582462321,4035601606,BTCUSDT,sell,68673.41000000,0.00016000,2026-08-19T16:18:33.125000+00:00
binance,6582462323,4035601607,BTCUSDT,sell,68673.03000000,0.00008000,2026-08-19T16:18:33.125000+00:00
binance,6582462324,4035601608,BTCUSDT,sell,68672.40000000,0.00009000,2026-08-19T16:18:33.125000+00:00
binance,6582462325,4035601609,BTCUSDT,sell,68672.06000000,0.00024000,2026-08-19T16:18:33.125000+00:00
binance,6582462328,4035601610,BTCUSDT,sell,68671.46000000,0.00008000,2026-08-19T16:18:33.125000+00:00
binance,6582462329,4035601611,BTCUSDT,sell,68671.30000000,0.00087000,2026-08-19T16:18:33.125000+00:00
binance,6582462332,4035601612,BTCUSDT,sell,68671.29000000,0.00027000,2026-08-19T16:18:33.125000+00:00
binance,6582462335,4035601613,BTCUSDT,sell,68670.52000000,0.00008000,2026-08-19T16:18:33.125000+00:00
binance,6582462336,4035601614,BTCUSDT,sell,68670.00000000,0.00017000,2026-08-19T16:18:33.125000+00:00
binance,6582462338,4035601615,BTCUSDT,sell,68669.82000000,0.04368000,2026-08-19T16:18:33.125000+00:00
binance,6582462339,4035601616,BTCUSDT,sell,68669.80000000,0.00008000,2026-08-19T16:18:33.125000+00:00
binance,6582462340,4035601617,BTCUSDT,sell,68669.27000000,0.00024000,2026-08-19T16:18:33.125000+00:00
binance,6582462343,4035601618,BTCUSDT,sell,68669.26000000,0.00527000,2026-08-19T16:18:33.222000+00:00
binance,6582462373,4035601619,BTCUSDT,sell,68669.25000000,0.00056000,2026-08-19T16:18:33.222000+00:00
binance,6582462380,4035601620,BTCUSDT,sell,68668.95000000,0.00024000,2026-08-19T16:18:33.222000+00:00
binance,6582462383,4035601621,BTCUSDT,sell,68668.94000000,0.02242000,2026-08-19T16:18:33.222000+00:00
binance,6582462384,4035601622,BTCUSDT,sell,68668.69000000,0.00018000,2026-08-19T16:18:33.222000+00:00
binance,6582462385,4035601623,BTCUSDT,sell,68668.15000000,0.00024000,2026-08-19T16:18:33.222000+00:00
binance,6582462388,4035601624,BTCUSDT,sell,68668.14000000,0.02000000,2026-08-19T16:18:33.222000+00:00
binance,6582462389,4035601625,BTCUSDT,sell,68668.04000000,0.00008000,2026-08-19T16:18:33.222000+00:00
binance,6582462390,4035601626,BTCUSDT,sell,68666.73000000,0.00016000,2026-08-19T16:18:33.222000+00:00
binance,6582462392,4035601627,BTCUSDT,sell,68666.57000000,0.00008000,2026-08-19T16:18:33.222000+00:00
binance,6582462393,4035601628,BTCUSDT,sell,68666.52000000,0.00024000,2026-08-19T16:18:33.222000+00:00
binance,6582462396,4035601629,BTCUSDT,buy,68666.52000000,0.00009000,2026-08-19T16:18:33.245000+00:00
binance,6582462397,4035601630,BTCUSDT,buy,68666.52000000,0.00030000,2026-08-19T16:18:33.306000+00:00
binance,6582462398,4035601631,BTCUSDT,sell,68666.51000000,0.04127000,2026-08-19T16:18:33.336000+00:00
binance,6582462416,4035601632,BTCUSDT,sell,68666.50000000,0.00024000,2026-08-19T16:18:33.336000+00:00
binance,6582462419,4035601633,BTCUSDT,sell,68665.74000000,0.00021000,2026-08-19T16:18:33.336000+00:00
binance,6582462420,4035601634,BTCUSDT,sell,68665.37000000,0.00008000,2026-08-19T16:18:33.336000+00:00
binance,6582462421,4035601635,BTCUSDT,sell,68664.39000000,0.00011000,2026-08-19T16:18:33.336000+00:00
binance,6582462422,4035601636,BTCUSDT,sell,68663.66000000,0.00008000,2026-08-19T16:18:33.336000+00:00
binance,6582462423,4035601637,BTCUSDT,sell,68663.55000000,0.00080000,2026-08-19T16:18:33.336000+00:00
binance,6582462433,4035601638,BTCUSDT,sell,68663.46000000,0.00009000,2026-08-19T16:18:33.336000+00:00
binance,6582462434,4035601639,BTCUSDT,sell,68663.34000000,0.00008000,2026-08-19T16:18:33.336000+00:00
binance,6582462435,4035601640,BTCUSDT,sell,68662.76000000,0.00291000,2026-08-19T16:18:33.336000+00:00
binance,6582462436,4035601641,BTCUSDT,buy,68662.41000000,0.00030000,2026-08-19T16:18:33.489000+00:00
binance,6582462437,4035601642,BTCUSDT,buy,68662.41000000,0.00030000,2026-08-19T16:18:33.606000+00:00
binance,6582462438,4035601643,BTCUSDT,buy,68662.41000000,0.00030000,2026-08-19T16:18:33.708000+00:00
binance,6582462439,4035601644,BTCUSDT,buy,68662.41000000,0.00030000,2026-08-19T16:18:33.832000+00:00
binance,6582462440,4035601645,BTCUSDT,buy,68662.41000000,0.00148000,2026-08-19T16:18:33.877000+00:00
binance,6582462441,4035601646,BTCUSDT,buy,68662.41000000,0.00030000,2026-08-19T16:18:33.883000+00:00
binance,6582462442,4035601647,BTCUSDT,buy,68662.41000000,0.00030000,2026-08-19T16:18:33.973000+00:00
binance,6582462443,4035601648,BTCUSDT,buy,68662.41000000,0.00030000,2026-08-19T16:18:34.093000+00:00
binance,6582462444,4035601649,BTCUSDT,buy,68662.41000000,0.00071000,2026-08-19T16:18:34.149000+00:00
binance,6582462445,4035601650,BTCUSDT,buy,68662.41000000,0.00700000,2026-08-19T16:18:34.494000+00:00
binance,6582462446,4035601651,BTCUSDT,buy,68662.41000000,0.00030000,2026-08-19T16:18:34.689000+00:00
binance,6582462447,4035601652,BTCUSDT,sell,68662.40000000,0.00257000,2026-08-19T16:18:34.737000+00:00
binance,6582462452,4035601653,BTCUSDT,sell,68662.40000000,0.12000000,2026-08-19T16:18:35.124000+00:00
binance,6582462454,4035601654,BTCUSDT,buy,68662.41000000,0.00030000,2026-08-19T16:18:35.301000+00:00
binance,6582462455,4035601655,BTCUSDT,sell,68662.40000000,0.00200000,2026-08-19T16:18:35.346000+00:00
binance,6582462456,4035601656,BTCUSDT,buy,68662.41000000,0.00030000,2026-08-19T16:18:35.548000+00:00
binance,6582462457,4035601657,BTCUSDT,buy,68662.41000000,0.00111000,2026-08-19T16:18:35.748000+00:00
binance,6582462458,4035601658,BTCUSDT,buy,68662.41000000,0.00030000,2026-08-19T16:18:35.904000+00:00
binance,6582462459,4035601659,BTCUSDT,buy,68662.41000000,0.00179000,2026-08-19T16:18:36.487000+00:00
binance,6582462460,4035601660,BTCUSDT,buy,68662.41000000,0.00030000,2026-08-19T16:18:36.498000+00:00
binance,6582462461,4035601661,BTCUSDT,buy,68662.41000000,0.00030000,2026-08-19T16:18:37.107000+00:00
binance,6582462462,4035601662,BTCUSDT,buy,68662.41000000,0.00073000,2026-08-19T16:18:37.198000+00:00
binance,6582462463,4035601663,BTCUSDT,sell,68662.40000000,0.00011000,2026-08-19T16:18:37.375000+00:00
binance,6582462464,4035601664,BTCUSDT,buy,68662.41000000,0.00175000,2026-08-19T16:18:37.553000+00:00
binance,6582462465,4035601665,BTCUSDT,buy,68662.41000000,0.00030000,2026-08-19T16:18:37.702000+00:00
binance,6582462466,4035601666,BTCUSDT,sell,68662.40000000,0.02900000,2026-08-19T16:18:37.887000+00:00
binance,6582462467,4035601667,BTCUSDT,buy,68662.41000000,0.10000000,2026-08-19T16:18:38.033000+00:00
binance,6582462468,4035601668,BTCUSDT,buy,68662.41000000,0.00030000,2026-08-19T16:18:38.312000+00:00
binance,6582462469,4035601669,BTCUSDT,sell,68662.40000000,0.00372000,2026-08-19T16:18:38.523000+00:00
binance,6582462470,4035601670,BTCUSDT,sell,68662.40000000,0.00581000,2026-08-19T16:18:38.556000+00:00
binance,6582462471,4035601671,BTCUSDT,buy,68662.41000000,0.00010000,2026-08-19T16:18:38.604000+00:00
binance,6582462473,4035601672,BTCUSDT,buy,68662.41000000,0.01800000,2026-08-19T16:18:38.604000+00:00
binance,6582462482,4035601673,BTCUSDT,buy,68662.41000000,0.03579000,2026-08-19T16:18:38.606000+00:00
binance,6582462521,4035601674,BTCUSDT,buy,68662.42000000,0.00064000,2026-08-19T16:18:38.606000+00:00
binance,6582462529,4035601675,BTCUSDT,buy,68662.77000000,0.00040000,2026-08-19T16:18:38.606000+00:00
binance,6582462534,4035601676,BTCUSDT,buy,68663.08000000,0.00016000,2026-08-19T16:18:38.606000+00:00
binance,6582462536,4035601677,BTCUSDT,buy,68663.34000000,0.00008000,2026-08-19T16:18:38.606000+00:00
binance,6582462537,4035601678,BTCUSDT,buy,68664.22000000,0.00024000,2026-08-19T16:18:38.606000+00:00
binance,6582462540,4035601679,BTCUSDT,buy,68664.23000000,0.00440000,2026-08-19T16:18:38.642000+00:00
binance,6582462541,4035601680,BTCUSDT,buy,68664.23000000,0.00440000,2026-08-19T16:18:38.643000+00:00
binance,6582462542,4035601681,BTCUSDT,buy,68664.23000000,0.00430000,2026-08-19T16:18:38.644000+00:00
binance,6582462543,4035601682,BTCUSDT,buy,68664.23000000,0.00440000,2026-08-19T16:18:38.644000+00:00
binance,6582462544,4035601683,BTCUSDT,buy,68664.23000000,0.00440000,2026-08-19T16:18:38.644000+00:00
binance,6582462545,4035601684,BTCUSDT,buy,68664.23000000,0.07700000,2026-08-19T16:18:38.679000+00:00
binance,6582462546,4035601685,BTCUSDT,buy,68664.23000000,0.00300000,2026-08-19T16:18:38.681000+00:00
binance,6582462547,4035601686,BTCUSDT,buy,68664.23000000,0.00138000,2026-08-19T16:18:38.683000+00:00
binance,6582462563,4035601687,BTCUSDT,buy,68664.24000000,0.00048000,2026-08-19T16:18:38.683000+00:00
binance,6582462569,4035601688,BTCUSDT,buy,68664.37000000,0.00024000,2026-08-19T16:18:38.683000+00:00
binance,6582462572,4035601689,BTCUSDT,buy,68665.28000000,0.00066000,2026-08-19T16:18:38.685000+00:00
binance,6582462580,4035601690,BTCUSDT,buy,68666.52000000,0.00080000,2026-08-19T16:18:38.686000+00:00
binance,6582462590,4035601691,BTCUSDT,buy,68666.57000000,0.00008000,2026-08-19T16:18:38.686000+00:00
binance,6582462591,4035601692,BTCUSDT,buy,68666.59000000,0.00024000,2026-08-19T16:18:38.686000+00:00
binance,6582462594,4035601693,BTCUSDT,buy,68666.60000000,0.00040000,2026-08-19T16:18:38.686000+00:00
binance,6582462599,4035601694,BTCUSDT,buy,68667.01000000,0.00057000,2026-08-19T16:18:38.688000+00:00
binance,6582462606,4035601695,BTCUSDT,buy,68667.91000000,0.00040000,2026-08-19T16:18:38.690000+00:00
binance,6582462611,4035601696,BTCUSDT,buy,68667.92000000,0.00114000,2026-08-19T16:18:38.693000+00:00
binance,6582462625,4035601697,BTCUSDT,buy,68667.93000000,0.00024000,2026-08-19T16:18:38.693000+00:00
binance,6582462628,4035601698,BTCUSDT,buy,68668.39000000,0.00050000,2026-08-19T16:18:38.695000+00:00
binance,6582462634,4035601699,BTCUSDT,buy,68668.89000000,0.00016000,2026-08-19T16:18:38.695000+00:00
binance,6582462636,4035601700,BTCUSDT,buy,68669.26000000,0.00040000,2026-08-19T16:18:38.695000+00:00
binance,6582462641,4035601701,BTCUSDT,buy,68669.27000000,0.00390000,2026-08-19T16:18:38.702000+00:00
binance,6582462643,4035601702,BTCUSDT,buy,68669.27000000,0.00130000,2026-08-19T16:18:38.704000+00:00
binance,6582462659,4035601703,BTCUSDT,buy,68669.28000000,0.00048000,2026-08-19T16:18:38.704000+00:00
binance,6582462665,4035601704,BTCUSDT,buy,68669.80000000,0.00008000,2026-08-19T16:18:38.704000+00:00
binance,6582462666,4035601705,BTCUSDT,buy,68670.00000000,0.00016000,2026-08-19T16:18:38.704000+00:00
binance,6582462667,4035601706,BTCUSDT,buy,68670.28000000,0.00064000,2026-08-19T16:18:38.706000+00:00
binance,6582462675,4035601707,BTCUSDT,buy,68670.94000000,0.00162000,2026-08-19T16:18:38.711000+00:00
binance,6582462695,4035601708,BTCUSDT,buy,68670.95000000,0.00048000,2026-08-19T16:18:38.711000+00:00
binance,6582462701,4035601709,BTCUSDT,buy,68670.97000000,0.00008000,2026-08-19T16:18:38.711000+00:00
binance,6582462702,4035601710,BTCUSDT,buy,68671.54000000,0.00308000,2026-08-19T16:18:38.712000+00:00
binance,6582462705,4035601711,BTCUSDT,buy,68671.54000000,0.00860000,2026-08-19T16:18:38.713000+00:00
binance,6582462706,4035601712,BTCUSDT,buy,68671.54000000,0.09027000,2026-08-19T16:18:38.714000+00:00
binance,6582462715,4035601713,BTCUSDT,buy,68672.72000000,0.00059000,2026-08-19T16:18:38.719000+00:00
binance,6582462722,4035601714,BTCUSDT,buy,68672.73000000,0.00008000,2026-08-19T16:18:38.719000+00:00
binance,6582462723,4035601715,BTCUSDT,buy,68673.03000000,0.00016000,2026-08-19T16:18:38.719000+00:00
binance,6582462725,4035601716,BTCUSDT,buy,68673.03000000,0.00009000,2026-08-19T16:18:38.720000+00:00
binance,6582462727,4035601717,BTCUSDT,buy,68673.19000000,0.00040000,2026-08-19T16:18:38.720000+00:00
binance,6582462732,4035601718,BTCUSDT,buy,68673.32000000,0.00008000,2026-08-19T16:18:38.720000+00:00
binance,6582462733,4035601719,BTCUSDT,buy,68673.92000000,0.00016000,2026-08-19T16:18:38.721000+00:00
binance,6582462735,4035601720,BTCUSDT,buy,68673.94000000,0.00011000,2026-08-19T16:18:38.721000+00:00
binance,6582462736,4035601721,BTCUSDT,buy,68673.95000000,0.00008000,2026-08-19T16:18:38.721000+00:00
binance,6582462737,4035601722,BTCUSDT,buy,68674.60000000,0.00008000,2026-08-19T16:18:38.721000+00:00
binance,6582462738,4035601723,BTCUSDT,buy,68674.61000000,0.00040000,2026-08-19T16:18:38.721000+00:00
binance,6582462743,4035601724,BTCUSDT,buy,68674.62000000,0.00040000,2026-08-19T16:18:38.721000+00:00
binance,6582462748,4035601725,BTCUSDT,buy,68675.62000000,0.00018000,2026-08-19T16:18:38.721000+00:00
binance,6582462749,4035601726,BTCUSDT,buy,68675.64000000,0.00016000,2026-08-19T16:18:38.721000+00:00
binance,6582462751,4035601727,BTCUSDT,buy,68675.66000000,0.00008000,2026-08-19T16:18:38.721000+00:00
binance,6582462752,4035601728,BTCUSDT,buy,68676.26000000,0.00017000,2026-08-19T16:18:38.721000+00:00
binance,6582462754,4035601729,BTCUSDT,buy,68676.54000000,0.00009000,2026-08-19T16:18:38.721000+00:00
binance,6582462755,4035601730,BTCUSDT,buy,68677.38000000,0.00008000,2026-08-19T16:18:38.721000+00:00
binance,6582462756,4035601731,BTCUSDT,buy,68677.46000000,0.00008000,2026-08-19T16:18:38.721000+00:00
binance,6582462757,4035601732,BTCUSDT,buy,68677.54000000,0.00115000,2026-08-19T16:18:38.729000+00:00
binance,6582462771,4035601733,BTCUSDT,sell,68677.54000000,0.01790000,2026-08-19T16:18:38.827000+00:00
binance,6582462772,4035601734,BTCUSDT,buy,68677.55000000,0.00030000,2026-08-19T16:18:38.900000+00:00
binance,6582462773,4035601735,BTCUSDT,sell,68677.54000000,0.00010000,2026-08-19T16:18:39.330000+00:00
binance,6582462774,4035601736,BTCUSDT,sell,68677.54000000,0.01363000,2026-08-19T16:18:39.490000+00:00
binance,6582462775,4035601737,BTCUSDT,buy,68677.55000000,0.00055000,2026-08-19T16:18:40.122000+00:00
binance,6582462776,4035601738,BTCUSDT,buy,68677.55000000,0.00043000,2026-08-19T16:18:40.173000+00:00
binance,6582462777,4035601739,BTCUSDT,buy,68677.55000000,0.00817000,2026-08-19T16:18:40.251000+00:00
binance,6582462778,4035601740,BTCUSDT,buy,68677.55000000,0.00319000,2026-08-19T16:18:40.455000+00:00
binance,6582462779,4035601741,BTCUSDT,buy,68677.55000000,0.00101000,2026-08-19T16:18:40.825000+00:00
binance,6582462780,4035601742,BTCUSDT,buy,68677.55000000,0.00007000,2026-08-19T16:18:41.006000+00:00
binance,6582462781,4035601743,BTCUSDT,buy,68677.55000000,0.00013000,2026-08-19T16:18:41.039000+00:00
binance,6582462782,4035601744,BTCUSDT,buy,68677.55000000,0.00898000,2026-08-19T16:18:41.958000+00:00
binance,6582462783,4035601745,BTCUSDT,sell,68677.54000000,0.00036000,2026-08-19T16:18:42.162000+00:00
binance,6582462788,4035601746,BTCUSDT,buy,68677.55000000,0.07589000,2026-08-19T16:18:42.169000+00:00
binance,6582462789,4035601747,BTCUSDT,sell,68677.54000000,0.00164000,2026-08-19T16:18:42.299000+00:00
binance,6582462793,4035601748,BTCUSDT,sell,68677.54000000,0.08120000,2026-08-19T16:18:42.321000+00:00
binance,6582462794,4035601749,BTCUSDT,sell,68677.54000000,0.00110000,2026-08-19T16:18:43.328000+00:00
binance,6582462795,4035601750,BTCUSDT,sell,68677.54000000,0.01265000,2026-08-19T16:18:43.401000+00:00
binance,6582462796,4035601751,BTCUSDT,sell,68677.54000000,0.26088000,2026-08-19T16:18:43.624000+00:00
binance,6582462805,4035601752,BTCUSDT,buy,68677.55000000,0.00727000,2026-08-19T16:18:43.650000+00:00
binance,6582462806,4035601753,BTCUSDT,sell,68677.54000000,0.00148000,2026-08-19T16:18:44.259000+00:00
binance,6582462807,4035601754,BTCUSDT,sell,68677.54000000,0.00145000,2026-08-19T16:18:44.919000+00:00
binance,6582462810,4035601755,BTCUSDT,sell,68677.54000000,0.02094000,2026-08-19T16:18:45.314000+00:00
binance,6582462814,4035601756,BTCUSDT,buy,68677.55000000,0.00059000,2026-08-19T16:18:45.410000+00:00
binance,6582462815,4035601757,BTCUSDT,buy,68677.55000000,0.00500000,2026-08-19T16:18:46.364000+00:00
binance,6582462816,4035601758,BTCUSDT,sell,68677.54000000,0.00089000,2026-08-19T16:18:46.461000+00:00
binance,6582462826,4035601759,BTCUSDT,buy,68677.55000000,0.00010000,2026-08-19T16:18:46.533000+00:00
binance,6582462828,4035601760,BTCUSDT,buy,68677.55000000,0.00400000,2026-08-19T16:18:46.534000+00:00
binance,6582462833,4035601761,BTCUSDT,buy,68677.55000000,0.01000000,2026-08-19T16:18:46.618000+00:00
binance,6582462834,4035601762,BTCUSDT,buy,68677.55000000,0.04000000,2026-08-19T16:18:46.618000+00:00
binance,6582462835,4035601763,BTCUSDT,buy,68677.55000000,0.01600000,2026-08-19T16:18:46.618000+00:00
binance,6582462836,4035601764,BTCUSDT,buy,68677.55000000,0.01000000,2026-08-19T16:18:46.631000+00:00
binance,6582462837,4035601765,BTCUSDT,sell,68677.54000000,0.25274000,2026-08-19T16:18:46.639000+00:00
binance,6582462839,4035601766,BTCUSDT,buy,68677.55000000,0.00394000,2026-08-19T16:18:46.765000+00:00
binance,6582462869,4035601767,BTCUSDT,buy,68677.56000000,0.00064000,2026-08-19T16:18:46.765000+00:00
binance,6582462877,4035601768,BTCUSDT,buy,68679.10000000,0.00008000,2026-08-19T16:18:46.765000+00:00
binance,6582462878,4035601769,BTCUSDT,buy,68679.49000000,0.00016000,2026-08-19T16:18:46.765000+00:00
binance,6582462880,4035601770,BTCUSDT,buy,68679.67000000,0.00223000,2026-08-19T16:18:46.771000+00:00
binance,6582462881,4035601771,BTCUSDT,buy,68679.67000000,0.02900000,2026-08-19T16:18:47.004000+00:00
binance,6582462882,4035601772,BTCUSDT,buy,68679.67000000,0.00203000,2026-08-19T16:18:47.070000+00:00
binance,6582462907,4035601773,BTCUSDT,buy,68679.68000000,0.00032000,2026-08-19T16:18:47.070000+00:00
binance,6582462911,4035601774,BTCUSDT,buy,68679.92000000,0.00016000,2026-08-19T16:18:47.070000+00:00
binance,6582462913,4035601775,BTCUSDT,buy,68680.40000000,0.00008000,2026-08-19T16:18:47.070000+00:00
binance,6582462914,4035601776,BTCUSDT,buy,68680.81000000,0.00008000,2026-08-19T16:18:47.070000+00:00
binance,6582462915,4035601777,BTCUSDT,buy,68682.03000000,0.00024000,2026-08-19T16:18:47.070000+00:00
binance,6582462918,4035601778,BTCUSDT,sell,68682.03000000,0.00152000,2026-08-19T16:18:47.088000+00:00
binance,6582462919,4035601779,BTCUSDT,buy,68682.04000000,0.01100000,2026-08-19T16:18:47.170000+00:00
binance,6582462921,4035601780,BTCUSDT,buy,68682.04000000,0.00300000,2026-08-19T16:18:47.195000+00:00
binance,6582462922,4035601781,BTCUSDT,buy,68682.04000000,0.04000000,2026-08-19T16:18:47.217000+00:00
binance,6582462923,4035601782,BTCUSDT,buy,68682.04000000,0.02000000,2026-08-19T16:18:47.217000+00:00
binance,6582462924,4035601783,BTCUSDT,buy,68682.04000000,0.01000000,2026-08-19T16:18:47.217000+00:00
binance,6582462925,4035601784,BTCUSDT,buy,68682.04000000,0.00010000,2026-08-19T16:18:47.219000+00:00
binance,6582462927,4035601785,BTCUSDT,buy,68682.04000000,0.01800000,2026-08-19T16:18:47.220000+00:00
binance,6582462935,4035601786,BTCUSDT,buy,68682.04000000,0.00900000,2026-08-19T16:18:47.221000+00:00
binance,6582462936,4035601787,BTCUSDT,buy,68682.04000000,0.00071000,2026-08-19T16:18:47.410000+00:00
binance,6582462937,4035601788,BTCUSDT,sell,68682.03000000,0.00169000,2026-08-19T16:18:47.510000+00:00
binance,6582462938,4035601789,BTCUSDT,sell,68682.03000000,3.22507000,2026-08-19T16:18:47.540000+00:00
binance,6582462957,4035601790,BTCUSDT,buy,68682.04000000,0.01800000,2026-08-19T16:18:47.663000+00:00
binance,6582462958,4035601791,BTCUSDT,buy,68682.04000000,0.01100000,2026-08-19T16:18:47.664000+00:00
binance,6582462959,4035601792,BTCUSDT,buy,68682.04000000,0.00300000,2026-08-19T16:18:47.680000+00:00
binance,6582462960,4035601793,BTCUSDT,buy,68682.04000000,0.00900000,2026-08-19T16:18:47.714000+00:00
binance,6582462961,4035601794,BTCUSDT,sell,68682.03000000,0.00619000,2026-08-19T16:18:47.891000+00:00
binance,6582462962,4035601795,BTCUSDT,sell,68682.03000000,0.01556000,2026-08-19T16:18:48.115000+00:00
binance,6582462963,4035601796,BTCUSDT,sell,68682.03000000,0.00130000,2026-08-19T16:18:48.456000+00:00
binance,6582462964,4035601797,BTCUSDT,buy,68682.04000000,0.00436000,2026-08-19T16:18:48.813000+00:00
binance,6582462965,4035601798,BTCUSDT,sell,68682.03000000,0.00146000,2026-08-19T16:18:48.891000+00:00
binance,6582462966,4035601799,BTCUSDT,sell,68682.03000000,0.00180000,2026-08-19T16:18:48.915000+00:00
binance,6582462967,4035601800,BTCUSDT,sell,68682.03000000,0.00144000,2026-08-19T16:18:49.148000+00:00
binance,6582462968,4035601801,BTCUSDT,sell,68682.03000000,0.14560000,2026-08-19T16:18:49.277000+00:00
binance,6582462974,4035601802,BTCUSDT,sell,68682.03000000,0.00010000,2026-08-19T16:18:49.281000+00:00
binance,6582462975,4035601803,BTCUSDT,sell,68682.03000000,0.00566000,2026-08-19T16:18:49.337000+00:00
binance,6582462976,4035601804,BTCUSDT,sell,68682.03000000,0.00584000,2026-08-19T16:18:49.348000+00:00
binance,6582462977,4035601805,BTCUSDT,sell,68682.03000000,0.00860000,2026-08-19T16:18:49.376000+00:00
binance,6582462978,4035601806,BTCUSDT,sell,68682.03000000,0.00370000,2026-08-19T16:18:49.377000+00:00
binance,6582462979,4035601807,BTCUSDT,sell,68682.03000000,0.03859000,2026-08-19T16:18:49.377000+00:00
binance,6582462980,4035601808,BTCUSDT,sell,68682.03000000,0.01680000,2026-08-19T16:18:49.377000+00:00
binance,6582462981,4035601809,BTCUSDT,sell,68682.03000000,0.05280000,2026-08-19T16:18:49.379000+00:00
binance,6582462982,4035601810,BTCUSDT,sell,68682.03000000,0.03417000,2026-08-19T16:18:49.379000+00:00
binance,6582463009,4035601811,BTCUSDT,sell,68682.02000000,0.00032000,2026-08-19T16:18:49.379000+00:00
binance,6582463013,4035601812,BTCUSDT,sell,68681.28000000,0.00014000,2026-08-19T16:18:49.379000+00:00
binance,6582463014,4035601813,BTCUSDT,sell,68679.66000000,0.00095000,2026-08-19T16:18:49.382000+00:00
binance,6582463025,4035601814,BTCUSDT,sell,68679.60000000,0.00024000,2026-08-19T16:18:49.382000+00:00
binance,6582463028,4035601815,BTCUSDT,sell,68679.55000000,0.00025000,2026-08-19T16:18:49.384000+00:00
binance,6582463031,4035601816,BTCUSDT,sell,68679.54000000,0.00122000,2026-08-19T16:18:49.386000+00:00
binance,6582463046,4035601817,BTCUSDT,sell,68679.53000000,0.00024000,2026-08-19T16:18:49.386000+00:00
binance,6582463049,4035601818,BTCUSDT,sell,68677.55000000,0.00058000,2026-08-19T16:18:49.386000+00:00
binance,6582463056,4035601819,BTCUSDT,sell,68677.54000000,0.03265000,2026-08-19T16:18:49.392000+00:00
binance,6582463077,4035601820,BTCUSDT,sell,68677.53000000,0.00056000,2026-08-19T16:18:49.392000+00:00
binance,6582463084,4035601821,BTCUSDT,sell,68676.82000000,0.00024000,2026-08-19T16:18:49.392000+00:00
binance,6582463087,4035601822,BTCUSDT,sell,68676.62000000,0.00016000,2026-08-19T16:18:49.392000+00:00
binance,6582463089,4035601823,BTCUSDT,sell,68676.26000000,0.00008000,2026-08-19T16:18:49.392000+00:00
binance,6582463090,4035601824,BTCUSDT,sell,68675.67000000,0.00008000,2026-08-19T16:18:49.392000+00:00
binance,6582463091,4035601825,BTCUSDT,sell,68674.13000000,0.00024000,2026-08-19T16:18:49.392000+00:00
binance,6582463094,4035601826,BTCUSDT,sell,68674.12000000,0.06156000,2026-08-19T16:18:49.575000+00:00
binance,6582463111,4035601827,BTCUSDT,sell,68674.11000000,0.00040000,2026-08-19T16:18:49.575000+00:00
binance,6582463116,4035601828,BTCUSDT,sell,68673.03000000,0.00017000,2026-08-19T16:18:49.575000+00:00
binance,6582463118,4035601829,BTCUSDT,sell,68672.74000000,0.00016000,2026-08-19T16:18:49.575000+00:00
binance,6582463120,4035601830,BTCUSDT,sell,68672.73000000,0.00024000,2026-08-19T16:18:49.575000+00:00
binance,6582463123,4035601831,BTCUSDT,sell,68672.72000000,0.04368000,2026-08-19T16:18:49.575000+00:00
binance,6582463124,4035601832,BTCUSDT,sell,68671.33000000,0.00040000,2026-08-19T16:18:49.575000+00:00
binance,6582463129,4035601833,BTCUSDT,sell,68671.31000000,0.00024000,2026-08-19T16:18:49.575000+00:00
binance,6582463132,4035601834,BTCUSDT,buy,68671.31000000,0.00011000,2026-08-19T16:18:49.638000+00:00
binance,6582463133,4035601835,BTCUSDT,buy,68671.31000000,0.00070000,2026-08-19T16:18:49.738000+00:00
binance,6582463134,4035601836,BTCUSDT,sell,68671.30000000,0.00017000,2026-08-19T16:18:50.533000+00:00
binance,6582463135,4035601837,BTCUSDT,sell,68671.30000000,0.00330000,2026-08-19T16:18:50.764000+00:00
binance,6582463136,4035601838,BTCUSDT,sell,68671.30000000,0.00811000,2026-08-19T16:18:50.864000+00:00
binance,6582463137,4035601839,BTCUSDT,buy,68671.31000000,0.00008000,2026-08-19T16:18:51.086000+00:00
binance,6582463138,4035601840,BTCUSDT,sell,68671.30000000,0.05788000,2026-08-19T16:18:51.565000+00:00
binance,6582463139,4035601841,BTCUSDT,buy,68671.31000000,0.02911000,2026-08-19T16:18:51.584000+00:00
binance,6582463140,4035601842,BTCUSDT,sell,68671.30000000,0.00145000,2026-08-19T16:18:51.762000+00:00
binance,6582463141,4035601843,BTCUSDT,sell,68671.30000000,0.00306000,2026-08-19T16:18:51.795000+00:00
binance,6582463142,4035601844,BTCUSDT,sell,68671.30000000,1.73695000,2026-08-19T16:18:52.503000+00:00
binance,6582463196,4035601845,BTCUSDT,buy,68671.30000000,0.00087000,2026-08-19T16:18:52.504000+00:00
binance,6582463197,4035601846,BTCUSDT,buy,68671.30000000,0.00014000,2026-08-19T16:18:52.570000+00:00
binance,6582463198,4035601847,BTCUSDT,sell,68671.29000000,0.00103000,2026-08-19T16:18:52.915000+00:00
binance,6582463202,4035601848,BTCUSDT,buy,68671.30000000,0.00267000,2026-08-19T16:18:53.414000+00:00
binance,6582463203,4035601849,BTCUSDT,sell,68671.29000000,0.01303000,2026-08-19T16:18:53.849000+00:00
binance,6582463204,4035601850,BTCUSDT,sell,68671.29000000,0.00058000,2026-08-19T16:18:53.999000+00:00
binance,6582463205,4035601851,BTCUSDT,sell,68671.29000000,0.00445000,2026-08-19T16:18:54.634000+00:00
binance,6582463206,4035601852,BTCUSDT,sell,68671.29000000,0.02598000,2026-08-19T16:18:54.783000+00:00
binance,6582463207,4035601853,BTCUSDT,sell,68671.29000000,0.00446000,2026-08-19T16:18:54.850000+00:00
binance,6582463209,4035601854,BTCUSDT,buy,68671.30000000,0.00035000,2026-08-19T16:18:54.965000+00:00
binance,6582463210,4035601855,BTCUSDT,sell,68671.29000000,0.00079000,2026-08-19T16:18:55.231000+00:00
binance,6582463211,4035601856,BTCUSDT,buy,68671.30000000,0.00269000,2026-08-19T16:18:55.250000+00:00
binance,6582463212,4035601857,BTCUSDT,buy,68671.30000000,0.00193000,2026-08-19T16:18:55.253000+00:00
binance,6582463213,4035601858,BTCUSDT,buy,68671.30000000,0.00280000,2026-08-19T16:18:55.395000+00:00
binance,6582463214,4035601859,BTCUSDT,buy,68671.30000000,0.00100000,2026-08-19T16:18:55.410000+00:00
binance,6582463215,4035601860,BTCUSDT,sell,68671.29000000,0.03806000,2026-08-19T16:18:55.527000+00:00
binance,6582463216,4035601861,BTCUSDT,sell,68671.29000000,0.00096000,2026-08-19T16:18:55.555000+00:00
binance,6582463217,4035601862,BTCUSDT,buy,68671.30000000,0.00100000,2026-08-19T16:18:55.680000+00:00
binance,6582463218,4035601863,BTCUSDT,buy,68671.30000000,0.01300000,2026-08-19T16:18:55.690000+00:00
binance,6582463219,4035601864,BTCUSDT,buy,68671.30000000,0.01000000,2026-08-19T16:18:55.889000+00:00
binance,6582463220,4035601865,BTCUSDT,buy,68671.30000000,0.00200000,2026-08-19T16:18:55.889000+00:00
binance,6582463221,4035601866,BTCUSDT,buy,68671.30000000,0.02600000,2026-08-19T16:18:55.889000+00:00
binance,6582463222,4035601867,BTCUSDT,buy,68671.30000000,0.01800000,2026-08-19T16:18:55.901000+00:00
binance,6582463223,4035601868,BTCUSDT,buy,68671.30000000,0.04900000,2026-08-19T16:18:55.901000+00:00
binance,6582463224,4035601869,BTCUSDT,buy,68671.30000000,0.00200000,2026-08-19T16:18:55.941000+00:00
binance,6582463225,4035601870,BTCUSDT,sell,68671.29000000,0.02994000,2026-08-19T16:18:55.949000+00:00
binance,6582463226,4035601871,BTCUSDT,buy,68671.30000000,0.02900000,2026-08-19T16:18:55.957000+00:00
binance,6582463227,4035601872,BTCUSDT,buy,68671.30000000,0.00149000,2026-08-19T16:18:55.963000+00:00
binance,6582463228,4035601873,BTCUSDT,buy,68671.30000000,0.00200000,2026-08-19T16:18:56.377000+00:00
binance,6582463229,4035601874,BTCUSDT,buy,68671.30000000,0.08852000,2026-08-19T16:18:56.532000+00:00
binance,6582463230,4035601875,BTCUSDT,sell,68671.29000000,0.04382000,2026-08-19T16:18:56.919000+00:00
binance,6582463231,4035601876,BTCUSDT,buy,68671.30000000,0.00015000,2026-08-19T16:18:56.945000+00:00
binance,6582463232,4035601877,BTCUSDT,buy,68671.30000000,0.01800000,2026-08-19T16:18:57.048000+00:00
binance,6582463234,4035601878,BTCUSDT,buy,68671.30000000,0.00082000,2026-08-19T16:18:57.648000+00:00
binance,6582463235,4035601879,BTCUSDT,sell,68671.29000000,1.20013000,2026-08-19T16:18:57.801000+00:00
binance,6582463263,4035601880,BTCUSDT,buy,68671.30000000,0.00745000,2026-08-19T16:18:58.035000+00:00
binance,6582463264,4035601881,BTCUSDT,sell,68671.29000000,0.00014000,2026-08-19T16:18:58.659000+00:00
binance,6582463265,4035601882,BTCUSDT,buy,68671.30000000,0.00727000,2026-08-19T16:18:59.461000+00:00
binance,6582463266,4035601883,BTCUSDT,buy,68671.30000000,0.00247000,2026-08-19T16:18:59.510000+00:00
binance,6582463267,4035601884,BTCUSDT,sell,68671.29000000,0.00067000,2026-08-19T16:18:59.517000+00:00
binance,6582463268,4035601885,BTCUSDT,sell,68671.29000000,0.15850000,2026-08-19T16:18:59.592000+00:00
binance,6582463284,4035601886,BTCUSDT,sell,68671.29000000,1.00000000,2026-08-19T16:18:59.705000+00:00
binance,6582463296,4035601887,BTCUSDT,buy,68671.30000000,0.00255000,2026-08-19T16:18:59.744000+00:00
binance,6582463297,4035601888,BTCUSDT,sell,68671.29000000,1.02521000,2026-08-19T16:18:59.777000+00:00
binance,6582463326,4035601889,BTCUSDT,sell,68671.29000000,0.00350000,2026-08-19T16:18:59.784000+00:00
binance,6582463331,4035601890,BTCUSDT,sell,68671.29000000,0.04091000,2026-08-19T16:19:00.009000+00:00
binance,6582463338,4035601891,BTCUSDT,buy,68671.30000000,0.00334000,2026-08-19T16:19:00.228000+00:00
binance,6582463339,4035601892,BTCUSDT,buy,68671.30000000,0.00010000,2026-08-19T16:19:00.255000+00:00
binance,6582463340,4035601893,BTCUSDT,buy,68671.30000000,0.01000000,2026-08-19T16:19:00.257000+00:00
binance,6582463343,4035601894,BTCUSDT,buy,68671.30000000,0.02000000,2026-08-19T16:19:00.257000+00:00
binance,6582463344,4035601895,BTCUSDT,buy,68671.30000000,0.04000000,2026-08-19T16:19:00.257000+00:00
binance,6582463345,4035601896,BTCUSDT,buy,68671.30000000,0.01800000,2026-08-19T16:19:00.261000+00:00
binance,6582463352,4035601897,BTCUSDT,buy,68671.30000000,0.00900000,2026-08-19T16:19:00.261000+00:00
binance,6582463353,4035601898,BTCUSDT,buy,68671.30000000,0.01100000,2026-08-19T16:19:00.262000+00:00
binance,6582463362,4035601899,BTCUSDT,buy,68671.30000000,0.02371000,2026-08-19T16:19:00.264000+00:00
binance,6582463389,4035601900,BTCUSDT,buy,68671.31000000,0.00788000,2026-08-19T16:19:00.265000+00:00
binance,6582463394,4035601901,BTCUSDT,buy,68671.31000000,0.01000000,2026-08-19T16:19:00.271000+00:00
binance,6582463395,4035601902,BTCUSDT,buy,68671.31000000,0.00860000,2026-08-19T16:19:00.277000+00:00
binance,6582463396,4035601903,BTCUSDT,buy,68671.31000000,0.02746000,2026-08-19T16:19:00.277000+00:00
binance,6582463419,4035601904,BTCUSDT,buy,68671.32000000,0.00088000,2026-08-19T16:19:00.277000+00:00
binance,6582463430,4035601905,BTCUSDT,buy,68672.36000000,0.00219000,2026-08-19T16:19:00.279000+00:00
binance,6582463437,4035601906,BTCUSDT,buy,68673.03000000,0.00008000,2026-08-19T16:19:00.279000+00:00
binance,6582463438,4035601907,BTCUSDT,buy,68673.66000000,0.00146000,2026-08-19T16:19:00.287000+00:00
binance,6582463456,4035601908,BTCUSDT,buy,68673.67000000,0.00226000,2026-08-19T16:19:00.293000+00:00
binance,6582463484,4035601909,BTCUSDT,buy,68673.68000000,0.00056000,2026-08-19T16:19:00.293000+00:00
binance,6582463491,4035601910,BTCUSDT,buy,68673.80000000,0.00008000,2026-08-19T16:19:00.293000+00:00
binance,6582463492,4035601911,BTCUSDT,buy,68673.81000000,0.00140000,2026-08-19T16:19:00.299000+00:00
binance,6582463507,4035601912,BTCUSDT,buy,68673.82000000,0.00032000,2026-08-19T16:19:00.299000+00:00
binance,6582463511,4035601913,BTCUSDT,buy,68674.07000000,0.00122000,2026-08-19T16:19:00.305000+00:00
binance,6582463526,4035601914,BTCUSDT,buy,68674.08000000,0.00040000,2026-08-19T16:19:00.305000+00:00
binance,6582463531,4035601915,BTCUSDT,buy,68674.12000000,0.00024000,2026-08-19T16:19:00.305000+00:00
binance,6582463534,4035601916,BTCUSDT,buy,68674.13000000,0.03215000,2026-08-19T16:19:00.305000+00:00
binance,6582463543,4035601917,BTCUSDT,buy,68676.00000000,0.00146000,2026-08-19T16:19:00.375000+00:00
binance,6582463560,4035601918,BTCUSDT,buy,68676.01000000,0.00040000,2026-08-19T16:19:00.375000+00:00
binance,6582463565,4035601919,BTCUSDT,buy,68676.02000000,0.00016000,2026-08-19T16:19:00.375000+00:00
binance,6582463567,4035601920,BTCUSDT,buy,68676.03000000,0.00016000,2026-08-19T16:19:00.375000+00:00
binance,6582463569,4035601921,BTCUSDT,buy,68676.26000000,0.00008000,2026-08-19T16:19:00.375000+00:00
binance,6582463570,4035601922,BTCUSDT,buy,68677.13000000,0.00016000,2026-08-19T16:19:00.375000+00:00
binance,6582463572,4035601923,BTCUSDT,buy,68677.38000000,0.00008000,2026-08-19T16:19:00.375000+00:00
binance,6582463573,4035601924,BTCUSDT,buy,68677.55000000,0.00040000,2026-08-19T16:19:00.375000+00:00
binance,6582463578,4035601925,BTCUSDT,buy,68678.36000000,0.00024000,2026-08-19T16:19:00.375000+00:00
binance,6582463581,4035601926,BTCUSDT,buy,68678.37000000,0.05923000,2026-08-19T16:19:00.375000+00:00
binance,6582463583,4035601927,BTCUSDT,buy,68679.10000000,0.00008000,2026-08-19T16:19:00.375000+00:00
binance,6582463584,4035601928,BTCUSDT,buy,68679.49000000,0.00025000,2026-08-19T16:19:00.375000+00:00
binance,6582463587,4035601929,BTCUSDT,buy,68679.55000000,0.00016000,2026-08-19T16:19:00.375000+00:00
binance,6582463589,4035601930,BTCUSDT,buy,68679.60000000,0.00040000,2026-08-19T16:19:00.375000+00:00
binance,6582463594,4035601931,BTCUSDT,buy,68679.66000000,0.00040000,2026-08-19T16:19:00.375000+00:00
binance,6582463599,4035601932,BTCUSDT,buy,68679.67000000,0.00016000,2026-08-19T16:19:00.375000+00:00
binance,6582463601,4035601933,BTCUSDT,buy,68680.47000000,0.00032000,2026-08-19T16:19:00.375000+00:00
binance,6582463605,4035601934,BTCUSDT,buy,68680.81000000,0.00008000,2026-08-19T16:19:00.375000+00:00
binance,6582463606,4035601935,BTCUSDT,buy,68680.98000000,0.00032000,2026-08-19T16:19:00.375000+00:00
binance,6582463610,4035601936,BTCUSDT,buy,68680.99000000,0.01100000,2026-08-19T16:19:00.387000+00:00
binance,6582463620,4035601937,BTCUSDT,buy,68680.99000000,0.00900000,2026-08-19T16:19:00.388000+00:00
binance,6582463621,4035601938,BTCUSDT,buy,68680.99000000,0.00300000,2026-08-19T16:19:00.427000+00:00
binance,6582463624,4035601939,BTCUSDT,sell,68680.98000000,0.00142000,2026-08-19T16:19:00.467000+00:00
binance,6582463625,4035601940,BTCUSDT,sell,68680.98000000,0.00367000,2026-08-19T16:19:00.491000+00:00
binance,6582463626,4035601941,BTCUSDT,buy,68680.99000000,0.00105000,2026-08-19T16:19:00.665000+00:00
binance,6582463627,4035601942,BTCUSDT,buy,68680.99000000,0.00072000,2026-08-19T16:19:00.692000+00:00
binance,6582463628,4035601943,BTCUSDT,sell,68680.98000000,0.07227000,2026-08-19T16:19:00.791000+00:00
binance,6582463629,4035601944,BTCUSDT,sell,68680.98000000,0.00018000,2026-08-19T16:19:00.795000+00:00
binance,6582463630,4035601945,BTCUSDT,sell,68680.98000000,0.00016000,2026-08-19T16:19:00.876000+00:00
binance,6582463631,4035601946,BTCUSDT,sell,68680.98000000,0.01931000,2026-08-19T16:19:00.893000+00:00
binance,6582463632,4035601947,BTCUSDT,sell,68680.98000000,0.00280000,2026-08-19T16:19:01.302000+00:00
binance,6582463633,4035601948,BTCUSDT,sell,68680.98000000,0.09334000,2026-08-19T16:19:01.874000+00:00
binance,6582463634,4035601949,BTCUSDT,sell,68680.98000000,0.23571000,2026-08-19T16:19:02.058000+00:00
binance,6582463636,4035601950,BTCUSDT,sell,68680.98000000,0.00297000,2026-08-19T16:19:02.650000+00:00
binance,6582463637,4035601951,BTCUSDT,buy,68680.99000000,0.00407000,2026-08-19T16:19:02.912000+00:00
binance,6582463638,4035601952,BTCUSDT,buy,68680.99000000,0.02913000,2026-08-19T16:19:02.917000+00:00
binance,6582463639,4035601953,BTCUSDT,buy,68680.99000000,0.01174000,2026-08-19T16:19:02.938000+00:00
binance,6582463640,4035601954,BTCUSDT,buy,68680.99000000,0.00150000,2026-08-19T16:19:03.146000+00:00
binance,6582463641,4035601955,BTCUSDT,buy,68680.99000000,0.00064000,2026-08-19T16:19:03.363000+00:00
binance,6582463642,4035601956,BTCUSDT,buy,68680.99000000,0.00008000,2026-08-19T16:19:03.512000+00:00
binance,6582463643,4035601957,BTCUSDT,sell,68680.98000000,0.00107000,2026-08-19T16:19:03.607000+00:00
binance,6582463644,4035601958,BTCUSDT,sell,68680.98000000,0.00512000,2026-08-19T16:19:03.824000+00:00
binance,6582463645,4035601959,BTCUSDT,sell,68680.98000000,0.00058000,2026-08-19T16:19:04.113000+00:00
binance,6582463646,4035601960,BTCUSDT,sell,68680.98000000,0.00022000,2026-08-19T16:19:04.583000+00:00
binance,6582463647,4035601961,BTCUSDT,buy,68680.99000000,0.00171000,2026-08-19T16:19:04.739000+00:00
binance,6582463648,4035601962,BTCUSDT,buy,68680.99000000,0.00030000,2026-08-19T16:19:04.795000+00:00
binance,6582463649,4035601963,BTCUSDT,buy,68680.99000000,0.00068000,2026-08-19T16:19:04.885000+00:00
binance,6582463650,4035601964,BTCUSDT,sell,68680.98000000,0.41058000,2026-08-19T16:19:04.929000+00:00
binance,6582463656,4035601965,BTCUSDT,buy,68680.99000000,0.00210000,2026-08-19T16:19:04.939000+00:00
binance,6582463657,4035601966,BTCUSDT,sell,68680.98000000,0.00050000,2026-08-19T16:19:04.988000+00:00
binance,6582463658,4035601967,BTCUSDT,sell,68680.98000000,0.00049000,2026-08-19T16:19:05.088000+00:00
binance,6582463659,4035601968,BTCUSDT,sell,68680.98000000,0.00016000,2026-08-19T16:19:05.171000+00:00
binance,6582463660,4035601969,BTCUSDT,buy,68680.99000000,0.00030000,2026-08-19T16:19:05.213000+00:00
binance,6582463661,4035601970,BTCUSDT,sell,68680.98000000,0.00266000,2026-08-19T16:19:05.559000+00:00
binance,6582463662,4035601971,BTCUSDT,sell,68680.98000000,0.00180000,2026-08-19T16:19:05.965000+00:00
binance,6582463663,4035601972,BTCUSDT,buy,68680.99000000,0.00014000,2026-08-19T16:19:06.543000+00:00
binance,6582463664,4035601973,BTCUSDT,sell,68680.98000000,0.00100000,2026-08-19T16:19:07.052000+00:00
binance,6582463665,4035601974,BTCUSDT,buy,68680.99000000,0.03738000,2026-08-19T16:19:07.133000+00:00
binance,6582463666,4035601975,BTCUSDT,sell,68680.98000000,0.00390000,2026-08-19T16:19:08.176000+00:00
binance,6582463667,4035601976,BTCUSDT,sell,68680.98000000,0.06610000,2026-08-19T16:19:08.374000+00:00
binance,6582463668,4035601977,BTCUSDT,sell,68680.98000000,0.00010000,2026-08-19T16:19:08.505000+00:00
binance,6582463669,4035601978,BTCUSDT,sell,68680.98000000,0.00165000,2026-08-19T16:19:08.645000+00:00
binance,6582463670,4035601979,BTCUSDT,sell,68680.98000000,0.03169000,2026-08-19T16:19:08.927000+00:00
binance,6582463671,4035601980,BTCUSDT,sell,68680.98000000,0.02434000,2026-08-19T16:19:08.985000+00:00
binance,6582463672,4035601981,BTCUSDT,sell,68680.98000000,0.00019000,2026-08-19T16:19:09.401000+00:00
binance,6582463673,4035601982,BTCUSDT,buy,68680.99000000,0.00218000,2026-08-19T16:19:09.438000+00:00
binance,6582463681,4035601983,BTCUSDT,buy,68680.99000000,0.00318000,2026-08-19T16:19:09.552000+00:00
binance,6582463682,4035601984,BTCUSDT,sell,68680.98000000,0.00106000,2026-08-19T16:19:09.848000+00:00
binance,6582463683,4035601985,BTCUSDT,sell,68680.98000000,0.00168000,2026-08-19T16:19:09.950000+00:00
binance,6582463684,4035601986,BTCUSDT,sell,68680.98000000,0.14561000,2026-08-19T16:19:09.979000+00:00
binance,6582463698,4035601987,BTCUSDT,sell,68680.98000000,0.38960000,2026-08-19T16:19:09.979000+00:00
binance,6582463708,4035601988,BTCUSDT,sell,68680.98000000,0.00010000,2026-08-19T16:19:09.984000+00:00
binance,6582463709,4035601989,BTCUSDT,sell,68680.98000000,0.04550000,2026-08-19T16:19:09.985000+00:00
binance,6582463710,4035601990,BTCUSDT,sell,68680.98000000,0.11958000,2026-08-19T16:19:10.008000+00:00
binance,6582463747,4035601991,BTCUSDT,sell,68680.97000000,0.00056000,2026-08-19T16:19:10.008000+00:00
binance,6582463754,4035601992,BTCUSDT,sell,68680.97000000,0.00018000,2026-08-19T16:19:10.009000+00:00
binance,6582463756,4035601993,BTCUSDT,sell,68680.55000000,0.00057000,2026-08-19T16:19:10.011000+00:00
binance,6582463763,4035601994,BTCUSDT,sell,68680.34000000,0.00016000,2026-08-19T16:19:10.011000+00:00
binance,6582463765,4035601995,BTCUSDT,sell,68679.68000000,0.00024000,2026-08-19T16:19:10.011000+00:00
binance,6582463768,4035601996,BTCUSDT,sell,68679.67000000,0.00721000,2026-08-19T16:19:10.015000+00:00
binance,6582463769,4035601997,BTCUSDT,sell,68679.67000000,0.05600000,2026-08-19T16:19:10.017000+00:00
binance,6582463786,4035601998,BTCUSDT,sell,68679.66000000,0.00016000,2026-08-19T16:19:10.017000+00:00
binance,6582463788,4035601999,BTCUSDT,sell,68679.49000000,0.00008000,2026-08-19T16:19:10.018000+00:00
binance,6582463789,4035602000,BTCUSDT,sell,68679.03000000,0.00008000,2026-08-19T16:19:10.018000+00:00
binance,6582463790,4035602001,BTCUSDT,sell,68678.57000000,0.00032000,2026-08-19T16:19:10.018000+00:00
binance,6582463794,4035602002,BTCUSDT,sell,68677.66000000,0.00008000,2026-08-19T16:19:10.018000+00:00
binance,6582463795,4035602003,BTCUSDT,sell,68677.55000000,0.00582000,2026-08-19T16:19:10.018000+00:00
binance,6582463796,4035602004,BTCUSDT,sell,68677.39000000,0.00008000,2026-08-19T16:19:10.018000+00:00
binance,6582463797,4035602005,BTCUSDT,sell,68677.27000000,0.00024000,2026-08-19T16:19:10.018000+00:00
binance,6582463800,4035602006,BTCUSDT,sell,68677.26000000,0.05805000,2026-08-19T16:19:10.018000+00:00
binance,6582463801,4035602007,BTCUSDT,sell,68676.26000000,0.00008000,2026-08-19T16:19:10.018000+00:00
binance,6582463802,4035602008,BTCUSDT,sell,68676.00000000,0.00024000,2026-08-19T16:19:10.018000+00:00
binance,6582463805,4035602009,BTCUSDT,sell,68675.99000000,0.00104000,2026-08-19T16:19:10.018000+00:00
binance,6582463818,4035602010,BTCUSDT,sell,68675.80000000,0.00024000,2026-08-19T16:19:10.018000+00:00
binance,6582463821,4035602011,BTCUSDT,sell,68675.79000000,0.02000000,2026-08-19T16:19:10.018000+00:00
binance,6582463822,4035602012,BTCUSDT,sell,68675.67000000,0.00008000,2026-08-19T16:19:10.018000+00:00
binance,6582463823,4035602013,BTCUSDT,sell,68674.11000000,0.00009000,2026-08-19T16:19:10.018000+00:00
binance,6582463824,4035602014,BTCUSDT,sell,68674.07000000,0.00021000,2026-08-19T16:19:10.018000+00:00
binance,6582463825,4035602015,BTCUSDT,sell,68674.06000000,0.00016000,2026-08-19T16:19:10.018000+00:00
binance,6582463827,4035602016,BTCUSDT,sell,68673.96000000,0.00008000,2026-08-19T16:19:10.018000+00:00
binance,6582463828,4035602017,BTCUSDT,sell,68673.80000000,0.00008000,2026-08-19T16:19:10.018000+00:00
binance,6582463829,4035602018,BTCUSDT,sell,68673.03000000,0.00008000,2026-08-19T16:19:10.018000+00:00
binance,6582463830,4035602019,BTCUSDT,sell,68672.40000000,0.00009000,2026-08-19T16:19:10.018000+00:00
binance,6582463831,4035602020,BTCUSDT,sell,68672.35000000,0.00024000,2026-08-19T16:19:10.018000+00:00
binance,6582463834,4035602021,BTCUSDT,sell,68672.34000000,0.02138000,2026-08-19T16:19:10.176000+00:00
binance,6582463851,4035602022,BTCUSDT,sell,68672.33000000,0.00016000,2026-08-19T16:19:10.176000+00:00
binance,6582463853,4035602023,BTCUSDT,sell,68671.50000000,0.00016000,2026-08-19T16:19:10.176000+00:00
binance,6582463855,4035602024,BTCUSDT,sell,68671.29000000,0.00011000,2026-08-19T16:19:10.176000+00:00
binance,6582463856,4035602025,BTCUSDT,sell,68670.32000000,0.00087000,2026-08-19T16:19:10.176000+00:00
binance,6582463857,4035602026,BTCUSDT,sell,68670.06000000,0.00024000,2026-08-19T16:19:10.176000+00:00
binance,6582463860,4035602027,BTCUSDT,sell,68670.05000000,0.04338000,2026-08-19T16:19:10.368000+00:00
binance,6582463878,4035602028,BTCUSDT,sell,68670.04000000,0.00048000,2026-08-19T16:19:10.368000+00:00
binance,6582463884,4035602029,BTCUSDT,sell,68669.80000000,0.00008000,2026-08-19T16:19:10.368000+00:00
binance,6582463885,4035602030,BTCUSDT,sell,68668.82000000,0.00115000,2026-08-19T16:19:10.387000+00:00
binance,6582463899,4035602031,BTCUSDT,sell,68668.81000000,0.00072000,2026-08-19T16:19:10.387000+00:00
binance,6582463908,4035602032,BTCUSDT,sell,68668.78000000,0.00024000,2026-08-19T16:19:10.387000+00:00
binance,6582463911,4035602033,BTCUSDT,sell,68668.69000000,0.00018000,2026-08-19T16:19:10.387000+00:00
binance,6582463912,4035602034,BTCUSDT,sell,68668.66000000,0.00016000,2026-08-19T16:19:10.387000+00:00
binance,6582463914,4035602035,BTCUSDT,sell,68668.36000000,0.00021000,2026-08-19T16:19:10.387000+00:00
binance,6582463915,4035602036,BTCUSDT,sell,68667.17000000,0.00024000,2026-08-19T16:19:10.387000+00:00
binance,6582463918,4035602037,BTCUSDT,sell,68667.16000000,0.02000000,2026-08-19T16:19:10.387000+00:00
binance,6582463919,4035602038,BTCUSDT,sell,68666.97000000,0.04368000,2026-08-19T16:19:10.387000+00:00
binance,6582463920,4035602039,BTCUSDT,sell,68666.57000000,0.00008000,2026-08-19T16:19:10.387000+00:00
binance,6582463921,4035602040,BTCUSDT,sell,68666.37000000,0.00016000,2026-08-19T16:19:10.387000+00:00
binance,6582463923,4035602041,BTCUSDT,sell,68665.97000000,0.00009000,2026-08-19T16:19:10.387000+00:00
binance,6582463924,4035602042,BTCUSDT,sell,68665.92000000,0.00009000,2026-08-19T16:19:10.387000+00:00
binance,6582463925,4035602043,BTCUSDT,sell,68665.37000000,0.00008000,2026-08-19T16:19:10.387000+00:00
binance,6582463926,4035602044,BTCUSDT,sell,68665.35000000,0.00024000,2026-08-19T16:19:10.387000+00:00
binance,6582463929,4035602045,BTCUSDT,sell,68665.34000000,0.00009000,2026-08-19T16:19:10.389000+00:00
binance,6582463931,4035602046,BTCUSDT,buy,68665.35000000,0.00029000,2026-08-19T16:19:10.439000+00:00
binance,6582463932,4035602047,BTCUSDT,buy,68665.35000000,0.00030000,2026-08-19T16:19:10.458000+00:00
binance,6582463933,4035602048,BTCUSDT,buy,68665.35000000,0.00080000,2026-08-19T16:19:10.552000+00:00
binance,6582463934,4035602049,BTCUSDT,buy,68665.35000000,0.00030000,2026-08-19T16:19:10.569000+00:00
binance,6582463935,4035602050,BTCUSDT,buy,68665.35000000,0.00030000,2026-08-19T16:19:10.666000+00:00
binance,6582463936,4035602051,BTCUSDT,buy,68665.35000000,0.00049000,2026-08-19T16:19:10.684000+00:00
binance,6582463937,4035602052,BTCUSDT,buy,68665.35000000,0.00030000,2026-08-19T16:19:10.733000+00:00
binance,6582463938,4035602053,BTCUSDT,buy,68665.35000000,0.00030000,2026-08-19T16:19:10.806000+00:00
binance,6582463939,4035602054,BTCUSDT,buy,68665.35000000,0.00384000,2026-08-19T16:19:10.856000+00:00
binance,6582463940,4035602055,BTCUSDT,buy,68665.35000000,0.00030000,2026-08-19T16:19:10.895000+00:00
binance,6582463941,4035602056,BTCUSDT,sell,68665.34000000,0.00014000,2026-08-19T16:19:10.952000+00:00
binance,6582463943,4035602057,BTCUSDT,buy,68665.35000000,0.00030000,2026-08-19T16:19:10.978000+00:00
binance,6582463944,4035602058,BTCUSDT,buy,68665.35000000,0.00011000,2026-08-19T16:19:11.242000+00:00
binance,6582463945,4035602059,BTCUSDT,buy,68665.35000000,0.00030000,2026-08-19T16:19:11.262000+00:00
binance,6582463946,4035602060,BTCUSDT,sell,68665.34000000,0.00029000,2026-08-19T16:19:11.401000+00:00
binance,6582463947,4035602061,BTCUSDT,sell,68665.34000000,0.00043000,2026-08-19T16:19:11.628000+00:00
binance,6582463948,4035602062,BTCUSDT,sell,68665.34000000,0.00010000,2026-08-19T16:19:11.656000+00:00
binance,6582463950,4035602063,BTCUSDT,sell,68665.34000000,0.00821000,2026-08-19T16:19:11.803000+00:00
binance,6582463953,4035602064,BTCUSDT,buy,68665.35000000,0.00030000,2026-08-19T16:19:11.872000+00:00
binance,6582463954,4035602065,BTCUSDT,sell,68665.34000000,0.00094000,2026-08-19T16:19:12.352000+00:00
binance,6582463955,4035602066,BTCUSDT,buy,68665.35000000,0.02914000,2026-08-19T16:19:12.364000+00:00
binance,6582463956,4035602067,BTCUSDT,buy,68665.35000000,0.00030000,2026-08-19T16:19:12.476000+00:00
binance,6582463957,4035602068,BTCUSDT,buy,68665.35000000,0.02000000,2026-08-19T16:19:12.636000+00:00
binance,6582463958,4035602069,BTCUSDT,sell,68665.34000000,0.00030000,2026-08-19T16:19:12.636000+00:00
binance,6582463959,4035602070,BTCUSDT,buy,68665.35000000,0.01600000,2026-08-19T16:19:12.638000+00:00
binance,6582463960,4035602071,BTCUSDT,buy,68665.35000000,0.02000000,2026-08-19T16:19:12.638000+00:00
binance,6582463961,4035602072,BTCUSDT,buy,68665.35000000,0.02400000,2026-08-19T16:19:12.640000+00:00
binance,6582463962,4035602073,BTCUSDT,buy,68665.35000000,0.00692000,2026-08-19T16:19:12.642000+00:00
binance,6582463963,4035602074,BTCUSDT,buy,68665.35000000,0.08000000,2026-08-19T16:19:12.643000+00:00
binance,6582463964,4035602075,BTCUSDT,buy,68665.35000000,0.03297000,2026-08-19T16:19:12.644000+00:00
binance,6582463983,4035602076,BTCUSDT,buy,68665.36000000,0.00008000,2026-08-19T16:19:12.644000+00:00
binance,6582463984,4035602077,BTCUSDT,buy,68666.12000000,0.00120000,2026-08-19T16:19:12.644000+00:00
binance,6582463985,4035602078,BTCUSDT,buy,68666.21000000,0.00010000,2026-08-19T16:19:12.649000+00:00
binance,6582463987,4035602079,BTCUSDT,sell,68666.20000000,0.00046000,2026-08-19T16:19:12.654000+00:00
binance,6582463988,4035602080,BTCUSDT,buy,68666.21000000,0.00034000,2026-08-19T16:19:12.655000+00:00
binance,6582463992,4035602081,BTCUSDT,buy,68666.22000000,0.16000000,2026-08-19T16:19:12.715000+00:00
binance,6582463993,4035602082,BTCUSDT,buy,68666.22000000,0.00300000,2026-08-19T16:19:12.736000+00:00
binance,6582463994,4035602083,BTCUSDT,buy,68666.22000000,0.00043000,2026-08-19T16:19:12.745000+00:00
binance,6582463999,4035602084,BTCUSDT,buy,68666.23000000,0.00008000,2026-08-19T16:19:12.745000+00:00
binance,6582464000,4035602085,BTCUSDT,buy,68666.57000000,0.00008000,2026-08-19T16:19:12.745000+00:00
binance,6582464001,4035602086,BTCUSDT,buy,68666.66000000,0.00008000,2026-08-19T16:19:12.745000+00:00
binance,6582464002,4035602087,BTCUSDT,buy,68666.95000000,0.00024000,2026-08-19T16:19:12.745000+00:00
binance,6582464005,4035602088,BTCUSDT,buy,68666.96000000,0.02629000,2026-08-19T16:19:12.745000+00:00
binance,6582464007,4035602089,BTCUSDT,buy,68667.05000000,0.00291000,2026-08-19T16:19:12.745000+00:00
binance,6582464008,4035602090,BTCUSDT,buy,68667.34000000,0.00008000,2026-08-19T16:19:12.745000+00:00
binance,6582464009,4035602091,BTCUSDT,buy,68668.57000000,0.00024000,2026-08-19T16:19:12.745000+00:00
binance,6582464012,4035602092,BTCUSDT,buy,68668.58000000,0.02000000,2026-08-19T16:19:12.767000+00:00
binance,6582464014,4035602093,BTCUSDT,buy,68668.58000000,0.00043000,2026-08-19T16:19:12.780000+00:00
binance,6582464019,4035602094,BTCUSDT,buy,68668.59000000,0.00008000,2026-08-19T16:19:12.780000+00:00
binance,6582464020,4035602095,BTCUSDT,buy,68669.80000000,0.00008000,2026-08-19T16:19:12.780000+00:00
binance,6582464021,4035602096,BTCUSDT,buy,68670.00000000,0.00016000,2026-08-19T16:19:12.780000+00:00
binance,6582464022,4035602097,BTCUSDT,buy,68670.06000000,0.00015000,2026-08-19T16:19:12.780000+00:00
binance,6582464023,4035602098,BTCUSDT,buy,68670.94000000,0.00024000,2026-08-19T16:19:12.780000+00:00
binance,6582464026,4035602099,BTCUSDT,buy,68670.95000000,0.05895000,2026-08-19T16:19:12.780000+00:00
binance,6582464027,4035602100,BTCUSDT,buy,68671.25000000,0.00008000,2026-08-19T16:19:12.780000+00:00
binance,6582464028,4035602101,BTCUSDT,buy,68671.66000000,0.01800000,2026-08-19T16:19:12.784000+00:00
binance,6582464030,4035602102,BTCUSDT,sell,68671.65000000,0.08387000,2026-08-19T16:19:12.852000+00:00
binance,6582464031,4035602103,BTCUSDT,sell,68671.65000000,0.00291000,2026-08-19T16:19:12.875000+00:00
binance,6582464032,4035602104,BTCUSDT,sell,68671.65000000,0.02337000,2026-08-19T16:19:13.006000+00:00
binance,6582464033,4035602105,BTCUSDT,sell,68671.65000000,0.00102000,2026-08-19T16:19:13.055000+00:00
binance,6582464034,4035602106,BTCUSDT,buy,68671.66000000,0.00030000,2026-08-19T16:19:13.117000+00:00
binance,6582464035,4035602107,BTCUSDT,sell,68671.65000000,0.02912000,2026-08-19T16:19:13.157000+00:00
binance,6582464036,4035602108,BTCUSDT,buy,68671.66000000,0.00014000,2026-08-19T16:19:13.432000+00:00
binance,6582464037,4035602109,BTCUSDT,buy,68671.66000000,0.00011000,2026-08-19T16:19:13.631000+00:00
binance,6582464038,4035602110,BTCUSDT,buy,68671.66000000,0.00141000,2026-08-19T16:19:13.784000+00:00
binance,6582464039,4035602111,BTCUSDT,buy,68671.66000000,0.00779000,2026-08-19T16:19:14.130000+00:00
binance,6582464040,4035602112,BTCUSDT,sell,68671.65000000,0.00043000,2026-08-19T16:19:14.230000+00:00
binance,6582464041,4035602113,BTCUSDT,buy,68671.66000000,0.00022000,2026-08-19T16:19:14.564000+00:00
binance,6582464042,4035602114,BTCUSDT,sell,68671.65000000,0.00349000,2026-08-19T16:19:14.636000+00:00
binance,6582464043,4035602115,BTCUSDT,sell,68671.65000000,0.00116000,2026-08-19T16:19:14.723000+00:00
binance,6582464044,4035602116,BTCUSDT,sell,68671.65000000,0.00198000,2026-08-19T16:19:15.023000+00:00
binance,6582464045,4035602117,BTCUSDT,buy,68671.66000000,0.02619000,2026-08-19T16:19:15.157000+00:00
binance,6582464046,4035602118,BTCUSDT,sell,68671.65000000,0.00177000,2026-08-19T16:19:15.640000+00:00
binance,6582464047,4035602119,BTCUSDT,buy,68671.66000000,0.00100000,2026-08-19T16:19:15.680000+00:00
binance,6582464048,4035602120,BTCUSDT,buy,68671.66000000,0.00100000,2026-08-19T16:19:16.224000+00:00
binance,6582464049,4035602121,BTCUSDT,buy,68671.66000000,0.00140000,2026-08-19T16:19:16.388000+00:00
binance,6582464050,4035602122,BTCUSDT,buy,68671.66000000,0.00100000,2026-08-19T16:19:16.395000+00:00
binance,6582464051,4035602123,BTCUSDT,buy,68671.66000000,0.00100000,2026-08-19T16:19:16.402000+00:00
binance,6582464052,4035602124,BTCUSDT,sell,68671.65000000,0.00009000,2026-08-19T16:19:16.772000+00:00
binance,6582464053,4035602125,BTCUSDT,buy,68671.66000000,0.00033000,2026-08-19T16:19:17.331000+00:00
binance,6582464054,4035602126,BTCUSDT,buy,68671.66000000,0.00145000,2026-08-19T16:19:17.456000+00:00
binance,6582464055,4035602127,BTCUSDT,buy,68671.66000000,0.00030000,2026-08-19T16:19:17.572000+00:00
binance,6582464056,4035602128,BTCUSDT,buy,68671.66000000,0.00008000,2026-08-19T16:19:17.808000+00:00
binance,6582464057,4035602129,BTCUSDT,buy,68671.66000000,0.05080000,2026-08-19T16:19:18.188000+00:00
binance,6582464058,4035602130,BTCUSDT,buy,68671.66000000,0.11622000,2026-08-19T16:19:18.188000+00:00
binance,6582464079,4035602131,BTCUSDT,buy,68671.67000000,0.00048000,2026-08-19T16:19:18.188000+00:00
binance,6582464085,4035602132,BTCUSDT,buy,68673.03000000,0.00009000,2026-08-19T16:19:18.190000+00:00
binance,6582464086,4035602133,BTCUSDT,buy,68673.64000000,0.00032000,2026-08-19T16:19:18.190000+00:00
binance,6582464090,4035602134,BTCUSDT,buy,68673.65000000,0.02629000,2026-08-19T16:19:18.190000+00:00
binance,6582464092,4035602135,BTCUSDT,buy,68673.94000000,0.00011000,2026-08-19T16:19:18.190000+00:00
binance,6582464093,4035602136,BTCUSDT,buy,68674.04000000,0.00024000,2026-08-19T16:19:18.190000+00:00
binance,6582464096,4035602137,BTCUSDT,buy,68674.05000000,0.01295000,2026-08-19T16:19:18.190000+00:00
binance,6582464097,4035602138,BTCUSDT,buy,68674.05000000,0.02000000,2026-08-19T16:19:18.190000+00:00
binance,6582464098,4035602139,BTCUSDT,buy,68674.05000000,0.02557000,2026-08-19T16:19:18.190000+00:00
binance,6582464100,4035602140,BTCUSDT,buy,68674.23000000,0.00291000,2026-08-19T16:19:18.190000+00:00
binance,6582464101,4035602141,BTCUSDT,buy,68675.62000000,0.00018000,2026-08-19T16:19:18.190000+00:00
binance,6582464102,4035602142,BTCUSDT,buy,68675.66000000,0.00008000,2026-08-19T16:19:18.190000+00:00
binance,6582464103,4035602143,BTCUSDT,buy,68675.72000000,0.00024000,2026-08-19T16:19:18.190000+00:00
binance,6582464106,4035602144,BTCUSDT,buy,68675.73000000,0.04376000,2026-08-19T16:19:18.190000+00:00
binance,6582464108,4035602145,BTCUSDT,buy,68676.00000000,0.00016000,2026-08-19T16:19:18.190000+00:00
binance,6582464109,4035602146,BTCUSDT,buy,68676.10000000,0.00008000,2026-08-19T16:19:18.190000+00:00
binance,6582464110,4035602147,BTCUSDT,buy,68676.15000000,0.00024000,2026-08-19T16:19:18.190000+00:00
binance,6582464113,4035602148,BTCUSDT,buy,68676.16000000,0.00008000,2026-08-19T16:19:18.190000+00:00
binance,6582464114,4035602149,BTCUSDT,buy,68676.26000000,0.00017000,2026-08-19T16:19:18.190000+00:00
binance,6582464116,4035602150,BTCUSDT,buy,68676.47000000,0.00008000,2026-08-19T16:19:18.190000+00:00
binance,6582464117,4035602151,BTCUSDT,buy,68676.59000000,0.00008000,2026-08-19T16:19:18.190000+00:00
binance,6582464118,4035602152,BTCUSDT,buy,68676.60000000,0.00008000,2026-08-19T16:19:18.190000+00:00
binance,6582464119,4035602153,BTCUSDT,buy,68677.34000000,0.00008000,2026-08-19T16:19:18.190000+00:00
binance,6582464120,4035602154,BTCUSDT,buy,68677.38000000,0.00008000,2026-08-19T16:19:18.190000+00:00
binance,6582464121,4035602155,BTCUSDT,buy,68677.46000000,0.00008000,2026-08-19T16:19:18.190000+00:00
binance,6582464122,4035602156,BTCUSDT,buy,68677.90000000,0.00025000,2026-08-19T16:19:18.190000+00:00
binance,6582464123,4035602157,BTCUSDT,buy,68678.52000000,0.00580000,2026-08-19T16:19:18.190000+00:00
binance,6582464124,4035602158,BTCUSDT,buy,68678.52000000,0.00135000,2026-08-19T16:19:18.191000+00:00
binance,6582464126,4035602159,BTCUSDT,buy,68678.53000000,0.00009000,2026-08-19T16:19:18.191000+00:00
binance,6582464127,4035602160,BTCUSDT,buy,68678.65000000,0.00369000,2026-08-19T16:19:18.191000+00:00
binance,6582464128,4035602161,BTCUSDT,buy,68678.65000000,0.00021000,2026-08-19T16:19:18.198000+00:00
binance,6582464130,4035602162,BTCUSDT,buy,68678.65000000,0.00445000,2026-08-19T16:19:18.199000+00:00
binance,6582464131,4035602163,BTCUSDT,buy,68678.65000000,0.00711000,2026-08-19T16:19:18.200000+00:00
binance,6582464132,4035602164,BTCUSDT,buy,68678.65000000,0.01800000,2026-08-19T16:19:18.200000+00:00
binance,6582464133,4035602165,BTCUSDT,buy,68678.65000000,0.01100000,2026-08-19T16:19:18.201000+00:00
binance,6582464134,4035602166,BTCUSDT,buy,68678.65000000,0.00434000,2026-08-19T16:19:18.202000+00:00
binance,6582464135,4035602167,BTCUSDT,buy,68678.65000000,0.00900000,2026-08-19T16:19:18.202000+00:00
binance,6582464136,4035602168,BTCUSDT,buy,68678.65000000,0.00131000,2026-08-19T16:19:18.214000+00:00
binance,6582464152,4035602169,BTCUSDT,buy,68678.66000000,0.00056000,2026-08-19T16:19:18.214000+00:00
binance,6582464159,4035602170,BTCUSDT,buy,68678.85000000,0.00291000,2026-08-19T16:19:18.214000+00:00
binance,6582464160,4035602171,BTCUSDT,buy,68678.86000000,0.00024000,2026-08-19T16:19:18.214000+00:00
binance,6582464163,4035602172,BTCUSDT,buy,68678.87000000,0.02620000,2026-08-19T16:19:18.214000+00:00
binance,6582464164,4035602173,BTCUSDT,buy,68679.14000000,0.00024000,2026-08-19T16:19:18.214000+00:00
binance,6582464167,4035602174,BTCUSDT,buy,68679.49000000,0.00008000,2026-08-19T16:19:18.214000+00:00
binance,6582464168,4035602175,BTCUSDT,buy,68679.50000000,0.00300000,2026-08-19T16:19:18.221000+00:00
binance,6582464169,4035602176,BTCUSDT,buy,68679.50000000,0.00010000,2026-08-19T16:19:18.291000+00:00
binance,6582464171,4035602177,BTCUSDT,buy,68679.50000000,0.00081000,2026-08-19T16:19:18.291000+00:00
binance,6582464181,4035602178,BTCUSDT,buy,68679.51000000,0.00040000,2026-08-19T16:19:18.291000+00:00
binance,6582464186,4035602179,BTCUSDT,buy,68680.83000000,0.00011000,2026-08-19T16:19:18.291000+00:00
binance,6582464187,4035602180,BTCUSDT,buy,68680.99000000,0.00144000,2026-08-19T16:19:18.291000+00:00
binance,6582464191,4035602181,BTCUSDT,buy,68681.08000000,0.00161000,2026-08-19T16:19:18.314000+00:00
binance,6582464204,4035602182,BTCUSDT,buy,68681.08000000,0.05553000,2026-08-19T16:19:18.315000+00:00
binance,6582464206,4035602183,BTCUSDT,buy,68681.09000000,0.00056000,2026-08-19T16:19:18.315000+00:00
binance,6582464213,4035602184,BTCUSDT,buy,68682.03000000,0.00299000,2026-08-19T16:19:18.315000+00:00
binance,6582464215,4035602185,BTCUSDT,buy,68682.53000000,0.00008000,2026-08-19T16:19:18.315000+00:00
binance,6582464216,4035602186,BTCUSDT,buy,68682.55000000,0.00018000,2026-08-19T16:19:18.315000+00:00
binance,6582464217,4035602187,BTCUSDT,buy,68682.72000000,0.00017000,2026-08-19T16:19:18.315000+00:00
binance,6582464219,4035602188,BTCUSDT,buy,68683.08000000,0.00009000,2026-08-19T16:19:18.315000+00:00
binance,6582464220,4035602189,BTCUSDT,buy,68683.40000000,0.00453000,2026-08-19T16:19:18.315000+00:00
binance,6582464224,4035602190,BTCUSDT,buy,68683.41000000,0.01800000,2026-08-19T16:19:18.555000+00:00
binance,6582464225,4035602191,BTCUSDT,buy,68683.41000000,0.01100000,2026-08-19T16:19:18.556000+00:00
binance,6582464226,4035602192,BTCUSDT,buy,68683.41000000,0.00300000,2026-08-19T16:19:18.574000+00:00
binance,6582464227,4035602193,BTCUSDT,sell,68683.40000000,0.01313000,2026-08-19T16:19:18.656000+00:00
binance,6582464228,4035602194,BTCUSDT,buy,68683.41000000,0.00549000,2026-08-19T16:19:18.661000+00:00
binance,6582464229,4035602195,BTCUSDT,buy,68683.41000000,0.13217000,2026-08-19T16:19:18.663000+00:00
binance,6582464230,4035602196,BTCUSDT,buy,68683.41000000,0.01426000,2026-08-19T16:19:18.663000+00:00
binance,6582464231,4035602197,BTCUSDT,buy,68683.41000000,0.25120000,2026-08-19T16:19:18.664000+00:00
binance,6582464246,4035602198,BTCUSDT,buy,68683.42000000,0.00032000,2026-08-19T16:19:18.664000+00:00
binance,6582464250,4035602199,BTCUSDT,buy,68684.25000000,0.00026000,2026-08-19T16:19:18.666000+00:00
binance,6582464253,4035602200,BTCUSDT,buy,68685.83000000,0.00024000,2026-08-19T16:19:18.667000+00:00
binance,6582464256,4035602201,BTCUSDT,buy,68685.84000000,0.00008000,2026-08-19T16:19:18.667000+00:00
binance,6582464257,4035602202,BTCUSDT,buy,68685.95000000,0.00017000,2026-08-19T16:19:18.667000+00:00
binance,6582464259,4035602203,BTCUSDT,buy,68686.30000000,0.00024000,2026-08-19T16:19:18.667000+00:00
binance,6582464262,4035602204,BTCUSDT,buy,68686.31000000,0.00008000,2026-08-19T16:19:18.667000+00:00
binance,6582464263,4035602205,BTCUSDT,buy,68687.43000000,0.00008000,2026-08-19T16:19:18.670000+00:00
binance,6582464264,4035602206,BTCUSDT,buy,68687.43000000,0.00055000,2026-08-19T16:19:18.670000+00:00
binance,6582464269,4035602207,BTCUSDT,buy,68687.44000000,0.00008000,2026-08-19T16:19:18.670000+00:00
binance,6582464270,4035602208,BTCUSDT,buy,68687.68000000,0.00008000,2026-08-19T16:19:18.670000+00:00
binance,6582464271,4035602209,BTCUSDT,buy,68687.72000000,0.00011000,2026-08-19T16:19:18.670000+00:00
binance,6582464272,4035602210,BTCUSDT,buy,68687.96000000,0.00008000,2026-08-19T16:19:18.670000+00:00
binance,6582464273,4035602211,BTCUSDT,buy,68687.43000000,0.00032000,2026-08-19T16:19:18.672000+00:00
binance,6582464277,4035602212,BTCUSDT,buy,68687.44000000,0.00032000,2026-08-19T16:19:18.672000+00:00
binance,6582464281,4035602213,BTCUSDT,buy,68688.54000000,0.00461000,2026-08-19T16:19:18.672000+00:00
binance,6582464285,4035602214,BTCUSDT,buy,68688.55000000,0.00008000,2026-08-19T16:19:18.672000+00:00
binance,6582464286,4035602215,BTCUSDT,buy,68689.18000000,0.00027000,2026-08-19T16:19:18.674000+00:00
binance,6582464289,4035602216,BTCUSDT,buy,68689.48000000,0.00016000,2026-08-19T16:19:18.674000+00:00
binance,6582464290,4035602217,BTCUSDT,buy,68689.18000000,0.00050000,2026-08-19T16:19:18.676000+00:00
binance,6582464296,4035602218,BTCUSDT,buy,68689.19000000,0.00024000,2026-08-19T16:19:18.676000+00:00
binance,6582464299,4035602219,BTCUSDT,buy,68689.48000000,0.00028000,2026-08-19T16:19:18.676000+00:00
binance,6582464303,4035602220,BTCUSDT,buy,68689.49000000,0.00008000,2026-08-19T16:19:18.676000+00:00
binance,6582464304,4035602221,BTCUSDT,buy,68689.62000000,0.00009000,2026-08-19T16:19:18.676000+00:00
binance,6582464305,4035602222,BTCUSDT,buy,68689.85000000,0.00024000,2026-08-19T16:19:18.676000+00:00
binance,6582464308,4035602223,BTCUSDT,buy,68690.06000000,0.00008000,2026-08-19T16:19:18.676000+00:00
binance,6582464309,4035602224,BTCUSDT,buy,68690.33000000,0.00008000,2026-08-19T16:19:18.676000+00:00
binance,6582464310,4035602225,BTCUSDT,buy,68690.54000000,0.00073000,2026-08-19T16:19:18.687000+00:00
binance,6582464319,4035602226,BTCUSDT,buy,68690.54000000,0.01452000,2026-08-19T16:19:18.688000+00:00
binance,6582464322,4035602227,BTCUSDT,buy,68690.54000000,0.00453000,2026-08-19T16:19:18.689000+00:00
binance,6582464323,4035602228,BTCUSDT,buy,68690.54000000,0.00300000,2026-08-19T16:19:18.703000+00:00
binance,6582464324,4035602229,BTCUSDT,buy,68690.54000000,0.04055000,2026-08-19T16:19:18.720000+00:00
binance,6582464325,4035602230,BTCUSDT,buy,68690.54000000,0.02000000,2026-08-19T16:19:18.746000+00:00
binance,6582464326,4035602231,BTCUSDT,buy,68690.54000000,0.24432000,2026-08-19T16:19:18.750000+00:00
binance,6582464340,4035602232,BTCUSDT,buy,68690.55000000,0.00040000,2026-08-19T16:19:18.750000+00:00
binance,6582464345,4035602233,BTCUSDT,buy,68692.41000000,0.00017000,2026-08-19T16:19:18.750000+00:00
binance,6582464347,4035602234,BTCUSDT,buy,68692.45000000,0.00024000,2026-08-19T16:19:18.750000+00:00
binance,6582464350,4035602235,BTCUSDT,buy,68692.46000000,0.01771000,2026-08-19T16:19:18.750000+00:00
binance,6582464352,4035602236,BTCUSDT,buy,68692.96000000,0.00024000,2026-08-19T16:19:18.750000+00:00
binance,6582464355,4035602237,BTCUSDT,buy,68692.97000000,0.05760000,2026-08-19T16:19:18.750000+00:00
binance,6582464357,4035602238,BTCUSDT,buy,68694.00000000,0.00008000,2026-08-19T16:19:18.750000+00:00
binance,6582464358,4035602239,BTCUSDT,buy,68694.55000000,0.00008000,2026-08-19T16:19:18.750000+00:00
binance,6582464359,4035602240,BTCUSDT,buy,68694.61000000,0.00011000,2026-08-19T16:19:18.750000+00:00
binance,6582464360,4035602241,BTCUSDT,buy,68695.39000000,0.00011000,2026-08-19T16:19:18.823000+00:00
binance,6582464362,4035602242,BTCUSDT,buy,68695.39000000,0.00372000,2026-08-19T16:19:18.859000+00:00
binance,6582464363,4035602243,BTCUSDT,sell,68695.38000000,0.00012000,2026-08-19T16:19:19.049000+00:00
binance,6582464364,4035602244,BTCUSDT,buy,68695.39000000,0.01000000,2026-08-19T16:19:19.235000+00:00
binance,6582464365,4035602245,BTCUSDT,buy,68695.39000000,0.02000000,2026-08-19T16:19:19.235000+00:00
binance,6582464366,4035602246,BTCUSDT,buy,68695.39000000,0.01100000,2026-08-19T16:19:19.278000+00:00
binance,6582464367,4035602247,BTCUSDT,buy,68695.39000000,0.00010000,2026-08-19T16:19:19.278000+00:00
binance,6582464368,4035602248,BTCUSDT,buy,68695.39000000,0.00300000,2026-08-19T16:19:19.298000+00:00
binance,6582464369,4035602249,BTCUSDT,sell,68695.38000000,0.00019000,2026-08-19T16:19:20.031000+00:00
binance,6582464370,4035602250,BTCUSDT,sell,68695.38000000,0.00456000,2026-08-19T16:19:20.046000+00:00
binance,6582464371,4035602251,BTCUSDT,sell,68695.38000000,0.00865000,2026-08-19T16:19:20.059000+00:00
binance,6582464372,4035602252,BTCUSDT,buy,68695.39000000,0.00029000,2026-08-19T16:19:20.314000+00:00
binance,6582464373,4035602253,BTCUSDT,sell,68695.38000000,0.00407000,2026-08-19T16:19:20.332000+00:00
binance,6582464374,4035602254,BTCUSDT,sell,68695.38000000,0.01219000,2026-08-19T16:19:20.339000+00:00
binance,6582464375,4035602255,BTCUSDT,sell,68695.38000000,0.10000000,2026-08-19T16:19:20.776000+00:00
binance,6582464376,4035602256,BTCUSDT,buy,68695.39000000,0.00058000,2026-08-19T16:19:21.284000+00:00
binance,6582464377,4035602257,BTCUSDT,sell,68695.38000000,0.01934000,2026-08-19T16:19:21.633000+00:00
binance,6582464378,4035602258,BTCUSDT,sell,68695.38000000,0.00151000,2026-08-19T16:19:21.700000+00:00
binance,6582464379,4035602259,BTCUSDT,sell,68695.38000000,0.00100000,2026-08-19T16:19:21.818000+00:00
binance,6582464380,4035602260,BTCUSDT,buy,68695.39000000,0.02912000,2026-08-19T16:19:22.320000+00:00
binance,6582464381,4035602261,BTCUSDT,buy,68695.39000000,0.00072000,2026-08-19T16:19:22.349000+00:00
binance,6582464382,4035602262,BTCUSDT,buy,68695.39000000,0.20921000,2026-08-19T16:19:22.434000+00:00
binance,6582464392,4035602263,BTCUSDT,sell,68695.38000000,0.00028000,2026-08-19T16:19:22.662000+00:00
binance,6582464393,4035602264,BTCUSDT,sell,68695.38000000,0.00010000,2026-08-19T16:19:22.775000+00:00
binance,6582464394,4035602265,BTCUSDT,sell,68695.38000000,0.00094000,2026-08-19T16:19:23.151000+00:00
binance,6582464400,4035602266,BTCUSDT,buy,68695.39000000,0.00058000,2026-08-19T16:19:23.300000+00:00
binance,6582464401,4035602267,BTCUSDT,buy,68695.39000000,0.00045000,2026-08-19T16:19:23.312000+00:00
binance,6582464402,4035602268,BTCUSDT,buy,68695.39000000,0.00010000,2026-08-19T16:19:23.606000+00:00
binance,6582464403,4035602269,BTCUSDT,buy,68695.39000000,0.18590000,2026-08-19T16:19:23.608000+00:00
binance,6582464408,4035602270,BTCUSDT,buy,68695.39000000,0.21410000,2026-08-19T16:19:23.610000+00:00
binance,6582464414,4035602271,BTCUSDT,buy,68695.39000000,0.07585000,2026-08-19T16:19:23.610000+00:00
binance,6582464415,4035602272,BTCUSDT,buy,68695.39000000,0.22284000,2026-08-19T16:19:23.610000+00:00
binance,6582464423,4035602273,BTCUSDT,buy,68695.39000000,0.15855000,2026-08-19T16:19:23.610000+00:00
binance,6582464426,4035602274,BTCUSDT,buy,68695.39000000,0.16566000,2026-08-19T16:19:23.610000+00:00
binance,6582464432,4035602275,BTCUSDT,buy,68695.40000000,0.00008000,2026-08-19T16:19:23.610000+00:00
binance,6582464433,4035602276,BTCUSDT,buy,68695.64000000,0.00017000,2026-08-19T16:19:23.610000+00:00
binance,6582464435,4035602277,BTCUSDT,buy,68695.96000000,0.00024000,2026-08-19T16:19:23.610000+00:00
binance,6582464438,4035602278,BTCUSDT,buy,68695.97000000,0.02628000,2026-08-19T16:19:23.610000+00:00
binance,6582464440,4035602279,BTCUSDT,buy,68696.16000000,0.00009000,2026-08-19T16:19:23.610000+00:00
binance,6582464441,4035602280,BTCUSDT,buy,68696.27000000,0.00008000,2026-08-19T16:19:23.610000+00:00
binance,6582464442,4035602281,BTCUSDT,buy,68696.41000000,0.00018000,2026-08-19T16:19:23.610000+00:00
binance,6582464443,4035602282,BTCUSDT,buy,68697.19000000,0.00291000,2026-08-19T16:19:23.610000+00:00
binance,6582464444,4035602283,BTCUSDT,buy,68697.83000000,0.00008000,2026-08-19T16:19:23.611000+00:00
binance,6582464445,4035602284,BTCUSDT,buy,68697.84000000,0.00024000,2026-08-19T16:19:23.611000+00:00
binance,6582464448,4035602285,BTCUSDT,buy,68697.85000000,0.00579000,2026-08-19T16:19:23.611000+00:00
binance,6582464449,4035602286,BTCUSDT,buy,68697.85000000,0.04000000,2026-08-19T16:19:23.621000+00:00
binance,6582464450,4035602287,BTCUSDT,buy,68697.85000000,0.00332000,2026-08-19T16:19:23.621000+00:00
binance,6582464451,4035602288,BTCUSDT,buy,68697.85000000,0.00813000,2026-08-19T16:19:23.622000+00:00
binance,6582464456,4035602289,BTCUSDT,buy,68697.86000000,0.00008000,2026-08-19T16:19:23.622000+00:00
binance,6582464457,4035602290,BTCUSDT,buy,68697.99000000,0.00008000,2026-08-19T16:19:23.622000+00:00
binance,6582464458,4035602291,BTCUSDT,buy,68698.20000000,0.00024000,2026-08-19T16:19:23.622000+00:00
binance,6582464461,4035602292,BTCUSDT,buy,68698.21000000,0.00008000,2026-08-19T16:19:23.622000+00:00
binance,6582464462,4035602293,BTCUSDT,buy,68698.34000000,0.00008000,2026-08-19T16:19:23.622000+00:00
binance,6582464463,4035602294,BTCUSDT,buy,68698.55000000,0.00008000,2026-08-19T16:19:23.622000+00:00
binance,6582464464,4035602295,BTCUSDT,buy,68698.56000000,0.00024000,2026-08-19T16:19:23.622000+00:00
binance,6582464467,4035602296,BTCUSDT,buy,68698.57000000,0.00016000,2026-08-19T16:19:23.622000+00:00
binance,6582464469,4035602297,BTCUSDT,buy,68698.58000000,0.00008000,2026-08-19T16:19:23.622000+00:00
binance,6582464470,4035602298,BTCUSDT,buy,68698.87000000,0.00008000,2026-08-19T16:19:23.622000+00:00
binance,6582464471,4035602299,BTCUSDT,buy,68699.17000000,0.01067000,2026-08-19T16:19:23.622000+00:00
binance,6582464472,4035602300,BTCUSDT,buy,68699.17000000,0.16003000,2026-08-19T16:19:23.624000+00:00
binance,6582464474,4035602301,BTCUSDT,buy,68699.21000000,0.00291000,2026-08-19T16:19:23.624000+00:00
binance,6582464475,4035602302,BTCUSDT,buy,68699.34000000,0.00008000,2026-08-19T16:19:23.624000+00:00
binance,6582464476,4035602303,BTCUSDT,buy,68699.40000000,0.00008000,2026-08-19T16:19:23.624000+00:00
binance,6582464477,4035602304,BTCUSDT,buy,68699.97000000,0.00008000,2026-08-19T16:19:23.624000+00:00
binance,6582464478,4035602305,BTCUSDT,buy,68699.99000000,0.02038000,2026-08-19T16:19:23.627000+00:00
binance,6582464479,4035602306,BTCUSDT,buy,68699.99000000,0.02200000,2026-08-19T16:19:23.627000+00:00
binance,6582464480,4035602307,BTCUSDT,buy,68699.99000000,0.00719000,2026-08-19T16:19:23.628000+00:00
binance,6582464481,4035602308,BTCUSDT,buy,68699.99000000,0.00375000,2026-08-19T16:19:23.628000+00:00
binance,6582464482,4035602309,BTCUSDT,buy,68699.99000000,0.01067000,2026-08-19T16:19:23.629000+00:00
binance,6582464483,4035602310,BTCUSDT,buy,68699.99000000,0.00999000,2026-08-19T16:19:23.629000+00:00
binance,6582464484,4035602311,BTCUSDT,buy,68699.99000000,0.01578000,2026-08-19T16:19:23.631000+00:00
binance,6582464485,4035602312,BTCUSDT,buy,68699.99000000,0.00552000,2026-08-19T16:19:23.631000+00:00
binance,6582464486,4035602313,BTCUSDT,buy,68699.99000000,0.01127000,2026-08-19T16:19:23.632000+00:00
binance,6582464487,4035602314,BTCUSDT,buy,68699.99000000,0.00997000,2026-08-19T16:19:23.635000+00:00
binance,6582464488,4035602315,BTCUSDT,buy,68699.99000000,0.02184000,2026-08-19T16:19:23.635000+00:00
binance,6582464489,4035602316,BTCUSDT,buy,68699.99000000,0.00394000,2026-08-19T16:19:23.641000+00:00
binance,6582464490,4035602317,BTCUSDT,buy,68699.99000000,0.01800000,2026-08-19T16:19:23.644000+00:00
binance,6582464491,4035602318,BTCUSDT,buy,68699.99000000,0.01100000,2026-08-19T16:19:23.644000+00:00
binance,6582464492,4035602319,BTCUSDT,buy,68699.99000000,0.00900000,2026-08-19T16:19:23.644000+00:00
binance,6582464493,4035602320,BTCUSDT,buy,68699.99000000,0.00300000,2026-08-19T16:19:23.651000+00:00
binance,6582464494,4035602321,BTCUSDT,sell,68699.98000000,0.00145000,2026-08-19T16:19:23.654000+00:00
binance,6582464495,4035602322,BTCUSDT,buy,68699.99000000,0.04000000,2026-08-19T16:19:23.969000+00:00
binance,6582464496,4035602323,BTCUSDT,buy,68699.99000000,0.01800000,2026-08-19T16:19:23.975000+00:00
binance,6582464497,4035602324,BTCUSDT,buy,68699.99000000,0.01100000,2026-08-19T16:19:23.977000+00:00
binance,6582464498,4035602325,BTCUSDT,buy,68699.99000000,0.00900000,2026-08-19T16:19:23.977000+00:00
binance,6582464499,4035602326,BTCUSDT,buy,68699.99000000,0.00300000,2026-08-19T16:19:23.995000+00:00
binance,6582464500,4035602327,BTCUSDT,buy,68699.99000000,0.04000000,2026-08-19T16:19:24.077000+00:00
binance,6582464509,4035602328,BTCUSDT,buy,68699.99000000,0.04000000,2026-08-19T16:19:24.446000+00:00
binance,6582464510,4035602329,BTCUSDT,buy,68699.99000000,0.00900000,2026-08-19T16:19:24.448000+00:00
binance,6582464511,4035602330,BTCUSDT,buy,68699.99000000,0.01100000,2026-08-19T16:19:24.451000+00:00
binance,6582464512,4035602331,BTCUSDT,buy,68699.99000000,0.01800000,2026-08-19T16:19:24.451000+00:00
binance,6582464513,4035602332,BTCUSDT,buy,68699.99000000,0.00300000,2026-08-19T16:19:24.474000+00:00
binance,6582464514,4035602333,BTCUSDT,sell,68699.98000000,0.00161000,2026-08-19T16:19:25.448000+00:00
binance,6582464515,4035602334,BTCUSDT,sell,68699.98000000,0.52856000,2026-08-19T16:19:25.898000+00:00
binance,6582464518,4035602335,BTCUSDT,sell,68699.98000000,0.14557000,2026-08-19T16:19:25.922000+00:00
binance,6582464524,4035602336,BTCUSDT,sell,68699.98000000,0.00010000,2026-08-19T16:19:25.935000+00:00
binance,6582464526,4035602337,BTCUSDT,sell,68699.98000000,0.36163000,2026-08-19T16:19:26.052000+00:00
binance,6582464553,4035602338,BTCUSDT,sell,68699.97000000,0.00032000,2026-08-19T16:19:26.052000+00:00
binance,6582464557,4035602339,BTCUSDT,sell,68698.87000000,0.00008000,2026-08-19T16:19:26.053000+00:00
binance,6582464558,4035602340,BTCUSDT,sell,68698.57000000,0.00032000,2026-08-19T16:19:26.053000+00:00
binance,6582464562,4035602341,BTCUSDT,sell,68698.55000000,0.00016000,2026-08-19T16:19:26.053000+00:00
binance,6582464564,4035602342,BTCUSDT,sell,68698.19000000,0.00016000,2026-08-19T16:19:26.053000+00:00
binance,6582464566,4035602343,BTCUSDT,sell,68697.98000000,0.00032000,2026-08-19T16:19:26.054000+00:00
binance,6582464570,4035602344,BTCUSDT,sell,68697.85000000,0.00024000,2026-08-19T16:19:26.054000+00:00
binance,6582464573,4035602345,BTCUSDT,sell,68697.84000000,0.02958000,2026-08-19T16:19:26.054000+00:00
binance,6582464580,4035602346,BTCUSDT,sell,68697.68000000,0.00040000,2026-08-19T16:19:26.054000+00:00
binance,6582464585,4035602347,BTCUSDT,sell,68697.67000000,0.00016000,2026-08-19T16:19:26.054000+00:00
binance,6582464587,4035602348,BTCUSDT,sell,68697.23000000,0.00024000,2026-08-19T16:19:26.054000+00:00
binance,6582464590,4035602349,BTCUSDT,sell,68697.22000000,0.08739000,2026-08-19T16:19:26.054000+00:00
binance,6582464591,4035602350,BTCUSDT,sell,68696.63000000,0.00066000,2026-08-19T16:19:26.057000+00:00
binance,6582464599,4035602351,BTCUSDT,sell,68696.12000000,0.00074000,2026-08-19T16:19:26.061000+00:00
binance,6582464608,4035602352,BTCUSDT,sell,68695.96000000,0.00040000,2026-08-19T16:19:26.061000+00:00
binance,6582464613,4035602353,BTCUSDT,sell,68695.64000000,0.00008000,2026-08-19T16:19:26.061000+00:00
binance,6582464614,4035602354,BTCUSDT,sell,68695.38000000,0.02118000,2026-08-19T16:19:26.067000+00:00
binance,6582464631,4035602355,BTCUSDT,sell,68695.37000000,0.00056000,2026-08-19T16:19:26.067000+00:00
binance,6582464638,4035602356,BTCUSDT,sell,68694.83000000,0.00024000,2026-08-19T16:19:26.067000+00:00
binance,6582464641,4035602357,BTCUSDT,sell,68694.46000000,0.00024000,2026-08-19T16:19:26.067000+00:00
binance,6582464644,4035602358,BTCUSDT,sell,68693.13000000,0.00024000,2026-08-19T16:19:26.067000+00:00
binance,6582464647,4035602359,BTCUSDT,sell,68693.12000000,0.02000000,2026-08-19T16:19:26.067000+00:00
binance,6582464648,4035602360,BTCUSDT,sell,68693.02000000,0.05925000,2026-08-19T16:19:26.067000+00:00
binance,6582464649,4035602361,BTCUSDT,sell,68692.41000000,0.00008000,2026-08-19T16:19:26.067000+00:00
binance,6582464650,4035602362,BTCUSDT,sell,68691.99000000,0.00011000,2026-08-19T16:19:26.067000+00:00
binance,6582464651,4035602363,BTCUSDT,sell,68691.69000000,0.00009000,2026-08-19T16:19:26.067000+00:00
binance,6582464652,4035602364,BTCUSDT,sell,68691.23000000,0.00024000,2026-08-19T16:19:26.067000+00:00
binance,6582464655,4035602365,BTCUSDT,sell,68691.13000000,0.00008000,2026-08-19T16:19:26.067000+00:00
binance,6582464656,4035602366,BTCUSDT,sell,68690.65000000,0.00048000,2026-08-19T16:19:26.067000+00:00
binance,6582464657,4035602367,BTCUSDT,sell,68690.22000000,0.00008000,2026-08-19T16:19:26.067000+00:00
binance,6582464658,4035602368,BTCUSDT,sell,68690.16000000,0.00069000,2026-08-19T16:19:26.067000+00:00
binance,6582464659,4035602369,BTCUSDT,sell,68690.00000000,0.00008000,2026-08-19T16:19:26.067000+00:00
binance,6582464660,4035602370,BTCUSDT,sell,68689.96000000,0.02585000,2026-08-19T16:19:26.091000+00:00
binance,6582464684,4035602371,BTCUSDT,sell,68689.95000000,0.00056000,2026-08-19T16:19:26.091000+00:00
binance,6582464691,4035602372,BTCUSDT,sell,68689.48000000,0.00018000,2026-08-19T16:19:26.091000+00:00
binance,6582464692,4035602373,BTCUSDT,sell,68689.18000000,0.00008000,2026-08-19T16:19:26.091000+00:00
binance,6582464693,4035602374,BTCUSDT,sell,68689.12000000,0.00024000,2026-08-19T16:19:26.091000+00:00
binance,6582464696,4035602375,BTCUSDT,sell,68689.00000000,0.00024000,2026-08-19T16:19:26.091000+00:00
binance,6582464699,4035602376,BTCUSDT,sell,68688.99000000,0.00010000,2026-08-19T16:19:26.399000+00:00
binance,6582464701,4035602377,BTCUSDT,sell,68688.99000000,0.01349000,2026-08-19T16:19:26.427000+00:00
binance,6582464718,4035602378,BTCUSDT,sell,68688.98000000,0.00024000,2026-08-19T16:19:26.427000+00:00
binance,6582464721,4035602379,BTCUSDT,sell,68687.99000000,0.00016000,2026-08-19T16:19:26.427000+00:00
binance,6582464723,4035602380,BTCUSDT,sell,68687.46000000,0.00016000,2026-08-19T16:19:26.427000+00:00
binance,6582464725,4035602381,BTCUSDT,sell,68686.69000000,0.00016000,2026-08-19T16:19:26.427000+00:00
binance,6582464727,4035602382,BTCUSDT,sell,68686.62000000,0.00024000,2026-08-19T16:19:26.427000+00:00
binance,6582464730,4035602383,BTCUSDT,sell,68686.61000000,0.00106000,2026-08-19T16:19:26.432000+00:00
binance,6582464743,4035602384,BTCUSDT,sell,68686.60000000,0.00040000,2026-08-19T16:19:26.432000+00:00
binance,6582464748,4035602385,BTCUSDT,sell,68686.53000000,0.00024000,2026-08-19T16:19:26.432000+00:00
binance,6582464751,4035602386,BTCUSDT,sell,68686.52000000,0.02000000,2026-08-19T16:19:26.432000+00:00
binance,6582464752,4035602387,BTCUSDT,sell,68685.95000000,0.00008000,2026-08-19T16:19:26.432000+00:00
binance,6582464753,4035602388,BTCUSDT,sell,68685.26000000,0.00009000,2026-08-19T16:19:26.432000+00:00
binance,6582464754,4035602389,BTCUSDT,sell,68685.09000000,0.00011000,2026-08-19T16:19:26.432000+00:00
binance,6582464755,4035602390,BTCUSDT,sell,68685.00000000,0.00040000,2026-08-19T16:19:26.432000+00:00
binance,6582464760,4035602391,BTCUSDT,sell,68684.98000000,0.04367000,2026-08-19T16:19:26.432000+00:00
binance,6582464761,4035602392,BTCUSDT,sell,68684.23000000,0.05875000,2026-08-19T16:19:26.432000+00:00
binance,6582464762,4035602393,BTCUSDT,sell,68683.08000000,0.00009000,2026-08-19T16:19:26.432000+00:00
binance,6582464763,4035602394,BTCUSDT,sell,68682.91000000,0.00024000,2026-08-19T16:19:26.432000+00:00
binance,6582464766,4035602395,BTCUSDT,buy,68682.91000000,0.00080000,2026-08-19T16:19:26.451000+00:00
binance,6582464767,4035602396,BTCUSDT,sell,68682.90000000,0.00145000,2026-08-19T16:19:26.678000+00:00
binance,6582464768,4035602397,BTCUSDT,buy,68682.91000000,0.00043000,2026-08-19T16:19:26.930000+00:00
binance,6582464769,4035602398,BTCUSDT,buy,68682.91000000,0.00381000,2026-08-19T16:19:26.989000+00:00
binance,6582464770,4035602399,BTCUSDT,buy,68682.91000000,0.00700000,2026-08-19T16:19:27.374000+00:00
binance,6582464771,4035602400,BTCUSDT,sell,68682.90000000,0.00038000,2026-08-19T16:19:27.637000+00:00
binance,6582464775,4035602401,BTCUSDT,sell,68682.90000000,0.00010000,2026-08-19T16:19:27.964000+00:00
binance,6582464777,4035602402,BTCUSDT,sell,68682.90000000,0.01369000,2026-08-19T16:19:27.965000+00:00
binance,6582464804,4035602403,BTCUSDT,sell,68682.89000000,0.00080000,2026-08-19T16:19:27.965000+00:00
binance,6582464814,4035602404,BTCUSDT,sell,68682.72000000,0.00008000,2026-08-19T16:19:27.965000+00:00
binance,6582464815,4035602405,BTCUSDT,sell,68682.55000000,0.00018000,2026-08-19T16:19:27.965000+00:00
binance,6582464816,4035602406,BTCUSDT,sell,68682.13000000,0.00016000,2026-08-19T16:19:27.965000+00:00
binance,6582464818,4035602407,BTCUSDT,sell,68681.78000000,0.00178000,2026-08-19T16:19:27.972000+00:00
binance,6582464840,4035602408,BTCUSDT,sell,68681.77000000,0.00056000,2026-08-19T16:19:27.972000+00:00
binance,6582464847,4035602409,BTCUSDT,sell,68681.39000000,0.00024000,2026-08-19T16:19:27.972000+00:00
binance,6582464850,4035602410,BTCUSDT,sell,68681.38000000,0.02000000,2026-08-19T16:19:27.972000+00:00
binance,6582464851,4035602411,BTCUSDT,sell,68681.25000000,0.00079000,2026-08-19T16:19:27.983000+00:00
binance,6582464852,4035602412,BTCUSDT,sell,68681.25000000,0.02020000,2026-08-19T16:19:27.998000+00:00
binance,6582464861,4035602413,BTCUSDT,sell,68681.25000000,0.17625000,2026-08-19T16:19:27.999000+00:00
binance,6582464871,4035602414,BTCUSDT,sell,68681.24000000,0.00040000,2026-08-19T16:19:27.999000+00:00
binance,6582464876,4035602415,BTCUSDT,sell,68681.08000000,0.00016000,2026-08-19T16:19:27.999000+00:00
binance,6582464878,4035602416,BTCUSDT,sell,68680.98000000,0.00014000,2026-08-19T16:19:27.999000+00:00
binance,6582464879,4035602417,BTCUSDT,sell,68679.69000000,0.00016000,2026-08-19T16:19:28+00:00
binance,6582464881,4035602418,BTCUSDT,sell,68679.68000000,0.02170000,2026-08-19T16:19:28.007000+00:00
binance,6582464903,4035602419,BTCUSDT,sell,68679.67000000,0.00090000,2026-08-19T16:19:28.009000+00:00
binance,6582464914,4035602420,BTCUSDT,sell,68679.66000000,0.00048000,2026-08-19T16:19:28.009000+00:00
binance,6582464920,4035602421,BTCUSDT,sell,68679.49000000,0.00017000,2026-08-19T16:19:28.009000+00:00
binance,6582464922,4035602422,BTCUSDT,sell,68678.95000000,0.00040000,2026-08-19T16:19:28.009000+00:00
binance,6582464927,4035602423,BTCUSDT,sell,68678.94000000,0.00080000,2026-08-19T16:19:28.009000+00:00
binance,6582464937,4035602424,BTCUSDT,sell,68678.86000000,0.00024000,2026-08-19T16:19:28.009000+00:00
binance,6582464940,4035602425,BTCUSDT,sell,68678.83000000,0.00115000,2026-08-19T16:19:28.014000+00:00
binance,6582464954,4035602426,BTCUSDT,sell,68678.82000000,0.00040000,2026-08-19T16:19:28.014000+00:00
binance,6582464959,4035602427,BTCUSDT,sell,68678.19000000,0.00027000,2026-08-19T16:19:28.014000+00:00
binance,6582464962,4035602428,BTCUSDT,sell,68676.98000000,0.00024000,2026-08-19T16:19:28.014000+00:00
binance,6582464965,4035602429,BTCUSDT,buy,68676.98000000,0.00021000,2026-08-19T16:19:28.276000+00:00
binance,6582464966,4035602430,BTCUSDT,buy,68676.98000000,0.00028000,2026-08-19T16:19:28.660000+00:00
binance,6582464967,4035602431,BTCUSDT,sell,68676.97000000,0.00049000,2026-08-19T16:19:28.701000+00:00
binance,6582464973,4035602432,BTCUSDT,sell,68676.97000000,0.00145000,2026-08-19T16:19:28.873000+00:00
binance,6582464981,4035602433,BTCUSDT,buy,68676.98000000,0.01746000,2026-08-19T16:19:28.924000+00:00
binance,6582464983,4035602434,BTCUSDT,buy,68676.98000000,0.01746000,2026-08-19T16:19:28.925000+00:00
binance,6582464984,4035602435,BTCUSDT,buy,68676.98000000,0.01746000,2026-08-19T16:19:28.925000+00:00
binance,6582464985,4035602436,BTCUSDT,buy,68676.98000000,0.04365000,2026-08-19T16:19:28.925000+00:00
binance,6582464986,4035602437,BTCUSDT,buy,68676.98000000,0.04365000,2026-08-19T16:19:28.926000+00:00
binance,6582464987,4035602438,BTCUSDT,buy,68676.98000000,0.04365000,2026-08-19T16:19:28.926000+00:00
binance,6582464989,4035602439,BTCUSDT,buy,68676.98000000,0.12668000,2026-08-19T16:19:28.927000+00:00
binance,6582464991,4035602440,BTCUSDT,buy,68676.98000000,0.01746000,2026-08-19T16:19:28.928000+00:00
binance,6582464992,4035602441,BTCUSDT,buy,68676.98000000,0.01746000,2026-08-19T16:19:28.928000+00:00
binance,6582464993,4035602442,BTCUSDT,buy,68676.98000000,0.01746000,2026-08-19T16:19:28.928000+00:00
binance,6582464994,4035602443,BTCUSDT,buy,68676.98000000,0.04171000,2026-08-19T16:19:28.929000+00:00
binance,6582464995,4035602444,BTCUSDT,buy,68676.98000000,0.04171000,2026-08-19T16:19:28.929000+00:00
binance,6582464997,4035602445,BTCUSDT,buy,68676.98000000,0.04365000,2026-08-19T16:19:28.929000+00:00
binance,6582464999,4035602446,BTCUSDT,buy,68676.98000000,0.04921000,2026-08-19T16:19:28.931000+00:00
binance,6582465000,4035602447,BTCUSDT,buy,68676.98000000,0.01122000,2026-08-19T16:19:28.933000+00:00
binance,6582465001,4035602448,BTCUSDT,buy,68676.98000000,0.00261000,2026-08-19T16:19:28.934000+00:00
binance,6582465002,4035602449,BTCUSDT,buy,68676.98000000,1.07414000,2026-08-19T16:19:28.934000+00:00
binance,6582465022,4035602450,BTCUSDT,buy,68676.99000000,0.00008000,2026-08-19T16:19:28.935000+00:00
binance,6582465023,4035602451,BTCUSDT,buy,68677.29000000,0.00008000,2026-08-19T16:19:28.936000+00:00
binance,6582465024,4035602452,BTCUSDT,buy,68678.40000000,0.00400000,2026-08-19T16:19:28.937000+00:00
binance,6582465025,4035602453,BTCUSDT,buy,68678.83000000,0.00033000,2026-08-19T16:19:28.937000+00:00
binance,6582465029,4035602454,BTCUSDT,buy,68678.84000000,0.01312000,2026-08-19T16:19:28.937000+00:00
binance,6582465031,4035602455,BTCUSDT,buy,68678.84000000,0.01310000,2026-08-19T16:19:28.938000+00:00
binance,6582465032,4035602456,BTCUSDT,buy,68678.84000000,0.01310000,2026-08-19T16:19:28.938000+00:00
binance,6582465033,4035602457,BTCUSDT,buy,68678.84000000,0.00337000,2026-08-19T16:19:28.939000+00:00
binance,6582465037,4035602458,BTCUSDT,buy,68678.85000000,0.00008000,2026-08-19T16:19:28.939000+00:00
binance,6582465038,4035602459,BTCUSDT,buy,68679.36000000,0.00024000,2026-08-19T16:19:28.939000+00:00
binance,6582465041,4035602460,BTCUSDT,buy,68679.37000000,0.01376000,2026-08-19T16:19:28.939000+00:00
binance,6582465042,4035602461,BTCUSDT,buy,68679.37000000,0.00008000,2026-08-19T16:19:28.941000+00:00
binance,6582465043,4035602462,BTCUSDT,buy,68679.49000000,0.00008000,2026-08-19T16:19:28.941000+00:00
binance,6582465044,4035602463,BTCUSDT,buy,68679.37000000,0.00018000,2026-08-19T16:19:28.942000+00:00
binance,6582465046,4035602464,BTCUSDT,buy,68679.38000000,0.00008000,2026-08-19T16:19:28.942000+00:00
binance,6582465047,4035602465,BTCUSDT,buy,68679.66000000,0.00024000,2026-08-19T16:19:28.942000+00:00
binance,6582465050,4035602466,BTCUSDT,buy,68679.67000000,0.00008000,2026-08-19T16:19:28.942000+00:00
binance,6582465051,4035602467,BTCUSDT,buy,68679.68000000,0.00024000,2026-08-19T16:19:28.942000+00:00
binance,6582465054,4035602468,BTCUSDT,buy,68679.69000000,0.00008000,2026-08-19T16:19:28.942000+00:00
binance,6582465055,4035602469,BTCUSDT,buy,68679.70000000,0.00008000,2026-08-19T16:19:28.942000+00:00
binance,6582465056,4035602470,BTCUSDT,buy,68680.45000000,0.00024000,2026-08-19T16:19:28.942000+00:00
binance,6582465059,4035602471,BTCUSDT,buy,68680.46000000,0.01928000,2026-08-19T16:19:28.942000+00:00
binance,6582465060,4035602472,BTCUSDT,buy,68680.46000000,0.00120000,2026-08-19T16:19:28.943000+00:00
binance,6582465061,4035602473,BTCUSDT,buy,68680.46000000,0.02559000,2026-08-19T16:19:28.949000+00:00
binance,6582465062,4035602474,BTCUSDT,buy,68680.46000000,0.00881000,2026-08-19T16:19:28.949000+00:00
binance,6582465063,4035602475,BTCUSDT,buy,68680.46000000,0.00720000,2026-08-19T16:19:28.949000+00:00
binance,6582465064,4035602476,BTCUSDT,buy,68680.46000000,0.00730000,2026-08-19T16:19:28.949000+00:00
binance,6582465065,4035602477,BTCUSDT,buy,68680.46000000,0.00710000,2026-08-19T16:19:28.950000+00:00
binance,6582465066,4035602478,BTCUSDT,buy,68680.46000000,0.01252000,2026-08-19T16:19:28.957000+00:00
binance,6582465067,4035602479,BTCUSDT,buy,68680.46000000,0.00860000,2026-08-19T16:19:28.958000+00:00
binance,6582465068,4035602480,BTCUSDT,buy,68680.46000000,0.03776000,2026-08-19T16:19:28.958000+00:00
binance,6582465074,4035602481,BTCUSDT,buy,68680.47000000,0.04300000,2026-08-19T16:19:28.958000+00:00
binance,6582465076,4035602482,BTCUSDT,buy,68680.47000000,0.03161000,2026-08-19T16:19:28.969000+00:00
binance,6582465077,4035602483,BTCUSDT,buy,68680.47000000,0.12071000,2026-08-19T16:19:28.970000+00:00
binance,6582465082,4035602484,BTCUSDT,buy,68680.48000000,0.00016000,2026-08-19T16:19:28.970000+00:00
binance,6582465084,4035602485,BTCUSDT,buy,68681.05000000,0.00017000,2026-08-19T16:19:28.971000+00:00
binance,6582465086,4035602486,BTCUSDT,buy,68681.24000000,0.00008000,2026-08-19T16:19:28.971000+00:00
binance,6582465087,4035602487,BTCUSDT,buy,68681.26000000,0.04262000,2026-08-19T16:19:28.977000+00:00
binance,6582465092,4035602488,BTCUSDT,buy,68681.27000000,0.00008000,2026-08-19T16:19:28.977000+00:00
binance,6582465093,4035602489,BTCUSDT,buy,68681.79000000,0.00010000,2026-08-19T16:19:28.979000+00:00
binance,6582465095,4035602490,BTCUSDT,buy,68681.79000000,0.00032000,2026-08-19T16:19:28.982000+00:00
binance,6582465099,4035602491,BTCUSDT,buy,68681.80000000,0.00008000,2026-08-19T16:19:28.982000+00:00
binance,6582465100,4035602492,BTCUSDT,buy,68682.16000000,0.00008000,2026-08-19T16:19:28.982000+00:00
binance,6582465101,4035602493,BTCUSDT,buy,68682.34000000,0.00008000,2026-08-19T16:19:28.982000+00:00
binance,6582465102,4035602494,BTCUSDT,buy,68682.36000000,0.00008000,2026-08-19T16:19:28.982000+00:00
binance,6582465103,4035602495,BTCUSDT,buy,68682.72000000,0.00008000,2026-08-19T16:19:28.982000+00:00
binance,6582465104,4035602496,BTCUSDT,buy,68682.90000000,0.00024000,2026-08-19T16:19:28.982000+00:00
binance,6582465107,4035602497,BTCUSDT,buy,68682.91000000,0.00185000,2026-08-19T16:19:28.987000+00:00
binance,6582465111,4035602498,BTCUSDT,buy,68682.92000000,0.00008000,2026-08-19T16:19:28.987000+00:00
binance,6582465112,4035602499,BTCUSDT,buy,68683.13000000,0.00008000,2026-08-19T16:19:28.987000+00:00
binance,6582465113,4035602500,BTCUSDT,buy,68683.67000000,0.00024000,2026-08-19T16:19:28.987000+00:00
binance,6582465116,4035602501,BTCUSDT,buy,68683.99000000,0.00008000,2026-08-19T16:19:28.987000+00:00
binance,6582465117,4035602502,BTCUSDT,buy,68684.00000000,0.02612000,2026-08-19T16:19:28.995000+00:00
binance,6582465118,4035602503,BTCUSDT,buy,68684.00000000,0.00841000,2026-08-19T16:19:29+00:00
binance,6582465119,4035602504,BTCUSDT,buy,68684.00000000,0.01464000,2026-08-19T16:19:29+00:00
binance,6582465120,4035602505,BTCUSDT,buy,68684.00000000,0.13180000,2026-08-19T16:19:29.001000+00:00
binance,6582465121,4035602506,BTCUSDT,buy,68684.00000000,0.01429000,2026-08-19T16:19:29.001000+00:00
binance,6582465127,4035602507,BTCUSDT,buy,68684.01000000,0.00008000,2026-08-19T16:19:29.001000+00:00
binance,6582465128,4035602508,BTCUSDT,buy,68684.09000000,0.00008000,2026-08-19T16:19:29.001000+00:00
binance,6582465129,4035602509,BTCUSDT,buy,68684.42000000,0.00008000,2026-08-19T16:19:29.001000+00:00
binance,6582465130,4035602510,BTCUSDT,buy,68684.52000000,0.00008000,2026-08-19T16:19:29.001000+00:00
binance,6582465131,4035602511,BTCUSDT,buy,68684.87000000,0.00008000,2026-08-19T16:19:29.001000+00:00
binance,6582465132,4035602512,BTCUSDT,buy,68685.11000000,0.00008000,2026-08-19T16:19:29.001000+00:00
binance,6582465133,4035602513,BTCUSDT,buy,68685.21000000,0.00008000,2026-08-19T16:19:29.001000+00:00
binance,6582465134,4035602514,BTCUSDT,buy,68685.22000000,0.00008000,2026-08-19T16:19:29.001000+00:00
binance,6582465135,4035602515,BTCUSDT,buy,68685.95000000,0.00027000,2026-08-19T16:19:29.003000+00:00
binance,6582465138,4035602516,BTCUSDT,buy,68686.41000000,0.00024000,2026-08-19T16:19:29.003000+00:00
binance,6582465141,4035602517,BTCUSDT,buy,68686.61000000,0.00008000,2026-08-19T16:19:29.003000+00:00
binance,6582465142,4035602518,BTCUSDT,buy,68687.72000000,0.00011000,2026-08-19T16:19:29.003000+00:00
binance,6582465143,4035602519,BTCUSDT,buy,68688.00000000,0.00008000,2026-08-19T16:19:29.003000+00:00
binance,6582465144,4035602520,BTCUSDT,buy,68688.17000000,0.00024000,2026-08-19T16:19:29.003000+00:00
binance,6582465147,4035602521,BTCUSDT,buy,68688.26000000,0.00024000,2026-08-19T16:19:29.003000+00:00
binance,6582465150,4035602522,BTCUSDT,buy,68689.18000000,0.00017000,2026-08-19T16:19:29.003000+00:00
binance,6582465152,4035602523,BTCUSDT,buy,68689.40000000,0.00008000,2026-08-19T16:19:29.003000+00:00
binance,6582465153,4035602524,BTCUSDT,buy,68689.48000000,0.00018000,2026-08-19T16:19:29.003000+00:00
binance,6582465154,4035602525,BTCUSDT,buy,68689.78000000,0.00009000,2026-08-19T16:19:29.003000+00:00
binance,6582465155,4035602526,BTCUSDT,buy,68690.06000000,0.00024000,2026-08-19T16:19:29.003000+00:00
binance,6582465158,4035602527,BTCUSDT,buy,68690.07000000,0.01798000,2026-08-19T16:19:29.003000+00:00
binance,6582465159,4035602528,BTCUSDT,buy,68690.07000000,0.00026000,2026-08-19T16:19:29.009000+00:00
binance,6582465162,4035602529,BTCUSDT,buy,68691.12000000,0.00008000,2026-08-19T16:19:29.012000+00:00
binance,6582465163,4035602530,BTCUSDT,buy,68691.48000000,0.00026000,2026-08-19T16:19:29.013000+00:00
binance,6582465166,4035602531,BTCUSDT,buy,68691.69000000,0.00009000,2026-08-19T16:19:29.013000+00:00
binance,6582465167,4035602532,BTCUSDT,buy,68692.41000000,0.00035000,2026-08-19T16:19:29.017000+00:00
binance,6582465171,4035602533,BTCUSDT,buy,68692.42000000,0.00008000,2026-08-19T16:19:29.017000+00:00
binance,6582465172,4035602534,BTCUSDT,buy,68692.49000000,0.00016000,2026-08-19T16:19:29.017000+00:00
binance,6582465173,4035602535,BTCUSDT,buy,68692.50000000,0.00241000,2026-08-19T16:19:29.017000+00:00
binance,6582465174,4035602536,BTCUSDT,buy,68692.50000000,0.00313000,2026-08-19T16:19:29.025000+00:00
binance,6582465179,4035602537,BTCUSDT,buy,68692.51000000,0.00008000,2026-08-19T16:19:29.025000+00:00
binance,6582465180,4035602538,BTCUSDT,buy,68693.54000000,0.02000000,2026-08-19T16:19:29.042000+00:00
binance,6582465184,4035602539,BTCUSDT,buy,68693.54000000,0.01000000,2026-08-19T16:19:29.043000+00:00
binance,6582465187,4035602540,BTCUSDT,buy,68693.54000000,0.08000000,2026-08-19T16:19:29.114000+00:00
binance,6582465188,4035602541,BTCUSDT,buy,68693.54000000,0.02000000,2026-08-19T16:19:29.114000+00:00
binance,6582465189,4035602542,BTCUSDT,buy,68693.54000000,0.00799000,2026-08-19T16:19:29.147000+00:00
binance,6582465190,4035602543,BTCUSDT,buy,68693.54000000,0.01002000,2026-08-19T16:19:29.152000+00:00
binance,6582465191,4035602544,BTCUSDT,buy,68693.54000000,0.00536000,2026-08-19T16:19:29.155000+00:00
binance,6582465192,4035602545,BTCUSDT,buy,68693.54000000,0.00532000,2026-08-19T16:19:29.155000+00:00
binance,6582465193,4035602546,BTCUSDT,buy,68693.54000000,0.03023000,2026-08-19T16:19:29.223000+00:00
binance,6582465194,4035602547,BTCUSDT,buy,68693.54000000,0.00300000,2026-08-19T16:19:29.259000+00:00
binance,6582465195,4035602548,BTCUSDT,buy,68693.54000000,0.00123000,2026-08-19T16:19:29.381000+00:00
binance,6582465209,4035602549,BTCUSDT,buy,68693.55000000,0.00024000,2026-08-19T16:19:29.381000+00:00
binance,6582465212,4035602550,BTCUSDT,buy,68694.55000000,0.00008000,2026-08-19T16:19:29.381000+00:00
binance,6582465213,4035602551,BTCUSDT,buy,68695.64000000,0.00017000,2026-08-19T16:19:29.381000+00:00
binance,6582465215,4035602552,BTCUSDT,buy,68695.95000000,0.00024000,2026-08-19T16:19:29.381000+00:00
binance,6582465218,4035602553,BTCUSDT,buy,68695.96000000,0.00455000,2026-08-19T16:19:29.386000+00:00
binance,6582465228,4035602554,BTCUSDT,buy,68695.97000000,0.00024000,2026-08-19T16:19:29.386000+00:00
binance,6582465231,4035602555,BTCUSDT,buy,68696.16000000,0.00009000,2026-08-19T16:19:29.386000+00:00
binance,6582465232,4035602556,BTCUSDT,buy,68696.41000000,0.00018000,2026-08-19T16:19:29.386000+00:00
binance,6582465233,4035602557,BTCUSDT,buy,68697.19000000,0.00008000,2026-08-19T16:19:29.386000+00:00
binance,6582465234,4035602558,BTCUSDT,buy,68698.39000000,0.05758000,2026-08-19T16:19:29.386000+00:00
binance,6582465235,4035602559,BTCUSDT,buy,68698.87000000,0.00008000,2026-08-19T16:19:29.386000+00:00
binance,6582465236,4035602560,BTCUSDT,buy,68699.98000000,0.02000000,2026-08-19T16:19:29.559000+00:00
binance,6582465241,4035602561,BTCUSDT,buy,68699.98000000,0.04000000,2026-08-19T16:19:29.559000+00:00
binance,6582465242,4035602562,BTCUSDT,buy,68699.98000000,0.03900000,2026-08-19T16:19:29.563000+00:00
binance,6582465243,4035602563,BTCUSDT,buy,68699.98000000,0.00100000,2026-08-19T16:19:29.563000+00:00
binance,6582465244,4035602564,BTCUSDT,buy,68699.98000000,0.00300000,2026-08-19T16:19:29.572000+00:00
binance,6582465245,4035602565,BTCUSDT,buy,68699.98000000,0.00714000,2026-08-19T16:19:29.670000+00:00
binance,6582465251,4035602566,BTCUSDT,buy,68699.98000000,0.00010000,2026-08-19T16:19:29.677000+00:00
binance,6582465252,4035602567,BTCUSDT,buy,68699.98000000,0.00300000,2026-08-19T16:19:29.707000+00:00
binance,6582465253,4035602568,BTCUSDT,buy,68699.98000000,0.00854000,2026-08-19T16:19:29.741000+00:00
binance,6582465254,4035602569,BTCUSDT,buy,68699.98000000,0.09383000,2026-08-19T16:19:29.892000+00:00
binance,6582465272,4035602570,BTCUSDT,buy,68699.99000000,0.00086000,2026-08-19T16:19:29.892000+00:00
binance,6582465283,4035602571,BTCUSDT,buy,68700.00000000,0.00280000,2026-08-19T16:19:30.003000+00:00
binance,6582465284,4035602572,BTCUSDT,buy,68700.00000000,0.00503000,2026-08-19T16:19:30.028000+00:00
binance,6582465285,4035602573,BTCUSDT,buy,68700.00000000,0.01443000,2026-08-19T16:19:30.122000+00:00
binance,6582465286,4035602574,BTCUSDT,sell,68699.99000000,0.00018000,2026-08-19T16:19:30.160000+00:00
binance,6582465287,4035602575,BTCUSDT,buy,68700.00000000,0.00136000,2026-08-19T16:19:30.275000+00:00
binance,6582465288,4035602576,BTCUSDT,sell,68699.99000000,0.00011000,2026-08-19T16:19:30.393000+00:00
binance,6582465289,4035602577,BTCUSDT,buy,68700.00000000,0.00010000,2026-08-19T16:19:30.448000+00:00
binance,6582465290,4035602578,BTCUSDT,sell,68699.99000000,0.00955000,2026-08-19T16:19:30.545000+00:00
binance,6582465291,4035602579,BTCUSDT,buy,68700.00000000,0.00815000,2026-08-19T16:19:30.668000+00:00
binance,6582465292,4035602580,BTCUSDT,sell,68699.99000000,0.00145000,2026-08-19T16:19:30.749000+00:00
binance,6582465293,4035602581,BTCUSDT,sell,68699.99000000,0.00031000,2026-08-19T16:19:30.983000+00:00
binance,6582465294,4035602582,BTCUSDT,sell,68699.99000000,0.00028000,2026-08-19T16:19:31.168000+00:00
binance,6582465295,4035602583,BTCUSDT,sell,68699.99000000,0.00010000,2026-08-19T16:19:31.191000+00:00
binance,6582465296,4035602584,BTCUSDT,sell,68699.99000000,0.00309000,2026-08-19T16:19:31.255000+00:00
binance,6582465297,4035602585,BTCUSDT,sell,68699.99000000,0.00013000,2026-08-19T16:19:31.429000+00:00
binance,6582465298,4035602586,BTCUSDT,sell,68699.99000000,0.00008000,2026-08-19T16:19:31.503000+00:00
binance,6582465299,4035602587,BTCUSDT,sell,68699.99000000,0.00017000,2026-08-19T16:19:31.749000+00:00
binance,6582465300,4035602588,BTCUSDT,sell,68699.99000000,0.00086000,2026-08-19T16:19:32.148000+00:00
binance,6582459070,4035600589,BTCUSDT,sell,68674.50000000,0.01147000,2026-08-19T16:17:48.772000+00:00
binance,6582459072,4035600590,BTCUSDT,sell,68674.00000000,0.00008000,2026-08-19T16:17:48.772000+00:00
binance,6582459073,4035600591,BTCUSDT,sell,68673.96000000,0.00017000,2026-08-19T16:17:48.772000+00:00
binance,6582459075,4035600592,BTCUSDT,sell,68673.89000000,0.00024000,2026-08-19T16:17:48.772000+00:00
binance,6582459078,4035600593,BTCUSDT,sell,68673.88000000,0.01638000,2026-08-19T16:17:48.772000+00:00
binance,6582459080,4035600594,BTCUSDT,sell,68673.71000000,0.00013000,2026-08-19T16:17:48.772000+00:00
binance,6582459081,4035600595,BTCUSDT,sell,68673.71000000,0.00087000,2026-08-19T16:17:48.773000+00:00
binance,6582459082,4035600596,BTCUSDT,sell,68673.03000000,0.00008000,2026-08-19T16:17:48.773000+00:00
binance,6582459083,4035600597,BTCUSDT,sell,68672.76000000,0.00040000,2026-08-19T16:17:48.773000+00:00
binance,6582459088,4035600598,BTCUSDT,sell,68672.74000000,0.00024000,2026-08-19T16:17:48.773000+00:00
binance,6582459091,4035600599,BTCUSDT,buy,68672.75000000,0.00128000,2026-08-19T16:17:48.775000+00:00
binance,6582459092,4035600600,BTCUSDT,buy,68672.75000000,0.00128000,2026-08-19T16:17:48.775000+00:00
binance,6582459093,4035600601,BTCUSDT,buy,68672.75000000,0.00128000,2026-08-19T16:17:48.775000+00:00
binance,6582459094,4035600602,BTCUSDT,buy,68672.75000000,0.00128000,2026-08-19T16:17:48.775000+00:00
binance,6582459095,4035600603,BTCUSDT,buy,68672.75000000,0.00128000,2026-08-19T16:17:48.775000+00:00
binance,6582459096,4035600604,BTCUSDT,buy,68672.75000000,0.00144000,2026-08-19T16:17:48.775000+00:00
binance,6582459097,4035600605,BTCUSDT,buy,68672.75000000,0.00128000,2026-08-19T16:17:48.775000+00:00
binance,6582459098,4035600606,BTCUSDT,buy,68672.75000000,0.00128000,2026-08-19T16:17:48.775000+00:00
binance,6582459099,4035600607,BTCUSDT,buy,68672.75000000,0.00128000,2026-08-19T16:17:48.775000+00:00
binance,6582459100,4035600608,BTCUSDT,buy,68672.75000000,0.00128000,2026-08-19T16:17:48.775000+00:00
binance,6582459101,4035600609,BTCUSDT,buy,68672.75000000,0.00128000,2026-08-19T16:17:48.775000+00:00
binance,6582459102,4035600610,BTCUSDT,buy,68672.75000000,0.00128000,2026-08-19T16:17:48.775000+00:00
binance,6582459103,4035600611,BTCUSDT,buy,68672.75000000,0.01454000,2026-08-19T16:17:48.775000+00:00
binance,6582459104,4035600612,BTCUSDT,sell,68672.74000000,0.00018000,2026-08-19T16:17:48.776000+00:00
binance,6582459106,4035600613,BTCUSDT,sell,68671.55000000,0.00058000,2026-08-19T16:17:48.776000+00:00
binance,6582459113,4035600614,BTCUSDT,sell,68671.29000000,0.00011000,2026-08-19T16:17:48.776000+00:00
binance,6582459114,4035600615,BTCUSDT,sell,68671.07000000,0.00024000,2026-08-19T16:17:48.776000+00:00
binance,6582459117,4035600616,BTCUSDT,sell,68671.06000000,0.01129000,2026-08-19T16:17:48.776000+00:00
binance,6582459118,4035600617,BTCUSDT,buy,68671.07000000,0.00128000,2026-08-19T16:17:48.776000+00:00
binance,6582459119,4035600618,BTCUSDT,buy,68671.07000000,0.00128000,2026-08-19T16:17:48.776000+00:00
binance,6582459120,4035600619,BTCUSDT,buy,68671.07000000,0.00128000,2026-08-19T16:17:48.776000+00:00
binance,6582459121,4035600620,BTCUSDT,buy,68671.07000000,0.00128000,2026-08-19T16:17:48.776000+00:00
binance,6582459122,4035600621,BTCUSDT,buy,68671.07000000,0.24814000,2026-08-19T16:17:48.776000+00:00
binance,6582459124,4035600622,BTCUSDT,buy,68671.07000000,0.03998000,2026-08-19T16:17:48.776000+00:00
binance,6582459125,4035600623,BTCUSDT,buy,68671.30000000,0.27751000,2026-08-19T16:17:48.776000+00:00
binance,6582459126,4035600624,BTCUSDT,sell,68671.06000000,0.00074000,2026-08-19T16:17:48.776000+00:00
binance,6582459130,4035600625,BTCUSDT,sell,68670.52000000,0.00009000,2026-08-19T16:17:48.776000+00:00
binance,6582459131,4035600626,BTCUSDT,sell,68670.00000000,0.00017000,2026-08-19T16:17:48.776000+00:00
binance,6582459133,4035600627,BTCUSDT,sell,68669.87000000,0.00008000,2026-08-19T16:17:48.776000+00:00
binance,6582459134,4035600628,BTCUSDT,sell,68669.81000000,0.00008000,2026-08-19T16:17:48.776000+00:00
binance,6582459135,4035600629,BTCUSDT,sell,68669.80000000,0.00017000,2026-08-19T16:17:48.776000+00:00
binance,6582459137,4035600630,BTCUSDT,sell,68669.49000000,0.00024000,2026-08-19T16:17:48.776000+00:00
binance,6582459140,4035600631,BTCUSDT,sell,68669.48000000,0.01843000,2026-08-19T16:17:48.776000+00:00
binance,6582459141,4035600632,BTCUSDT,buy,68669.49000000,0.00037000,2026-08-19T16:17:48.776000+00:00
binance,6582459142,4035600633,BTCUSDT,buy,68669.49000000,0.29287000,2026-08-19T16:17:48.776000+00:00
binance,6582459144,4035600634,BTCUSDT,buy,68669.88000000,0.02068000,2026-08-19T16:17:48.776000+00:00
binance,6582459145,4035600635,BTCUSDT,buy,68669.88000000,0.12557000,2026-08-19T16:17:48.776000+00:00
binance,6582459146,4035600636,BTCUSDT,buy,68671.30000000,0.12249000,2026-08-19T16:17:48.776000+00:00
binance,6582459147,4035600637,BTCUSDT,buy,68671.56000000,0.04700000,2026-08-19T16:17:48.776000+00:00
binance,6582459149,4035600638,BTCUSDT,buy,68671.56000000,0.00128000,2026-08-19T16:17:48.776000+00:00
binance,6582459150,4035600639,BTCUSDT,buy,68671.56000000,0.19299000,2026-08-19T16:17:48.776000+00:00
binance,6582459153,4035600640,BTCUSDT,buy,68672.74000000,0.13461000,2026-08-19T16:17:48.776000+00:00
binance,6582459155,4035600641,BTCUSDT,buy,68671.73000000,0.02640000,2026-08-19T16:17:48.776000+00:00
binance,6582459156,4035600642,BTCUSDT,buy,68672.74000000,0.12930000,2026-08-19T16:17:48.776000+00:00
binance,6582459157,4035600643,BTCUSDT,buy,68672.74000000,0.00128000,2026-08-19T16:17:48.776000+00:00
binance,6582459158,4035600644,BTCUSDT,buy,68671.56000000,0.00145000,2026-08-19T16:17:48.776000+00:00
binance,6582459159,4035600645,BTCUSDT,buy,68671.56000000,0.00215000,2026-08-19T16:17:48.776000+00:00
binance,6582459161,4035600646,BTCUSDT,buy,68672.74000000,0.04151000,2026-08-19T16:17:48.776000+00:00
binance,6582459162,4035600647,BTCUSDT,buy,68671.56000000,0.18769000,2026-08-19T16:17:48.776000+00:00
binance,6582459163,4035600648,BTCUSDT,buy,68672.74000000,0.11812000,2026-08-19T16:17:48.776000+00:00
binance,6582459164,4035600649,BTCUSDT,buy,68672.74000000,0.22682000,2026-08-19T16:17:48.777000+00:00
binance,6582459167,4035600650,BTCUSDT,buy,68671.56000000,0.01568000,2026-08-19T16:17:48.777000+00:00
binance,6582459168,4035600651,BTCUSDT,buy,68672.74000000,0.19314000,2026-08-19T16:17:48.777000+00:00
binance,6582459169,4035600652,BTCUSDT,buy,68672.75000000,0.10028000,2026-08-19T16:17:48.777000+00:00
binance,6582459176,4035600653,BTCUSDT,buy,68672.75000000,0.10374000,2026-08-19T16:17:48.777000+00:00
binance,6582459177,4035600654,BTCUSDT,buy,68672.75000000,0.31808000,2026-08-19T16:17:48.777000+00:00
binance,6582459178,4035600655,BTCUSDT,buy,68672.75000000,0.10374000,2026-08-19T16:17:48.777000+00:00
binance,6582459179,4035600656,BTCUSDT,buy,68672.75000000,0.00128000,2026-08-19T16:17:48.777000+00:00
binance,6582459180,4035600657,BTCUSDT,sell,68672.74000000,0.00008000,2026-08-19T16:17:48.777000+00:00
binance,6582459181,4035600658,BTCUSDT,sell,68672.73000000,0.00008000,2026-08-19T16:17:48.777000+00:00
binance,6582459182,4035600659,BTCUSDT,sell,68669.48000000,0.00173000,2026-08-19T16:17:48.777000+00:00
binance,6582459185,4035600660,BTCUSDT,sell,68668.85000000,0.00024000,2026-08-19T16:17:48.777000+00:00
binance,6582459188,4035600661,BTCUSDT,sell,68668.84000000,0.00008000,2026-08-19T16:17:48.777000+00:00
binance,6582459189,4035600662,BTCUSDT,sell,68668.81000000,0.00008000,2026-08-19T16:17:48.777000+00:00
binance,6582459190,4035600663,BTCUSDT,sell,68668.69000000,0.00018000,2026-08-19T16:17:48.777000+00:00
binance,6582459191,4035600664,BTCUSDT,buy,68668.36000000,0.00082000,2026-08-19T16:17:48.777000+00:00
binance,6582459192,4035600665,BTCUSDT,buy,68668.36000000,0.09462000,2026-08-19T16:17:48.778000+00:00
binance,6582459193,4035600666,BTCUSDT,buy,68668.36000000,0.04226000,2026-08-19T16:17:48.778000+00:00
binance,6582459194,4035600667,BTCUSDT,buy,68668.85000000,0.05236000,2026-08-19T16:17:48.778000+00:00
binance,6582459195,4035600668,BTCUSDT,sell,68668.18000000,0.00050000,2026-08-19T16:17:48.778000+00:00
binance,6582459200,4035600669,BTCUSDT,buy,68668.36000000,0.09462000,2026-08-19T16:17:48.778000+00:00
binance,6582459201,4035600670,BTCUSDT,buy,68668.36000000,0.05178000,2026-08-19T16:17:48.778000+00:00
binance,6582459202,4035600671,BTCUSDT,buy,68668.70000000,0.05196000,2026-08-19T16:17:48.778000+00:00
binance,6582459203,4035600672,BTCUSDT,buy,68668.70000000,0.09444000,2026-08-19T16:17:48.778000+00:00
binance,6582459204,4035600673,BTCUSDT,buy,68668.82000000,0.03273000,2026-08-19T16:17:48.778000+00:00
binance,6582459205,4035600674,BTCUSDT,buy,68668.82000000,0.11367000,2026-08-19T16:17:48.779000+00:00
binance,6582459206,4035600675,BTCUSDT,buy,68668.85000000,0.17736000,2026-08-19T16:17:48.779000+00:00
binance,6582459208,4035600676,BTCUSDT,buy,68668.85000000,0.09462000,2026-08-19T16:17:48.779000+00:00
binance,6582459209,4035600677,BTCUSDT,buy,68668.85000000,0.29460000,2026-08-19T16:17:48.779000+00:00
binance,6582459211,4035600678,BTCUSDT,buy,68668.85000000,0.26934000,2026-08-19T16:17:48.779000+00:00
binance,6582459213,4035600679,BTCUSDT,buy,68668.86000000,0.00180000,2026-08-19T16:17:48.779000+00:00
binance,6582459214,4035600680,BTCUSDT,buy,68669.48000000,0.01316000,2026-08-19T16:17:48.779000+00:00
binance,6582459215,4035600681,BTCUSDT,buy,68669.49000000,0.27515000,2026-08-19T16:17:48.779000+00:00
binance,6582459219,4035600682,BTCUSDT,buy,68669.80000000,0.00008000,2026-08-19T16:17:48.779000+00:00
binance,6582459220,4035600683,BTCUSDT,buy,68669.81000000,0.00054000,2026-08-19T16:17:48.779000+00:00
binance,6582459221,4035600684,BTCUSDT,buy,68669.81000000,0.00075000,2026-08-19T16:17:48.779000+00:00
binance,6582459222,4035600685,BTCUSDT,buy,68669.81000000,0.13641000,2026-08-19T16:17:48.779000+00:00
binance,6582459223,4035600686,BTCUSDT,buy,68669.82000000,0.13770000,2026-08-19T16:17:48.779000+00:00
binance,6582459224,4035600687,BTCUSDT,buy,68669.88000000,0.05349000,2026-08-19T16:17:48.779000+00:00
binance,6582459225,4035600688,BTCUSDT,buy,68669.88000000,0.08421000,2026-08-19T16:17:48.779000+00:00
binance,6582459226,4035600689,BTCUSDT,buy,68670.01000000,0.13770000,2026-08-19T16:17:48.779000+00:00
binance,6582459227,4035600690,BTCUSDT,buy,68670.53000000,0.07482000,2026-08-19T16:17:48.779000+00:00
binance,6582459228,4035600691,BTCUSDT,buy,68669.49000000,0.00180000,2026-08-19T16:17:48.779000+00:00
binance,6582459229,4035600692,BTCUSDT,buy,68671.07000000,0.30586000,2026-08-19T16:17:48.779000+00:00
binance,6582459233,4035600693,BTCUSDT,buy,68671.07000000,0.04334000,2026-08-19T16:17:48.779000+00:00
binance,6582459234,4035600694,BTCUSDT,buy,68671.24000000,0.06040000,2026-08-19T16:17:48.779000+00:00
binance,6582459235,4035600695,BTCUSDT,buy,68669.80000000,0.00008000,2026-08-19T16:17:48.779000+00:00
binance,6582459236,4035600696,BTCUSDT,buy,68671.24000000,0.01460000,2026-08-19T16:17:48.779000+00:00
binance,6582459237,4035600697,BTCUSDT,buy,68671.30000000,0.00016000,2026-08-19T16:17:48.779000+00:00
binance,6582459239,4035600698,BTCUSDT,buy,68671.56000000,0.14247000,2026-08-19T16:17:48.779000+00:00
binance,6582459240,4035600699,BTCUSDT,buy,68671.56000000,0.17302000,2026-08-19T16:17:48.779000+00:00
binance,6582459241,4035600700,BTCUSDT,buy,68668.19000000,0.10269000,2026-08-19T16:17:48.780000+00:00
binance,6582459242,4035600701,BTCUSDT,buy,68668.86000000,0.00030000,2026-08-19T16:17:48.780000+00:00
binance,6582459243,4035600702,BTCUSDT,buy,68669.49000000,0.10040000,2026-08-19T16:17:48.780000+00:00
binance,6582459244,4035600703,BTCUSDT,buy,68670.38000000,0.00030000,2026-08-19T16:17:48.780000+00:00
binance,6582459245,4035600704,BTCUSDT,buy,68671.56000000,0.09304000,2026-08-19T16:17:48.780000+00:00
binance,6582459246,4035600705,BTCUSDT,buy,68671.56000000,0.19562000,2026-08-19T16:17:48.780000+00:00
binance,6582459247,4035600706,BTCUSDT,buy,68669.71000000,0.02621000,2026-08-19T16:17:48.780000+00:00
binance,6582459248,4035600707,BTCUSDT,buy,68671.56000000,0.20061000,2026-08-19T16:17:48.780000+00:00
binance,6582459249,4035600708,BTCUSDT,buy,68668.19000000,0.00008000,2026-08-19T16:17:48.780000+00:00
binance,6582459250,4035600709,BTCUSDT,buy,68668.84000000,0.06057000,2026-08-19T16:17:48.780000+00:00
binance,6582459251,4035600710,BTCUSDT,buy,68668.19000000,0.00012000,2026-08-19T16:17:48.781000+00:00
binance,6582459252,4035600711,BTCUSDT,sell,68668.18000000,0.00034000,2026-08-19T16:17:48.782000+00:00
binance,6582459256,4035600712,BTCUSDT,sell,68667.92000000,0.00016000,2026-08-19T16:17:48.782000+00:00
binance,6582459258,4035600713,BTCUSDT,sell,68667.65000000,0.00042000,2026-08-19T16:17:48.782000+00:00
binance,6582459263,4035600714,BTCUSDT,sell,68667.63000000,0.00024000,2026-08-19T16:17:48.782000+00:00
binance,6582459266,4035600715,BTCUSDT,sell,68667.62000000,0.01191000,2026-08-19T16:17:48.782000+00:00
binance,6582459267,4035600716,BTCUSDT,sell,68667.09000000,0.00009000,2026-08-19T16:17:48.782000+00:00
binance,6582459268,4035600717,BTCUSDT,sell,68666.57000000,0.00008000,2026-08-19T16:17:48.782000+00:00
binance,6582459269,4035600718,BTCUSDT,sell,68665.97000000,0.00009000,2026-08-19T16:17:48.782000+00:00
binance,6582459270,4035600719,BTCUSDT,sell,68665.86000000,0.00016000,2026-08-19T16:17:48.782000+00:00
binance,6582459272,4035600720,BTCUSDT,sell,68665.61000000,0.00032000,2026-08-19T16:17:48.782000+00:00
binance,6582459276,4035600721,BTCUSDT,sell,68665.60000000,0.00040000,2026-08-19T16:17:48.782000+00:00
binance,6582459281,4035600722,BTCUSDT,sell,68665.60000000,0.02020000,2026-08-19T16:17:48.797000+00:00
binance,6582459285,4035600723,BTCUSDT,sell,68665.60000000,0.00028000,2026-08-19T16:17:48.797000+00:00
binance,6582459289,4035600724,BTCUSDT,sell,68665.51000000,0.00016000,2026-08-19T16:17:48.797000+00:00
binance,6582459291,4035600725,BTCUSDT,sell,68665.38000000,0.00024000,2026-08-19T16:17:48.797000+00:00
binance,6582459294,4035600726,BTCUSDT,sell,68665.37000000,0.07222000,2026-08-19T16:17:48.797000+00:00
binance,6582459297,4035600727,BTCUSDT,sell,68665.37000000,0.22970000,2026-08-19T16:17:48.802000+00:00
binance,6582459302,4035600728,BTCUSDT,sell,68665.37000000,0.00040000,2026-08-19T16:17:48.804000+00:00
binance,6582459303,4035600729,BTCUSDT,sell,68665.37000000,0.00056000,2026-08-19T16:17:48.837000+00:00
binance,6582459310,4035600730,BTCUSDT,sell,68664.41000000,0.52800000,2026-08-19T16:17:48.867000+00:00
binance,6582459317,4035600731,BTCUSDT,sell,68664.41000000,0.00024000,2026-08-19T16:17:48.876000+00:00
binance,6582459320,4035600732,BTCUSDT,sell,68664.39000000,0.00011000,2026-08-19T16:17:48.876000+00:00
binance,6582459321,4035600733,BTCUSDT,sell,68664.19000000,0.00016000,2026-08-19T16:17:48.876000+00:00
binance,6582459323,4035600734,BTCUSDT,sell,68664.00000000,0.00008000,2026-08-19T16:17:48.876000+00:00
binance,6582459324,4035600735,BTCUSDT,sell,68663.65000000,0.00009000,2026-08-19T16:17:48.876000+00:00
binance,6582459325,4035600736,BTCUSDT,sell,68663.46000000,0.00009000,2026-08-19T16:17:48.876000+00:00
binance,6582459326,4035600737,BTCUSDT,sell,68663.34000000,0.00017000,2026-08-19T16:17:48.876000+00:00
binance,6582459328,4035600738,BTCUSDT,sell,68662.90000000,0.00040000,2026-08-19T16:17:48.876000+00:00
binance,6582459333,4035600739,BTCUSDT,sell,68662.47000000,0.00016000,2026-08-19T16:17:48.876000+00:00
binance,6582459335,4035600740,BTCUSDT,sell,68661.82000000,0.00024000,2026-08-19T16:17:48.876000+00:00
binance,6582459338,4035600741,BTCUSDT,sell,68661.81000000,0.01986000,2026-08-19T16:17:48.876000+00:00
binance,6582459339,4035600742,BTCUSDT,sell,68661.81000000,0.00062000,2026-08-19T16:17:48.881000+00:00
binance,6582459346,4035600743,BTCUSDT,sell,68661.76000000,0.00020000,2026-08-19T16:17:48.883000+00:00
binance,6582459348,4035600744,BTCUSDT,sell,68661.76000000,0.12528000,2026-08-19T16:17:48.947000+00:00
binance,6582459352,4035600745,BTCUSDT,sell,68661.76000000,0.00008000,2026-08-19T16:17:48.977000+00:00
binance,6582459353,4035600746,BTCUSDT,sell,68661.76000000,0.15934000,2026-08-19T16:17:48.990000+00:00
binance,6582459362,4035600747,BTCUSDT,buy,68661.77000000,0.00050000,2026-08-19T16:17:49.334000+00:00
binance,6582459366,4035600748,BTCUSDT,buy,68661.77000000,0.00801000,2026-08-19T16:17:49.500000+00:00
binance,6582459367,4035600749,BTCUSDT,sell,68661.76000000,0.00010000,2026-08-19T16:17:49.551000+00:00
binance,6582459369,4035600750,BTCUSDT,sell,68661.76000000,0.01460000,2026-08-19T16:17:49.551000+00:00
binance,6582459374,4035600751,BTCUSDT,sell,68661.76000000,0.11379000,2026-08-19T16:17:49.551000+00:00
binance,6582459384,4035600752,BTCUSDT,sell,68661.76000000,0.18843000,2026-08-19T16:17:49.552000+00:00
binance,6582459389,4035600753,BTCUSDT,sell,68661.71000000,0.00040000,2026-08-19T16:17:49.552000+00:00
binance,6582459394,4035600754,BTCUSDT,sell,68660.23000000,0.00015000,2026-08-19T16:17:49.552000+00:00
binance,6582459395,4035600755,BTCUSDT,sell,68660.22000000,0.00008000,2026-08-19T16:17:49.552000+00:00
binance,6582459396,4035600756,BTCUSDT,sell,68660.11000000,0.00008000,2026-08-19T16:17:49.552000+00:00
binance,6582459397,4035600757,BTCUSDT,sell,68660.02000000,0.00024000,2026-08-19T16:17:49.552000+00:00
binance,6582459400,4035600758,BTCUSDT,sell,68660.01000000,0.00024000,2026-08-19T16:17:49.552000+00:00
binance,6582459403,4035600759,BTCUSDT,sell,68660.00000000,0.20400000,2026-08-19T16:17:49.605000+00:00
binance,6582459404,4035600760,BTCUSDT,sell,68660.00000000,0.89942000,2026-08-19T16:17:49.882000+00:00
binance,6582459405,4035600761,BTCUSDT,sell,68660.00000000,1.28560000,2026-08-19T16:17:49.882000+00:00
binance,6582459417,4035600762,BTCUSDT,sell,68659.97000000,0.00016000,2026-08-19T16:17:49.883000+00:00
binance,6582459419,4035600763,BTCUSDT,sell,68659.79000000,0.00008000,2026-08-19T16:17:49.883000+00:00
binance,6582459420,4035600764,BTCUSDT,sell,68659.70000000,0.00024000,2026-08-19T16:17:49.883000+00:00
binance,6582459423,4035600765,BTCUSDT,sell,68659.69000000,0.09130000,2026-08-19T16:17:49.883000+00:00
binance,6582459428,4035600766,BTCUSDT,sell,68659.11000000,0.00008000,2026-08-19T16:17:49.883000+00:00
binance,6582459429,4035600767,BTCUSDT,sell,68658.45000000,0.00020000,2026-08-19T16:17:49.883000+00:00
binance,6582459432,4035600768,BTCUSDT,sell,68658.45000000,0.00004000,2026-08-19T16:17:49.884000+00:00
binance,6582459433,4035600769,BTCUSDT,sell,68658.00000000,0.00008000,2026-08-19T16:17:49.884000+00:00
binance,6582459434,4035600770,BTCUSDT,sell,68657.19000000,0.00418000,2026-08-19T16:17:49.884000+00:00
binance,6582459435,4035600771,BTCUSDT,sell,68657.19000000,0.00049000,2026-08-19T16:17:49.885000+00:00
binance,6582459440,4035600772,BTCUSDT,sell,68656.92000000,0.00009000,2026-08-19T16:17:49.886000+00:00
binance,6582459441,4035600773,BTCUSDT,sell,68656.88000000,0.00017000,2026-08-19T16:17:49.886000+00:00
binance,6582459443,4035600774,BTCUSDT,sell,68656.25000000,0.00026000,2026-08-19T16:17:49.887000+00:00
binance,6582459446,4035600775,BTCUSDT,sell,68655.68000000,0.00040000,2026-08-19T16:17:49.888000+00:00
binance,6582459451,4035600776,BTCUSDT,sell,68654.83000000,0.00020000,2026-08-19T16:17:49.889000+00:00
binance,6582459453,4035600777,BTCUSDT,sell,68654.74000000,0.00040000,2026-08-19T16:17:49.890000+00:00
binance,6582459458,4035600778,BTCUSDT,sell,68654.28000000,0.00053000,2026-08-19T16:17:49.897000+00:00
binance,6582459464,4035600779,BTCUSDT,sell,68653.73000000,0.00016000,2026-08-19T16:17:49.897000+00:00
binance,6582459466,4035600780,BTCUSDT,sell,68653.71000000,0.00024000,2026-08-19T16:17:49.897000+00:00
binance,6582459469,4035600781,BTCUSDT,sell,68653.70000000,0.15600000,2026-08-19T16:17:49.919000+00:00
binance,6582459470,4035600782,BTCUSDT,sell,68653.70000000,0.00509000,2026-08-19T16:17:50.086000+00:00
binance,6582459471,4035600783,BTCUSDT,buy,68653.71000000,0.01402000,2026-08-19T16:17:50.629000+00:00
binance,6582459472,4035600784,BTCUSDT,buy,68653.71000000,0.00078000,2026-08-19T16:17:50.645000+00:00
binance,6582459473,4035600785,BTCUSDT,sell,68653.70000000,0.07765000,2026-08-19T16:17:50.765000+00:00
binance,6582459474,4035600786,BTCUSDT,sell,68653.70000000,0.00578000,2026-08-19T16:17:51.192000+00:00
binance,6582459475,4035600787,BTCUSDT,sell,68653.70000000,0.00049000,2026-08-19T16:17:51.255000+00:00
binance,6582459476,4035600788,BTCUSDT,buy,68653.71000000,0.14566000,2026-08-19T16:17:51.373000+00:00
binance,6582459477,4035600789,BTCUSDT,buy,68653.71000000,0.00010000,2026-08-19T16:17:51.717000+00:00
binance,6582459479,4035600790,BTCUSDT,buy,68653.71000000,0.04000000,2026-08-19T16:17:51.717000+00:00
binance,6582459487,4035600791,BTCUSDT,buy,68653.71000000,0.01000000,2026-08-19T16:17:51.717000+00:00
binance,6582459489,4035600792,BTCUSDT,buy,68653.71000000,0.02000000,2026-08-19T16:17:51.717000+00:00
binance,6582459497,4035600793,BTCUSDT,buy,68653.71000000,0.02804000,2026-08-19T16:17:51.719000+00:00
binance,6582459511,4035600794,BTCUSDT,buy,68653.72000000,0.00008000,2026-08-19T16:17:51.719000+00:00
binance,6582459512,4035600795,BTCUSDT,buy,68655.69000000,0.00016000,2026-08-19T16:17:51.719000+00:00
binance,6582459514,4035600796,BTCUSDT,buy,68655.85000000,0.00032000,2026-08-19T16:17:51.719000+00:00
binance,6582459518,4035600797,BTCUSDT,buy,68656.01000000,0.00024000,2026-08-19T16:17:51.719000+00:00
binance,6582459521,4035600798,BTCUSDT,buy,68656.02000000,0.00700000,2026-08-19T16:17:51.725000+00:00
binance,6582459525,4035600799,BTCUSDT,buy,68656.02000000,0.00100000,2026-08-19T16:17:51.725000+00:00
binance,6582459526,4035600800,BTCUSDT,buy,68656.02000000,0.03200000,2026-08-19T16:17:51.725000+00:00
binance,6582459527,4035600801,BTCUSDT,buy,68656.02000000,0.04000000,2026-08-19T16:17:51.729000+00:00
binance,6582459528,4035600802,BTCUSDT,buy,68656.02000000,0.16000000,2026-08-19T16:17:51.730000+00:00
binance,6582459529,4035600803,BTCUSDT,buy,68656.02000000,0.04000000,2026-08-19T16:17:51.740000+00:00
binance,6582459534,4035600804,BTCUSDT,buy,68656.02000000,0.00486000,2026-08-19T16:17:51.742000+00:00
binance,6582459545,4035600805,BTCUSDT,buy,68656.03000000,0.00008000,2026-08-19T16:17:51.742000+00:00
binance,6582459546,4035600806,BTCUSDT,buy,68656.25000000,0.00024000,2026-08-19T16:17:51.742000+00:00
binance,6582459549,4035600807,BTCUSDT,buy,68656.26000000,0.00008000,2026-08-19T16:17:51.742000+00:00
binance,6582459550,4035600808,BTCUSDT,buy,68656.48000000,0.00066000,2026-08-19T16:17:51.744000+00:00
binance,6582459558,4035600809,BTCUSDT,buy,68656.53000000,0.00058000,2026-08-19T16:17:51.749000+00:00
binance,6582459565,4035600810,BTCUSDT,buy,68656.54000000,0.00008000,2026-08-19T16:17:51.749000+00:00
binance,6582459566,4035600811,BTCUSDT,buy,68656.88000000,0.00008000,2026-08-19T16:17:51.749000+00:00
binance,6582459567,4035600812,BTCUSDT,buy,68657.04000000,0.00008000,2026-08-19T16:17:51.749000+00:00
binance,6582459568,4035600813,BTCUSDT,buy,68657.20000000,0.00016000,2026-08-19T16:17:51.749000+00:00
binance,6582459570,4035600814,BTCUSDT,buy,68657.35000000,0.00016000,2026-08-19T16:17:51.749000+00:00
binance,6582459572,4035600815,BTCUSDT,buy,68658.32000000,0.00024000,2026-08-19T16:17:51.749000+00:00
binance,6582459575,4035600816,BTCUSDT,buy,68658.45000000,0.00024000,2026-08-19T16:17:51.749000+00:00
binance,6582459578,4035600817,BTCUSDT,buy,68658.46000000,0.03998000,2026-08-19T16:17:51.749000+00:00
binance,6582459584,4035600818,BTCUSDT,buy,68658.73000000,0.00291000,2026-08-19T16:17:51.749000+00:00
binance,6582459585,4035600819,BTCUSDT,buy,68658.80000000,0.06038000,2026-08-19T16:17:51.749000+00:00
binance,6582459586,4035600820,BTCUSDT,buy,68659.57000000,0.00008000,2026-08-19T16:17:51.749000+00:00
binance,6582459587,4035600821,BTCUSDT,buy,68659.58000000,0.00087000,2026-08-19T16:17:51.796000+00:00
binance,6582459588,4035600822,BTCUSDT,buy,68659.58000000,0.05243000,2026-08-19T16:17:51.824000+00:00
binance,6582459589,4035600823,BTCUSDT,buy,68659.58000000,0.05160000,2026-08-19T16:17:51.834000+00:00
binance,6582459601,4035600824,BTCUSDT,buy,68659.58000000,0.03878000,2026-08-19T16:17:51.834000+00:00
binance,6582459613,4035600825,BTCUSDT,buy,68659.59000000,0.00032000,2026-08-19T16:17:51.834000+00:00
binance,6582459617,4035600826,BTCUSDT,buy,68659.68000000,0.00024000,2026-08-19T16:17:51.834000+00:00
binance,6582459620,4035600827,BTCUSDT,buy,68659.69000000,0.09122000,2026-08-19T16:17:51.834000+00:00
binance,6582459624,4035600828,BTCUSDT,buy,68659.98000000,0.00040000,2026-08-19T16:17:51.835000+00:00
binance,6582459629,4035600829,BTCUSDT,buy,68660.00000000,0.00024000,2026-08-19T16:17:51.835000+00:00
binance,6582459632,4035600830,BTCUSDT,buy,68660.01000000,0.01491000,2026-08-19T16:17:51.835000+00:00
binance,6582459636,4035600831,BTCUSDT,buy,68660.11000000,0.00008000,2026-08-19T16:17:51.835000+00:00
binance,6582459637,4035600832,BTCUSDT,buy,68661.76000000,0.00092000,2026-08-19T16:17:51.838000+00:00
binance,6582459647,4035600833,BTCUSDT,buy,68661.77000000,0.01420000,2026-08-19T16:17:51.844000+00:00
binance,6582459668,4035600834,BTCUSDT,buy,68661.78000000,0.00032000,2026-08-19T16:17:51.844000+00:00
binance,6582459672,4035600835,BTCUSDT,buy,68661.91000000,0.00024000,2026-08-19T16:17:51.844000+00:00
binance,6582459675,4035600836,BTCUSDT,buy,68661.92000000,0.00024000,2026-08-19T16:17:51.844000+00:00
binance,6582459678,4035600837,BTCUSDT,buy,68661.94000000,0.04368000,2026-08-19T16:17:51.844000+00:00
binance,6582459679,4035600838,BTCUSDT,buy,68662.47000000,0.00040000,2026-08-19T16:17:51.844000+00:00
binance,6582459684,4035600839,BTCUSDT,buy,68663.34000000,0.00016000,2026-08-19T16:17:51.844000+00:00
binance,6582459686,4035600840,BTCUSDT,buy,68664.12000000,0.05934000,2026-08-19T16:17:51.844000+00:00
binance,6582459687,4035600841,BTCUSDT,buy,68665.18000000,0.00016000,2026-08-19T16:17:51.844000+00:00
binance,6582459689,4035600842,BTCUSDT,buy,68666.02000000,0.00008000,2026-08-19T16:17:51.844000+00:00
binance,6582459690,4035600843,BTCUSDT,buy,68666.51000000,0.00048000,2026-08-19T16:17:51.844000+00:00
binance,6582459691,4035600844,BTCUSDT,buy,68666.57000000,0.00016000,2026-08-19T16:17:51.844000+00:00
binance,6582459693,4035600845,BTCUSDT,sell,68666.88000000,0.00080000,2026-08-19T16:17:52.017000+00:00
binance,6582459694,4035600846,BTCUSDT,buy,68666.89000000,0.01200000,2026-08-19T16:17:52.229000+00:00
binance,6582459699,4035600847,BTCUSDT,buy,68666.89000000,0.01100000,2026-08-19T16:17:52.235000+00:00
binance,6582459700,4035600848,BTCUSDT,buy,68666.89000000,0.03000000,2026-08-19T16:17:52.303000+00:00
binance,6582459701,4035600849,BTCUSDT,sell,68666.88000000,0.00009000,2026-08-19T16:17:52.426000+00:00
binance,6582459702,4035600850,BTCUSDT,buy,68666.89000000,0.08800000,2026-08-19T16:17:52.503000+00:00
binance,6582459703,4035600851,BTCUSDT,buy,68666.89000000,0.00500000,2026-08-19T16:17:52.503000+00:00
binance,6582459704,4035600852,BTCUSDT,buy,68666.89000000,0.08000000,2026-08-19T16:17:52.503000+00:00
binance,6582459714,4035600853,BTCUSDT,sell,68666.88000000,0.01350000,2026-08-19T16:17:52.546000+00:00
binance,6582459715,4035600854,BTCUSDT,buy,68666.89000000,0.00011000,2026-08-19T16:17:52.579000+00:00
binance,6582459716,4035600855,BTCUSDT,sell,68666.88000000,0.00039000,2026-08-19T16:17:52.649000+00:00
binance,6582459717,4035600856,BTCUSDT,buy,68666.89000000,0.00058000,2026-08-19T16:17:52.784000+00:00
binance,6582459718,4035600857,BTCUSDT,sell,68666.88000000,0.14564000,2026-08-19T16:17:52.890000+00:00
binance,6582459721,4035600858,BTCUSDT,sell,68666.88000000,0.04510000,2026-08-19T16:17:52.895000+00:00
binance,6582459722,4035600859,BTCUSDT,sell,68666.88000000,0.00010000,2026-08-19T16:17:52.895000+00:00
binance,6582459723,4035600860,BTCUSDT,sell,68666.88000000,0.05160000,2026-08-19T16:17:52.897000+00:00
binance,6582459724,4035600861,BTCUSDT,sell,68666.88000000,0.13402000,2026-08-19T16:17:52.899000+00:00
binance,6582459729,4035600862,BTCUSDT,sell,68666.88000000,0.23650000,2026-08-19T16:17:52.899000+00:00
binance,6582459734,4035600863,BTCUSDT,sell,68666.88000000,0.44490000,2026-08-19T16:17:52.900000+00:00
binance,6582459750,4035600864,BTCUSDT,sell,68666.60000000,0.00040000,2026-08-19T16:17:52.901000+00:00
binance,6582459755,4035600865,BTCUSDT,sell,68666.57000000,0.00008000,2026-08-19T16:17:52.901000+00:00
binance,6582459756,4035600866,BTCUSDT,sell,68666.54000000,0.00024000,2026-08-19T16:17:52.901000+00:00
binance,6582459759,4035600867,BTCUSDT,sell,68666.53000000,0.04028000,2026-08-19T16:17:52.901000+00:00
binance,6582459760,4035600868,BTCUSDT,sell,68666.53000000,0.00079000,2026-08-19T16:17:52.904000+00:00
binance,6582459767,4035600869,BTCUSDT,sell,68665.29000000,0.00024000,2026-08-19T16:17:52.905000+00:00
binance,6582459770,4035600870,BTCUSDT,sell,68664.47000000,0.00066000,2026-08-19T16:17:52.913000+00:00
binance,6582459778,4035600871,BTCUSDT,sell,68664.46000000,0.00070000,2026-08-19T16:17:53.152000+00:00
binance,6582459782,4035600872,BTCUSDT,buy,68664.47000000,0.00872000,2026-08-19T16:17:53.389000+00:00
binance,6582459783,4035600873,BTCUSDT,sell,68664.46000000,0.01442000,2026-08-19T16:17:53.426000+00:00
binance,6582459784,4035600874,BTCUSDT,sell,68664.46000000,0.00055000,2026-08-19T16:17:53.448000+00:00
binance,6582459785,4035600875,BTCUSDT,sell,68664.46000000,0.02966000,2026-08-19T16:17:53.449000+00:00
binance,6582459798,4035600876,BTCUSDT,sell,68664.18000000,0.00016000,2026-08-19T16:17:53.449000+00:00
binance,6582459800,4035600877,BTCUSDT,sell,68663.34000000,0.00008000,2026-08-19T16:17:53.449000+00:00
binance,6582459801,4035600878,BTCUSDT,sell,68662.06000000,0.00024000,2026-08-19T16:17:53.449000+00:00
binance,6582459804,4035600879,BTCUSDT,sell,68662.05000000,0.00283000,2026-08-19T16:17:53.531000+00:00
binance,6582459806,4035600880,BTCUSDT,buy,68662.06000000,0.00013000,2026-08-19T16:17:53.655000+00:00
binance,6582459807,4035600881,BTCUSDT,sell,68662.05000000,0.00135000,2026-08-19T16:17:53.707000+00:00
binance,6582459808,4035600882,BTCUSDT,sell,68662.05000000,0.00014000,2026-08-19T16:17:53.745000+00:00
binance,6582459809,4035600883,BTCUSDT,sell,68662.05000000,0.00073000,2026-08-19T16:17:54.129000+00:00
binance,6582459810,4035600884,BTCUSDT,sell,68662.05000000,0.00220000,2026-08-19T16:17:54.474000+00:00
binance,6582459811,4035600885,BTCUSDT,buy,68662.06000000,0.00072000,2026-08-19T16:17:54.637000+00:00
binance,6582459812,4035600886,BTCUSDT,buy,68662.06000000,0.00728000,2026-08-19T16:17:54.988000+00:00
binance,6582459813,4035600887,BTCUSDT,buy,68662.06000000,0.00039000,2026-08-19T16:17:55.048000+00:00
binance,6582459814,4035600888,BTCUSDT,buy,68662.06000000,0.14565000,2026-08-19T16:17:55.067000+00:00
binance,6582459815,4035600889,BTCUSDT,buy,68662.06000000,0.00624000,2026-08-19T16:17:55.071000+00:00
binance,6582459816,4035600890,BTCUSDT,buy,68662.06000000,0.00700000,2026-08-19T16:17:55.072000+00:00
binance,6582459817,4035600891,BTCUSDT,buy,68662.06000000,0.00810000,2026-08-19T16:17:55.072000+00:00
binance,6582459818,4035600892,BTCUSDT,buy,68662.06000000,0.00738000,2026-08-19T16:17:55.072000+00:00
binance,6582459819,4035600893,BTCUSDT,buy,68662.06000000,0.00665000,2026-08-19T16:17:55.072000+00:00
binance,6582459820,4035600894,BTCUSDT,buy,68662.06000000,0.02914000,2026-08-19T16:17:55.075000+00:00
binance,6582459821,4035600895,BTCUSDT,buy,68662.06000000,0.00010000,2026-08-19T16:17:55.092000+00:00
binance,6582459823,4035600896,BTCUSDT,buy,68662.06000000,0.05422000,2026-08-19T16:17:55.115000+00:00
binance,6582459853,4035600897,BTCUSDT,buy,68662.07000000,0.00008000,2026-08-19T16:17:55.115000+00:00
binance,6582459854,4035600898,BTCUSDT,buy,68663.34000000,0.00008000,2026-08-19T16:17:55.115000+00:00
binance,6582459855,4035600899,BTCUSDT,buy,68663.85000000,0.00008000,2026-08-19T16:17:55.115000+00:00
binance,6582459856,4035600900,BTCUSDT,buy,68663.91000000,0.00016000,2026-08-19T16:17:55.115000+00:00
binance,6582459858,4035600901,BTCUSDT,buy,68663.92000000,0.00008000,2026-08-19T16:17:55.115000+00:00
binance,6582459859,4035600902,BTCUSDT,buy,68663.93000000,0.00008000,2026-08-19T16:17:55.115000+00:00
binance,6582459860,4035600903,BTCUSDT,buy,68664.43000000,0.00024000,2026-08-19T16:17:55.115000+00:00
binance,6582459863,4035600904,BTCUSDT,sell,68664.43000000,0.00014000,2026-08-19T16:17:55.406000+00:00
binance,6582459864,4035600905,BTCUSDT,buy,68664.44000000,0.00109000,2026-08-19T16:17:55.527000+00:00
binance,6582459877,4035600906,BTCUSDT,buy,68664.45000000,0.00008000,2026-08-19T16:17:55.527000+00:00
binance,6582459878,4035600907,BTCUSDT,buy,68664.47000000,0.00040000,2026-08-19T16:17:55.527000+00:00
binance,6582459883,4035600908,BTCUSDT,buy,68664.48000000,0.00016000,2026-08-19T16:17:55.527000+00:00
binance,6582459885,4035600909,BTCUSDT,buy,68664.85000000,0.00016000,2026-08-19T16:17:55.527000+00:00
binance,6582459887,4035600910,BTCUSDT,buy,68665.34000000,0.00016000,2026-08-19T16:17:55.527000+00:00
binance,6582459889,4035600911,BTCUSDT,buy,68666.47000000,0.00024000,2026-08-19T16:17:55.527000+00:00
binance,6582459892,4035600912,BTCUSDT,buy,68666.48000000,0.04376000,2026-08-19T16:17:55.527000+00:00
binance,6582459894,4035600913,BTCUSDT,buy,68666.54000000,0.00056000,2026-08-19T16:17:55.527000+00:00
binance,6582459901,4035600914,BTCUSDT,buy,68666.57000000,0.00016000,2026-08-19T16:17:55.527000+00:00
binance,6582459903,4035600915,BTCUSDT,buy,68666.61000000,0.00040000,2026-08-19T16:17:55.527000+00:00
binance,6582459908,4035600916,BTCUSDT,buy,68666.80000000,0.00008000,2026-08-19T16:17:55.527000+00:00
binance,6582459909,4035600917,BTCUSDT,buy,68666.81000000,0.01000000,2026-08-19T16:17:55.529000+00:00
binance,6582459912,4035600918,BTCUSDT,buy,68666.81000000,0.01242000,2026-08-19T16:17:55.533000+00:00
binance,6582459930,4035600919,BTCUSDT,buy,68666.82000000,0.00048000,2026-08-19T16:17:55.533000+00:00
binance,6582459936,4035600920,BTCUSDT,buy,68666.86000000,0.00372000,2026-08-19T16:17:55.533000+00:00
binance,6582459937,4035600921,BTCUSDT,buy,68666.89000000,0.00055000,2026-08-19T16:17:55.533000+00:00
binance,6582459943,4035600922,BTCUSDT,buy,68667.10000000,0.00016000,2026-08-19T16:17:55.533000+00:00
binance,6582459945,4035600923,BTCUSDT,buy,68668.69000000,0.00018000,2026-08-19T16:17:55.533000+00:00
binance,6582459946,4035600924,BTCUSDT,buy,68668.71000000,0.00008000,2026-08-19T16:17:55.533000+00:00
binance,6582459947,4035600925,BTCUSDT,buy,68668.92000000,0.00024000,2026-08-19T16:17:55.533000+00:00
binance,6582459950,4035600926,BTCUSDT,buy,68668.93000000,0.00056000,2026-08-19T16:17:55.533000+00:00
binance,6582459957,4035600927,BTCUSDT,buy,68669.19000000,0.00161000,2026-08-19T16:17:55.533000+00:00
binance,6582459958,4035600928,BTCUSDT,buy,68669.28000000,0.00056000,2026-08-19T16:17:55.536000+00:00
binance,6582459965,4035600929,BTCUSDT,buy,68669.29000000,0.00644000,2026-08-19T16:17:55.536000+00:00
binance,6582459966,4035600930,BTCUSDT,buy,68669.29000000,0.01000000,2026-08-19T16:17:55.542000+00:00
binance,6582459967,4035600931,BTCUSDT,buy,68669.29000000,0.01115000,2026-08-19T16:17:55.544000+00:00
binance,6582459985,4035600932,BTCUSDT,buy,68669.30000000,0.00048000,2026-08-19T16:17:55.544000+00:00
binance,6582459991,4035600933,BTCUSDT,buy,68669.35000000,0.00024000,2026-08-19T16:17:55.544000+00:00
binance,6582459994,4035600934,BTCUSDT,buy,68669.78000000,0.00291000,2026-08-19T16:17:55.544000+00:00
binance,6582459995,4035600935,BTCUSDT,buy,68669.80000000,0.00008000,2026-08-19T16:17:55.544000+00:00
binance,6582459996,4035600936,BTCUSDT,buy,68669.90000000,0.00300000,2026-08-19T16:17:55.555000+00:00
binance,6582459998,4035600937,BTCUSDT,buy,68669.90000000,0.02000000,2026-08-19T16:17:55.639000+00:00
binance,6582460007,4035600938,BTCUSDT,buy,68669.90000000,0.05160000,2026-08-19T16:17:55.639000+00:00
binance,6582460008,4035600939,BTCUSDT,buy,68669.90000000,0.01800000,2026-08-19T16:17:55.642000+00:00
binance,6582460009,4035600940,BTCUSDT,buy,68669.90000000,0.01100000,2026-08-19T16:17:55.644000+00:00
binance,6582460010,4035600941,BTCUSDT,buy,68669.90000000,0.00300000,2026-08-19T16:17:55.659000+00:00
binance,6582460011,4035600942,BTCUSDT,sell,68669.89000000,0.00050000,2026-08-19T16:17:55.764000+00:00
binance,6582460012,4035600943,BTCUSDT,buy,68669.90000000,0.01800000,2026-08-19T16:17:55.898000+00:00
binance,6582460013,4035600944,BTCUSDT,buy,68669.90000000,0.01100000,2026-08-19T16:17:55.898000+00:00
binance,6582460014,4035600945,BTCUSDT,buy,68669.90000000,0.12588000,2026-08-19T16:17:55.904000+00:00
binance,6582460029,4035600946,BTCUSDT,buy,68669.91000000,0.00032000,2026-08-19T16:17:55.904000+00:00
binance,6582460033,4035600947,BTCUSDT,buy,68670.00000000,0.00009000,2026-08-19T16:17:55.904000+00:00
binance,6582460034,4035600948,BTCUSDT,buy,68670.13000000,0.00016000,2026-08-19T16:17:55.904000+00:00
binance,6582460036,4035600949,BTCUSDT,buy,68670.24000000,0.00040000,2026-08-19T16:17:55.904000+00:00
binance,6582460041,4035600950,BTCUSDT,buy,68671.68000000,0.00048000,2026-08-19T16:17:55.905000+00:00
binance,6582460047,4035600951,BTCUSDT,buy,68672.15000000,0.00008000,2026-08-19T16:17:55.905000+00:00
binance,6582460048,4035600952,BTCUSDT,buy,68672.27000000,0.00024000,2026-08-19T16:17:55.905000+00:00
binance,6582460051,4035600953,BTCUSDT,buy,68672.28000000,0.00106000,2026-08-19T16:17:55.908000+00:00
binance,6582460064,4035600954,BTCUSDT,buy,68672.94000000,0.00016000,2026-08-19T16:17:55.908000+00:00
binance,6582460066,4035600955,BTCUSDT,buy,68673.03000000,0.00017000,2026-08-19T16:17:55.908000+00:00
binance,6582460068,4035600956,BTCUSDT,buy,68673.93000000,0.00024000,2026-08-19T16:17:55.908000+00:00
binance,6582460071,4035600957,BTCUSDT,buy,68673.94000000,0.05762000,2026-08-19T16:17:55.914000+00:00
binance,6582460086,4035600958,BTCUSDT,buy,68673.95000000,0.00024000,2026-08-19T16:17:55.914000+00:00
binance,6582460089,4035600959,BTCUSDT,buy,68675.26000000,0.00300000,2026-08-19T16:17:55.916000+00:00
binance,6582460091,4035600960,BTCUSDT,buy,68675.26000000,0.00015000,2026-08-19T16:17:56.119000+00:00
binance,6582460093,4035600961,BTCUSDT,buy,68675.26000000,0.00029000,2026-08-19T16:17:56.237000+00:00
binance,6582460098,4035600962,BTCUSDT,sell,68675.25000000,0.00110000,2026-08-19T16:17:56.445000+00:00
binance,6582460099,4035600963,BTCUSDT,sell,68675.25000000,0.00020000,2026-08-19T16:17:56.485000+00:00
binance,6582460100,4035600964,BTCUSDT,buy,68675.26000000,0.00018000,2026-08-19T16:17:56.567000+00:00
binance,6582460101,4035600965,BTCUSDT,sell,68675.25000000,0.00010000,2026-08-19T16:17:56.630000+00:00
binance,6582460102,4035600966,BTCUSDT,sell,68675.25000000,0.00051000,2026-08-19T16:17:56.839000+00:00
binance,6582460109,4035600967,BTCUSDT,sell,68675.25000000,0.01456000,2026-08-19T16:17:57.086000+00:00
binance,6582460117,4035600968,BTCUSDT,sell,68675.25000000,0.00010000,2026-08-19T16:17:57.087000+00:00
binance,6582460118,4035600969,BTCUSDT,sell,68675.25000000,0.14562000,2026-08-19T16:17:57.087000+00:00
binance,6582460119,4035600970,BTCUSDT,buy,68675.26000000,0.07161000,2026-08-19T16:17:57.175000+00:00
binance,6582460120,4035600971,BTCUSDT,sell,68675.25000000,0.00250000,2026-08-19T16:17:57.181000+00:00
binance,6582460121,4035600972,BTCUSDT,sell,68675.25000000,0.00045000,2026-08-19T16:17:57.243000+00:00
binance,6582460122,4035600973,BTCUSDT,buy,68675.26000000,0.00014000,2026-08-19T16:17:57.436000+00:00
binance,6582460123,4035600974,BTCUSDT,sell,68675.25000000,0.00081000,2026-08-19T16:17:57.611000+00:00
binance,6582460124,4035600975,BTCUSDT,buy,68675.26000000,0.00011000,2026-08-19T16:17:57.653000+00:00
binance,6582460125,4035600976,BTCUSDT,sell,68675.25000000,0.00010000,2026-08-19T16:17:57.772000+00:00
binance,6582460126,4035600977,BTCUSDT,sell,68675.25000000,0.15089000,2026-08-19T16:17:57.906000+00:00
binance,6582460127,4035600978,BTCUSDT,sell,68675.25000000,0.03854000,2026-08-19T16:17:57.907000+00:00
binance,6582460128,4035600979,BTCUSDT,sell,68675.25000000,0.02441000,2026-08-19T16:17:57.907000+00:00
binance,6582460129,4035600980,BTCUSDT,sell,68675.25000000,0.05160000,2026-08-19T16:17:57.907000+00:00
binance,6582460138,4035600981,BTCUSDT,sell,68675.25000000,0.02348000,2026-08-19T16:17:57.908000+00:00
binance,6582460146,4035600982,BTCUSDT,sell,68673.93000000,0.00056000,2026-08-19T16:17:57.908000+00:00
binance,6582460153,4035600983,BTCUSDT,sell,68673.03000000,0.00048000,2026-08-19T16:17:57.908000+00:00
binance,6582460159,4035600984,BTCUSDT,sell,68672.85000000,0.00024000,2026-08-19T16:17:57.908000+00:00
binance,6582460162,4035600985,BTCUSDT,sell,68672.84000000,0.05798000,2026-08-19T16:17:57.908000+00:00
binance,6582460163,4035600986,BTCUSDT,sell,68672.27000000,0.00032000,2026-08-19T16:17:57.910000+00:00
binance,6582460167,4035600987,BTCUSDT,sell,68672.16000000,0.00008000,2026-08-19T16:17:57.910000+00:00
binance,6582460168,4035600988,BTCUSDT,sell,68671.67000000,0.00016000,2026-08-19T16:17:57.912000+00:00
binance,6582460170,4035600989,BTCUSDT,sell,68671.67000000,0.00008000,2026-08-19T16:17:57.913000+00:00
binance,6582460172,4035600990,BTCUSDT,sell,68671.67000000,0.00008000,2026-08-19T16:17:57.913000+00:00
binance,6582460174,4035600991,BTCUSDT,sell,68671.67000000,0.00055000,2026-08-19T16:17:57.915000+00:00
binance,6582460182,4035600992,BTCUSDT,sell,68671.67000000,0.00016000,2026-08-19T16:17:57.915000+00:00
binance,6582460184,4035600993,BTCUSDT,sell,68670.04000000,0.00040000,2026-08-19T16:17:57.915000+00:00
binance,6582460189,4035600994,BTCUSDT,sell,68669.89000000,0.00095000,2026-08-19T16:17:57.915000+00:00
binance,6582460200,4035600995,BTCUSDT,sell,68669.80000000,0.00008000,2026-08-19T16:17:57.915000+00:00
binance,6582460201,4035600996,BTCUSDT,sell,68669.28000000,0.00040000,2026-08-19T16:17:57.915000+00:00
binance,6582460206,4035600997,BTCUSDT,sell,68669.27000000,0.00016000,2026-08-19T16:17:57.915000+00:00
binance,6582460208,4035600998,BTCUSDT,sell,68669.24000000,0.00024000,2026-08-19T16:17:57.915000+00:00
binance,6582460211,4035600999,BTCUSDT,sell,68669.23000000,0.05749000,2026-08-19T16:17:57.915000+00:00
binance,6582460212,4035601000,BTCUSDT,sell,68669.18000000,0.00040000,2026-08-19T16:17:57.915000+00:00
binance,6582460217,4035601001,BTCUSDT,sell,68668.92000000,0.00040000,2026-08-19T16:17:57.915000+00:00
binance,6582460222,4035601002,BTCUSDT,sell,68666.80000000,0.00016000,2026-08-19T16:17:57.915000+00:00
binance,6582460224,4035601003,BTCUSDT,sell,68666.57000000,0.00017000,2026-08-19T16:17:57.915000+00:00
binance,6582460226,4035601004,BTCUSDT,sell,68665.58000000,0.00008000,2026-08-19T16:17:57.915000+00:00
binance,6582460227,4035601005,BTCUSDT,sell,68665.38000000,0.00008000,2026-08-19T16:17:57.915000+00:00
binance,6582460228,4035601006,BTCUSDT,sell,68665.35000000,0.00008000,2026-08-19T16:17:57.915000+00:00
binance,6582460229,4035601007,BTCUSDT,sell,68665.29000000,0.00009000,2026-08-19T16:17:57.915000+00:00
binance,6582460230,4035601008,BTCUSDT,sell,68664.44000000,0.00016000,2026-08-19T16:17:57.915000+00:00
binance,6582460232,4035601009,BTCUSDT,sell,68664.43000000,0.00853000,2026-08-19T16:17:57.915000+00:00
binance,6582460235,4035601010,BTCUSDT,sell,68664.30000000,0.00008000,2026-08-19T16:17:57.915000+00:00
binance,6582460236,4035601011,BTCUSDT,sell,68664.18000000,0.00024000,2026-08-19T16:17:57.915000+00:00
binance,6582460239,4035601012,BTCUSDT,sell,68664.17000000,0.03000000,2026-08-19T16:17:57.918000+00:00
binance,6582460242,4035601013,BTCUSDT,buy,68664.18000000,0.00333000,2026-08-19T16:17:58.267000+00:00
binance,6582460243,4035601014,BTCUSDT,buy,68664.18000000,0.00007000,2026-08-19T16:17:58.823000+00:00
binance,6582460244,4035601015,BTCUSDT,buy,68664.18000000,0.00022000,2026-08-19T16:17:59.220000+00:00
binance,6582460245,4035601016,BTCUSDT,sell,68664.17000000,0.00466000,2026-08-19T16:17:59.329000+00:00
binance,6582460246,4035601017,BTCUSDT,buy,68664.18000000,0.00145000,2026-08-19T16:17:59.556000+00:00
binance,6582460247,4035601018,BTCUSDT,buy,68664.18000000,0.00145000,2026-08-19T16:17:59.611000+00:00
binance,6582460248,4035601019,BTCUSDT,buy,68664.18000000,0.00280000,2026-08-19T16:18:00.077000+00:00
binance,6582460249,4035601020,BTCUSDT,buy,68664.18000000,0.00200000,2026-08-19T16:18:00.107000+00:00
binance,6582460250,4035601021,BTCUSDT,buy,68664.18000000,0.00200000,2026-08-19T16:18:00.229000+00:00
binance,6582460251,4035601022,BTCUSDT,buy,68664.18000000,0.00103000,2026-08-19T16:18:00.386000+00:00
binance,6582460252,4035601023,BTCUSDT,sell,68664.17000000,0.00100000,2026-08-19T16:18:00.406000+00:00
binance,6582460253,4035601024,BTCUSDT,sell,68664.17000000,0.03059000,2026-08-19T16:18:00.422000+00:00
binance,6582460254,4035601025,BTCUSDT,buy,68664.18000000,0.00042000,2026-08-19T16:18:00.429000+00:00
binance,6582460255,4035601026,BTCUSDT,buy,68664.18000000,0.04368000,2026-08-19T16:18:00.596000+00:00
binance,6582460256,4035601027,BTCUSDT,sell,68664.17000000,1.00351000,2026-08-19T16:18:00.673000+00:00
binance,6582460275,4035601028,BTCUSDT,sell,68664.17000000,0.00017000,2026-08-19T16:18:00.790000+00:00
binance,6582460276,4035601029,BTCUSDT,buy,68664.18000000,0.01000000,2026-08-19T16:18:00.877000+00:00
binance,6582460277,4035601030,BTCUSDT,buy,68664.18000000,0.08000000,2026-08-19T16:18:00.877000+00:00
binance,6582460278,4035601031,BTCUSDT,buy,68664.18000000,0.02000000,2026-08-19T16:18:00.877000+00:00
binance,6582460281,4035601032,BTCUSDT,buy,68664.18000000,0.04000000,2026-08-19T16:18:00.877000+00:00
binance,6582460282,4035601033,BTCUSDT,buy,68664.18000000,0.00543000,2026-08-19T16:18:00.882000+00:00
binance,6582460283,4035601034,BTCUSDT,buy,68664.18000000,0.00820000,2026-08-19T16:18:00.883000+00:00
binance,6582460284,4035601035,BTCUSDT,buy,68664.18000000,0.01030000,2026-08-19T16:18:00.883000+00:00
binance,6582460285,4035601036,BTCUSDT,buy,68664.18000000,0.02150000,2026-08-19T16:18:00.883000+00:00
binance,6582460286,4035601037,BTCUSDT,buy,68664.18000000,0.08192000,2026-08-19T16:18:00.974000+00:00
binance,6582460327,4035601038,BTCUSDT,buy,68664.19000000,0.00024000,2026-08-19T16:18:00.974000+00:00
binance,6582460330,4035601039,BTCUSDT,buy,68664.20000000,0.00139000,2026-08-19T16:18:00.974000+00:00
binance,6582460331,4035601040,BTCUSDT,buy,68665.28000000,0.00008000,2026-08-19T16:18:00.974000+00:00
binance,6582460332,4035601041,BTCUSDT,buy,68666.51000000,0.00024000,2026-08-19T16:18:00.974000+00:00
binance,6582460335,4035601042,BTCUSDT,sell,68666.51000000,0.02762000,2026-08-19T16:18:01.563000+00:00
binance,6582460336,4035601043,BTCUSDT,sell,68666.51000000,0.15849000,2026-08-19T16:18:01.651000+00:00
binance,6582460337,4035601044,BTCUSDT,buy,68666.52000000,0.00010000,2026-08-19T16:18:01.656000+00:00
binance,6582460339,4035601045,BTCUSDT,buy,68666.52000000,0.00700000,2026-08-19T16:18:02.028000+00:00
binance,6582460340,4035601046,BTCUSDT,sell,68666.51000000,0.29850000,2026-08-19T16:18:03+00:00
binance,6582460341,4035601047,BTCUSDT,buy,68666.52000000,0.00021000,2026-08-19T16:18:03.266000+00:00
binance,6582460342,4035601048,BTCUSDT,sell,68666.51000000,0.00335000,2026-08-19T16:18:03.651000+00:00
binance,6582460343,4035601049,BTCUSDT,sell,68666.51000000,0.01557000,2026-08-19T16:18:03.715000+00:00
binance,6582460344,4035601050,BTCUSDT,sell,68666.51000000,0.02279000,2026-08-19T16:18:04.169000+00:00
binance,6582460345,4035601051,BTCUSDT,sell,68666.51000000,0.00042000,2026-08-19T16:18:04.410000+00:00
binance,6582460346,4035601052,BTCUSDT,sell,68666.51000000,0.00031000,2026-08-19T16:18:04.525000+00:00
binance,6582460347,4035601053,BTCUSDT,buy,68666.52000000,0.00013000,2026-08-19T16:18:04.608000+00:00
binance,6582460348,4035601054,BTCUSDT,sell,68666.51000000,0.00012000,2026-08-19T16:18:04.650000+00:00
binance,6582460349,4035601055,BTCUSDT,sell,68666.51000000,0.00726000,2026-08-19T16:18:05.225000+00:00
binance,6582460350,4035601056,BTCUSDT,buy,68666.52000000,0.00027000,2026-08-19T16:18:05.294000+00:00
binance,6582460351,4035601057,BTCUSDT,buy,68666.52000000,0.00010000,2026-08-19T16:18:05.482000+00:00
binance,6582460352,4035601058,BTCUSDT,buy,68666.52000000,0.00541000,2026-08-19T16:18:05.501000+00:00
binance,6582460394,4035601059,BTCUSDT,buy,68666.53000000,0.00048000,2026-08-19T16:18:05.501000+00:00
binance,6582460400,4035601060,BTCUSDT,buy,68666.75000000,0.00008000,2026-08-19T16:18:05.501000+00:00
binance,6582460401,4035601061,BTCUSDT,buy,68667.49000000,0.00024000,2026-08-19T16:18:05.501000+00:00
binance,6582460404,4035601062,BTCUSDT,buy,68667.50000000,0.00379000,2026-08-19T16:18:05.501000+00:00
binance,6582460405,4035601063,BTCUSDT,buy,68667.50000000,0.02000000,2026-08-19T16:18:05.501000+00:00
binance,6582460406,4035601064,BTCUSDT,buy,68667.50000000,0.00250000,2026-08-19T16:18:05.501000+00:00
binance,6582460408,4035601065,BTCUSDT,buy,68667.95000000,0.00291000,2026-08-19T16:18:05.501000+00:00
binance,6582460409,4035601066,BTCUSDT,buy,68668.03000000,0.00008000,2026-08-19T16:18:05.501000+00:00
binance,6582460410,4035601067,BTCUSDT,buy,68668.87000000,0.00024000,2026-08-19T16:18:05.501000+00:00
binance,6582460413,4035601068,BTCUSDT,buy,68668.88000000,0.03427000,2026-08-19T16:18:05.501000+00:00
binance,6582460414,4035601069,BTCUSDT,buy,68668.88000000,0.00106000,2026-08-19T16:18:05.505000+00:00
binance,6582460427,4035601070,BTCUSDT,buy,68668.89000000,0.00008000,2026-08-19T16:18:05.505000+00:00
binance,6582460428,4035601071,BTCUSDT,buy,68668.92000000,0.00024000,2026-08-19T16:18:05.505000+00:00
binance,6582460431,4035601072,BTCUSDT,buy,68668.93000000,0.01971000,2026-08-19T16:18:05.507000+00:00
binance,6582460437,4035601073,BTCUSDT,buy,68668.93000000,0.00082000,2026-08-19T16:18:05.510000+00:00
binance,6582460447,4035601074,BTCUSDT,buy,68668.94000000,0.00026000,2026-08-19T16:18:05.510000+00:00
binance,6582460450,4035601075,BTCUSDT,buy,68669.23000000,0.00016000,2026-08-19T16:18:05.510000+00:00
binance,6582460452,4035601076,BTCUSDT,buy,68669.40000000,0.00008000,2026-08-19T16:18:05.510000+00:00
binance,6582460453,4035601077,BTCUSDT,buy,68669.41000000,0.00024000,2026-08-19T16:18:05.510000+00:00
binance,6582460456,4035601078,BTCUSDT,buy,68669.42000000,0.00033000,2026-08-19T16:18:05.512000+00:00
binance,6582460460,4035601079,BTCUSDT,buy,68669.80000000,0.00008000,2026-08-19T16:18:05.512000+00:00
binance,6582460461,4035601080,BTCUSDT,buy,68670.05000000,0.00016000,2026-08-19T16:18:05.512000+00:00
binance,6582460463,4035601081,BTCUSDT,buy,68670.70000000,0.00008000,2026-08-19T16:18:05.512000+00:00
binance,6582460464,4035601082,BTCUSDT,buy,68670.75000000,0.00008000,2026-08-19T16:18:05.512000+00:00
binance,6582460465,4035601083,BTCUSDT,buy,68670.76000000,0.00008000,2026-08-19T16:18:05.512000+00:00
binance,6582460466,4035601084,BTCUSDT,buy,68670.81000000,0.00008000,2026-08-19T16:18:05.512000+00:00
binance,6582460467,4035601085,BTCUSDT,buy,68670.90000000,0.00024000,2026-08-19T16:18:05.512000+00:00
binance,6582460470,4035601086,BTCUSDT,buy,68670.91000000,0.00056000,2026-08-19T16:18:05.512000+00:00
binance,6582460477,4035601087,BTCUSDT,buy,68671.03000000,0.00024000,2026-08-19T16:18:05.512000+00:00
binance,6582460480,4035601088,BTCUSDT,buy,68671.25000000,0.01720000,2026-08-19T16:18:05.512000+00:00
binance,6582460481,4035601089,BTCUSDT,buy,68671.25000000,0.00900000,2026-08-19T16:18:05.512000+00:00
binance,6582460482,4035601090,BTCUSDT,buy,68671.25000000,0.01100000,2026-08-19T16:18:05.513000+00:00
binance,6582460483,4035601091,BTCUSDT,buy,68671.25000000,0.02754000,2026-08-19T16:18:05.523000+00:00
binance,6582460501,4035601092,BTCUSDT,buy,68671.26000000,0.00032000,2026-08-19T16:18:05.523000+00:00
binance,6582460505,4035601093,BTCUSDT,buy,68671.65000000,0.00016000,2026-08-19T16:18:05.523000+00:00
binance,6582460507,4035601094,BTCUSDT,buy,68671.68000000,0.00048000,2026-08-19T16:18:05.523000+00:00
binance,6582460513,4035601095,BTCUSDT,buy,68672.85000000,0.00040000,2026-08-19T16:18:05.523000+00:00
binance,6582460518,4035601096,BTCUSDT,buy,68673.03000000,0.00017000,2026-08-19T16:18:05.523000+00:00
binance,6582460520,4035601097,BTCUSDT,buy,68673.55000000,0.00024000,2026-08-19T16:18:05.523000+00:00
binance,6582460523,4035601098,BTCUSDT,buy,68673.56000000,0.04376000,2026-08-19T16:18:05.523000+00:00
binance,6582460525,4035601099,BTCUSDT,buy,68673.94000000,0.00011000,2026-08-19T16:18:05.523000+00:00
binance,6582460526,4035601100,BTCUSDT,buy,68674.49000000,0.00016000,2026-08-19T16:18:05.523000+00:00
binance,6582460528,4035601101,BTCUSDT,buy,68674.60000000,0.00008000,2026-08-19T16:18:05.523000+00:00
binance,6582460529,4035601102,BTCUSDT,buy,68674.80000000,0.00024000,2026-08-19T16:18:05.523000+00:00
binance,6582460532,4035601103,BTCUSDT,buy,68674.81000000,0.02322000,2026-08-19T16:18:05.523000+00:00
binance,6582460533,4035601104,BTCUSDT,buy,68674.81000000,0.00300000,2026-08-19T16:18:05.534000+00:00
binance,6582460535,4035601105,BTCUSDT,sell,68674.80000000,0.00291000,2026-08-19T16:18:05.534000+00:00
binance,6582460536,4035601106,BTCUSDT,buy,68674.81000000,0.01000000,2026-08-19T16:18:05.545000+00:00
binance,6582460549,4035601107,BTCUSDT,buy,68674.81000000,0.02000000,2026-08-19T16:18:05.545000+00:00
binance,6582460550,4035601108,BTCUSDT,buy,68674.81000000,0.04000000,2026-08-19T16:18:05.635000+00:00
binance,6582460551,4035601109,BTCUSDT,sell,68674.80000000,0.00050000,2026-08-19T16:18:05.649000+00:00
binance,6582460552,4035601110,BTCUSDT,buy,68674.81000000,0.00300000,2026-08-19T16:18:05.653000+00:00
binance,6582460553,4035601111,BTCUSDT,buy,68674.81000000,0.02913000,2026-08-19T16:18:05.658000+00:00
binance,6582460554,4035601112,BTCUSDT,buy,68674.81000000,0.17383000,2026-08-19T16:18:05.737000+00:00
binance,6582460570,4035601113,BTCUSDT,buy,68674.82000000,0.00040000,2026-08-19T16:18:05.737000+00:00
binance,6582460575,4035601114,BTCUSDT,buy,68675.25000000,0.00058000,2026-08-19T16:18:05.739000+00:00
binance,6582460582,4035601115,BTCUSDT,buy,68675.26000000,0.03190000,2026-08-19T16:18:05.739000+00:00
binance,6582460583,4035601116,BTCUSDT,buy,68675.26000000,0.00585000,2026-08-19T16:18:05.742000+00:00
binance,6582460586,4035601117,BTCUSDT,buy,68675.26000000,0.00130000,2026-08-19T16:18:05.744000+00:00
binance,6582460602,4035601118,BTCUSDT,buy,68675.27000000,0.00040000,2026-08-19T16:18:05.744000+00:00
binance,6582460607,4035601119,BTCUSDT,buy,68675.48000000,0.00040000,2026-08-19T16:18:05.744000+00:00
binance,6582460612,4035601120,BTCUSDT,buy,68675.62000000,0.00018000,2026-08-19T16:18:05.744000+00:00
binance,6582460613,4035601121,BTCUSDT,buy,68676.26000000,0.00017000,2026-08-19T16:18:05.744000+00:00
binance,6582460615,4035601122,BTCUSDT,buy,68676.54000000,0.00009000,2026-08-19T16:18:05.744000+00:00
binance,6582460616,4035601123,BTCUSDT,buy,68676.80000000,0.00016000,2026-08-19T16:18:05.744000+00:00
binance,6582460618,4035601124,BTCUSDT,buy,68677.38000000,0.00008000,2026-08-19T16:18:05.744000+00:00
binance,6582460619,4035601125,BTCUSDT,buy,68677.64000000,0.01142000,2026-08-19T16:18:05.744000+00:00
binance,6582460620,4035601126,BTCUSDT,buy,68677.64000000,0.04717000,2026-08-19T16:18:05.745000+00:00
binance,6582460621,4035601127,BTCUSDT,buy,68678.75000000,0.00024000,2026-08-19T16:18:05.745000+00:00
binance,6582460624,4035601128,BTCUSDT,buy,68678.76000000,0.00008000,2026-08-19T16:18:05.745000+00:00
binance,6582460625,4035601129,BTCUSDT,buy,68679.10000000,0.00008000,2026-08-19T16:18:05.745000+00:00
binance,6582460626,4035601130,BTCUSDT,buy,68679.49000000,0.00008000,2026-08-19T16:18:05.745000+00:00
binance,6582460627,4035601131,BTCUSDT,buy,68679.57000000,0.00016000,2026-08-19T16:18:05.745000+00:00
binance,6582460629,4035601132,BTCUSDT,buy,68679.58000000,0.00040000,2026-08-19T16:18:05.745000+00:00
binance,6582460634,4035601133,BTCUSDT,buy,68679.60000000,0.00008000,2026-08-19T16:18:05.745000+00:00
binance,6582460635,4035601134,BTCUSDT,buy,68679.76000000,0.00008000,2026-08-19T16:18:05.745000+00:00
binance,6582460636,4035601135,BTCUSDT,buy,68679.82000000,0.03900000,2026-08-19T16:18:05.755000+00:00
binance,6582460637,4035601136,BTCUSDT,buy,68679.82000000,0.00100000,2026-08-19T16:18:05.757000+00:00
binance,6582460638,4035601137,BTCUSDT,buy,68679.82000000,0.02000000,2026-08-19T16:18:05.757000+00:00
binance,6582460639,4035601138,BTCUSDT,buy,68679.82000000,0.00015000,2026-08-19T16:18:05.807000+00:00
binance,6582460641,4035601139,BTCUSDT,buy,68679.82000000,0.00155000,2026-08-19T16:18:05.856000+00:00
binance,6582460659,4035601140,BTCUSDT,buy,68679.83000000,0.00040000,2026-08-19T16:18:05.856000+00:00
binance,6582460664,4035601141,BTCUSDT,buy,68679.95000000,0.00016000,2026-08-19T16:18:05.856000+00:00
binance,6582460666,4035601142,BTCUSDT,buy,68680.18000000,0.00016000,2026-08-19T16:18:05.856000+00:00
binance,6582460668,4035601143,BTCUSDT,buy,68680.61000000,0.00016000,2026-08-19T16:18:05.856000+00:00
binance,6582460670,4035601144,BTCUSDT,buy,68680.81000000,0.00008000,2026-08-19T16:18:05.856000+00:00
binance,6582460671,4035601145,BTCUSDT,buy,68680.83000000,0.00011000,2026-08-19T16:18:05.856000+00:00
binance,6582460672,4035601146,BTCUSDT,buy,68682.22000000,0.00024000,2026-08-19T16:18:05.856000+00:00
binance,6582460675,4035601147,BTCUSDT,buy,68682.23000000,0.00106000,2026-08-19T16:18:05.861000+00:00
binance,6582460688,4035601148,BTCUSDT,buy,68682.24000000,0.00032000,2026-08-19T16:18:05.861000+00:00
binance,6582460692,4035601149,BTCUSDT,buy,68682.55000000,0.00018000,2026-08-19T16:18:05.861000+00:00
binance,6582460693,4035601150,BTCUSDT,buy,68682.72000000,0.00008000,2026-08-19T16:18:05.861000+00:00
binance,6582460694,4035601151,BTCUSDT,buy,68683.08000000,0.00009000,2026-08-19T16:18:05.861000+00:00
binance,6582460695,4035601152,BTCUSDT,buy,68683.96000000,0.14564000,2026-08-19T16:18:05.861000+00:00
binance,6582460696,4035601153,BTCUSDT,buy,68684.66000000,0.05771000,2026-08-19T16:18:05.861000+00:00
binance,6582460697,4035601154,BTCUSDT,buy,68684.91000000,0.00008000,2026-08-19T16:18:05.861000+00:00
binance,6582460698,4035601155,BTCUSDT,buy,68685.72000000,0.00024000,2026-08-19T16:18:05.861000+00:00
binance,6582460701,4035601156,BTCUSDT,buy,68685.73000000,0.00008000,2026-08-19T16:18:05.861000+00:00
binance,6582460702,4035601157,BTCUSDT,buy,68685.95000000,0.00008000,2026-08-19T16:18:05.861000+00:00
binance,6582460703,4035601158,BTCUSDT,buy,68685.96000000,0.00008000,2026-08-19T16:18:05.861000+00:00
binance,6582460704,4035601159,BTCUSDT,buy,68686.00000000,0.00009000,2026-08-19T16:18:05.861000+00:00
binance,6582460705,4035601160,BTCUSDT,buy,68686.17000000,0.00011000,2026-08-19T16:18:05.861000+00:00
binance,6582460706,4035601161,BTCUSDT,buy,68686.52000000,0.00008000,2026-08-19T16:18:05.861000+00:00
binance,6582460707,4035601162,BTCUSDT,buy,68686.61000000,0.00024000,2026-08-19T16:18:05.861000+00:00
binance,6582460710,4035601163,BTCUSDT,buy,68686.62000000,0.00009000,2026-08-19T16:18:05.863000+00:00
binance,6582460712,4035601164,BTCUSDT,buy,68686.62000000,0.00900000,2026-08-19T16:18:05.958000+00:00
binance,6582460713,4035601165,BTCUSDT,buy,68686.62000000,0.01100000,2026-08-19T16:18:05.959000+00:00
binance,6582460714,4035601166,BTCUSDT,buy,68686.62000000,0.01800000,2026-08-19T16:18:05.995000+00:00
binance,6582460715,4035601167,BTCUSDT,sell,68686.61000000,0.01711000,2026-08-19T16:18:06.366000+00:00
binance,6582460716,4035601168,BTCUSDT,sell,68686.61000000,0.01039000,2026-08-19T16:18:06.609000+00:00
binance,6582460717,4035601169,BTCUSDT,sell,68686.61000000,0.21000000,2026-08-19T16:18:06.649000+00:00
binance,6582460719,4035601170,BTCUSDT,buy,68686.62000000,0.02000000,2026-08-19T16:18:07.056000+00:00
binance,6582460723,4035601171,BTCUSDT,buy,68686.62000000,0.01000000,2026-08-19T16:18:07.056000+00:00
binance,6582460724,4035601172,BTCUSDT,buy,68686.62000000,0.04000000,2026-08-19T16:18:07.056000+00:00
binance,6582460725,4035601173,BTCUSDT,buy,68686.62000000,0.00300000,2026-08-19T16:18:07.080000+00:00
binance,6582460726,4035601174,BTCUSDT,sell,68686.61000000,0.00060000,2026-08-19T16:18:07.207000+00:00
binance,6582460727,4035601175,BTCUSDT,buy,68686.62000000,0.00025000,2026-08-19T16:18:07.450000+00:00
binance,6582460728,4035601176,BTCUSDT,sell,68686.61000000,0.00091000,2026-08-19T16:18:07.537000+00:00
binance,6582460729,4035601177,BTCUSDT,sell,68686.61000000,0.02851000,2026-08-19T16:18:07.871000+00:00
binance,6582460731,4035601178,BTCUSDT,sell,68686.61000000,0.00010000,2026-08-19T16:18:08.080000+00:00
binance,6582460733,4035601179,BTCUSDT,sell,68686.61000000,0.03247000,2026-08-19T16:18:08.100000+00:00
binance,6582460769,4035601180,BTCUSDT,sell,68686.51000000,0.00016000,2026-08-19T16:18:08.100000+00:00
binance,6582460771,4035601181,BTCUSDT,sell,68686.13000000,0.00016000,2026-08-19T16:18:08.100000+00:00
binance,6582460773,4035601182,BTCUSDT,sell,68685.97000000,0.08435000,2026-08-19T16:18:08.110000+00:00
binance,6582460780,4035601183,BTCUSDT,sell,68685.97000000,0.02828000,2026-08-19T16:18:08.110000+00:00
binance,6582460783,4035601184,BTCUSDT,sell,68685.90000000,0.00074000,2026-08-19T16:18:08.113000+00:00
binance,6582460792,4035601185,BTCUSDT,sell,68684.92000000,0.00016000,2026-08-19T16:18:08.113000+00:00
binance,6582460794,4035601186,BTCUSDT,sell,68684.27000000,0.00024000,2026-08-19T16:18:08.113000+00:00
binance,6582460797,4035601187,BTCUSDT,sell,68683.77000000,0.00083000,2026-08-19T16:18:08.115000+00:00
binance,6582460807,4035601188,BTCUSDT,sell,68683.59000000,0.00024000,2026-08-19T16:18:08.115000+00:00
binance,6582460810,4035601189,BTCUSDT,sell,68682.72000000,0.00008000,2026-08-19T16:18:08.115000+00:00
binance,6582460811,4035601190,BTCUSDT,sell,68682.22000000,0.00040000,2026-08-19T16:18:08.115000+00:00
binance,6582460816,4035601191,BTCUSDT,sell,68682.00000000,0.00008000,2026-08-19T16:18:08.115000+00:00
binance,6582460817,4035601192,BTCUSDT,sell,68679.81000000,0.00071000,2026-08-19T16:18:08.115000+00:00
binance,6582460825,4035601193,BTCUSDT,sell,68679.74000000,0.00009000,2026-08-19T16:18:08.115000+00:00
binance,6582460826,4035601194,BTCUSDT,sell,68679.55000000,0.00032000,2026-08-19T16:18:08.115000+00:00
binance,6582460830,4035601195,BTCUSDT,sell,68679.49000000,0.00017000,2026-08-19T16:18:08.115000+00:00
binance,6582460832,4035601196,BTCUSDT,sell,68679.48000000,0.00024000,2026-08-19T16:18:08.115000+00:00
binance,6582460835,4035601197,BTCUSDT,sell,68679.30000000,0.14587000,2026-08-19T16:18:08.313000+00:00
binance,6582460842,4035601198,BTCUSDT,sell,68679.30000000,0.00417000,2026-08-19T16:18:08.314000+00:00
binance,6582460860,4035601199,BTCUSDT,sell,68679.29000000,0.00024000,2026-08-19T16:18:08.314000+00:00
binance,6582460863,4035601200,BTCUSDT,sell,68679.29000000,0.00066000,2026-08-19T16:18:08.316000+00:00
binance,6582460871,4035601201,BTCUSDT,sell,68678.77000000,0.00032000,2026-08-19T16:18:08.316000+00:00
binance,6582460875,4035601202,BTCUSDT,sell,68676.92000000,0.00024000,2026-08-19T16:18:08.316000+00:00
binance,6582460878,4035601203,BTCUSDT,sell,68676.91000000,0.00122000,2026-08-19T16:18:08.320000+00:00
binance,6582460893,4035601204,BTCUSDT,sell,68676.90000000,0.00056000,2026-08-19T16:18:08.320000+00:00
binance,6582460900,4035601205,BTCUSDT,sell,68676.28000000,0.00008000,2026-08-19T16:18:08.320000+00:00
binance,6582460901,4035601206,BTCUSDT,sell,68676.26000000,0.00017000,2026-08-19T16:18:08.320000+00:00
binance,6582460903,4035601207,BTCUSDT,sell,68675.62000000,0.00018000,2026-08-19T16:18:08.320000+00:00
binance,6582460904,4035601208,BTCUSDT,sell,68675.32000000,0.00040000,2026-08-19T16:18:08.320000+00:00
binance,6582460909,4035601209,BTCUSDT,sell,68675.25000000,0.00016000,2026-08-19T16:18:08.320000+00:00
binance,6582460911,4035601210,BTCUSDT,sell,68674.52000000,0.00954000,2026-08-19T16:18:08.320000+00:00
binance,6582460912,4035601211,BTCUSDT,sell,68674.52000000,0.00131000,2026-08-19T16:18:08.327000+00:00
binance,6582460928,4035601212,BTCUSDT,sell,68674.51000000,0.00048000,2026-08-19T16:18:08.327000+00:00
binance,6582460934,4035601213,BTCUSDT,sell,68673.03000000,0.00017000,2026-08-19T16:18:08.327000+00:00
binance,6582460936,4035601214,BTCUSDT,sell,68672.87000000,0.00016000,2026-08-19T16:18:08.327000+00:00
binance,6582460938,4035601215,BTCUSDT,sell,68672.19000000,0.01973000,2026-08-19T16:18:08.327000+00:00
binance,6582460939,4035601216,BTCUSDT,sell,68672.19000000,0.03871000,2026-08-19T16:18:08.327000+00:00
binance,6582460940,4035601217,BTCUSDT,sell,68672.16000000,0.00016000,2026-08-19T16:18:08.327000+00:00
binance,6582460942,4035601218,BTCUSDT,sell,68671.75000000,0.00024000,2026-08-19T16:18:08.327000+00:00
binance,6582460945,4035601219,BTCUSDT,sell,68671.62000000,0.00024000,2026-08-19T16:18:08.327000+00:00
binance,6582460948,4035601220,BTCUSDT,buy,68671.62000000,0.00081000,2026-08-19T16:18:08.348000+00:00
binance,6582460949,4035601221,BTCUSDT,sell,68671.61000000,0.00010000,2026-08-19T16:18:08.526000+00:00
binance,6582460951,4035601222,BTCUSDT,sell,68671.61000000,0.00187000,2026-08-19T16:18:08.540000+00:00
binance,6582460974,4035601223,BTCUSDT,sell,68671.60000000,0.00032000,2026-08-19T16:18:08.540000+00:00
binance,6582460978,4035601224,BTCUSDT,sell,68670.52000000,0.00008000,2026-08-19T16:18:08.540000+00:00
binance,6582460979,4035601225,BTCUSDT,sell,68670.44000000,0.00016000,2026-08-19T16:18:08.540000+00:00
binance,6582460981,4035601226,BTCUSDT,sell,68670.00000000,0.00009000,2026-08-19T16:18:08.540000+00:00
binance,6582460982,4035601227,BTCUSDT,sell,68669.80000000,0.00008000,2026-08-19T16:18:08.540000+00:00
binance,6582460983,4035601228,BTCUSDT,sell,68669.41000000,0.00016000,2026-08-19T16:18:08.540000+00:00
binance,6582460985,4035601229,BTCUSDT,sell,68669.20000000,0.00024000,2026-08-19T16:18:08.540000+00:00
binance,6582460988,4035601230,BTCUSDT,sell,68669.19000000,0.05794000,2026-08-19T16:18:08.540000+00:00
binance,6582460989,4035601231,BTCUSDT,sell,68668.94000000,0.00016000,2026-08-19T16:18:08.540000+00:00
binance,6582460991,4035601232,BTCUSDT,sell,68668.81000000,0.00008000,2026-08-19T16:18:08.540000+00:00
binance,6582460992,4035601233,BTCUSDT,sell,68668.69000000,0.00051000,2026-08-19T16:18:08.547000+00:00
binance,6582460994,4035601234,BTCUSDT,sell,68668.69000000,0.00211000,2026-08-19T16:18:08.632000+00:00
binance,6582461020,4035601235,BTCUSDT,sell,68668.68000000,0.00048000,2026-08-19T16:18:08.632000+00:00
binance,6582461026,4035601236,BTCUSDT,sell,68668.34000000,0.00016000,2026-08-19T16:18:08.632000+00:00
binance,6582461028,4035601237,BTCUSDT,sell,68667.09000000,0.00008000,2026-08-19T16:18:08.632000+00:00
binance,6582461029,4035601238,BTCUSDT,sell,68666.63000000,0.00024000,2026-08-19T16:18:08.632000+00:00
binance,6582461032,4035601239,BTCUSDT,sell,68666.57000000,0.00008000,2026-08-19T16:18:08.632000+00:00
binance,6582461033,4035601240,BTCUSDT,sell,68666.51000000,0.00746000,2026-08-19T16:18:08.632000+00:00
binance,6582461037,4035601241,BTCUSDT,sell,68666.26000000,0.00024000,2026-08-19T16:18:08.632000+00:00
binance,6582461040,4035601242,BTCUSDT,sell,68666.25000000,0.00114000,2026-08-19T16:18:08.639000+00:00
binance,6582461054,4035601243,BTCUSDT,sell,68666.24000000,0.00048000,2026-08-19T16:18:08.639000+00:00
binance,6582461060,4035601244,BTCUSDT,sell,68665.56000000,0.00016000,2026-08-19T16:18:08.639000+00:00
binance,6582461062,4035601245,BTCUSDT,sell,68665.48000000,0.00040000,2026-08-19T16:18:08.639000+00:00
binance,6582461067,4035601246,BTCUSDT,sell,68665.14000000,0.00024000,2026-08-19T16:18:08.639000+00:00
binance,6582461070,4035601247,BTCUSDT,sell,68665.00000000,0.00148000,2026-08-19T16:18:08.639000+00:00
binance,6582461071,4035601248,BTCUSDT,sell,68664.74000000,0.00016000,2026-08-19T16:18:08.639000+00:00
binance,6582461073,4035601249,BTCUSDT,sell,68664.54000000,0.00024000,2026-08-19T16:18:08.639000+00:00
binance,6582461076,4035601250,BTCUSDT,sell,68664.53000000,0.04368000,2026-08-19T16:18:08.639000+00:00
binance,6582461077,4035601251,BTCUSDT,sell,68664.47000000,0.00100000,2026-08-19T16:18:08.639000+00:00
binance,6582461078,4035601252,BTCUSDT,sell,68664.39000000,0.00011000,2026-08-19T16:18:08.639000+00:00
binance,6582461079,4035601253,BTCUSDT,sell,68664.17000000,0.00081000,2026-08-19T16:18:08.639000+00:00
binance,6582461080,4035601254,BTCUSDT,sell,68663.81000000,0.05745000,2026-08-19T16:18:08.639000+00:00
binance,6582461081,4035601255,BTCUSDT,sell,68663.73000000,0.02000000,2026-08-19T16:18:08.639000+00:00
binance,6582461082,4035601256,BTCUSDT,sell,68663.46000000,0.00009000,2026-08-19T16:18:08.639000+00:00
binance,6582461083,4035601257,BTCUSDT,sell,68663.39000000,0.00372000,2026-08-19T16:18:08.741000+00:00
binance,6582461086,4035601258,BTCUSDT,sell,68663.39000000,0.00038000,2026-08-19T16:18:08.786000+00:00
binance,6582461087,4035601259,BTCUSDT,sell,68663.39000000,0.00020000,2026-08-19T16:18:08.800000+00:00
binance,6582461088,4035601260,BTCUSDT,sell,68663.39000000,0.18079000,2026-08-19T16:18:09.112000+00:00
binance,6582461104,4035601261,BTCUSDT,buy,68663.40000000,0.00014000,2026-08-19T16:18:09.206000+00:00
binance,6582461105,4035601262,BTCUSDT,sell,68663.39000000,0.02444000,2026-08-19T16:18:09.363000+00:00
binance,6582461107,4035601263,BTCUSDT,sell,68663.39000000,0.00037000,2026-08-19T16:18:09.487000+00:00
binance,6582461108,4035601264,BTCUSDT,sell,68663.39000000,0.00038000,2026-08-19T16:18:09.540000+00:00
binance,6582461109,4035601265,BTCUSDT,sell,68663.39000000,0.00963000,2026-08-19T16:18:09.764000+00:00
binance,6582461110,4035601266,BTCUSDT,sell,68663.39000000,0.00228000,2026-08-19T16:18:09.930000+00:00
binance,6582461111,4035601267,BTCUSDT,buy,68663.40000000,0.00042000,2026-08-19T16:18:10.005000+00:00
binance,6582461112,4035601268,BTCUSDT,sell,68663.39000000,0.00008000,2026-08-19T16:18:10.269000+00:00
binance,6582461113,4035601269,BTCUSDT,sell,68663.39000000,0.00574000,2026-08-19T16:18:10.330000+00:00
binance,6582461114,4035601270,BTCUSDT,sell,68663.39000000,0.00011000,2026-08-19T16:18:10.997000+00:00
binance,6582461115,4035601271,BTCUSDT,sell,68663.39000000,0.00013000,2026-08-19T16:18:11.164000+00:00
binance,6582461116,4035601272,BTCUSDT,buy,68663.40000000,0.00401000,2026-08-19T16:18:11.293000+00:00
binance,6582461117,4035601273,BTCUSDT,sell,68663.39000000,0.00028000,2026-08-19T16:18:11.549000+00:00
binance,6582461118,4035601274,BTCUSDT,sell,68663.39000000,0.00300000,2026-08-19T16:18:11.750000+00:00
binance,6582461119,4035601275,BTCUSDT,buy,68663.40000000,0.00016000,2026-08-19T16:18:11.898000+00:00
binance,6582461120,4035601276,BTCUSDT,sell,68663.39000000,0.00034000,2026-08-19T16:18:11.928000+00:00
binance,6582461121,4035601277,BTCUSDT,buy,68663.40000000,0.02000000,2026-08-19T16:18:12.094000+00:00
binance,6582461122,4035601278,BTCUSDT,buy,68663.40000000,0.01000000,2026-08-19T16:18:12.095000+00:00
binance,6582461123,4035601279,BTCUSDT,buy,68663.40000000,0.00293000,2026-08-19T16:18:12.096000+00:00
binance,6582461158,4035601280,BTCUSDT,buy,68663.41000000,0.00064000,2026-08-19T16:18:12.096000+00:00
binance,6582461166,4035601281,BTCUSDT,buy,68663.47000000,0.00040000,2026-08-19T16:18:12.096000+00:00
binance,6582461171,4035601282,BTCUSDT,buy,68664.59000000,0.00008000,2026-08-19T16:18:12.096000+00:00
binance,6582461172,4035601283,BTCUSDT,buy,68665.73000000,0.00154000,2026-08-19T16:18:12.103000+00:00
binance,6582461191,4035601284,BTCUSDT,buy,68665.74000000,0.00632000,2026-08-19T16:18:12.118000+00:00
binance,6582461195,4035601285,BTCUSDT,buy,68665.74000000,0.00010000,2026-08-19T16:18:12.120000+00:00
binance,6582461197,4035601286,BTCUSDT,buy,68665.74000000,0.00136000,2026-08-19T16:18:12.122000+00:00
binance,6582461213,4035601287,BTCUSDT,buy,68665.75000000,0.00032000,2026-08-19T16:18:12.122000+00:00
binance,6582461217,4035601288,BTCUSDT,buy,68666.25000000,0.00016000,2026-08-19T16:18:12.122000+00:00
binance,6582461219,4035601289,BTCUSDT,buy,68666.26000000,0.00056000,2026-08-19T16:18:12.122000+00:00
binance,6582461226,4035601290,BTCUSDT,buy,68666.57000000,0.00008000,2026-08-19T16:18:12.122000+00:00
binance,6582461227,4035601291,BTCUSDT,buy,68668.08000000,0.00024000,2026-08-19T16:18:12.122000+00:00
binance,6582461230,4035601292,BTCUSDT,buy,68668.09000000,0.00179000,2026-08-19T16:18:12.141000+00:00
binance,6582461252,4035601293,BTCUSDT,buy,68668.10000000,0.00040000,2026-08-19T16:18:12.141000+00:00
binance,6582461257,4035601294,BTCUSDT,buy,68668.69000000,0.00080000,2026-08-19T16:18:12.141000+00:00
binance,6582461267,4035601295,BTCUSDT,buy,68668.70000000,0.00008000,2026-08-19T16:18:12.141000+00:00
binance,6582461268,4035601296,BTCUSDT,buy,68669.03000000,0.00016000,2026-08-19T16:18:12.141000+00:00
binance,6582461270,4035601297,BTCUSDT,buy,68669.80000000,0.00008000,2026-08-19T16:18:12.141000+00:00
binance,6582461271,4035601298,BTCUSDT,buy,68670.06000000,0.02000000,2026-08-19T16:18:12.220000+00:00
binance,6582461272,4035601299,BTCUSDT,buy,68670.06000000,0.00194000,2026-08-19T16:18:12.235000+00:00
binance,6582461295,4035601300,BTCUSDT,buy,68670.07000000,0.00064000,2026-08-19T16:18:12.235000+00:00
binance,6582461303,4035601301,BTCUSDT,buy,68670.45000000,0.00016000,2026-08-19T16:18:12.235000+00:00
binance,6582461305,4035601302,BTCUSDT,buy,68672.41000000,0.00024000,2026-08-19T16:18:12.235000+00:00
binance,6582461308,4035601303,BTCUSDT,buy,68672.42000000,0.01000000,2026-08-19T16:18:12.273000+00:00
binance,6582461311,4035601304,BTCUSDT,buy,68672.42000000,0.00177000,2026-08-19T16:18:12.366000+00:00
binance,6582461312,4035601305,BTCUSDT,buy,68672.42000000,0.00267000,2026-08-19T16:18:12.469000+00:00
binance,6582461323,4035601306,BTCUSDT,sell,68672.41000000,0.01253000,2026-08-19T16:18:12.537000+00:00
binance,6582461324,4035601307,BTCUSDT,sell,68672.41000000,0.00031000,2026-08-19T16:18:12.594000+00:00
binance,6582461325,4035601308,BTCUSDT,sell,68672.41000000,0.04965000,2026-08-19T16:18:12.608000+00:00
binance,6582461326,4035601309,BTCUSDT,buy,68672.42000000,0.00145000,2026-08-19T16:18:12.849000+00:00
binance,6582461327,4035601310,BTCUSDT,sell,68672.41000000,0.00036000,2026-08-19T16:18:12.861000+00:00
binance,6582461328,4035601311,BTCUSDT,sell,68672.41000000,0.00013000,2026-08-19T16:18:13.247000+00:00
binance,6582461329,4035601312,BTCUSDT,sell,68672.41000000,0.00010000,2026-08-19T16:18:13.510000+00:00
binance,6582461330,4035601313,BTCUSDT,sell,68672.41000000,0.14562000,2026-08-19T16:18:13.556000+00:00
binance,6582461331,4035601314,BTCUSDT,sell,68672.41000000,0.04708000,2026-08-19T16:18:13.971000+00:00
binance,6582461337,4035601315,BTCUSDT,sell,68672.41000000,0.00010000,2026-08-19T16:18:14.076000+00:00
binance,6582461338,4035601316,BTCUSDT,sell,68672.41000000,0.19928000,2026-08-19T16:18:14.144000+00:00
binance,6582461359,4035601317,BTCUSDT,sell,68672.16000000,0.00008000,2026-08-19T16:18:14.144000+00:00
binance,6582461360,4035601318,BTCUSDT,sell,68670.05000000,0.00080000,2026-08-19T16:18:14.144000+00:00
binance,6582461370,4035601319,BTCUSDT,sell,68669.80000000,0.00008000,2026-08-19T16:18:14.144000+00:00
binance,6582461371,4035601320,BTCUSDT,sell,68668.48000000,0.00030000,2026-08-19T16:18:14.144000+00:00
binance,6582461372,4035601321,BTCUSDT,sell,68668.21000000,0.00024000,2026-08-19T16:18:14.144000+00:00
binance,6582461375,4035601322,BTCUSDT,sell,68668.20000000,0.02000000,2026-08-19T16:18:14.144000+00:00
binance,6582461376,4035601323,BTCUSDT,sell,68668.08000000,0.00387000,2026-08-19T16:18:14.144000+00:00
binance,6582461389,4035601324,BTCUSDT,sell,68666.74000000,0.00024000,2026-08-19T16:18:14.144000+00:00
binance,6582461392,4035601325,BTCUSDT,sell,68666.73000000,0.05056000,2026-08-19T16:18:14.144000+00:00
binance,6582461393,4035601326,BTCUSDT,buy,68666.74000000,0.00027000,2026-08-19T16:18:14.403000+00:00
binance,6582461394,4035601327,BTCUSDT,sell,68666.73000000,0.00101000,2026-08-19T16:18:14.462000+00:00
binance,6582461395,4035601328,BTCUSDT,sell,68666.73000000,0.00067000,2026-08-19T16:18:14.562000+00:00
binance,6582461396,4035601329,BTCUSDT,buy,68666.74000000,0.01192000,2026-08-19T16:18:14.658000+00:00
binance,6582461397,4035601330,BTCUSDT,buy,68666.74000000,0.00087000,2026-08-19T16:18:14.841000+00:00
binance,6582461398,4035601331,BTCUSDT,buy,68666.74000000,0.00010000,2026-08-19T16:18:14.872000+00:00
binance,6582461399,4035601332,BTCUSDT,sell,68666.73000000,0.04287000,2026-08-19T16:18:14.883000+00:00
binance,6582461400,4035601333,BTCUSDT,buy,68666.74000000,0.00073000,2026-08-19T16:18:14.964000+00:00
binance,6582461401,4035601334,BTCUSDT,buy,68666.74000000,0.00344000,2026-08-19T16:18:14.972000+00:00
binance,6582461432,4035601335,BTCUSDT,buy,68666.75000000,0.00040000,2026-08-19T16:18:14.972000+00:00
binance,6582461437,4035601336,BTCUSDT,buy,68668.92000000,0.00024000,2026-08-19T16:18:14.972000+00:00
binance,6582461440,4035601337,BTCUSDT,sell,68668.92000000,0.14895000,2026-08-19T16:18:14.977000+00:00
binance,6582461441,4035601338,BTCUSDT,buy,68668.93000000,0.01000000,2026-08-19T16:18:15.001000+00:00
binance,6582461443,4035601339,BTCUSDT,buy,68668.93000000,0.02000000,2026-08-19T16:18:15.007000+00:00
binance,6582461444,4035601340,BTCUSDT,buy,68668.93000000,0.00147000,2026-08-19T16:18:15.014000+00:00
binance,6582461462,4035601341,BTCUSDT,buy,68668.94000000,0.00040000,2026-08-19T16:18:15.014000+00:00
binance,6582461467,4035601342,BTCUSDT,buy,68669.10000000,0.00107000,2026-08-19T16:18:15.030000+00:00
binance,6582461480,4035601343,BTCUSDT,buy,68669.11000000,0.00024000,2026-08-19T16:18:15.030000+00:00
binance,6582461483,4035601344,BTCUSDT,buy,68669.80000000,0.00008000,2026-08-19T16:18:15.030000+00:00
binance,6582461484,4035601345,BTCUSDT,buy,68671.29000000,0.00024000,2026-08-19T16:18:15.030000+00:00
binance,6582461487,4035601346,BTCUSDT,sell,68671.29000000,0.00014000,2026-08-19T16:18:15.129000+00:00
binance,6582461488,4035601347,BTCUSDT,buy,68671.30000000,0.00035000,2026-08-19T16:18:15.148000+00:00
binance,6582461489,4035601348,BTCUSDT,buy,68671.30000000,0.00015000,2026-08-19T16:18:15.164000+00:00
binance,6582461490,4035601349,BTCUSDT,buy,68671.30000000,0.00009000,2026-08-19T16:18:15.207000+00:00
binance,6582461491,4035601350,BTCUSDT,buy,68671.30000000,0.00015000,2026-08-19T16:18:15.250000+00:00
binance,6582461492,4035601351,BTCUSDT,sell,68671.29000000,0.00008000,2026-08-19T16:18:15.403000+00:00
binance,6582461493,4035601352,BTCUSDT,buy,68671.30000000,0.00015000,2026-08-19T16:18:15.514000+00:00
binance,6582461494,4035601353,BTCUSDT,buy,68671.30000000,0.00037000,2026-08-19T16:18:15.650000+00:00
binance,6582461495,4035601354,BTCUSDT,buy,68671.30000000,0.00015000,2026-08-19T16:18:15.715000+00:00
binance,6582461496,4035601355,BTCUSDT,sell,68671.29000000,0.00668000,2026-08-19T16:18:15.735000+00:00
binance,6582461497,4035601356,BTCUSDT,buy,68671.30000000,0.00022000,2026-08-19T16:18:15.884000+00:00
binance,6582461498,4035601357,BTCUSDT,buy,68671.30000000,0.00146000,2026-08-19T16:18:15.985000+00:00
binance,6582461499,4035601358,BTCUSDT,buy,68671.30000000,0.00030000,2026-08-19T16:18:16.014000+00:00
binance,6582461500,4035601359,BTCUSDT,buy,68671.30000000,0.00066000,2026-08-19T16:18:16.045000+00:00
binance,6582461501,4035601360,BTCUSDT,sell,68671.29000000,0.00042000,2026-08-19T16:18:16.052000+00:00
binance,6582461502,4035601361,BTCUSDT,buy,68671.30000000,0.00280000,2026-08-19T16:18:16.055000+00:00
binance,6582461503,4035601362,BTCUSDT,buy,68671.30000000,0.00044000,2026-08-19T16:18:16.073000+00:00
binance,6582461504,4035601363,BTCUSDT,buy,68671.30000000,0.00096000,2026-08-19T16:18:16.104000+00:00
binance,6582461505,4035601364,BTCUSDT,buy,68671.30000000,0.00729000,2026-08-19T16:18:16.153000+00:00
binance,6582461506,4035601365,BTCUSDT,buy,68671.30000000,0.00044000,2026-08-19T16:18:16.553000+00:00
binance,6582461507,4035601366,BTCUSDT,buy,68671.30000000,0.00073000,2026-08-19T16:18:16.640000+00:00
binance,6582461508,4035601367,BTCUSDT,buy,68671.30000000,0.00729000,2026-08-19T16:18:16.750000+00:00
binance,6582461509,4035601368,BTCUSDT,sell,68671.29000000,0.01000000,2026-08-19T16:18:16.763000+00:00
binance,6582461510,4035601369,BTCUSDT,buy,68671.30000000,0.14007000,2026-08-19T16:18:16.848000+00:00
binance,6582461513,4035601370,BTCUSDT,buy,68671.30000000,0.00146000,2026-08-19T16:18:16.850000+00:00
binance,6582461514,4035601371,BTCUSDT,sell,68671.29000000,0.00058000,2026-08-19T16:18:16.903000+00:00
binance,6582461515,4035601372,BTCUSDT,buy,68671.30000000,0.00010000,2026-08-19T16:18:16.936000+00:00
binance,6582461516,4035601373,BTCUSDT,buy,68671.30000000,0.00037000,2026-08-19T16:18:16.948000+00:00
binance,6582461517,4035601374,BTCUSDT,buy,68671.30000000,0.01800000,2026-08-19T16:18:17.022000+00:00
binance,6582461518,4035601375,BTCUSDT,buy,68671.30000000,0.00197000,2026-08-19T16:18:17.061000+00:00
binance,6582461542,4035601376,BTCUSDT,buy,68671.31000000,0.00024000,2026-08-19T16:18:17.061000+00:00
binance,6582461545,4035601377,BTCUSDT,buy,68672.41000000,0.00015000,2026-08-19T16:18:17.061000+00:00
binance,6582461546,4035601378,BTCUSDT,buy,68672.42000000,0.00072000,2026-08-19T16:18:17.061000+00:00
binance,6582461555,4035601379,BTCUSDT,buy,68673.02000000,0.00016000,2026-08-19T16:18:17.061000+00:00
binance,6582461556,4035601380,BTCUSDT,buy,68673.03000000,0.00008000,2026-08-19T16:18:17.061000+00:00
binance,6582461557,4035601381,BTCUSDT,buy,68673.67000000,0.00030000,2026-08-19T16:18:17.147000+00:00
binance,6582461558,4035601382,BTCUSDT,buy,68673.67000000,0.01000000,2026-08-19T16:18:17.162000+00:00
binance,6582461559,4035601383,BTCUSDT,buy,68673.67000000,0.02000000,2026-08-19T16:18:17.170000+00:00
binance,6582461560,4035601384,BTCUSDT,buy,68673.67000000,0.02000000,2026-08-19T16:18:17.170000+00:00
binance,6582461561,4035601385,BTCUSDT,buy,68673.67000000,0.00400000,2026-08-19T16:18:17.174000+00:00
binance,6582461562,4035601386,BTCUSDT,buy,68673.67000000,0.00600000,2026-08-19T16:18:17.174000+00:00
binance,6582461563,4035601387,BTCUSDT,buy,68673.67000000,0.00138000,2026-08-19T16:18:17.200000+00:00
binance,6582461579,4035601388,BTCUSDT,buy,68673.68000000,0.00056000,2026-08-19T16:18:17.200000+00:00
binance,6582461586,4035601389,BTCUSDT,buy,68674.35000000,0.00016000,2026-08-19T16:18:17.200000+00:00
binance,6582461588,4035601390,BTCUSDT,buy,68674.78000000,0.00016000,2026-08-19T16:18:17.200000+00:00
binance,6582461590,4035601391,BTCUSDT,buy,68675.62000000,0.00018000,2026-08-19T16:18:17.200000+00:00
binance,6582461591,4035601392,BTCUSDT,buy,68676.04000000,0.00024000,2026-08-19T16:18:17.200000+00:00
binance,6582461594,4035601393,BTCUSDT,buy,68676.05000000,0.00162000,2026-08-19T16:18:17.206000+00:00
binance,6582461614,4035601394,BTCUSDT,buy,68676.06000000,0.00056000,2026-08-19T16:18:17.206000+00:00
binance,6582461621,4035601395,BTCUSDT,buy,68676.26000000,0.00008000,2026-08-19T16:18:17.206000+00:00
binance,6582461622,4035601396,BTCUSDT,buy,68676.54000000,0.00009000,2026-08-19T16:18:17.206000+00:00
binance,6582461623,4035601397,BTCUSDT,buy,68676.55000000,0.00016000,2026-08-19T16:18:17.206000+00:00
binance,6582461625,4035601398,BTCUSDT,buy,68676.74000000,0.00016000,2026-08-19T16:18:17.206000+00:00
binance,6582461627,4035601399,BTCUSDT,buy,68677.38000000,0.00008000,2026-08-19T16:18:17.206000+00:00
binance,6582461628,4035601400,BTCUSDT,buy,68678.28000000,0.09326000,2026-08-19T16:18:17.215000+00:00
binance,6582461646,4035601401,BTCUSDT,buy,68678.29000000,0.00056000,2026-08-19T16:18:17.215000+00:00
binance,6582461653,4035601402,BTCUSDT,buy,68678.83000000,0.00009000,2026-08-19T16:18:17.215000+00:00
binance,6582461654,4035601403,BTCUSDT,buy,68678.99000000,0.00008000,2026-08-19T16:18:17.215000+00:00
binance,6582461655,4035601404,BTCUSDT,buy,68679.10000000,0.00008000,2026-08-19T16:18:17.215000+00:00
binance,6582461656,4035601405,BTCUSDT,buy,68679.28000000,0.00040000,2026-08-19T16:18:17.215000+00:00
binance,6582461661,4035601406,BTCUSDT,buy,68679.29000000,0.00061000,2026-08-19T16:18:17.215000+00:00
binance,6582461667,4035601407,BTCUSDT,buy,68679.49000000,0.00017000,2026-08-19T16:18:17.215000+00:00
binance,6582461669,4035601408,BTCUSDT,buy,68679.76000000,0.00008000,2026-08-19T16:18:17.215000+00:00
binance,6582461670,4035601409,BTCUSDT,buy,68680.06000000,0.00016000,2026-08-19T16:18:17.215000+00:00
binance,6582461672,4035601410,BTCUSDT,buy,68680.07000000,0.00016000,2026-08-19T16:18:17.215000+00:00
binance,6582461674,4035601411,BTCUSDT,buy,68680.09000000,0.00008000,2026-08-19T16:18:17.215000+00:00
binance,6582461675,4035601412,BTCUSDT,buy,68680.12000000,0.00056000,2026-08-19T16:18:17.215000+00:00
binance,6582461682,4035601413,BTCUSDT,buy,68680.13000000,0.00300000,2026-08-19T16:18:17.218000+00:00
binance,6582461683,4035601414,BTCUSDT,buy,68680.13000000,0.00015000,2026-08-19T16:18:17.248000+00:00
binance,6582461685,4035601415,BTCUSDT,buy,68680.13000000,0.00263000,2026-08-19T16:18:17.283000+00:00
binance,6582461690,4035601416,BTCUSDT,sell,68680.12000000,0.15324000,2026-08-19T16:18:17.383000+00:00
binance,6582461691,4035601417,BTCUSDT,buy,68680.13000000,0.00023000,2026-08-19T16:18:17.418000+00:00
binance,6582461692,4035601418,BTCUSDT,buy,68680.13000000,0.00015000,2026-08-19T16:18:17.438000+00:00
binance,6582461693,4035601419,BTCUSDT,buy,68680.13000000,0.00015000,2026-08-19T16:18:17.452000+00:00
binance,6582461694,4035601420,BTCUSDT,buy,68680.13000000,0.00219000,2026-08-19T16:18:17.554000+00:00
binance,6582461695,4035601421,BTCUSDT,buy,68680.13000000,0.00146000,2026-08-19T16:18:17.564000+00:00
binance,6582461696,4035601422,BTCUSDT,buy,68680.13000000,0.00087000,2026-08-19T16:18:17.607000+00:00
binance,6582461697,4035601423,BTCUSDT,buy,68680.13000000,0.00073000,2026-08-19T16:18:17.648000+00:00
binance,6582461698,4035601424,BTCUSDT,buy,68680.13000000,0.03000000,2026-08-19T16:18:17.702000+00:00
binance,6582461699,4035601425,BTCUSDT,buy,68680.13000000,0.00030000,2026-08-19T16:18:17.750000+00:00
binance,6582461700,4035601426,BTCUSDT,buy,68680.13000000,0.00030000,2026-08-19T16:18:17.763000+00:00
binance,6582461701,4035601427,BTCUSDT,buy,68680.13000000,0.01000000,2026-08-19T16:18:17.810000+00:00
binance,6582461702,4035601428,BTCUSDT,buy,68680.13000000,0.00100000,2026-08-19T16:18:17.810000+00:00
binance,6582461703,4035601429,BTCUSDT,buy,68680.13000000,0.00044000,2026-08-19T16:18:17.845000+00:00
binance,6582461704,4035601430,BTCUSDT,buy,68680.13000000,0.00073000,2026-08-19T16:18:18.149000+00:00
binance,6582461705,4035601431,BTCUSDT,buy,68680.13000000,0.00146000,2026-08-19T16:18:18.149000+00:00
binance,6582461706,4035601432,BTCUSDT,buy,68680.13000000,0.00030000,2026-08-19T16:18:18.250000+00:00
binance,6582461707,4035601433,BTCUSDT,buy,68680.13000000,0.00044000,2026-08-19T16:18:18.445000+00:00
binance,6582461708,4035601434,BTCUSDT,buy,68680.13000000,0.00200000,2026-08-19T16:18:18.476000+00:00
binance,6582461709,4035601435,BTCUSDT,buy,68680.13000000,0.00044000,2026-08-19T16:18:18.553000+00:00
binance,6582461710,4035601436,BTCUSDT,buy,68680.13000000,0.01000000,2026-08-19T16:18:18.584000+00:00
binance,6582461711,4035601437,BTCUSDT,buy,68680.13000000,0.01700000,2026-08-19T16:18:18.584000+00:00
binance,6582461712,4035601438,BTCUSDT,sell,68680.12000000,0.00105000,2026-08-19T16:18:18.629000+00:00
binance,6582461713,4035601439,BTCUSDT,buy,68680.13000000,0.00030000,2026-08-19T16:18:18.864000+00:00
binance,6582461714,4035601440,BTCUSDT,buy,68680.13000000,0.00038000,2026-08-19T16:18:18.909000+00:00
binance,6582461715,4035601441,BTCUSDT,sell,68680.12000000,0.15003000,2026-08-19T16:18:19.073000+00:00
binance,6582461716,4035601442,BTCUSDT,buy,68680.13000000,0.00030000,2026-08-19T16:18:19.245000+00:00
binance,6582461717,4035601443,BTCUSDT,buy,68680.13000000,0.00015000,2026-08-19T16:18:19.350000+00:00
binance,6582461718,4035601444,BTCUSDT,buy,68680.13000000,0.00015000,2026-08-19T16:18:19.445000+00:00
binance,6582461719,4035601445,BTCUSDT,buy,68680.13000000,0.00031000,2026-08-19T16:18:19.644000+00:00
binance,6582461720,4035601446,BTCUSDT,buy,68680.13000000,0.00015000,2026-08-19T16:18:19.649000+00:00
binance,6582461721,4035601447,BTCUSDT,buy,68680.13000000,0.00740000,2026-08-19T16:18:19.705000+00:00
binance,6582461722,4035601448,BTCUSDT,buy,68680.13000000,0.04369000,2026-08-19T16:18:19.744000+00:00
binance,6582461723,4035601449,BTCUSDT,buy,68680.13000000,0.14560000,2026-08-19T16:18:19.754000+00:00
binance,6582461729,4035601450,BTCUSDT,buy,68680.13000000,0.00030000,2026-08-19T16:18:19.950000+00:00
binance,6582461730,4035601451,BTCUSDT,buy,68680.13000000,0.01000000,2026-08-19T16:18:19.989000+00:00
binance,6582461731,4035601452,BTCUSDT,buy,68680.13000000,0.02000000,2026-08-19T16:18:19.990000+00:00
binance,6582461732,4035601453,BTCUSDT,buy,68680.13000000,0.01100000,2026-08-19T16:18:19.994000+00:00
binance,6582461733,4035601454,BTCUSDT,buy,68680.13000000,0.00900000,2026-08-19T16:18:19.995000+00:00
binance,6582461734,4035601455,BTCUSDT,buy,68680.13000000,0.00010000,2026-08-19T16:18:19.996000+00:00
binance,6582461735,4035601456,BTCUSDT,buy,68680.13000000,0.03011000,2026-08-19T16:18:19.997000+00:00
binance,6582461770,4035601457,BTCUSDT,buy,68680.14000000,0.00040000,2026-08-19T16:18:19.997000+00:00
binance,6582461775,4035601458,BTCUSDT,buy,68680.33000000,0.00016000,2026-08-19T16:18:19.997000+00:00
binance,6582461777,4035601459,BTCUSDT,buy,68681.00000000,0.00300000,2026-08-19T16:18:20.013000+00:00
binance,6582461779,4035601460,BTCUSDT,sell,68680.99000000,0.09188000,2026-08-19T16:18:20.148000+00:00
binance,6582461780,4035601461,BTCUSDT,buy,68681.00000000,0.00021000,2026-08-19T16:18:20.164000+00:00
binance,6582461783,4035601462,BTCUSDT,buy,68681.00000000,0.00073000,2026-08-19T16:18:20.348000+00:00
binance,6582461788,4035601463,BTCUSDT,buy,68681.00000000,0.00010000,2026-08-19T16:18:20.465000+00:00
binance,6582461789,4035601464,BTCUSDT,buy,68681.00000000,0.02850000,2026-08-19T16:18:20.488000+00:00
binance,6582461790,4035601465,BTCUSDT,buy,68681.00000000,0.00290000,2026-08-19T16:18:20.523000+00:00
binance,6582461791,4035601466,BTCUSDT,buy,68681.00000000,0.00123000,2026-08-19T16:18:20.606000+00:00
binance,6582461805,4035601467,BTCUSDT,buy,68681.01000000,0.00032000,2026-08-19T16:18:20.606000+00:00
binance,6582461809,4035601468,BTCUSDT,buy,68682.55000000,0.00018000,2026-08-19T16:18:20.606000+00:00
binance,6582461810,4035601469,BTCUSDT,buy,68682.72000000,0.00025000,2026-08-19T16:18:20.606000+00:00
binance,6582461813,4035601470,BTCUSDT,buy,68683.08000000,0.00009000,2026-08-19T16:18:20.606000+00:00
binance,6582461814,4035601471,BTCUSDT,buy,68683.40000000,0.00024000,2026-08-19T16:18:20.606000+00:00
binance,6582461817,4035601472,BTCUSDT,sell,68683.40000000,0.00231000,2026-08-19T16:18:20.768000+00:00
binance,6582461818,4035601473,BTCUSDT,sell,68683.40000000,0.00297000,2026-08-19T16:18:20.861000+00:00
binance,6582461819,4035601474,BTCUSDT,sell,68683.40000000,0.00049000,2026-08-19T16:18:21.297000+00:00
binance,6582461820,4035601475,BTCUSDT,sell,68683.40000000,0.00113000,2026-08-19T16:18:21.478000+00:00
binance,6582461821,4035601476,BTCUSDT,sell,68683.40000000,0.04594000,2026-08-19T16:18:21.864000+00:00
binance,6582461822,4035601477,BTCUSDT,sell,68683.40000000,0.12156000,2026-08-19T16:18:21.867000+00:00
binance,6582461823,4035601478,BTCUSDT,sell,68683.40000000,0.00043000,2026-08-19T16:18:21.880000+00:00
binance,6582461824,4035601479,BTCUSDT,sell,68683.40000000,0.01152000,2026-08-19T16:18:22.207000+00:00
binance,6582461825,4035601480,BTCUSDT,sell,68683.40000000,0.00010000,2026-08-19T16:18:22.323000+00:00
binance,6582461826,4035601481,BTCUSDT,buy,68683.41000000,0.00014000,2026-08-19T16:18:22.444000+00:00
binance,6582461828,4035601482,BTCUSDT,sell,68683.40000000,0.01541000,2026-08-19T16:18:23.396000+00:00
binance,6582461833,4035601483,BTCUSDT,sell,68683.40000000,0.01459000,2026-08-19T16:18:23.467000+00:00
binance,6582461834,4035601484,BTCUSDT,buy,68683.41000000,0.00014000,2026-08-19T16:18:23.520000+00:00
binance,6582461837,4035601485,BTCUSDT,sell,68683.40000000,0.00038000,2026-08-19T16:18:23.864000+00:00
binance,6582461838,4035601486,BTCUSDT,sell,68683.40000000,0.00200000,2026-08-19T16:18:24.121000+00:00
binance,6582461839,4035601487,BTCUSDT,sell,68683.40000000,0.00300000,2026-08-19T16:18:24.176000+00:00
binance,6582461840,4035601488,BTCUSDT,buy,68683.41000000,0.00436000,2026-08-19T16:18:24.462000+00:00
binance,6582461842,4035601489,BTCUSDT,buy,68683.41000000,0.04369000,2026-08-19T16:18:24.481000+00:00
binance,6582461843,4035601490,BTCUSDT,sell,68683.40000000,0.00010000,2026-08-19T16:18:24.529000+00:00
binance,6582461844,4035601491,BTCUSDT,sell,68683.40000000,0.00882000,2026-08-19T16:18:24.701000+00:00
binance,6582461845,4035601492,BTCUSDT,buy,68683.41000000,0.00013000,2026-08-19T16:18:24.794000+00:00
binance,6582461846,4035601493,BTCUSDT,sell,68683.40000000,0.00016000,2026-08-19T16:18:24.936000+00:00
binance,6582461847,4035601494,BTCUSDT,buy,68683.41000000,0.00727000,2026-08-19T16:18:25.162000+00:00
binance,6582461848,4035601495,BTCUSDT,buy,68683.41000000,0.00029000,2026-08-19T16:18:25.346000+00:00
binance,6582461849,4035601496,BTCUSDT,buy,68683.41000000,0.00043000,2026-08-19T16:18:25.731000+00:00
binance,6582461850,4035601497,BTCUSDT,buy,68683.41000000,0.02000000,2026-08-19T16:18:25.773000+00:00
binance,6582461851,4035601498,BTCUSDT,buy,68683.41000000,0.01000000,2026-08-19T16:18:25.773000+00:00
binance,6582461852,4035601499,BTCUSDT,buy,68683.41000000,0.02000000,2026-08-19T16:18:25.782000+00:00
binance,6582461853,4035601500,BTCUSDT,buy,68683.41000000,0.00010000,2026-08-19T16:18:25.785000+00:00
binance,6582461854,4035601501,BTCUSDT,buy,68683.41000000,0.01100000,2026-08-19T16:18:25.787000+00:00
binance,6582461855,4035601502,BTCUSDT,buy,68683.41000000,0.15535000,2026-08-19T16:18:25.799000+00:00
binance,6582461889,4035601503,BTCUSDT,buy,68683.42000000,0.00056000,2026-08-19T16:18:25.799000+00:00
binance,6582461896,4035601504,BTCUSDT,buy,68684.24000000,0.00015000,2026-08-19T16:18:25.799000+00:00
binance,6582461897,4035601505,BTCUSDT,buy,68684.25000000,0.00008000,2026-08-19T16:18:25.799000+00:00
binance,6582461898,4035601506,BTCUSDT,buy,68684.25000000,0.00121000,2026-08-19T16:18:25.802000+00:00
binance,6582461913,4035601507,BTCUSDT,buy,68684.26000000,0.00048000,2026-08-19T16:18:25.802000+00:00
binance,6582461919,4035601508,BTCUSDT,buy,68684.69000000,0.00097000,2026-08-19T16:18:25.802000+00:00
binance,6582461931,4035601509,BTCUSDT,buy,68684.70000000,0.00024000,2026-08-19T16:18:25.802000+00:00
binance,6582461934,4035601510,BTCUSDT,buy,68685.02000000,0.00048000,2026-08-19T16:18:25.802000+00:00
binance,6582461940,4035601511,BTCUSDT,sell,68685.02000000,0.01618000,2026-08-19T16:18:25.916000+00:00
binance,6582461942,4035601512,BTCUSDT,buy,68685.03000000,0.00900000,2026-08-19T16:18:25.970000+00:00
binance,6582461943,4035601513,BTCUSDT,buy,68685.03000000,0.01800000,2026-08-19T16:18:25.970000+00:00
binance,6582461944,4035601514,BTCUSDT,buy,68685.03000000,0.01590000,2026-08-19T16:18:25.972000+00:00
binance,6582461958,4035601515,BTCUSDT,buy,68685.04000000,0.00024000,2026-08-19T16:18:25.972000+00:00
binance,6582461961,4035601516,BTCUSDT,buy,68685.95000000,0.00017000,2026-08-19T16:18:25.972000+00:00
binance,6582461963,4035601517,BTCUSDT,buy,68685.96000000,0.00008000,2026-08-19T16:18:25.972000+00:00
binance,6582461964,4035601518,BTCUSDT,buy,68686.43000000,0.00016000,2026-08-19T16:18:25.972000+00:00
binance,6582461966,4035601519,BTCUSDT,buy,68687.42000000,0.00024000,2026-08-19T16:18:25.972000+00:00
binance,6582461969,4035601520,BTCUSDT,buy,68687.43000000,0.00043000,2026-08-19T16:18:25.978000+00:00
binance,6582461975,4035601521,BTCUSDT,buy,68687.43000000,0.00300000,2026-08-19T16:18:25.998000+00:00
binance,6582461978,4035601522,BTCUSDT,sell,68687.42000000,0.00704000,2026-08-19T16:18:26.096000+00:00
binance,6582461979,4035601523,BTCUSDT,buy,68687.43000000,0.01200000,2026-08-19T16:18:26.530000+00:00
binance,6582461980,4035601524,BTCUSDT,buy,68687.43000000,0.00900000,2026-08-19T16:18:26.530000+00:00
binance,6582461981,4035601525,BTCUSDT,buy,68687.43000000,0.01100000,2026-08-19T16:18:26.531000+00:00
binance,6582461982,4035601526,BTCUSDT,buy,68687.43000000,0.00026000,2026-08-19T16:18:26.850000+00:00
binance,6582461983,4035601527,BTCUSDT,sell,68687.42000000,0.00761000,2026-08-19T16:18:27.707000+00:00
binance,6582461984,4035601528,BTCUSDT,sell,68687.42000000,0.06951000,2026-08-19T16:18:27.838000+00:00
binance,6582461985,4035601529,BTCUSDT,sell,68687.42000000,0.01515000,2026-08-19T16:18:27.871000+00:00
binance,6582461986,4035601530,BTCUSDT,buy,68687.43000000,0.00280000,2026-08-19T16:18:28.038000+00:00
binance,6582461987,4035601531,BTCUSDT,sell,68687.42000000,0.15849000,2026-08-19T16:18:28.129000+00:00
binance,6582461988,4035601532,BTCUSDT,buy,68687.43000000,0.01100000,2026-08-19T16:18:28.308000+00:00
binance,6582461989,4035601533,BTCUSDT,sell,68687.42000000,0.07256000,2026-08-19T16:18:28.446000+00:00
binance,6582461991,4035601534,BTCUSDT,sell,68687.42000000,0.00139000,2026-08-19T16:18:28.496000+00:00
binance,6582461992,4035601535,BTCUSDT,buy,68687.43000000,0.01800000,2026-08-19T16:18:28.533000+00:00
binance,6582461993,4035601536,BTCUSDT,buy,68687.43000000,0.01406000,2026-08-19T16:18:28.544000+00:00
binance,6582461994,4035601537,BTCUSDT,buy,68687.43000000,0.00012000,2026-08-19T16:18:28.635000+00:00
binance,6582461995,4035601538,BTCUSDT,sell,68687.42000000,0.30646000,2026-08-19T16:18:28.841000+00:00
binance,6582461996,4035601539,BTCUSDT,sell,68687.42000000,0.00311000,2026-08-19T16:18:29.111000+00:00
binance,6582461997,4035601540,BTCUSDT,sell,68687.42000000,0.00013000,2026-08-19T16:18:29.204000+00:00
binance,6582461998,4035601541,BTCUSDT,sell,68687.42000000,0.03852000,2026-08-19T16:18:29.262000+00:00
binance,6582461999,4035601542,BTCUSDT,sell,68687.42000000,0.14895000,2026-08-19T16:18:29.848000+00:00
binance,6582462002,4035601543,BTCUSDT,buy,68687.43000000,0.00010000,2026-08-19T16:18:30.027000+00:00
binance,6582462003,4035601544,BTCUSDT,buy,68687.43000000,0.00900000,2026-08-19T16:18:30.032000+00:00
binance,6582462004,4035601545,BTCUSDT,buy,68687.43000000,0.01100000,2026-08-19T16:18:30.048000+00:00
binance,6582462025,4035601546,BTCUSDT,sell,68687.42000000,0.39807000,2026-08-19T16:18:30.111000+00:00
binance,6582462038,4035601547,BTCUSDT,sell,68687.42000000,0.00024000,2026-08-19T16:18:30.214000+00:00
binance,6582462039,4035601548,BTCUSDT,buy,68687.43000000,0.01800000,2026-08-19T16:18:30.231000+00:00
binance,6582462040,4035601549,BTCUSDT,buy,68687.43000000,0.00071000,2026-08-19T16:18:30.435000+00:00
binance,6582462041,4035601550,BTCUSDT,buy,68687.43000000,0.00594000,2026-08-19T16:18:30.680000+00:00
binance,6582462046,4035601551,BTCUSDT,buy,68687.43000000,0.00729000,2026-08-19T16:18:30.952000+00:00
binance,6582462047,4035601552,BTCUSDT,sell,68687.42000000,0.00010000,2026-08-19T16:18:30.984000+00:00
binance,6582462048,4035601553,BTCUSDT,sell,68687.42000000,0.28477000,2026-08-19T16:18:31.007000+00:00
binance,6582462074,4035601554,BTCUSDT,sell,68687.42000000,0.04300000,2026-08-19T16:18:31.007000+00:00
binance,6582462075,4035601555,BTCUSDT,sell,68687.42000000,0.02092000,2026-08-19T16:18:31.009000+00:00
binance,6582462095,4035601556,BTCUSDT,sell,68687.41000000,0.00056000,2026-08-19T16:18:31.009000+00:00
binance,6582462102,4035601557,BTCUSDT,sell,68685.95000000,0.00008000,2026-08-19T16:18:31.009000+00:00
binance,6582462103,4035601558,BTCUSDT,sell,68685.90000000,0.00008000,2026-08-19T16:18:31.009000+00:00
binance,6582462104,4035601559,BTCUSDT,sell,68685.60000000,0.00024000,2026-08-19T16:18:31.009000+00:00
binance,6582462107,4035601560,BTCUSDT,sell,68685.03000000,0.00050000,2026-08-19T16:18:31.012000+00:00
binance,6582462113,4035601561,BTCUSDT,sell,68685.02000000,0.00162000,2026-08-19T16:18:31.016000+00:00
binance,6582462133,4035601562,BTCUSDT,sell,68685.01000000,0.00048000,2026-08-19T16:18:31.017000+00:00
binance,6582462139,4035601563,BTCUSDT,sell,68684.53000000,0.00008000,2026-08-19T16:18:31.017000+00:00
binance,6582462140,4035601564,BTCUSDT,sell,68684.24000000,0.00079000,2026-08-19T16:18:31.017000+00:00
binance,6582462143,4035601565,BTCUSDT,sell,68683.41000000,0.00024000,2026-08-19T16:18:31.017000+00:00
binance,6582462146,4035601566,BTCUSDT,sell,68683.40000000,0.01510000,2026-08-19T16:18:31.017000+00:00
binance,6582462161,4035601567,BTCUSDT,sell,68682.72000000,0.00008000,2026-08-19T16:18:31.017000+00:00
binance,6582462162,4035601568,BTCUSDT,sell,68682.04000000,0.00024000,2026-08-19T16:18:31.017000+00:00
binance,6582462165,4035601569,BTCUSDT,sell,68682.03000000,0.03600000,2026-08-19T16:18:31.017000+00:00
binance,6582462166,4035601570,BTCUSDT,sell,68682.00000000,0.00008000,2026-08-19T16:18:31.017000+00:00
binance,6582462167,4035601571,BTCUSDT,sell,68681.29000000,0.00024000,2026-08-19T16:18:31.017000+00:00
binance,6582462170,4035601572,BTCUSDT,buy,68681.29000000,0.01798000,2026-08-19T16:18:31.769000+00:00
binance,6582462171,4035601573,BTCUSDT,sell,68681.28000000,0.00046000,2026-08-19T16:18:32.380000+00:00
binance,6582462175,4035601574,BTCUSDT,sell,68681.28000000,0.00038000,2026-08-19T16:18:32.637000+00:00
binance,6582462176,4035601575,BTCUSDT,sell,68681.28000000,0.00010000,2026-08-19T16:18:33.087000+00:00
binance,6582462177,4035601576,BTCUSDT,sell,68681.28000000,0.26021000,2026-08-19T16:18:33.096000+00:00
binance,6582462194,4035601577,BTCUSDT,sell,68681.27000000,0.00008000,2026-08-19T16:18:33.096000+00:00
binance,6582462195,4035601578,BTCUSDT,sell,68681.00000000,0.00040000,2026-08-19T16:18:33.099000+00:00
binance,6582462200,4035601579,BTCUSDT,sell,68681.00000000,0.00018000,2026-08-19T16:18:33.100000+00:00
binance,6582462203,4035601580,BTCUSDT,sell,68680.99000000,0.00023000,2026-08-19T16:18:33.100000+00:00
binance,6582462205,4035601581,BTCUSDT,sell,68680.55000000,0.00016000,2026-08-19T16:18:33.100000+00:00
binance,6582462207,4035601582,BTCUSDT,sell,68680.13000000,0.00030000,2026-08-19T16:18:33.102000+00:00
binance,6582462210,4035601583,BTCUSDT,sell,68679.49000000,0.00017000,2026-08-19T16:18:33.102000+00:00
binance,6582462212,4035601584,BTCUSDT,sell,68678.88000000,0.00033000,2026-08-19T16:18:33.102000+00:00
binance,6582462217,4035601585,BTCUSDT,sell,68679.49000000,0.00034000,2026-08-19T16:18:33.104000+00:00
binance,6582462221,4035601586,BTCUSDT,sell,68678.88000000,0.00023000,2026-08-19T16:18:33.104000+00:00
binance,6582462224,4035601587,BTCUSDT,sell,68678.19000000,0.00351000,2026-08-19T16:18:33.109000+00:00
binance,6582462236,4035601588,BTCUSDT,sell,68678.18000000,0.00032000,2026-08-19T16:18:33.109000+00:00
binance,6582456196,4035599589,BTCUSDT,buy,68695.64000000,0.00009000,2026-08-19T16:17:05.355000+00:00
binance,6582456197,4035599590,BTCUSDT,buy,68695.77000000,0.00162000,2026-08-19T16:17:05.417000+00:00
binance,6582456216,4035599591,BTCUSDT,buy,68695.78000000,0.00040000,2026-08-19T16:17:05.417000+00:00
binance,6582456221,4035599592,BTCUSDT,buy,68695.95000000,0.00016000,2026-08-19T16:17:05.417000+00:00
binance,6582456223,4035599593,BTCUSDT,buy,68696.16000000,0.00009000,2026-08-19T16:17:05.417000+00:00
binance,6582456224,4035599594,BTCUSDT,buy,68696.41000000,0.00018000,2026-08-19T16:17:05.417000+00:00
binance,6582456225,4035599595,BTCUSDT,buy,68697.13000000,0.00016000,2026-08-19T16:17:05.417000+00:00
binance,6582456227,4035599596,BTCUSDT,buy,68697.23000000,0.00016000,2026-08-19T16:17:05.417000+00:00
binance,6582456229,4035599597,BTCUSDT,buy,68698.00000000,0.00024000,2026-08-19T16:17:05.417000+00:00
binance,6582456232,4035599598,BTCUSDT,buy,68698.01000000,0.00192000,2026-08-19T16:17:05.447000+00:00
binance,6582456241,4035599599,BTCUSDT,sell,68698.00000000,0.00078000,2026-08-19T16:17:05.543000+00:00
binance,6582456242,4035599600,BTCUSDT,sell,68698.00000000,0.00025000,2026-08-19T16:17:05.564000+00:00
binance,6582456243,4035599601,BTCUSDT,buy,68698.01000000,0.00015000,2026-08-19T16:17:05.640000+00:00
binance,6582456244,4035599602,BTCUSDT,buy,68698.01000000,0.00014000,2026-08-19T16:17:05.844000+00:00
binance,6582456245,4035599603,BTCUSDT,buy,68698.01000000,0.00178000,2026-08-19T16:17:05.878000+00:00
binance,6582456266,4035599604,BTCUSDT,buy,68698.02000000,0.00040000,2026-08-19T16:17:05.878000+00:00
binance,6582456271,4035599605,BTCUSDT,buy,68698.31000000,0.00040000,2026-08-19T16:17:05.878000+00:00
binance,6582456276,4035599606,BTCUSDT,buy,68698.87000000,0.00016000,2026-08-19T16:17:05.878000+00:00
binance,6582456278,4035599607,BTCUSDT,buy,68698.95000000,0.00008000,2026-08-19T16:17:05.878000+00:00
binance,6582456279,4035599608,BTCUSDT,buy,68700.00000000,0.00766000,2026-08-19T16:17:05.878000+00:00
binance,6582456283,4035599609,BTCUSDT,buy,68700.42000000,0.00024000,2026-08-19T16:17:05.878000+00:00
binance,6582456286,4035599610,BTCUSDT,sell,68700.42000000,0.00026000,2026-08-19T16:17:05.891000+00:00
binance,6582456287,4035599611,BTCUSDT,buy,68700.43000000,0.00187000,2026-08-19T16:17:05.897000+00:00
binance,6582456310,4035599612,BTCUSDT,buy,68700.44000000,0.00100000,2026-08-19T16:17:05.968000+00:00
binance,6582456323,4035599613,BTCUSDT,sell,68700.43000000,0.00087000,2026-08-19T16:17:06.022000+00:00
binance,6582456324,4035599614,BTCUSDT,buy,68700.44000000,0.00100000,2026-08-19T16:17:06.042000+00:00
binance,6582456328,4035599615,BTCUSDT,sell,68700.43000000,0.00120000,2026-08-19T16:17:06.057000+00:00
binance,6582456329,4035599616,BTCUSDT,buy,68700.44000000,0.00010000,2026-08-19T16:17:06.061000+00:00
binance,6582456330,4035599617,BTCUSDT,buy,68700.44000000,0.00081000,2026-08-19T16:17:06.424000+00:00
binance,6582456331,4035599618,BTCUSDT,buy,68700.44000000,0.00713000,2026-08-19T16:17:06.429000+00:00
binance,6582456350,4035599619,BTCUSDT,buy,68700.45000000,0.00040000,2026-08-19T16:17:06.429000+00:00
binance,6582456355,4035599620,BTCUSDT,buy,68700.98000000,0.00421000,2026-08-19T16:17:06.430000+00:00
binance,6582456356,4035599621,BTCUSDT,buy,68701.42000000,0.00056000,2026-08-19T16:17:06.431000+00:00
binance,6582456363,4035599622,BTCUSDT,buy,68701.52000000,0.00024000,2026-08-19T16:17:06.431000+00:00
binance,6582456366,4035599623,BTCUSDT,buy,68701.53000000,0.01800000,2026-08-19T16:17:06.431000+00:00
binance,6582456367,4035599624,BTCUSDT,buy,68701.53000000,0.00280000,2026-08-19T16:17:06.431000+00:00
binance,6582456368,4035599625,BTCUSDT,buy,68701.53000000,0.00068000,2026-08-19T16:17:06.433000+00:00
binance,6582456371,4035599626,BTCUSDT,buy,68702.10000000,0.00025000,2026-08-19T16:17:06.433000+00:00
binance,6582456374,4035599627,BTCUSDT,buy,68702.70000000,0.00009000,2026-08-19T16:17:06.433000+00:00
binance,6582456375,4035599628,BTCUSDT,buy,68702.84000000,0.00024000,2026-08-19T16:17:06.433000+00:00
binance,6582456378,4035599629,BTCUSDT,buy,68702.85000000,0.01241000,2026-08-19T16:17:06.436000+00:00
binance,6582456385,4035599630,BTCUSDT,buy,68702.85000000,0.01100000,2026-08-19T16:17:06.441000+00:00
binance,6582456386,4035599631,BTCUSDT,buy,68702.85000000,0.01800000,2026-08-19T16:17:06.441000+00:00
binance,6582456387,4035599632,BTCUSDT,buy,68702.85000000,0.00900000,2026-08-19T16:17:06.442000+00:00
binance,6582456388,4035599633,BTCUSDT,buy,68702.85000000,0.00900000,2026-08-19T16:17:06.443000+00:00
binance,6582456389,4035599634,BTCUSDT,buy,68702.85000000,0.02702000,2026-08-19T16:17:06.456000+00:00
binance,6582456409,4035599635,BTCUSDT,buy,68702.86000000,0.00130000,2026-08-19T16:17:06.461000+00:00
binance,6582456425,4035599636,BTCUSDT,buy,68702.87000000,0.00032000,2026-08-19T16:17:06.461000+00:00
binance,6582456429,4035599637,BTCUSDT,buy,68703.34000000,0.00018000,2026-08-19T16:17:06.461000+00:00
binance,6582456430,4035599638,BTCUSDT,buy,68703.76000000,0.00008000,2026-08-19T16:17:06.461000+00:00
binance,6582456431,4035599639,BTCUSDT,buy,68704.86000000,0.00008000,2026-08-19T16:17:06.461000+00:00
binance,6582456432,4035599640,BTCUSDT,buy,68705.00000000,0.00300000,2026-08-19T16:17:06.463000+00:00
binance,6582456433,4035599641,BTCUSDT,buy,68705.00000000,0.05348000,2026-08-19T16:17:06.467000+00:00
binance,6582456444,4035599642,BTCUSDT,buy,68705.01000000,0.00024000,2026-08-19T16:17:06.467000+00:00
binance,6582456447,4035599643,BTCUSDT,buy,68705.33000000,0.00016000,2026-08-19T16:17:06.467000+00:00
binance,6582456449,4035599644,BTCUSDT,buy,68706.00000000,0.00008000,2026-08-19T16:17:06.467000+00:00
binance,6582456450,4035599645,BTCUSDT,buy,68706.54000000,0.00436000,2026-08-19T16:17:06.898000+00:00
binance,6582456460,4035599646,BTCUSDT,buy,68706.54000000,0.00200000,2026-08-19T16:17:06.960000+00:00
binance,6582456461,4035599647,BTCUSDT,buy,68706.54000000,0.00200000,2026-08-19T16:17:06.964000+00:00
binance,6582456464,4035599648,BTCUSDT,buy,68706.54000000,0.00200000,2026-08-19T16:17:06.965000+00:00
binance,6582456465,4035599649,BTCUSDT,buy,68706.54000000,0.00200000,2026-08-19T16:17:06.965000+00:00
binance,6582456466,4035599650,BTCUSDT,buy,68706.54000000,0.02912000,2026-08-19T16:17:07.585000+00:00
binance,6582456467,4035599651,BTCUSDT,buy,68706.54000000,0.01800000,2026-08-19T16:17:07.741000+00:00
binance,6582456468,4035599652,BTCUSDT,buy,68706.54000000,0.00010000,2026-08-19T16:17:07.755000+00:00
binance,6582456469,4035599653,BTCUSDT,buy,68706.54000000,0.04000000,2026-08-19T16:17:07.756000+00:00
binance,6582456470,4035599654,BTCUSDT,buy,68706.54000000,0.01800000,2026-08-19T16:17:07.758000+00:00
binance,6582456471,4035599655,BTCUSDT,buy,68706.54000000,0.02000000,2026-08-19T16:17:07.798000+00:00
binance,6582456472,4035599656,BTCUSDT,buy,68706.54000000,0.01000000,2026-08-19T16:17:07.798000+00:00
binance,6582456473,4035599657,BTCUSDT,sell,68706.53000000,0.00339000,2026-08-19T16:17:07.850000+00:00
binance,6582456474,4035599658,BTCUSDT,sell,68706.53000000,0.03006000,2026-08-19T16:17:07.988000+00:00
binance,6582456475,4035599659,BTCUSDT,sell,68706.53000000,0.00008000,2026-08-19T16:17:08.052000+00:00
binance,6582456476,4035599660,BTCUSDT,sell,68706.53000000,0.15100000,2026-08-19T16:17:08.366000+00:00
binance,6582456478,4035599661,BTCUSDT,buy,68706.54000000,0.00156000,2026-08-19T16:17:08.461000+00:00
binance,6582456479,4035599662,BTCUSDT,buy,68706.54000000,0.00900000,2026-08-19T16:17:08.501000+00:00
binance,6582456480,4035599663,BTCUSDT,buy,68706.54000000,0.01100000,2026-08-19T16:17:08.501000+00:00
binance,6582456481,4035599664,BTCUSDT,buy,68706.54000000,0.02000000,2026-08-19T16:17:08.627000+00:00
binance,6582456482,4035599665,BTCUSDT,buy,68706.54000000,0.00900000,2026-08-19T16:17:08.631000+00:00
binance,6582456483,4035599666,BTCUSDT,buy,68706.54000000,0.01800000,2026-08-19T16:17:08.631000+00:00
binance,6582456484,4035599667,BTCUSDT,buy,68706.54000000,0.04000000,2026-08-19T16:17:08.854000+00:00
binance,6582456485,4035599668,BTCUSDT,buy,68706.54000000,0.02000000,2026-08-19T16:17:08.854000+00:00
binance,6582456498,4035599669,BTCUSDT,buy,68706.54000000,0.00900000,2026-08-19T16:17:08.859000+00:00
binance,6582456499,4035599670,BTCUSDT,sell,68706.53000000,0.06102000,2026-08-19T16:17:08.859000+00:00
binance,6582456500,4035599671,BTCUSDT,buy,68706.54000000,0.01100000,2026-08-19T16:17:08.860000+00:00
binance,6582456509,4035599672,BTCUSDT,sell,68706.53000000,0.00653000,2026-08-19T16:17:08.950000+00:00
binance,6582456510,4035599673,BTCUSDT,buy,68706.54000000,0.01800000,2026-08-19T16:17:08.971000+00:00
binance,6582456515,4035599674,BTCUSDT,buy,68706.54000000,0.01000000,2026-08-19T16:17:09.026000+00:00
binance,6582456516,4035599675,BTCUSDT,buy,68706.54000000,0.00900000,2026-08-19T16:17:09.029000+00:00
binance,6582456517,4035599676,BTCUSDT,sell,68706.53000000,0.00776000,2026-08-19T16:17:09.134000+00:00
binance,6582456518,4035599677,BTCUSDT,buy,68706.54000000,0.00182000,2026-08-19T16:17:09.204000+00:00
binance,6582456519,4035599678,BTCUSDT,sell,68706.53000000,0.00022000,2026-08-19T16:17:09.573000+00:00
binance,6582456520,4035599679,BTCUSDT,sell,68706.53000000,0.00250000,2026-08-19T16:17:09.602000+00:00
binance,6582456521,4035599680,BTCUSDT,buy,68706.54000000,0.04000000,2026-08-19T16:17:09.676000+00:00
binance,6582456522,4035599681,BTCUSDT,buy,68706.54000000,0.02000000,2026-08-19T16:17:09.676000+00:00
binance,6582456523,4035599682,BTCUSDT,buy,68706.54000000,0.14555000,2026-08-19T16:17:09.677000+00:00
binance,6582456524,4035599683,BTCUSDT,buy,68706.54000000,0.00010000,2026-08-19T16:17:09.677000+00:00
binance,6582456525,4035599684,BTCUSDT,buy,68706.54000000,0.01010000,2026-08-19T16:17:09.677000+00:00
binance,6582456556,4035599685,BTCUSDT,buy,68706.55000000,0.00064000,2026-08-19T16:17:09.677000+00:00
binance,6582456564,4035599686,BTCUSDT,buy,68707.19000000,0.00008000,2026-08-19T16:17:09.677000+00:00
binance,6582456565,4035599687,BTCUSDT,buy,68707.53000000,0.00024000,2026-08-19T16:17:09.677000+00:00
binance,6582456568,4035599688,BTCUSDT,buy,68708.07000000,0.00016000,2026-08-19T16:17:09.677000+00:00
binance,6582456570,4035599689,BTCUSDT,buy,68708.56000000,0.00017000,2026-08-19T16:17:09.677000+00:00
binance,6582456572,4035599690,BTCUSDT,buy,68708.57000000,0.00008000,2026-08-19T16:17:09.677000+00:00
binance,6582456573,4035599691,BTCUSDT,buy,68708.58000000,0.00024000,2026-08-19T16:17:09.677000+00:00
binance,6582456576,4035599692,BTCUSDT,buy,68708.95000000,0.00024000,2026-08-19T16:17:09.677000+00:00
binance,6582456579,4035599693,BTCUSDT,buy,68708.96000000,0.01879000,2026-08-19T16:17:09.677000+00:00
binance,6582456580,4035599694,BTCUSDT,buy,68708.96000000,0.00154000,2026-08-19T16:17:09.683000+00:00
binance,6582456599,4035599695,BTCUSDT,buy,68708.97000000,0.00056000,2026-08-19T16:17:09.683000+00:00
binance,6582456606,4035599696,BTCUSDT,buy,68709.22000000,0.00024000,2026-08-19T16:17:09.683000+00:00
binance,6582456609,4035599697,BTCUSDT,buy,68709.24000000,0.00115000,2026-08-19T16:17:09.685000+00:00
binance,6582456623,4035599698,BTCUSDT,buy,68710.01000000,0.00016000,2026-08-19T16:17:09.685000+00:00
binance,6582456625,4035599699,BTCUSDT,buy,68710.27000000,0.00018000,2026-08-19T16:17:09.685000+00:00
binance,6582456626,4035599700,BTCUSDT,buy,68710.51000000,0.00024000,2026-08-19T16:17:09.685000+00:00
binance,6582456629,4035599701,BTCUSDT,buy,68711.40000000,0.01627000,2026-08-19T16:17:09.685000+00:00
binance,6582456630,4035599702,BTCUSDT,buy,68711.40000000,0.00900000,2026-08-19T16:17:09.687000+00:00
binance,6582456631,4035599703,BTCUSDT,buy,68711.40000000,0.01100000,2026-08-19T16:17:09.689000+00:00
binance,6582456635,4035599704,BTCUSDT,buy,68711.40000000,0.00900000,2026-08-19T16:17:09.689000+00:00
binance,6582456636,4035599705,BTCUSDT,buy,68711.40000000,0.00377000,2026-08-19T16:17:09.689000+00:00
binance,6582456637,4035599706,BTCUSDT,buy,68711.40000000,0.00603000,2026-08-19T16:17:09.689000+00:00
binance,6582456638,4035599707,BTCUSDT,buy,68711.40000000,0.00682000,2026-08-19T16:17:09.690000+00:00
binance,6582456639,4035599708,BTCUSDT,buy,68711.40000000,0.00008000,2026-08-19T16:17:09.691000+00:00
binance,6582456640,4035599709,BTCUSDT,buy,68711.40000000,0.00503000,2026-08-19T16:17:09.691000+00:00
binance,6582456641,4035599710,BTCUSDT,buy,68711.40000000,0.00876000,2026-08-19T16:17:09.692000+00:00
binance,6582456642,4035599711,BTCUSDT,buy,68711.40000000,0.01103000,2026-08-19T16:17:09.692000+00:00
binance,6582456643,4035599712,BTCUSDT,buy,68711.40000000,0.00434000,2026-08-19T16:17:09.693000+00:00
binance,6582456644,4035599713,BTCUSDT,buy,68711.40000000,0.01045000,2026-08-19T16:17:09.693000+00:00
binance,6582456656,4035599714,BTCUSDT,buy,68711.40000000,0.00714000,2026-08-19T16:17:09.693000+00:00
binance,6582456657,4035599715,BTCUSDT,buy,68711.40000000,0.01767000,2026-08-19T16:17:09.694000+00:00
binance,6582456658,4035599716,BTCUSDT,buy,68711.40000000,0.00429000,2026-08-19T16:17:09.694000+00:00
binance,6582456659,4035599717,BTCUSDT,buy,68711.40000000,0.00730000,2026-08-19T16:17:09.696000+00:00
binance,6582456660,4035599718,BTCUSDT,buy,68711.40000000,0.00300000,2026-08-19T16:17:09.698000+00:00
binance,6582456661,4035599719,BTCUSDT,buy,68711.40000000,0.10563000,2026-08-19T16:17:09.715000+00:00
binance,6582456678,4035599720,BTCUSDT,buy,68711.41000000,0.00032000,2026-08-19T16:17:09.715000+00:00
binance,6582456682,4035599721,BTCUSDT,buy,68711.64000000,0.00016000,2026-08-19T16:17:09.715000+00:00
binance,6582456684,4035599722,BTCUSDT,buy,68711.79000000,0.00017000,2026-08-19T16:17:09.715000+00:00
binance,6582456686,4035599723,BTCUSDT,buy,68711.82000000,0.00024000,2026-08-19T16:17:09.715000+00:00
binance,6582456689,4035599724,BTCUSDT,buy,68711.83000000,0.00059000,2026-08-19T16:17:09.848000+00:00
binance,6582456691,4035599725,BTCUSDT,sell,68711.82000000,0.00980000,2026-08-19T16:17:09.936000+00:00
binance,6582456692,4035599726,BTCUSDT,buy,68711.83000000,0.00100000,2026-08-19T16:17:10.217000+00:00
binance,6582456693,4035599727,BTCUSDT,buy,68711.83000000,0.00200000,2026-08-19T16:17:10.227000+00:00
binance,6582456694,4035599728,BTCUSDT,buy,68711.83000000,0.00100000,2026-08-19T16:17:10.232000+00:00
binance,6582456695,4035599729,BTCUSDT,buy,68711.83000000,0.00100000,2026-08-19T16:17:10.232000+00:00
binance,6582456696,4035599730,BTCUSDT,sell,68711.82000000,0.09526000,2026-08-19T16:17:10.236000+00:00
binance,6582456697,4035599731,BTCUSDT,buy,68711.83000000,0.00300000,2026-08-19T16:17:10.239000+00:00
binance,6582456698,4035599732,BTCUSDT,buy,68711.83000000,0.01800000,2026-08-19T16:17:10.428000+00:00
binance,6582456699,4035599733,BTCUSDT,buy,68711.83000000,0.00900000,2026-08-19T16:17:10.429000+00:00
binance,6582456700,4035599734,BTCUSDT,buy,68711.83000000,0.01100000,2026-08-19T16:17:10.430000+00:00
binance,6582456701,4035599735,BTCUSDT,buy,68711.83000000,0.00010000,2026-08-19T16:17:10.451000+00:00
binance,6582456702,4035599736,BTCUSDT,buy,68711.83000000,0.00900000,2026-08-19T16:17:10.454000+00:00
binance,6582456703,4035599737,BTCUSDT,buy,68711.83000000,0.00300000,2026-08-19T16:17:10.456000+00:00
binance,6582456704,4035599738,BTCUSDT,buy,68711.83000000,0.00177000,2026-08-19T16:17:10.513000+00:00
binance,6582456705,4035599739,BTCUSDT,buy,68711.83000000,0.00500000,2026-08-19T16:17:10.514000+00:00
binance,6582456706,4035599740,BTCUSDT,buy,68711.83000000,0.00523000,2026-08-19T16:17:10.514000+00:00
binance,6582456707,4035599741,BTCUSDT,buy,68711.83000000,0.00524000,2026-08-19T16:17:10.514000+00:00
binance,6582456708,4035599742,BTCUSDT,sell,68711.82000000,0.00250000,2026-08-19T16:17:10.525000+00:00
binance,6582456709,4035599743,BTCUSDT,buy,68711.83000000,0.02912000,2026-08-19T16:17:10.536000+00:00
binance,6582456710,4035599744,BTCUSDT,buy,68711.83000000,0.00727000,2026-08-19T16:17:10.664000+00:00
binance,6582456711,4035599745,BTCUSDT,buy,68711.83000000,0.00013000,2026-08-19T16:17:10.781000+00:00
binance,6582456712,4035599746,BTCUSDT,buy,68711.83000000,0.00220000,2026-08-19T16:17:11.529000+00:00
binance,6582456713,4035599747,BTCUSDT,buy,68711.83000000,0.01100000,2026-08-19T16:17:11.954000+00:00
binance,6582456714,4035599748,BTCUSDT,buy,68711.83000000,0.00900000,2026-08-19T16:17:11.955000+00:00
binance,6582456715,4035599749,BTCUSDT,buy,68711.83000000,0.00900000,2026-08-19T16:17:11.955000+00:00
binance,6582456716,4035599750,BTCUSDT,sell,68711.82000000,0.19860000,2026-08-19T16:17:11.971000+00:00
binance,6582456717,4035599751,BTCUSDT,buy,68711.83000000,0.00300000,2026-08-19T16:17:11.983000+00:00
binance,6582456718,4035599752,BTCUSDT,buy,68711.83000000,0.00010000,2026-08-19T16:17:12.298000+00:00
binance,6582456719,4035599753,BTCUSDT,sell,68711.82000000,0.00096000,2026-08-19T16:17:12.493000+00:00
binance,6582456720,4035599754,BTCUSDT,sell,68711.82000000,0.00088000,2026-08-19T16:17:12.553000+00:00
binance,6582456721,4035599755,BTCUSDT,buy,68711.83000000,0.00900000,2026-08-19T16:17:12.684000+00:00
binance,6582456722,4035599756,BTCUSDT,buy,68711.83000000,0.00900000,2026-08-19T16:17:12.685000+00:00
binance,6582456723,4035599757,BTCUSDT,buy,68711.83000000,0.01100000,2026-08-19T16:17:12.685000+00:00
binance,6582456724,4035599758,BTCUSDT,buy,68711.83000000,0.00300000,2026-08-19T16:17:12.707000+00:00
binance,6582456725,4035599759,BTCUSDT,sell,68711.82000000,0.08259000,2026-08-19T16:17:13.200000+00:00
binance,6582456728,4035599760,BTCUSDT,sell,68711.82000000,0.00159000,2026-08-19T16:17:13.281000+00:00
binance,6582456729,4035599761,BTCUSDT,sell,68711.82000000,0.00098000,2026-08-19T16:17:13.299000+00:00
binance,6582456730,4035599762,BTCUSDT,sell,68711.82000000,0.00099000,2026-08-19T16:17:13.336000+00:00
binance,6582456731,4035599763,BTCUSDT,sell,68711.82000000,0.00088000,2026-08-19T16:17:13.375000+00:00
binance,6582456732,4035599764,BTCUSDT,sell,68711.82000000,0.00159000,2026-08-19T16:17:13.400000+00:00
binance,6582456733,4035599765,BTCUSDT,sell,68711.82000000,0.00098000,2026-08-19T16:17:13.474000+00:00
binance,6582456734,4035599766,BTCUSDT,sell,68711.82000000,0.00099000,2026-08-19T16:17:13.552000+00:00
binance,6582456735,4035599767,BTCUSDT,sell,68711.82000000,0.00088000,2026-08-19T16:17:13.571000+00:00
binance,6582456736,4035599768,BTCUSDT,sell,68711.82000000,0.00153000,2026-08-19T16:17:13.593000+00:00
binance,6582456737,4035599769,BTCUSDT,sell,68711.82000000,0.00047000,2026-08-19T16:17:13.896000+00:00
binance,6582456738,4035599770,BTCUSDT,sell,68711.82000000,0.04860000,2026-08-19T16:17:14.261000+00:00
binance,6582456739,4035599771,BTCUSDT,sell,68711.82000000,0.00221000,2026-08-19T16:17:14.369000+00:00
binance,6582456740,4035599772,BTCUSDT,sell,68711.82000000,0.00010000,2026-08-19T16:17:14.525000+00:00
binance,6582456741,4035599773,BTCUSDT,sell,68711.82000000,0.02359000,2026-08-19T16:17:14.609000+00:00
binance,6582456742,4035599774,BTCUSDT,sell,68711.82000000,0.16000000,2026-08-19T16:17:14.713000+00:00
binance,6582456743,4035599775,BTCUSDT,sell,68711.82000000,0.14554000,2026-08-19T16:17:14.799000+00:00
binance,6582456745,4035599776,BTCUSDT,sell,68711.82000000,0.00010000,2026-08-19T16:17:14.821000+00:00
binance,6582456746,4035599777,BTCUSDT,sell,68711.82000000,0.01000000,2026-08-19T16:17:14.886000+00:00
binance,6582456756,4035599778,BTCUSDT,sell,68711.82000000,0.00179000,2026-08-19T16:17:14.887000+00:00
binance,6582456757,4035599779,BTCUSDT,sell,68711.82000000,0.00146000,2026-08-19T16:17:14.897000+00:00
binance,6582456758,4035599780,BTCUSDT,sell,68711.82000000,0.00021000,2026-08-19T16:17:15.030000+00:00
binance,6582456759,4035599781,BTCUSDT,buy,68711.83000000,0.01568000,2026-08-19T16:17:15.159000+00:00
binance,6582456760,4035599782,BTCUSDT,buy,68711.83000000,0.00121000,2026-08-19T16:17:15.269000+00:00
binance,6582456761,4035599783,BTCUSDT,sell,68711.82000000,0.01463000,2026-08-19T16:17:15.284000+00:00
binance,6582456762,4035599784,BTCUSDT,sell,68711.82000000,0.00036000,2026-08-19T16:17:15.335000+00:00
binance,6582456763,4035599785,BTCUSDT,sell,68711.82000000,0.00067000,2026-08-19T16:17:15.364000+00:00
binance,6582456764,4035599786,BTCUSDT,sell,68711.82000000,0.01300000,2026-08-19T16:17:15.751000+00:00
binance,6582456765,4035599787,BTCUSDT,sell,68711.82000000,0.00016000,2026-08-19T16:17:15.753000+00:00
binance,6582456766,4035599788,BTCUSDT,sell,68711.82000000,0.00099000,2026-08-19T16:17:15.810000+00:00
binance,6582456767,4035599789,BTCUSDT,buy,68711.83000000,0.00733000,2026-08-19T16:17:15.828000+00:00
binance,6582456768,4035599790,BTCUSDT,sell,68711.82000000,0.00595000,2026-08-19T16:17:15.890000+00:00
binance,6582456769,4035599791,BTCUSDT,sell,68711.82000000,0.00073000,2026-08-19T16:17:15.904000+00:00
binance,6582456770,4035599792,BTCUSDT,sell,68711.82000000,0.02432000,2026-08-19T16:17:16.145000+00:00
binance,6582456778,4035599793,BTCUSDT,buy,68711.83000000,0.00348000,2026-08-19T16:17:16.207000+00:00
binance,6582456779,4035599794,BTCUSDT,buy,68711.83000000,0.00100000,2026-08-19T16:17:16.224000+00:00
binance,6582456780,4035599795,BTCUSDT,sell,68711.82000000,0.00685000,2026-08-19T16:17:16.263000+00:00
binance,6582456781,4035599796,BTCUSDT,buy,68711.83000000,0.02910000,2026-08-19T16:17:16.569000+00:00
binance,6582456782,4035599797,BTCUSDT,sell,68711.82000000,0.00010000,2026-08-19T16:17:16.656000+00:00
binance,6582456783,4035599798,BTCUSDT,sell,68711.82000000,0.05172000,2026-08-19T16:17:16.740000+00:00
binance,6582456788,4035599799,BTCUSDT,buy,68711.83000000,0.02912000,2026-08-19T16:17:16.797000+00:00
binance,6582456789,4035599800,BTCUSDT,buy,68711.83000000,0.00276000,2026-08-19T16:17:17.008000+00:00
binance,6582456790,4035599801,BTCUSDT,sell,68711.82000000,0.00011000,2026-08-19T16:17:17.245000+00:00
binance,6582456791,4035599802,BTCUSDT,buy,68711.83000000,0.00100000,2026-08-19T16:17:17.318000+00:00
binance,6582456792,4035599803,BTCUSDT,sell,68711.82000000,0.07741000,2026-08-19T16:17:17.373000+00:00
binance,6582456799,4035599804,BTCUSDT,sell,68711.82000000,0.00037000,2026-08-19T16:17:17.636000+00:00
binance,6582456800,4035599805,BTCUSDT,buy,68711.83000000,0.00280000,2026-08-19T16:17:17.678000+00:00
binance,6582456801,4035599806,BTCUSDT,buy,68711.83000000,0.00145000,2026-08-19T16:17:17.737000+00:00
binance,6582456802,4035599807,BTCUSDT,sell,68711.82000000,0.00651000,2026-08-19T16:17:17.753000+00:00
binance,6582456803,4035599808,BTCUSDT,sell,68711.82000000,0.00421000,2026-08-19T16:17:17.960000+00:00
binance,6582456804,4035599809,BTCUSDT,buy,68711.83000000,0.00072000,2026-08-19T16:17:17.974000+00:00
binance,6582456805,4035599810,BTCUSDT,sell,68711.82000000,0.00049000,2026-08-19T16:17:17.993000+00:00
binance,6582456806,4035599811,BTCUSDT,sell,68711.82000000,0.00727000,2026-08-19T16:17:18.326000+00:00
binance,6582456807,4035599812,BTCUSDT,buy,68711.83000000,0.00116000,2026-08-19T16:17:18.606000+00:00
binance,6582456808,4035599813,BTCUSDT,buy,68711.83000000,0.00760000,2026-08-19T16:17:18.615000+00:00
binance,6582456809,4035599814,BTCUSDT,sell,68711.82000000,0.00020000,2026-08-19T16:17:18.950000+00:00
binance,6582456810,4035599815,BTCUSDT,buy,68711.83000000,0.00036000,2026-08-19T16:17:18.968000+00:00
binance,6582456811,4035599816,BTCUSDT,buy,68711.83000000,0.00460000,2026-08-19T16:17:19.352000+00:00
binance,6582456812,4035599817,BTCUSDT,sell,68711.82000000,0.03972000,2026-08-19T16:17:19.787000+00:00
binance,6582456813,4035599818,BTCUSDT,buy,68711.83000000,0.01000000,2026-08-19T16:17:19.901000+00:00
binance,6582456814,4035599819,BTCUSDT,buy,68711.83000000,0.01170000,2026-08-19T16:17:19.901000+00:00
binance,6582456815,4035599820,BTCUSDT,buy,68711.83000000,0.02000000,2026-08-19T16:17:19.901000+00:00
binance,6582456816,4035599821,BTCUSDT,buy,68711.83000000,0.00010000,2026-08-19T16:17:19.905000+00:00
binance,6582456817,4035599822,BTCUSDT,buy,68711.83000000,0.34556000,2026-08-19T16:17:19.925000+00:00
binance,6582456818,4035599823,BTCUSDT,buy,68711.83000000,0.22009000,2026-08-19T16:17:19.926000+00:00
binance,6582456819,4035599824,BTCUSDT,buy,68711.83000000,0.48603000,2026-08-19T16:17:19.926000+00:00
binance,6582456820,4035599825,BTCUSDT,buy,68711.83000000,0.32041000,2026-08-19T16:17:19.926000+00:00
binance,6582456821,4035599826,BTCUSDT,buy,68711.83000000,1.53356000,2026-08-19T16:17:19.926000+00:00
binance,6582456822,4035599827,BTCUSDT,sell,68711.82000000,0.00075000,2026-08-19T16:17:20.046000+00:00
binance,6582456823,4035599828,BTCUSDT,sell,68711.82000000,0.00124000,2026-08-19T16:17:20.056000+00:00
binance,6582456824,4035599829,BTCUSDT,sell,68711.82000000,0.00244000,2026-08-19T16:17:20.316000+00:00
binance,6582456825,4035599830,BTCUSDT,sell,68711.82000000,0.00008000,2026-08-19T16:17:20.335000+00:00
binance,6582456826,4035599831,BTCUSDT,sell,68711.82000000,0.09565000,2026-08-19T16:17:20.392000+00:00
binance,6582456828,4035599832,BTCUSDT,sell,68711.82000000,0.00330000,2026-08-19T16:17:20.784000+00:00
binance,6582456829,4035599833,BTCUSDT,sell,68711.82000000,0.00018000,2026-08-19T16:17:20.785000+00:00
binance,6582456830,4035599834,BTCUSDT,sell,68711.82000000,0.20761000,2026-08-19T16:17:20.964000+00:00
binance,6582456835,4035599835,BTCUSDT,sell,68711.82000000,0.00008000,2026-08-19T16:17:20.992000+00:00
binance,6582456836,4035599836,BTCUSDT,buy,68711.83000000,0.00079000,2026-08-19T16:17:21.205000+00:00
binance,6582456837,4035599837,BTCUSDT,sell,68711.82000000,0.00013000,2026-08-19T16:17:21.464000+00:00
binance,6582456838,4035599838,BTCUSDT,sell,68711.82000000,0.00141000,2026-08-19T16:17:21.859000+00:00
binance,6582456839,4035599839,BTCUSDT,sell,68711.82000000,0.00158000,2026-08-19T16:17:22.150000+00:00
binance,6582456840,4035599840,BTCUSDT,buy,68711.83000000,0.11642000,2026-08-19T16:17:22.219000+00:00
binance,6582456841,4035599841,BTCUSDT,buy,68711.83000000,0.00012000,2026-08-19T16:17:22.224000+00:00
binance,6582456842,4035599842,BTCUSDT,sell,68711.82000000,0.00205000,2026-08-19T16:17:22.663000+00:00
binance,6582456843,4035599843,BTCUSDT,buy,68711.83000000,0.00029000,2026-08-19T16:17:22.804000+00:00
binance,6582456844,4035599844,BTCUSDT,sell,68711.82000000,0.09565000,2026-08-19T16:17:22.805000+00:00
binance,6582456845,4035599845,BTCUSDT,sell,68711.82000000,0.00019000,2026-08-19T16:17:22.917000+00:00
binance,6582456846,4035599846,BTCUSDT,buy,68711.83000000,0.03000000,2026-08-19T16:17:23.063000+00:00
binance,6582456847,4035599847,BTCUSDT,buy,68711.83000000,0.01000000,2026-08-19T16:17:23.186000+00:00
binance,6582456848,4035599848,BTCUSDT,sell,68711.82000000,0.00070000,2026-08-19T16:17:23.190000+00:00
binance,6582456849,4035599849,BTCUSDT,buy,68711.83000000,0.01800000,2026-08-19T16:17:23.330000+00:00
binance,6582456850,4035599850,BTCUSDT,buy,68711.83000000,0.00900000,2026-08-19T16:17:23.331000+00:00
binance,6582456851,4035599851,BTCUSDT,buy,68711.83000000,0.00900000,2026-08-19T16:17:23.331000+00:00
binance,6582456852,4035599852,BTCUSDT,buy,68711.83000000,0.00010000,2026-08-19T16:17:23.344000+00:00
binance,6582456853,4035599853,BTCUSDT,buy,68711.83000000,0.00300000,2026-08-19T16:17:23.351000+00:00
binance,6582456854,4035599854,BTCUSDT,sell,68711.82000000,0.00031000,2026-08-19T16:17:23.473000+00:00
binance,6582456855,4035599855,BTCUSDT,sell,68711.82000000,0.01455000,2026-08-19T16:17:23.879000+00:00
binance,6582456856,4035599856,BTCUSDT,sell,68711.82000000,0.00703000,2026-08-19T16:17:24.181000+00:00
binance,6582456857,4035599857,BTCUSDT,sell,68711.82000000,0.00027000,2026-08-19T16:17:24.433000+00:00
binance,6582456858,4035599858,BTCUSDT,sell,68711.82000000,0.01489000,2026-08-19T16:17:24.467000+00:00
binance,6582456859,4035599859,BTCUSDT,sell,68711.82000000,0.02041000,2026-08-19T16:17:24.619000+00:00
binance,6582456863,4035599860,BTCUSDT,sell,68711.82000000,0.00349000,2026-08-19T16:17:24.897000+00:00
binance,6582456864,4035599861,BTCUSDT,sell,68711.82000000,0.00029000,2026-08-19T16:17:24.996000+00:00
binance,6582456865,4035599862,BTCUSDT,buy,68711.83000000,0.00019000,2026-08-19T16:17:25.219000+00:00
binance,6582456866,4035599863,BTCUSDT,sell,68711.82000000,0.00044000,2026-08-19T16:17:25.548000+00:00
binance,6582456867,4035599864,BTCUSDT,sell,68711.82000000,0.00008000,2026-08-19T16:17:25.579000+00:00
binance,6582456868,4035599865,BTCUSDT,sell,68711.82000000,0.01452000,2026-08-19T16:17:25.614000+00:00
binance,6582456869,4035599866,BTCUSDT,sell,68711.82000000,0.02362000,2026-08-19T16:17:26.026000+00:00
binance,6582456870,4035599867,BTCUSDT,sell,68711.82000000,0.00063000,2026-08-19T16:17:26.050000+00:00
binance,6582456871,4035599868,BTCUSDT,sell,68711.82000000,0.02183000,2026-08-19T16:17:26.062000+00:00
binance,6582456872,4035599869,BTCUSDT,buy,68711.83000000,0.02912000,2026-08-19T16:17:26.220000+00:00
binance,6582456873,4035599870,BTCUSDT,buy,68711.83000000,0.01800000,2026-08-19T16:17:26.242000+00:00
binance,6582456874,4035599871,BTCUSDT,buy,68711.83000000,0.00900000,2026-08-19T16:17:26.242000+00:00
binance,6582456875,4035599872,BTCUSDT,buy,68711.83000000,0.00300000,2026-08-19T16:17:26.257000+00:00
binance,6582456876,4035599873,BTCUSDT,buy,68711.83000000,0.00057000,2026-08-19T16:17:26.613000+00:00
binance,6582456877,4035599874,BTCUSDT,buy,68711.83000000,0.00295000,2026-08-19T16:17:27.181000+00:00
binance,6582456878,4035599875,BTCUSDT,buy,68711.83000000,0.00010000,2026-08-19T16:17:27.592000+00:00
binance,6582456879,4035599876,BTCUSDT,buy,68711.83000000,0.02000000,2026-08-19T16:17:27.593000+00:00
binance,6582456880,4035599877,BTCUSDT,buy,68711.83000000,0.00380000,2026-08-19T16:17:27.602000+00:00
binance,6582456881,4035599878,BTCUSDT,buy,68711.83000000,0.00010000,2026-08-19T16:17:28.032000+00:00
binance,6582456882,4035599879,BTCUSDT,sell,68711.82000000,0.09565000,2026-08-19T16:17:28.103000+00:00
binance,6582456883,4035599880,BTCUSDT,buy,68711.83000000,0.00016000,2026-08-19T16:17:28.106000+00:00
binance,6582456884,4035599881,BTCUSDT,buy,68711.83000000,0.00016000,2026-08-19T16:17:28.106000+00:00
binance,6582456885,4035599882,BTCUSDT,buy,68711.83000000,0.00016000,2026-08-19T16:17:28.106000+00:00
binance,6582456886,4035599883,BTCUSDT,buy,68711.83000000,0.00145000,2026-08-19T16:17:28.110000+00:00
binance,6582456887,4035599884,BTCUSDT,sell,68711.82000000,0.00019000,2026-08-19T16:17:28.379000+00:00
binance,6582456888,4035599885,BTCUSDT,sell,68711.82000000,0.00300000,2026-08-19T16:17:28.449000+00:00
binance,6582456889,4035599886,BTCUSDT,sell,68711.82000000,0.05066000,2026-08-19T16:17:28.589000+00:00
binance,6582456893,4035599887,BTCUSDT,buy,68711.83000000,0.00011000,2026-08-19T16:17:28.833000+00:00
binance,6582456894,4035599888,BTCUSDT,sell,68711.82000000,0.00016000,2026-08-19T16:17:29.158000+00:00
binance,6582456895,4035599889,BTCUSDT,buy,68711.83000000,0.02847000,2026-08-19T16:17:29.426000+00:00
binance,6582456896,4035599890,BTCUSDT,buy,68711.83000000,1.30160000,2026-08-19T16:17:29.559000+00:00
binance,6582456897,4035599891,BTCUSDT,buy,68711.83000000,1.48356000,2026-08-19T16:17:29.559000+00:00
binance,6582456898,4035599892,BTCUSDT,buy,68711.83000000,1.42500000,2026-08-19T16:17:29.559000+00:00
binance,6582456899,4035599893,BTCUSDT,buy,68711.83000000,0.31034000,2026-08-19T16:17:29.559000+00:00
binance,6582456900,4035599894,BTCUSDT,buy,68711.83000000,0.37872000,2026-08-19T16:17:29.560000+00:00
binance,6582456901,4035599895,BTCUSDT,buy,68711.83000000,0.99300000,2026-08-19T16:17:29.560000+00:00
binance,6582456902,4035599896,BTCUSDT,buy,68711.83000000,0.04966000,2026-08-19T16:17:29.561000+00:00
binance,6582456903,4035599897,BTCUSDT,buy,68711.83000000,0.38341000,2026-08-19T16:17:29.561000+00:00
binance,6582456904,4035599898,BTCUSDT,buy,68711.83000000,0.12303000,2026-08-19T16:17:29.561000+00:00
binance,6582456905,4035599899,BTCUSDT,buy,68711.83000000,0.21512000,2026-08-19T16:17:29.562000+00:00
binance,6582456906,4035599900,BTCUSDT,buy,68711.83000000,0.18250000,2026-08-19T16:17:29.562000+00:00
binance,6582456907,4035599901,BTCUSDT,buy,68711.83000000,0.00400000,2026-08-19T16:17:29.563000+00:00
binance,6582456908,4035599902,BTCUSDT,buy,68711.83000000,0.00449000,2026-08-19T16:17:29.563000+00:00
binance,6582456909,4035599903,BTCUSDT,buy,68711.83000000,0.03253000,2026-08-19T16:17:29.563000+00:00
binance,6582456910,4035599904,BTCUSDT,buy,68711.83000000,0.00380000,2026-08-19T16:17:29.564000+00:00
binance,6582456911,4035599905,BTCUSDT,buy,68711.83000000,0.00010000,2026-08-19T16:17:29.564000+00:00
binance,6582456912,4035599906,BTCUSDT,buy,68711.83000000,0.01100000,2026-08-19T16:17:29.566000+00:00
binance,6582456913,4035599907,BTCUSDT,buy,68711.83000000,0.01800000,2026-08-19T16:17:29.566000+00:00
binance,6582456914,4035599908,BTCUSDT,buy,68711.83000000,0.00900000,2026-08-19T16:17:29.567000+00:00
binance,6582456915,4035599909,BTCUSDT,buy,68711.83000000,0.00900000,2026-08-19T16:17:29.567000+00:00
binance,6582456916,4035599910,BTCUSDT,buy,68711.83000000,0.13919000,2026-08-19T16:17:29.574000+00:00
binance,6582456917,4035599911,BTCUSDT,buy,68711.83000000,0.22757000,2026-08-19T16:17:29.575000+00:00
binance,6582456918,4035599912,BTCUSDT,buy,68711.83000000,0.18778000,2026-08-19T16:17:29.575000+00:00
binance,6582456919,4035599913,BTCUSDT,buy,68711.83000000,0.00300000,2026-08-19T16:17:29.587000+00:00
binance,6582456920,4035599914,BTCUSDT,buy,68711.83000000,0.00073000,2026-08-19T16:17:29.712000+00:00
binance,6582456921,4035599915,BTCUSDT,buy,68711.83000000,0.00015000,2026-08-19T16:17:29.724000+00:00
binance,6582456922,4035599916,BTCUSDT,buy,68711.83000000,0.00046000,2026-08-19T16:17:30.072000+00:00
binance,6582456923,4035599917,BTCUSDT,buy,68711.83000000,0.00009000,2026-08-19T16:17:30.148000+00:00
binance,6582456924,4035599918,BTCUSDT,buy,68711.83000000,0.00029000,2026-08-19T16:17:30.164000+00:00
binance,6582456925,4035599919,BTCUSDT,buy,68711.83000000,0.00010000,2026-08-19T16:17:30.166000+00:00
binance,6582456926,4035599920,BTCUSDT,buy,68711.83000000,0.01800000,2026-08-19T16:17:30.168000+00:00
binance,6582456927,4035599921,BTCUSDT,buy,68711.83000000,0.00900000,2026-08-19T16:17:30.168000+00:00
binance,6582456928,4035599922,BTCUSDT,buy,68711.83000000,0.00900000,2026-08-19T16:17:30.168000+00:00
binance,6582456929,4035599923,BTCUSDT,buy,68711.83000000,0.01100000,2026-08-19T16:17:30.168000+00:00
binance,6582456930,4035599924,BTCUSDT,buy,68711.83000000,0.00236000,2026-08-19T16:17:30.180000+00:00
binance,6582456931,4035599925,BTCUSDT,buy,68711.83000000,0.00300000,2026-08-19T16:17:30.183000+00:00
binance,6582456932,4035599926,BTCUSDT,sell,68711.82000000,0.10169000,2026-08-19T16:17:30.247000+00:00
binance,6582456944,4035599927,BTCUSDT,sell,68711.82000000,0.15849000,2026-08-19T16:17:30.268000+00:00
binance,6582456947,4035599928,BTCUSDT,buy,68711.83000000,0.00090000,2026-08-19T16:17:30.332000+00:00
binance,6582456948,4035599929,BTCUSDT,buy,68711.83000000,0.00030000,2026-08-19T16:17:30.452000+00:00
binance,6582456949,4035599930,BTCUSDT,buy,68711.83000000,0.00031000,2026-08-19T16:17:30.493000+00:00
binance,6582456950,4035599931,BTCUSDT,buy,68711.83000000,0.00280000,2026-08-19T16:17:30.696000+00:00
binance,6582456951,4035599932,BTCUSDT,sell,68711.82000000,0.00103000,2026-08-19T16:17:30.729000+00:00
binance,6582456952,4035599933,BTCUSDT,buy,68711.83000000,0.00015000,2026-08-19T16:17:30.738000+00:00
binance,6582456953,4035599934,BTCUSDT,buy,68711.83000000,0.01560000,2026-08-19T16:17:31.176000+00:00
binance,6582456954,4035599935,BTCUSDT,buy,68711.83000000,0.01100000,2026-08-19T16:17:31.579000+00:00
binance,6582456955,4035599936,BTCUSDT,buy,68711.83000000,0.00900000,2026-08-19T16:17:31.580000+00:00
binance,6582456956,4035599937,BTCUSDT,buy,68711.83000000,0.00300000,2026-08-19T16:17:31.599000+00:00
binance,6582456957,4035599938,BTCUSDT,buy,68711.83000000,0.00900000,2026-08-19T16:17:31.689000+00:00
binance,6582456958,4035599939,BTCUSDT,buy,68711.83000000,0.01800000,2026-08-19T16:17:31.691000+00:00
binance,6582456959,4035599940,BTCUSDT,sell,68711.82000000,0.21178000,2026-08-19T16:17:31.762000+00:00
binance,6582456964,4035599941,BTCUSDT,sell,68711.82000000,0.00843000,2026-08-19T16:17:31.799000+00:00
binance,6582456965,4035599942,BTCUSDT,sell,68711.82000000,0.00292000,2026-08-19T16:17:32.067000+00:00
binance,6582456967,4035599943,BTCUSDT,sell,68711.82000000,0.00043000,2026-08-19T16:17:32.182000+00:00
binance,6582456968,4035599944,BTCUSDT,sell,68711.82000000,0.00072000,2026-08-19T16:17:32.286000+00:00
binance,6582456969,4035599945,BTCUSDT,sell,68711.82000000,0.00045000,2026-08-19T16:17:32.531000+00:00
binance,6582456970,4035599946,BTCUSDT,buy,68711.83000000,0.00072000,2026-08-19T16:17:32.652000+00:00
binance,6582456971,4035599947,BTCUSDT,sell,68711.82000000,0.00068000,2026-08-19T16:17:32.669000+00:00
binance,6582456972,4035599948,BTCUSDT,sell,68711.82000000,0.04621000,2026-08-19T16:17:32.688000+00:00
binance,6582456973,4035599949,BTCUSDT,sell,68711.82000000,0.00845000,2026-08-19T16:17:32.740000+00:00
binance,6582456974,4035599950,BTCUSDT,sell,68711.82000000,0.00319000,2026-08-19T16:17:32.749000+00:00
binance,6582456975,4035599951,BTCUSDT,buy,68711.83000000,0.01469000,2026-08-19T16:17:32.922000+00:00
binance,6582456976,4035599952,BTCUSDT,sell,68711.82000000,0.00029000,2026-08-19T16:17:32.986000+00:00
binance,6582456977,4035599953,BTCUSDT,buy,68711.83000000,5.17575000,2026-08-19T16:17:33.455000+00:00
binance,6582456978,4035599954,BTCUSDT,buy,68711.83000000,1.09834000,2026-08-19T16:17:33.455000+00:00
binance,6582457015,4035599955,BTCUSDT,buy,68711.83000000,0.04516000,2026-08-19T16:17:33.457000+00:00
binance,6582457035,4035599956,BTCUSDT,buy,68711.84000000,0.00040000,2026-08-19T16:17:33.457000+00:00
binance,6582457040,4035599957,BTCUSDT,buy,68712.45000000,0.00073000,2026-08-19T16:17:33.461000+00:00
binance,6582457049,4035599958,BTCUSDT,buy,68712.45000000,0.00008000,2026-08-19T16:17:33.461000+00:00
binance,6582457051,4035599959,BTCUSDT,buy,68712.45000000,0.00140000,2026-08-19T16:17:33.475000+00:00
binance,6582457069,4035599960,BTCUSDT,buy,68712.46000000,0.00048000,2026-08-19T16:17:33.475000+00:00
binance,6582457075,4035599961,BTCUSDT,buy,68713.44000000,0.00008000,2026-08-19T16:17:33.475000+00:00
binance,6582457076,4035599962,BTCUSDT,buy,68713.60000000,0.00024000,2026-08-19T16:17:33.475000+00:00
binance,6582457077,4035599963,BTCUSDT,buy,68713.78000000,0.00089000,2026-08-19T16:17:33.475000+00:00
binance,6582457078,4035599964,BTCUSDT,buy,68713.85000000,0.00016000,2026-08-19T16:17:33.475000+00:00
binance,6582457080,4035599965,BTCUSDT,buy,68713.94000000,0.00291000,2026-08-19T16:17:33.475000+00:00
binance,6582457081,4035599966,BTCUSDT,buy,68714.27000000,0.00024000,2026-08-19T16:17:33.475000+00:00
binance,6582457084,4035599967,BTCUSDT,buy,68714.28000000,0.02069000,2026-08-19T16:17:33.475000+00:00
binance,6582457088,4035599968,BTCUSDT,buy,68714.75000000,0.00008000,2026-08-19T16:17:33.475000+00:00
binance,6582457089,4035599969,BTCUSDT,buy,68714.94000000,0.00024000,2026-08-19T16:17:33.475000+00:00
binance,6582457092,4035599970,BTCUSDT,buy,68714.95000000,0.05594000,2026-08-19T16:17:33.475000+00:00
binance,6582457093,4035599971,BTCUSDT,buy,68715.02000000,0.00017000,2026-08-19T16:17:33.475000+00:00
binance,6582457095,4035599972,BTCUSDT,buy,68715.16000000,0.00008000,2026-08-19T16:17:33.475000+00:00
binance,6582457096,4035599973,BTCUSDT,buy,68715.78000000,0.00009000,2026-08-19T16:17:33.475000+00:00
binance,6582457097,4035599974,BTCUSDT,buy,68716.45000000,0.00012000,2026-08-19T16:17:33.475000+00:00
binance,6582457098,4035599975,BTCUSDT,buy,68716.55000000,0.00010000,2026-08-19T16:17:33.475000+00:00
binance,6582457099,4035599976,BTCUSDT,buy,68716.88000000,0.00008000,2026-08-19T16:17:33.475000+00:00
binance,6582457100,4035599977,BTCUSDT,buy,68716.97000000,0.00008000,2026-08-19T16:17:33.475000+00:00
binance,6582457101,4035599978,BTCUSDT,buy,68717.20000000,0.00018000,2026-08-19T16:17:33.475000+00:00
binance,6582457102,4035599979,BTCUSDT,buy,68717.28000000,0.00024000,2026-08-19T16:17:33.475000+00:00
binance,6582457105,4035599980,BTCUSDT,buy,68717.29000000,0.01000000,2026-08-19T16:17:33.487000+00:00
binance,6582457113,4035599981,BTCUSDT,buy,68717.29000000,0.08000000,2026-08-19T16:17:33.487000+00:00
binance,6582457124,4035599982,BTCUSDT,buy,68717.29000000,0.12000000,2026-08-19T16:17:33.487000+00:00
binance,6582457125,4035599983,BTCUSDT,buy,68717.29000000,0.01800000,2026-08-19T16:17:33.497000+00:00
binance,6582457126,4035599984,BTCUSDT,buy,68717.29000000,0.00900000,2026-08-19T16:17:33.498000+00:00
binance,6582457127,4035599985,BTCUSDT,buy,68717.29000000,0.00900000,2026-08-19T16:17:33.499000+00:00
binance,6582457128,4035599986,BTCUSDT,buy,68717.29000000,0.00300000,2026-08-19T16:17:33.514000+00:00
binance,6582457129,4035599987,BTCUSDT,buy,68717.29000000,0.00600000,2026-08-19T16:17:33.566000+00:00
binance,6582457130,4035599988,BTCUSDT,buy,68717.29000000,0.00019000,2026-08-19T16:17:33.590000+00:00
binance,6582457131,4035599989,BTCUSDT,sell,68717.28000000,0.00513000,2026-08-19T16:17:33.804000+00:00
binance,6582457132,4035599990,BTCUSDT,sell,68717.28000000,0.00744000,2026-08-19T16:17:33.947000+00:00
binance,6582457133,4035599991,BTCUSDT,sell,68717.28000000,0.00145000,2026-08-19T16:17:33.978000+00:00
binance,6582457134,4035599992,BTCUSDT,sell,68717.28000000,0.00012000,2026-08-19T16:17:33.988000+00:00
binance,6582457135,4035599993,BTCUSDT,sell,68717.28000000,0.00071000,2026-08-19T16:17:34.126000+00:00
binance,6582457136,4035599994,BTCUSDT,sell,68717.28000000,0.00153000,2026-08-19T16:17:34.368000+00:00
binance,6582457137,4035599995,BTCUSDT,buy,68717.29000000,0.04000000,2026-08-19T16:17:34.852000+00:00
binance,6582457156,4035599996,BTCUSDT,buy,68717.29000000,0.10629000,2026-08-19T16:17:34.852000+00:00
binance,6582457160,4035599997,BTCUSDT,buy,68717.30000000,0.00187000,2026-08-19T16:17:34.865000+00:00
binance,6582457183,4035599998,BTCUSDT,buy,68717.31000000,0.00028000,2026-08-19T16:17:34.866000+00:00
binance,6582457187,4035599999,BTCUSDT,sell,68717.30000000,0.00301000,2026-08-19T16:17:34.982000+00:00
binance,6582457188,4035600000,BTCUSDT,buy,68717.31000000,0.00011000,2026-08-19T16:17:35.359000+00:00
binance,6582457190,4035600001,BTCUSDT,sell,68717.30000000,0.00025000,2026-08-19T16:17:35.545000+00:00
binance,6582457191,4035600002,BTCUSDT,buy,68717.31000000,0.00177000,2026-08-19T16:17:35.569000+00:00
binance,6582457212,4035600003,BTCUSDT,buy,68717.32000000,0.00040000,2026-08-19T16:17:35.569000+00:00
binance,6582457217,4035600004,BTCUSDT,buy,68717.59000000,0.00012000,2026-08-19T16:17:35.569000+00:00
binance,6582457218,4035600005,BTCUSDT,buy,68718.25000000,0.00067000,2026-08-19T16:17:35.572000+00:00
binance,6582457226,4035600006,BTCUSDT,buy,68718.59000000,0.00016000,2026-08-19T16:17:35.572000+00:00
binance,6582457228,4035600007,BTCUSDT,buy,68718.88000000,0.00008000,2026-08-19T16:17:35.572000+00:00
binance,6582457229,4035600008,BTCUSDT,buy,68719.54000000,0.00014000,2026-08-19T16:17:35.572000+00:00
binance,6582457230,4035600009,BTCUSDT,buy,68719.80000000,0.00024000,2026-08-19T16:17:35.572000+00:00
binance,6582457233,4035600010,BTCUSDT,buy,68719.81000000,0.00016000,2026-08-19T16:17:35.572000+00:00
binance,6582457235,4035600011,BTCUSDT,buy,68719.99000000,0.00024000,2026-08-19T16:17:35.572000+00:00
binance,6582457238,4035600012,BTCUSDT,buy,68720.00000000,0.00459000,2026-08-19T16:17:35.572000+00:00
binance,6582457242,4035600013,BTCUSDT,buy,68720.00000000,0.00017000,2026-08-19T16:17:35.576000+00:00
binance,6582457243,4035600014,BTCUSDT,buy,68720.00000000,0.02911000,2026-08-19T16:17:35.666000+00:00
binance,6582457253,4035600015,BTCUSDT,buy,68720.00000000,0.01000000,2026-08-19T16:17:35.689000+00:00
binance,6582457254,4035600016,BTCUSDT,buy,68720.00000000,0.02000000,2026-08-19T16:17:35.690000+00:00
binance,6582457255,4035600017,BTCUSDT,buy,68720.00000000,0.06900000,2026-08-19T16:17:35.690000+00:00
binance,6582457256,4035600018,BTCUSDT,buy,68720.00000000,0.05100000,2026-08-19T16:17:35.690000+00:00
binance,6582457257,4035600019,BTCUSDT,buy,68720.00000000,0.08000000,2026-08-19T16:17:35.690000+00:00
binance,6582457258,4035600020,BTCUSDT,buy,68720.00000000,0.02791000,2026-08-19T16:17:35.693000+00:00
binance,6582457284,4035600021,BTCUSDT,buy,68720.01000000,0.00056000,2026-08-19T16:17:35.693000+00:00
binance,6582457291,4035600022,BTCUSDT,buy,68720.35000000,0.00051000,2026-08-19T16:17:35.697000+00:00
binance,6582457297,4035600023,BTCUSDT,buy,68721.00000000,0.00082000,2026-08-19T16:17:35.697000+00:00
binance,6582457306,4035600024,BTCUSDT,buy,68721.01000000,0.00016000,2026-08-19T16:17:35.697000+00:00
binance,6582457308,4035600025,BTCUSDT,buy,68721.41000000,0.00024000,2026-08-19T16:17:35.697000+00:00
binance,6582457311,4035600026,BTCUSDT,buy,68721.42000000,0.00190000,2026-08-19T16:17:35.697000+00:00
binance,6582457312,4035600027,BTCUSDT,buy,68721.42000000,0.00190000,2026-08-19T16:17:35.697000+00:00
binance,6582457313,4035600028,BTCUSDT,buy,68721.42000000,0.00220000,2026-08-19T16:17:35.697000+00:00
binance,6582457314,4035600029,BTCUSDT,buy,68721.42000000,0.00180000,2026-08-19T16:17:35.697000+00:00
binance,6582457315,4035600030,BTCUSDT,buy,68721.42000000,0.01100000,2026-08-19T16:17:35.698000+00:00
binance,6582457316,4035600031,BTCUSDT,buy,68721.42000000,0.00254000,2026-08-19T16:17:35.699000+00:00
binance,6582457331,4035600032,BTCUSDT,buy,68721.43000000,0.00008000,2026-08-19T16:17:35.699000+00:00
binance,6582457332,4035600033,BTCUSDT,buy,68721.48000000,0.00009000,2026-08-19T16:17:35.699000+00:00
binance,6582457333,4035600034,BTCUSDT,buy,68722.32000000,0.00009000,2026-08-19T16:17:35.699000+00:00
binance,6582457334,4035600035,BTCUSDT,buy,68722.52000000,0.00024000,2026-08-19T16:17:35.699000+00:00
binance,6582457337,4035600036,BTCUSDT,buy,68722.69000000,0.00363000,2026-08-19T16:17:35.699000+00:00
binance,6582457338,4035600037,BTCUSDT,buy,68724.00000000,0.00008000,2026-08-19T16:17:35.699000+00:00
binance,6582457339,4035600038,BTCUSDT,buy,68724.13000000,0.00018000,2026-08-19T16:17:35.699000+00:00
binance,6582457340,4035600039,BTCUSDT,buy,68724.33000000,0.00016000,2026-08-19T16:17:35.699000+00:00
binance,6582457342,4035600040,BTCUSDT,buy,68724.55000000,0.00024000,2026-08-19T16:17:35.699000+00:00
binance,6582457345,4035600041,BTCUSDT,buy,68724.56000000,0.00167000,2026-08-19T16:17:35.699000+00:00
binance,6582457346,4035600042,BTCUSDT,buy,68724.56000000,0.01800000,2026-08-19T16:17:35.699000+00:00
binance,6582457347,4035600043,BTCUSDT,buy,68724.56000000,0.00900000,2026-08-19T16:17:35.700000+00:00
binance,6582457348,4035600044,BTCUSDT,buy,68724.56000000,0.00300000,2026-08-19T16:17:35.716000+00:00
binance,6582457349,4035600045,BTCUSDT,buy,68724.56000000,0.00030000,2026-08-19T16:17:35.748000+00:00
binance,6582457350,4035600046,BTCUSDT,sell,68724.55000000,0.00179000,2026-08-19T16:17:35.764000+00:00
binance,6582457351,4035600047,BTCUSDT,sell,68724.55000000,0.01015000,2026-08-19T16:17:36.545000+00:00
binance,6582457352,4035600048,BTCUSDT,buy,68724.56000000,0.00032000,2026-08-19T16:17:36.586000+00:00
binance,6582457353,4035600049,BTCUSDT,buy,68724.56000000,0.00100000,2026-08-19T16:17:36.680000+00:00
binance,6582457354,4035600050,BTCUSDT,sell,68724.55000000,0.05723000,2026-08-19T16:17:36.700000+00:00
binance,6582457356,4035600051,BTCUSDT,buy,68724.56000000,0.00084000,2026-08-19T16:17:36.764000+00:00
binance,6582457357,4035600052,BTCUSDT,buy,68724.56000000,0.00029000,2026-08-19T16:17:36.987000+00:00
binance,6582457358,4035600053,BTCUSDT,sell,68724.55000000,0.00209000,2026-08-19T16:17:37.095000+00:00
binance,6582457359,4035600054,BTCUSDT,sell,68724.55000000,0.00022000,2026-08-19T16:17:37.139000+00:00
binance,6582457360,4035600055,BTCUSDT,buy,68724.56000000,0.03300000,2026-08-19T16:17:37.238000+00:00
binance,6582457373,4035600056,BTCUSDT,buy,68724.56000000,0.08000000,2026-08-19T16:17:37.238000+00:00
binance,6582457374,4035600057,BTCUSDT,buy,68724.56000000,0.00900000,2026-08-19T16:17:37.242000+00:00
binance,6582457375,4035600058,BTCUSDT,buy,68724.56000000,0.00900000,2026-08-19T16:17:37.243000+00:00
binance,6582457376,4035600059,BTCUSDT,buy,68724.56000000,0.00900000,2026-08-19T16:17:37.243000+00:00
binance,6582457377,4035600060,BTCUSDT,buy,68724.56000000,0.00900000,2026-08-19T16:17:37.250000+00:00
binance,6582457378,4035600061,BTCUSDT,buy,68724.56000000,0.00300000,2026-08-19T16:17:37.266000+00:00
binance,6582457379,4035600062,BTCUSDT,buy,68724.56000000,0.00072000,2026-08-19T16:17:37.274000+00:00
binance,6582457380,4035600063,BTCUSDT,buy,68724.56000000,0.03000000,2026-08-19T16:17:37.348000+00:00
binance,6582457389,4035600064,BTCUSDT,buy,68724.56000000,0.02300000,2026-08-19T16:17:37.396000+00:00
binance,6582457390,4035600065,BTCUSDT,sell,68724.55000000,0.00484000,2026-08-19T16:17:37.851000+00:00
binance,6582457391,4035600066,BTCUSDT,buy,68724.56000000,0.08000000,2026-08-19T16:17:37.967000+00:00
binance,6582457392,4035600067,BTCUSDT,buy,68724.56000000,0.01800000,2026-08-19T16:17:37.971000+00:00
binance,6582457393,4035600068,BTCUSDT,sell,68724.55000000,0.02910000,2026-08-19T16:17:37.971000+00:00
binance,6582457394,4035600069,BTCUSDT,buy,68724.56000000,0.00900000,2026-08-19T16:17:37.972000+00:00
binance,6582457395,4035600070,BTCUSDT,buy,68724.56000000,0.01100000,2026-08-19T16:17:37.972000+00:00
binance,6582457396,4035600071,BTCUSDT,buy,68724.56000000,0.08000000,2026-08-19T16:17:37.974000+00:00
binance,6582457397,4035600072,BTCUSDT,buy,68724.56000000,0.00900000,2026-08-19T16:17:37.976000+00:00
binance,6582457398,4035600073,BTCUSDT,buy,68724.56000000,0.02015000,2026-08-19T16:17:37.976000+00:00
binance,6582457428,4035600074,BTCUSDT,buy,68724.57000000,0.00064000,2026-08-19T16:17:37.976000+00:00
binance,6582457436,4035600075,BTCUSDT,buy,68724.66000000,0.00016000,2026-08-19T16:17:37.976000+00:00
binance,6582457438,4035600076,BTCUSDT,buy,68724.71000000,0.00017000,2026-08-19T16:17:37.976000+00:00
binance,6582457440,4035600077,BTCUSDT,buy,68724.78000000,0.00024000,2026-08-19T16:17:37.976000+00:00
binance,6582457443,4035600078,BTCUSDT,buy,68724.79000000,0.00300000,2026-08-19T16:17:37.988000+00:00
binance,6582457444,4035600079,BTCUSDT,buy,68724.79000000,0.02465000,2026-08-19T16:17:37.990000+00:00
binance,6582457463,4035600080,BTCUSDT,buy,68724.80000000,0.00048000,2026-08-19T16:17:37.990000+00:00
binance,6582457469,4035600081,BTCUSDT,buy,68724.83000000,0.00041000,2026-08-19T16:17:37.990000+00:00
binance,6582457470,4035600082,BTCUSDT,buy,68724.84000000,0.00041000,2026-08-19T16:17:37.990000+00:00
binance,6582457471,4035600083,BTCUSDT,buy,68725.03000000,0.00012000,2026-08-19T16:17:37.990000+00:00
binance,6582457472,4035600084,BTCUSDT,buy,68725.08000000,0.00016000,2026-08-19T16:17:37.990000+00:00
binance,6582457474,4035600085,BTCUSDT,buy,68725.27000000,0.00016000,2026-08-19T16:17:37.990000+00:00
binance,6582457476,4035600086,BTCUSDT,buy,68725.56000000,0.00024000,2026-08-19T16:17:37.990000+00:00
binance,6582457479,4035600087,BTCUSDT,buy,68725.57000000,0.04000000,2026-08-19T16:17:37.993000+00:00
binance,6582457481,4035600088,BTCUSDT,buy,68725.57000000,0.02000000,2026-08-19T16:17:38.082000+00:00
binance,6582457498,4035600089,BTCUSDT,buy,68725.57000000,0.00900000,2026-08-19T16:17:38.153000+00:00
binance,6582457499,4035600090,BTCUSDT,buy,68725.57000000,0.00900000,2026-08-19T16:17:38.154000+00:00
binance,6582457500,4035600091,BTCUSDT,buy,68725.57000000,0.00300000,2026-08-19T16:17:38.177000+00:00
binance,6582457501,4035600092,BTCUSDT,buy,68725.57000000,0.02420000,2026-08-19T16:17:38.187000+00:00
binance,6582457520,4035600093,BTCUSDT,buy,68725.58000000,0.00048000,2026-08-19T16:17:38.187000+00:00
binance,6582457526,4035600094,BTCUSDT,buy,68725.75000000,0.00008000,2026-08-19T16:17:38.187000+00:00
binance,6582457527,4035600095,BTCUSDT,buy,68725.91000000,0.00024000,2026-08-19T16:17:38.187000+00:00
binance,6582457528,4035600096,BTCUSDT,buy,68725.91000000,0.00267000,2026-08-19T16:17:38.188000+00:00
binance,6582457529,4035600097,BTCUSDT,buy,68726.37000000,0.00029000,2026-08-19T16:17:38.188000+00:00
binance,6582457530,4035600098,BTCUSDT,buy,68726.51000000,0.00024000,2026-08-19T16:17:38.188000+00:00
binance,6582457533,4035600099,BTCUSDT,buy,68726.52000000,0.01680000,2026-08-19T16:17:38.188000+00:00
binance,6582457534,4035600100,BTCUSDT,buy,68726.52000000,0.00500000,2026-08-19T16:17:38.188000+00:00
binance,6582457535,4035600101,BTCUSDT,buy,68726.52000000,0.00471000,2026-08-19T16:17:38.189000+00:00
binance,6582457540,4035600102,BTCUSDT,buy,68727.11000000,0.00016000,2026-08-19T16:17:38.189000+00:00
binance,6582457542,4035600103,BTCUSDT,buy,68727.13000000,0.00024000,2026-08-19T16:17:38.189000+00:00
binance,6582457545,4035600104,BTCUSDT,buy,68727.14000000,0.01006000,2026-08-19T16:17:38.189000+00:00
binance,6582457546,4035600105,BTCUSDT,buy,68727.15000000,0.00158000,2026-08-19T16:17:38.189000+00:00
binance,6582457547,4035600106,BTCUSDT,buy,68727.94000000,0.00025000,2026-08-19T16:17:38.189000+00:00
binance,6582457550,4035600107,BTCUSDT,buy,68728.11000000,0.00024000,2026-08-19T16:17:38.189000+00:00
binance,6582457553,4035600108,BTCUSDT,buy,68728.12000000,0.02276000,2026-08-19T16:17:38.189000+00:00
binance,6582457554,4035600109,BTCUSDT,buy,68728.12000000,0.01100000,2026-08-19T16:17:38.195000+00:00
binance,6582457557,4035600110,BTCUSDT,buy,68728.12000000,0.01800000,2026-08-19T16:17:38.196000+00:00
binance,6582457558,4035600111,BTCUSDT,sell,68728.11000000,0.00068000,2026-08-19T16:17:38.279000+00:00
binance,6582457559,4035600112,BTCUSDT,sell,68728.11000000,0.03201000,2026-08-19T16:17:38.783000+00:00
binance,6582457560,4035600113,BTCUSDT,buy,68728.12000000,0.00790000,2026-08-19T16:17:39.228000+00:00
binance,6582457573,4035600114,BTCUSDT,buy,68728.12000000,0.01511000,2026-08-19T16:17:39.231000+00:00
binance,6582457574,4035600115,BTCUSDT,buy,68728.12000000,0.02000000,2026-08-19T16:17:39.261000+00:00
binance,6582457575,4035600116,BTCUSDT,buy,68728.12000000,0.02000000,2026-08-19T16:17:39.261000+00:00
binance,6582457583,4035600117,BTCUSDT,buy,68728.12000000,0.50043000,2026-08-19T16:17:39.261000+00:00
binance,6582457607,4035600118,BTCUSDT,buy,68728.13000000,0.00080000,2026-08-19T16:17:39.261000+00:00
binance,6582457617,4035600119,BTCUSDT,buy,68728.56000000,0.00056000,2026-08-19T16:17:39.261000+00:00
binance,6582457624,4035600120,BTCUSDT,buy,68728.57000000,0.02020000,2026-08-19T16:17:39.261000+00:00
binance,6582457625,4035600121,BTCUSDT,buy,68728.71000000,0.00016000,2026-08-19T16:17:39.261000+00:00
binance,6582457627,4035600122,BTCUSDT,buy,68728.74000000,0.00032000,2026-08-19T16:17:39.261000+00:00
binance,6582457631,4035600123,BTCUSDT,buy,68728.86000000,0.00009000,2026-08-19T16:17:39.261000+00:00
binance,6582457632,4035600124,BTCUSDT,buy,68730.00000000,0.00050000,2026-08-19T16:17:39.261000+00:00
binance,6582457633,4035600125,BTCUSDT,buy,68730.67000000,0.00024000,2026-08-19T16:17:39.261000+00:00
binance,6582457636,4035600126,BTCUSDT,buy,68730.68000000,0.05486000,2026-08-19T16:17:39.261000+00:00
binance,6582457641,4035600127,BTCUSDT,buy,68730.89000000,0.00056000,2026-08-19T16:17:39.261000+00:00
binance,6582457642,4035600128,BTCUSDT,buy,68730.91000000,0.00088000,2026-08-19T16:17:39.261000+00:00
binance,6582457643,4035600129,BTCUSDT,buy,68731.06000000,0.00018000,2026-08-19T16:17:39.261000+00:00
binance,6582457644,4035600130,BTCUSDT,buy,68731.17000000,0.00017000,2026-08-19T16:17:39.261000+00:00
binance,6582457646,4035600131,BTCUSDT,buy,68731.24000000,0.00008000,2026-08-19T16:17:39.261000+00:00
binance,6582457647,4035600132,BTCUSDT,buy,68731.36000000,0.00994000,2026-08-19T16:17:39.261000+00:00
binance,6582457648,4035600133,BTCUSDT,buy,68731.43000000,0.00009000,2026-08-19T16:17:39.261000+00:00
binance,6582457649,4035600134,BTCUSDT,buy,68732.12000000,0.00008000,2026-08-19T16:17:39.261000+00:00
binance,6582457650,4035600135,BTCUSDT,buy,68732.23000000,0.00017000,2026-08-19T16:17:39.261000+00:00
binance,6582457651,4035600136,BTCUSDT,buy,68732.34000000,0.00008000,2026-08-19T16:17:39.261000+00:00
binance,6582457652,4035600137,BTCUSDT,buy,68732.38000000,0.00008000,2026-08-19T16:17:39.261000+00:00
binance,6582457653,4035600138,BTCUSDT,buy,68732.39000000,0.00241000,2026-08-19T16:17:39.261000+00:00
binance,6582457655,4035600139,BTCUSDT,buy,68732.81000000,0.00008000,2026-08-19T16:17:39.261000+00:00
binance,6582457656,4035600140,BTCUSDT,buy,68732.84000000,0.00024000,2026-08-19T16:17:39.261000+00:00
binance,6582457659,4035600141,BTCUSDT,buy,68732.85000000,0.00936000,2026-08-19T16:17:39.261000+00:00
binance,6582457660,4035600142,BTCUSDT,buy,68732.85000000,0.08000000,2026-08-19T16:17:39.262000+00:00
binance,6582457661,4035600143,BTCUSDT,buy,68732.85000000,0.05613000,2026-08-19T16:17:39.262000+00:00
binance,6582457662,4035600144,BTCUSDT,buy,68732.92000000,0.00010000,2026-08-19T16:17:39.262000+00:00
binance,6582457663,4035600145,BTCUSDT,buy,68732.99000000,0.00024000,2026-08-19T16:17:39.262000+00:00
binance,6582457666,4035600146,BTCUSDT,buy,68733.00000000,0.05700000,2026-08-19T16:17:39.262000+00:00
binance,6582457669,4035600147,BTCUSDT,buy,68734.06000000,0.00008000,2026-08-19T16:17:39.262000+00:00
binance,6582457670,4035600148,BTCUSDT,buy,68734.22000000,0.00008000,2026-08-19T16:17:39.262000+00:00
binance,6582457671,4035600149,BTCUSDT,buy,68734.40000000,0.00017000,2026-08-19T16:17:39.262000+00:00
binance,6582457673,4035600150,BTCUSDT,buy,68734.88000000,0.00021000,2026-08-19T16:17:39.262000+00:00
binance,6582457674,4035600151,BTCUSDT,buy,68734.99000000,0.00008000,2026-08-19T16:17:39.262000+00:00
binance,6582457675,4035600152,BTCUSDT,buy,68735.00000000,0.07003000,2026-08-19T16:17:39.262000+00:00
binance,6582457677,4035600153,BTCUSDT,buy,68735.20000000,0.02269000,2026-08-19T16:17:39.262000+00:00
binance,6582457678,4035600154,BTCUSDT,buy,68735.34000000,0.00400000,2026-08-19T16:17:39.262000+00:00
binance,6582457679,4035600155,BTCUSDT,buy,68735.40000000,0.00009000,2026-08-19T16:17:39.262000+00:00
binance,6582457680,4035600156,BTCUSDT,buy,68735.56000000,0.00008000,2026-08-19T16:17:39.262000+00:00
binance,6582457681,4035600157,BTCUSDT,buy,68735.71000000,0.02020000,2026-08-19T16:17:39.262000+00:00
binance,6582457682,4035600158,BTCUSDT,buy,68735.78000000,0.00008000,2026-08-19T16:17:39.262000+00:00
binance,6582457683,4035600159,BTCUSDT,buy,68736.00000000,0.00024000,2026-08-19T16:17:39.262000+00:00
binance,6582457684,4035600160,BTCUSDT,buy,68736.25000000,0.00008000,2026-08-19T16:17:39.262000+00:00
binance,6582457685,4035600161,BTCUSDT,buy,68736.67000000,0.00035000,2026-08-19T16:17:39.262000+00:00
binance,6582457686,4035600162,BTCUSDT,buy,68736.70000000,0.00009000,2026-08-19T16:17:39.262000+00:00
binance,6582457687,4035600163,BTCUSDT,buy,68737.07000000,0.00014000,2026-08-19T16:17:39.262000+00:00
binance,6582457688,4035600164,BTCUSDT,buy,68737.48000000,0.00009000,2026-08-19T16:17:39.262000+00:00
binance,6582457689,4035600165,BTCUSDT,buy,68737.50000000,0.00008000,2026-08-19T16:17:39.262000+00:00
binance,6582457690,4035600166,BTCUSDT,buy,68737.63000000,0.00017000,2026-08-19T16:17:39.262000+00:00
binance,6582457692,4035600167,BTCUSDT,buy,68737.64000000,0.00008000,2026-08-19T16:17:39.262000+00:00
binance,6582457693,4035600168,BTCUSDT,buy,68737.99000000,0.00018000,2026-08-19T16:17:39.262000+00:00
binance,6582457694,4035600169,BTCUSDT,buy,68738.30000000,0.00018000,2026-08-19T16:17:39.262000+00:00
binance,6582457696,4035600170,BTCUSDT,buy,68738.31000000,0.00008000,2026-08-19T16:17:39.262000+00:00
binance,6582457697,4035600171,BTCUSDT,buy,68738.63000000,0.00012000,2026-08-19T16:17:39.262000+00:00
binance,6582457698,4035600172,BTCUSDT,buy,68738.67000000,0.00400000,2026-08-19T16:17:39.262000+00:00
binance,6582457699,4035600173,BTCUSDT,buy,68738.69000000,0.00013000,2026-08-19T16:17:39.262000+00:00
binance,6582457700,4035600174,BTCUSDT,buy,68738.73000000,0.00012000,2026-08-19T16:17:39.262000+00:00
binance,6582457701,4035600175,BTCUSDT,sell,68739.00000000,0.00008000,2026-08-19T16:17:39.264000+00:00
binance,6582457702,4035600176,BTCUSDT,buy,68739.01000000,0.00050000,2026-08-19T16:17:39.266000+00:00
binance,6582457703,4035600177,BTCUSDT,buy,68739.01000000,0.00448000,2026-08-19T16:17:39.266000+00:00
binance,6582457704,4035600178,BTCUSDT,buy,68739.01000000,0.00900000,2026-08-19T16:17:39.270000+00:00
binance,6582457705,4035600179,BTCUSDT,buy,68739.01000000,0.01800000,2026-08-19T16:17:39.271000+00:00
binance,6582457706,4035600180,BTCUSDT,buy,68739.01000000,0.01100000,2026-08-19T16:17:39.271000+00:00
binance,6582457712,4035600181,BTCUSDT,buy,68739.01000000,0.00010000,2026-08-19T16:17:39.272000+00:00
binance,6582457713,4035600182,BTCUSDT,buy,68739.01000000,0.00900000,2026-08-19T16:17:39.274000+00:00
binance,6582457717,4035600183,BTCUSDT,buy,68739.01000000,0.00030000,2026-08-19T16:17:39.289000+00:00
binance,6582457718,4035600184,BTCUSDT,buy,68739.01000000,0.00300000,2026-08-19T16:17:39.292000+00:00
binance,6582457719,4035600185,BTCUSDT,buy,68739.01000000,0.00220000,2026-08-19T16:17:39.361000+00:00
binance,6582457720,4035600186,BTCUSDT,buy,68739.01000000,0.00170000,2026-08-19T16:17:39.398000+00:00
binance,6582457740,4035600187,BTCUSDT,buy,68739.02000000,0.00032000,2026-08-19T16:17:39.399000+00:00
binance,6582457744,4035600188,BTCUSDT,buy,68739.32000000,0.00100000,2026-08-19T16:17:39.399000+00:00
binance,6582457745,4035600189,BTCUSDT,buy,68739.59000000,0.00024000,2026-08-19T16:17:39.399000+00:00
binance,6582457748,4035600190,BTCUSDT,buy,68739.60000000,0.00844000,2026-08-19T16:17:39.399000+00:00
binance,6582457749,4035600191,BTCUSDT,buy,68739.60000000,0.00800000,2026-08-19T16:17:39.399000+00:00
binance,6582457750,4035600192,BTCUSDT,buy,68739.60000000,0.02404000,2026-08-19T16:17:39.401000+00:00
binance,6582457757,4035600193,BTCUSDT,buy,68739.67000000,0.00018000,2026-08-19T16:17:39.401000+00:00
binance,6582457758,4035600194,BTCUSDT,buy,68740.00000000,0.00150000,2026-08-19T16:17:39.401000+00:00
binance,6582457760,4035600195,BTCUSDT,buy,68740.86000000,0.00017000,2026-08-19T16:17:39.401000+00:00
binance,6582457762,4035600196,BTCUSDT,buy,68741.09000000,0.00110000,2026-08-19T16:17:39.401000+00:00
binance,6582457763,4035600197,BTCUSDT,buy,68741.21000000,0.00501000,2026-08-19T16:17:39.401000+00:00
binance,6582457764,4035600198,BTCUSDT,buy,68741.21000000,0.00309000,2026-08-19T16:17:39.405000+00:00
binance,6582457775,4035600199,BTCUSDT,buy,68741.22000000,0.00048000,2026-08-19T16:17:39.405000+00:00
binance,6582457781,4035600200,BTCUSDT,buy,68741.61000000,0.00048000,2026-08-19T16:17:39.405000+00:00
binance,6582457787,4035600201,BTCUSDT,buy,68741.63000000,0.00102000,2026-08-19T16:17:39.405000+00:00
binance,6582457788,4035600202,BTCUSDT,buy,68741.70000000,0.00009000,2026-08-19T16:17:39.405000+00:00
binance,6582457789,4035600203,BTCUSDT,buy,68741.74000000,0.00009000,2026-08-19T16:17:39.405000+00:00
binance,6582457790,4035600204,BTCUSDT,buy,68741.82000000,0.00016000,2026-08-19T16:17:39.405000+00:00
binance,6582457792,4035600205,BTCUSDT,buy,68741.94000000,0.00009000,2026-08-19T16:17:39.405000+00:00
binance,6582457793,4035600206,BTCUSDT,buy,68742.04000000,0.00009000,2026-08-19T16:17:39.405000+00:00
binance,6582457794,4035600207,BTCUSDT,buy,68742.10000000,0.00105000,2026-08-19T16:17:39.405000+00:00
binance,6582457795,4035600208,BTCUSDT,buy,68742.36000000,0.00024000,2026-08-19T16:17:39.405000+00:00
binance,6582457798,4035600209,BTCUSDT,buy,68742.37000000,0.00412000,2026-08-19T16:17:39.405000+00:00
binance,6582457799,4035600210,BTCUSDT,buy,68742.37000000,0.00900000,2026-08-19T16:17:39.406000+00:00
binance,6582457800,4035600211,BTCUSDT,buy,68742.37000000,0.00141000,2026-08-19T16:17:39.406000+00:00
binance,6582457801,4035600212,BTCUSDT,buy,68742.65000000,0.00008000,2026-08-19T16:17:39.406000+00:00
binance,6582457802,4035600213,BTCUSDT,buy,68742.77000000,0.00193000,2026-08-19T16:17:39.406000+00:00
binance,6582457804,4035600214,BTCUSDT,buy,68742.78000000,0.00016000,2026-08-19T16:17:39.406000+00:00
binance,6582457806,4035600215,BTCUSDT,buy,68742.84000000,0.00024000,2026-08-19T16:17:39.406000+00:00
binance,6582457809,4035600216,BTCUSDT,buy,68742.85000000,0.01418000,2026-08-19T16:17:39.406000+00:00
binance,6582457810,4035600217,BTCUSDT,buy,68742.85000000,0.00602000,2026-08-19T16:17:39.407000+00:00
binance,6582457811,4035600218,BTCUSDT,buy,68743.13000000,0.00055000,2026-08-19T16:17:39.407000+00:00
binance,6582457812,4035600219,BTCUSDT,buy,68743.40000000,0.00016000,2026-08-19T16:17:39.407000+00:00
binance,6582457814,4035600220,BTCUSDT,buy,68743.47000000,0.00040000,2026-08-19T16:17:39.407000+00:00
binance,6582457819,4035600221,BTCUSDT,buy,68743.80000000,0.00008000,2026-08-19T16:17:39.407000+00:00
binance,6582457820,4035600222,BTCUSDT,buy,68744.09000000,0.00017000,2026-08-19T16:17:39.407000+00:00
binance,6582457822,4035600223,BTCUSDT,buy,68744.30000000,0.00053000,2026-08-19T16:17:39.407000+00:00
binance,6582457823,4035600224,BTCUSDT,buy,68744.44000000,0.00008000,2026-08-19T16:17:39.407000+00:00
binance,6582457824,4035600225,BTCUSDT,buy,68744.45000000,0.00036000,2026-08-19T16:17:39.407000+00:00
binance,6582457827,4035600226,BTCUSDT,buy,68744.92000000,0.00018000,2026-08-19T16:17:39.407000+00:00
binance,6582457828,4035600227,BTCUSDT,buy,68745.50000000,0.00017000,2026-08-19T16:17:39.407000+00:00
binance,6582457829,4035600228,BTCUSDT,buy,68745.65000000,0.00008000,2026-08-19T16:17:39.407000+00:00
binance,6582457830,4035600229,BTCUSDT,buy,68745.88000000,0.00008000,2026-08-19T16:17:39.407000+00:00
binance,6582457831,4035600230,BTCUSDT,buy,68746.09000000,0.00008000,2026-08-19T16:17:39.407000+00:00
binance,6582457832,4035600231,BTCUSDT,buy,68746.11000000,0.00006000,2026-08-19T16:17:39.407000+00:00
binance,6582457833,4035600232,BTCUSDT,buy,68746.11000000,0.00030000,2026-08-19T16:17:39.445000+00:00
binance,6582457837,4035600233,BTCUSDT,buy,68746.11000000,0.00030000,2026-08-19T16:17:39.447000+00:00
binance,6582457840,4035600234,BTCUSDT,buy,68746.11000000,0.00009000,2026-08-19T16:17:39.447000+00:00
binance,6582457841,4035600235,BTCUSDT,sell,68746.10000000,0.00011000,2026-08-19T16:17:39.616000+00:00
binance,6582457842,4035600236,BTCUSDT,buy,68746.11000000,0.00200000,2026-08-19T16:17:39.651000+00:00
binance,6582457849,4035600237,BTCUSDT,sell,68746.10000000,0.00706000,2026-08-19T16:17:40.038000+00:00
binance,6582457850,4035600238,BTCUSDT,buy,68746.11000000,0.01800000,2026-08-19T16:17:40.057000+00:00
binance,6582457851,4035600239,BTCUSDT,buy,68746.11000000,0.00900000,2026-08-19T16:17:40.059000+00:00
binance,6582457852,4035600240,BTCUSDT,buy,68746.11000000,0.01100000,2026-08-19T16:17:40.059000+00:00
binance,6582457853,4035600241,BTCUSDT,buy,68746.11000000,0.00014000,2026-08-19T16:17:40.065000+00:00
binance,6582457854,4035600242,BTCUSDT,buy,68746.11000000,0.13670000,2026-08-19T16:17:40.196000+00:00
binance,6582457855,4035600243,BTCUSDT,buy,68746.11000000,0.00300000,2026-08-19T16:17:40.211000+00:00
binance,6582457856,4035600244,BTCUSDT,buy,68746.11000000,0.07583000,2026-08-19T16:17:40.215000+00:00
binance,6582457870,4035600245,BTCUSDT,buy,68746.12000000,0.00040000,2026-08-19T16:17:40.215000+00:00
binance,6582457875,4035600246,BTCUSDT,buy,68747.02000000,0.00015000,2026-08-19T16:17:40.215000+00:00
binance,6582457876,4035600247,BTCUSDT,buy,68747.03000000,0.00222000,2026-08-19T16:17:40.215000+00:00
binance,6582457877,4035600248,BTCUSDT,buy,68747.32000000,0.00017000,2026-08-19T16:17:40.215000+00:00
binance,6582457879,4035600249,BTCUSDT,buy,68747.72000000,0.00058000,2026-08-19T16:17:40.215000+00:00
binance,6582457880,4035600250,BTCUSDT,buy,68747.81000000,0.00008000,2026-08-19T16:17:40.215000+00:00
binance,6582457881,4035600251,BTCUSDT,buy,68748.18000000,0.00012000,2026-08-19T16:17:40.215000+00:00
binance,6582457882,4035600252,BTCUSDT,buy,68748.21000000,0.00009000,2026-08-19T16:17:40.215000+00:00
binance,6582457883,4035600253,BTCUSDT,buy,68748.48000000,0.00033000,2026-08-19T16:17:40.215000+00:00
binance,6582457887,4035600254,BTCUSDT,sell,68748.48000000,0.01506000,2026-08-19T16:17:40.447000+00:00
binance,6582457888,4035600255,BTCUSDT,sell,68748.48000000,0.07278000,2026-08-19T16:17:40.621000+00:00
binance,6582457889,4035600256,BTCUSDT,sell,68748.48000000,0.00028000,2026-08-19T16:17:40.879000+00:00
binance,6582457890,4035600257,BTCUSDT,buy,68748.49000000,0.01600000,2026-08-19T16:17:41.232000+00:00
binance,6582457891,4035600258,BTCUSDT,buy,68748.49000000,0.00600000,2026-08-19T16:17:41.310000+00:00
binance,6582457892,4035600259,BTCUSDT,buy,68748.49000000,0.13800000,2026-08-19T16:17:41.368000+00:00
binance,6582457893,4035600260,BTCUSDT,buy,68748.49000000,0.00300000,2026-08-19T16:17:41.387000+00:00
binance,6582457894,4035600261,BTCUSDT,sell,68748.48000000,0.02818000,2026-08-19T16:17:41.402000+00:00
binance,6582457895,4035600262,BTCUSDT,sell,68748.48000000,0.11636000,2026-08-19T16:17:41.476000+00:00
binance,6582457897,4035600263,BTCUSDT,buy,68748.49000000,0.00011000,2026-08-19T16:17:41.641000+00:00
binance,6582457898,4035600264,BTCUSDT,buy,68748.49000000,0.00100000,2026-08-19T16:17:41.680000+00:00
binance,6582457899,4035600265,BTCUSDT,sell,68748.48000000,0.00023000,2026-08-19T16:17:41.809000+00:00
binance,6582457900,4035600266,BTCUSDT,sell,68748.48000000,0.00576000,2026-08-19T16:17:41.839000+00:00
binance,6582457901,4035600267,BTCUSDT,sell,68748.48000000,0.00326000,2026-08-19T16:17:41.902000+00:00
binance,6582457902,4035600268,BTCUSDT,sell,68748.48000000,0.00466000,2026-08-19T16:17:41.941000+00:00
binance,6582457903,4035600269,BTCUSDT,buy,68748.49000000,0.00900000,2026-08-19T16:17:42.022000+00:00
binance,6582457904,4035600270,BTCUSDT,buy,68748.49000000,0.01100000,2026-08-19T16:17:42.024000+00:00
binance,6582457905,4035600271,BTCUSDT,sell,68748.48000000,0.00154000,2026-08-19T16:17:42.247000+00:00
binance,6582457906,4035600272,BTCUSDT,buy,68748.49000000,0.00241000,2026-08-19T16:17:42.408000+00:00
binance,6582457907,4035600273,BTCUSDT,buy,68748.49000000,0.00014000,2026-08-19T16:17:42.823000+00:00
binance,6582457908,4035600274,BTCUSDT,sell,68748.48000000,0.00130000,2026-08-19T16:17:42.850000+00:00
binance,6582457909,4035600275,BTCUSDT,sell,68748.48000000,0.00032000,2026-08-19T16:17:43.139000+00:00
binance,6582457910,4035600276,BTCUSDT,buy,68748.49000000,0.00436000,2026-08-19T16:17:43.172000+00:00
binance,6582457911,4035600277,BTCUSDT,buy,68748.49000000,0.00275000,2026-08-19T16:17:43.272000+00:00
binance,6582457912,4035600278,BTCUSDT,sell,68748.48000000,0.14546000,2026-08-19T16:17:43.323000+00:00
binance,6582457913,4035600279,BTCUSDT,sell,68748.48000000,0.00010000,2026-08-19T16:17:43.330000+00:00
binance,6582457915,4035600280,BTCUSDT,buy,68748.49000000,0.00045000,2026-08-19T16:17:43.457000+00:00
binance,6582457916,4035600281,BTCUSDT,sell,68748.48000000,0.81814000,2026-08-19T16:17:43.478000+00:00
binance,6582457963,4035600282,BTCUSDT,sell,68748.47000000,0.00056000,2026-08-19T16:17:43.478000+00:00
binance,6582457970,4035600283,BTCUSDT,sell,68748.41000000,0.00148000,2026-08-19T16:17:43.478000+00:00
binance,6582457971,4035600284,BTCUSDT,sell,68747.74000000,0.00008000,2026-08-19T16:17:43.478000+00:00
binance,6582457972,4035600285,BTCUSDT,sell,68747.32000000,0.00008000,2026-08-19T16:17:43.478000+00:00
binance,6582457973,4035600286,BTCUSDT,sell,68746.25000000,0.00024000,2026-08-19T16:17:43.478000+00:00
binance,6582457976,4035600287,BTCUSDT,sell,68746.24000000,0.06218000,2026-08-19T16:17:43.478000+00:00
binance,6582457978,4035600288,BTCUSDT,sell,68746.11000000,0.00024000,2026-08-19T16:17:43.478000+00:00
binance,6582457981,4035600289,BTCUSDT,sell,68746.10000000,0.11380000,2026-08-19T16:17:43.478000+00:00
binance,6582457991,4035600290,BTCUSDT,sell,68746.10000000,0.00230000,2026-08-19T16:17:43.478000+00:00
binance,6582457999,4035600291,BTCUSDT,sell,68746.10000000,0.00023000,2026-08-19T16:17:43.478000+00:00
binance,6582458002,4035600292,BTCUSDT,sell,68745.04000000,0.00252000,2026-08-19T16:17:43.480000+00:00
binance,6582458005,4035600293,BTCUSDT,sell,68744.09000000,0.00008000,2026-08-19T16:17:43.480000+00:00
binance,6582458006,4035600294,BTCUSDT,sell,68744.08000000,0.00056000,2026-08-19T16:17:43.480000+00:00
binance,6582458013,4035600295,BTCUSDT,sell,68743.55000000,0.00024000,2026-08-19T16:17:43.480000+00:00
binance,6582458016,4035600296,BTCUSDT,sell,68743.54000000,0.00008000,2026-08-19T16:17:43.481000+00:00
binance,6582458017,4035600297,BTCUSDT,sell,68743.46000000,0.00016000,2026-08-19T16:17:43.481000+00:00
binance,6582458019,4035600298,BTCUSDT,sell,68743.38000000,0.00511000,2026-08-19T16:17:43.481000+00:00
binance,6582458020,4035600299,BTCUSDT,sell,68743.38000000,0.00027000,2026-08-19T16:17:43.481000+00:00
binance,6582458024,4035600300,BTCUSDT,sell,68742.84000000,0.00040000,2026-08-19T16:17:43.481000+00:00
binance,6582458029,4035600301,BTCUSDT,sell,68742.41000000,0.00024000,2026-08-19T16:17:43.481000+00:00
binance,6582458032,4035600302,BTCUSDT,sell,68742.40000000,0.00008000,2026-08-19T16:17:43.481000+00:00
binance,6582458033,4035600303,BTCUSDT,sell,68742.36000000,0.00072000,2026-08-19T16:17:43.481000+00:00
binance,6582458042,4035600304,BTCUSDT,sell,68742.00000000,0.00008000,2026-08-19T16:17:43.481000+00:00
binance,6582458043,4035600305,BTCUSDT,sell,68741.61000000,0.00009000,2026-08-19T16:17:43.481000+00:00
binance,6582458044,4035600306,BTCUSDT,sell,68741.22000000,0.00024000,2026-08-19T16:17:43.481000+00:00
binance,6582458047,4035600307,BTCUSDT,sell,68741.21000000,0.00323000,2026-08-19T16:17:43.481000+00:00
binance,6582458049,4035600308,BTCUSDT,sell,68741.20000000,0.04083000,2026-08-19T16:17:43.514000+00:00
binance,6582458070,4035600309,BTCUSDT,sell,68741.19000000,0.00056000,2026-08-19T16:17:43.514000+00:00
binance,6582458077,4035600310,BTCUSDT,sell,68740.86000000,0.00008000,2026-08-19T16:17:43.514000+00:00
binance,6582458078,4035600311,BTCUSDT,sell,68740.29000000,0.00011000,2026-08-19T16:17:43.514000+00:00
binance,6582458079,4035600312,BTCUSDT,sell,68739.60000000,0.00016000,2026-08-19T16:17:43.514000+00:00
binance,6582458081,4035600313,BTCUSDT,sell,68739.59000000,0.17912000,2026-08-19T16:17:43.621000+00:00
binance,6582458109,4035600314,BTCUSDT,sell,68739.58000000,0.00056000,2026-08-19T16:17:43.621000+00:00
binance,6582458116,4035600315,BTCUSDT,sell,68739.01000000,0.00016000,2026-08-19T16:17:43.621000+00:00
binance,6582458118,4035600316,BTCUSDT,sell,68739.00000000,0.00724000,2026-08-19T16:17:43.621000+00:00
binance,6582458122,4035600317,BTCUSDT,sell,68737.99000000,0.00018000,2026-08-19T16:17:43.621000+00:00
binance,6582458123,4035600318,BTCUSDT,sell,68737.63000000,0.00008000,2026-08-19T16:17:43.621000+00:00
binance,6582458124,4035600319,BTCUSDT,sell,68737.51000000,0.00008000,2026-08-19T16:17:43.621000+00:00
binance,6582458125,4035600320,BTCUSDT,sell,68737.40000000,0.00040000,2026-08-19T16:17:43.621000+00:00
binance,6582458130,4035600321,BTCUSDT,sell,68737.32000000,0.00024000,2026-08-19T16:17:43.621000+00:00
binance,6582458133,4035600322,BTCUSDT,buy,68737.32000000,0.02000000,2026-08-19T16:17:43.735000+00:00
binance,6582458134,4035600323,BTCUSDT,sell,68737.31000000,0.01042000,2026-08-19T16:17:44.336000+00:00
binance,6582458137,4035600324,BTCUSDT,sell,68737.31000000,0.02183000,2026-08-19T16:17:44.662000+00:00
binance,6582458144,4035600325,BTCUSDT,sell,68737.31000000,0.00146000,2026-08-19T16:17:44.691000+00:00
binance,6582458145,4035600326,BTCUSDT,sell,68737.31000000,0.00028000,2026-08-19T16:17:44.733000+00:00
binance,6582458146,4035600327,BTCUSDT,buy,68737.32000000,0.00028000,2026-08-19T16:17:44.853000+00:00
binance,6582458147,4035600328,BTCUSDT,sell,68737.31000000,0.03524000,2026-08-19T16:17:45.007000+00:00
binance,6582458149,4035600329,BTCUSDT,sell,68737.31000000,0.00046000,2026-08-19T16:17:45.084000+00:00
binance,6582458150,4035600330,BTCUSDT,buy,68737.32000000,0.00280000,2026-08-19T16:17:45.095000+00:00
binance,6582458151,4035600331,BTCUSDT,sell,68737.31000000,0.00134000,2026-08-19T16:17:45.124000+00:00
binance,6582458152,4035600332,BTCUSDT,sell,68737.31000000,0.00408000,2026-08-19T16:17:45.232000+00:00
binance,6582458153,4035600333,BTCUSDT,sell,68737.31000000,0.00231000,2026-08-19T16:17:45.244000+00:00
binance,6582458154,4035600334,BTCUSDT,buy,68737.32000000,0.00058000,2026-08-19T16:17:45.287000+00:00
binance,6582458155,4035600335,BTCUSDT,sell,68737.31000000,0.00076000,2026-08-19T16:17:45.336000+00:00
binance,6582458156,4035600336,BTCUSDT,buy,68737.32000000,0.02911000,2026-08-19T16:17:45.374000+00:00
binance,6582458157,4035600337,BTCUSDT,sell,68737.31000000,0.15718000,2026-08-19T16:17:45.457000+00:00
binance,6582458160,4035600338,BTCUSDT,sell,68737.31000000,0.00145000,2026-08-19T16:17:45.834000+00:00
binance,6582458161,4035600339,BTCUSDT,sell,68737.31000000,0.00147000,2026-08-19T16:17:46.177000+00:00
binance,6582458162,4035600340,BTCUSDT,buy,68737.32000000,0.00907000,2026-08-19T16:17:46.599000+00:00
binance,6582458163,4035600341,BTCUSDT,buy,68737.32000000,0.00509000,2026-08-19T16:17:47.281000+00:00
binance,6582458164,4035600342,BTCUSDT,sell,68737.31000000,0.00016000,2026-08-19T16:17:47.349000+00:00
binance,6582458165,4035600343,BTCUSDT,sell,68737.31000000,0.00010000,2026-08-19T16:17:47.357000+00:00
binance,6582458166,4035600344,BTCUSDT,sell,68737.31000000,0.04361000,2026-08-19T16:17:47.563000+00:00
binance,6582458168,4035600345,BTCUSDT,sell,68737.31000000,0.10346000,2026-08-19T16:17:47.563000+00:00
binance,6582458186,4035600346,BTCUSDT,sell,68737.31000000,0.12167000,2026-08-19T16:17:47.713000+00:00
binance,6582458187,4035600347,BTCUSDT,sell,68737.31000000,0.10183000,2026-08-19T16:17:47.732000+00:00
binance,6582458188,4035600348,BTCUSDT,sell,68737.31000000,0.37199000,2026-08-19T16:17:47.771000+00:00
binance,6582458214,4035600349,BTCUSDT,sell,68737.30000000,0.00032000,2026-08-19T16:17:47.771000+00:00
binance,6582458218,4035600350,BTCUSDT,sell,68735.79000000,0.00008000,2026-08-19T16:17:47.772000+00:00
binance,6582458219,4035600351,BTCUSDT,sell,68735.40000000,0.00009000,2026-08-19T16:17:47.772000+00:00
binance,6582458220,4035600352,BTCUSDT,sell,68735.04000000,0.00024000,2026-08-19T16:17:47.772000+00:00
binance,6582458223,4035600353,BTCUSDT,sell,68735.03000000,0.06173000,2026-08-19T16:17:47.772000+00:00
binance,6582458229,4035600354,BTCUSDT,sell,68734.40000000,0.00017000,2026-08-19T16:17:47.772000+00:00
binance,6582458231,4035600355,BTCUSDT,sell,68734.07000000,0.00008000,2026-08-19T16:17:47.772000+00:00
binance,6582458232,4035600356,BTCUSDT,sell,68733.73000000,0.00024000,2026-08-19T16:17:47.772000+00:00
binance,6582458235,4035600357,BTCUSDT,sell,68733.72000000,0.08741000,2026-08-19T16:17:47.772000+00:00
binance,6582458237,4035600358,BTCUSDT,sell,68733.51000000,0.00024000,2026-08-19T16:17:47.772000+00:00
binance,6582458240,4035600359,BTCUSDT,sell,68733.50000000,0.02008000,2026-08-19T16:17:47.772000+00:00
binance,6582458242,4035600360,BTCUSDT,sell,68733.46000000,0.00030000,2026-08-19T16:17:47.772000+00:00
binance,6582458243,4035600361,BTCUSDT,sell,68732.80000000,0.00040000,2026-08-19T16:17:47.773000+00:00
binance,6582458248,4035600362,BTCUSDT,sell,68732.35000000,0.00008000,2026-08-19T16:17:47.773000+00:00
binance,6582458249,4035600363,BTCUSDT,sell,68732.32000000,0.00016000,2026-08-19T16:17:47.773000+00:00
binance,6582458251,4035600364,BTCUSDT,sell,68731.90000000,0.00016000,2026-08-19T16:17:47.773000+00:00
binance,6582458253,4035600365,BTCUSDT,sell,68731.58000000,0.00008000,2026-08-19T16:17:47.773000+00:00
binance,6582458254,4035600366,BTCUSDT,sell,68731.28000000,0.00016000,2026-08-19T16:17:47.773000+00:00
binance,6582458256,4035600367,BTCUSDT,sell,68731.17000000,0.00017000,2026-08-19T16:17:47.773000+00:00
binance,6582458258,4035600368,BTCUSDT,sell,68731.06000000,0.00018000,2026-08-19T16:17:47.773000+00:00
binance,6582458259,4035600369,BTCUSDT,sell,68730.63000000,0.00008000,2026-08-19T16:17:47.773000+00:00
binance,6582458260,4035600370,BTCUSDT,sell,68730.52000000,0.00016000,2026-08-19T16:17:47.773000+00:00
binance,6582458262,4035600371,BTCUSDT,sell,68730.44000000,0.00009000,2026-08-19T16:17:47.773000+00:00
binance,6582458263,4035600372,BTCUSDT,sell,68730.43000000,0.00008000,2026-08-19T16:17:47.773000+00:00
binance,6582458264,4035600373,BTCUSDT,sell,68730.27000000,0.00009000,2026-08-19T16:17:47.773000+00:00
binance,6582458265,4035600374,BTCUSDT,sell,68730.00000000,0.00008000,2026-08-19T16:17:47.773000+00:00
binance,6582458266,4035600375,BTCUSDT,sell,68730.33000000,0.00411000,2026-08-19T16:17:47.774000+00:00
binance,6582458267,4035600376,BTCUSDT,sell,68730.33000000,0.01420000,2026-08-19T16:17:47.774000+00:00
binance,6582458268,4035600377,BTCUSDT,sell,68728.92000000,0.03557000,2026-08-19T16:17:47.792000+00:00
binance,6582458290,4035600378,BTCUSDT,sell,68728.91000000,0.00064000,2026-08-19T16:17:47.792000+00:00
binance,6582458298,4035600379,BTCUSDT,sell,68728.86000000,0.00009000,2026-08-19T16:17:47.792000+00:00
binance,6582458299,4035600380,BTCUSDT,sell,68728.61000000,0.00024000,2026-08-19T16:17:47.792000+00:00
binance,6582458302,4035600381,BTCUSDT,sell,68728.45000000,0.00024000,2026-08-19T16:17:47.792000+00:00
binance,6582458305,4035600382,BTCUSDT,sell,68728.44000000,0.00040000,2026-08-19T16:17:47.792000+00:00
binance,6582458310,4035600383,BTCUSDT,sell,68728.40000000,0.00047000,2026-08-19T16:17:47.792000+00:00
binance,6582458311,4035600384,BTCUSDT,sell,68728.27000000,0.00048000,2026-08-19T16:17:47.792000+00:00
binance,6582458312,4035600385,BTCUSDT,sell,68728.11000000,0.00008000,2026-08-19T16:17:47.792000+00:00
binance,6582458313,4035600386,BTCUSDT,sell,68727.94000000,0.00017000,2026-08-19T16:17:47.792000+00:00
binance,6582458315,4035600387,BTCUSDT,sell,68727.89000000,0.00024000,2026-08-19T16:17:47.792000+00:00
binance,6582458318,4035600388,BTCUSDT,sell,68727.88000000,0.00008000,2026-08-19T16:17:47.792000+00:00
binance,6582458319,4035600389,BTCUSDT,sell,68727.82000000,0.00189000,2026-08-19T16:17:47.792000+00:00
binance,6582458320,4035600390,BTCUSDT,sell,68726.62000000,0.04970000,2026-08-19T16:17:47.792000+00:00
binance,6582458321,4035600391,BTCUSDT,sell,68726.62000000,0.00067000,2026-08-19T16:17:47.797000+00:00
binance,6582458329,4035600392,BTCUSDT,sell,68726.61000000,0.00008000,2026-08-19T16:17:47.797000+00:00
binance,6582458330,4035600393,BTCUSDT,sell,68726.52000000,0.00008000,2026-08-19T16:17:47.797000+00:00
binance,6582458331,4035600394,BTCUSDT,sell,68726.51000000,0.00016000,2026-08-19T16:17:47.797000+00:00
binance,6582458333,4035600395,BTCUSDT,sell,68726.49000000,0.00011000,2026-08-19T16:17:47.797000+00:00
binance,6582458334,4035600396,BTCUSDT,sell,68724.78000000,0.00016000,2026-08-19T16:17:47.797000+00:00
binance,6582458336,4035600397,BTCUSDT,sell,68724.71000000,0.00017000,2026-08-19T16:17:47.797000+00:00
binance,6582458338,4035600398,BTCUSDT,sell,68724.69000000,0.00026000,2026-08-19T16:17:47.803000+00:00
binance,6582458341,4035600399,BTCUSDT,sell,68724.57000000,0.00024000,2026-08-19T16:17:47.803000+00:00
binance,6582458344,4035600400,BTCUSDT,sell,68724.56000000,0.00644000,2026-08-19T16:17:47.803000+00:00
binance,6582458345,4035600401,BTCUSDT,sell,68724.56000000,0.00200000,2026-08-19T16:17:47.804000+00:00
binance,6582458346,4035600402,BTCUSDT,sell,68724.56000000,0.00010000,2026-08-19T16:17:47.816000+00:00
binance,6582458347,4035600403,BTCUSDT,sell,68724.56000000,0.10825000,2026-08-19T16:17:47.893000+00:00
binance,6582458361,4035600404,BTCUSDT,sell,68724.55000000,0.00016000,2026-08-19T16:17:47.893000+00:00
binance,6582458363,4035600405,BTCUSDT,sell,68724.13000000,0.00018000,2026-08-19T16:17:47.893000+00:00
binance,6582458364,4035600406,BTCUSDT,sell,68723.57000000,0.00008000,2026-08-19T16:17:47.894000+00:00
binance,6582458365,4035600407,BTCUSDT,sell,68722.36000000,0.00024000,2026-08-19T16:17:47.894000+00:00
binance,6582458368,4035600408,BTCUSDT,sell,68722.35000000,0.01998000,2026-08-19T16:17:47.897000+00:00
binance,6582458381,4035600409,BTCUSDT,sell,68722.34000000,0.00008000,2026-08-19T16:17:47.897000+00:00
binance,6582458382,4035600410,BTCUSDT,sell,68722.32000000,0.00393000,2026-08-19T16:17:47.900000+00:00
binance,6582458393,4035600411,BTCUSDT,sell,68722.32000000,0.01672000,2026-08-19T16:17:47.903000+00:00
binance,6582458404,4035600412,BTCUSDT,sell,68722.31000000,0.00032000,2026-08-19T16:17:47.903000+00:00
binance,6582458408,4035600413,BTCUSDT,sell,68721.48000000,0.00008000,2026-08-19T16:17:47.903000+00:00
binance,6582458409,4035600414,BTCUSDT,sell,68720.33000000,0.00008000,2026-08-19T16:17:47.903000+00:00
binance,6582458410,4035600415,BTCUSDT,sell,68720.00000000,0.05946000,2026-08-19T16:17:47.903000+00:00
binance,6582458411,4035600416,BTCUSDT,sell,68718.61000000,0.00008000,2026-08-19T16:17:47.903000+00:00
binance,6582458412,4035600417,BTCUSDT,sell,68718.25000000,0.00008000,2026-08-19T16:17:47.903000+00:00
binance,6582458413,4035600418,BTCUSDT,sell,68718.08000000,0.02111000,2026-08-19T16:17:47.975000+00:00
binance,6582458439,4035600419,BTCUSDT,sell,68718.07000000,0.00048000,2026-08-19T16:17:47.975000+00:00
binance,6582458445,4035600420,BTCUSDT,sell,68717.51000000,0.00008000,2026-08-19T16:17:47.975000+00:00
binance,6582458446,4035600421,BTCUSDT,sell,68717.30000000,0.00145000,2026-08-19T16:17:47.975000+00:00
binance,6582458447,4035600422,BTCUSDT,sell,68717.20000000,0.00018000,2026-08-19T16:17:47.975000+00:00
binance,6582458448,4035600423,BTCUSDT,sell,68716.89000000,0.00008000,2026-08-19T16:17:47.975000+00:00
binance,6582458449,4035600424,BTCUSDT,sell,68715.78000000,0.00009000,2026-08-19T16:17:47.975000+00:00
binance,6582458450,4035600425,BTCUSDT,sell,68715.72000000,0.00024000,2026-08-19T16:17:47.975000+00:00
binance,6582458453,4035600426,BTCUSDT,sell,68715.71000000,0.03944000,2026-08-19T16:17:47.983000+00:00
binance,6582458474,4035600427,BTCUSDT,sell,68715.70000000,0.00064000,2026-08-19T16:17:47.983000+00:00
binance,6582458482,4035600428,BTCUSDT,sell,68715.02000000,0.00008000,2026-08-19T16:17:47.983000+00:00
binance,6582458483,4035600429,BTCUSDT,sell,68714.99000000,0.00024000,2026-08-19T16:17:47.983000+00:00
binance,6582458486,4035600430,BTCUSDT,sell,68714.98000000,0.02039000,2026-08-19T16:17:47.996000+00:00
binance,6582458504,4035600431,BTCUSDT,sell,68714.97000000,0.00064000,2026-08-19T16:17:47.996000+00:00
binance,6582458512,4035600432,BTCUSDT,sell,68712.89000000,0.00016000,2026-08-19T16:17:47.996000+00:00
binance,6582458514,4035600433,BTCUSDT,sell,68712.69000000,0.00011000,2026-08-19T16:17:47.996000+00:00
binance,6582458515,4035600434,BTCUSDT,sell,68712.62000000,0.00024000,2026-08-19T16:17:47.996000+00:00
binance,6582458518,4035600435,BTCUSDT,sell,68712.61000000,0.05912000,2026-08-19T16:17:47.996000+00:00
binance,6582458521,4035600436,BTCUSDT,sell,68712.47000000,0.00016000,2026-08-19T16:17:47.996000+00:00
binance,6582458523,4035600437,BTCUSDT,sell,68712.06000000,0.00024000,2026-08-19T16:17:47.996000+00:00
binance,6582458526,4035600438,BTCUSDT,sell,68712.05000000,0.00040000,2026-08-19T16:17:48.132000+00:00
binance,6582458527,4035600439,BTCUSDT,sell,68712.05000000,0.00210000,2026-08-19T16:17:48.206000+00:00
binance,6582458552,4035600440,BTCUSDT,sell,68712.04000000,0.00056000,2026-08-19T16:17:48.206000+00:00
binance,6582458559,4035600441,BTCUSDT,sell,68711.84000000,0.00024000,2026-08-19T16:17:48.206000+00:00
binance,6582458562,4035600442,BTCUSDT,sell,68711.83000000,0.02919000,2026-08-19T16:17:48.206000+00:00
binance,6582458564,4035600443,BTCUSDT,sell,68711.82000000,0.00042000,2026-08-19T16:17:48.206000+00:00
binance,6582458565,4035600444,BTCUSDT,sell,68711.79000000,0.00008000,2026-08-19T16:17:48.206000+00:00
binance,6582458566,4035600445,BTCUSDT,sell,68711.42000000,0.00024000,2026-08-19T16:17:48.206000+00:00
binance,6582458569,4035600446,BTCUSDT,sell,68711.41000000,0.00032000,2026-08-19T16:17:48.206000+00:00
binance,6582458573,4035600447,BTCUSDT,sell,68711.40000000,0.02255000,2026-08-19T16:17:48.206000+00:00
binance,6582458575,4035600448,BTCUSDT,sell,68710.98000000,0.00016000,2026-08-19T16:17:48.206000+00:00
binance,6582458577,4035600449,BTCUSDT,sell,68710.27000000,0.00050000,2026-08-19T16:17:48.208000+00:00
binance,6582458582,4035600450,BTCUSDT,sell,68709.96000000,0.00250000,2026-08-19T16:17:48.208000+00:00
binance,6582458583,4035600451,BTCUSDT,sell,68709.83000000,0.00024000,2026-08-19T16:17:48.208000+00:00
binance,6582458586,4035600452,BTCUSDT,sell,68709.82000000,0.00008000,2026-08-19T16:17:48.208000+00:00
binance,6582458587,4035600453,BTCUSDT,sell,68709.67000000,0.00024000,2026-08-19T16:17:48.208000+00:00
binance,6582458590,4035600454,BTCUSDT,sell,68709.66000000,0.05854000,2026-08-19T16:17:48.208000+00:00
binance,6582458592,4035600455,BTCUSDT,sell,68709.27000000,0.00020000,2026-08-19T16:17:48.211000+00:00
binance,6582458595,4035600456,BTCUSDT,buy,68709.28000000,0.00019000,2026-08-19T16:17:48.212000+00:00
binance,6582458596,4035600457,BTCUSDT,sell,68709.27000000,0.00071000,2026-08-19T16:17:48.215000+00:00
binance,6582458605,4035600458,BTCUSDT,sell,68709.27000000,0.00002000,2026-08-19T16:17:48.215000+00:00
binance,6582458606,4035600459,BTCUSDT,sell,68709.26000000,0.00040000,2026-08-19T16:17:48.215000+00:00
binance,6582458611,4035600460,BTCUSDT,sell,68709.24000000,0.00073000,2026-08-19T16:17:48.216000+00:00
binance,6582458620,4035600461,BTCUSDT,sell,68708.56000000,0.00008000,2026-08-19T16:17:48.216000+00:00
binance,6582458621,4035600462,BTCUSDT,sell,68708.10000000,0.00016000,2026-08-19T16:17:48.216000+00:00
binance,6582458623,4035600463,BTCUSDT,sell,68706.92000000,0.00074000,2026-08-19T16:17:48.222000+00:00
binance,6582458632,4035600464,BTCUSDT,sell,68706.91000000,0.00016000,2026-08-19T16:17:48.222000+00:00
binance,6582458634,4035600465,BTCUSDT,sell,68706.87000000,0.01888000,2026-08-19T16:17:48.228000+00:00
binance,6582458648,4035600466,BTCUSDT,sell,68706.86000000,0.00064000,2026-08-19T16:17:48.228000+00:00
binance,6582458656,4035600467,BTCUSDT,sell,68706.53000000,0.00365000,2026-08-19T16:17:48.229000+00:00
binance,6582458658,4035600468,BTCUSDT,sell,68705.79000000,0.00117000,2026-08-19T16:17:48.236000+00:00
binance,6582458672,4035600469,BTCUSDT,sell,68705.78000000,0.00032000,2026-08-19T16:17:48.236000+00:00
binance,6582458676,4035600470,BTCUSDT,sell,68705.33000000,0.00008000,2026-08-19T16:17:48.236000+00:00
binance,6582458677,4035600471,BTCUSDT,sell,68705.28000000,0.00008000,2026-08-19T16:17:48.236000+00:00
binance,6582458678,4035600472,BTCUSDT,sell,68704.85000000,0.00008000,2026-08-19T16:17:48.236000+00:00
binance,6582458679,4035600473,BTCUSDT,sell,68704.52000000,0.00024000,2026-08-19T16:17:48.236000+00:00
binance,6582458682,4035600474,BTCUSDT,sell,68704.51000000,0.14614000,2026-08-19T16:17:48.236000+00:00
binance,6582458690,4035600475,BTCUSDT,sell,68703.85000000,0.00016000,2026-08-19T16:17:48.236000+00:00
binance,6582458692,4035600476,BTCUSDT,sell,68703.39000000,0.00024000,2026-08-19T16:17:48.236000+00:00
binance,6582458695,4035600477,BTCUSDT,sell,68703.38000000,0.00026000,2026-08-19T16:17:48.241000+00:00
binance,6582458698,4035600478,BTCUSDT,sell,68703.37000000,0.00008000,2026-08-19T16:17:48.241000+00:00
binance,6582458699,4035600479,BTCUSDT,sell,68703.34000000,0.00060000,2026-08-19T16:17:48.242000+00:00
binance,6582458706,4035600480,BTCUSDT,sell,68703.34000000,0.00137000,2026-08-19T16:17:48.268000+00:00
binance,6582458723,4035600481,BTCUSDT,sell,68703.33000000,0.00048000,2026-08-19T16:17:48.268000+00:00
binance,6582458729,4035600482,BTCUSDT,sell,68703.18000000,0.00026000,2026-08-19T16:17:48.268000+00:00
binance,6582458732,4035600483,BTCUSDT,sell,68702.70000000,0.00009000,2026-08-19T16:17:48.268000+00:00
binance,6582458733,4035600484,BTCUSDT,sell,68702.10000000,0.00008000,2026-08-19T16:17:48.268000+00:00
binance,6582458734,4035600485,BTCUSDT,sell,68701.91000000,0.00147000,2026-08-19T16:17:48.360000+00:00
binance,6582458752,4035600486,BTCUSDT,sell,68701.90000000,0.00056000,2026-08-19T16:17:48.360000+00:00
binance,6582458759,4035600487,BTCUSDT,sell,68701.43000000,0.00016000,2026-08-19T16:17:48.360000+00:00
binance,6582458761,4035600488,BTCUSDT,sell,68701.21000000,0.00100000,2026-08-19T16:17:48.360000+00:00
binance,6582458762,4035600489,BTCUSDT,sell,68700.95000000,0.00016000,2026-08-19T16:17:48.360000+00:00
binance,6582458764,4035600490,BTCUSDT,sell,68700.00000000,0.00901000,2026-08-19T16:17:48.360000+00:00
binance,6582458769,4035600491,BTCUSDT,sell,68699.99000000,0.10941000,2026-08-19T16:17:48.360000+00:00
binance,6582458773,4035600492,BTCUSDT,sell,68699.50000000,0.00024000,2026-08-19T16:17:48.360000+00:00
binance,6582458776,4035600493,BTCUSDT,sell,68699.49000000,0.05795000,2026-08-19T16:17:48.360000+00:00
binance,6582458780,4035600494,BTCUSDT,sell,68698.87000000,0.00008000,2026-08-19T16:17:48.360000+00:00
binance,6582458781,4035600495,BTCUSDT,sell,68698.00000000,0.00147000,2026-08-19T16:17:48.402000+00:00
binance,6582458799,4035600496,BTCUSDT,sell,68697.99000000,0.00178000,2026-08-19T16:17:48.417000+00:00
binance,6582458821,4035600497,BTCUSDT,sell,68697.98000000,0.00048000,2026-08-19T16:17:48.417000+00:00
binance,6582458827,4035600498,BTCUSDT,sell,68696.51000000,0.00032000,2026-08-19T16:17:48.417000+00:00
binance,6582458831,4035600499,BTCUSDT,sell,68696.42000000,0.00008000,2026-08-19T16:17:48.417000+00:00
binance,6582458832,4035600500,BTCUSDT,sell,68696.41000000,0.00018000,2026-08-19T16:17:48.417000+00:00
binance,6582458833,4035600501,BTCUSDT,sell,68696.16000000,0.00009000,2026-08-19T16:17:48.417000+00:00
binance,6582458834,4035600502,BTCUSDT,sell,68695.64000000,0.00008000,2026-08-19T16:17:48.417000+00:00
binance,6582458835,4035600503,BTCUSDT,sell,68695.56000000,0.00024000,2026-08-19T16:17:48.417000+00:00
binance,6582458838,4035600504,BTCUSDT,sell,68695.55000000,0.00138000,2026-08-19T16:17:48.423000+00:00
binance,6582458855,4035600505,BTCUSDT,sell,68695.54000000,0.00048000,2026-08-19T16:17:48.423000+00:00
binance,6582458861,4035600506,BTCUSDT,sell,68695.23000000,0.00008000,2026-08-19T16:17:48.423000+00:00
binance,6582458862,4035600507,BTCUSDT,sell,68694.56000000,0.00008000,2026-08-19T16:17:48.423000+00:00
binance,6582458863,4035600508,BTCUSDT,sell,68693.10000000,0.05702000,2026-08-19T16:17:48.423000+00:00
binance,6582458864,4035600509,BTCUSDT,sell,68692.41000000,0.00008000,2026-08-19T16:17:48.423000+00:00
binance,6582458865,4035600510,BTCUSDT,sell,68691.99000000,0.00011000,2026-08-19T16:17:48.423000+00:00
binance,6582458866,4035600511,BTCUSDT,sell,68691.95000000,0.00024000,2026-08-19T16:17:48.423000+00:00
binance,6582458869,4035600512,BTCUSDT,sell,68691.94000000,0.00008000,2026-08-19T16:17:48.423000+00:00
binance,6582458870,4035600513,BTCUSDT,sell,68691.14000000,0.00040000,2026-08-19T16:17:48.423000+00:00
binance,6582458875,4035600514,BTCUSDT,sell,68691.13000000,0.00041000,2026-08-19T16:17:48.423000+00:00
binance,6582458880,4035600515,BTCUSDT,sell,68690.40000000,0.00008000,2026-08-19T16:17:48.423000+00:00
binance,6582458881,4035600516,BTCUSDT,sell,68690.33000000,0.00008000,2026-08-19T16:17:48.423000+00:00
binance,6582458882,4035600517,BTCUSDT,sell,68690.05000000,0.00016000,2026-08-19T16:17:48.423000+00:00
binance,6582458884,4035600518,BTCUSDT,sell,68689.65000000,0.00009000,2026-08-19T16:17:48.423000+00:00
binance,6582458885,4035600519,BTCUSDT,sell,68689.62000000,0.00009000,2026-08-19T16:17:48.423000+00:00
binance,6582458886,4035600520,BTCUSDT,sell,68689.48000000,0.00018000,2026-08-19T16:17:48.423000+00:00
binance,6582458887,4035600521,BTCUSDT,sell,68689.40000000,0.00024000,2026-08-19T16:17:48.423000+00:00
binance,6582458890,4035600522,BTCUSDT,sell,68689.39000000,0.01872000,2026-08-19T16:17:48.423000+00:00
binance,6582458891,4035600523,BTCUSDT,sell,68689.39000000,0.00009000,2026-08-19T16:17:48.426000+00:00
binance,6582458893,4035600524,BTCUSDT,sell,68689.39000000,0.02346000,2026-08-19T16:17:48.601000+00:00
binance,6582458916,4035600525,BTCUSDT,sell,68689.38000000,0.00024000,2026-08-19T16:17:48.601000+00:00
binance,6582458919,4035600526,BTCUSDT,sell,68689.18000000,0.00017000,2026-08-19T16:17:48.601000+00:00
binance,6582458921,4035600527,BTCUSDT,sell,68688.26000000,0.00024000,2026-08-19T16:17:48.601000+00:00
binance,6582458924,4035600528,BTCUSDT,sell,68688.25000000,0.00461000,2026-08-19T16:17:48.601000+00:00
binance,6582458925,4035600529,BTCUSDT,sell,68688.25000000,0.01138000,2026-08-19T16:17:48.601000+00:00
binance,6582458927,4035600530,BTCUSDT,sell,68688.00000000,0.00008000,2026-08-19T16:17:48.601000+00:00
binance,6582458928,4035600531,BTCUSDT,sell,68687.97000000,0.00008000,2026-08-19T16:17:48.601000+00:00
binance,6582458929,4035600532,BTCUSDT,sell,68687.33000000,0.00008000,2026-08-19T16:17:48.601000+00:00
binance,6582458930,4035600533,BTCUSDT,sell,68686.57000000,0.00024000,2026-08-19T16:17:48.601000+00:00
binance,6582458933,4035600534,BTCUSDT,sell,68686.56000000,0.00016000,2026-08-19T16:17:48.601000+00:00
binance,6582458935,4035600535,BTCUSDT,sell,68686.33000000,0.00024000,2026-08-19T16:17:48.601000+00:00
binance,6582458938,4035600536,BTCUSDT,sell,68686.32000000,0.01146000,2026-08-19T16:17:48.601000+00:00
binance,6582458940,4035600537,BTCUSDT,sell,68685.98000000,0.00024000,2026-08-19T16:17:48.601000+00:00
binance,6582458943,4035600538,BTCUSDT,sell,68685.97000000,0.00008000,2026-08-19T16:17:48.601000+00:00
binance,6582458944,4035600539,BTCUSDT,sell,68685.95000000,0.00008000,2026-08-19T16:17:48.601000+00:00
binance,6582458945,4035600540,BTCUSDT,sell,68685.26000000,0.00009000,2026-08-19T16:17:48.601000+00:00
binance,6582458946,4035600541,BTCUSDT,sell,68685.01000000,0.00024000,2026-08-19T16:17:48.602000+00:00
binance,6582458949,4035600542,BTCUSDT,sell,68685.00000000,0.01503000,2026-08-19T16:17:48.602000+00:00
binance,6582458951,4035600543,BTCUSDT,sell,68684.83000000,0.00008000,2026-08-19T16:17:48.602000+00:00
binance,6582458952,4035600544,BTCUSDT,sell,68684.26000000,0.00009000,2026-08-19T16:17:48.602000+00:00
binance,6582458953,4035600545,BTCUSDT,sell,68684.25000000,0.00016000,2026-08-19T16:17:48.602000+00:00
binance,6582458955,4035600546,BTCUSDT,sell,68684.14000000,0.00024000,2026-08-19T16:17:48.602000+00:00
binance,6582458958,4035600547,BTCUSDT,sell,68684.13000000,0.02000000,2026-08-19T16:17:48.602000+00:00
binance,6582458959,4035600548,BTCUSDT,sell,68683.77000000,0.00030000,2026-08-19T16:17:48.602000+00:00
binance,6582458960,4035600549,BTCUSDT,sell,68683.08000000,0.00017000,2026-08-19T16:17:48.602000+00:00
binance,6582458962,4035600550,BTCUSDT,sell,68683.07000000,0.01195000,2026-08-19T16:17:48.602000+00:00
binance,6582458964,4035600551,BTCUSDT,sell,68682.93000000,0.00008000,2026-08-19T16:17:48.602000+00:00
binance,6582458965,4035600552,BTCUSDT,sell,68682.72000000,0.00017000,2026-08-19T16:17:48.602000+00:00
binance,6582458967,4035600553,BTCUSDT,sell,68682.55000000,0.00018000,2026-08-19T16:17:48.602000+00:00
binance,6582458968,4035600554,BTCUSDT,sell,68682.54000000,0.00008000,2026-08-19T16:17:48.602000+00:00
binance,6582458969,4035600555,BTCUSDT,sell,68682.52000000,0.32076000,2026-08-19T16:17:48.602000+00:00
binance,6582458972,4035600556,BTCUSDT,sell,68682.42000000,0.07282000,2026-08-19T16:17:48.602000+00:00
binance,6582458975,4035600557,BTCUSDT,sell,68682.20000000,0.00025000,2026-08-19T16:17:48.602000+00:00
binance,6582458976,4035600558,BTCUSDT,sell,68682.08000000,0.00008000,2026-08-19T16:17:48.602000+00:00
binance,6582458977,4035600559,BTCUSDT,sell,68682.00000000,0.00008000,2026-08-19T16:17:48.602000+00:00
binance,6582458978,4035600560,BTCUSDT,sell,68681.78000000,0.00153000,2026-08-19T16:17:48.602000+00:00
binance,6582458979,4035600561,BTCUSDT,sell,68681.57000000,0.00008000,2026-08-19T16:17:48.602000+00:00
binance,6582458980,4035600562,BTCUSDT,sell,68681.38000000,0.01622000,2026-08-19T16:17:48.602000+00:00
binance,6582458981,4035600563,BTCUSDT,sell,68681.30000000,0.00092000,2026-08-19T16:17:48.602000+00:00
binance,6582458982,4035600564,BTCUSDT,sell,68681.38000000,0.01747000,2026-08-19T16:17:48.604000+00:00
binance,6582458987,4035600565,BTCUSDT,sell,68681.38000000,0.02967000,2026-08-19T16:17:48.728000+00:00
binance,6582459008,4035600566,BTCUSDT,sell,68681.37000000,0.00008000,2026-08-19T16:17:48.728000+00:00
binance,6582459009,4035600567,BTCUSDT,sell,68681.30000000,0.00032000,2026-08-19T16:17:48.728000+00:00
binance,6582459013,4035600568,BTCUSDT,sell,68681.25000000,0.00016000,2026-08-19T16:17:48.728000+00:00
binance,6582459015,4035600569,BTCUSDT,sell,68680.83000000,0.00009000,2026-08-19T16:17:48.728000+00:00
binance,6582459016,4035600570,BTCUSDT,sell,68679.80000000,0.00250000,2026-08-19T16:17:48.728000+00:00
binance,6582459017,4035600571,BTCUSDT,sell,68679.49000000,0.00008000,2026-08-19T16:17:48.728000+00:00
binance,6582459018,4035600572,BTCUSDT,sell,68677.95000000,0.00024000,2026-08-19T16:17:48.728000+00:00
binance,6582459021,4035600573,BTCUSDT,sell,68677.94000000,0.01288000,2026-08-19T16:17:48.758000+00:00
binance,6582459036,4035600574,BTCUSDT,sell,68677.93000000,0.00008000,2026-08-19T16:17:48.758000+00:00
binance,6582459037,4035600575,BTCUSDT,sell,68677.39000000,0.00009000,2026-08-19T16:17:48.758000+00:00
binance,6582459038,4035600576,BTCUSDT,sell,68676.54000000,0.01250000,2026-08-19T16:17:48.770000+00:00
binance,6582459048,4035600577,BTCUSDT,sell,68676.54000000,0.00016000,2026-08-19T16:17:48.771000+00:00
binance,6582459050,4035600578,BTCUSDT,sell,68676.53000000,0.00004000,2026-08-19T16:17:48.771000+00:00
binance,6582459051,4035600579,BTCUSDT,sell,68676.53000000,0.00004000,2026-08-19T16:17:48.771000+00:00
binance,6582459052,4035600580,BTCUSDT,sell,68676.26000000,0.00016000,2026-08-19T16:17:48.771000+00:00
binance,6582459054,4035600581,BTCUSDT,sell,68676.26000000,0.00001000,2026-08-19T16:17:48.771000+00:00
binance,6582459055,4035600582,BTCUSDT,sell,68676.00000000,0.00008000,2026-08-19T16:17:48.771000+00:00
binance,6582459056,4035600583,BTCUSDT,sell,68675.99000000,0.00008000,2026-08-19T16:17:48.771000+00:00
binance,6582459057,4035600584,BTCUSDT,sell,68675.62000000,0.00003000,2026-08-19T16:17:48.771000+00:00
binance,6582459058,4035600585,BTCUSDT,sell,68675.62000000,0.00031000,2026-08-19T16:17:48.772000+00:00
binance,6582459061,4035600586,BTCUSDT,sell,68674.75000000,0.00008000,2026-08-19T16:17:48.772000+00:00
binance,6582459062,4035600587,BTCUSDT,sell,68674.52000000,0.00024000,2026-08-19T16:17:48.772000+00:00
binance,6582459065,4035600588,BTCUSDT,sell,68674.51000000,0.01640000,2026-08-19T16:17:48.772000+00:00
binance,6582453225,4035598589,BTCUSDT,buy,68692.85000000,0.00280000,2026-08-19T16:16:31.455000+00:00
binance,6582453226,4035598590,BTCUSDT,buy,68692.85000000,0.00011000,2026-08-19T16:16:31.489000+00:00
binance,6582453227,4035598591,BTCUSDT,sell,68692.84000000,0.00458000,2026-08-19T16:16:31.542000+00:00
binance,6582453228,4035598592,BTCUSDT,buy,68692.85000000,0.01328000,2026-08-19T16:16:31.743000+00:00
binance,6582453229,4035598593,BTCUSDT,sell,68692.84000000,0.00223000,2026-08-19T16:16:31.753000+00:00
binance,6582453230,4035598594,BTCUSDT,sell,68692.84000000,0.00034000,2026-08-19T16:16:31.828000+00:00
binance,6582453231,4035598595,BTCUSDT,sell,68692.84000000,0.00010000,2026-08-19T16:16:32.270000+00:00
binance,6582453232,4035598596,BTCUSDT,sell,68692.84000000,0.00016000,2026-08-19T16:16:33.304000+00:00
binance,6582453233,4035598597,BTCUSDT,buy,68692.85000000,0.00200000,2026-08-19T16:16:33.398000+00:00
binance,6582453234,4035598598,BTCUSDT,buy,68692.85000000,0.00100000,2026-08-19T16:16:33.680000+00:00
binance,6582453235,4035598599,BTCUSDT,sell,68692.84000000,0.15400000,2026-08-19T16:16:33.770000+00:00
binance,6582453254,4035598600,BTCUSDT,sell,68692.84000000,0.00029000,2026-08-19T16:16:34.152000+00:00
binance,6582453255,4035598601,BTCUSDT,sell,68692.84000000,0.00363000,2026-08-19T16:16:34.421000+00:00
binance,6582453258,4035598602,BTCUSDT,buy,68692.85000000,0.00482000,2026-08-19T16:16:34.749000+00:00
binance,6582453259,4035598603,BTCUSDT,sell,68692.84000000,0.03065000,2026-08-19T16:16:34.899000+00:00
binance,6582453262,4035598604,BTCUSDT,sell,68692.84000000,0.00070000,2026-08-19T16:16:34.953000+00:00
binance,6582453263,4035598605,BTCUSDT,sell,68692.84000000,0.00009000,2026-08-19T16:16:35.050000+00:00
binance,6582453264,4035598606,BTCUSDT,sell,68692.84000000,0.00010000,2026-08-19T16:16:35.098000+00:00
binance,6582453265,4035598607,BTCUSDT,sell,68692.84000000,0.14347000,2026-08-19T16:16:35.262000+00:00
binance,6582453267,4035598608,BTCUSDT,sell,68692.84000000,0.00220000,2026-08-19T16:16:35.291000+00:00
binance,6582453272,4035598609,BTCUSDT,sell,68692.84000000,0.12600000,2026-08-19T16:16:35.646000+00:00
binance,6582453273,4035598610,BTCUSDT,sell,68692.84000000,0.37942000,2026-08-19T16:16:35.648000+00:00
binance,6582453284,4035598611,BTCUSDT,sell,68692.84000000,0.00860000,2026-08-19T16:16:35.648000+00:00
binance,6582453287,4035598612,BTCUSDT,sell,68692.84000000,0.01457000,2026-08-19T16:16:35.649000+00:00
binance,6582453311,4035598613,BTCUSDT,sell,68692.83000000,0.00072000,2026-08-19T16:16:35.649000+00:00
binance,6582453320,4035598614,BTCUSDT,sell,68692.41000000,0.00008000,2026-08-19T16:16:35.649000+00:00
binance,6582453321,4035598615,BTCUSDT,sell,68691.69000000,0.00075000,2026-08-19T16:16:35.654000+00:00
binance,6582453330,4035598616,BTCUSDT,sell,68691.68000000,0.00016000,2026-08-19T16:16:35.654000+00:00
binance,6582453332,4035598617,BTCUSDT,sell,68691.10000000,0.00016000,2026-08-19T16:16:35.654000+00:00
binance,6582453334,4035598618,BTCUSDT,sell,68690.84000000,0.00024000,2026-08-19T16:16:35.654000+00:00
binance,6582453337,4035598619,BTCUSDT,sell,68690.83000000,0.00058000,2026-08-19T16:16:35.656000+00:00
binance,6582453344,4035598620,BTCUSDT,sell,68690.65000000,0.00024000,2026-08-19T16:16:35.656000+00:00
binance,6582453347,4035598621,BTCUSDT,sell,68690.64000000,0.00082000,2026-08-19T16:16:35.659000+00:00
binance,6582453357,4035598622,BTCUSDT,sell,68690.48000000,0.00024000,2026-08-19T16:16:35.659000+00:00
binance,6582453360,4035598623,BTCUSDT,sell,68690.47000000,0.00024000,2026-08-19T16:16:35.659000+00:00
binance,6582453363,4035598624,BTCUSDT,sell,68690.46000000,0.00008000,2026-08-19T16:16:35.659000+00:00
binance,6582453364,4035598625,BTCUSDT,sell,68690.03000000,0.00008000,2026-08-19T16:16:35.659000+00:00
binance,6582453365,4035598626,BTCUSDT,sell,68689.69000000,0.00032000,2026-08-19T16:16:35.659000+00:00
binance,6582453369,4035598627,BTCUSDT,sell,68689.68000000,0.00120000,2026-08-19T16:16:35.670000+00:00
binance,6582453384,4035598628,BTCUSDT,sell,68689.68000000,0.00002000,2026-08-19T16:16:35.670000+00:00
binance,6582453385,4035598629,BTCUSDT,sell,68689.67000000,0.00048000,2026-08-19T16:16:35.670000+00:00
binance,6582453391,4035598630,BTCUSDT,sell,68689.18000000,0.00008000,2026-08-19T16:16:35.671000+00:00
binance,6582453392,4035598631,BTCUSDT,sell,68688.99000000,0.00022000,2026-08-19T16:16:35.671000+00:00
binance,6582453395,4035598632,BTCUSDT,sell,68688.99000000,0.00052000,2026-08-19T16:16:35.674000+00:00
binance,6582453402,4035598633,BTCUSDT,sell,68688.98000000,0.00008000,2026-08-19T16:16:35.674000+00:00
binance,6582453403,4035598634,BTCUSDT,sell,68688.02000000,0.00024000,2026-08-19T16:16:35.674000+00:00
binance,6582453406,4035598635,BTCUSDT,sell,68687.36000000,0.00042000,2026-08-19T16:16:35.676000+00:00
binance,6582453411,4035598636,BTCUSDT,sell,68687.35000000,0.00048000,2026-08-19T16:16:35.676000+00:00
binance,6582453417,4035598637,BTCUSDT,sell,68687.04000000,0.00008000,2026-08-19T16:16:35.676000+00:00
binance,6582453418,4035598638,BTCUSDT,sell,68686.62000000,0.00040000,2026-08-19T16:16:35.679000+00:00
binance,6582453423,4035598639,BTCUSDT,buy,68686.62000000,0.00100000,2026-08-19T16:16:35.680000+00:00
binance,6582453424,4035598640,BTCUSDT,sell,68686.61000000,0.00082000,2026-08-19T16:16:35.684000+00:00
binance,6582453434,4035598641,BTCUSDT,sell,68686.60000000,0.00024000,2026-08-19T16:16:35.684000+00:00
binance,6582453437,4035598642,BTCUSDT,sell,68686.24000000,0.00024000,2026-08-19T16:16:35.684000+00:00
binance,6582453440,4035598643,BTCUSDT,buy,68686.02000000,0.00071000,2026-08-19T16:16:35.715000+00:00
binance,6582453441,4035598644,BTCUSDT,sell,68686.01000000,0.00139000,2026-08-19T16:16:35.737000+00:00
binance,6582453457,4035598645,BTCUSDT,sell,68686.00000000,0.00040000,2026-08-19T16:16:35.737000+00:00
binance,6582453462,4035598646,BTCUSDT,sell,68685.36000000,0.00016000,2026-08-19T16:16:35.737000+00:00
binance,6582453464,4035598647,BTCUSDT,buy,68685.18000000,0.00025000,2026-08-19T16:16:35.759000+00:00
binance,6582453465,4035598648,BTCUSDT,buy,68685.18000000,0.01000000,2026-08-19T16:16:36.094000+00:00
binance,6582453467,4035598649,BTCUSDT,buy,68685.18000000,0.04000000,2026-08-19T16:16:36.094000+00:00
binance,6582453468,4035598650,BTCUSDT,buy,68685.18000000,0.02000000,2026-08-19T16:16:36.094000+00:00
binance,6582453472,4035598651,BTCUSDT,buy,68685.18000000,0.00010000,2026-08-19T16:16:36.097000+00:00
binance,6582453474,4035598652,BTCUSDT,buy,68685.18000000,0.00786000,2026-08-19T16:16:36.132000+00:00
binance,6582453475,4035598653,BTCUSDT,buy,68685.18000000,0.00263000,2026-08-19T16:16:36.148000+00:00
binance,6582453496,4035598654,BTCUSDT,buy,68685.19000000,0.00024000,2026-08-19T16:16:36.148000+00:00
binance,6582453499,4035598655,BTCUSDT,buy,68685.95000000,0.00008000,2026-08-19T16:16:36.148000+00:00
binance,6582453500,4035598656,BTCUSDT,buy,68686.02000000,0.00040000,2026-08-19T16:16:36.148000+00:00
binance,6582453505,4035598657,BTCUSDT,buy,68686.24000000,0.00016000,2026-08-19T16:16:36.148000+00:00
binance,6582453507,4035598658,BTCUSDT,buy,68686.61000000,0.00016000,2026-08-19T16:16:36.148000+00:00
binance,6582453509,4035598659,BTCUSDT,buy,68686.62000000,0.00040000,2026-08-19T16:16:36.148000+00:00
binance,6582453514,4035598660,BTCUSDT,sell,68686.62000000,0.03150000,2026-08-19T16:16:36.149000+00:00
binance,6582453515,4035598661,BTCUSDT,sell,68686.62000000,0.00546000,2026-08-19T16:16:36.284000+00:00
binance,6582453516,4035598662,BTCUSDT,sell,68686.62000000,0.00096000,2026-08-19T16:16:36.411000+00:00
binance,6582453517,4035598663,BTCUSDT,sell,68686.62000000,0.00287000,2026-08-19T16:16:36.712000+00:00
binance,6582453518,4035598664,BTCUSDT,buy,68686.63000000,0.04261000,2026-08-19T16:16:36.943000+00:00
binance,6582453532,4035598665,BTCUSDT,buy,68686.63000000,0.00010000,2026-08-19T16:16:36.997000+00:00
binance,6582453534,4035598666,BTCUSDT,buy,68686.63000000,0.00860000,2026-08-19T16:16:36.998000+00:00
binance,6582453535,4035598667,BTCUSDT,buy,68686.63000000,0.06575000,2026-08-19T16:16:36.999000+00:00
binance,6582453554,4035598668,BTCUSDT,buy,68686.64000000,0.00032000,2026-08-19T16:16:36.999000+00:00
binance,6582453558,4035598669,BTCUSDT,buy,68687.37000000,0.00056000,2026-08-19T16:16:36.999000+00:00
binance,6582453565,4035598670,BTCUSDT,buy,68687.53000000,0.00010000,2026-08-19T16:16:36.999000+00:00
binance,6582453567,4035598671,BTCUSDT,buy,68687.53000000,0.00006000,2026-08-19T16:16:36.999000+00:00
binance,6582453568,4035598672,BTCUSDT,buy,68687.99000000,0.00008000,2026-08-19T16:16:36.999000+00:00
binance,6582453569,4035598673,BTCUSDT,buy,68688.22000000,0.00024000,2026-08-19T16:16:36.999000+00:00
binance,6582453572,4035598674,BTCUSDT,buy,68688.23000000,0.12258000,2026-08-19T16:16:36.999000+00:00
binance,6582453574,4035598675,BTCUSDT,buy,68689.00000000,0.00056000,2026-08-19T16:16:37.002000+00:00
binance,6582453581,4035598676,BTCUSDT,buy,68689.06000000,0.00024000,2026-08-19T16:16:37.002000+00:00
binance,6582453584,4035598677,BTCUSDT,buy,68689.07000000,0.05742000,2026-08-19T16:16:37.002000+00:00
binance,6582453586,4035598678,BTCUSDT,buy,68689.18000000,0.00008000,2026-08-19T16:16:37.002000+00:00
binance,6582453587,4035598679,BTCUSDT,buy,68689.19000000,0.00016000,2026-08-19T16:16:37.002000+00:00
binance,6582453589,4035598680,BTCUSDT,buy,68689.42000000,0.00016000,2026-08-19T16:16:37.004000+00:00
binance,6582453591,4035598681,BTCUSDT,buy,68689.52000000,0.00016000,2026-08-19T16:16:37.004000+00:00
binance,6582453593,4035598682,BTCUSDT,buy,68689.69000000,0.00016000,2026-08-19T16:16:37.004000+00:00
binance,6582453595,4035598683,BTCUSDT,buy,68690.65000000,0.00016000,2026-08-19T16:16:37.004000+00:00
binance,6582453597,4035598684,BTCUSDT,buy,68690.84000000,0.00040000,2026-08-19T16:16:37.004000+00:00
binance,6582453602,4035598685,BTCUSDT,buy,68691.70000000,0.00032000,2026-08-19T16:16:37.004000+00:00
binance,6582453606,4035598686,BTCUSDT,buy,68692.01000000,0.00016000,2026-08-19T16:16:37.004000+00:00
binance,6582453608,4035598687,BTCUSDT,buy,68692.04000000,0.00024000,2026-08-19T16:16:37.004000+00:00
binance,6582453611,4035598688,BTCUSDT,buy,68692.05000000,0.00024000,2026-08-19T16:16:37.004000+00:00
binance,6582453614,4035598689,BTCUSDT,buy,68692.41000000,0.00017000,2026-08-19T16:16:37.004000+00:00
binance,6582453616,4035598690,BTCUSDT,buy,68692.85000000,0.00337000,2026-08-19T16:16:37.004000+00:00
binance,6582453620,4035598691,BTCUSDT,buy,68692.89000000,0.00009000,2026-08-19T16:16:37.004000+00:00
binance,6582453621,4035598692,BTCUSDT,buy,68693.13000000,0.00024000,2026-08-19T16:16:37.004000+00:00
binance,6582453624,4035598693,BTCUSDT,buy,68693.14000000,0.00008000,2026-08-19T16:16:37.004000+00:00
binance,6582453625,4035598694,BTCUSDT,buy,68693.75000000,0.00008000,2026-08-19T16:16:37.004000+00:00
binance,6582453626,4035598695,BTCUSDT,buy,68694.00000000,0.00008000,2026-08-19T16:16:37.004000+00:00
binance,6582453627,4035598696,BTCUSDT,buy,68694.38000000,0.00069000,2026-08-19T16:16:37.004000+00:00
binance,6582453628,4035598697,BTCUSDT,buy,68694.54000000,0.00525000,2026-08-19T16:16:37.004000+00:00
binance,6582453630,4035598698,BTCUSDT,buy,68694.55000000,0.00008000,2026-08-19T16:16:37.004000+00:00
binance,6582453631,4035598699,BTCUSDT,buy,68694.61000000,0.00011000,2026-08-19T16:16:37.004000+00:00
binance,6582453632,4035598700,BTCUSDT,buy,68694.78000000,0.00016000,2026-08-19T16:16:37.004000+00:00
binance,6582453634,4035598701,BTCUSDT,buy,68694.92000000,0.00021000,2026-08-19T16:16:37.004000+00:00
binance,6582453635,4035598702,BTCUSDT,buy,68695.11000000,0.00048000,2026-08-19T16:16:37.004000+00:00
binance,6582453636,4035598703,BTCUSDT,buy,68695.22000000,0.00008000,2026-08-19T16:16:37.004000+00:00
binance,6582453637,4035598704,BTCUSDT,sell,68694.53000000,0.02314000,2026-08-19T16:16:37.005000+00:00
binance,6582453638,4035598705,BTCUSDT,sell,68693.13000000,0.00082000,2026-08-19T16:16:37.005000+00:00
binance,6582453639,4035598706,BTCUSDT,buy,68695.64000000,0.00033000,2026-08-19T16:16:37.018000+00:00
binance,6582453643,4035598707,BTCUSDT,buy,68695.80000000,0.00024000,2026-08-19T16:16:37.018000+00:00
binance,6582453646,4035598708,BTCUSDT,buy,68695.81000000,0.00032000,2026-08-19T16:16:37.018000+00:00
binance,6582453650,4035598709,BTCUSDT,buy,68695.82000000,0.01711000,2026-08-19T16:16:37.018000+00:00
binance,6582453651,4035598710,BTCUSDT,sell,68695.81000000,0.01796000,2026-08-19T16:16:37.018000+00:00
binance,6582453652,4035598711,BTCUSDT,buy,68695.82000000,0.01100000,2026-08-19T16:16:37.022000+00:00
binance,6582453653,4035598712,BTCUSDT,buy,68695.82000000,0.00644000,2026-08-19T16:16:37.023000+00:00
binance,6582453654,4035598713,BTCUSDT,buy,68695.82000000,0.19530000,2026-08-19T16:16:37.024000+00:00
binance,6582453663,4035598714,BTCUSDT,buy,68695.94000000,0.00008000,2026-08-19T16:16:37.024000+00:00
binance,6582453664,4035598715,BTCUSDT,buy,68695.98000000,0.00492000,2026-08-19T16:16:37.024000+00:00
binance,6582453665,4035598716,BTCUSDT,buy,68696.16000000,0.00009000,2026-08-19T16:16:37.024000+00:00
binance,6582453666,4035598717,BTCUSDT,buy,68696.41000000,0.00018000,2026-08-19T16:16:37.024000+00:00
binance,6582453667,4035598718,BTCUSDT,buy,68696.69000000,0.00735000,2026-08-19T16:16:37.024000+00:00
binance,6582453669,4035598719,BTCUSDT,buy,68697.07000000,0.00024000,2026-08-19T16:16:37.024000+00:00
binance,6582453672,4035598720,BTCUSDT,buy,68697.08000000,0.00900000,2026-08-19T16:16:37.025000+00:00
binance,6582453673,4035598721,BTCUSDT,sell,68697.07000000,0.01448000,2026-08-19T16:16:37.028000+00:00
binance,6582453674,4035598722,BTCUSDT,buy,68697.08000000,0.00300000,2026-08-19T16:16:37.028000+00:00
binance,6582453675,4035598723,BTCUSDT,sell,68697.07000000,0.00030000,2026-08-19T16:16:37.264000+00:00
binance,6582453676,4035598724,BTCUSDT,sell,68697.07000000,0.01456000,2026-08-19T16:16:37.633000+00:00
binance,6582453677,4035598725,BTCUSDT,sell,68697.07000000,0.00186000,2026-08-19T16:16:37.670000+00:00
binance,6582453678,4035598726,BTCUSDT,buy,68697.08000000,0.00707000,2026-08-19T16:16:37.792000+00:00
binance,6582453682,4035598727,BTCUSDT,buy,68697.08000000,0.00028000,2026-08-19T16:16:37.850000+00:00
binance,6582453683,4035598728,BTCUSDT,sell,68697.07000000,0.05816000,2026-08-19T16:16:37.868000+00:00
binance,6582453684,4035598729,BTCUSDT,sell,68697.07000000,0.00010000,2026-08-19T16:16:38.071000+00:00
binance,6582453685,4035598730,BTCUSDT,sell,68697.07000000,0.00554000,2026-08-19T16:16:38.104000+00:00
binance,6582453686,4035598731,BTCUSDT,sell,68697.07000000,0.01496000,2026-08-19T16:16:38.453000+00:00
binance,6582453687,4035598732,BTCUSDT,sell,68697.07000000,0.00065000,2026-08-19T16:16:38.457000+00:00
binance,6582453688,4035598733,BTCUSDT,sell,68697.07000000,0.00030000,2026-08-19T16:16:38.717000+00:00
binance,6582453689,4035598734,BTCUSDT,sell,68697.07000000,0.00022000,2026-08-19T16:16:38.923000+00:00
binance,6582453690,4035598735,BTCUSDT,sell,68697.07000000,0.00088000,2026-08-19T16:16:39.078000+00:00
binance,6582453691,4035598736,BTCUSDT,sell,68697.07000000,0.00010000,2026-08-19T16:16:39.281000+00:00
binance,6582453692,4035598737,BTCUSDT,buy,68697.08000000,0.02913000,2026-08-19T16:16:39.366000+00:00
binance,6582453693,4035598738,BTCUSDT,sell,68697.07000000,0.01839000,2026-08-19T16:16:39.591000+00:00
binance,6582453694,4035598739,BTCUSDT,buy,68697.08000000,0.25208000,2026-08-19T16:16:39.618000+00:00
binance,6582453713,4035598740,BTCUSDT,buy,68697.08000000,0.00014000,2026-08-19T16:16:40.041000+00:00
binance,6582453714,4035598741,BTCUSDT,buy,68697.08000000,0.00073000,2026-08-19T16:16:40.111000+00:00
binance,6582453715,4035598742,BTCUSDT,buy,68697.08000000,0.00130000,2026-08-19T16:16:40.694000+00:00
binance,6582453717,4035598743,BTCUSDT,buy,68697.08000000,0.00026000,2026-08-19T16:16:41.051000+00:00
binance,6582453718,4035598744,BTCUSDT,sell,68697.07000000,0.00328000,2026-08-19T16:16:41.150000+00:00
binance,6582453719,4035598745,BTCUSDT,sell,68697.07000000,0.14557000,2026-08-19T16:16:41.566000+00:00
binance,6582453721,4035598746,BTCUSDT,sell,68697.07000000,0.00010000,2026-08-19T16:16:41.568000+00:00
binance,6582453722,4035598747,BTCUSDT,sell,68697.07000000,0.05916000,2026-08-19T16:16:41.719000+00:00
binance,6582453732,4035598748,BTCUSDT,sell,68697.07000000,0.02654000,2026-08-19T16:16:41.787000+00:00
binance,6582453733,4035598749,BTCUSDT,sell,68697.07000000,0.00011000,2026-08-19T16:16:41.885000+00:00
binance,6582453734,4035598750,BTCUSDT,sell,68697.07000000,0.01481000,2026-08-19T16:16:41.913000+00:00
binance,6582453735,4035598751,BTCUSDT,buy,68697.08000000,0.00596000,2026-08-19T16:16:42.044000+00:00
binance,6582453736,4035598752,BTCUSDT,sell,68697.07000000,0.00121000,2026-08-19T16:16:42.345000+00:00
binance,6582453737,4035598753,BTCUSDT,sell,68697.07000000,0.00008000,2026-08-19T16:16:42.514000+00:00
binance,6582453738,4035598754,BTCUSDT,sell,68697.07000000,0.00040000,2026-08-19T16:16:42.639000+00:00
binance,6582453739,4035598755,BTCUSDT,sell,68697.07000000,0.00010000,2026-08-19T16:16:42.825000+00:00
binance,6582453740,4035598756,BTCUSDT,sell,68697.07000000,0.00018000,2026-08-19T16:16:42.826000+00:00
binance,6582453741,4035598757,BTCUSDT,buy,68697.08000000,0.01455000,2026-08-19T16:16:42.980000+00:00
binance,6582453742,4035598758,BTCUSDT,buy,68697.08000000,0.00280000,2026-08-19T16:16:42.998000+00:00
binance,6582453743,4035598759,BTCUSDT,sell,68697.07000000,0.00249000,2026-08-19T16:16:43.021000+00:00
binance,6582453744,4035598760,BTCUSDT,sell,68697.07000000,0.00053000,2026-08-19T16:16:43.271000+00:00
binance,6582453745,4035598761,BTCUSDT,sell,68697.07000000,0.00344000,2026-08-19T16:16:43.372000+00:00
binance,6582453746,4035598762,BTCUSDT,sell,68697.07000000,0.33897000,2026-08-19T16:16:43.521000+00:00
binance,6582453782,4035598763,BTCUSDT,sell,68697.06000000,0.00023000,2026-08-19T16:16:43.521000+00:00
binance,6582453785,4035598764,BTCUSDT,sell,68697.06000000,0.00065000,2026-08-19T16:16:43.522000+00:00
binance,6582453794,4035598765,BTCUSDT,sell,68695.81000000,0.00040000,2026-08-19T16:16:43.522000+00:00
binance,6582453799,4035598766,BTCUSDT,sell,68695.80000000,0.00016000,2026-08-19T16:16:43.522000+00:00
binance,6582453801,4035598767,BTCUSDT,sell,68695.64000000,0.00008000,2026-08-19T16:16:43.522000+00:00
binance,6582453802,4035598768,BTCUSDT,sell,68695.63000000,0.00055000,2026-08-19T16:16:43.522000+00:00
binance,6582453808,4035598769,BTCUSDT,sell,68695.52000000,0.00008000,2026-08-19T16:16:43.522000+00:00
binance,6582453809,4035598770,BTCUSDT,sell,68695.22000000,0.00040000,2026-08-19T16:16:43.522000+00:00
binance,6582453814,4035598771,BTCUSDT,sell,68694.77000000,0.00872000,2026-08-19T16:16:43.522000+00:00
binance,6582453819,4035598772,BTCUSDT,sell,68694.76000000,0.05816000,2026-08-19T16:16:43.522000+00:00
binance,6582453820,4035598773,BTCUSDT,sell,68694.76000000,0.00060000,2026-08-19T16:16:43.524000+00:00
binance,6582453821,4035598774,BTCUSDT,sell,68694.76000000,0.00292000,2026-08-19T16:16:43.525000+00:00
binance,6582453839,4035598775,BTCUSDT,sell,68694.75000000,0.00032000,2026-08-19T16:16:43.525000+00:00
binance,6582453843,4035598776,BTCUSDT,sell,68694.72000000,0.00674000,2026-08-19T16:16:43.525000+00:00
binance,6582453844,4035598777,BTCUSDT,sell,68694.76000000,0.03220000,2026-08-19T16:16:43.525000+00:00
binance,6582453846,4035598778,BTCUSDT,sell,68694.76000000,0.00020000,2026-08-19T16:16:43.526000+00:00
binance,6582453847,4035598779,BTCUSDT,sell,68694.76000000,0.00099000,2026-08-19T16:16:43.527000+00:00
binance,6582453859,4035598780,BTCUSDT,sell,68694.76000000,0.00025000,2026-08-19T16:16:43.528000+00:00
binance,6582453862,4035598781,BTCUSDT,sell,68694.75000000,0.00056000,2026-08-19T16:16:43.528000+00:00
binance,6582453869,4035598782,BTCUSDT,sell,68694.73000000,0.00024000,2026-08-19T16:16:43.528000+00:00
binance,6582453872,4035598783,BTCUSDT,sell,68694.72000000,0.00040000,2026-08-19T16:16:43.528000+00:00
binance,6582453877,4035598784,BTCUSDT,sell,68694.72000000,0.00008000,2026-08-19T16:16:43.529000+00:00
binance,6582453878,4035598785,BTCUSDT,sell,68694.71000000,0.00032000,2026-08-19T16:16:43.529000+00:00
binance,6582453882,4035598786,BTCUSDT,sell,68694.63000000,0.00032000,2026-08-19T16:16:43.529000+00:00
binance,6582453886,4035598787,BTCUSDT,sell,68694.54000000,0.00016000,2026-08-19T16:16:43.529000+00:00
binance,6582453888,4035598788,BTCUSDT,sell,68694.15000000,0.00008000,2026-08-19T16:16:43.529000+00:00
binance,6582453889,4035598789,BTCUSDT,sell,68693.78000000,0.00016000,2026-08-19T16:16:43.529000+00:00
binance,6582453891,4035598790,BTCUSDT,sell,68693.77000000,0.00016000,2026-08-19T16:16:43.529000+00:00
binance,6582453893,4035598791,BTCUSDT,sell,68693.23000000,0.00024000,2026-08-19T16:16:43.529000+00:00
binance,6582453896,4035598792,BTCUSDT,sell,68693.22000000,0.00008000,2026-08-19T16:16:43.529000+00:00
binance,6582453897,4035598793,BTCUSDT,sell,68693.13000000,0.00072000,2026-08-19T16:16:43.529000+00:00
binance,6582453906,4035598794,BTCUSDT,sell,68692.85000000,0.00023000,2026-08-19T16:16:43.593000+00:00
binance,6582453908,4035598795,BTCUSDT,sell,68692.85000000,0.00860000,2026-08-19T16:16:43.725000+00:00
binance,6582453912,4035598796,BTCUSDT,sell,68692.85000000,0.09997000,2026-08-19T16:16:43.726000+00:00
binance,6582453938,4035598797,BTCUSDT,sell,68692.84000000,0.02973000,2026-08-19T16:16:43.726000+00:00
binance,6582453939,4035598798,BTCUSDT,sell,68692.84000000,0.00065000,2026-08-19T16:16:43.728000+00:00
binance,6582453948,4035598799,BTCUSDT,sell,68692.41000000,0.00008000,2026-08-19T16:16:43.728000+00:00
binance,6582453949,4035598800,BTCUSDT,sell,68692.04000000,0.00040000,2026-08-19T16:16:43.728000+00:00
binance,6582453954,4035598801,BTCUSDT,sell,68690.55000000,0.00016000,2026-08-19T16:16:43.728000+00:00
binance,6582453956,4035598802,BTCUSDT,sell,68690.54000000,0.00016000,2026-08-19T16:16:43.728000+00:00
binance,6582453958,4035598803,BTCUSDT,sell,68690.51000000,0.00024000,2026-08-19T16:16:43.728000+00:00
binance,6582453961,4035598804,BTCUSDT,sell,68690.50000000,0.02046000,2026-08-19T16:16:43.734000+00:00
binance,6582453980,4035598805,BTCUSDT,sell,68690.49000000,0.00024000,2026-08-19T16:16:43.734000+00:00
binance,6582453983,4035598806,BTCUSDT,sell,68690.37000000,0.00024000,2026-08-19T16:16:43.734000+00:00
binance,6582453986,4035598807,BTCUSDT,sell,68690.36000000,0.00010000,2026-08-19T16:16:43.737000+00:00
binance,6582453988,4035598808,BTCUSDT,sell,68690.36000000,0.01996000,2026-08-19T16:16:43.739000+00:00
binance,6582454001,4035598809,BTCUSDT,sell,68690.35000000,0.00032000,2026-08-19T16:16:43.739000+00:00
binance,6582454005,4035598810,BTCUSDT,sell,68690.20000000,0.00032000,2026-08-19T16:16:43.739000+00:00
binance,6582454009,4035598811,BTCUSDT,sell,68690.03000000,0.00008000,2026-08-19T16:16:43.739000+00:00
binance,6582454010,4035598812,BTCUSDT,sell,68689.48000000,0.00018000,2026-08-19T16:16:43.739000+00:00
binance,6582454011,4035598813,BTCUSDT,sell,68689.41000000,0.00008000,2026-08-19T16:16:43.739000+00:00
binance,6582454012,4035598814,BTCUSDT,sell,68689.18000000,0.00008000,2026-08-19T16:16:43.739000+00:00
binance,6582454013,4035598815,BTCUSDT,sell,68688.57000000,0.00016000,2026-08-19T16:16:43.741000+00:00
binance,6582454014,4035598816,BTCUSDT,buy,68688.58000000,0.00083000,2026-08-19T16:16:44.052000+00:00
binance,6582454015,4035598817,BTCUSDT,buy,68688.58000000,0.00700000,2026-08-19T16:16:44.175000+00:00
binance,6582454016,4035598818,BTCUSDT,sell,68688.57000000,0.00073000,2026-08-19T16:16:44.217000+00:00
binance,6582454017,4035598819,BTCUSDT,sell,68688.57000000,0.00077000,2026-08-19T16:16:44.223000+00:00
binance,6582454018,4035598820,BTCUSDT,buy,68688.58000000,0.00700000,2026-08-19T16:16:44.406000+00:00
binance,6582454019,4035598821,BTCUSDT,sell,68688.57000000,0.00010000,2026-08-19T16:16:44.622000+00:00
binance,6582454021,4035598822,BTCUSDT,sell,68688.57000000,0.03033000,2026-08-19T16:16:44.622000+00:00
binance,6582454046,4035598823,BTCUSDT,sell,68688.56000000,0.00064000,2026-08-19T16:16:44.622000+00:00
binance,6582454054,4035598824,BTCUSDT,sell,68686.23000000,0.00024000,2026-08-19T16:16:44.623000+00:00
binance,6582454057,4035598825,BTCUSDT,sell,68686.22000000,0.05969000,2026-08-19T16:16:44.623000+00:00
binance,6582454059,4035598826,BTCUSDT,sell,68685.95000000,0.00017000,2026-08-19T16:16:44.623000+00:00
binance,6582454061,4035598827,BTCUSDT,sell,68685.79000000,0.00016000,2026-08-19T16:16:44.624000+00:00
binance,6582454063,4035598828,BTCUSDT,sell,68685.09000000,0.00011000,2026-08-19T16:16:44.624000+00:00
binance,6582454064,4035598829,BTCUSDT,sell,68684.26000000,0.00008000,2026-08-19T16:16:44.624000+00:00
binance,6582454065,4035598830,BTCUSDT,sell,68683.68000000,0.00024000,2026-08-19T16:16:44.624000+00:00
binance,6582454068,4035598831,BTCUSDT,sell,68683.67000000,0.00024000,2026-08-19T16:16:44.624000+00:00
binance,6582454071,4035598832,BTCUSDT,sell,68683.36000000,0.00048000,2026-08-19T16:16:44.624000+00:00
binance,6582454072,4035598833,BTCUSDT,sell,68683.33000000,0.00016000,2026-08-19T16:16:44.624000+00:00
binance,6582454074,4035598834,BTCUSDT,sell,68683.08000000,0.00009000,2026-08-19T16:16:44.624000+00:00
binance,6582454075,4035598835,BTCUSDT,sell,68683.06000000,0.00291000,2026-08-19T16:16:44.624000+00:00
binance,6582454076,4035598836,BTCUSDT,sell,68682.72000000,0.00017000,2026-08-19T16:16:44.624000+00:00
binance,6582454078,4035598837,BTCUSDT,sell,68682.68000000,0.00008000,2026-08-19T16:16:44.624000+00:00
binance,6582454079,4035598838,BTCUSDT,sell,68682.59000000,0.00024000,2026-08-19T16:16:44.624000+00:00
binance,6582454082,4035598839,BTCUSDT,sell,68682.58000000,0.00117000,2026-08-19T16:16:44.624000+00:00
binance,6582454089,4035598840,BTCUSDT,sell,68682.56000000,0.00024000,2026-08-19T16:16:44.624000+00:00
binance,6582454092,4035598841,BTCUSDT,sell,68682.55000000,0.06864000,2026-08-19T16:16:44.624000+00:00
binance,6582454097,4035598842,BTCUSDT,sell,68682.54000000,0.00008000,2026-08-19T16:16:44.624000+00:00
binance,6582454098,4035598843,BTCUSDT,sell,68682.46000000,0.00008000,2026-08-19T16:16:44.624000+00:00
binance,6582454099,4035598844,BTCUSDT,sell,68682.45000000,0.04375000,2026-08-19T16:16:44.624000+00:00
binance,6582454101,4035598845,BTCUSDT,sell,68682.44000000,0.00008000,2026-08-19T16:16:44.624000+00:00
binance,6582454102,4035598846,BTCUSDT,sell,68682.43000000,0.02628000,2026-08-19T16:16:44.624000+00:00
binance,6582454104,4035598847,BTCUSDT,sell,68682.42000000,0.02008000,2026-08-19T16:16:44.624000+00:00
binance,6582454106,4035598848,BTCUSDT,sell,68682.00000000,0.00008000,2026-08-19T16:16:44.624000+00:00
binance,6582454107,4035598849,BTCUSDT,sell,68681.95000000,0.00008000,2026-08-19T16:16:44.624000+00:00
binance,6582454108,4035598850,BTCUSDT,sell,68681.70000000,0.00009000,2026-08-19T16:16:44.624000+00:00
binance,6582454109,4035598851,BTCUSDT,sell,68681.54000000,0.00001000,2026-08-19T16:16:44.624000+00:00
binance,6582454110,4035598852,BTCUSDT,sell,68681.54000000,0.00047000,2026-08-19T16:16:44.624000+00:00
binance,6582454111,4035598853,BTCUSDT,sell,68680.84000000,0.00008000,2026-08-19T16:16:44.624000+00:00
binance,6582454112,4035598854,BTCUSDT,sell,68680.82000000,0.00008000,2026-08-19T16:16:44.624000+00:00
binance,6582454113,4035598855,BTCUSDT,sell,68680.56000000,0.08767000,2026-08-19T16:16:44.624000+00:00
binance,6582454115,4035598856,BTCUSDT,sell,68680.56000000,0.06257000,2026-08-19T16:16:44.624000+00:00
binance,6582454121,4035598857,BTCUSDT,sell,68679.77000000,0.00008000,2026-08-19T16:16:44.624000+00:00
binance,6582454122,4035598858,BTCUSDT,sell,68679.49000000,0.00017000,2026-08-19T16:16:44.624000+00:00
binance,6582454124,4035598859,BTCUSDT,sell,68679.20000000,0.00008000,2026-08-19T16:16:44.624000+00:00
binance,6582454125,4035598860,BTCUSDT,sell,68679.11000000,0.00017000,2026-08-19T16:16:44.624000+00:00
binance,6582454127,4035598861,BTCUSDT,sell,68678.92000000,0.01599000,2026-08-19T16:16:44.624000+00:00
binance,6582454128,4035598862,BTCUSDT,sell,68678.83000000,0.00009000,2026-08-19T16:16:44.624000+00:00
binance,6582454129,4035598863,BTCUSDT,sell,68678.78000000,0.00008000,2026-08-19T16:16:44.624000+00:00
binance,6582454130,4035598864,BTCUSDT,sell,68678.29000000,0.00008000,2026-08-19T16:16:44.624000+00:00
binance,6582454131,4035598865,BTCUSDT,sell,68678.19000000,0.00011000,2026-08-19T16:16:44.624000+00:00
binance,6582454132,4035598866,BTCUSDT,sell,68678.00000000,0.02899000,2026-08-19T16:16:44.624000+00:00
binance,6582454133,4035598867,BTCUSDT,sell,68678.00000000,0.01501000,2026-08-19T16:16:44.624000+00:00
binance,6582454134,4035598868,BTCUSDT,sell,68677.89000000,0.02699000,2026-08-19T16:16:44.624000+00:00
binance,6582454135,4035598869,BTCUSDT,sell,68677.89000000,0.00010000,2026-08-19T16:16:44.625000+00:00
binance,6582454136,4035598870,BTCUSDT,sell,68677.89000000,0.01491000,2026-08-19T16:16:44.625000+00:00
binance,6582454137,4035598871,BTCUSDT,sell,68677.40000000,0.00008000,2026-08-19T16:16:44.625000+00:00
binance,6582454138,4035598872,BTCUSDT,sell,68677.39000000,0.00008000,2026-08-19T16:16:44.625000+00:00
binance,6582454139,4035598873,BTCUSDT,sell,68677.25000000,0.01058000,2026-08-19T16:16:44.625000+00:00
binance,6582454140,4035598874,BTCUSDT,sell,68677.25000000,0.02742000,2026-08-19T16:16:44.625000+00:00
binance,6582454141,4035598875,BTCUSDT,sell,68677.15000000,0.01320000,2026-08-19T16:16:44.625000+00:00
binance,6582454142,4035598876,BTCUSDT,sell,68677.15000000,0.01410000,2026-08-19T16:16:44.625000+00:00
binance,6582454143,4035598877,BTCUSDT,sell,68677.15000000,0.00870000,2026-08-19T16:16:44.625000+00:00
binance,6582454144,4035598878,BTCUSDT,sell,68677.13000000,0.00280000,2026-08-19T16:16:44.625000+00:00
binance,6582454145,4035598879,BTCUSDT,sell,68677.13000000,0.03320000,2026-08-19T16:16:44.625000+00:00
binance,6582454146,4035598880,BTCUSDT,sell,68676.54000000,0.00009000,2026-08-19T16:16:44.625000+00:00
binance,6582454147,4035598881,BTCUSDT,sell,68676.45000000,0.00008000,2026-08-19T16:16:44.625000+00:00
binance,6582454148,4035598882,BTCUSDT,sell,68676.26000000,0.00017000,2026-08-19T16:16:44.625000+00:00
binance,6582454150,4035598883,BTCUSDT,sell,68676.00000000,0.00008000,2026-08-19T16:16:44.625000+00:00
binance,6582454151,4035598884,BTCUSDT,sell,68675.89000000,0.21846000,2026-08-19T16:16:44.625000+00:00
binance,6582454152,4035598885,BTCUSDT,sell,68675.83000000,0.14561000,2026-08-19T16:16:44.625000+00:00
binance,6582454153,4035598886,BTCUSDT,sell,68675.73000000,0.01169000,2026-08-19T16:16:44.625000+00:00
binance,6582454154,4035598887,BTCUSDT,sell,68675.67000000,0.00008000,2026-08-19T16:16:44.625000+00:00
binance,6582454155,4035598888,BTCUSDT,sell,68675.62000000,0.00018000,2026-08-19T16:16:44.625000+00:00
binance,6582454156,4035598889,BTCUSDT,sell,68675.44000000,0.00009000,2026-08-19T16:16:44.625000+00:00
binance,6582454157,4035598890,BTCUSDT,sell,68675.25000000,0.01577000,2026-08-19T16:16:44.625000+00:00
binance,6582454158,4035598891,BTCUSDT,sell,68675.00000000,0.00192000,2026-08-19T16:16:44.625000+00:00
binance,6582454159,4035598892,BTCUSDT,sell,68674.61000000,0.00008000,2026-08-19T16:16:44.625000+00:00
binance,6582454160,4035598893,BTCUSDT,sell,68674.55000000,0.00015000,2026-08-19T16:16:44.625000+00:00
binance,6582454161,4035598894,BTCUSDT,sell,68674.51000000,0.03600000,2026-08-19T16:16:44.625000+00:00
binance,6582454162,4035598895,BTCUSDT,sell,68674.10000000,0.04000000,2026-08-19T16:16:44.625000+00:00
binance,6582454163,4035598896,BTCUSDT,sell,68673.96000000,0.00008000,2026-08-19T16:16:44.625000+00:00
binance,6582454164,4035598897,BTCUSDT,sell,68673.85000000,0.03800000,2026-08-19T16:16:44.625000+00:00
binance,6582454165,4035598898,BTCUSDT,sell,68673.83000000,0.04000000,2026-08-19T16:16:44.625000+00:00
binance,6582454166,4035598899,BTCUSDT,sell,68673.76000000,0.06800000,2026-08-19T16:16:44.625000+00:00
binance,6582454168,4035598900,BTCUSDT,sell,68673.72000000,0.14164000,2026-08-19T16:16:44.625000+00:00
binance,6582454169,4035598901,BTCUSDT,sell,68673.33000000,0.00009000,2026-08-19T16:16:44.625000+00:00
binance,6582454170,4035598902,BTCUSDT,sell,68673.15000000,0.00530000,2026-08-19T16:16:44.626000+00:00
binance,6582454173,4035598903,BTCUSDT,sell,68673.15000000,0.00006000,2026-08-19T16:16:44.626000+00:00
binance,6582454174,4035598904,BTCUSDT,sell,68673.03000000,0.00017000,2026-08-19T16:16:44.626000+00:00
binance,6582454176,4035598905,BTCUSDT,sell,68673.02000000,0.01257000,2026-08-19T16:16:44.626000+00:00
binance,6582454177,4035598906,BTCUSDT,sell,68673.02000000,0.03359000,2026-08-19T16:16:44.626000+00:00
binance,6582454180,4035598907,BTCUSDT,sell,68672.52000000,0.00008000,2026-08-19T16:16:44.626000+00:00
binance,6582454181,4035598908,BTCUSDT,sell,68672.44000000,0.00002000,2026-08-19T16:16:44.626000+00:00
binance,6582454182,4035598909,BTCUSDT,sell,68672.44000000,0.00187000,2026-08-19T16:16:44.626000+00:00
binance,6582454183,4035598910,BTCUSDT,sell,68672.40000000,0.00009000,2026-08-19T16:16:44.626000+00:00
binance,6582454184,4035598911,BTCUSDT,sell,68672.29000000,0.01164000,2026-08-19T16:16:44.626000+00:00
binance,6582454185,4035598912,BTCUSDT,sell,68672.24000000,0.00008000,2026-08-19T16:16:44.626000+00:00
binance,6582454186,4035598913,BTCUSDT,sell,68672.23000000,0.00145000,2026-08-19T16:16:44.626000+00:00
binance,6582454187,4035598914,BTCUSDT,sell,68672.00000000,0.15294000,2026-08-19T16:16:44.626000+00:00
binance,6582454188,4035598915,BTCUSDT,sell,68671.46000000,0.00060000,2026-08-19T16:16:44.626000+00:00
binance,6582454189,4035598916,BTCUSDT,sell,68671.29000000,0.00011000,2026-08-19T16:16:44.626000+00:00
binance,6582454190,4035598917,BTCUSDT,sell,68670.52000000,0.00008000,2026-08-19T16:16:44.626000+00:00
binance,6582454191,4035598918,BTCUSDT,sell,68670.25000000,0.00647000,2026-08-19T16:16:44.626000+00:00
binance,6582454192,4035598919,BTCUSDT,sell,68670.25000000,0.02953000,2026-08-19T16:16:44.626000+00:00
binance,6582454193,4035598920,BTCUSDT,sell,68670.00000000,0.00025000,2026-08-19T16:16:44.626000+00:00
binance,6582454196,4035598921,BTCUSDT,sell,68669.89000000,0.00009000,2026-08-19T16:16:44.626000+00:00
binance,6582454197,4035598922,BTCUSDT,sell,68669.84000000,0.00008000,2026-08-19T16:16:44.626000+00:00
binance,6582454198,4035598923,BTCUSDT,sell,68669.80000000,0.00017000,2026-08-19T16:16:44.626000+00:00
binance,6582454200,4035598924,BTCUSDT,sell,68668.85000000,0.01171000,2026-08-19T16:16:44.626000+00:00
binance,6582454201,4035598925,BTCUSDT,sell,68668.81000000,0.00008000,2026-08-19T16:16:44.626000+00:00
binance,6582454202,4035598926,BTCUSDT,sell,68668.69000000,0.00018000,2026-08-19T16:16:44.626000+00:00
binance,6582454203,4035598927,BTCUSDT,sell,68668.14000000,0.02184000,2026-08-19T16:16:44.626000+00:00
binance,6582454204,4035598928,BTCUSDT,sell,68667.68000000,0.00021000,2026-08-19T16:16:44.626000+00:00
binance,6582454205,4035598929,BTCUSDT,sell,68667.09000000,0.00008000,2026-08-19T16:16:44.626000+00:00
binance,6582454206,4035598930,BTCUSDT,sell,68667.04000000,0.00008000,2026-08-19T16:16:44.626000+00:00
binance,6582454207,4035598931,BTCUSDT,sell,68666.57000000,0.00008000,2026-08-19T16:16:44.626000+00:00
binance,6582454208,4035598932,BTCUSDT,sell,68666.46000000,0.00009000,2026-08-19T16:16:44.626000+00:00
binance,6582454209,4035598933,BTCUSDT,sell,68665.97000000,0.00009000,2026-08-19T16:16:44.626000+00:00
binance,6582454210,4035598934,BTCUSDT,sell,68665.62000000,0.00009000,2026-08-19T16:16:44.626000+00:00
binance,6582454211,4035598935,BTCUSDT,sell,68665.55000000,0.01535000,2026-08-19T16:16:44.626000+00:00
binance,6582454212,4035598936,BTCUSDT,sell,68665.55000000,0.00666000,2026-08-19T16:16:44.626000+00:00
binance,6582454213,4035598937,BTCUSDT,buy,68673.49000000,0.00008000,2026-08-19T16:16:44.626000+00:00
binance,6582454214,4035598938,BTCUSDT,sell,68672.00000000,0.14561000,2026-08-19T16:16:44.626000+00:00
binance,6582454215,4035598939,BTCUSDT,sell,68669.06000000,0.00009000,2026-08-19T16:16:44.626000+00:00
binance,6582454216,4035598940,BTCUSDT,sell,68665.55000000,0.02015000,2026-08-19T16:16:44.626000+00:00
binance,6582454219,4035598941,BTCUSDT,sell,68665.37000000,0.00008000,2026-08-19T16:16:44.626000+00:00
binance,6582454220,4035598942,BTCUSDT,sell,68664.86000000,0.00250000,2026-08-19T16:16:44.626000+00:00
binance,6582454221,4035598943,BTCUSDT,sell,68664.53000000,0.00012000,2026-08-19T16:16:44.626000+00:00
binance,6582454222,4035598944,BTCUSDT,sell,68664.39000000,0.00011000,2026-08-19T16:16:44.626000+00:00
binance,6582454223,4035598945,BTCUSDT,sell,68664.00000000,0.00008000,2026-08-19T16:16:44.626000+00:00
binance,6582454224,4035598946,BTCUSDT,sell,68663.66000000,0.00008000,2026-08-19T16:16:44.626000+00:00
binance,6582454225,4035598947,BTCUSDT,sell,68663.64000000,0.00008000,2026-08-19T16:16:44.626000+00:00
binance,6582454226,4035598948,BTCUSDT,sell,68663.46000000,0.00009000,2026-08-19T16:16:44.626000+00:00
binance,6582454227,4035598949,BTCUSDT,sell,68663.34000000,0.00017000,2026-08-19T16:16:44.626000+00:00
binance,6582454229,4035598950,BTCUSDT,sell,68663.02000000,0.00009000,2026-08-19T16:16:44.626000+00:00
binance,6582454230,4035598951,BTCUSDT,sell,68661.94000000,0.00008000,2026-08-19T16:16:44.626000+00:00
binance,6582454231,4035598952,BTCUSDT,sell,68661.76000000,0.00018000,2026-08-19T16:16:44.626000+00:00
binance,6582454232,4035598953,BTCUSDT,sell,68661.46000000,0.01610000,2026-08-19T16:16:44.626000+00:00
binance,6582454233,4035598954,BTCUSDT,sell,68661.46000000,0.00535000,2026-08-19T16:16:44.627000+00:00
binance,6582454234,4035598955,BTCUSDT,sell,68661.46000000,0.00612000,2026-08-19T16:16:44.627000+00:00
binance,6582454235,4035598956,BTCUSDT,sell,68666.57000000,0.00016000,2026-08-19T16:16:44.628000+00:00
binance,6582454237,4035598957,BTCUSDT,sell,68665.45000000,0.00009000,2026-08-19T16:16:44.629000+00:00
binance,6582454239,4035598958,BTCUSDT,sell,68665.45000000,0.00015000,2026-08-19T16:16:44.629000+00:00
binance,6582454241,4035598959,BTCUSDT,sell,68662.19000000,0.00009000,2026-08-19T16:16:44.629000+00:00
binance,6582454242,4035598960,BTCUSDT,sell,68661.46000000,0.00128000,2026-08-19T16:16:44.629000+00:00
binance,6582454258,4035598961,BTCUSDT,sell,68661.15000000,0.00560000,2026-08-19T16:16:44.629000+00:00
binance,6582454259,4035598962,BTCUSDT,sell,68660.46000000,0.00027000,2026-08-19T16:16:44.629000+00:00
binance,6582454261,4035598963,BTCUSDT,sell,68660.44000000,0.00261000,2026-08-19T16:16:44.629000+00:00
binance,6582454262,4035598964,BTCUSDT,buy,68666.58000000,0.00008000,2026-08-19T16:16:44.630000+00:00
binance,6582454263,4035598965,BTCUSDT,sell,68660.44000000,0.00533000,2026-08-19T16:16:44.630000+00:00
binance,6582454272,4035598966,BTCUSDT,sell,68660.32000000,0.03800000,2026-08-19T16:16:44.630000+00:00
binance,6582454273,4035598967,BTCUSDT,sell,68660.22000000,0.00008000,2026-08-19T16:16:44.630000+00:00
binance,6582454274,4035598968,BTCUSDT,sell,68660.21000000,0.03600000,2026-08-19T16:16:44.630000+00:00
binance,6582454275,4035598969,BTCUSDT,sell,68660.20000000,0.03600000,2026-08-19T16:16:44.630000+00:00
binance,6582454276,4035598970,BTCUSDT,sell,68660.11000000,0.00008000,2026-08-19T16:16:44.630000+00:00
binance,6582454277,4035598971,BTCUSDT,sell,68659.59000000,0.00009000,2026-08-19T16:16:44.630000+00:00
binance,6582454278,4035598972,BTCUSDT,sell,68659.54000000,0.00009000,2026-08-19T16:16:44.630000+00:00
binance,6582454279,4035598973,BTCUSDT,sell,68658.78000000,0.00008000,2026-08-19T16:16:44.630000+00:00
binance,6582454280,4035598974,BTCUSDT,sell,68658.76000000,0.00009000,2026-08-19T16:16:44.630000+00:00
binance,6582454281,4035598975,BTCUSDT,sell,68658.51000000,0.00008000,2026-08-19T16:16:44.630000+00:00
binance,6582454282,4035598976,BTCUSDT,sell,68658.42000000,0.00400000,2026-08-19T16:16:44.630000+00:00
binance,6582454283,4035598977,BTCUSDT,sell,68657.57000000,0.03600000,2026-08-19T16:16:44.630000+00:00
binance,6582454284,4035598978,BTCUSDT,sell,68657.49000000,0.00011000,2026-08-19T16:16:44.630000+00:00
binance,6582454285,4035598979,BTCUSDT,sell,68656.92000000,0.00009000,2026-08-19T16:16:44.630000+00:00
binance,6582454286,4035598980,BTCUSDT,sell,68656.90000000,0.04000000,2026-08-19T16:16:44.630000+00:00
binance,6582454287,4035598981,BTCUSDT,sell,68656.89000000,0.03800000,2026-08-19T16:16:44.630000+00:00
binance,6582454288,4035598982,BTCUSDT,sell,68656.88000000,0.00017000,2026-08-19T16:16:44.630000+00:00
binance,6582454290,4035598983,BTCUSDT,sell,68656.79000000,0.00008000,2026-08-19T16:16:44.630000+00:00
binance,6582454291,4035598984,BTCUSDT,sell,68656.15000000,0.00009000,2026-08-19T16:16:44.630000+00:00
binance,6582454292,4035598985,BTCUSDT,sell,68655.32000000,0.00009000,2026-08-19T16:16:44.630000+00:00
binance,6582454293,4035598986,BTCUSDT,sell,68655.07000000,0.00008000,2026-08-19T16:16:44.630000+00:00
binance,6582454294,4035598987,BTCUSDT,sell,68654.88000000,0.00400000,2026-08-19T16:16:44.630000+00:00
binance,6582454295,4035598988,BTCUSDT,sell,68654.83000000,0.00018000,2026-08-19T16:16:44.630000+00:00
binance,6582454296,4035598989,BTCUSDT,sell,68653.94000000,0.00021000,2026-08-19T16:16:44.630000+00:00
binance,6582454297,4035598990,BTCUSDT,sell,68653.91000000,0.04235000,2026-08-19T16:16:44.630000+00:00
binance,6582454299,4035598991,BTCUSDT,sell,68653.81000000,0.00153000,2026-08-19T16:16:44.630000+00:00
binance,6582454300,4035598992,BTCUSDT,sell,68653.80000000,0.00500000,2026-08-19T16:16:44.630000+00:00
binance,6582454301,4035598993,BTCUSDT,sell,68653.76000000,0.82137000,2026-08-19T16:16:44.630000+00:00
binance,6582454302,4035598994,BTCUSDT,sell,68653.76000000,0.00612000,2026-08-19T16:16:44.630000+00:00
binance,6582454303,4035598995,BTCUSDT,sell,68665.39000000,0.00072000,2026-08-19T16:16:44.632000+00:00
binance,6582454312,4035598996,BTCUSDT,sell,68664.87000000,0.00016000,2026-08-19T16:16:44.632000+00:00
binance,6582454314,4035598997,BTCUSDT,sell,68661.47000000,0.00008000,2026-08-19T16:16:44.632000+00:00
binance,6582454315,4035598998,BTCUSDT,sell,68660.31000000,0.01567000,2026-08-19T16:16:44.632000+00:00
binance,6582454316,4035598999,BTCUSDT,sell,68659.95000000,0.00008000,2026-08-19T16:16:44.632000+00:00
binance,6582454317,4035599000,BTCUSDT,sell,68654.45000000,0.00008000,2026-08-19T16:16:44.632000+00:00
binance,6582454318,4035599001,BTCUSDT,sell,68653.76000000,0.00409000,2026-08-19T16:16:44.632000+00:00
binance,6582454319,4035599002,BTCUSDT,sell,68657.20000000,0.00008000,2026-08-19T16:16:44.632000+00:00
binance,6582454320,4035599003,BTCUSDT,sell,68653.76000000,0.00527000,2026-08-19T16:16:44.632000+00:00
binance,6582454321,4035599004,BTCUSDT,buy,68661.47000000,0.00008000,2026-08-19T16:16:44.633000+00:00
binance,6582454322,4035599005,BTCUSDT,sell,68661.46000000,0.00016000,2026-08-19T16:16:44.633000+00:00
binance,6582454324,4035599006,BTCUSDT,sell,68653.76000000,0.00596000,2026-08-19T16:16:44.633000+00:00
binance,6582454325,4035599007,BTCUSDT,sell,68654.59000000,0.00514000,2026-08-19T16:16:44.634000+00:00
binance,6582454326,4035599008,BTCUSDT,sell,68654.59000000,0.00536000,2026-08-19T16:16:44.635000+00:00
binance,6582454327,4035599009,BTCUSDT,sell,68661.36000000,0.00008000,2026-08-19T16:16:44.635000+00:00
binance,6582454328,4035599010,BTCUSDT,sell,68660.44000000,0.01420000,2026-08-19T16:16:44.659000+00:00
binance,6582454331,4035599011,BTCUSDT,sell,68660.44000000,0.00834000,2026-08-19T16:16:44.684000+00:00
binance,6582454341,4035599012,BTCUSDT,sell,68660.43000000,0.00008000,2026-08-19T16:16:44.684000+00:00
binance,6582454342,4035599013,BTCUSDT,sell,68660.33000000,0.00024000,2026-08-19T16:16:44.684000+00:00
binance,6582454345,4035599014,BTCUSDT,sell,68659.53000000,0.00083000,2026-08-19T16:16:44.697000+00:00
binance,6582454355,4035599015,BTCUSDT,sell,68659.52000000,0.40945000,2026-08-19T16:16:44.731000+00:00
binance,6582454372,4035599016,BTCUSDT,sell,68659.51000000,0.00016000,2026-08-19T16:16:44.731000+00:00
binance,6582454374,4035599017,BTCUSDT,sell,68658.02000000,0.00040000,2026-08-19T16:16:44.732000+00:00
binance,6582454379,4035599018,BTCUSDT,sell,68656.88000000,0.00008000,2026-08-19T16:16:44.732000+00:00
binance,6582454380,4035599019,BTCUSDT,sell,68654.60000000,0.00024000,2026-08-19T16:16:44.732000+00:00
binance,6582454383,4035599020,BTCUSDT,sell,68654.59000000,0.00008000,2026-08-19T16:16:44.732000+00:00
binance,6582454384,4035599021,BTCUSDT,sell,68654.45000000,0.00008000,2026-08-19T16:16:44.732000+00:00
binance,6582454385,4035599022,BTCUSDT,sell,68653.76000000,0.00016000,2026-08-19T16:16:44.732000+00:00
binance,6582454387,4035599023,BTCUSDT,sell,68653.65000000,0.01624000,2026-08-19T16:16:44.760000+00:00
binance,6582454397,4035599024,BTCUSDT,sell,68653.65000000,0.00065000,2026-08-19T16:16:44.760000+00:00
binance,6582454405,4035599025,BTCUSDT,sell,68653.64000000,0.00056000,2026-08-19T16:16:44.760000+00:00
binance,6582454412,4035599026,BTCUSDT,sell,68653.04000000,0.00024000,2026-08-19T16:16:44.760000+00:00
binance,6582454415,4035599027,BTCUSDT,sell,68653.03000000,0.02000000,2026-08-19T16:16:44.760000+00:00
binance,6582454416,4035599028,BTCUSDT,sell,68653.00000000,0.00104000,2026-08-19T16:16:44.767000+00:00
binance,6582454429,4035599029,BTCUSDT,sell,68652.99000000,0.00056000,2026-08-19T16:16:44.767000+00:00
binance,6582454436,4035599030,BTCUSDT,sell,68652.92000000,0.00016000,2026-08-19T16:16:44.767000+00:00
binance,6582454438,4035599031,BTCUSDT,sell,68652.67000000,0.00024000,2026-08-19T16:16:44.767000+00:00
binance,6582454441,4035599032,BTCUSDT,sell,68652.66000000,0.03875000,2026-08-19T16:16:44.767000+00:00
binance,6582454444,4035599033,BTCUSDT,sell,68652.37000000,0.00032000,2026-08-19T16:16:44.767000+00:00
binance,6582454448,4035599034,BTCUSDT,sell,68652.36000000,0.00010000,2026-08-19T16:16:44.786000+00:00
binance,6582454449,4035599035,BTCUSDT,sell,68652.36000000,0.00297000,2026-08-19T16:16:44.863000+00:00
binance,6582454450,4035599036,BTCUSDT,buy,68652.37000000,0.04000000,2026-08-19T16:16:44.930000+00:00
binance,6582454451,4035599037,BTCUSDT,buy,68652.37000000,0.01000000,2026-08-19T16:16:44.933000+00:00
binance,6582454452,4035599038,BTCUSDT,buy,68652.37000000,0.02000000,2026-08-19T16:16:44.934000+00:00
binance,6582454453,4035599039,BTCUSDT,buy,68652.37000000,0.04000000,2026-08-19T16:16:44.954000+00:00
binance,6582454454,4035599040,BTCUSDT,buy,68652.37000000,0.01000000,2026-08-19T16:16:44.954000+00:00
binance,6582454455,4035599041,BTCUSDT,buy,68652.37000000,0.00080000,2026-08-19T16:16:45.046000+00:00
binance,6582454461,4035599042,BTCUSDT,buy,68652.37000000,0.00009000,2026-08-19T16:16:45.054000+00:00
binance,6582454462,4035599043,BTCUSDT,buy,68652.37000000,0.00860000,2026-08-19T16:16:45.055000+00:00
binance,6582454464,4035599044,BTCUSDT,buy,68652.37000000,0.06097000,2026-08-19T16:16:45.062000+00:00
binance,6582454475,4035599045,BTCUSDT,buy,68653.01000000,0.00016000,2026-08-19T16:16:45.062000+00:00
binance,6582454477,4035599046,BTCUSDT,buy,68653.03000000,0.00032000,2026-08-19T16:16:45.062000+00:00
binance,6582454481,4035599047,BTCUSDT,buy,68653.65000000,0.00008000,2026-08-19T16:16:45.062000+00:00
binance,6582454482,4035599048,BTCUSDT,buy,68653.66000000,0.00016000,2026-08-19T16:16:45.062000+00:00
binance,6582454484,4035599049,BTCUSDT,buy,68653.72000000,0.00040000,2026-08-19T16:16:45.062000+00:00
binance,6582454489,4035599050,BTCUSDT,buy,68656.88000000,0.00008000,2026-08-19T16:16:45.062000+00:00
binance,6582454490,4035599051,BTCUSDT,buy,68658.00000000,0.00016000,2026-08-19T16:16:45.062000+00:00
binance,6582454491,4035599052,BTCUSDT,buy,68658.03000000,0.00040000,2026-08-19T16:16:45.062000+00:00
binance,6582454496,4035599053,BTCUSDT,buy,68658.60000000,0.00345000,2026-08-19T16:16:45.062000+00:00
binance,6582454497,4035599054,BTCUSDT,buy,68659.53000000,0.00056000,2026-08-19T16:16:45.062000+00:00
binance,6582454504,4035599055,BTCUSDT,buy,68659.54000000,0.00080000,2026-08-19T16:16:45.062000+00:00
binance,6582454514,4035599056,BTCUSDT,buy,68659.95000000,0.00008000,2026-08-19T16:16:45.062000+00:00
binance,6582454515,4035599057,BTCUSDT,buy,68660.11000000,0.00016000,2026-08-19T16:16:45.062000+00:00
binance,6582454517,4035599058,BTCUSDT,buy,68660.16000000,0.00011000,2026-08-19T16:16:45.062000+00:00
binance,6582454518,4035599059,BTCUSDT,buy,68660.33000000,0.00040000,2026-08-19T16:16:45.062000+00:00
binance,6582454523,4035599060,BTCUSDT,buy,68660.34000000,0.00016000,2026-08-19T16:16:45.062000+00:00
binance,6582454525,4035599061,BTCUSDT,buy,68660.44000000,0.00024000,2026-08-19T16:16:45.062000+00:00
binance,6582454528,4035599062,BTCUSDT,buy,68660.45000000,0.00065000,2026-08-19T16:16:45.062000+00:00
binance,6582454536,4035599063,BTCUSDT,buy,68660.59000000,0.00009000,2026-08-19T16:16:45.062000+00:00
binance,6582454537,4035599064,BTCUSDT,buy,68660.94000000,0.00008000,2026-08-19T16:16:45.062000+00:00
binance,6582454538,4035599065,BTCUSDT,buy,68661.36000000,0.00025000,2026-08-19T16:16:45.062000+00:00
binance,6582454541,4035599066,BTCUSDT,buy,68661.46000000,0.00016000,2026-08-19T16:16:45.062000+00:00
binance,6582454543,4035599067,BTCUSDT,buy,68661.47000000,0.00040000,2026-08-19T16:16:45.062000+00:00
binance,6582454548,4035599068,BTCUSDT,buy,68661.76000000,0.00018000,2026-08-19T16:16:45.062000+00:00
binance,6582454549,4035599069,BTCUSDT,buy,68661.99000000,0.00008000,2026-08-19T16:16:45.062000+00:00
binance,6582454550,4035599070,BTCUSDT,buy,68662.14000000,0.00048000,2026-08-19T16:16:45.062000+00:00
binance,6582454551,4035599071,BTCUSDT,buy,68662.62000000,0.00048000,2026-08-19T16:16:45.062000+00:00
binance,6582454552,4035599072,BTCUSDT,buy,68662.70000000,0.00008000,2026-08-19T16:16:45.062000+00:00
binance,6582454553,4035599073,BTCUSDT,buy,68663.34000000,0.00016000,2026-08-19T16:16:45.062000+00:00
binance,6582454555,4035599074,BTCUSDT,buy,68663.73000000,0.00008000,2026-08-19T16:16:45.062000+00:00
binance,6582454556,4035599075,BTCUSDT,buy,68664.00000000,0.00016000,2026-08-19T16:16:45.062000+00:00
binance,6582454557,4035599076,BTCUSDT,buy,68664.02000000,0.00179000,2026-08-19T16:16:45.062000+00:00
binance,6582454558,4035599077,BTCUSDT,buy,68665.12000000,0.00400000,2026-08-19T16:16:45.062000+00:00
binance,6582454559,4035599078,BTCUSDT,buy,68665.43000000,0.00728000,2026-08-19T16:16:45.062000+00:00
binance,6582454560,4035599079,BTCUSDT,buy,68665.44000000,0.27409000,2026-08-19T16:16:45.062000+00:00
binance,6582454561,4035599080,BTCUSDT,sell,68665.43000000,0.01864000,2026-08-19T16:16:45.215000+00:00
binance,6582454562,4035599081,BTCUSDT,sell,68665.43000000,0.00590000,2026-08-19T16:16:45.317000+00:00
binance,6582454563,4035599082,BTCUSDT,sell,68665.43000000,0.00352000,2026-08-19T16:16:45.551000+00:00
binance,6582454564,4035599083,BTCUSDT,buy,68665.44000000,0.00010000,2026-08-19T16:16:45.879000+00:00
binance,6582454565,4035599084,BTCUSDT,buy,68665.44000000,0.00100000,2026-08-19T16:16:45.886000+00:00
binance,6582454568,4035599085,BTCUSDT,buy,68665.44000000,0.00025000,2026-08-19T16:16:45.940000+00:00
binance,6582454569,4035599086,BTCUSDT,sell,68665.43000000,0.00149000,2026-08-19T16:16:45.945000+00:00
binance,6582454570,4035599087,BTCUSDT,buy,68665.44000000,0.70586000,2026-08-19T16:16:45.972000+00:00
binance,6582454601,4035599088,BTCUSDT,buy,68665.63000000,0.00016000,2026-08-19T16:16:45.972000+00:00
binance,6582454603,4035599089,BTCUSDT,buy,68666.14000000,0.10619000,2026-08-19T16:16:45.975000+00:00
binance,6582454606,4035599090,BTCUSDT,buy,68666.14000000,0.33957000,2026-08-19T16:16:45.975000+00:00
binance,6582454610,4035599091,BTCUSDT,buy,68666.15000000,0.02621000,2026-08-19T16:16:45.975000+00:00
binance,6582454611,4035599092,BTCUSDT,buy,68666.23000000,0.00016000,2026-08-19T16:16:45.975000+00:00
binance,6582454613,4035599093,BTCUSDT,buy,68666.30000000,0.00291000,2026-08-19T16:16:45.975000+00:00
binance,6582454614,4035599094,BTCUSDT,buy,68666.57000000,0.00008000,2026-08-19T16:16:45.975000+00:00
binance,6582454615,4035599095,BTCUSDT,buy,68666.66000000,0.00008000,2026-08-19T16:16:45.975000+00:00
binance,6582454616,4035599096,BTCUSDT,buy,68667.05000000,0.00011000,2026-08-19T16:16:45.975000+00:00
binance,6582454617,4035599097,BTCUSDT,buy,68667.31000000,0.08000000,2026-08-19T16:16:45.992000+00:00
binance,6582454623,4035599098,BTCUSDT,buy,68667.31000000,0.02000000,2026-08-19T16:16:45.993000+00:00
binance,6582454625,4035599099,BTCUSDT,buy,68667.31000000,0.00487000,2026-08-19T16:16:45.993000+00:00
binance,6582454630,4035599100,BTCUSDT,buy,68667.32000000,0.00016000,2026-08-19T16:16:45.993000+00:00
binance,6582454632,4035599101,BTCUSDT,buy,68667.83000000,0.00024000,2026-08-19T16:16:45.993000+00:00
binance,6582454635,4035599102,BTCUSDT,buy,68667.84000000,0.00473000,2026-08-19T16:16:45.993000+00:00
binance,6582454636,4035599103,BTCUSDT,buy,68667.84000000,0.04000000,2026-08-19T16:16:45.993000+00:00
binance,6582454637,4035599104,BTCUSDT,buy,68667.84000000,0.00860000,2026-08-19T16:16:45.994000+00:00
binance,6582454638,4035599105,BTCUSDT,buy,68667.84000000,0.00430000,2026-08-19T16:16:45.995000+00:00
binance,6582454639,4035599106,BTCUSDT,buy,68667.84000000,0.00122000,2026-08-19T16:16:45.995000+00:00
binance,6582454649,4035599107,BTCUSDT,buy,68667.92000000,0.00024000,2026-08-19T16:16:45.995000+00:00
binance,6582454652,4035599108,BTCUSDT,buy,68667.93000000,0.14584000,2026-08-19T16:16:45.996000+00:00
binance,6582454655,4035599109,BTCUSDT,buy,68668.03000000,0.00008000,2026-08-19T16:16:45.996000+00:00
binance,6582454656,4035599110,BTCUSDT,buy,68668.69000000,0.00018000,2026-08-19T16:16:45.996000+00:00
binance,6582454657,4035599111,BTCUSDT,buy,68669.66000000,0.00040000,2026-08-19T16:16:45.996000+00:00
binance,6582454662,4035599112,BTCUSDT,buy,68669.80000000,0.00017000,2026-08-19T16:16:45.996000+00:00
binance,6582454664,4035599113,BTCUSDT,buy,68670.00000000,0.00017000,2026-08-19T16:16:45.996000+00:00
binance,6582454666,4035599114,BTCUSDT,buy,68671.46000000,0.00066000,2026-08-19T16:16:45.999000+00:00
binance,6582454674,4035599115,BTCUSDT,buy,68672.26000000,0.00024000,2026-08-19T16:16:45.999000+00:00
binance,6582454677,4035599116,BTCUSDT,buy,68672.27000000,0.00067000,2026-08-19T16:16:46.028000+00:00
binance,6582454685,4035599117,BTCUSDT,buy,68672.31000000,0.00016000,2026-08-19T16:16:46.028000+00:00
binance,6582454687,4035599118,BTCUSDT,buy,68672.44000000,0.25462000,2026-08-19T16:16:46.146000+00:00
binance,6582454696,4035599119,BTCUSDT,buy,68673.03000000,0.00059000,2026-08-19T16:16:46.148000+00:00
binance,6582454703,4035599120,BTCUSDT,buy,68674.19000000,0.00016000,2026-08-19T16:16:46.149000+00:00
binance,6582454705,4035599121,BTCUSDT,buy,68674.90000000,0.00024000,2026-08-19T16:16:46.149000+00:00
binance,6582454708,4035599122,BTCUSDT,sell,68674.90000000,0.00023000,2026-08-19T16:16:46.176000+00:00
binance,6582454709,4035599123,BTCUSDT,buy,68674.91000000,0.02000000,2026-08-19T16:16:46.313000+00:00
binance,6582454716,4035599124,BTCUSDT,buy,68674.91000000,0.00200000,2026-08-19T16:16:46.338000+00:00
binance,6582454717,4035599125,BTCUSDT,buy,68674.91000000,0.03000000,2026-08-19T16:16:46.581000+00:00
binance,6582454718,4035599126,BTCUSDT,sell,68674.90000000,0.00760000,2026-08-19T16:16:46.641000+00:00
binance,6582454719,4035599127,BTCUSDT,sell,68674.90000000,0.00027000,2026-08-19T16:16:46.693000+00:00
binance,6582454720,4035599128,BTCUSDT,buy,68674.91000000,0.00100000,2026-08-19T16:16:46.960000+00:00
binance,6582454725,4035599129,BTCUSDT,buy,68674.91000000,0.01600000,2026-08-19T16:16:46.960000+00:00
binance,6582454726,4035599130,BTCUSDT,buy,68674.91000000,0.03900000,2026-08-19T16:16:47.011000+00:00
binance,6582454727,4035599131,BTCUSDT,buy,68674.91000000,0.01800000,2026-08-19T16:16:47.015000+00:00
binance,6582454735,4035599132,BTCUSDT,buy,68674.91000000,0.00900000,2026-08-19T16:16:47.016000+00:00
binance,6582454736,4035599133,BTCUSDT,buy,68674.91000000,0.01100000,2026-08-19T16:16:47.017000+00:00
binance,6582454737,4035599134,BTCUSDT,buy,68674.91000000,0.00300000,2026-08-19T16:16:47.037000+00:00
binance,6582454738,4035599135,BTCUSDT,sell,68674.90000000,0.00266000,2026-08-19T16:16:47.087000+00:00
binance,6582454739,4035599136,BTCUSDT,buy,68674.91000000,0.00142000,2026-08-19T16:16:47.213000+00:00
binance,6582454740,4035599137,BTCUSDT,buy,68674.91000000,0.00015000,2026-08-19T16:16:47.285000+00:00
binance,6582454741,4035599138,BTCUSDT,buy,68674.91000000,0.00012000,2026-08-19T16:16:47.290000+00:00
binance,6582454742,4035599139,BTCUSDT,buy,68674.91000000,0.00044000,2026-08-19T16:16:47.310000+00:00
binance,6582454743,4035599140,BTCUSDT,buy,68674.91000000,0.00027000,2026-08-19T16:16:47.344000+00:00
binance,6582454744,4035599141,BTCUSDT,sell,68674.90000000,0.00356000,2026-08-19T16:16:47.437000+00:00
binance,6582454746,4035599142,BTCUSDT,buy,68674.91000000,0.01900000,2026-08-19T16:16:47.631000+00:00
binance,6582454747,4035599143,BTCUSDT,buy,68674.91000000,0.02000000,2026-08-19T16:16:47.640000+00:00
binance,6582454748,4035599144,BTCUSDT,buy,68674.91000000,0.00031000,2026-08-19T16:16:47.678000+00:00
binance,6582454749,4035599145,BTCUSDT,buy,68674.91000000,0.08000000,2026-08-19T16:16:47.682000+00:00
binance,6582454750,4035599146,BTCUSDT,buy,68674.91000000,0.01100000,2026-08-19T16:16:47.682000+00:00
binance,6582454751,4035599147,BTCUSDT,buy,68674.91000000,0.01800000,2026-08-19T16:16:47.686000+00:00
binance,6582454752,4035599148,BTCUSDT,buy,68674.91000000,0.01100000,2026-08-19T16:16:47.687000+00:00
binance,6582454753,4035599149,BTCUSDT,buy,68674.91000000,0.00900000,2026-08-19T16:16:47.687000+00:00
binance,6582454754,4035599150,BTCUSDT,sell,68674.90000000,0.00510000,2026-08-19T16:16:47.688000+00:00
binance,6582454755,4035599151,BTCUSDT,buy,68674.91000000,0.00300000,2026-08-19T16:16:47.704000+00:00
binance,6582454756,4035599152,BTCUSDT,buy,68674.91000000,0.00010000,2026-08-19T16:16:47.736000+00:00
binance,6582454757,4035599153,BTCUSDT,buy,68674.91000000,0.00710000,2026-08-19T16:16:47.752000+00:00
binance,6582454758,4035599154,BTCUSDT,buy,68674.91000000,0.00028000,2026-08-19T16:16:47.861000+00:00
binance,6582454759,4035599155,BTCUSDT,buy,68674.91000000,0.00025000,2026-08-19T16:16:47.926000+00:00
binance,6582454760,4035599156,BTCUSDT,buy,68674.91000000,0.00008000,2026-08-19T16:16:48.015000+00:00
binance,6582454761,4035599157,BTCUSDT,buy,68674.91000000,0.09000000,2026-08-19T16:16:48.023000+00:00
binance,6582454762,4035599158,BTCUSDT,buy,68674.91000000,0.05446000,2026-08-19T16:16:48.023000+00:00
binance,6582454789,4035599159,BTCUSDT,buy,68674.92000000,0.00048000,2026-08-19T16:16:48.023000+00:00
binance,6582454795,4035599160,BTCUSDT,buy,68675.60000000,0.00024000,2026-08-19T16:16:48.023000+00:00
binance,6582454798,4035599161,BTCUSDT,buy,68675.61000000,0.02482000,2026-08-19T16:16:48.023000+00:00
binance,6582454799,4035599162,BTCUSDT,buy,68675.61000000,0.01873000,2026-08-19T16:16:48.023000+00:00
binance,6582454800,4035599163,BTCUSDT,buy,68675.62000000,0.00018000,2026-08-19T16:16:48.023000+00:00
binance,6582454801,4035599164,BTCUSDT,buy,68676.26000000,0.00017000,2026-08-19T16:16:48.023000+00:00
binance,6582454803,4035599165,BTCUSDT,buy,68676.27000000,0.00008000,2026-08-19T16:16:48.023000+00:00
binance,6582454804,4035599166,BTCUSDT,buy,68677.07000000,0.00016000,2026-08-19T16:16:48.023000+00:00
binance,6582454806,4035599167,BTCUSDT,buy,68677.37000000,0.00024000,2026-08-19T16:16:48.023000+00:00
binance,6582454809,4035599168,BTCUSDT,buy,68677.38000000,0.05681000,2026-08-19T16:16:48.023000+00:00
binance,6582454812,4035599169,BTCUSDT,buy,68677.65000000,0.00008000,2026-08-19T16:16:48.023000+00:00
binance,6582454813,4035599170,BTCUSDT,buy,68677.97000000,0.00030000,2026-08-19T16:16:48.023000+00:00
binance,6582454814,4035599171,BTCUSDT,buy,68679.17000000,0.00009000,2026-08-19T16:16:48.023000+00:00
binance,6582454815,4035599172,BTCUSDT,buy,68679.22000000,0.00016000,2026-08-19T16:16:48.023000+00:00
binance,6582454817,4035599173,BTCUSDT,buy,68679.49000000,0.00008000,2026-08-19T16:16:48.023000+00:00
binance,6582454818,4035599174,BTCUSDT,buy,68680.32000000,0.00024000,2026-08-19T16:16:48.023000+00:00
binance,6582454821,4035599175,BTCUSDT,buy,68680.33000000,0.00268000,2026-08-19T16:16:48.023000+00:00
binance,6582454822,4035599176,BTCUSDT,buy,68680.33000000,0.02352000,2026-08-19T16:16:48.023000+00:00
binance,6582454823,4035599177,BTCUSDT,buy,68680.42000000,0.00291000,2026-08-19T16:16:48.023000+00:00
binance,6582454824,4035599178,BTCUSDT,buy,68680.46000000,0.00024000,2026-08-19T16:16:48.023000+00:00
binance,6582454827,4035599179,BTCUSDT,buy,68680.47000000,0.05333000,2026-08-19T16:16:48.023000+00:00
binance,6582454828,4035599180,BTCUSDT,buy,68680.47000000,0.00009000,2026-08-19T16:16:48.026000+00:00
binance,6582454830,4035599181,BTCUSDT,buy,68680.47000000,0.01800000,2026-08-19T16:16:48.033000+00:00
binance,6582454840,4035599182,BTCUSDT,buy,68680.47000000,0.01100000,2026-08-19T16:16:48.034000+00:00
binance,6582454841,4035599183,BTCUSDT,buy,68680.47000000,0.00900000,2026-08-19T16:16:48.034000+00:00
binance,6582454842,4035599184,BTCUSDT,buy,68680.47000000,0.00300000,2026-08-19T16:16:48.056000+00:00
binance,6582454843,4035599185,BTCUSDT,buy,68680.47000000,0.00173000,2026-08-19T16:16:48.147000+00:00
binance,6582454844,4035599186,BTCUSDT,sell,68680.46000000,0.00058000,2026-08-19T16:16:48.418000+00:00
binance,6582454845,4035599187,BTCUSDT,sell,68680.46000000,0.00076000,2026-08-19T16:16:48.575000+00:00
binance,6582454846,4035599188,BTCUSDT,buy,68680.47000000,0.02913000,2026-08-19T16:16:48.671000+00:00
binance,6582454847,4035599189,BTCUSDT,buy,68680.47000000,0.00020000,2026-08-19T16:16:48.727000+00:00
binance,6582454848,4035599190,BTCUSDT,buy,68680.47000000,0.03980000,2026-08-19T16:16:48.729000+00:00
binance,6582454849,4035599191,BTCUSDT,buy,68680.47000000,0.00087000,2026-08-19T16:16:48.736000+00:00
binance,6582454850,4035599192,BTCUSDT,buy,68680.47000000,0.00900000,2026-08-19T16:16:48.759000+00:00
binance,6582454851,4035599193,BTCUSDT,buy,68680.47000000,0.01100000,2026-08-19T16:16:48.759000+00:00
binance,6582454852,4035599194,BTCUSDT,buy,68680.47000000,0.00300000,2026-08-19T16:16:48.780000+00:00
binance,6582454853,4035599195,BTCUSDT,buy,68680.47000000,0.02800000,2026-08-19T16:16:48.834000+00:00
binance,6582454854,4035599196,BTCUSDT,buy,68680.47000000,0.00900000,2026-08-19T16:16:48.837000+00:00
binance,6582454855,4035599197,BTCUSDT,buy,68680.47000000,0.01800000,2026-08-19T16:16:48.838000+00:00
binance,6582454856,4035599198,BTCUSDT,buy,68680.47000000,0.00600000,2026-08-19T16:16:48.859000+00:00
binance,6582454857,4035599199,BTCUSDT,buy,68680.47000000,0.03000000,2026-08-19T16:16:48.862000+00:00
binance,6582454858,4035599200,BTCUSDT,sell,68680.46000000,0.01176000,2026-08-19T16:16:49.025000+00:00
binance,6582454859,4035599201,BTCUSDT,buy,68680.47000000,0.11600000,2026-08-19T16:16:49.031000+00:00
binance,6582454873,4035599202,BTCUSDT,buy,68680.47000000,0.00294000,2026-08-19T16:16:49.159000+00:00
binance,6582454884,4035599203,BTCUSDT,buy,68680.47000000,0.00900000,2026-08-19T16:16:49.200000+00:00
binance,6582454885,4035599204,BTCUSDT,buy,68680.47000000,0.01100000,2026-08-19T16:16:49.201000+00:00
binance,6582454886,4035599205,BTCUSDT,buy,68680.47000000,0.02566000,2026-08-19T16:16:49.249000+00:00
binance,6582454901,4035599206,BTCUSDT,buy,68680.48000000,0.00048000,2026-08-19T16:16:49.249000+00:00
binance,6582454907,4035599207,BTCUSDT,buy,68681.04000000,0.00024000,2026-08-19T16:16:49.249000+00:00
binance,6582454910,4035599208,BTCUSDT,buy,68681.05000000,0.00362000,2026-08-19T16:16:49.249000+00:00
binance,6582454911,4035599209,BTCUSDT,buy,68681.05000000,0.03000000,2026-08-19T16:16:49.430000+00:00
binance,6582454922,4035599210,BTCUSDT,buy,68681.05000000,0.05890000,2026-08-19T16:16:49.504000+00:00
binance,6582454936,4035599211,BTCUSDT,buy,68681.06000000,0.00049000,2026-08-19T16:16:49.504000+00:00
binance,6582454942,4035599212,BTCUSDT,buy,68681.08000000,0.00008000,2026-08-19T16:16:49.504000+00:00
binance,6582454943,4035599213,BTCUSDT,buy,68682.41000000,0.00024000,2026-08-19T16:16:49.504000+00:00
binance,6582454946,4035599214,BTCUSDT,buy,68682.42000000,0.00029000,2026-08-19T16:16:49.504000+00:00
binance,6582454947,4035599215,BTCUSDT,buy,68682.42000000,0.00100000,2026-08-19T16:16:49.514000+00:00
binance,6582454948,4035599216,BTCUSDT,buy,68682.42000000,0.01900000,2026-08-19T16:16:49.556000+00:00
binance,6582454963,4035599217,BTCUSDT,buy,68682.42000000,0.16000000,2026-08-19T16:16:49.557000+00:00
binance,6582454967,4035599218,BTCUSDT,buy,68682.42000000,0.01800000,2026-08-19T16:16:49.560000+00:00
binance,6582454968,4035599219,BTCUSDT,buy,68682.42000000,0.00900000,2026-08-19T16:16:49.560000+00:00
binance,6582454969,4035599220,BTCUSDT,buy,68682.42000000,0.00300000,2026-08-19T16:16:49.584000+00:00
binance,6582454970,4035599221,BTCUSDT,sell,68682.41000000,0.00114000,2026-08-19T16:16:49.700000+00:00
binance,6582454971,4035599222,BTCUSDT,buy,68682.42000000,0.04200000,2026-08-19T16:16:49.705000+00:00
binance,6582454972,4035599223,BTCUSDT,buy,68682.42000000,0.00700000,2026-08-19T16:16:49.710000+00:00
binance,6582454973,4035599224,BTCUSDT,buy,68682.42000000,0.00700000,2026-08-19T16:16:49.710000+00:00
binance,6582454974,4035599225,BTCUSDT,buy,68682.42000000,0.00400000,2026-08-19T16:16:49.727000+00:00
binance,6582454975,4035599226,BTCUSDT,buy,68682.42000000,0.03400000,2026-08-19T16:16:49.773000+00:00
binance,6582454976,4035599227,BTCUSDT,buy,68682.42000000,0.00900000,2026-08-19T16:16:49.777000+00:00
binance,6582454977,4035599228,BTCUSDT,sell,68682.41000000,0.02911000,2026-08-19T16:16:50.092000+00:00
binance,6582454978,4035599229,BTCUSDT,sell,68682.41000000,0.00017000,2026-08-19T16:16:50.202000+00:00
binance,6582454979,4035599230,BTCUSDT,sell,68682.41000000,0.00072000,2026-08-19T16:16:50.232000+00:00
binance,6582454980,4035599231,BTCUSDT,buy,68682.42000000,0.21505000,2026-08-19T16:16:50.267000+00:00
binance,6582455000,4035599232,BTCUSDT,buy,68682.42000000,0.01442000,2026-08-19T16:16:50.599000+00:00
binance,6582455014,4035599233,BTCUSDT,sell,68682.41000000,0.32129000,2026-08-19T16:16:50.808000+00:00
binance,6582455016,4035599234,BTCUSDT,buy,68682.42000000,0.00030000,2026-08-19T16:16:50.951000+00:00
binance,6582455017,4035599235,BTCUSDT,buy,68682.42000000,0.01600000,2026-08-19T16:16:51.055000+00:00
binance,6582455018,4035599236,BTCUSDT,buy,68682.42000000,0.00646000,2026-08-19T16:16:51.059000+00:00
binance,6582455037,4035599237,BTCUSDT,buy,68682.43000000,0.00072000,2026-08-19T16:16:51.059000+00:00
binance,6582455046,4035599238,BTCUSDT,buy,68682.45000000,0.00016000,2026-08-19T16:16:51.059000+00:00
binance,6582455048,4035599239,BTCUSDT,buy,68682.46000000,0.00008000,2026-08-19T16:16:51.059000+00:00
binance,6582455049,4035599240,BTCUSDT,buy,68682.52000000,0.00024000,2026-08-19T16:16:51.059000+00:00
binance,6582455052,4035599241,BTCUSDT,buy,68682.53000000,0.00134000,2026-08-19T16:16:51.059000+00:00
binance,6582455053,4035599242,BTCUSDT,buy,68682.53000000,0.01100000,2026-08-19T16:16:51.060000+00:00
binance,6582455054,4035599243,BTCUSDT,buy,68682.53000000,0.00900000,2026-08-19T16:16:51.060000+00:00
binance,6582455055,4035599244,BTCUSDT,buy,68682.53000000,0.00300000,2026-08-19T16:16:51.087000+00:00
binance,6582455071,4035599245,BTCUSDT,sell,68682.52000000,0.00025000,2026-08-19T16:16:51.256000+00:00
binance,6582455072,4035599246,BTCUSDT,buy,68682.53000000,0.02133000,2026-08-19T16:16:51.311000+00:00
binance,6582455090,4035599247,BTCUSDT,buy,68682.54000000,0.00088000,2026-08-19T16:16:51.311000+00:00
binance,6582455101,4035599248,BTCUSDT,buy,68682.55000000,0.00679000,2026-08-19T16:16:51.311000+00:00
binance,6582455103,4035599249,BTCUSDT,buy,68682.55000000,0.03000000,2026-08-19T16:16:51.441000+00:00
binance,6582455104,4035599250,BTCUSDT,buy,68682.55000000,0.00500000,2026-08-19T16:16:51.445000+00:00
binance,6582455105,4035599251,BTCUSDT,buy,68682.55000000,0.01800000,2026-08-19T16:16:51.450000+00:00
binance,6582455106,4035599252,BTCUSDT,buy,68682.55000000,0.00635000,2026-08-19T16:16:51.646000+00:00
binance,6582455107,4035599253,BTCUSDT,buy,68682.55000000,0.01763000,2026-08-19T16:16:51.835000+00:00
binance,6582455140,4035599254,BTCUSDT,buy,68682.56000000,0.00072000,2026-08-19T16:16:51.835000+00:00
binance,6582455149,4035599255,BTCUSDT,buy,68682.71000000,0.00024000,2026-08-19T16:16:51.835000+00:00
binance,6582455152,4035599256,BTCUSDT,buy,68682.72000000,0.01999000,2026-08-19T16:16:51.835000+00:00
binance,6582455156,4035599257,BTCUSDT,buy,68682.96000000,0.00032000,2026-08-19T16:16:51.835000+00:00
binance,6582455160,4035599258,BTCUSDT,buy,68682.98000000,0.00024000,2026-08-19T16:16:51.835000+00:00
binance,6582455163,4035599259,BTCUSDT,buy,68682.99000000,0.02620000,2026-08-19T16:16:51.835000+00:00
binance,6582455164,4035599260,BTCUSDT,buy,68683.08000000,0.00009000,2026-08-19T16:16:51.835000+00:00
binance,6582455165,4035599261,BTCUSDT,buy,68683.15000000,0.00008000,2026-08-19T16:16:51.835000+00:00
binance,6582455166,4035599262,BTCUSDT,buy,68683.94000000,0.00016000,2026-08-19T16:16:51.835000+00:00
binance,6582455168,4035599263,BTCUSDT,buy,68684.68000000,0.00008000,2026-08-19T16:16:51.835000+00:00
binance,6582455169,4035599264,BTCUSDT,buy,68684.69000000,0.00600000,2026-08-19T16:16:51.939000+00:00
binance,6582455182,4035599265,BTCUSDT,buy,68684.69000000,0.00600000,2026-08-19T16:16:51.939000+00:00
binance,6582455183,4035599266,BTCUSDT,buy,68684.69000000,0.00500000,2026-08-19T16:16:51.939000+00:00
binance,6582455184,4035599267,BTCUSDT,buy,68684.69000000,0.00600000,2026-08-19T16:16:51.940000+00:00
binance,6582455185,4035599268,BTCUSDT,buy,68684.69000000,0.00300000,2026-08-19T16:16:51.959000+00:00
binance,6582455186,4035599269,BTCUSDT,sell,68684.68000000,0.00034000,2026-08-19T16:16:52.065000+00:00
binance,6582455187,4035599270,BTCUSDT,buy,68684.69000000,0.02534000,2026-08-19T16:16:52.132000+00:00
binance,6582455188,4035599271,BTCUSDT,sell,68684.68000000,0.00311000,2026-08-19T16:16:52.219000+00:00
binance,6582455189,4035599272,BTCUSDT,buy,68684.69000000,0.00159000,2026-08-19T16:16:52.519000+00:00
binance,6582455190,4035599273,BTCUSDT,sell,68684.68000000,0.00021000,2026-08-19T16:16:52.644000+00:00
binance,6582455191,4035599274,BTCUSDT,buy,68684.69000000,0.00010000,2026-08-19T16:16:52.688000+00:00
binance,6582455192,4035599275,BTCUSDT,buy,68684.69000000,0.01100000,2026-08-19T16:16:52.697000+00:00
binance,6582455193,4035599276,BTCUSDT,buy,68684.69000000,0.01800000,2026-08-19T16:16:52.697000+00:00
binance,6582455194,4035599277,BTCUSDT,buy,68684.69000000,0.00900000,2026-08-19T16:16:52.697000+00:00
binance,6582455195,4035599278,BTCUSDT,buy,68684.69000000,0.00900000,2026-08-19T16:16:52.698000+00:00
binance,6582455196,4035599279,BTCUSDT,buy,68684.69000000,0.00300000,2026-08-19T16:16:52.718000+00:00
binance,6582455197,4035599280,BTCUSDT,buy,68684.69000000,0.00843000,2026-08-19T16:16:52.773000+00:00
binance,6582455198,4035599281,BTCUSDT,buy,68684.69000000,0.00729000,2026-08-19T16:16:52.792000+00:00
binance,6582455199,4035599282,BTCUSDT,buy,68684.69000000,0.00729000,2026-08-19T16:16:52.813000+00:00
binance,6582455200,4035599283,BTCUSDT,buy,68684.69000000,0.00007000,2026-08-19T16:16:52.827000+00:00
binance,6582455201,4035599284,BTCUSDT,buy,68684.69000000,0.00520000,2026-08-19T16:16:52.833000+00:00
binance,6582455202,4035599285,BTCUSDT,sell,68684.68000000,0.00027000,2026-08-19T16:16:52.847000+00:00
binance,6582455203,4035599286,BTCUSDT,buy,68684.69000000,0.00729000,2026-08-19T16:16:52.878000+00:00
binance,6582455204,4035599287,BTCUSDT,buy,68684.69000000,0.00729000,2026-08-19T16:16:52.879000+00:00
binance,6582455205,4035599288,BTCUSDT,buy,68684.69000000,0.00729000,2026-08-19T16:16:52.922000+00:00
binance,6582455206,4035599289,BTCUSDT,sell,68684.68000000,0.00023000,2026-08-19T16:16:53.031000+00:00
binance,6582455207,4035599290,BTCUSDT,sell,68684.68000000,0.00014000,2026-08-19T16:16:53.065000+00:00
binance,6582455208,4035599291,BTCUSDT,buy,68684.69000000,0.00729000,2026-08-19T16:16:53.122000+00:00
binance,6582455209,4035599292,BTCUSDT,buy,68684.69000000,0.00013000,2026-08-19T16:16:53.374000+00:00
binance,6582455210,4035599293,BTCUSDT,buy,68684.69000000,0.00010000,2026-08-19T16:16:53.397000+00:00
binance,6582455211,4035599294,BTCUSDT,buy,68684.69000000,0.00008000,2026-08-19T16:16:53.397000+00:00
binance,6582455212,4035599295,BTCUSDT,buy,68684.69000000,0.01800000,2026-08-19T16:16:53.399000+00:00
binance,6582455213,4035599296,BTCUSDT,buy,68684.69000000,0.00900000,2026-08-19T16:16:53.399000+00:00
binance,6582455214,4035599297,BTCUSDT,buy,68684.69000000,0.00900000,2026-08-19T16:16:53.400000+00:00
binance,6582455215,4035599298,BTCUSDT,buy,68684.69000000,0.01100000,2026-08-19T16:16:53.400000+00:00
binance,6582455216,4035599299,BTCUSDT,buy,68684.69000000,0.00013000,2026-08-19T16:16:53.406000+00:00
binance,6582455217,4035599300,BTCUSDT,buy,68684.69000000,0.00008000,2026-08-19T16:16:53.407000+00:00
binance,6582455218,4035599301,BTCUSDT,buy,68684.69000000,0.00045000,2026-08-19T16:16:53.421000+00:00
binance,6582455219,4035599302,BTCUSDT,buy,68684.69000000,0.00729000,2026-08-19T16:16:53.423000+00:00
binance,6582455220,4035599303,BTCUSDT,buy,68684.69000000,0.00300000,2026-08-19T16:16:53.423000+00:00
binance,6582455221,4035599304,BTCUSDT,buy,68684.69000000,0.00044000,2026-08-19T16:16:53.445000+00:00
binance,6582455222,4035599305,BTCUSDT,buy,68684.69000000,0.00729000,2026-08-19T16:16:53.450000+00:00
binance,6582455223,4035599306,BTCUSDT,buy,68684.69000000,0.00729000,2026-08-19T16:16:53.472000+00:00
binance,6582455224,4035599307,BTCUSDT,buy,68684.69000000,0.00012000,2026-08-19T16:16:53.520000+00:00
binance,6582455225,4035599308,BTCUSDT,buy,68684.69000000,0.00860000,2026-08-19T16:16:53.521000+00:00
binance,6582455226,4035599309,BTCUSDT,buy,68684.69000000,0.01600000,2026-08-19T16:16:53.521000+00:00
binance,6582455227,4035599310,BTCUSDT,buy,68684.69000000,0.03499000,2026-08-19T16:16:53.521000+00:00
binance,6582455252,4035599311,BTCUSDT,buy,68684.70000000,0.00040000,2026-08-19T16:16:53.521000+00:00
binance,6582455257,4035599312,BTCUSDT,sell,68685.87000000,0.00019000,2026-08-19T16:16:53.525000+00:00
binance,6582455258,4035599313,BTCUSDT,buy,68685.88000000,0.01097000,2026-08-19T16:16:53.528000+00:00
binance,6582455275,4035599314,BTCUSDT,buy,68685.88000000,0.00008000,2026-08-19T16:16:54.155000+00:00
binance,6582455276,4035599315,BTCUSDT,buy,68685.88000000,0.00900000,2026-08-19T16:16:54.208000+00:00
binance,6582455284,4035599316,BTCUSDT,buy,68685.88000000,0.00010000,2026-08-19T16:16:54.208000+00:00
binance,6582455285,4035599317,BTCUSDT,buy,68685.88000000,0.01700000,2026-08-19T16:16:54.208000+00:00
binance,6582455286,4035599318,BTCUSDT,buy,68685.88000000,0.00900000,2026-08-19T16:16:54.208000+00:00
binance,6582455287,4035599319,BTCUSDT,buy,68685.88000000,0.00300000,2026-08-19T16:16:54.225000+00:00
binance,6582455288,4035599320,BTCUSDT,buy,68685.88000000,0.16539000,2026-08-19T16:16:54.243000+00:00
binance,6582455302,4035599321,BTCUSDT,buy,68685.89000000,0.00024000,2026-08-19T16:16:54.243000+00:00
binance,6582455305,4035599322,BTCUSDT,buy,68685.94000000,0.00677000,2026-08-19T16:16:54.243000+00:00
binance,6582455306,4035599323,BTCUSDT,buy,68685.95000000,0.00017000,2026-08-19T16:16:54.243000+00:00
binance,6582455308,4035599324,BTCUSDT,buy,68686.41000000,0.00016000,2026-08-19T16:16:54.244000+00:00
binance,6582455310,4035599325,BTCUSDT,buy,68686.75000000,0.00040000,2026-08-19T16:16:54.244000+00:00
binance,6582455315,4035599326,BTCUSDT,buy,68687.34000000,0.00024000,2026-08-19T16:16:54.244000+00:00
binance,6582455318,4035599327,BTCUSDT,buy,68687.35000000,0.03018000,2026-08-19T16:16:54.244000+00:00
binance,6582455319,4035599328,BTCUSDT,buy,68687.64000000,0.00024000,2026-08-19T16:16:54.244000+00:00
binance,6582455322,4035599329,BTCUSDT,buy,68687.65000000,0.02620000,2026-08-19T16:16:54.244000+00:00
binance,6582455323,4035599330,BTCUSDT,buy,68687.68000000,0.00008000,2026-08-19T16:16:54.244000+00:00
binance,6582455324,4035599331,BTCUSDT,buy,68688.36000000,0.00066000,2026-08-19T16:16:54.246000+00:00
binance,6582455332,4035599332,BTCUSDT,buy,68688.37000000,0.00048000,2026-08-19T16:16:54.248000+00:00
binance,6582455338,4035599333,BTCUSDT,buy,68688.48000000,0.00016000,2026-08-19T16:16:54.248000+00:00
binance,6582455340,4035599334,BTCUSDT,buy,68688.64000000,0.00008000,2026-08-19T16:16:54.248000+00:00
binance,6582455341,4035599335,BTCUSDT,buy,68689.14000000,0.00024000,2026-08-19T16:16:54.248000+00:00
binance,6582455344,4035599336,BTCUSDT,buy,68689.18000000,0.00107000,2026-08-19T16:16:54.252000+00:00
binance,6582455357,4035599337,BTCUSDT,buy,68689.19000000,0.00024000,2026-08-19T16:16:54.252000+00:00
binance,6582455360,4035599338,BTCUSDT,buy,68689.48000000,0.00018000,2026-08-19T16:16:54.252000+00:00
binance,6582455361,4035599339,BTCUSDT,buy,68689.62000000,0.00009000,2026-08-19T16:16:54.252000+00:00
binance,6582455362,4035599340,BTCUSDT,buy,68691.56000000,0.00022000,2026-08-19T16:16:54.279000+00:00
binance,6582455365,4035599341,BTCUSDT,sell,68691.55000000,0.00058000,2026-08-19T16:16:54.448000+00:00
binance,6582455366,4035599342,BTCUSDT,buy,68691.56000000,0.00900000,2026-08-19T16:16:54.550000+00:00
binance,6582455383,4035599343,BTCUSDT,buy,68691.56000000,0.01800000,2026-08-19T16:16:54.551000+00:00
binance,6582455384,4035599344,BTCUSDT,buy,68691.56000000,0.00434000,2026-08-19T16:16:54.551000+00:00
binance,6582455390,4035599345,BTCUSDT,buy,68691.57000000,0.00048000,2026-08-19T16:16:54.551000+00:00
binance,6582455396,4035599346,BTCUSDT,buy,68691.68000000,0.00043000,2026-08-19T16:16:54.551000+00:00
binance,6582455397,4035599347,BTCUSDT,buy,68692.12000000,0.00050000,2026-08-19T16:16:54.553000+00:00
binance,6582455403,4035599348,BTCUSDT,buy,68692.41000000,0.00007000,2026-08-19T16:16:54.553000+00:00
binance,6582455404,4035599349,BTCUSDT,buy,68692.41000000,0.00026000,2026-08-19T16:16:54.554000+00:00
binance,6582455408,4035599350,BTCUSDT,buy,68692.81000000,0.00016000,2026-08-19T16:16:54.554000+00:00
binance,6582455410,4035599351,BTCUSDT,buy,68692.83000000,0.00024000,2026-08-19T16:16:54.554000+00:00
binance,6582455413,4035599352,BTCUSDT,buy,68692.84000000,0.00375000,2026-08-19T16:16:54.558000+00:00
binance,6582455414,4035599353,BTCUSDT,buy,68692.84000000,0.00300000,2026-08-19T16:16:54.581000+00:00
binance,6582455415,4035599354,BTCUSDT,buy,68692.84000000,0.00900000,2026-08-19T16:16:54.700000+00:00
binance,6582455416,4035599355,BTCUSDT,buy,68692.84000000,0.00900000,2026-08-19T16:16:54.706000+00:00
binance,6582455426,4035599356,BTCUSDT,buy,68692.84000000,0.01800000,2026-08-19T16:16:54.706000+00:00
binance,6582455427,4035599357,BTCUSDT,buy,68692.84000000,0.00014000,2026-08-19T16:16:54.789000+00:00
binance,6582455428,4035599358,BTCUSDT,sell,68692.83000000,0.00028000,2026-08-19T16:16:54.849000+00:00
binance,6582455429,4035599359,BTCUSDT,buy,68692.84000000,0.00900000,2026-08-19T16:16:55.034000+00:00
binance,6582455430,4035599360,BTCUSDT,buy,68692.84000000,0.01800000,2026-08-19T16:16:55.034000+00:00
binance,6582455431,4035599361,BTCUSDT,buy,68692.84000000,0.00900000,2026-08-19T16:16:55.034000+00:00
binance,6582455432,4035599362,BTCUSDT,buy,68692.84000000,0.00300000,2026-08-19T16:16:55.060000+00:00
binance,6582455433,4035599363,BTCUSDT,sell,68692.83000000,0.00014000,2026-08-19T16:16:55.232000+00:00
binance,6582455434,4035599364,BTCUSDT,buy,68692.84000000,0.00136000,2026-08-19T16:16:55.817000+00:00
binance,6582455435,4035599365,BTCUSDT,sell,68692.83000000,0.00017000,2026-08-19T16:16:55.922000+00:00
binance,6582455436,4035599366,BTCUSDT,buy,68692.84000000,0.00372000,2026-08-19T16:16:55.988000+00:00
binance,6582455437,4035599367,BTCUSDT,buy,68692.84000000,0.04000000,2026-08-19T16:16:56.064000+00:00
binance,6582455438,4035599368,BTCUSDT,buy,68692.84000000,0.01000000,2026-08-19T16:16:56.070000+00:00
binance,6582455439,4035599369,BTCUSDT,buy,68692.84000000,0.02000000,2026-08-19T16:16:56.070000+00:00
binance,6582455440,4035599370,BTCUSDT,buy,68692.84000000,0.00900000,2026-08-19T16:16:56.086000+00:00
binance,6582455441,4035599371,BTCUSDT,buy,68692.84000000,0.01800000,2026-08-19T16:16:56.086000+00:00
binance,6582455442,4035599372,BTCUSDT,buy,68692.84000000,0.00900000,2026-08-19T16:16:56.088000+00:00
binance,6582455443,4035599373,BTCUSDT,buy,68692.84000000,0.00300000,2026-08-19T16:16:56.105000+00:00
binance,6582455444,4035599374,BTCUSDT,buy,68692.84000000,0.01774000,2026-08-19T16:16:56.335000+00:00
binance,6582455462,4035599375,BTCUSDT,buy,68692.85000000,0.00589000,2026-08-19T16:16:56.335000+00:00
binance,6582455470,4035599376,BTCUSDT,buy,68693.45000000,0.00008000,2026-08-19T16:16:56.335000+00:00
binance,6582455471,4035599377,BTCUSDT,buy,68693.61000000,0.00069000,2026-08-19T16:16:56.335000+00:00
binance,6582455472,4035599378,BTCUSDT,buy,68694.06000000,0.00016000,2026-08-19T16:16:56.335000+00:00
binance,6582455474,4035599379,BTCUSDT,buy,68694.14000000,0.00008000,2026-08-19T16:16:56.335000+00:00
binance,6582455475,4035599380,BTCUSDT,buy,68694.55000000,0.00008000,2026-08-19T16:16:56.335000+00:00
binance,6582455476,4035599381,BTCUSDT,buy,68695.19000000,0.00430000,2026-08-19T16:16:56.548000+00:00
binance,6582455492,4035599382,BTCUSDT,buy,68695.19000000,0.02000000,2026-08-19T16:16:56.549000+00:00
binance,6582455493,4035599383,BTCUSDT,buy,68695.19000000,0.08000000,2026-08-19T16:16:56.549000+00:00
binance,6582455494,4035599384,BTCUSDT,buy,68695.19000000,0.00570000,2026-08-19T16:16:56.551000+00:00
binance,6582455495,4035599385,BTCUSDT,buy,68695.19000000,0.15761000,2026-08-19T16:16:56.551000+00:00
binance,6582455521,4035599386,BTCUSDT,buy,68695.20000000,0.00048000,2026-08-19T16:16:56.551000+00:00
binance,6582455527,4035599387,BTCUSDT,buy,68695.34000000,0.00032000,2026-08-19T16:16:56.551000+00:00
binance,6582455531,4035599388,BTCUSDT,buy,68695.64000000,0.00017000,2026-08-19T16:16:56.551000+00:00
binance,6582455533,4035599389,BTCUSDT,buy,68696.16000000,0.00009000,2026-08-19T16:16:56.551000+00:00
binance,6582455534,4035599390,BTCUSDT,buy,68696.27000000,0.00082000,2026-08-19T16:16:56.554000+00:00
binance,6582455544,4035599391,BTCUSDT,buy,68696.28000000,0.00032000,2026-08-19T16:16:56.554000+00:00
binance,6582455548,4035599392,BTCUSDT,buy,68696.41000000,0.00084000,2026-08-19T16:16:56.554000+00:00
binance,6582455557,4035599393,BTCUSDT,buy,68696.69000000,0.00743000,2026-08-19T16:16:56.555000+00:00
binance,6582455560,4035599394,BTCUSDT,buy,68697.08000000,0.00048000,2026-08-19T16:16:56.555000+00:00
binance,6582455561,4035599395,BTCUSDT,buy,68697.42000000,0.00032000,2026-08-19T16:16:56.555000+00:00
binance,6582455565,4035599396,BTCUSDT,buy,68697.69000000,0.00024000,2026-08-19T16:16:56.555000+00:00
binance,6582455568,4035599397,BTCUSDT,buy,68698.43000000,0.00016000,2026-08-19T16:16:56.555000+00:00
binance,6582455570,4035599398,BTCUSDT,buy,68698.78000000,0.05565000,2026-08-19T16:16:56.555000+00:00
binance,6582455571,4035599399,BTCUSDT,buy,68698.87000000,0.00017000,2026-08-19T16:16:56.555000+00:00
binance,6582455573,4035599400,BTCUSDT,buy,68698.94000000,0.00008000,2026-08-19T16:16:56.555000+00:00
binance,6582455574,4035599401,BTCUSDT,buy,68699.30000000,0.00291000,2026-08-19T16:16:56.555000+00:00
binance,6582455575,4035599402,BTCUSDT,buy,68699.70000000,0.00008000,2026-08-19T16:16:56.555000+00:00
binance,6582455576,4035599403,BTCUSDT,buy,68699.73000000,0.00016000,2026-08-19T16:16:56.555000+00:00
binance,6582455578,4035599404,BTCUSDT,buy,68699.76000000,0.00008000,2026-08-19T16:16:56.555000+00:00
binance,6582455579,4035599405,BTCUSDT,buy,68699.77000000,0.00273000,2026-08-19T16:16:56.555000+00:00
binance,6582455580,4035599406,BTCUSDT,buy,68699.99000000,0.00024000,2026-08-19T16:16:56.555000+00:00
binance,6582455583,4035599407,BTCUSDT,buy,68700.00000000,0.00400000,2026-08-19T16:16:56.559000+00:00
binance,6582455585,4035599408,BTCUSDT,buy,68700.00000000,0.00400000,2026-08-19T16:16:56.559000+00:00
binance,6582455587,4035599409,BTCUSDT,buy,68700.00000000,0.00400000,2026-08-19T16:16:56.559000+00:00
binance,6582455588,4035599410,BTCUSDT,buy,68700.00000000,0.00300000,2026-08-19T16:16:56.568000+00:00
binance,6582455589,4035599411,BTCUSDT,buy,68700.00000000,0.01000000,2026-08-19T16:16:56.614000+00:00
binance,6582455590,4035599412,BTCUSDT,buy,68700.00000000,0.02000000,2026-08-19T16:16:56.614000+00:00
binance,6582455591,4035599413,BTCUSDT,buy,68700.00000000,0.01800000,2026-08-19T16:16:56.960000+00:00
binance,6582455592,4035599414,BTCUSDT,buy,68700.00000000,0.00900000,2026-08-19T16:16:56.961000+00:00
binance,6582455593,4035599415,BTCUSDT,buy,68700.00000000,0.00300000,2026-08-19T16:16:56.983000+00:00
binance,6582455594,4035599416,BTCUSDT,sell,68699.99000000,0.00029000,2026-08-19T16:16:56.988000+00:00
binance,6582455595,4035599417,BTCUSDT,sell,68699.99000000,0.02320000,2026-08-19T16:16:57.026000+00:00
binance,6582455596,4035599418,BTCUSDT,sell,68699.99000000,0.00064000,2026-08-19T16:16:57.238000+00:00
binance,6582455597,4035599419,BTCUSDT,sell,68699.99000000,0.00123000,2026-08-19T16:16:57.371000+00:00
binance,6582455598,4035599420,BTCUSDT,buy,68700.00000000,0.00174000,2026-08-19T16:16:57.403000+00:00
binance,6582455599,4035599421,BTCUSDT,sell,68699.99000000,0.37681000,2026-08-19T16:16:57.415000+00:00
binance,6582455601,4035599422,BTCUSDT,sell,68699.99000000,0.15849000,2026-08-19T16:16:58.190000+00:00
binance,6582455602,4035599423,BTCUSDT,sell,68699.99000000,0.00177000,2026-08-19T16:16:58.244000+00:00
binance,6582455603,4035599424,BTCUSDT,buy,68700.00000000,0.02912000,2026-08-19T16:16:58.320000+00:00
binance,6582455604,4035599425,BTCUSDT,buy,68700.00000000,0.02911000,2026-08-19T16:16:58.508000+00:00
binance,6582455605,4035599426,BTCUSDT,sell,68699.99000000,0.21177000,2026-08-19T16:16:58.593000+00:00
binance,6582455607,4035599427,BTCUSDT,buy,68700.00000000,0.00007000,2026-08-19T16:16:58.631000+00:00
binance,6582455608,4035599428,BTCUSDT,buy,68700.00000000,0.00100000,2026-08-19T16:16:58.775000+00:00
binance,6582455609,4035599429,BTCUSDT,sell,68699.99000000,0.01578000,2026-08-19T16:16:58.830000+00:00
binance,6582455610,4035599430,BTCUSDT,buy,68700.00000000,0.03000000,2026-08-19T16:16:58.837000+00:00
binance,6582455627,4035599431,BTCUSDT,buy,68700.00000000,0.03000000,2026-08-19T16:16:58.940000+00:00
binance,6582455628,4035599432,BTCUSDT,sell,68699.99000000,0.00024000,2026-08-19T16:16:59.059000+00:00
binance,6582455629,4035599433,BTCUSDT,buy,68700.00000000,0.01900000,2026-08-19T16:16:59.070000+00:00
binance,6582455630,4035599434,BTCUSDT,buy,68700.00000000,0.04000000,2026-08-19T16:16:59.070000+00:00
binance,6582455631,4035599435,BTCUSDT,buy,68700.00000000,0.01800000,2026-08-19T16:16:59.074000+00:00
binance,6582455632,4035599436,BTCUSDT,buy,68700.00000000,0.00900000,2026-08-19T16:16:59.074000+00:00
binance,6582455633,4035599437,BTCUSDT,buy,68700.00000000,0.00900000,2026-08-19T16:16:59.074000+00:00
binance,6582455634,4035599438,BTCUSDT,buy,68700.00000000,0.01100000,2026-08-19T16:16:59.075000+00:00
binance,6582455635,4035599439,BTCUSDT,buy,68700.00000000,0.00300000,2026-08-19T16:16:59.098000+00:00
binance,6582455636,4035599440,BTCUSDT,buy,68700.00000000,0.07278000,2026-08-19T16:16:59.159000+00:00
binance,6582455637,4035599441,BTCUSDT,buy,68700.00000000,0.02000000,2026-08-19T16:16:59.171000+00:00
binance,6582455644,4035599442,BTCUSDT,buy,68700.00000000,0.06000000,2026-08-19T16:16:59.213000+00:00
binance,6582455645,4035599443,BTCUSDT,buy,68700.00000000,0.01015000,2026-08-19T16:16:59.274000+00:00
binance,6582455646,4035599444,BTCUSDT,buy,68700.00000000,0.00300000,2026-08-19T16:16:59.348000+00:00
binance,6582455647,4035599445,BTCUSDT,sell,68699.99000000,0.00747000,2026-08-19T16:16:59.649000+00:00
binance,6582455649,4035599446,BTCUSDT,sell,68699.99000000,0.00223000,2026-08-19T16:17:00.087000+00:00
binance,6582455650,4035599447,BTCUSDT,sell,68699.99000000,0.00454000,2026-08-19T16:17:00.416000+00:00
binance,6582455651,4035599448,BTCUSDT,buy,68700.00000000,0.01100000,2026-08-19T16:17:00.449000+00:00
binance,6582455660,4035599449,BTCUSDT,buy,68700.00000000,0.00900000,2026-08-19T16:17:00.450000+00:00
binance,6582455661,4035599450,BTCUSDT,buy,68700.00000000,0.00900000,2026-08-19T16:17:00.450000+00:00
binance,6582455662,4035599451,BTCUSDT,sell,68699.99000000,0.00041000,2026-08-19T16:17:00.452000+00:00
binance,6582455663,4035599452,BTCUSDT,buy,68700.00000000,0.02000000,2026-08-19T16:17:00.559000+00:00
binance,6582455689,4035599453,BTCUSDT,buy,68700.00000000,0.06000000,2026-08-19T16:17:00.632000+00:00
binance,6582455690,4035599454,BTCUSDT,buy,68700.00000000,0.02000000,2026-08-19T16:17:00.646000+00:00
binance,6582455691,4035599455,BTCUSDT,buy,68700.00000000,0.00300000,2026-08-19T16:17:00.669000+00:00
binance,6582455692,4035599456,BTCUSDT,sell,68699.99000000,0.00019000,2026-08-19T16:17:00.792000+00:00
binance,6582455693,4035599457,BTCUSDT,sell,68699.99000000,0.00349000,2026-08-19T16:17:00.794000+00:00
binance,6582455694,4035599458,BTCUSDT,buy,68700.00000000,0.00113000,2026-08-19T16:17:01.135000+00:00
binance,6582455695,4035599459,BTCUSDT,sell,68699.99000000,0.00014000,2026-08-19T16:17:01.137000+00:00
binance,6582455696,4035599460,BTCUSDT,buy,68700.00000000,0.00900000,2026-08-19T16:17:01.187000+00:00
binance,6582455697,4035599461,BTCUSDT,buy,68700.00000000,0.01100000,2026-08-19T16:17:01.187000+00:00
binance,6582455698,4035599462,BTCUSDT,sell,68699.99000000,0.00014000,2026-08-19T16:17:01.246000+00:00
binance,6582455699,4035599463,BTCUSDT,sell,68699.99000000,0.00103000,2026-08-19T16:17:01.396000+00:00
binance,6582455700,4035599464,BTCUSDT,buy,68700.00000000,0.00900000,2026-08-19T16:17:01.402000+00:00
binance,6582455701,4035599465,BTCUSDT,buy,68700.00000000,0.00300000,2026-08-19T16:17:01.418000+00:00
binance,6582455702,4035599466,BTCUSDT,buy,68700.00000000,0.00300000,2026-08-19T16:17:01.744000+00:00
binance,6582455703,4035599467,BTCUSDT,sell,68699.99000000,0.00334000,2026-08-19T16:17:01.744000+00:00
binance,6582455704,4035599468,BTCUSDT,buy,68700.00000000,0.03700000,2026-08-19T16:17:01.794000+00:00
binance,6582455705,4035599469,BTCUSDT,sell,68699.99000000,0.00014000,2026-08-19T16:17:02.084000+00:00
binance,6582455706,4035599470,BTCUSDT,sell,68699.99000000,0.00291000,2026-08-19T16:17:02.100000+00:00
binance,6582455707,4035599471,BTCUSDT,buy,68700.00000000,0.00054000,2026-08-19T16:17:02.133000+00:00
binance,6582455708,4035599472,BTCUSDT,sell,68699.99000000,0.07394000,2026-08-19T16:17:02.186000+00:00
binance,6582455709,4035599473,BTCUSDT,sell,68699.99000000,0.02232000,2026-08-19T16:17:02.309000+00:00
binance,6582455710,4035599474,BTCUSDT,sell,68699.99000000,0.00268000,2026-08-19T16:17:02.361000+00:00
binance,6582455711,4035599475,BTCUSDT,sell,68699.99000000,0.14557000,2026-08-19T16:17:02.390000+00:00
binance,6582455720,4035599476,BTCUSDT,sell,68699.99000000,0.04300000,2026-08-19T16:17:02.391000+00:00
binance,6582455721,4035599477,BTCUSDT,sell,68699.99000000,0.00860000,2026-08-19T16:17:02.391000+00:00
binance,6582455722,4035599478,BTCUSDT,sell,68699.99000000,0.00010000,2026-08-19T16:17:02.395000+00:00
binance,6582455723,4035599479,BTCUSDT,sell,68699.99000000,0.10184000,2026-08-19T16:17:02.459000+00:00
binance,6582455762,4035599480,BTCUSDT,sell,68699.98000000,0.00056000,2026-08-19T16:17:02.459000+00:00
binance,6582455769,4035599481,BTCUSDT,sell,68699.65000000,0.00008000,2026-08-19T16:17:02.459000+00:00
binance,6582455770,4035599482,BTCUSDT,sell,68698.96000000,0.00008000,2026-08-19T16:17:02.459000+00:00
binance,6582455771,4035599483,BTCUSDT,sell,68698.87000000,0.00008000,2026-08-19T16:17:02.459000+00:00
binance,6582455772,4035599484,BTCUSDT,sell,68697.73000000,0.00024000,2026-08-19T16:17:02.459000+00:00
binance,6582455775,4035599485,BTCUSDT,sell,68697.72000000,0.06137000,2026-08-19T16:17:02.459000+00:00
binance,6582455777,4035599486,BTCUSDT,sell,68696.90000000,0.00008000,2026-08-19T16:17:02.459000+00:00
binance,6582455778,4035599487,BTCUSDT,sell,68696.68000000,0.00016000,2026-08-19T16:17:02.459000+00:00
binance,6582455780,4035599488,BTCUSDT,sell,68696.28000000,0.00008000,2026-08-19T16:17:02.459000+00:00
binance,6582455781,4035599489,BTCUSDT,sell,68696.26000000,0.00040000,2026-08-19T16:17:02.459000+00:00
binance,6582455786,4035599490,BTCUSDT,sell,68696.23000000,0.00016000,2026-08-19T16:17:02.459000+00:00
binance,6582455788,4035599491,BTCUSDT,sell,68695.64000000,0.00008000,2026-08-19T16:17:02.459000+00:00
binance,6582455789,4035599492,BTCUSDT,sell,68695.36000000,0.00008000,2026-08-19T16:17:02.459000+00:00
binance,6582455790,4035599493,BTCUSDT,sell,68695.18000000,0.00032000,2026-08-19T16:17:02.459000+00:00
binance,6582455794,4035599494,BTCUSDT,sell,68694.56000000,0.00008000,2026-08-19T16:17:02.459000+00:00
binance,6582455795,4035599495,BTCUSDT,sell,68694.00000000,0.00008000,2026-08-19T16:17:02.459000+00:00
binance,6582455796,4035599496,BTCUSDT,sell,68693.12000000,0.33690000,2026-08-19T16:17:02.879000+00:00
binance,6582455817,4035599497,BTCUSDT,sell,68693.12000000,0.00053000,2026-08-19T16:17:02.881000+00:00
binance,6582455824,4035599498,BTCUSDT,sell,68693.11000000,0.00024000,2026-08-19T16:17:02.881000+00:00
binance,6582455827,4035599499,BTCUSDT,sell,68692.83000000,0.00040000,2026-08-19T16:17:02.881000+00:00
binance,6582455832,4035599500,BTCUSDT,sell,68692.41000000,0.00008000,2026-08-19T16:17:02.881000+00:00
binance,6582455833,4035599501,BTCUSDT,sell,68692.16000000,0.00016000,2026-08-19T16:17:02.881000+00:00
binance,6582455835,4035599502,BTCUSDT,sell,68690.81000000,0.00024000,2026-08-19T16:17:02.881000+00:00
binance,6582455838,4035599503,BTCUSDT,sell,68690.80000000,0.00114000,2026-08-19T16:17:02.885000+00:00
binance,6582455852,4035599504,BTCUSDT,sell,68690.79000000,0.00024000,2026-08-19T16:17:02.885000+00:00
binance,6582455855,4035599505,BTCUSDT,sell,68690.03000000,0.00008000,2026-08-19T16:17:02.885000+00:00
binance,6582455856,4035599506,BTCUSDT,sell,68689.48000000,0.00018000,2026-08-19T16:17:02.885000+00:00
binance,6582455857,4035599507,BTCUSDT,sell,68689.41000000,0.00008000,2026-08-19T16:17:02.885000+00:00
binance,6582455858,4035599508,BTCUSDT,sell,68689.24000000,0.00016000,2026-08-19T16:17:02.885000+00:00
binance,6582455860,4035599509,BTCUSDT,sell,68689.18000000,0.00017000,2026-08-19T16:17:02.885000+00:00
binance,6582455862,4035599510,BTCUSDT,sell,68688.45000000,0.01215000,2026-08-19T16:17:02.885000+00:00
binance,6582455863,4035599511,BTCUSDT,sell,68690.80000000,0.00042000,2026-08-19T16:17:02.887000+00:00
binance,6582455868,4035599512,BTCUSDT,sell,68690.79000000,0.00008000,2026-08-19T16:17:02.887000+00:00
binance,6582455869,4035599513,BTCUSDT,sell,68690.78000000,0.00008000,2026-08-19T16:17:02.887000+00:00
binance,6582455870,4035599514,BTCUSDT,sell,68688.46000000,0.00016000,2026-08-19T16:17:02.887000+00:00
binance,6582455872,4035599515,BTCUSDT,sell,68688.45000000,0.04796000,2026-08-19T16:17:02.887000+00:00
binance,6582455879,4035599516,BTCUSDT,sell,68688.44000000,0.00016000,2026-08-19T16:17:02.887000+00:00
binance,6582455881,4035599517,BTCUSDT,sell,68688.00000000,0.00026000,2026-08-19T16:17:02.887000+00:00
binance,6582455884,4035599518,BTCUSDT,sell,68687.97000000,0.00024000,2026-08-19T16:17:02.887000+00:00
binance,6582455887,4035599519,BTCUSDT,sell,68687.96000000,0.00008000,2026-08-19T16:17:02.887000+00:00
binance,6582455888,4035599520,BTCUSDT,sell,68687.69000000,0.00008000,2026-08-19T16:17:02.887000+00:00
binance,6582455889,4035599521,BTCUSDT,sell,68687.43000000,0.00032000,2026-08-19T16:17:02.887000+00:00
binance,6582455893,4035599522,BTCUSDT,sell,68686.61000000,0.00008000,2026-08-19T16:17:02.887000+00:00
binance,6582455894,4035599523,BTCUSDT,sell,68686.49000000,0.00024000,2026-08-19T16:17:02.887000+00:00
binance,6582455897,4035599524,BTCUSDT,sell,68686.48000000,0.00010000,2026-08-19T16:17:03.051000+00:00
binance,6582455899,4035599525,BTCUSDT,buy,68686.49000000,0.00011000,2026-08-19T16:17:03.062000+00:00
binance,6582455900,4035599526,BTCUSDT,sell,68686.48000000,0.06205000,2026-08-19T16:17:03.227000+00:00
binance,6582455927,4035599527,BTCUSDT,sell,68686.47000000,0.00048000,2026-08-19T16:17:03.227000+00:00
binance,6582455933,4035599528,BTCUSDT,sell,68685.95000000,0.00017000,2026-08-19T16:17:03.227000+00:00
binance,6582455935,4035599529,BTCUSDT,sell,68684.18000000,0.00016000,2026-08-19T16:17:03.229000+00:00
binance,6582455937,4035599530,BTCUSDT,sell,68684.17000000,0.00016000,2026-08-19T16:17:03.229000+00:00
binance,6582455939,4035599531,BTCUSDT,sell,68684.12000000,0.00009000,2026-08-19T16:17:03.229000+00:00
binance,6582455941,4035599532,BTCUSDT,sell,68684.12000000,0.00114000,2026-08-19T16:17:03.232000+00:00
binance,6582455955,4035599533,BTCUSDT,sell,68684.11000000,0.00194000,2026-08-19T16:17:03.238000+00:00
binance,6582455979,4035599534,BTCUSDT,sell,68684.10000000,0.00064000,2026-08-19T16:17:03.238000+00:00
binance,6582455987,4035599535,BTCUSDT,sell,68683.16000000,0.00008000,2026-08-19T16:17:03.238000+00:00
binance,6582455988,4035599536,BTCUSDT,buy,68683.14000000,0.00276000,2026-08-19T16:17:03.239000+00:00
binance,6582455989,4035599537,BTCUSDT,sell,68683.13000000,0.00138000,2026-08-19T16:17:03.243000+00:00
binance,6582456006,4035599538,BTCUSDT,sell,68683.12000000,0.00064000,2026-08-19T16:17:03.243000+00:00
binance,6582456014,4035599539,BTCUSDT,sell,68683.08000000,0.00009000,2026-08-19T16:17:03.243000+00:00
binance,6582456015,4035599540,BTCUSDT,sell,68682.72000000,0.00008000,2026-08-19T16:17:03.243000+00:00
binance,6582456016,4035599541,BTCUSDT,sell,68682.55000000,0.00018000,2026-08-19T16:17:03.243000+00:00
binance,6582456017,4035599542,BTCUSDT,sell,68682.43000000,0.00024000,2026-08-19T16:17:03.243000+00:00
binance,6582456020,4035599543,BTCUSDT,sell,68682.42000000,0.00010000,2026-08-19T16:17:03.462000+00:00
binance,6582456021,4035599544,BTCUSDT,sell,68682.42000000,0.00182000,2026-08-19T16:17:03.487000+00:00
binance,6582456022,4035599545,BTCUSDT,buy,68682.43000000,0.00700000,2026-08-19T16:17:04.171000+00:00
binance,6582456023,4035599546,BTCUSDT,buy,68682.43000000,0.00123000,2026-08-19T16:17:04.179000+00:00
binance,6582456024,4035599547,BTCUSDT,sell,68682.42000000,0.00175000,2026-08-19T16:17:04.182000+00:00
binance,6582456025,4035599548,BTCUSDT,sell,68682.42000000,0.00015000,2026-08-19T16:17:04.551000+00:00
binance,6582456026,4035599549,BTCUSDT,buy,68682.43000000,0.14560000,2026-08-19T16:17:05.156000+00:00
binance,6582456027,4035599550,BTCUSDT,buy,68682.43000000,0.00010000,2026-08-19T16:17:05.156000+00:00
binance,6582456028,4035599551,BTCUSDT,buy,68682.43000000,0.00860000,2026-08-19T16:17:05.176000+00:00
binance,6582456038,4035599552,BTCUSDT,buy,68682.43000000,0.01000000,2026-08-19T16:17:05.177000+00:00
binance,6582456039,4035599553,BTCUSDT,buy,68682.43000000,0.00745000,2026-08-19T16:17:05.179000+00:00
binance,6582456059,4035599554,BTCUSDT,buy,68682.72000000,0.00008000,2026-08-19T16:17:05.179000+00:00
binance,6582456060,4035599555,BTCUSDT,buy,68683.14000000,0.00020000,2026-08-19T16:17:05.180000+00:00
binance,6582456063,4035599556,BTCUSDT,buy,68683.14000000,0.00054000,2026-08-19T16:17:05.181000+00:00
binance,6582456070,4035599557,BTCUSDT,buy,68684.12000000,0.00016000,2026-08-19T16:17:05.182000+00:00
binance,6582456072,4035599558,BTCUSDT,buy,68684.13000000,0.00016000,2026-08-19T16:17:05.182000+00:00
binance,6582456074,4035599559,BTCUSDT,buy,68684.18000000,0.00048000,2026-08-19T16:17:05.182000+00:00
binance,6582456080,4035599560,BTCUSDT,buy,68684.19000000,0.00040000,2026-08-19T16:17:05.182000+00:00
binance,6582456085,4035599561,BTCUSDT,buy,68684.53000000,0.00040000,2026-08-19T16:17:05.182000+00:00
binance,6582456090,4035599562,BTCUSDT,buy,68684.54000000,0.00098000,2026-08-19T16:17:05.191000+00:00
binance,6582456102,4035599563,BTCUSDT,buy,68684.83000000,0.00024000,2026-08-19T16:17:05.191000+00:00
binance,6582456105,4035599564,BTCUSDT,buy,68684.84000000,0.00074000,2026-08-19T16:17:05.195000+00:00
binance,6582456114,4035599565,BTCUSDT,buy,68685.24000000,0.00040000,2026-08-19T16:17:05.195000+00:00
binance,6582456119,4035599566,BTCUSDT,buy,68685.94000000,0.00016000,2026-08-19T16:17:05.195000+00:00
binance,6582456121,4035599567,BTCUSDT,buy,68685.95000000,0.00008000,2026-08-19T16:17:05.195000+00:00
binance,6582456122,4035599568,BTCUSDT,buy,68686.49000000,0.00056000,2026-08-19T16:17:05.195000+00:00
binance,6582456128,4035599569,BTCUSDT,buy,68686.93000000,0.00008000,2026-08-19T16:17:05.195000+00:00
binance,6582456129,4035599570,BTCUSDT,buy,68686.94000000,0.00058000,2026-08-19T16:17:05.201000+00:00
binance,6582456136,4035599571,BTCUSDT,buy,68688.00000000,0.00008000,2026-08-19T16:17:05.201000+00:00
binance,6582456137,4035599572,BTCUSDT,buy,68688.01000000,0.00072000,2026-08-19T16:17:05.205000+00:00
binance,6582456139,4035599573,BTCUSDT,buy,68688.01000000,0.00082000,2026-08-19T16:17:05.255000+00:00
binance,6582456148,4035599574,BTCUSDT,buy,68689.18000000,0.00008000,2026-08-19T16:17:05.255000+00:00
binance,6582456149,4035599575,BTCUSDT,buy,68689.48000000,0.00018000,2026-08-19T16:17:05.255000+00:00
binance,6582456150,4035599576,BTCUSDT,buy,68690.40000000,0.00024000,2026-08-19T16:17:05.255000+00:00
binance,6582456153,4035599577,BTCUSDT,buy,68690.41000000,0.00042000,2026-08-19T16:17:05.259000+00:00
binance,6582456158,4035599578,BTCUSDT,buy,68690.55000000,0.00091000,2026-08-19T16:17:05.259000+00:00
binance,6582456159,4035599579,BTCUSDT,buy,68690.81000000,0.00008000,2026-08-19T16:17:05.259000+00:00
binance,6582456160,4035599580,BTCUSDT,buy,68692.41000000,0.00025000,2026-08-19T16:17:05.259000+00:00
binance,6582456163,4035599581,BTCUSDT,buy,68692.81000000,0.01876000,2026-08-19T16:17:05.259000+00:00
binance,6582456164,4035599582,BTCUSDT,buy,68692.81000000,0.00034000,2026-08-19T16:17:05.261000+00:00
binance,6582456168,4035599583,BTCUSDT,buy,68692.84000000,0.00315000,2026-08-19T16:17:05.261000+00:00
binance,6582456169,4035599584,BTCUSDT,buy,68694.00000000,0.00008000,2026-08-19T16:17:05.261000+00:00
binance,6582456170,4035599585,BTCUSDT,buy,68694.30000000,0.00400000,2026-08-19T16:17:05.261000+00:00
binance,6582456171,4035599586,BTCUSDT,buy,68694.61000000,0.00011000,2026-08-19T16:17:05.261000+00:00
binance,6582456172,4035599587,BTCUSDT,buy,68695.59000000,0.01739000,2026-08-19T16:17:05.261000+00:00
binance,6582456176,4035599588,BTCUSDT,buy,68695.60000000,0.03568000,2026-08-19T16:17:05.355000+00:00
binance,6582449431,4035597589,BTCUSDT,buy,68694.55000000,0.00010000,2026-08-19T16:15:55.272000+00:00
binance,6582449432,4035597590,BTCUSDT,buy,68694.55000000,0.01100000,2026-08-19T16:15:55.274000+00:00
binance,6582449433,4035597591,BTCUSDT,buy,68694.55000000,0.00300000,2026-08-19T16:15:55.292000+00:00
binance,6582449434,4035597592,BTCUSDT,buy,68694.55000000,0.00115000,2026-08-19T16:15:55.397000+00:00
binance,6582449448,4035597593,BTCUSDT,buy,68694.56000000,0.00040000,2026-08-19T16:15:55.397000+00:00
binance,6582449453,4035597594,BTCUSDT,buy,68694.58000000,0.00042000,2026-08-19T16:15:55.397000+00:00
binance,6582449456,4035597595,BTCUSDT,buy,68694.66000000,0.00024000,2026-08-19T16:15:55.397000+00:00
binance,6582449459,4035597596,BTCUSDT,buy,68694.67000000,0.04914000,2026-08-19T16:15:55.397000+00:00
binance,6582449462,4035597597,BTCUSDT,buy,68694.68000000,0.00874000,2026-08-19T16:15:55.397000+00:00
binance,6582449464,4035597598,BTCUSDT,buy,68695.04000000,0.00585000,2026-08-19T16:15:55.397000+00:00
binance,6582449466,4035597599,BTCUSDT,buy,68695.64000000,0.00017000,2026-08-19T16:15:55.397000+00:00
binance,6582449468,4035597600,BTCUSDT,buy,68696.16000000,0.00009000,2026-08-19T16:15:55.397000+00:00
binance,6582449469,4035597601,BTCUSDT,buy,68696.41000000,0.00018000,2026-08-19T16:15:55.397000+00:00
binance,6582449470,4035597602,BTCUSDT,buy,68696.69000000,0.00735000,2026-08-19T16:15:55.397000+00:00
binance,6582449472,4035597603,BTCUSDT,buy,68696.87000000,0.00016000,2026-08-19T16:15:55.397000+00:00
binance,6582449474,4035597604,BTCUSDT,buy,68697.64000000,0.00220000,2026-08-19T16:15:55.397000+00:00
binance,6582449475,4035597605,BTCUSDT,buy,68698.14000000,0.00291000,2026-08-19T16:15:55.397000+00:00
binance,6582449476,4035597606,BTCUSDT,buy,68698.87000000,0.00025000,2026-08-19T16:15:55.397000+00:00
binance,6582449479,4035597607,BTCUSDT,buy,68698.94000000,0.00078000,2026-08-19T16:15:55.397000+00:00
binance,6582449480,4035597608,BTCUSDT,buy,68699.44000000,0.01002000,2026-08-19T16:15:55.397000+00:00
binance,6582449482,4035597609,BTCUSDT,buy,68699.72000000,0.00009000,2026-08-19T16:15:55.397000+00:00
binance,6582449483,4035597610,BTCUSDT,buy,68699.99000000,0.00024000,2026-08-19T16:15:55.397000+00:00
binance,6582449486,4035597611,BTCUSDT,sell,68699.99000000,0.00031000,2026-08-19T16:15:55.666000+00:00
binance,6582449487,4035597612,BTCUSDT,buy,68700.00000000,0.01100000,2026-08-19T16:15:55.902000+00:00
binance,6582449490,4035597613,BTCUSDT,buy,68700.00000000,0.00900000,2026-08-19T16:15:55.902000+00:00
binance,6582449491,4035597614,BTCUSDT,buy,68700.00000000,0.00300000,2026-08-19T16:15:56.013000+00:00
binance,6582449494,4035597615,BTCUSDT,buy,68700.00000000,0.00010000,2026-08-19T16:15:56.017000+00:00
binance,6582449495,4035597616,BTCUSDT,sell,68699.99000000,0.01092000,2026-08-19T16:15:56.170000+00:00
binance,6582449496,4035597617,BTCUSDT,buy,68700.00000000,0.22750000,2026-08-19T16:15:56.201000+00:00
binance,6582449501,4035597618,BTCUSDT,sell,68699.99000000,0.03932000,2026-08-19T16:15:56.299000+00:00
binance,6582449502,4035597619,BTCUSDT,buy,68700.00000000,0.01900000,2026-08-19T16:15:56.371000+00:00
binance,6582449503,4035597620,BTCUSDT,buy,68700.00000000,0.10395000,2026-08-19T16:15:56.372000+00:00
binance,6582449531,4035597621,BTCUSDT,buy,68700.01000000,0.00018000,2026-08-19T16:15:56.372000+00:00
binance,6582449534,4035597622,BTCUSDT,buy,68700.01000000,0.00022000,2026-08-19T16:15:56.373000+00:00
binance,6582449537,4035597623,BTCUSDT,buy,68701.25000000,0.00016000,2026-08-19T16:15:56.373000+00:00
binance,6582449539,4035597624,BTCUSDT,buy,68701.42000000,0.00008000,2026-08-19T16:15:56.373000+00:00
binance,6582449540,4035597625,BTCUSDT,buy,68701.43000000,0.00839000,2026-08-19T16:15:56.373000+00:00
binance,6582449542,4035597626,BTCUSDT,buy,68702.10000000,0.00017000,2026-08-19T16:15:56.373000+00:00
binance,6582449544,4035597627,BTCUSDT,buy,68702.70000000,0.00009000,2026-08-19T16:15:56.373000+00:00
binance,6582449545,4035597628,BTCUSDT,buy,68702.87000000,0.00016000,2026-08-19T16:15:56.373000+00:00
binance,6582449547,4035597629,BTCUSDT,buy,68703.34000000,0.00100000,2026-08-19T16:15:56.375000+00:00
binance,6582449558,4035597630,BTCUSDT,buy,68703.35000000,0.00024000,2026-08-19T16:15:56.375000+00:00
binance,6582449561,4035597631,BTCUSDT,buy,68703.63000000,0.00024000,2026-08-19T16:15:56.375000+00:00
binance,6582449564,4035597632,BTCUSDT,buy,68703.64000000,0.01800000,2026-08-19T16:15:56.382000+00:00
binance,6582449565,4035597633,BTCUSDT,buy,68703.64000000,0.00900000,2026-08-19T16:15:56.382000+00:00
binance,6582449566,4035597634,BTCUSDT,buy,68703.64000000,0.01100000,2026-08-19T16:15:56.382000+00:00
binance,6582449567,4035597635,BTCUSDT,buy,68703.64000000,0.00011000,2026-08-19T16:15:56.388000+00:00
binance,6582449568,4035597636,BTCUSDT,buy,68703.64000000,0.00300000,2026-08-19T16:15:56.393000+00:00
binance,6582449569,4035597637,BTCUSDT,buy,68703.64000000,0.00010000,2026-08-19T16:15:56.433000+00:00
binance,6582449570,4035597638,BTCUSDT,buy,68703.64000000,0.26315000,2026-08-19T16:15:56.452000+00:00
binance,6582449588,4035597639,BTCUSDT,buy,68703.64000000,0.00006000,2026-08-19T16:15:56.453000+00:00
binance,6582449589,4035597640,BTCUSDT,buy,68703.65000000,0.00024000,2026-08-19T16:15:56.453000+00:00
binance,6582449592,4035597641,BTCUSDT,buy,68704.65000000,0.00166000,2026-08-19T16:15:56.454000+00:00
binance,6582449601,4035597642,BTCUSDT,buy,68705.04000000,0.00016000,2026-08-19T16:15:56.454000+00:00
binance,6582449603,4035597643,BTCUSDT,buy,68705.05000000,0.00016000,2026-08-19T16:15:56.454000+00:00
binance,6582449605,4035597644,BTCUSDT,buy,68705.33000000,0.00017000,2026-08-19T16:15:56.454000+00:00
binance,6582449607,4035597645,BTCUSDT,buy,68706.87000000,0.00671000,2026-08-19T16:15:56.454000+00:00
binance,6582449608,4035597646,BTCUSDT,buy,68706.98000000,0.00040000,2026-08-19T16:15:56.454000+00:00
binance,6582449613,4035597647,BTCUSDT,buy,68707.13000000,0.00024000,2026-08-19T16:15:56.454000+00:00
binance,6582449616,4035597648,BTCUSDT,buy,68707.14000000,0.09833000,2026-08-19T16:15:56.515000+00:00
binance,6582449628,4035597649,BTCUSDT,buy,68707.15000000,0.00016000,2026-08-19T16:15:56.515000+00:00
binance,6582449630,4035597650,BTCUSDT,buy,68708.56000000,0.00017000,2026-08-19T16:15:56.515000+00:00
binance,6582449632,4035597651,BTCUSDT,buy,68709.24000000,0.00009000,2026-08-19T16:15:56.515000+00:00
binance,6582449633,4035597652,BTCUSDT,buy,68709.67000000,0.00105000,2026-08-19T16:15:56.515000+00:00
binance,6582449634,4035597653,BTCUSDT,buy,68710.00000000,0.00015000,2026-08-19T16:15:56.515000+00:00
binance,6582449635,4035597654,BTCUSDT,buy,68710.01000000,0.00008000,2026-08-19T16:15:56.515000+00:00
binance,6582449636,4035597655,BTCUSDT,buy,68710.27000000,0.00018000,2026-08-19T16:15:56.515000+00:00
binance,6582449637,4035597656,BTCUSDT,buy,68710.52000000,0.00024000,2026-08-19T16:15:56.515000+00:00
binance,6582449640,4035597657,BTCUSDT,buy,68711.79000000,0.00025000,2026-08-19T16:15:56.515000+00:00
binance,6582449643,4035597658,BTCUSDT,buy,68711.83000000,0.00024000,2026-08-19T16:15:56.515000+00:00
binance,6582449646,4035597659,BTCUSDT,buy,68711.84000000,0.00500000,2026-08-19T16:15:56.550000+00:00
binance,6582449658,4035597660,BTCUSDT,buy,68711.84000000,0.00300000,2026-08-19T16:15:56.577000+00:00
binance,6582449659,4035597661,BTCUSDT,sell,68711.83000000,0.00008000,2026-08-19T16:15:56.669000+00:00
binance,6582449660,4035597662,BTCUSDT,sell,68711.83000000,0.00010000,2026-08-19T16:15:57.043000+00:00
binance,6582449661,4035597663,BTCUSDT,sell,68711.83000000,0.39894000,2026-08-19T16:15:57.070000+00:00
binance,6582449663,4035597664,BTCUSDT,sell,68711.83000000,0.39584000,2026-08-19T16:15:57.070000+00:00
binance,6582449665,4035597665,BTCUSDT,sell,68711.83000000,0.11987000,2026-08-19T16:15:57.074000+00:00
binance,6582449670,4035597666,BTCUSDT,sell,68711.83000000,0.11716000,2026-08-19T16:15:57.075000+00:00
binance,6582449671,4035597667,BTCUSDT,sell,68711.83000000,0.14924000,2026-08-19T16:15:57.076000+00:00
binance,6582449682,4035597668,BTCUSDT,sell,68711.83000000,0.01978000,2026-08-19T16:15:57.079000+00:00
binance,6582449697,4035597669,BTCUSDT,sell,68711.82000000,0.00008000,2026-08-19T16:15:57.079000+00:00
binance,6582449698,4035597670,BTCUSDT,sell,68710.74000000,0.00673000,2026-08-19T16:15:57.087000+00:00
binance,6582449707,4035597671,BTCUSDT,sell,68710.73000000,0.00016000,2026-08-19T16:15:57.087000+00:00
binance,6582449709,4035597672,BTCUSDT,sell,68710.71000000,0.00024000,2026-08-19T16:15:57.088000+00:00
binance,6582449712,4035597673,BTCUSDT,sell,68710.64000000,0.00008000,2026-08-19T16:15:57.088000+00:00
binance,6582449713,4035597674,BTCUSDT,sell,68709.61000000,0.00024000,2026-08-19T16:15:57.088000+00:00
binance,6582449716,4035597675,BTCUSDT,sell,68709.60000000,0.00105000,2026-08-19T16:15:57.090000+00:00
binance,6582449729,4035597676,BTCUSDT,sell,68708.56000000,0.00058000,2026-08-19T16:15:57.096000+00:00
binance,6582449736,4035597677,BTCUSDT,sell,68708.55000000,0.00008000,2026-08-19T16:15:57.096000+00:00
binance,6582449737,4035597678,BTCUSDT,sell,68707.58000000,0.00008000,2026-08-19T16:15:57.096000+00:00
binance,6582449738,4035597679,BTCUSDT,sell,68707.15000000,0.00040000,2026-08-19T16:15:57.096000+00:00
binance,6582449743,4035597680,BTCUSDT,sell,68707.14000000,0.00064000,2026-08-19T16:15:57.096000+00:00
binance,6582449751,4035597681,BTCUSDT,sell,68707.13000000,0.10171000,2026-08-19T16:15:57.128000+00:00
binance,6582449759,4035597682,BTCUSDT,sell,68707.13000000,0.00405000,2026-08-19T16:15:57.130000+00:00
binance,6582449775,4035597683,BTCUSDT,sell,68707.12000000,0.00008000,2026-08-19T16:15:57.130000+00:00
binance,6582449776,4035597684,BTCUSDT,sell,68706.00000000,0.00008000,2026-08-19T16:15:57.130000+00:00
binance,6582449777,4035597685,BTCUSDT,sell,68705.66000000,0.00032000,2026-08-19T16:15:57.130000+00:00
binance,6582449781,4035597686,BTCUSDT,sell,68705.33000000,0.00008000,2026-08-19T16:15:57.130000+00:00
binance,6582449782,4035597687,BTCUSDT,sell,68705.14000000,0.00008000,2026-08-19T16:15:57.130000+00:00
binance,6582449783,4035597688,BTCUSDT,sell,68704.90000000,0.00024000,2026-08-19T16:15:57.130000+00:00
binance,6582449786,4035597689,BTCUSDT,sell,68704.89000000,0.00113000,2026-08-19T16:15:57.444000+00:00
binance,6582449788,4035597690,BTCUSDT,sell,68704.89000000,0.00046000,2026-08-19T16:15:57.445000+00:00
binance,6582449789,4035597691,BTCUSDT,buy,68704.90000000,0.00372000,2026-08-19T16:15:57.452000+00:00
binance,6582449790,4035597692,BTCUSDT,sell,68704.89000000,0.00283000,2026-08-19T16:15:57.503000+00:00
binance,6582449791,4035597693,BTCUSDT,buy,68704.90000000,0.00223000,2026-08-19T16:15:57.685000+00:00
binance,6582449792,4035597694,BTCUSDT,sell,68704.89000000,0.00010000,2026-08-19T16:15:57.859000+00:00
binance,6582449794,4035597695,BTCUSDT,sell,68704.89000000,0.11839000,2026-08-19T16:15:57.879000+00:00
binance,6582449818,4035597696,BTCUSDT,sell,68704.88000000,0.00064000,2026-08-19T16:15:57.879000+00:00
binance,6582449826,4035597697,BTCUSDT,sell,68704.64000000,0.00441000,2026-08-19T16:15:57.879000+00:00
binance,6582449829,4035597698,BTCUSDT,sell,68704.39000000,0.00016000,2026-08-19T16:15:57.879000+00:00
binance,6582449831,4035597699,BTCUSDT,sell,68703.65000000,0.00016000,2026-08-19T16:15:57.879000+00:00
binance,6582449833,4035597700,BTCUSDT,sell,68703.64000000,0.00040000,2026-08-19T16:15:57.879000+00:00
binance,6582449838,4035597701,BTCUSDT,sell,68703.63000000,0.00056000,2026-08-19T16:15:57.879000+00:00
binance,6582449845,4035597702,BTCUSDT,sell,68703.62000000,0.00016000,2026-08-19T16:15:57.879000+00:00
binance,6582449847,4035597703,BTCUSDT,sell,68703.35000000,0.00016000,2026-08-19T16:15:57.879000+00:00
binance,6582449849,4035597704,BTCUSDT,sell,68703.34000000,0.00018000,2026-08-19T16:15:57.879000+00:00
binance,6582449850,4035597705,BTCUSDT,sell,68703.33000000,0.00040000,2026-08-19T16:15:57.879000+00:00
binance,6582449855,4035597706,BTCUSDT,sell,68703.08000000,0.00008000,2026-08-19T16:15:57.879000+00:00
binance,6582449856,4035597707,BTCUSDT,sell,68702.86000000,0.00040000,2026-08-19T16:15:57.879000+00:00
binance,6582449861,4035597708,BTCUSDT,sell,68702.72000000,0.00016000,2026-08-19T16:15:57.879000+00:00
binance,6582449863,4035597709,BTCUSDT,sell,68702.66000000,0.00032000,2026-08-19T16:15:57.879000+00:00
binance,6582449867,4035597710,BTCUSDT,sell,68702.65000000,0.06233000,2026-08-19T16:15:57.879000+00:00
binance,6582449869,4035597711,BTCUSDT,sell,68702.39000000,0.00008000,2026-08-19T16:15:57.879000+00:00
binance,6582449870,4035597712,BTCUSDT,sell,68702.27000000,0.00008000,2026-08-19T16:15:57.879000+00:00
binance,6582449871,4035597713,BTCUSDT,sell,68702.20000000,0.00008000,2026-08-19T16:15:57.879000+00:00
binance,6582449872,4035597714,BTCUSDT,sell,68702.10000000,0.00017000,2026-08-19T16:15:57.879000+00:00
binance,6582449874,4035597715,BTCUSDT,sell,68701.67000000,0.00313000,2026-08-19T16:15:57.884000+00:00
binance,6582449889,4035597716,BTCUSDT,sell,68701.66000000,0.00064000,2026-08-19T16:15:57.884000+00:00
binance,6582449897,4035597717,BTCUSDT,sell,68700.48000000,0.00024000,2026-08-19T16:15:57.884000+00:00
binance,6582449900,4035597718,BTCUSDT,sell,68700.47000000,0.02000000,2026-08-19T16:15:57.884000+00:00
binance,6582449901,4035597719,BTCUSDT,sell,68700.40000000,0.00048000,2026-08-19T16:15:57.884000+00:00
binance,6582449902,4035597720,BTCUSDT,sell,68700.04000000,0.00024000,2026-08-19T16:15:57.884000+00:00
binance,6582449905,4035597721,BTCUSDT,sell,68700.00000000,0.00048000,2026-08-19T16:15:57.884000+00:00
binance,6582449911,4035597722,BTCUSDT,sell,68699.99000000,0.00203000,2026-08-19T16:15:57.884000+00:00
binance,6582449913,4035597723,BTCUSDT,sell,68699.93000000,0.04366000,2026-08-19T16:15:57.884000+00:00
binance,6582449914,4035597724,BTCUSDT,sell,68699.77000000,0.00024000,2026-08-19T16:15:57.884000+00:00
binance,6582449917,4035597725,BTCUSDT,sell,68699.76000000,0.00514000,2026-08-19T16:15:57.884000+00:00
binance,6582449918,4035597726,BTCUSDT,sell,68699.76000000,0.00100000,2026-08-19T16:15:57.982000+00:00
binance,6582449922,4035597727,BTCUSDT,sell,68699.76000000,0.00142000,2026-08-19T16:15:58.248000+00:00
binance,6582449923,4035597728,BTCUSDT,sell,68699.76000000,0.00268000,2026-08-19T16:15:58.367000+00:00
binance,6582449924,4035597729,BTCUSDT,sell,68699.76000000,0.04742000,2026-08-19T16:15:58.523000+00:00
binance,6582449926,4035597730,BTCUSDT,sell,68699.76000000,0.00114000,2026-08-19T16:15:59.129000+00:00
binance,6582449940,4035597731,BTCUSDT,sell,68699.76000000,0.00011000,2026-08-19T16:15:59.635000+00:00
binance,6582449942,4035597732,BTCUSDT,sell,68699.76000000,0.00014000,2026-08-19T16:15:59.723000+00:00
binance,6582449945,4035597733,BTCUSDT,sell,68699.76000000,0.01000000,2026-08-19T16:15:59.736000+00:00
binance,6582449949,4035597734,BTCUSDT,sell,68699.76000000,0.00021000,2026-08-19T16:15:59.740000+00:00
binance,6582449950,4035597735,BTCUSDT,sell,68699.76000000,0.14557000,2026-08-19T16:15:59.847000+00:00
binance,6582449966,4035597736,BTCUSDT,sell,68699.76000000,0.00010000,2026-08-19T16:15:59.848000+00:00
binance,6582449968,4035597737,BTCUSDT,sell,68699.76000000,0.00788000,2026-08-19T16:15:59.848000+00:00
binance,6582449980,4035597738,BTCUSDT,sell,68699.75000000,0.00064000,2026-08-19T16:15:59.848000+00:00
binance,6582449988,4035597739,BTCUSDT,sell,68699.34000000,0.00147000,2026-08-19T16:15:59.848000+00:00
binance,6582449989,4035597740,BTCUSDT,sell,68699.33000000,0.00061000,2026-08-19T16:15:59.848000+00:00
binance,6582449990,4035597741,BTCUSDT,sell,68698.96000000,0.00008000,2026-08-19T16:15:59.848000+00:00
binance,6582449991,4035597742,BTCUSDT,sell,68698.87000000,0.00008000,2026-08-19T16:15:59.848000+00:00
binance,6582449992,4035597743,BTCUSDT,sell,68698.10000000,0.00016000,2026-08-19T16:15:59.848000+00:00
binance,6582449994,4035597744,BTCUSDT,sell,68697.51000000,0.00024000,2026-08-19T16:15:59.848000+00:00
binance,6582449997,4035597745,BTCUSDT,sell,68697.50000000,0.00186000,2026-08-19T16:15:59.854000+00:00
binance,6582450020,4035597746,BTCUSDT,sell,68697.49000000,0.00064000,2026-08-19T16:15:59.854000+00:00
binance,6582450028,4035597747,BTCUSDT,sell,68696.90000000,0.00008000,2026-08-19T16:15:59.854000+00:00
binance,6582450029,4035597748,BTCUSDT,sell,68696.41000000,0.00018000,2026-08-19T16:15:59.854000+00:00
binance,6582450030,4035597749,BTCUSDT,sell,68696.16000000,0.00009000,2026-08-19T16:15:59.854000+00:00
binance,6582450031,4035597750,BTCUSDT,sell,68695.99000000,0.00024000,2026-08-19T16:15:59.854000+00:00
binance,6582450034,4035597751,BTCUSDT,sell,68695.98000000,0.00032000,2026-08-19T16:15:59.854000+00:00
binance,6582450038,4035597752,BTCUSDT,sell,68695.97000000,0.00010000,2026-08-19T16:16:00.260000+00:00
binance,6582450040,4035597753,BTCUSDT,sell,68695.97000000,0.02420000,2026-08-19T16:16:00.297000+00:00
binance,6582450076,4035597754,BTCUSDT,sell,68695.96000000,0.00064000,2026-08-19T16:16:00.297000+00:00
binance,6582450084,4035597755,BTCUSDT,sell,68695.81000000,0.00036000,2026-08-19T16:16:00.355000+00:00
binance,6582450085,4035597756,BTCUSDT,buy,68695.82000000,0.00207000,2026-08-19T16:16:00.368000+00:00
binance,6582450086,4035597757,BTCUSDT,sell,68695.81000000,0.01500000,2026-08-19T16:16:00.641000+00:00
binance,6582450102,4035597758,BTCUSDT,sell,68695.81000000,0.00038000,2026-08-19T16:16:00.763000+00:00
binance,6582450103,4035597759,BTCUSDT,sell,68695.81000000,0.00010000,2026-08-19T16:16:00.825000+00:00
binance,6582450104,4035597760,BTCUSDT,sell,68695.81000000,0.12212000,2026-08-19T16:16:00.854000+00:00
binance,6582450122,4035597761,BTCUSDT,sell,68695.80000000,0.00056000,2026-08-19T16:16:00.854000+00:00
binance,6582450129,4035597762,BTCUSDT,sell,68695.64000000,0.00017000,2026-08-19T16:16:00.854000+00:00
binance,6582450131,4035597763,BTCUSDT,sell,68694.79000000,0.00016000,2026-08-19T16:16:00.854000+00:00
binance,6582450133,4035597764,BTCUSDT,sell,68694.61000000,0.00016000,2026-08-19T16:16:00.854000+00:00
binance,6582450135,4035597765,BTCUSDT,sell,68694.55000000,0.00032000,2026-08-19T16:16:00.856000+00:00
binance,6582450139,4035597766,BTCUSDT,sell,68694.00000000,0.00008000,2026-08-19T16:16:00.856000+00:00
binance,6582450140,4035597767,BTCUSDT,sell,68693.73000000,0.00024000,2026-08-19T16:16:00.856000+00:00
binance,6582450143,4035597768,BTCUSDT,sell,68693.72000000,0.05160000,2026-08-19T16:16:00.856000+00:00
binance,6582450144,4035597769,BTCUSDT,sell,68693.72000000,0.01072000,2026-08-19T16:16:00.856000+00:00
binance,6582450148,4035597770,BTCUSDT,sell,68693.26000000,0.00024000,2026-08-19T16:16:00.856000+00:00
binance,6582450151,4035597771,BTCUSDT,sell,68693.25000000,0.00008000,2026-08-19T16:16:00.856000+00:00
binance,6582450152,4035597772,BTCUSDT,sell,68693.05000000,0.00074000,2026-08-19T16:16:00.860000+00:00
binance,6582450161,4035597773,BTCUSDT,sell,68693.04000000,0.00008000,2026-08-19T16:16:00.860000+00:00
binance,6582450162,4035597774,BTCUSDT,sell,68692.89000000,0.00016000,2026-08-19T16:16:00.860000+00:00
binance,6582450164,4035597775,BTCUSDT,sell,68692.88000000,0.00928000,2026-08-19T16:16:00.866000+00:00
binance,6582450185,4035597776,BTCUSDT,sell,68692.87000000,0.00048000,2026-08-19T16:16:00.866000+00:00
binance,6582450191,4035597777,BTCUSDT,sell,68692.85000000,0.00172000,2026-08-19T16:16:00.866000+00:00
binance,6582450192,4035597778,BTCUSDT,sell,68692.78000000,0.00008000,2026-08-19T16:16:00.866000+00:00
binance,6582450193,4035597779,BTCUSDT,sell,68692.41000000,0.00008000,2026-08-19T16:16:00.866000+00:00
binance,6582450194,4035597780,BTCUSDT,sell,68691.99000000,0.00011000,2026-08-19T16:16:00.866000+00:00
binance,6582450195,4035597781,BTCUSDT,sell,68691.13000000,0.00008000,2026-08-19T16:16:00.866000+00:00
binance,6582450196,4035597782,BTCUSDT,sell,68690.86000000,0.00016000,2026-08-19T16:16:00.866000+00:00
binance,6582450198,4035597783,BTCUSDT,sell,68690.79000000,0.00024000,2026-08-19T16:16:00.866000+00:00
binance,6582450201,4035597784,BTCUSDT,sell,68690.78000000,0.06155000,2026-08-19T16:16:00.866000+00:00
binance,6582450202,4035597785,BTCUSDT,sell,68690.37000000,0.00016000,2026-08-19T16:16:00.866000+00:00
binance,6582450204,4035597786,BTCUSDT,sell,68690.10000000,0.00040000,2026-08-19T16:16:00.866000+00:00
binance,6582450209,4035597787,BTCUSDT,sell,68690.09000000,0.00016000,2026-08-19T16:16:00.866000+00:00
binance,6582450211,4035597788,BTCUSDT,sell,68690.01000000,0.00024000,2026-08-19T16:16:00.866000+00:00
binance,6582450214,4035597789,BTCUSDT,sell,68690.00000000,0.14680000,2026-08-19T16:16:00.911000+00:00
binance,6582450237,4035597790,BTCUSDT,sell,68689.99000000,0.22078000,2026-08-19T16:16:00.911000+00:00
binance,6582450250,4035597791,BTCUSDT,sell,68689.62000000,0.00009000,2026-08-19T16:16:00.911000+00:00
binance,6582450251,4035597792,BTCUSDT,sell,68689.48000000,0.00018000,2026-08-19T16:16:00.911000+00:00
binance,6582450252,4035597793,BTCUSDT,sell,68689.18000000,0.00017000,2026-08-19T16:16:00.911000+00:00
binance,6582450254,4035597794,BTCUSDT,sell,68689.05000000,0.00008000,2026-08-19T16:16:00.911000+00:00
binance,6582450255,4035597795,BTCUSDT,sell,68688.00000000,0.00008000,2026-08-19T16:16:00.911000+00:00
binance,6582450256,4035597796,BTCUSDT,sell,68687.72000000,0.00024000,2026-08-19T16:16:00.911000+00:00
binance,6582450259,4035597797,BTCUSDT,sell,68687.71000000,0.06102000,2026-08-19T16:16:00.911000+00:00
binance,6582450260,4035597798,BTCUSDT,sell,68687.28000000,0.00008000,2026-08-19T16:16:00.911000+00:00
binance,6582450261,4035597799,BTCUSDT,sell,68686.66000000,0.00024000,2026-08-19T16:16:00.911000+00:00
binance,6582450264,4035597800,BTCUSDT,sell,68686.65000000,0.02000000,2026-08-19T16:16:00.911000+00:00
binance,6582450265,4035597801,BTCUSDT,sell,68686.11000000,0.00008000,2026-08-19T16:16:00.911000+00:00
binance,6582450266,4035597802,BTCUSDT,sell,68686.08000000,0.00024000,2026-08-19T16:16:00.911000+00:00
binance,6582450269,4035597803,BTCUSDT,sell,68686.02000000,0.00008000,2026-08-19T16:16:00.911000+00:00
binance,6582450270,4035597804,BTCUSDT,sell,68685.97000000,0.00008000,2026-08-19T16:16:00.911000+00:00
binance,6582450271,4035597805,BTCUSDT,sell,68685.95000000,0.00017000,2026-08-19T16:16:00.911000+00:00
binance,6582450273,4035597806,BTCUSDT,sell,68685.91000000,0.00008000,2026-08-19T16:16:00.911000+00:00
binance,6582450274,4035597807,BTCUSDT,sell,68685.66000000,0.10678000,2026-08-19T16:16:00.953000+00:00
binance,6582450281,4035597808,BTCUSDT,sell,68685.66000000,0.01602000,2026-08-19T16:16:00.960000+00:00
binance,6582450299,4035597809,BTCUSDT,sell,68685.65000000,0.00048000,2026-08-19T16:16:00.960000+00:00
binance,6582450305,4035597810,BTCUSDT,sell,68685.09000000,0.00011000,2026-08-19T16:16:00.960000+00:00
binance,6582450306,4035597811,BTCUSDT,sell,68685.02000000,0.06613000,2026-08-19T16:16:00.969000+00:00
binance,6582450324,4035597812,BTCUSDT,sell,68685.01000000,0.00064000,2026-08-19T16:16:00.969000+00:00
binance,6582450332,4035597813,BTCUSDT,sell,68683.60000000,0.00032000,2026-08-19T16:16:00.971000+00:00
binance,6582450336,4035597814,BTCUSDT,sell,68683.59000000,0.00016000,2026-08-19T16:16:00.971000+00:00
binance,6582450338,4035597815,BTCUSDT,sell,68683.35000000,0.00008000,2026-08-19T16:16:00.971000+00:00
binance,6582450339,4035597816,BTCUSDT,sell,68683.08000000,0.00009000,2026-08-19T16:16:00.971000+00:00
binance,6582450340,4035597817,BTCUSDT,sell,68682.72000000,0.00017000,2026-08-19T16:16:00.971000+00:00
binance,6582450342,4035597818,BTCUSDT,sell,68682.70000000,0.00024000,2026-08-19T16:16:00.971000+00:00
binance,6582450345,4035597819,BTCUSDT,sell,68682.55000000,0.00084000,2026-08-19T16:16:00.974000+00:00
binance,6582450354,4035597820,BTCUSDT,sell,68682.00000000,0.00008000,2026-08-19T16:16:00.974000+00:00
binance,6582450355,4035597821,BTCUSDT,sell,68680.82000000,0.00529000,2026-08-19T16:16:00.977000+00:00
binance,6582450362,4035597822,BTCUSDT,buy,68680.83000000,0.00073000,2026-08-19T16:16:01.045000+00:00
binance,6582450363,4035597823,BTCUSDT,sell,68680.82000000,0.00146000,2026-08-19T16:16:01.046000+00:00
binance,6582450380,4035597824,BTCUSDT,sell,68680.81000000,0.00016000,2026-08-19T16:16:01.046000+00:00
binance,6582450382,4035597825,BTCUSDT,sell,68680.36000000,0.00016000,2026-08-19T16:16:01.046000+00:00
binance,6582450384,4035597826,BTCUSDT,sell,68679.77000000,0.00008000,2026-08-19T16:16:01.046000+00:00
binance,6582450385,4035597827,BTCUSDT,sell,68679.49000000,0.00008000,2026-08-19T16:16:01.046000+00:00
binance,6582450386,4035597828,BTCUSDT,sell,68678.92000000,0.00016000,2026-08-19T16:16:01.046000+00:00
binance,6582450388,4035597829,BTCUSDT,sell,68678.50000000,0.00024000,2026-08-19T16:16:01.046000+00:00
binance,6582450391,4035597830,BTCUSDT,buy,68678.50000000,0.00010000,2026-08-19T16:16:01.052000+00:00
binance,6582450392,4035597831,BTCUSDT,sell,68678.49000000,0.00010000,2026-08-19T16:16:01.282000+00:00
binance,6582450394,4035597832,BTCUSDT,buy,68678.50000000,0.00569000,2026-08-19T16:16:01.377000+00:00
binance,6582450395,4035597833,BTCUSDT,sell,68678.49000000,0.13248000,2026-08-19T16:16:01.498000+00:00
binance,6582450410,4035597834,BTCUSDT,sell,68678.48000000,0.00016000,2026-08-19T16:16:01.498000+00:00
binance,6582450412,4035597835,BTCUSDT,sell,68677.39000000,0.00050000,2026-08-19T16:16:01.500000+00:00
binance,6582450418,4035597836,BTCUSDT,sell,68677.38000000,0.00008000,2026-08-19T16:16:01.500000+00:00
binance,6582450419,4035597837,BTCUSDT,sell,68676.54000000,0.00009000,2026-08-19T16:16:01.500000+00:00
binance,6582450420,4035597838,BTCUSDT,sell,68676.26000000,0.00017000,2026-08-19T16:16:01.500000+00:00
binance,6582450422,4035597839,BTCUSDT,sell,68676.17000000,0.00024000,2026-08-19T16:16:01.500000+00:00
binance,6582450425,4035597840,BTCUSDT,sell,68676.16000000,0.00114000,2026-08-19T16:16:01.506000+00:00
binance,6582450439,4035597841,BTCUSDT,sell,68676.15000000,0.00040000,2026-08-19T16:16:01.506000+00:00
binance,6582450444,4035597842,BTCUSDT,sell,68676.00000000,0.00008000,2026-08-19T16:16:01.506000+00:00
binance,6582450445,4035597843,BTCUSDT,sell,68675.62000000,0.00018000,2026-08-19T16:16:01.506000+00:00
binance,6582450446,4035597844,BTCUSDT,sell,68674.98000000,0.00016000,2026-08-19T16:16:01.506000+00:00
binance,6582450448,4035597845,BTCUSDT,sell,68673.96000000,0.00008000,2026-08-19T16:16:01.506000+00:00
binance,6582450449,4035597846,BTCUSDT,sell,68673.82000000,0.05985000,2026-08-19T16:16:01.506000+00:00
binance,6582450450,4035597847,BTCUSDT,sell,68673.03000000,0.00008000,2026-08-19T16:16:01.506000+00:00
binance,6582450451,4035597848,BTCUSDT,sell,68672.99000000,0.00138000,2026-08-19T16:16:01.512000+00:00
binance,6582450468,4035597849,BTCUSDT,sell,68672.98000000,0.00064000,2026-08-19T16:16:01.512000+00:00
binance,6582450476,4035597850,BTCUSDT,buy,68671.85000000,0.00016000,2026-08-19T16:16:01.716000+00:00
binance,6582450477,4035597851,BTCUSDT,sell,68671.84000000,0.01727000,2026-08-19T16:16:01.876000+00:00
binance,6582450491,4035597852,BTCUSDT,sell,68671.83000000,0.00032000,2026-08-19T16:16:01.876000+00:00
binance,6582450495,4035597853,BTCUSDT,buy,68671.23000000,0.00133000,2026-08-19T16:16:01.899000+00:00
binance,6582450496,4035597854,BTCUSDT,buy,68671.23000000,0.00008000,2026-08-19T16:16:02.125000+00:00
binance,6582450497,4035597855,BTCUSDT,buy,68671.23000000,0.01455000,2026-08-19T16:16:02.318000+00:00
binance,6582450498,4035597856,BTCUSDT,sell,68671.22000000,0.00131000,2026-08-19T16:16:02.323000+00:00
binance,6582450499,4035597857,BTCUSDT,sell,68671.22000000,0.00039000,2026-08-19T16:16:02.715000+00:00
binance,6582450500,4035597858,BTCUSDT,buy,68671.23000000,0.00700000,2026-08-19T16:16:02.741000+00:00
binance,6582450501,4035597859,BTCUSDT,sell,68671.22000000,0.00145000,2026-08-19T16:16:02.784000+00:00
binance,6582450502,4035597860,BTCUSDT,buy,68671.23000000,0.04000000,2026-08-19T16:16:02.872000+00:00
binance,6582450503,4035597861,BTCUSDT,buy,68671.23000000,0.00010000,2026-08-19T16:16:02.872000+00:00
binance,6582450504,4035597862,BTCUSDT,buy,68671.23000000,0.02000000,2026-08-19T16:16:02.878000+00:00
binance,6582450505,4035597863,BTCUSDT,buy,68671.23000000,0.01000000,2026-08-19T16:16:02.879000+00:00
binance,6582450506,4035597864,BTCUSDT,buy,68671.23000000,0.04000000,2026-08-19T16:16:02.893000+00:00
binance,6582450514,4035597865,BTCUSDT,buy,68671.23000000,0.00203000,2026-08-19T16:16:02.931000+00:00
binance,6582450537,4035597866,BTCUSDT,buy,68671.24000000,0.00008000,2026-08-19T16:16:02.931000+00:00
binance,6582450538,4035597867,BTCUSDT,buy,68672.25000000,0.00016000,2026-08-19T16:16:02.931000+00:00
binance,6582450540,4035597868,BTCUSDT,buy,68672.53000000,0.00032000,2026-08-19T16:16:02.931000+00:00
binance,6582450544,4035597869,BTCUSDT,buy,68672.84000000,0.00008000,2026-08-19T16:16:02.931000+00:00
binance,6582450545,4035597870,BTCUSDT,buy,68672.87000000,0.00040000,2026-08-19T16:16:02.931000+00:00
binance,6582450550,4035597871,BTCUSDT,buy,68673.00000000,0.00040000,2026-08-19T16:16:02.931000+00:00
binance,6582450555,4035597872,BTCUSDT,buy,68673.03000000,0.00008000,2026-08-19T16:16:02.931000+00:00
binance,6582450556,4035597873,BTCUSDT,buy,68673.36000000,0.00032000,2026-08-19T16:16:02.931000+00:00
binance,6582450560,4035597874,BTCUSDT,buy,68673.66000000,0.00024000,2026-08-19T16:16:02.931000+00:00
binance,6582450563,4035597875,BTCUSDT,buy,68673.67000000,0.00115000,2026-08-19T16:16:03.015000+00:00
binance,6582450577,4035597876,BTCUSDT,buy,68673.68000000,0.00008000,2026-08-19T16:16:03.015000+00:00
binance,6582450578,4035597877,BTCUSDT,buy,68674.29000000,0.00016000,2026-08-19T16:16:03.015000+00:00
binance,6582450580,4035597878,BTCUSDT,buy,68674.42000000,0.00291000,2026-08-19T16:16:03.015000+00:00
binance,6582450581,4035597879,BTCUSDT,buy,68674.47000000,0.00024000,2026-08-19T16:16:03.015000+00:00
binance,6582450584,4035597880,BTCUSDT,buy,68674.48000000,0.02629000,2026-08-19T16:16:03.015000+00:00
binance,6582450586,4035597881,BTCUSDT,buy,68675.84000000,0.00024000,2026-08-19T16:16:03.015000+00:00
binance,6582450589,4035597882,BTCUSDT,buy,68675.85000000,0.00893000,2026-08-19T16:16:03.015000+00:00
binance,6582450590,4035597883,BTCUSDT,buy,68675.85000000,0.02000000,2026-08-19T16:16:03.015000+00:00
binance,6582450591,4035597884,BTCUSDT,buy,68675.85000000,0.01000000,2026-08-19T16:16:03.015000+00:00
binance,6582450592,4035597885,BTCUSDT,buy,68675.85000000,0.00058000,2026-08-19T16:16:03.020000+00:00
binance,6582450599,4035597886,BTCUSDT,buy,68675.86000000,0.00008000,2026-08-19T16:16:03.020000+00:00
binance,6582450600,4035597887,BTCUSDT,buy,68676.11000000,0.00024000,2026-08-19T16:16:03.020000+00:00
binance,6582450603,4035597888,BTCUSDT,buy,68676.12000000,0.00024000,2026-08-19T16:16:03.020000+00:00
binance,6582450606,4035597889,BTCUSDT,buy,68676.17000000,0.00040000,2026-08-19T16:16:03.020000+00:00
binance,6582450611,4035597890,BTCUSDT,buy,68676.26000000,0.00008000,2026-08-19T16:16:03.020000+00:00
binance,6582450612,4035597891,BTCUSDT,buy,68676.58000000,0.00880000,2026-08-19T16:16:03.022000+00:00
binance,6582450616,4035597892,BTCUSDT,buy,68676.58000000,0.00063000,2026-08-19T16:16:03.024000+00:00
binance,6582450624,4035597893,BTCUSDT,buy,68676.59000000,0.00008000,2026-08-19T16:16:03.024000+00:00
binance,6582450625,4035597894,BTCUSDT,buy,68676.77000000,0.00291000,2026-08-19T16:16:03.024000+00:00
binance,6582450626,4035597895,BTCUSDT,buy,68677.40000000,0.00016000,2026-08-19T16:16:03.024000+00:00
binance,6582450628,4035597896,BTCUSDT,buy,68678.08000000,0.00024000,2026-08-19T16:16:03.024000+00:00
binance,6582450631,4035597897,BTCUSDT,buy,68678.09000000,0.00048000,2026-08-19T16:16:03.026000+00:00
binance,6582450637,4035597898,BTCUSDT,buy,68678.10000000,0.00058000,2026-08-19T16:16:03.031000+00:00
binance,6582450644,4035597899,BTCUSDT,buy,68678.11000000,0.00008000,2026-08-19T16:16:03.031000+00:00
binance,6582450645,4035597900,BTCUSDT,buy,68678.14000000,0.00040000,2026-08-19T16:16:03.031000+00:00
binance,6582450650,4035597901,BTCUSDT,buy,68678.21000000,0.00024000,2026-08-19T16:16:03.031000+00:00
binance,6582450653,4035597902,BTCUSDT,buy,68678.22000000,0.00090000,2026-08-19T16:16:03.035000+00:00
binance,6582450664,4035597903,BTCUSDT,buy,68678.23000000,0.00008000,2026-08-19T16:16:03.035000+00:00
binance,6582450665,4035597904,BTCUSDT,buy,68678.32000000,0.00040000,2026-08-19T16:16:03.035000+00:00
binance,6582450670,4035597905,BTCUSDT,buy,68678.50000000,0.00106000,2026-08-19T16:16:03.035000+00:00
binance,6582450683,4035597906,BTCUSDT,buy,68679.41000000,0.00024000,2026-08-19T16:16:03.035000+00:00
binance,6582450686,4035597907,BTCUSDT,buy,68679.42000000,0.00860000,2026-08-19T16:16:03.039000+00:00
binance,6582450687,4035597908,BTCUSDT,buy,68679.42000000,0.01826000,2026-08-19T16:16:03.040000+00:00
binance,6582450696,4035597909,BTCUSDT,buy,68679.43000000,0.00008000,2026-08-19T16:16:03.040000+00:00
binance,6582450697,4035597910,BTCUSDT,buy,68679.49000000,0.00017000,2026-08-19T16:16:03.040000+00:00
binance,6582450699,4035597911,BTCUSDT,buy,68679.50000000,0.00016000,2026-08-19T16:16:03.040000+00:00
binance,6582450701,4035597912,BTCUSDT,buy,68679.68000000,0.00066000,2026-08-19T16:16:03.042000+00:00
binance,6582450709,4035597913,BTCUSDT,buy,68679.69000000,0.00008000,2026-08-19T16:16:03.042000+00:00
binance,6582450710,4035597914,BTCUSDT,buy,68680.53000000,0.00024000,2026-08-19T16:16:03.042000+00:00
binance,6582450713,4035597915,BTCUSDT,buy,68680.69000000,0.00058000,2026-08-19T16:16:03.044000+00:00
binance,6582450720,4035597916,BTCUSDT,buy,68680.70000000,0.00008000,2026-08-19T16:16:03.044000+00:00
binance,6582450721,4035597917,BTCUSDT,buy,68680.83000000,0.00011000,2026-08-19T16:16:03.044000+00:00
binance,6582450722,4035597918,BTCUSDT,buy,68681.10000000,0.00008000,2026-08-19T16:16:03.044000+00:00
binance,6582450723,4035597919,BTCUSDT,buy,68681.48000000,0.00074000,2026-08-19T16:16:03.052000+00:00
binance,6582450732,4035597920,BTCUSDT,buy,68681.49000000,0.00008000,2026-08-19T16:16:03.052000+00:00
binance,6582450733,4035597921,BTCUSDT,buy,68681.59000000,0.00058000,2026-08-19T16:16:03.058000+00:00
binance,6582450740,4035597922,BTCUSDT,buy,68681.60000000,0.00008000,2026-08-19T16:16:03.058000+00:00
binance,6582450741,4035597923,BTCUSDT,buy,68682.13000000,0.00058000,2026-08-19T16:16:03.063000+00:00
binance,6582450748,4035597924,BTCUSDT,buy,68682.14000000,0.00008000,2026-08-19T16:16:03.063000+00:00
binance,6582450749,4035597925,BTCUSDT,buy,68682.18000000,0.00050000,2026-08-19T16:16:03.065000+00:00
binance,6582450755,4035597926,BTCUSDT,buy,68682.23000000,0.00008000,2026-08-19T16:16:03.065000+00:00
binance,6582450756,4035597927,BTCUSDT,buy,68682.54000000,0.00024000,2026-08-19T16:16:03.065000+00:00
binance,6582450759,4035597928,BTCUSDT,buy,68682.55000000,0.00430000,2026-08-19T16:16:03.448000+00:00
binance,6582450761,4035597929,BTCUSDT,sell,68682.54000000,0.00027000,2026-08-19T16:16:03.453000+00:00
binance,6582450762,4035597930,BTCUSDT,buy,68682.55000000,0.00010000,2026-08-19T16:16:03.454000+00:00
binance,6582450763,4035597931,BTCUSDT,buy,68682.55000000,0.06515000,2026-08-19T16:16:03.480000+00:00
binance,6582450778,4035597932,BTCUSDT,buy,68682.56000000,0.00008000,2026-08-19T16:16:03.480000+00:00
binance,6582450779,4035597933,BTCUSDT,buy,68682.72000000,0.00017000,2026-08-19T16:16:03.480000+00:00
binance,6582450781,4035597934,BTCUSDT,buy,68684.99000000,0.00024000,2026-08-19T16:16:03.480000+00:00
binance,6582450784,4035597935,BTCUSDT,sell,68684.99000000,0.00146000,2026-08-19T16:16:03.511000+00:00
binance,6582450785,4035597936,BTCUSDT,buy,68685.00000000,0.01353000,2026-08-19T16:16:03.513000+00:00
binance,6582450804,4035597937,BTCUSDT,buy,68685.01000000,0.00008000,2026-08-19T16:16:03.513000+00:00
binance,6582450805,4035597938,BTCUSDT,buy,68685.89000000,0.00008000,2026-08-19T16:16:03.513000+00:00
binance,6582450806,4035597939,BTCUSDT,buy,68685.95000000,0.00008000,2026-08-19T16:16:03.513000+00:00
binance,6582450807,4035597940,BTCUSDT,buy,68686.88000000,0.00016000,2026-08-19T16:16:03.513000+00:00
binance,6582450809,4035597941,BTCUSDT,buy,68687.44000000,0.00024000,2026-08-19T16:16:03.513000+00:00
binance,6582450812,4035597942,BTCUSDT,buy,68687.45000000,0.05709000,2026-08-19T16:16:03.513000+00:00
binance,6582450813,4035597943,BTCUSDT,buy,68687.70000000,0.00300000,2026-08-19T16:16:03.606000+00:00
binance,6582450818,4035597944,BTCUSDT,buy,68687.70000000,0.03000000,2026-08-19T16:16:04.381000+00:00
binance,6582450824,4035597945,BTCUSDT,buy,68687.70000000,0.01000000,2026-08-19T16:16:04.494000+00:00
binance,6582450825,4035597946,BTCUSDT,buy,68687.70000000,0.02000000,2026-08-19T16:16:04.494000+00:00
binance,6582450826,4035597947,BTCUSDT,sell,68687.69000000,0.00013000,2026-08-19T16:16:04.850000+00:00
binance,6582450827,4035597948,BTCUSDT,buy,68687.70000000,0.00300000,2026-08-19T16:16:04.876000+00:00
binance,6582450828,4035597949,BTCUSDT,sell,68687.69000000,0.14559000,2026-08-19T16:16:04.989000+00:00
binance,6582450832,4035597950,BTCUSDT,sell,68687.69000000,0.00010000,2026-08-19T16:16:05.012000+00:00
binance,6582450834,4035597951,BTCUSDT,buy,68687.70000000,0.00436000,2026-08-19T16:16:05.154000+00:00
binance,6582450835,4035597952,BTCUSDT,sell,68687.69000000,0.00019000,2026-08-19T16:16:05.278000+00:00
binance,6582450838,4035597953,BTCUSDT,sell,68687.69000000,0.05966000,2026-08-19T16:16:05.388000+00:00
binance,6582450853,4035597954,BTCUSDT,buy,68687.70000000,0.50000000,2026-08-19T16:16:05.454000+00:00
binance,6582450868,4035597955,BTCUSDT,sell,68687.69000000,0.00323000,2026-08-19T16:16:05.492000+00:00
binance,6582450869,4035597956,BTCUSDT,sell,68687.69000000,0.00128000,2026-08-19T16:16:05.747000+00:00
binance,6582450870,4035597957,BTCUSDT,buy,68687.70000000,0.00241000,2026-08-19T16:16:05.949000+00:00
binance,6582450871,4035597958,BTCUSDT,sell,68687.69000000,0.00860000,2026-08-19T16:16:05.986000+00:00
binance,6582450872,4035597959,BTCUSDT,sell,68687.69000000,0.05848000,2026-08-19T16:16:05.986000+00:00
binance,6582450873,4035597960,BTCUSDT,sell,68687.69000000,0.21449000,2026-08-19T16:16:05.986000+00:00
binance,6582450889,4035597961,BTCUSDT,sell,68687.68000000,0.00008000,2026-08-19T16:16:05.986000+00:00
binance,6582450890,4035597962,BTCUSDT,sell,68685.95000000,0.00056000,2026-08-19T16:16:05.987000+00:00
binance,6582450897,4035597963,BTCUSDT,sell,68685.37000000,0.00040000,2026-08-19T16:16:05.987000+00:00
binance,6582450902,4035597964,BTCUSDT,sell,68685.36000000,0.00024000,2026-08-19T16:16:05.987000+00:00
binance,6582450905,4035597965,BTCUSDT,sell,68684.99000000,0.00080000,2026-08-19T16:16:05.988000+00:00
binance,6582450915,4035597966,BTCUSDT,sell,68684.98000000,0.00020000,2026-08-19T16:16:05.988000+00:00
binance,6582450918,4035597967,BTCUSDT,sell,68684.98000000,0.00062000,2026-08-19T16:16:05.990000+00:00
binance,6582450926,4035597968,BTCUSDT,sell,68684.53000000,0.00016000,2026-08-19T16:16:05.990000+00:00
binance,6582450928,4035597969,BTCUSDT,sell,68682.72000000,0.00008000,2026-08-19T16:16:05.990000+00:00
binance,6582450929,4035597970,BTCUSDT,sell,68682.64000000,0.00016000,2026-08-19T16:16:05.990000+00:00
binance,6582450931,4035597971,BTCUSDT,sell,68682.56000000,0.00339000,2026-08-19T16:16:06.003000+00:00
binance,6582450932,4035597972,BTCUSDT,sell,68682.56000000,0.00481000,2026-08-19T16:16:06.010000+00:00
binance,6582450939,4035597973,BTCUSDT,sell,68682.56000000,0.00804000,2026-08-19T16:16:06.021000+00:00
binance,6582450940,4035597974,BTCUSDT,sell,68682.56000000,0.01234000,2026-08-19T16:16:06.028000+00:00
binance,6582450954,4035597975,BTCUSDT,sell,68682.55000000,0.00454000,2026-08-19T16:16:06.028000+00:00
binance,6582450959,4035597976,BTCUSDT,sell,68682.54000000,0.00032000,2026-08-19T16:16:06.028000+00:00
binance,6582450962,4035597977,BTCUSDT,sell,68682.17000000,0.00016000,2026-08-19T16:16:06.028000+00:00
binance,6582450964,4035597978,BTCUSDT,sell,68682.12000000,0.00016000,2026-08-19T16:16:06.028000+00:00
binance,6582450966,4035597979,BTCUSDT,sell,68682.00000000,0.00008000,2026-08-19T16:16:06.028000+00:00
binance,6582450967,4035597980,BTCUSDT,sell,68681.58000000,0.00016000,2026-08-19T16:16:06.028000+00:00
binance,6582450969,4035597981,BTCUSDT,sell,68681.47000000,0.00016000,2026-08-19T16:16:06.028000+00:00
binance,6582450971,4035597982,BTCUSDT,sell,68680.22000000,0.00024000,2026-08-19T16:16:06.028000+00:00
binance,6582450974,4035597983,BTCUSDT,sell,68680.21000000,0.03000000,2026-08-19T16:16:06.150000+00:00
binance,6582450975,4035597984,BTCUSDT,buy,68680.22000000,0.00007000,2026-08-19T16:16:06.209000+00:00
binance,6582450976,4035597985,BTCUSDT,buy,68680.22000000,0.00483000,2026-08-19T16:16:06.755000+00:00
binance,6582450977,4035597986,BTCUSDT,sell,68680.21000000,0.02430000,2026-08-19T16:16:06.889000+00:00
binance,6582450992,4035597987,BTCUSDT,sell,68680.21000000,0.00860000,2026-08-19T16:16:06.889000+00:00
binance,6582450993,4035597988,BTCUSDT,sell,68680.21000000,0.29202000,2026-08-19T16:16:06.889000+00:00
binance,6582451001,4035597989,BTCUSDT,sell,68680.20000000,0.00048000,2026-08-19T16:16:06.889000+00:00
binance,6582451007,4035597990,BTCUSDT,sell,68679.49000000,0.00020000,2026-08-19T16:16:06.891000+00:00
binance,6582451010,4035597991,BTCUSDT,sell,68679.49000000,0.00031000,2026-08-19T16:16:06.891000+00:00
binance,6582451014,4035597992,BTCUSDT,sell,68678.83000000,0.00009000,2026-08-19T16:16:06.891000+00:00
binance,6582451015,4035597993,BTCUSDT,sell,68678.12000000,0.00009000,2026-08-19T16:16:06.891000+00:00
binance,6582451016,4035597994,BTCUSDT,sell,68677.87000000,0.00024000,2026-08-19T16:16:06.891000+00:00
binance,6582451019,4035597995,BTCUSDT,sell,68677.86000000,0.00074000,2026-08-19T16:16:06.894000+00:00
binance,6582451028,4035597996,BTCUSDT,sell,68677.85000000,0.00008000,2026-08-19T16:16:06.894000+00:00
binance,6582451029,4035597997,BTCUSDT,sell,68677.83000000,0.00024000,2026-08-19T16:16:06.894000+00:00
binance,6582451032,4035597998,BTCUSDT,sell,68677.82000000,0.00073000,2026-08-19T16:16:06.896000+00:00
binance,6582451041,4035597999,BTCUSDT,sell,68677.81000000,0.00008000,2026-08-19T16:16:06.896000+00:00
binance,6582451042,4035598000,BTCUSDT,sell,68677.66000000,0.00008000,2026-08-19T16:16:06.896000+00:00
binance,6582451043,4035598001,BTCUSDT,sell,68676.88000000,0.00008000,2026-08-19T16:16:06.896000+00:00
binance,6582451044,4035598002,BTCUSDT,sell,68676.26000000,0.00017000,2026-08-19T16:16:06.896000+00:00
binance,6582451046,4035598003,BTCUSDT,sell,68676.00000000,0.00008000,2026-08-19T16:16:06.896000+00:00
binance,6582451047,4035598004,BTCUSDT,sell,68675.86000000,0.00016000,2026-08-19T16:16:06.896000+00:00
binance,6582451049,4035598005,BTCUSDT,sell,68675.62000000,0.00018000,2026-08-19T16:16:06.896000+00:00
binance,6582451050,4035598006,BTCUSDT,sell,68675.49000000,0.00589000,2026-08-19T16:16:06.896000+00:00
binance,6582451051,4035598007,BTCUSDT,sell,68675.49000000,0.00122000,2026-08-19T16:16:06.915000+00:00
binance,6582451066,4035598008,BTCUSDT,sell,68675.48000000,0.00064000,2026-08-19T16:16:06.915000+00:00
binance,6582451074,4035598009,BTCUSDT,sell,68674.71000000,0.00016000,2026-08-19T16:16:06.915000+00:00
binance,6582451076,4035598010,BTCUSDT,sell,68674.26000000,0.00010000,2026-08-19T16:16:06.917000+00:00
binance,6582451078,4035598011,BTCUSDT,sell,68674.26000000,0.00128000,2026-08-19T16:16:06.920000+00:00
binance,6582451094,4035598012,BTCUSDT,sell,68674.25000000,0.00080000,2026-08-19T16:16:06.920000+00:00
binance,6582451104,4035598013,BTCUSDT,sell,68673.87000000,0.00440000,2026-08-19T16:16:06.950000+00:00
binance,6582451105,4035598014,BTCUSDT,sell,68673.87000000,0.03000000,2026-08-19T16:16:07.227000+00:00
binance,6582451114,4035598015,BTCUSDT,buy,68673.88000000,0.00093000,2026-08-19T16:16:07.449000+00:00
binance,6582451115,4035598016,BTCUSDT,sell,68673.87000000,0.00125000,2026-08-19T16:16:07.462000+00:00
binance,6582451116,4035598017,BTCUSDT,buy,68673.88000000,0.04618000,2026-08-19T16:16:07.770000+00:00
binance,6582451117,4035598018,BTCUSDT,sell,68673.87000000,0.00019000,2026-08-19T16:16:07.867000+00:00
binance,6582451118,4035598019,BTCUSDT,buy,68673.88000000,0.00075000,2026-08-19T16:16:07.875000+00:00
binance,6582451119,4035598020,BTCUSDT,sell,68673.87000000,0.00022000,2026-08-19T16:16:08.368000+00:00
binance,6582451120,4035598021,BTCUSDT,sell,68673.87000000,0.01415000,2026-08-19T16:16:08.420000+00:00
binance,6582451134,4035598022,BTCUSDT,sell,68673.86000000,0.00048000,2026-08-19T16:16:08.420000+00:00
binance,6582451140,4035598023,BTCUSDT,sell,68673.03000000,0.00008000,2026-08-19T16:16:08.420000+00:00
binance,6582451141,4035598024,BTCUSDT,sell,68672.40000000,0.00009000,2026-08-19T16:16:08.420000+00:00
binance,6582451142,4035598025,BTCUSDT,sell,68671.51000000,0.00024000,2026-08-19T16:16:08.420000+00:00
binance,6582451145,4035598026,BTCUSDT,buy,68671.51000000,0.00280000,2026-08-19T16:16:08.431000+00:00
binance,6582451146,4035598027,BTCUSDT,buy,68671.51000000,0.00016000,2026-08-19T16:16:08.455000+00:00
binance,6582451147,4035598028,BTCUSDT,sell,68671.50000000,0.01741000,2026-08-19T16:16:08.472000+00:00
binance,6582451170,4035598029,BTCUSDT,sell,68671.49000000,0.00056000,2026-08-19T16:16:08.472000+00:00
binance,6582451177,4035598030,BTCUSDT,sell,68671.29000000,0.00011000,2026-08-19T16:16:08.472000+00:00
binance,6582451178,4035598031,BTCUSDT,sell,68671.25000000,0.00009000,2026-08-19T16:16:08.472000+00:00
binance,6582451179,4035598032,BTCUSDT,sell,68670.79000000,0.00008000,2026-08-19T16:16:08.472000+00:00
binance,6582451180,4035598033,BTCUSDT,sell,68670.51000000,0.00024000,2026-08-19T16:16:08.472000+00:00
binance,6582451183,4035598034,BTCUSDT,sell,68670.50000000,0.02441000,2026-08-19T16:16:08.528000+00:00
binance,6582451207,4035598035,BTCUSDT,sell,68670.49000000,0.00080000,2026-08-19T16:16:08.528000+00:00
binance,6582451217,4035598036,BTCUSDT,sell,68670.00000000,0.00017000,2026-08-19T16:16:08.528000+00:00
binance,6582451219,4035598037,BTCUSDT,sell,68669.80000000,0.00008000,2026-08-19T16:16:08.528000+00:00
binance,6582451220,4035598038,BTCUSDT,sell,68669.22000000,0.00040000,2026-08-19T16:16:08.528000+00:00
binance,6582451225,4035598039,BTCUSDT,sell,68669.13000000,0.00016000,2026-08-19T16:16:08.528000+00:00
binance,6582451227,4035598040,BTCUSDT,sell,68668.91000000,0.00016000,2026-08-19T16:16:08.528000+00:00
binance,6582451229,4035598041,BTCUSDT,sell,68668.81000000,0.00008000,2026-08-19T16:16:08.528000+00:00
binance,6582451230,4035598042,BTCUSDT,sell,68668.69000000,0.00018000,2026-08-19T16:16:08.528000+00:00
binance,6582451231,4035598043,BTCUSDT,sell,68668.15000000,0.00024000,2026-08-19T16:16:08.528000+00:00
binance,6582451234,4035598044,BTCUSDT,sell,68668.14000000,0.05000000,2026-08-19T16:16:08.537000+00:00
binance,6582451236,4035598045,BTCUSDT,sell,68668.14000000,0.00230000,2026-08-19T16:16:08.838000+00:00
binance,6582451237,4035598046,BTCUSDT,sell,68668.14000000,0.00058000,2026-08-19T16:16:09.039000+00:00
binance,6582451238,4035598047,BTCUSDT,sell,68668.14000000,0.00999000,2026-08-19T16:16:10.150000+00:00
binance,6582451239,4035598048,BTCUSDT,sell,68668.14000000,0.00153000,2026-08-19T16:16:10.503000+00:00
binance,6582451240,4035598049,BTCUSDT,sell,68668.14000000,0.00025000,2026-08-19T16:16:10.983000+00:00
binance,6582451241,4035598050,BTCUSDT,buy,68668.15000000,0.00276000,2026-08-19T16:16:11.051000+00:00
binance,6582451242,4035598051,BTCUSDT,buy,68668.15000000,0.00016000,2026-08-19T16:16:11.344000+00:00
binance,6582451243,4035598052,BTCUSDT,buy,68668.15000000,0.00072000,2026-08-19T16:16:11.514000+00:00
binance,6582451244,4035598053,BTCUSDT,sell,68668.14000000,0.01630000,2026-08-19T16:16:11.515000+00:00
binance,6582451245,4035598054,BTCUSDT,sell,68668.14000000,0.14563000,2026-08-19T16:16:11.820000+00:00
binance,6582451256,4035598055,BTCUSDT,sell,68668.14000000,0.02240000,2026-08-19T16:16:11.821000+00:00
binance,6582451257,4035598056,BTCUSDT,sell,68668.14000000,0.39511000,2026-08-19T16:16:11.821000+00:00
binance,6582451291,4035598057,BTCUSDT,sell,68668.13000000,0.00064000,2026-08-19T16:16:11.821000+00:00
binance,6582451299,4035598058,BTCUSDT,sell,68667.09000000,0.00020000,2026-08-19T16:16:11.823000+00:00
binance,6582451302,4035598059,BTCUSDT,sell,68667.09000000,0.00040000,2026-08-19T16:16:11.826000+00:00
binance,6582451308,4035598060,BTCUSDT,sell,68667.09000000,0.00020000,2026-08-19T16:16:11.826000+00:00
binance,6582451311,4035598061,BTCUSDT,sell,68667.09000000,0.00020000,2026-08-19T16:16:11.827000+00:00
binance,6582451315,4035598062,BTCUSDT,sell,68667.09000000,0.00030000,2026-08-19T16:16:11.827000+00:00
binance,6582451319,4035598063,BTCUSDT,sell,68667.09000000,0.00131000,2026-08-19T16:16:11.829000+00:00
binance,6582451335,4035598064,BTCUSDT,sell,68667.08000000,0.00064000,2026-08-19T16:16:11.829000+00:00
binance,6582451343,4035598065,BTCUSDT,sell,68666.57000000,0.00017000,2026-08-19T16:16:11.829000+00:00
binance,6582451345,4035598066,BTCUSDT,sell,68665.97000000,0.00009000,2026-08-19T16:16:11.829000+00:00
binance,6582451346,4035598067,BTCUSDT,sell,68665.83000000,0.00024000,2026-08-19T16:16:11.829000+00:00
binance,6582451349,4035598068,BTCUSDT,sell,68665.82000000,0.00064000,2026-08-19T16:16:11.829000+00:00
binance,6582451357,4035598069,BTCUSDT,sell,68665.78000000,0.00024000,2026-08-19T16:16:11.829000+00:00
binance,6582451360,4035598070,BTCUSDT,sell,68665.77000000,0.00024000,2026-08-19T16:16:11.829000+00:00
binance,6582451363,4035598071,BTCUSDT,sell,68665.75000000,0.00032000,2026-08-19T16:16:11.829000+00:00
binance,6582451367,4035598072,BTCUSDT,sell,68665.72000000,0.00024000,2026-08-19T16:16:11.829000+00:00
binance,6582451370,4035598073,BTCUSDT,sell,68665.71000000,0.00008000,2026-08-19T16:16:11.829000+00:00
binance,6582451371,4035598074,BTCUSDT,sell,68665.66000000,0.01008000,2026-08-19T16:16:11.829000+00:00
binance,6582451373,4035598075,BTCUSDT,sell,68665.65000000,0.00040000,2026-08-19T16:16:11.829000+00:00
binance,6582451378,4035598076,BTCUSDT,sell,68665.64000000,0.00014000,2026-08-19T16:16:11.829000+00:00
binance,6582451379,4035598077,BTCUSDT,sell,68665.52000000,0.00024000,2026-08-19T16:16:11.829000+00:00
binance,6582451382,4035598078,BTCUSDT,sell,68665.51000000,0.04150000,2026-08-19T16:16:11.829000+00:00
binance,6582451384,4035598079,BTCUSDT,sell,68665.51000000,0.00130000,2026-08-19T16:16:11.836000+00:00
binance,6582451400,4035598080,BTCUSDT,sell,68665.50000000,0.00058000,2026-08-19T16:16:11.837000+00:00
binance,6582451405,4035598081,BTCUSDT,sell,68665.50000000,0.04150000,2026-08-19T16:16:11.837000+00:00
binance,6582451406,4035598082,BTCUSDT,sell,68665.50000000,0.00040000,2026-08-19T16:16:11.838000+00:00
binance,6582451407,4035598083,BTCUSDT,sell,68665.50000000,0.03243000,2026-08-19T16:16:11.839000+00:00
binance,6582451416,4035598084,BTCUSDT,sell,68665.49000000,0.00024000,2026-08-19T16:16:11.839000+00:00
binance,6582451419,4035598085,BTCUSDT,sell,68665.39000000,0.00024000,2026-08-19T16:16:11.839000+00:00
binance,6582451422,4035598086,BTCUSDT,sell,68665.38000000,0.04008000,2026-08-19T16:16:11.839000+00:00
binance,6582451424,4035598087,BTCUSDT,sell,68665.29000000,0.00008000,2026-08-19T16:16:11.839000+00:00
binance,6582451425,4035598088,BTCUSDT,sell,68664.70000000,0.00107000,2026-08-19T16:16:11.846000+00:00
binance,6582451438,4035598089,BTCUSDT,sell,68664.69000000,0.00056000,2026-08-19T16:16:11.846000+00:00
binance,6582451445,4035598090,BTCUSDT,sell,68664.39000000,0.00109000,2026-08-19T16:16:11.852000+00:00
binance,6582451458,4035598091,BTCUSDT,sell,68664.38000000,0.09255000,2026-08-19T16:16:11.984000+00:00
binance,6582451478,4035598092,BTCUSDT,sell,68664.37000000,0.00005000,2026-08-19T16:16:11.984000+00:00
binance,6582451479,4035598093,BTCUSDT,sell,68664.37000000,0.00083000,2026-08-19T16:16:11.985000+00:00
binance,6582451490,4035598094,BTCUSDT,sell,68664.36000000,0.00008000,2026-08-19T16:16:11.985000+00:00
binance,6582451491,4035598095,BTCUSDT,sell,68664.00000000,0.00008000,2026-08-19T16:16:11.985000+00:00
binance,6582451492,4035598096,BTCUSDT,sell,68663.46000000,0.00009000,2026-08-19T16:16:11.985000+00:00
binance,6582451493,4035598097,BTCUSDT,sell,68663.34000000,0.00017000,2026-08-19T16:16:11.985000+00:00
binance,6582451495,4035598098,BTCUSDT,sell,68662.01000000,0.00024000,2026-08-19T16:16:11.985000+00:00
binance,6582451498,4035598099,BTCUSDT,sell,68662.00000000,0.05721000,2026-08-19T16:16:11.985000+00:00
binance,6582451499,4035598100,BTCUSDT,sell,68662.00000000,0.00020000,2026-08-19T16:16:11.989000+00:00
binance,6582451502,4035598101,BTCUSDT,sell,68662.00000000,0.00040000,2026-08-19T16:16:11.989000+00:00
binance,6582451508,4035598102,BTCUSDT,sell,68662.00000000,0.00030000,2026-08-19T16:16:11.990000+00:00
binance,6582451512,4035598103,BTCUSDT,sell,68662.00000000,0.00020000,2026-08-19T16:16:11.991000+00:00
binance,6582451515,4035598104,BTCUSDT,sell,68662.00000000,0.00020000,2026-08-19T16:16:11.991000+00:00
binance,6582451518,4035598105,BTCUSDT,sell,68661.99000000,0.00056000,2026-08-19T16:16:11.991000+00:00
binance,6582451525,4035598106,BTCUSDT,sell,68661.76000000,0.00018000,2026-08-19T16:16:11.991000+00:00
binance,6582451526,4035598107,BTCUSDT,sell,68661.29000000,0.00017000,2026-08-19T16:16:11.991000+00:00
binance,6582451527,4035598108,BTCUSDT,sell,68661.28000000,0.00156000,2026-08-19T16:16:11.991000+00:00
binance,6582451529,4035598109,BTCUSDT,sell,68660.22000000,0.00155000,2026-08-19T16:16:12.017000+00:00
binance,6582451548,4035598110,BTCUSDT,sell,68660.21000000,0.00072000,2026-08-19T16:16:12.017000+00:00
binance,6582451557,4035598111,BTCUSDT,sell,68660.13000000,0.00016000,2026-08-19T16:16:12.017000+00:00
binance,6582451559,4035598112,BTCUSDT,sell,68660.11000000,0.00008000,2026-08-19T16:16:12.017000+00:00
binance,6582451560,4035598113,BTCUSDT,sell,68659.54000000,0.00009000,2026-08-19T16:16:12.017000+00:00
binance,6582451561,4035598114,BTCUSDT,sell,68659.45000000,0.00032000,2026-08-19T16:16:12.017000+00:00
binance,6582451565,4035598115,BTCUSDT,sell,68659.22000000,0.00010000,2026-08-19T16:16:12.481000+00:00
binance,6582451567,4035598116,BTCUSDT,sell,68659.22000000,0.22071000,2026-08-19T16:16:12.525000+00:00
binance,6582451593,4035598117,BTCUSDT,sell,68659.21000000,0.00064000,2026-08-19T16:16:12.525000+00:00
binance,6582451601,4035598118,BTCUSDT,sell,68658.00000000,0.00030000,2026-08-19T16:16:12.527000+00:00
binance,6582451605,4035598119,BTCUSDT,sell,68658.00000000,0.00052000,2026-08-19T16:16:12.527000+00:00
binance,6582451612,4035598120,BTCUSDT,sell,68657.80000000,0.00016000,2026-08-19T16:16:12.527000+00:00
binance,6582451614,4035598121,BTCUSDT,sell,68657.49000000,0.00011000,2026-08-19T16:16:12.527000+00:00
binance,6582451615,4035598122,BTCUSDT,sell,68657.05000000,0.00008000,2026-08-19T16:16:12.527000+00:00
binance,6582451616,4035598123,BTCUSDT,sell,68656.92000000,0.00009000,2026-08-19T16:16:12.527000+00:00
binance,6582451617,4035598124,BTCUSDT,sell,68656.88000000,0.00017000,2026-08-19T16:16:12.527000+00:00
binance,6582451619,4035598125,BTCUSDT,sell,68656.81000000,0.00024000,2026-08-19T16:16:12.527000+00:00
binance,6582451622,4035598126,BTCUSDT,sell,68656.80000000,0.05693000,2026-08-19T16:16:12.527000+00:00
binance,6582451623,4035598127,BTCUSDT,sell,68656.80000000,0.00020000,2026-08-19T16:16:12.527000+00:00
binance,6582451626,4035598128,BTCUSDT,sell,68656.80000000,0.00020000,2026-08-19T16:16:12.527000+00:00
binance,6582451629,4035598129,BTCUSDT,sell,68656.79000000,0.00008000,2026-08-19T16:16:12.527000+00:00
binance,6582451630,4035598130,BTCUSDT,sell,68656.07000000,0.00016000,2026-08-19T16:16:12.527000+00:00
binance,6582451632,4035598131,BTCUSDT,sell,68655.79000000,0.00024000,2026-08-19T16:16:12.527000+00:00
binance,6582451635,4035598132,BTCUSDT,sell,68655.78000000,0.00008000,2026-08-19T16:16:12.527000+00:00
binance,6582451636,4035598133,BTCUSDT,sell,68655.58000000,0.00024000,2026-08-19T16:16:12.527000+00:00
binance,6582451639,4035598134,BTCUSDT,sell,68655.57000000,0.00024000,2026-08-19T16:16:12.527000+00:00
binance,6582451642,4035598135,BTCUSDT,sell,68655.39000000,0.00016000,2026-08-19T16:16:12.527000+00:00
binance,6582451644,4035598136,BTCUSDT,sell,68655.07000000,0.00024000,2026-08-19T16:16:12.528000+00:00
binance,6582451647,4035598137,BTCUSDT,sell,68654.83000000,0.00018000,2026-08-19T16:16:12.528000+00:00
binance,6582451648,4035598138,BTCUSDT,sell,68654.40000000,0.00016000,2026-08-19T16:16:12.528000+00:00
binance,6582451650,4035598139,BTCUSDT,sell,68654.24000000,0.00024000,2026-08-19T16:16:12.528000+00:00
binance,6582451653,4035598140,BTCUSDT,sell,68654.23000000,0.04298000,2026-08-19T16:16:12.528000+00:00
binance,6582451654,4035598141,BTCUSDT,sell,68654.23000000,0.00079000,2026-08-19T16:16:12.528000+00:00
binance,6582451656,4035598142,BTCUSDT,sell,68654.00000000,0.00008000,2026-08-19T16:16:12.528000+00:00
binance,6582451657,4035598143,BTCUSDT,sell,68653.91000000,0.00011000,2026-08-19T16:16:12.528000+00:00
binance,6582451658,4035598144,BTCUSDT,sell,68653.70000000,0.00366000,2026-08-19T16:16:12.528000+00:00
binance,6582451660,4035598145,BTCUSDT,sell,68653.65000000,0.00017000,2026-08-19T16:16:12.528000+00:00
binance,6582451662,4035598146,BTCUSDT,sell,68653.36000000,0.00017000,2026-08-19T16:16:12.528000+00:00
binance,6582451664,4035598147,BTCUSDT,sell,68653.28000000,0.00008000,2026-08-19T16:16:12.529000+00:00
binance,6582451665,4035598148,BTCUSDT,sell,68653.13000000,0.00024000,2026-08-19T16:16:12.529000+00:00
binance,6582451668,4035598149,BTCUSDT,sell,68653.12000000,0.00008000,2026-08-19T16:16:12.529000+00:00
binance,6582451669,4035598150,BTCUSDT,sell,68653.11000000,0.00025000,2026-08-19T16:16:12.529000+00:00
binance,6582451672,4035598151,BTCUSDT,sell,68652.28000000,0.00009000,2026-08-19T16:16:12.531000+00:00
binance,6582451673,4035598152,BTCUSDT,sell,68652.28000000,0.02081000,2026-08-19T16:16:12.537000+00:00
binance,6582451685,4035598153,BTCUSDT,sell,68652.27000000,0.00138000,2026-08-19T16:16:12.543000+00:00
binance,6582451702,4035598154,BTCUSDT,sell,68652.26000000,0.00030000,2026-08-19T16:16:12.649000+00:00
binance,6582451706,4035598155,BTCUSDT,sell,68652.26000000,0.24206000,2026-08-19T16:16:12.649000+00:00
binance,6582451722,4035598156,BTCUSDT,sell,68652.25000000,0.00114000,2026-08-19T16:16:12.655000+00:00
binance,6582451736,4035598157,BTCUSDT,sell,68652.24000000,0.00040000,2026-08-19T16:16:12.655000+00:00
binance,6582451741,4035598158,BTCUSDT,sell,68652.00000000,0.00008000,2026-08-19T16:16:12.655000+00:00
binance,6582451742,4035598159,BTCUSDT,sell,68650.42000000,0.00008000,2026-08-19T16:16:12.655000+00:00
binance,6582451743,4035598160,BTCUSDT,sell,68650.38000000,0.00009000,2026-08-19T16:16:12.655000+00:00
binance,6582451744,4035598161,BTCUSDT,sell,68649.85000000,0.00024000,2026-08-19T16:16:12.655000+00:00
binance,6582451747,4035598162,BTCUSDT,sell,68649.84000000,0.00107000,2026-08-19T16:16:12.817000+00:00
binance,6582451760,4035598163,BTCUSDT,sell,68649.83000000,0.00016000,2026-08-19T16:16:12.817000+00:00
binance,6582451762,4035598164,BTCUSDT,sell,68648.84000000,0.00008000,2026-08-19T16:16:12.817000+00:00
binance,6582451763,4035598165,BTCUSDT,sell,68648.21000000,0.00008000,2026-08-19T16:16:12.817000+00:00
binance,6582451764,4035598166,BTCUSDT,sell,68647.90000000,0.00018000,2026-08-19T16:16:12.817000+00:00
binance,6582451765,4035598167,BTCUSDT,sell,68647.41000000,0.00024000,2026-08-19T16:16:12.817000+00:00
binance,6582451768,4035598168,BTCUSDT,sell,68647.40000000,0.01753000,2026-08-19T16:16:12.929000+00:00
binance,6582451778,4035598169,BTCUSDT,sell,68647.40000000,0.00010000,2026-08-19T16:16:13.385000+00:00
binance,6582451779,4035598170,BTCUSDT,sell,68647.40000000,0.00742000,2026-08-19T16:16:13.772000+00:00
binance,6582451780,4035598171,BTCUSDT,buy,68647.41000000,0.00010000,2026-08-19T16:16:14.184000+00:00
binance,6582451781,4035598172,BTCUSDT,buy,68647.41000000,1.09211000,2026-08-19T16:16:14.206000+00:00
binance,6582451793,4035598173,BTCUSDT,buy,68647.41000000,0.02000000,2026-08-19T16:16:14.218000+00:00
binance,6582451794,4035598174,BTCUSDT,buy,68647.41000000,0.00400000,2026-08-19T16:16:14.224000+00:00
binance,6582451795,4035598175,BTCUSDT,buy,68647.41000000,0.14568000,2026-08-19T16:16:14.224000+00:00
binance,6582451801,4035598176,BTCUSDT,buy,68647.41000000,0.00860000,2026-08-19T16:16:14.227000+00:00
binance,6582451802,4035598177,BTCUSDT,buy,68647.41000000,0.04300000,2026-08-19T16:16:14.228000+00:00
binance,6582451803,4035598178,BTCUSDT,buy,68647.41000000,0.16122000,2026-08-19T16:16:14.228000+00:00
binance,6582451808,4035598179,BTCUSDT,buy,68647.41000000,0.01600000,2026-08-19T16:16:14.230000+00:00
binance,6582451809,4035598180,BTCUSDT,buy,68647.41000000,0.00320000,2026-08-19T16:16:14.233000+00:00
binance,6582451832,4035598181,BTCUSDT,buy,68648.22000000,0.00016000,2026-08-19T16:16:14.235000+00:00
binance,6582451834,4035598182,BTCUSDT,buy,68649.75000000,0.00024000,2026-08-19T16:16:14.235000+00:00
binance,6582451837,4035598183,BTCUSDT,buy,68649.76000000,0.00066000,2026-08-19T16:16:14.238000+00:00
binance,6582451845,4035598184,BTCUSDT,buy,68649.77000000,0.00008000,2026-08-19T16:16:14.238000+00:00
binance,6582451846,4035598185,BTCUSDT,buy,68650.42000000,0.00008000,2026-08-19T16:16:14.238000+00:00
binance,6582451847,4035598186,BTCUSDT,buy,68650.69000000,0.00024000,2026-08-19T16:16:14.238000+00:00
binance,6582451850,4035598187,BTCUSDT,buy,68650.70000000,0.00050000,2026-08-19T16:16:14.254000+00:00
binance,6582451856,4035598188,BTCUSDT,buy,68650.70000000,0.00017000,2026-08-19T16:16:14.254000+00:00
binance,6582451859,4035598189,BTCUSDT,buy,68650.71000000,0.00008000,2026-08-19T16:16:14.255000+00:00
binance,6582451860,4035598190,BTCUSDT,buy,68652.25000000,0.00066000,2026-08-19T16:16:14.258000+00:00
binance,6582451868,4035598191,BTCUSDT,buy,68652.26000000,0.00016000,2026-08-19T16:16:14.258000+00:00
binance,6582451870,4035598192,BTCUSDT,buy,68652.27000000,0.00055000,2026-08-19T16:16:14.258000+00:00
binance,6582451876,4035598193,BTCUSDT,buy,68652.28000000,0.00040000,2026-08-19T16:16:14.258000+00:00
binance,6582451881,4035598194,BTCUSDT,buy,68652.29000000,0.00016000,2026-08-19T16:16:14.258000+00:00
binance,6582451883,4035598195,BTCUSDT,buy,68652.38000000,0.00040000,2026-08-19T16:16:14.258000+00:00
binance,6582451888,4035598196,BTCUSDT,buy,68652.95000000,0.00024000,2026-08-19T16:16:14.258000+00:00
binance,6582451891,4035598197,BTCUSDT,buy,68652.96000000,0.00083000,2026-08-19T16:16:14.266000+00:00
binance,6582451901,4035598198,BTCUSDT,buy,68652.97000000,0.00008000,2026-08-19T16:16:14.266000+00:00
binance,6582451902,4035598199,BTCUSDT,buy,68653.65000000,0.00099000,2026-08-19T16:16:14.294000+00:00
binance,6582451914,4035598200,BTCUSDT,buy,68653.66000000,0.00083000,2026-08-19T16:16:14.354000+00:00
binance,6582451924,4035598201,BTCUSDT,buy,68653.67000000,0.00008000,2026-08-19T16:16:14.354000+00:00
binance,6582451925,4035598202,BTCUSDT,buy,68654.24000000,0.00032000,2026-08-19T16:16:14.354000+00:00
binance,6582451929,4035598203,BTCUSDT,buy,68654.29000000,0.00008000,2026-08-19T16:16:14.354000+00:00
binance,6582451930,4035598204,BTCUSDT,buy,68654.83000000,0.00018000,2026-08-19T16:16:14.354000+00:00
binance,6582451931,4035598205,BTCUSDT,buy,68655.40000000,0.00016000,2026-08-19T16:16:14.354000+00:00
binance,6582451933,4035598206,BTCUSDT,buy,68656.00000000,0.00024000,2026-08-19T16:16:14.354000+00:00
binance,6582451936,4035598207,BTCUSDT,buy,68656.01000000,0.00030000,2026-08-19T16:16:14.368000+00:00
binance,6582451940,4035598208,BTCUSDT,sell,68656.00000000,0.01124000,2026-08-19T16:16:14.378000+00:00
binance,6582451941,4035598209,BTCUSDT,sell,68656.00000000,0.00086000,2026-08-19T16:16:14.428000+00:00
binance,6582451942,4035598210,BTCUSDT,buy,68656.01000000,0.00017000,2026-08-19T16:16:14.445000+00:00
binance,6582451945,4035598211,BTCUSDT,buy,68656.01000000,0.00286000,2026-08-19T16:16:14.505000+00:00
binance,6582451959,4035598212,BTCUSDT,buy,68656.02000000,0.00008000,2026-08-19T16:16:14.505000+00:00
binance,6582451960,4035598213,BTCUSDT,buy,68656.80000000,0.00016000,2026-08-19T16:16:14.505000+00:00
binance,6582451962,4035598214,BTCUSDT,buy,68656.88000000,0.00017000,2026-08-19T16:16:14.505000+00:00
binance,6582451964,4035598215,BTCUSDT,buy,68658.01000000,0.00024000,2026-08-19T16:16:14.505000+00:00
binance,6582451967,4035598216,BTCUSDT,buy,68658.02000000,0.00015000,2026-08-19T16:16:14.545000+00:00
binance,6582451969,4035598217,BTCUSDT,buy,68658.02000000,0.00148000,2026-08-19T16:16:14.650000+00:00
binance,6582451987,4035598218,BTCUSDT,buy,68658.03000000,0.00008000,2026-08-19T16:16:14.650000+00:00
binance,6582451988,4035598219,BTCUSDT,buy,68658.39000000,0.00016000,2026-08-19T16:16:14.650000+00:00
binance,6582451990,4035598220,BTCUSDT,buy,68658.41000000,0.00016000,2026-08-19T16:16:14.650000+00:00
binance,6582451992,4035598221,BTCUSDT,buy,68658.91000000,0.00016000,2026-08-19T16:16:14.650000+00:00
binance,6582451994,4035598222,BTCUSDT,buy,68658.95000000,0.00024000,2026-08-19T16:16:14.650000+00:00
binance,6582451997,4035598223,BTCUSDT,buy,68658.96000000,0.00135000,2026-08-19T16:16:14.764000+00:00
binance,6582451998,4035598224,BTCUSDT,buy,68658.96000000,0.00200000,2026-08-19T16:16:14.766000+00:00
binance,6582451999,4035598225,BTCUSDT,buy,68658.96000000,0.00304000,2026-08-19T16:16:14.862000+00:00
binance,6582452000,4035598226,BTCUSDT,buy,68658.96000000,0.00044000,2026-08-19T16:16:14.883000+00:00
binance,6582452001,4035598227,BTCUSDT,buy,68658.96000000,0.00030000,2026-08-19T16:16:14.948000+00:00
binance,6582452005,4035598228,BTCUSDT,buy,68658.96000000,0.00117000,2026-08-19T16:16:14.990000+00:00
binance,6582452019,4035598229,BTCUSDT,buy,68658.97000000,0.00016000,2026-08-19T16:16:14.990000+00:00
binance,6582452021,4035598230,BTCUSDT,buy,68659.10000000,0.00008000,2026-08-19T16:16:14.990000+00:00
binance,6582452022,4035598231,BTCUSDT,buy,68659.22000000,0.00016000,2026-08-19T16:16:14.990000+00:00
binance,6582452024,4035598232,BTCUSDT,buy,68660.11000000,0.00017000,2026-08-19T16:16:14.990000+00:00
binance,6582452026,4035598233,BTCUSDT,buy,68660.40000000,0.00016000,2026-08-19T16:16:14.990000+00:00
binance,6582452028,4035598234,BTCUSDT,buy,68661.33000000,0.00024000,2026-08-19T16:16:14.990000+00:00
binance,6582452031,4035598235,BTCUSDT,buy,68661.34000000,0.00010000,2026-08-19T16:16:15.002000+00:00
binance,6582452033,4035598236,BTCUSDT,buy,68661.34000000,0.01000000,2026-08-19T16:16:15.002000+00:00
binance,6582452044,4035598237,BTCUSDT,buy,68661.34000000,0.02000000,2026-08-19T16:16:15.003000+00:00
binance,6582452045,4035598238,BTCUSDT,buy,68661.34000000,0.01100000,2026-08-19T16:16:15.006000+00:00
binance,6582452046,4035598239,BTCUSDT,buy,68661.34000000,0.00900000,2026-08-19T16:16:15.007000+00:00
binance,6582452047,4035598240,BTCUSDT,buy,68661.34000000,0.00900000,2026-08-19T16:16:15.007000+00:00
binance,6582452048,4035598241,BTCUSDT,buy,68661.34000000,0.01800000,2026-08-19T16:16:15.008000+00:00
binance,6582452049,4035598242,BTCUSDT,buy,68661.34000000,0.00300000,2026-08-19T16:16:15.032000+00:00
binance,6582452050,4035598243,BTCUSDT,buy,68661.34000000,0.00014000,2026-08-19T16:16:15.047000+00:00
binance,6582452051,4035598244,BTCUSDT,buy,68661.34000000,0.00019000,2026-08-19T16:16:15.083000+00:00
binance,6582452054,4035598245,BTCUSDT,sell,68661.33000000,0.01723000,2026-08-19T16:16:15.182000+00:00
binance,6582452055,4035598246,BTCUSDT,buy,68661.34000000,0.00213000,2026-08-19T16:16:15.184000+00:00
binance,6582452062,4035598247,BTCUSDT,sell,68661.33000000,0.00029000,2026-08-19T16:16:15.250000+00:00
binance,6582452063,4035598248,BTCUSDT,buy,68661.34000000,0.00015000,2026-08-19T16:16:15.251000+00:00
binance,6582452064,4035598249,BTCUSDT,buy,68661.34000000,0.00298000,2026-08-19T16:16:15.275000+00:00
binance,6582452082,4035598250,BTCUSDT,buy,68661.35000000,0.00048000,2026-08-19T16:16:15.275000+00:00
binance,6582452088,4035598251,BTCUSDT,buy,68661.76000000,0.00018000,2026-08-19T16:16:15.275000+00:00
binance,6582452089,4035598252,BTCUSDT,buy,68662.17000000,0.00016000,2026-08-19T16:16:15.275000+00:00
binance,6582452091,4035598253,BTCUSDT,buy,68662.87000000,0.00024000,2026-08-19T16:16:15.275000+00:00
binance,6582452094,4035598254,BTCUSDT,buy,68662.88000000,0.00015000,2026-08-19T16:16:15.350000+00:00
binance,6582452095,4035598255,BTCUSDT,buy,68662.88000000,0.00014000,2026-08-19T16:16:15.444000+00:00
binance,6582452096,4035598256,BTCUSDT,buy,68662.88000000,0.00015000,2026-08-19T16:16:15.452000+00:00
binance,6582452097,4035598257,BTCUSDT,buy,68662.88000000,0.11761000,2026-08-19T16:16:15.487000+00:00
binance,6582452098,4035598258,BTCUSDT,buy,68662.88000000,0.00015000,2026-08-19T16:16:15.550000+00:00
binance,6582452100,4035598259,BTCUSDT,sell,68662.87000000,0.00683000,2026-08-19T16:16:15.551000+00:00
binance,6582452101,4035598260,BTCUSDT,sell,68662.87000000,0.00820000,2026-08-19T16:16:15.558000+00:00
binance,6582452107,4035598261,BTCUSDT,sell,68662.87000000,0.00010000,2026-08-19T16:16:15.560000+00:00
binance,6582452108,4035598262,BTCUSDT,sell,68662.87000000,0.00075000,2026-08-19T16:16:15.564000+00:00
binance,6582452109,4035598263,BTCUSDT,sell,68662.87000000,0.01457000,2026-08-19T16:16:15.571000+00:00
binance,6582452110,4035598264,BTCUSDT,sell,68662.87000000,0.01958000,2026-08-19T16:16:15.591000+00:00
binance,6582452132,4035598265,BTCUSDT,sell,68662.86000000,0.00008000,2026-08-19T16:16:15.591000+00:00
binance,6582452133,4035598266,BTCUSDT,sell,68662.06000000,0.00016000,2026-08-19T16:16:15.593000+00:00
binance,6582452135,4035598267,BTCUSDT,sell,68661.86000000,0.00008000,2026-08-19T16:16:15.593000+00:00
binance,6582452136,4035598268,BTCUSDT,sell,68661.35000000,0.00048000,2026-08-19T16:16:15.593000+00:00
binance,6582452142,4035598269,BTCUSDT,sell,68661.34000000,0.00008000,2026-08-19T16:16:15.593000+00:00
binance,6582452143,4035598270,BTCUSDT,sell,68661.33000000,0.00168000,2026-08-19T16:16:15.593000+00:00
binance,6582452164,4035598271,BTCUSDT,sell,68660.78000000,0.00008000,2026-08-19T16:16:15.593000+00:00
binance,6582452165,4035598272,BTCUSDT,sell,68660.46000000,0.00024000,2026-08-19T16:16:15.593000+00:00
binance,6582452168,4035598273,BTCUSDT,buy,68660.46000000,0.00037000,2026-08-19T16:16:15.650000+00:00
binance,6582452169,4035598274,BTCUSDT,buy,68660.46000000,0.00037000,2026-08-19T16:16:15.683000+00:00
binance,6582452170,4035598275,BTCUSDT,buy,68660.46000000,0.00015000,2026-08-19T16:16:15.756000+00:00
binance,6582452171,4035598276,BTCUSDT,buy,68660.46000000,0.00224000,2026-08-19T16:16:15.772000+00:00
binance,6582452173,4035598277,BTCUSDT,buy,68660.46000000,0.00044000,2026-08-19T16:16:15.847000+00:00
binance,6582452174,4035598278,BTCUSDT,sell,68660.45000000,0.00041000,2026-08-19T16:16:16.030000+00:00
binance,6582452175,4035598279,BTCUSDT,sell,68660.45000000,0.23873000,2026-08-19T16:16:16.044000+00:00
binance,6582452182,4035598280,BTCUSDT,sell,68660.45000000,0.00018000,2026-08-19T16:16:16.049000+00:00
binance,6582452183,4035598281,BTCUSDT,sell,68660.45000000,0.00010000,2026-08-19T16:16:16.074000+00:00
binance,6582452184,4035598282,BTCUSDT,buy,68660.46000000,0.00011000,2026-08-19T16:16:16.214000+00:00
binance,6582452185,4035598283,BTCUSDT,buy,68660.46000000,0.00073000,2026-08-19T16:16:16.264000+00:00
binance,6582452186,4035598284,BTCUSDT,buy,68660.46000000,0.00015000,2026-08-19T16:16:16.353000+00:00
binance,6582452187,4035598285,BTCUSDT,buy,68660.46000000,0.00117000,2026-08-19T16:16:16.383000+00:00
binance,6582452188,4035598286,BTCUSDT,sell,68660.45000000,0.00013000,2026-08-19T16:16:16.413000+00:00
binance,6582452189,4035598287,BTCUSDT,buy,68660.46000000,0.01020000,2026-08-19T16:16:16.449000+00:00
binance,6582452190,4035598288,BTCUSDT,buy,68660.46000000,0.00029000,2026-08-19T16:16:16.518000+00:00
binance,6582452191,4035598289,BTCUSDT,buy,68660.46000000,0.00057000,2026-08-19T16:16:16.605000+00:00
binance,6582452192,4035598290,BTCUSDT,buy,68660.46000000,0.00009000,2026-08-19T16:16:16.609000+00:00
binance,6582452193,4035598291,BTCUSDT,buy,68660.46000000,0.00041000,2026-08-19T16:16:16.652000+00:00
binance,6582452194,4035598292,BTCUSDT,buy,68660.46000000,0.00059000,2026-08-19T16:16:16.751000+00:00
binance,6582452195,4035598293,BTCUSDT,buy,68660.46000000,0.00073000,2026-08-19T16:16:16.850000+00:00
binance,6582452196,4035598294,BTCUSDT,buy,68660.46000000,0.00292000,2026-08-19T16:16:16.945000+00:00
binance,6582452197,4035598295,BTCUSDT,sell,68660.45000000,0.00084000,2026-08-19T16:16:16.946000+00:00
binance,6582452198,4035598296,BTCUSDT,buy,68660.46000000,0.01310000,2026-08-19T16:16:17.122000+00:00
binance,6582452199,4035598297,BTCUSDT,buy,68660.46000000,0.00037000,2026-08-19T16:16:17.265000+00:00
binance,6582452200,4035598298,BTCUSDT,sell,68660.45000000,0.00114000,2026-08-19T16:16:17.443000+00:00
binance,6582452201,4035598299,BTCUSDT,buy,68660.46000000,0.00024000,2026-08-19T16:16:17.539000+00:00
binance,6582452202,4035598300,BTCUSDT,buy,68660.46000000,0.00010000,2026-08-19T16:16:17.694000+00:00
binance,6582452203,4035598301,BTCUSDT,buy,68660.46000000,0.00073000,2026-08-19T16:16:17.750000+00:00
binance,6582452204,4035598302,BTCUSDT,buy,68660.46000000,0.00012000,2026-08-19T16:16:17.841000+00:00
binance,6582452205,4035598303,BTCUSDT,buy,68660.46000000,0.00015000,2026-08-19T16:16:18.064000+00:00
binance,6582452206,4035598304,BTCUSDT,buy,68660.46000000,0.00007000,2026-08-19T16:16:18.121000+00:00
binance,6582452207,4035598305,BTCUSDT,buy,68660.46000000,0.00011000,2026-08-19T16:16:18.183000+00:00
binance,6582452208,4035598306,BTCUSDT,buy,68660.46000000,0.00015000,2026-08-19T16:16:18.253000+00:00
binance,6582452209,4035598307,BTCUSDT,buy,68660.46000000,0.00077000,2026-08-19T16:16:18.435000+00:00
binance,6582452210,4035598308,BTCUSDT,sell,68660.45000000,0.00010000,2026-08-19T16:16:18.610000+00:00
binance,6582452211,4035598309,BTCUSDT,sell,68660.45000000,0.05908000,2026-08-19T16:16:18.619000+00:00
binance,6582452233,4035598310,BTCUSDT,sell,68660.44000000,0.00040000,2026-08-19T16:16:18.619000+00:00
binance,6582452238,4035598311,BTCUSDT,sell,68660.11000000,0.00107000,2026-08-19T16:16:18.627000+00:00
binance,6582452251,4035598312,BTCUSDT,sell,68660.10000000,0.00072000,2026-08-19T16:16:18.627000+00:00
binance,6582452260,4035598313,BTCUSDT,sell,68658.95000000,0.26353000,2026-08-19T16:16:18.627000+00:00
binance,6582452273,4035598314,BTCUSDT,sell,68658.02000000,0.00024000,2026-08-19T16:16:18.627000+00:00
binance,6582452276,4035598315,BTCUSDT,sell,68658.01000000,0.01257000,2026-08-19T16:16:18.627000+00:00
binance,6582452289,4035598316,BTCUSDT,sell,68657.98000000,0.00024000,2026-08-19T16:16:18.627000+00:00
binance,6582452292,4035598317,BTCUSDT,sell,68657.97000000,0.01202000,2026-08-19T16:16:18.635000+00:00
binance,6582452317,4035598318,BTCUSDT,sell,68657.96000000,0.00040000,2026-08-19T16:16:18.635000+00:00
binance,6582452322,4035598319,BTCUSDT,sell,68657.15000000,0.00024000,2026-08-19T16:16:18.635000+00:00
binance,6582452325,4035598320,BTCUSDT,sell,68657.14000000,0.02008000,2026-08-19T16:16:18.635000+00:00
binance,6582452327,4035598321,BTCUSDT,sell,68657.05000000,0.00008000,2026-08-19T16:16:18.635000+00:00
binance,6582452328,4035598322,BTCUSDT,sell,68656.88000000,0.00008000,2026-08-19T16:16:18.635000+00:00
binance,6582452329,4035598323,BTCUSDT,sell,68656.02000000,0.00016000,2026-08-19T16:16:18.635000+00:00
binance,6582452331,4035598324,BTCUSDT,sell,68656.01000000,0.00040000,2026-08-19T16:16:18.635000+00:00
binance,6582452336,4035598325,BTCUSDT,sell,68656.00000000,0.00040000,2026-08-19T16:16:18.635000+00:00
binance,6582452341,4035598326,BTCUSDT,sell,68655.50000000,0.00024000,2026-08-19T16:16:18.635000+00:00
binance,6582452344,4035598327,BTCUSDT,sell,68655.49000000,0.05647000,2026-08-19T16:16:18.635000+00:00
binance,6582452345,4035598328,BTCUSDT,sell,68655.21000000,0.00024000,2026-08-19T16:16:18.635000+00:00
binance,6582452348,4035598329,BTCUSDT,sell,68655.20000000,0.19080000,2026-08-19T16:16:18.638000+00:00
binance,6582452354,4035598330,BTCUSDT,sell,68655.20000000,0.00118000,2026-08-19T16:16:18.641000+00:00
binance,6582452369,4035598331,BTCUSDT,sell,68655.19000000,0.00056000,2026-08-19T16:16:18.641000+00:00
binance,6582452376,4035598332,BTCUSDT,sell,68654.93000000,0.00020000,2026-08-19T16:16:18.644000+00:00
binance,6582452379,4035598333,BTCUSDT,sell,68654.93000000,0.00118000,2026-08-19T16:16:18.647000+00:00
binance,6582452394,4035598334,BTCUSDT,sell,68654.92000000,0.00064000,2026-08-19T16:16:18.647000+00:00
binance,6582452402,4035598335,BTCUSDT,sell,68654.83000000,0.00018000,2026-08-19T16:16:18.647000+00:00
binance,6582452403,4035598336,BTCUSDT,sell,68653.65000000,0.00008000,2026-08-19T16:16:18.647000+00:00
binance,6582452404,4035598337,BTCUSDT,buy,68653.17000000,0.00011000,2026-08-19T16:16:18.649000+00:00
binance,6582452405,4035598338,BTCUSDT,sell,68653.16000000,0.00162000,2026-08-19T16:16:18.653000+00:00
binance,6582452425,4035598339,BTCUSDT,sell,68653.15000000,0.00048000,2026-08-19T16:16:18.653000+00:00
binance,6582452431,4035598340,BTCUSDT,sell,68653.11000000,0.00016000,2026-08-19T16:16:18.653000+00:00
binance,6582452433,4035598341,BTCUSDT,sell,68652.76000000,0.00008000,2026-08-19T16:16:18.653000+00:00
binance,6582452434,4035598342,BTCUSDT,sell,68652.36000000,0.00024000,2026-08-19T16:16:18.653000+00:00
binance,6582452437,4035598343,BTCUSDT,buy,68652.36000000,0.00043000,2026-08-19T16:16:18.663000+00:00
binance,6582452438,4035598344,BTCUSDT,sell,68652.35000000,0.10000000,2026-08-19T16:16:18.818000+00:00
binance,6582452446,4035598345,BTCUSDT,buy,68652.36000000,0.00010000,2026-08-19T16:16:18.983000+00:00
binance,6582452447,4035598346,BTCUSDT,sell,68652.35000000,0.00046000,2026-08-19T16:16:19.005000+00:00
binance,6582452448,4035598347,BTCUSDT,buy,68652.36000000,0.10438000,2026-08-19T16:16:19.023000+00:00
binance,6582452449,4035598348,BTCUSDT,buy,68652.36000000,0.10438000,2026-08-19T16:16:19.024000+00:00
binance,6582452450,4035598349,BTCUSDT,buy,68652.36000000,0.00084000,2026-08-19T16:16:19.024000+00:00
binance,6582452451,4035598350,BTCUSDT,buy,68652.36000000,0.56686000,2026-08-19T16:16:19.025000+00:00
binance,6582452482,4035598351,BTCUSDT,buy,68652.37000000,0.00032000,2026-08-19T16:16:19.025000+00:00
binance,6582452486,4035598352,BTCUSDT,buy,68653.10000000,0.00016000,2026-08-19T16:16:19.025000+00:00
binance,6582452488,4035598353,BTCUSDT,buy,68653.11000000,0.00016000,2026-08-19T16:16:19.025000+00:00
binance,6582452490,4035598354,BTCUSDT,buy,68653.16000000,0.00016000,2026-08-19T16:16:19.025000+00:00
binance,6582452492,4035598355,BTCUSDT,buy,68653.65000000,0.00008000,2026-08-19T16:16:19.025000+00:00
binance,6582452493,4035598356,BTCUSDT,buy,68654.65000000,0.00024000,2026-08-19T16:16:19.025000+00:00
binance,6582452496,4035598357,BTCUSDT,buy,68654.66000000,0.06063000,2026-08-19T16:16:19.025000+00:00
binance,6582452498,4035598358,BTCUSDT,buy,68654.84000000,0.00016000,2026-08-19T16:16:19.025000+00:00
binance,6582452500,4035598359,BTCUSDT,buy,68654.94000000,0.00016000,2026-08-19T16:16:19.025000+00:00
binance,6582452502,4035598360,BTCUSDT,buy,68655.20000000,0.00024000,2026-08-19T16:16:19.025000+00:00
binance,6582452505,4035598361,BTCUSDT,buy,68655.21000000,0.04304000,2026-08-19T16:16:19.025000+00:00
binance,6582452522,4035598362,BTCUSDT,buy,68655.47000000,0.00016000,2026-08-19T16:16:19.025000+00:00
binance,6582452524,4035598363,BTCUSDT,buy,68656.88000000,0.00008000,2026-08-19T16:16:19.025000+00:00
binance,6582452525,4035598364,BTCUSDT,buy,68657.12000000,0.00040000,2026-08-19T16:16:19.025000+00:00
binance,6582452530,4035598365,BTCUSDT,buy,68657.98000000,0.00056000,2026-08-19T16:16:19.025000+00:00
binance,6582452537,4035598366,BTCUSDT,buy,68657.99000000,0.00040000,2026-08-19T16:16:19.025000+00:00
binance,6582452542,4035598367,BTCUSDT,buy,68659.54000000,0.00009000,2026-08-19T16:16:19.025000+00:00
binance,6582452543,4035598368,BTCUSDT,buy,68660.11000000,0.00017000,2026-08-19T16:16:19.025000+00:00
binance,6582452545,4035598369,BTCUSDT,buy,68660.12000000,0.00056000,2026-08-19T16:16:19.025000+00:00
binance,6582452552,4035598370,BTCUSDT,buy,68660.16000000,0.00011000,2026-08-19T16:16:19.025000+00:00
binance,6582452553,4035598371,BTCUSDT,buy,68660.45000000,0.00045000,2026-08-19T16:16:19.025000+00:00
binance,6582452557,4035598372,BTCUSDT,buy,68660.46000000,0.01560000,2026-08-19T16:16:19.025000+00:00
binance,6582452570,4035598373,BTCUSDT,buy,68660.79000000,0.00016000,2026-08-19T16:16:19.025000+00:00
binance,6582452572,4035598374,BTCUSDT,buy,68660.92000000,0.00008000,2026-08-19T16:16:19.025000+00:00
binance,6582452573,4035598375,BTCUSDT,buy,68661.23000000,0.00024000,2026-08-19T16:16:19.025000+00:00
binance,6582452576,4035598376,BTCUSDT,buy,68661.24000000,0.14572000,2026-08-19T16:16:19.025000+00:00
binance,6582452578,4035598377,BTCUSDT,buy,68661.34000000,0.00016000,2026-08-19T16:16:19.025000+00:00
binance,6582452580,4035598378,BTCUSDT,buy,68661.35000000,0.00016000,2026-08-19T16:16:19.025000+00:00
binance,6582452582,4035598379,BTCUSDT,buy,68661.76000000,0.00018000,2026-08-19T16:16:19.026000+00:00
binance,6582452583,4035598380,BTCUSDT,buy,68662.06000000,0.00008000,2026-08-19T16:16:19.026000+00:00
binance,6582452584,4035598381,BTCUSDT,buy,68662.07000000,0.00024000,2026-08-19T16:16:19.026000+00:00
binance,6582452587,4035598382,BTCUSDT,buy,68662.88000000,0.00008000,2026-08-19T16:16:19.026000+00:00
binance,6582452588,4035598383,BTCUSDT,buy,68663.34000000,0.00025000,2026-08-19T16:16:19.026000+00:00
binance,6582452591,4035598384,BTCUSDT,buy,68663.46000000,0.00009000,2026-08-19T16:16:19.026000+00:00
binance,6582452592,4035598385,BTCUSDT,buy,68663.72000000,0.00048000,2026-08-19T16:16:19.026000+00:00
binance,6582452593,4035598386,BTCUSDT,buy,68663.77000000,0.00008000,2026-08-19T16:16:19.026000+00:00
binance,6582452594,4035598387,BTCUSDT,buy,68664.37000000,0.00030000,2026-08-19T16:16:19.026000+00:00
binance,6582452595,4035598388,BTCUSDT,buy,68664.85000000,0.03822000,2026-08-19T16:16:19.026000+00:00
binance,6582452596,4035598389,BTCUSDT,buy,68664.85000000,0.00015000,2026-08-19T16:16:19.048000+00:00
binance,6582452598,4035598390,BTCUSDT,buy,68664.85000000,0.01800000,2026-08-19T16:16:19.056000+00:00
binance,6582452607,4035598391,BTCUSDT,buy,68664.85000000,0.01100000,2026-08-19T16:16:19.056000+00:00
binance,6582452608,4035598392,BTCUSDT,buy,68664.85000000,0.00900000,2026-08-19T16:16:19.056000+00:00
binance,6582452609,4035598393,BTCUSDT,buy,68664.85000000,0.00900000,2026-08-19T16:16:19.056000+00:00
binance,6582452610,4035598394,BTCUSDT,buy,68664.85000000,0.13035000,2026-08-19T16:16:19.062000+00:00
binance,6582452612,4035598395,BTCUSDT,buy,68664.85000000,0.09995000,2026-08-19T16:16:19.064000+00:00
binance,6582452624,4035598396,BTCUSDT,buy,68664.86000000,0.00008000,2026-08-19T16:16:19.064000+00:00
binance,6582452625,4035598397,BTCUSDT,buy,68666.45000000,0.00080000,2026-08-19T16:16:19.066000+00:00
binance,6582452635,4035598398,BTCUSDT,buy,68666.57000000,0.00017000,2026-08-19T16:16:19.066000+00:00
binance,6582452637,4035598399,BTCUSDT,buy,68667.05000000,0.00019000,2026-08-19T16:16:19.066000+00:00
binance,6582452639,4035598400,BTCUSDT,buy,68667.94000000,0.00016000,2026-08-19T16:16:19.066000+00:00
binance,6582452641,4035598401,BTCUSDT,buy,68668.14000000,0.00078000,2026-08-19T16:16:19.066000+00:00
binance,6582452642,4035598402,BTCUSDT,buy,68668.15000000,0.00037000,2026-08-19T16:16:19.066000+00:00
binance,6582452643,4035598403,BTCUSDT,buy,68668.21000000,0.00009000,2026-08-19T16:16:19.066000+00:00
binance,6582452644,4035598404,BTCUSDT,buy,68668.69000000,0.00018000,2026-08-19T16:16:19.066000+00:00
binance,6582452645,4035598405,BTCUSDT,buy,68669.45000000,0.00008000,2026-08-19T16:16:19.066000+00:00
binance,6582452646,4035598406,BTCUSDT,buy,68669.80000000,0.00017000,2026-08-19T16:16:19.066000+00:00
binance,6582452648,4035598407,BTCUSDT,buy,68670.00000000,0.00009000,2026-08-19T16:16:19.066000+00:00
binance,6582452649,4035598408,BTCUSDT,buy,68671.26000000,0.00010000,2026-08-19T16:16:19.066000+00:00
binance,6582452650,4035598409,BTCUSDT,buy,68671.75000000,0.00009000,2026-08-19T16:16:19.066000+00:00
binance,6582452651,4035598410,BTCUSDT,buy,68671.95000000,0.00024000,2026-08-19T16:16:19.066000+00:00
binance,6582452654,4035598411,BTCUSDT,buy,68672.22000000,0.00009000,2026-08-19T16:16:19.068000+00:00
binance,6582452656,4035598412,BTCUSDT,buy,68672.22000000,0.00300000,2026-08-19T16:16:19.082000+00:00
binance,6582452661,4035598413,BTCUSDT,buy,68672.22000000,0.01000000,2026-08-19T16:16:19.083000+00:00
binance,6582452662,4035598414,BTCUSDT,buy,68672.22000000,0.00517000,2026-08-19T16:16:19.109000+00:00
binance,6582452663,4035598415,BTCUSDT,buy,68672.22000000,0.00546000,2026-08-19T16:16:19.109000+00:00
binance,6582452664,4035598416,BTCUSDT,buy,68672.22000000,0.00508000,2026-08-19T16:16:19.109000+00:00
binance,6582452665,4035598417,BTCUSDT,buy,68672.22000000,0.01000000,2026-08-19T16:16:19.129000+00:00
binance,6582452666,4035598418,BTCUSDT,buy,68672.22000000,0.00111000,2026-08-19T16:16:19.210000+00:00
binance,6582452679,4035598419,BTCUSDT,buy,68672.23000000,0.00016000,2026-08-19T16:16:19.210000+00:00
binance,6582452681,4035598420,BTCUSDT,buy,68672.39000000,0.00016000,2026-08-19T16:16:19.210000+00:00
binance,6582452683,4035598421,BTCUSDT,buy,68673.03000000,0.00008000,2026-08-19T16:16:19.210000+00:00
binance,6582452684,4035598422,BTCUSDT,buy,68673.86000000,0.00024000,2026-08-19T16:16:19.210000+00:00
binance,6582452687,4035598423,BTCUSDT,buy,68673.87000000,0.00015000,2026-08-19T16:16:19.251000+00:00
binance,6582452688,4035598424,BTCUSDT,buy,68673.87000000,0.00300000,2026-08-19T16:16:19.493000+00:00
binance,6582452689,4035598425,BTCUSDT,buy,68673.87000000,0.02913000,2026-08-19T16:16:19.545000+00:00
binance,6582452690,4035598426,BTCUSDT,buy,68673.87000000,0.25207000,2026-08-19T16:16:19.722000+00:00
binance,6582452706,4035598427,BTCUSDT,buy,68673.88000000,0.00016000,2026-08-19T16:16:19.722000+00:00
binance,6582452708,4035598428,BTCUSDT,buy,68673.96000000,0.00016000,2026-08-19T16:16:19.722000+00:00
binance,6582452710,4035598429,BTCUSDT,buy,68674.16000000,0.00016000,2026-08-19T16:16:19.722000+00:00
binance,6582452712,4035598430,BTCUSDT,buy,68674.18000000,0.00024000,2026-08-19T16:16:19.722000+00:00
binance,6582452715,4035598431,BTCUSDT,buy,68674.19000000,0.04287000,2026-08-19T16:16:19.724000+00:00
binance,6582452727,4035598432,BTCUSDT,buy,68674.20000000,0.00008000,2026-08-19T16:16:19.724000+00:00
binance,6582452728,4035598433,BTCUSDT,buy,68674.21000000,0.00008000,2026-08-19T16:16:19.724000+00:00
binance,6582452729,4035598434,BTCUSDT,buy,68675.07000000,0.00009000,2026-08-19T16:16:19.724000+00:00
binance,6582452730,4035598435,BTCUSDT,buy,68675.62000000,0.00018000,2026-08-19T16:16:19.724000+00:00
binance,6582452731,4035598436,BTCUSDT,buy,68676.24000000,0.00024000,2026-08-19T16:16:19.724000+00:00
binance,6582452734,4035598437,BTCUSDT,buy,68676.25000000,0.00098000,2026-08-19T16:16:19.730000+00:00
binance,6582452746,4035598438,BTCUSDT,buy,68676.26000000,0.00040000,2026-08-19T16:16:19.730000+00:00
binance,6582452751,4035598439,BTCUSDT,buy,68676.27000000,0.00008000,2026-08-19T16:16:19.730000+00:00
binance,6582452752,4035598440,BTCUSDT,buy,68676.54000000,0.00009000,2026-08-19T16:16:19.730000+00:00
binance,6582452753,4035598441,BTCUSDT,buy,68677.38000000,0.00008000,2026-08-19T16:16:19.730000+00:00
binance,6582452754,4035598442,BTCUSDT,buy,68678.51000000,0.00009000,2026-08-19T16:16:19.730000+00:00
binance,6582452755,4035598443,BTCUSDT,buy,68678.63000000,0.05886000,2026-08-19T16:16:19.730000+00:00
binance,6582452756,4035598444,BTCUSDT,buy,68678.69000000,0.00024000,2026-08-19T16:16:19.730000+00:00
binance,6582452759,4035598445,BTCUSDT,buy,68678.70000000,0.00015000,2026-08-19T16:16:19.947000+00:00
binance,6582452760,4035598446,BTCUSDT,buy,68678.70000000,0.01300000,2026-08-19T16:16:20.115000+00:00
binance,6582452761,4035598447,BTCUSDT,buy,68678.70000000,0.00900000,2026-08-19T16:16:20.116000+00:00
binance,6582452762,4035598448,BTCUSDT,buy,68678.70000000,0.00900000,2026-08-19T16:16:20.117000+00:00
binance,6582452763,4035598449,BTCUSDT,buy,68678.70000000,0.01100000,2026-08-19T16:16:20.118000+00:00
binance,6582452764,4035598450,BTCUSDT,buy,68678.70000000,0.00025000,2026-08-19T16:16:20.147000+00:00
binance,6582452765,4035598451,BTCUSDT,buy,68678.70000000,0.00138000,2026-08-19T16:16:20.661000+00:00
binance,6582452766,4035598452,BTCUSDT,buy,68678.70000000,0.14561000,2026-08-19T16:16:20.942000+00:00
binance,6582452767,4035598453,BTCUSDT,buy,68678.70000000,0.01800000,2026-08-19T16:16:20.942000+00:00
binance,6582452768,4035598454,BTCUSDT,buy,68678.70000000,0.00010000,2026-08-19T16:16:20.945000+00:00
binance,6582452769,4035598455,BTCUSDT,buy,68678.70000000,0.04000000,2026-08-19T16:16:20.947000+00:00
binance,6582452770,4035598456,BTCUSDT,buy,68678.70000000,0.02000000,2026-08-19T16:16:20.947000+00:00
binance,6582452771,4035598457,BTCUSDT,buy,68678.70000000,0.01000000,2026-08-19T16:16:20.948000+00:00
binance,6582452772,4035598458,BTCUSDT,buy,68678.70000000,0.00300000,2026-08-19T16:16:20.976000+00:00
binance,6582452781,4035598459,BTCUSDT,buy,68678.70000000,0.28935000,2026-08-19T16:16:20.977000+00:00
binance,6582452799,4035598460,BTCUSDT,buy,68678.71000000,0.00024000,2026-08-19T16:16:20.977000+00:00
binance,6582452802,4035598461,BTCUSDT,buy,68679.02000000,0.00042000,2026-08-19T16:16:20.979000+00:00
binance,6582452807,4035598462,BTCUSDT,buy,68679.03000000,0.00016000,2026-08-19T16:16:20.979000+00:00
binance,6582452809,4035598463,BTCUSDT,buy,68679.49000000,0.00040000,2026-08-19T16:16:20.981000+00:00
binance,6582452814,4035598464,BTCUSDT,buy,68680.00000000,0.00040000,2026-08-19T16:16:20.981000+00:00
binance,6582452819,4035598465,BTCUSDT,buy,68680.22000000,0.00044000,2026-08-19T16:16:20.981000+00:00
binance,6582452820,4035598466,BTCUSDT,buy,68680.75000000,0.00016000,2026-08-19T16:16:20.981000+00:00
binance,6582452822,4035598467,BTCUSDT,buy,68680.83000000,0.00011000,2026-08-19T16:16:20.981000+00:00
binance,6582452823,4035598468,BTCUSDT,buy,68680.95000000,0.00008000,2026-08-19T16:16:20.981000+00:00
binance,6582452824,4035598469,BTCUSDT,buy,68681.09000000,0.00024000,2026-08-19T16:16:20.981000+00:00
binance,6582452827,4035598470,BTCUSDT,buy,68681.10000000,0.00074000,2026-08-19T16:16:20.983000+00:00
binance,6582452836,4035598471,BTCUSDT,buy,68681.89000000,0.01240000,2026-08-19T16:16:20.983000+00:00
binance,6582452837,4035598472,BTCUSDT,buy,68681.10000000,0.00067000,2026-08-19T16:16:20.986000+00:00
binance,6582452845,4035598473,BTCUSDT,buy,68681.11000000,0.00024000,2026-08-19T16:16:20.986000+00:00
binance,6582452848,4035598474,BTCUSDT,buy,68681.89000000,0.00024000,2026-08-19T16:16:20.987000+00:00
binance,6582452851,4035598475,BTCUSDT,buy,68681.90000000,0.00008000,2026-08-19T16:16:20.987000+00:00
binance,6582452852,4035598476,BTCUSDT,buy,68682.45000000,0.00040000,2026-08-19T16:16:20.987000+00:00
binance,6582452857,4035598477,BTCUSDT,buy,68682.54000000,0.00024000,2026-08-19T16:16:20.987000+00:00
binance,6582452860,4035598478,BTCUSDT,sell,68682.54000000,0.00045000,2026-08-19T16:16:21.013000+00:00
binance,6582452861,4035598479,BTCUSDT,sell,68682.54000000,0.00025000,2026-08-19T16:16:21.144000+00:00
binance,6582452862,4035598480,BTCUSDT,sell,68682.54000000,0.29622000,2026-08-19T16:16:21.163000+00:00
binance,6582452864,4035598481,BTCUSDT,buy,68682.55000000,0.04000000,2026-08-19T16:16:21.384000+00:00
binance,6582452866,4035598482,BTCUSDT,buy,68682.55000000,0.00900000,2026-08-19T16:16:21.388000+00:00
binance,6582452867,4035598483,BTCUSDT,buy,68682.55000000,0.01800000,2026-08-19T16:16:21.388000+00:00
binance,6582452868,4035598484,BTCUSDT,buy,68682.55000000,0.00900000,2026-08-19T16:16:21.389000+00:00
binance,6582452883,4035598485,BTCUSDT,buy,68682.55000000,0.01100000,2026-08-19T16:16:21.390000+00:00
binance,6582452884,4035598486,BTCUSDT,buy,68682.55000000,0.00300000,2026-08-19T16:16:21.415000+00:00
binance,6582452886,4035598487,BTCUSDT,buy,68682.55000000,0.00018000,2026-08-19T16:16:21.899000+00:00
binance,6582452889,4035598488,BTCUSDT,buy,68682.55000000,0.00018000,2026-08-19T16:16:21.899000+00:00
binance,6582452892,4035598489,BTCUSDT,sell,68682.54000000,0.00517000,2026-08-19T16:16:22.392000+00:00
binance,6582452893,4035598490,BTCUSDT,sell,68682.54000000,0.00061000,2026-08-19T16:16:22.948000+00:00
binance,6582452894,4035598491,BTCUSDT,sell,68682.54000000,0.00994000,2026-08-19T16:16:23.081000+00:00
binance,6582452895,4035598492,BTCUSDT,sell,68682.54000000,0.00116000,2026-08-19T16:16:23.085000+00:00
binance,6582452896,4035598493,BTCUSDT,buy,68682.55000000,0.00026000,2026-08-19T16:16:23.208000+00:00
binance,6582452899,4035598494,BTCUSDT,buy,68682.55000000,0.00026000,2026-08-19T16:16:23.208000+00:00
binance,6582452900,4035598495,BTCUSDT,sell,68682.54000000,0.00200000,2026-08-19T16:16:23.739000+00:00
binance,6582452901,4035598496,BTCUSDT,buy,68682.55000000,0.02952000,2026-08-19T16:16:23.832000+00:00
binance,6582452930,4035598497,BTCUSDT,sell,68682.55000000,0.01518000,2026-08-19T16:16:23.869000+00:00
binance,6582452931,4035598498,BTCUSDT,sell,68682.55000000,0.00077000,2026-08-19T16:16:24.246000+00:00
binance,6582452932,4035598499,BTCUSDT,sell,68682.55000000,0.01086000,2026-08-19T16:16:24.253000+00:00
binance,6582452933,4035598500,BTCUSDT,buy,68682.56000000,0.02000000,2026-08-19T16:16:24.295000+00:00
binance,6582452946,4035598501,BTCUSDT,buy,68682.56000000,0.01000000,2026-08-19T16:16:24.295000+00:00
binance,6582452947,4035598502,BTCUSDT,buy,68682.56000000,0.00010000,2026-08-19T16:16:24.298000+00:00
binance,6582452948,4035598503,BTCUSDT,buy,68682.56000000,0.00700000,2026-08-19T16:16:24.300000+00:00
binance,6582452949,4035598504,BTCUSDT,buy,68682.56000000,0.00700000,2026-08-19T16:16:24.300000+00:00
binance,6582452950,4035598505,BTCUSDT,buy,68682.56000000,0.00146000,2026-08-19T16:16:24.301000+00:00
binance,6582452965,4035598506,BTCUSDT,buy,68682.57000000,0.00040000,2026-08-19T16:16:24.301000+00:00
binance,6582452970,4035598507,BTCUSDT,buy,68682.72000000,0.00017000,2026-08-19T16:16:24.301000+00:00
binance,6582452972,4035598508,BTCUSDT,buy,68683.08000000,0.00009000,2026-08-19T16:16:24.302000+00:00
binance,6582452973,4035598509,BTCUSDT,buy,68683.15000000,0.00008000,2026-08-19T16:16:24.302000+00:00
binance,6582452974,4035598510,BTCUSDT,buy,68683.64000000,0.00016000,2026-08-19T16:16:24.302000+00:00
binance,6582452976,4035598511,BTCUSDT,buy,68684.94000000,0.00024000,2026-08-19T16:16:24.302000+00:00
binance,6582452979,4035598512,BTCUSDT,buy,68684.95000000,0.00146000,2026-08-19T16:16:24.305000+00:00
binance,6582452997,4035598513,BTCUSDT,buy,68684.96000000,0.00032000,2026-08-19T16:16:24.305000+00:00
binance,6582453001,4035598514,BTCUSDT,buy,68685.89000000,0.00008000,2026-08-19T16:16:24.305000+00:00
binance,6582453002,4035598515,BTCUSDT,buy,68685.95000000,0.00017000,2026-08-19T16:16:24.305000+00:00
binance,6582453004,4035598516,BTCUSDT,buy,68685.96000000,0.00008000,2026-08-19T16:16:24.305000+00:00
binance,6582453005,4035598517,BTCUSDT,buy,68686.17000000,0.00011000,2026-08-19T16:16:24.305000+00:00
binance,6582453006,4035598518,BTCUSDT,buy,68687.19000000,0.00024000,2026-08-19T16:16:24.305000+00:00
binance,6582453009,4035598519,BTCUSDT,buy,68687.36000000,0.00454000,2026-08-19T16:16:24.305000+00:00
binance,6582453010,4035598520,BTCUSDT,buy,68687.36000000,0.00497000,2026-08-19T16:16:24.308000+00:00
binance,6582453011,4035598521,BTCUSDT,buy,68687.36000000,0.00300000,2026-08-19T16:16:24.323000+00:00
binance,6582453032,4035598522,BTCUSDT,sell,68687.35000000,0.04611000,2026-08-19T16:16:24.844000+00:00
binance,6582453033,4035598523,BTCUSDT,sell,68687.35000000,0.05070000,2026-08-19T16:16:25.034000+00:00
binance,6582453037,4035598524,BTCUSDT,sell,68687.35000000,0.04946000,2026-08-19T16:16:25.177000+00:00
binance,6582453038,4035598525,BTCUSDT,sell,68687.35000000,0.00198000,2026-08-19T16:16:25.257000+00:00
binance,6582453039,4035598526,BTCUSDT,buy,68687.36000000,0.04000000,2026-08-19T16:16:25.680000+00:00
binance,6582453040,4035598527,BTCUSDT,buy,68687.36000000,0.02000000,2026-08-19T16:16:25.680000+00:00
binance,6582453041,4035598528,BTCUSDT,buy,68687.36000000,0.14559000,2026-08-19T16:16:25.680000+00:00
binance,6582453042,4035598529,BTCUSDT,buy,68687.36000000,0.01000000,2026-08-19T16:16:25.681000+00:00
binance,6582453043,4035598530,BTCUSDT,buy,68687.36000000,0.02156000,2026-08-19T16:16:25.681000+00:00
binance,6582453066,4035598531,BTCUSDT,buy,68687.37000000,0.00010000,2026-08-19T16:16:25.681000+00:00
binance,6582453068,4035598532,BTCUSDT,buy,68687.37000000,0.00078000,2026-08-19T16:16:25.683000+00:00
binance,6582453078,4035598533,BTCUSDT,buy,68687.72000000,0.00011000,2026-08-19T16:16:25.683000+00:00
binance,6582453079,4035598534,BTCUSDT,buy,68688.99000000,0.00064000,2026-08-19T16:16:25.683000+00:00
binance,6582453087,4035598535,BTCUSDT,buy,68689.00000000,0.01800000,2026-08-19T16:16:25.690000+00:00
binance,6582453088,4035598536,BTCUSDT,buy,68689.00000000,0.01100000,2026-08-19T16:16:25.690000+00:00
binance,6582453089,4035598537,BTCUSDT,buy,68689.00000000,0.00900000,2026-08-19T16:16:25.690000+00:00
binance,6582453090,4035598538,BTCUSDT,buy,68689.00000000,0.00900000,2026-08-19T16:16:25.691000+00:00
binance,6582453091,4035598539,BTCUSDT,buy,68689.00000000,0.00300000,2026-08-19T16:16:25.699000+00:00
binance,6582453092,4035598540,BTCUSDT,sell,68688.99000000,0.00085000,2026-08-19T16:16:25.845000+00:00
binance,6582453093,4035598541,BTCUSDT,sell,68688.99000000,0.01325000,2026-08-19T16:16:25.883000+00:00
binance,6582453095,4035598542,BTCUSDT,buy,68689.00000000,0.15155000,2026-08-19T16:16:25.902000+00:00
binance,6582453115,4035598543,BTCUSDT,buy,68689.01000000,0.00056000,2026-08-19T16:16:25.902000+00:00
binance,6582453122,4035598544,BTCUSDT,buy,68689.03000000,0.00016000,2026-08-19T16:16:25.902000+00:00
binance,6582453124,4035598545,BTCUSDT,buy,68689.18000000,0.00017000,2026-08-19T16:16:25.902000+00:00
binance,6582453126,4035598546,BTCUSDT,buy,68689.42000000,0.00016000,2026-08-19T16:16:25.902000+00:00
binance,6582453128,4035598547,BTCUSDT,buy,68689.48000000,0.00018000,2026-08-19T16:16:25.902000+00:00
binance,6582453129,4035598548,BTCUSDT,buy,68689.62000000,0.00009000,2026-08-19T16:16:25.902000+00:00
binance,6582453130,4035598549,BTCUSDT,buy,68690.02000000,0.00008000,2026-08-19T16:16:25.902000+00:00
binance,6582453131,4035598550,BTCUSDT,buy,68690.89000000,0.00024000,2026-08-19T16:16:25.902000+00:00
binance,6582453134,4035598551,BTCUSDT,buy,68690.90000000,0.02628000,2026-08-19T16:16:25.902000+00:00
binance,6582453136,4035598552,BTCUSDT,buy,68691.02000000,0.00016000,2026-08-19T16:16:25.902000+00:00
binance,6582453138,4035598553,BTCUSDT,buy,68691.10000000,0.00291000,2026-08-19T16:16:25.902000+00:00
binance,6582453139,4035598554,BTCUSDT,buy,68691.12000000,0.00008000,2026-08-19T16:16:25.902000+00:00
binance,6582453140,4035598555,BTCUSDT,buy,68691.40000000,0.00024000,2026-08-19T16:16:25.902000+00:00
binance,6582453143,4035598556,BTCUSDT,buy,68691.41000000,0.05827000,2026-08-19T16:16:25.902000+00:00
binance,6582453147,4035598557,BTCUSDT,buy,68691.82000000,0.00016000,2026-08-19T16:16:25.902000+00:00
binance,6582453149,4035598558,BTCUSDT,buy,68692.41000000,0.00017000,2026-08-19T16:16:25.902000+00:00
binance,6582453151,4035598559,BTCUSDT,buy,68692.50000000,0.00460000,2026-08-19T16:16:25.902000+00:00
binance,6582453152,4035598560,BTCUSDT,buy,68692.83000000,0.00008000,2026-08-19T16:16:25.902000+00:00
binance,6582453153,4035598561,BTCUSDT,buy,68692.84000000,0.00024000,2026-08-19T16:16:25.902000+00:00
binance,6582453156,4035598562,BTCUSDT,buy,68692.85000000,0.00402000,2026-08-19T16:16:25.902000+00:00
binance,6582453157,4035598563,BTCUSDT,sell,68692.84000000,0.12679000,2026-08-19T16:16:25.925000+00:00
binance,6582453158,4035598564,BTCUSDT,sell,68692.84000000,0.00200000,2026-08-19T16:16:26.440000+00:00
binance,6582453159,4035598565,BTCUSDT,buy,68692.85000000,0.00016000,2026-08-19T16:16:26.684000+00:00
binance,6582453160,4035598566,BTCUSDT,sell,68692.84000000,0.00045000,2026-08-19T16:16:27.187000+00:00
binance,6582453161,4035598567,BTCUSDT,sell,68692.84000000,0.00786000,2026-08-19T16:16:27.456000+00:00
binance,6582453162,4035598568,BTCUSDT,sell,68692.84000000,0.00043000,2026-08-19T16:16:27.637000+00:00
binance,6582453163,4035598569,BTCUSDT,sell,68692.84000000,0.00024000,2026-08-19T16:16:27.691000+00:00
binance,6582453164,4035598570,BTCUSDT,sell,68692.84000000,0.00031000,2026-08-19T16:16:27.779000+00:00
binance,6582453165,4035598571,BTCUSDT,sell,68692.84000000,0.00010000,2026-08-19T16:16:27.922000+00:00
binance,6582453166,4035598572,BTCUSDT,sell,68692.84000000,0.00017000,2026-08-19T16:16:27.955000+00:00
binance,6582453167,4035598573,BTCUSDT,sell,68692.84000000,0.16380000,2026-08-19T16:16:28.048000+00:00
binance,6582453169,4035598574,BTCUSDT,sell,68692.84000000,0.26872000,2026-08-19T16:16:28.202000+00:00
binance,6582453173,4035598575,BTCUSDT,sell,68692.84000000,0.43660000,2026-08-19T16:16:28.547000+00:00
binance,6582453197,4035598576,BTCUSDT,buy,68692.85000000,0.00379000,2026-08-19T16:16:28.869000+00:00
binance,6582453198,4035598577,BTCUSDT,buy,68692.85000000,0.00304000,2026-08-19T16:16:29.021000+00:00
binance,6582453199,4035598578,BTCUSDT,buy,68692.85000000,0.02913000,2026-08-19T16:16:29.508000+00:00
binance,6582453203,4035598579,BTCUSDT,sell,68692.84000000,0.00028000,2026-08-19T16:16:29.551000+00:00
binance,6582453204,4035598580,BTCUSDT,buy,68692.85000000,0.14080000,2026-08-19T16:16:29.669000+00:00
binance,6582453217,4035598581,BTCUSDT,buy,68692.85000000,0.01477000,2026-08-19T16:16:30.145000+00:00
binance,6582453218,4035598582,BTCUSDT,buy,68692.85000000,0.00372000,2026-08-19T16:16:30.150000+00:00
binance,6582453219,4035598583,BTCUSDT,buy,68692.85000000,0.00045000,2026-08-19T16:16:30.175000+00:00
binance,6582453220,4035598584,BTCUSDT,buy,68692.85000000,0.00077000,2026-08-19T16:16:30.694000+00:00
binance,6582453221,4035598585,BTCUSDT,buy,68692.85000000,0.00730000,2026-08-19T16:16:30.854000+00:00
binance,6582453222,4035598586,BTCUSDT,buy,68692.85000000,0.00873000,2026-08-19T16:16:30.951000+00:00
binance,6582453223,4035598587,BTCUSDT,sell,68692.84000000,0.02196000,2026-08-19T16:16:31.130000+00:00
binance,6582453224,4035598588,BTCUSDT,sell,68692.84000000,0.00014000,2026-08-19T16:16:31.169000+00:00
