venue,native_trade_id,agg_trade_id,symbol,side,price,quantity,traded_at
coinbase,1073150681,,BTC-USD,buy,68676.68000000,0.00000018,2026-08-19T16:19:36.885564Z
coinbase,1073150680,,BTC-USD,buy,68676.68000000,0.00320348,2026-08-19T16:19:36.876957Z
coinbase,1073150679,,BTC-USD,buy,68676.68000000,0.00002256,2026-08-19T16:19:36.822263Z
coinbase,1073150678,,BTC-USD,buy,68676.68000000,0.00077966,2026-08-19T16:19:36.576636Z
coinbase,1073150677,,BTC-USD,buy,68676.68000000,0.00000010,2026-08-19T16:19:36.446547Z
coinbase,1073150676,,BTC-USD,sell,68676.69000000,0.00143981,2026-08-19T16:19:36.391668Z
coinbase,1073150675,,BTC-USD,sell,68676.69000000,0.00046145,2026-08-19T16:19:36.107015Z
coinbase,1073150674,,BTC-USD,buy,68676.68000000,0.00000019,2026-08-19T16:19:35.997539Z
coinbase,1073150673,,BTC-USD,sell,68676.69000000,0.00000001,2026-08-19T16:19:35.996647Z
coinbase,1073150672,,BTC-USD,sell,68676.69000000,0.00413001,2026-08-19T16:19:35.989762Z
coinbase,1073150671,,BTC-USD,sell,68676.69000000,0.00011566,2026-08-19T16:19:35.989762Z
coinbase,1073150670,,BTC-USD,sell,68676.69000000,0.00000001,2026-08-19T16:19:35.803008Z
coinbase,1073150669,,BTC-USD,buy,68676.68000000,0.00000013,2026-08-19T16:19:35.800155Z
coinbase,1073150668,,BTC-USD,sell,68676.69000000,0.00000001,2026-08-19T16:19:35.602678Z
coinbase,1073150667,,BTC-USD,sell,68676.69000000,0.00000001,2026-08-19T16:19:35.396388Z
coinbase,1073150666,,BTC-USD,buy,68676.68000000,0.00000006,2026-08-19T16:19:35.369652Z
coinbase,1073150665,,BTC-USD,buy,68676.68000000,0.00002108,2026-08-19T16:19:35.260220Z
coinbase,1073150664,,BTC-USD,buy,68676.68000000,0.00000001,2026-08-19T16:19:35.248610Z
coinbase,1073150663,,BTC-USD,sell,68676.69000000,0.00000001,2026-08-19T16:19:35.228965Z
coinbase,1073150662,,BTC-USD,sell,68676.69000000,0.00000001,2026-08-19T16:19:35.007979Z
coinbase,1073150661,,BTC-USD,sell,68676.69000000,0.00000001,2026-08-19T16:19:34.789798Z
coinbase,1073150660,,BTC-USD,buy,68676.68000000,0.00000005,2026-08-19T16:19:34.756954Z
coinbase,1073150659,,BTC-USD,buy,68676.68000000,0.00000007,2026-08-19T16:19:34.680093Z
coinbase,1073150658,,BTC-USD,sell,68676.69000000,0.00000001,2026-08-19T16:19:34.575766Z
coinbase,1073150657,,BTC-USD,buy,68676.68000000,0.00263212,2026-08-19T16:19:34.455809Z
coinbase,1073150656,,BTC-USD,buy,68676.68000000,0.00004877,2026-08-19T16:19:34.455809Z
coinbase,1073150655,,BTC-USD,buy,68676.68000000,0.00023210,2026-08-19T16:19:34.455809Z
coinbase,1073150654,,BTC-USD,sell,68676.69000000,0.00000001,2026-08-19T16:19:34.406753Z
coinbase,1073150653,,BTC-USD,sell,68676.69000000,0.00000001,2026-08-19T16:19:34.208654Z
coinbase,1073150652,,BTC-USD,buy,68676.68000000,0.00000016,2026-08-19T16:19:34.143090Z
coinbase,1073150651,,BTC-USD,sell,68676.69000000,0.00138199,2026-08-19T16:19:34.040984Z
coinbase,1073150650,,BTC-USD,sell,68676.69000000,0.00000001,2026-08-19T16:19:33.993181Z
coinbase,1073150649,,BTC-USD,sell,68676.69000000,0.00021230,2026-08-19T16:19:33.942728Z
coinbase,1073150648,,BTC-USD,sell,68676.69000000,0.00000001,2026-08-19T16:19:33.805119Z
coinbase,1073150647,,BTC-USD,buy,68676.68000000,0.00000041,2026-08-19T16:19:33.697245Z
coinbase,1073150646,,BTC-USD,sell,68676.69000000,0.00000001,2026-08-19T16:19:33.616608Z
coinbase,1073150645,,BTC-USD,buy,68676.68000000,0.00000013,2026-08-19T16:19:33.543542Z
coinbase,1073150644,,BTC-USD,buy,68676.68000000,0.00588281,2026-08-19T16:19:33.413998Z
coinbase,1073150643,,BTC-USD,sell,68676.69000000,0.00000001,2026-08-19T16:19:33.410046Z
coinbase,1073150642,,BTC-USD,sell,68676.69000000,0.00000001,2026-08-19T16:19:33.197282Z
coinbase,1073150641,,BTC-USD,buy,68676.68000000,0.00000001,2026-08-19T16:19:32.755829Z
coinbase,1073150640,,BTC-USD,buy,68676.68000000,0.00000005,2026-08-19T16:19:32.488128Z
coinbase,1073150639,,BTC-USD,sell,68686.42000000,0.06855196,2026-08-19T16:19:32.446567Z
coinbase,1073150638,,BTC-USD,sell,68686.41000000,0.00592000,2026-08-19T16:19:32.446567Z
coinbase,1073150637,,BTC-USD,sell,68686.41000000,0.17485612,2026-08-19T16:19:32.446567Z
coinbase,1073150636,,BTC-USD,sell,68683.92000000,0.46628297,2026-08-19T16:19:32.446567Z
coinbase,1073150635,,BTC-USD,sell,68681.21000000,0.01061683,2026-08-19T16:19:32.446567Z
coinbase,1073150634,,BTC-USD,sell,68675.48000000,0.04368974,2026-08-19T16:19:32.446567Z
coinbase,1073150633,,BTC-USD,sell,68686.42000000,0.00003646,2026-08-19T16:19:32.412013Z
coinbase,1073150632,,BTC-USD,sell,68685.82000000,0.00001700,2026-08-19T16:19:32.412013Z
coinbase,1073150631,,BTC-USD,sell,68682.60000000,0.00001700,2026-08-19T16:19:32.412013Z
coinbase,1073150630,,BTC-USD,sell,68681.78000000,0.17710000,2026-08-19T16:19:32.412013Z
coinbase,1073150629,,BTC-USD,sell,68681.77000000,0.17485612,2026-08-19T16:19:32.412013Z
coinbase,1073150628,,BTC-USD,sell,68680.39000000,0.02900000,2026-08-19T16:19:32.412013Z
coinbase,1073150627,,BTC-USD,sell,68679.38000000,0.00001700,2026-08-19T16:19:32.412013Z
coinbase,1073150626,,BTC-USD,sell,68676.16000000,0.00001700,2026-08-19T16:19:32.412013Z
coinbase,1073150625,,BTC-USD,sell,68670.64000000,0.00003862,2026-08-19T16:19:32.412013Z
coinbase,1073150624,,BTC-USD,buy,68670.63000000,0.00000003,2026-08-19T16:19:32.408212Z
coinbase,1073150623,,BTC-USD,buy,68670.63000000,0.00001515,2026-08-19T16:19:32.318607Z
coinbase,1073150622,,BTC-USD,buy,68666.51000000,0.00000007,2026-08-19T16:19:32.120575Z
coinbase,1073150621,,BTC-USD,sell,68666.52000000,0.00069047,2026-08-19T16:19:31.796073Z
coinbase,1073150620,,BTC-USD,sell,68666.52000000,0.00000001,2026-08-19T16:19:31.680967Z
coinbase,1073150619,,BTC-USD,buy,68666.51000000,0.00000005,2026-08-19T16:19:31.491295Z
coinbase,1073150618,,BTC-USD,sell,68666.52000000,0.00000001,2026-08-19T16:19:31.410411Z
coinbase,1073150617,,BTC-USD,buy,68666.51000000,0.00000011,2026-08-19T16:19:31.341429Z
coinbase,1073150616,,BTC-USD,buy,68669.01000000,0.00003483,2026-08-19T16:19:31.278251Z
coinbase,1073150615,,BTC-USD,buy,68670.00000000,0.01000000,2026-08-19T16:19:31.244379Z
coinbase,1073150614,,BTC-USD,buy,68672.94000000,0.00001700,2026-08-19T16:19:31.244379Z
coinbase,1073150613,,BTC-USD,sell,68672.95000000,0.00360414,2026-08-19T16:19:31.241119Z
coinbase,1073150612,,BTC-USD,sell,68675.94000000,0.00000001,2026-08-19T16:19:31.205070Z
coinbase,1073150611,,BTC-USD,buy,68675.93000000,0.00611567,2026-08-19T16:19:31.197963Z
coinbase,1073150610,,BTC-USD,buy,68675.93000000,0.13596441,2026-08-19T16:19:31.188379Z
coinbase,1073150609,,BTC-USD,buy,68675.93000000,0.01882371,2026-08-19T16:19:31.188379Z
coinbase,1073150608,,BTC-USD,buy,68675.93000000,0.00552615,2026-08-19T16:19:31.188379Z
coinbase,1073150607,,BTC-USD,buy,68675.93000000,0.00058952,2026-08-19T16:19:31.187763Z
coinbase,1073150606,,BTC-USD,sell,68675.94000000,0.00000001,2026-08-19T16:19:31.015182Z
coinbase,1073150605,,BTC-USD,buy,68675.93000000,0.01028894,2026-08-19T16:19:30.908066Z
coinbase,1073150604,,BTC-USD,buy,68675.93000000,0.00611567,2026-08-19T16:19:30.908066Z
coinbase,1073150603,,BTC-USD,sell,68675.94000000,0.00000001,2026-08-19T16:19:30.831480Z
coinbase,1073150602,,BTC-USD,sell,68675.97000000,0.00000001,2026-08-19T16:19:30.746108Z
coinbase,1073150601,,BTC-USD,buy,68675.73000000,0.00000004,2026-08-19T16:19:30.659103Z
coinbase,1073150600,,BTC-USD,buy,68674.83000000,0.00708752,2026-08-19T16:19:30.619862Z
coinbase,1073150599,,BTC-USD,sell,68674.83000000,0.00000001,2026-08-19T16:19:30.414268Z
coinbase,1073150598,,BTC-USD,buy,68676.53000000,0.00000001,2026-08-19T16:19:30.378098Z
coinbase,1073150597,,BTC-USD,buy,68676.53000000,0.00000003,2026-08-19T16:19:30.376712Z
coinbase,1073150596,,BTC-USD,buy,68678.25000000,0.00000012,2026-08-19T16:19:30.337538Z
coinbase,1073150595,,BTC-USD,buy,68679.97000000,0.00145984,2026-08-19T16:19:30.318463Z
coinbase,1073150594,,BTC-USD,buy,68679.97000000,0.00080469,2026-08-19T16:19:30.318007Z
coinbase,1073150593,,BTC-USD,buy,68679.97000000,0.00021004,2026-08-19T16:19:30.316661Z
coinbase,1073150592,,BTC-USD,buy,68679.97000000,0.13738029,2026-08-19T16:19:30.312801Z
coinbase,1073150591,,BTC-USD,buy,68679.97000000,0.00939070,2026-08-19T16:19:30.312801Z
coinbase,1073150590,,BTC-USD,buy,68679.97000000,0.00055045,2026-08-19T16:19:30.188877Z
coinbase,1073150589,,BTC-USD,buy,68679.97000000,0.00000014,2026-08-19T16:19:30.077238Z
coinbase,1073150588,,BTC-USD,buy,68679.97000000,0.00002154,2026-08-19T16:19:30.064555Z
coinbase,1073150587,,BTC-USD,buy,68679.97000000,0.00236889,2026-08-19T16:19:29.834007Z
coinbase,1073150586,,BTC-USD,sell,68681.73000000,0.00000001,2026-08-19T16:19:29.793548Z
coinbase,1073150585,,BTC-USD,buy,68680.30000000,0.00109206,2026-08-19T16:19:29.689463Z
coinbase,1073150584,,BTC-USD,buy,68680.30000000,0.00145704,2026-08-19T16:19:29.687308Z
coinbase,1073150583,,BTC-USD,buy,68680.30000000,0.15049217,2026-08-19T16:19:29.685426Z
coinbase,1073150582,,BTC-USD,buy,68680.30000000,0.00109206,2026-08-19T16:19:29.685426Z
coinbase,1073150581,,BTC-USD,buy,68674.69000000,0.00000013,2026-08-19T16:19:29.606977Z
coinbase,1073150580,,BTC-USD,sell,68674.70000000,0.00200000,2026-08-19T16:19:29.531417Z
coinbase,1073150579,,BTC-USD,sell,68674.70000000,0.00200000,2026-08-19T16:19:29.499969Z
coinbase,1073150578,,BTC-USD,sell,68674.70000000,0.00000001,2026-08-19T16:19:29.416252Z
coinbase,1073150577,,BTC-USD,buy,68674.69000000,0.00000002,2026-08-19T16:19:29.287553Z
coinbase,1073150576,,BTC-USD,sell,68674.69000000,0.04537925,2026-08-19T16:19:29.180206Z
coinbase,1073150575,,BTC-USD,sell,68672.73000000,0.04368974,2026-08-19T16:19:29.180206Z
coinbase,1073150574,,BTC-USD,sell,68678.14000000,0.01980000,2026-08-19T16:19:29.127510Z
coinbase,1073150573,,BTC-USD,sell,68677.14000000,0.04400000,2026-08-19T16:19:29.127510Z
coinbase,1073150572,,BTC-USD,sell,68682.39000000,0.16382444,2026-08-19T16:19:29.086456Z
coinbase,1073150571,,BTC-USD,sell,68681.37000000,0.00072827,2026-08-19T16:19:29.086456Z
coinbase,1073150570,,BTC-USD,sell,68680.96000000,0.17710000,2026-08-19T16:19:29.086456Z
coinbase,1073150569,,BTC-USD,sell,68680.14000000,0.08590136,2026-08-19T16:19:29.086456Z
coinbase,1073150568,,BTC-USD,sell,68679.51000000,0.00002185,2026-08-19T16:19:29.086456Z
coinbase,1073150567,,BTC-USD,sell,68679.38000000,0.00001700,2026-08-19T16:19:29.086456Z
coinbase,1073150566,,BTC-USD,sell,68679.31000000,0.01037600,2026-08-19T16:19:29.086456Z
coinbase,1073150565,,BTC-USD,sell,68679.16000000,0.00072843,2026-08-19T16:19:29.086456Z
coinbase,1073150564,,BTC-USD,sell,68679.14000000,0.27416723,2026-08-19T16:19:29.086456Z
coinbase,1073150563,,BTC-USD,sell,68673.85000000,0.07534584,2026-08-19T16:19:29.086456Z
coinbase,1073150562,,BTC-USD,sell,68669.72000000,0.00001700,2026-08-19T16:19:29.086456Z
coinbase,1073150561,,BTC-USD,sell,68666.50000000,0.00001700,2026-08-19T16:19:29.086456Z
coinbase,1073150560,,BTC-USD,sell,68663.28000000,0.00001700,2026-08-19T16:19:29.082308Z
coinbase,1073150559,,BTC-USD,sell,68661.49000000,0.00200000,2026-08-19T16:19:29.066900Z
coinbase,1073150558,,BTC-USD,buy,68656.93000000,0.01850588,2026-08-19T16:19:29.035620Z
coinbase,1073150557,,BTC-USD,sell,68658.38000000,0.00291969,2026-08-19T16:19:29.012419Z
coinbase,1073150556,,BTC-USD,sell,68657.11000000,0.00038519,2026-08-19T16:19:29.012419Z
coinbase,1073150555,,BTC-USD,sell,68657.01000000,0.00003918,2026-08-19T16:19:29.012419Z
coinbase,1073150554,,BTC-USD,sell,68656.85000000,0.00050000,2026-08-19T16:19:29.012419Z
coinbase,1073150553,,BTC-USD,sell,68655.88000000,0.02900000,2026-08-19T16:19:29.012419Z
coinbase,1073150552,,BTC-USD,sell,68653.63000000,0.00019623,2026-08-19T16:19:29.012419Z
coinbase,1073150551,,BTC-USD,sell,68652.07000000,0.02678760,2026-08-19T16:19:29.010657Z
coinbase,1073150550,,BTC-USD,sell,68652.07000000,0.00000001,2026-08-19T16:19:29.010457Z
coinbase,1073150549,,BTC-USD,sell,68652.07000000,0.00140000,2026-08-19T16:19:29.008048Z
coinbase,1073150548,,BTC-USD,sell,68650.40000000,0.02680000,2026-08-19T16:19:29.003984Z
coinbase,1073150547,,BTC-USD,sell,68650.40000000,0.00014832,2026-08-19T16:19:29.002890Z
coinbase,1073150546,,BTC-USD,sell,68650.40000000,0.00051841,2026-08-19T16:19:29.002662Z
coinbase,1073150545,,BTC-USD,sell,68650.40000000,0.00057622,2026-08-19T16:19:29.002399Z
coinbase,1073150544,,BTC-USD,sell,68650.40000000,0.00050430,2026-08-19T16:19:29.002397Z
coinbase,1073150543,,BTC-USD,sell,68650.40000000,0.00001700,2026-08-19T16:19:28.999650Z
coinbase,1073150542,,BTC-USD,sell,68644.49000000,0.00067629,2026-08-19T16:19:28.999613Z
coinbase,1073150541,,BTC-USD,sell,68644.49000000,0.04301345,2026-08-19T16:19:28.999540Z
coinbase,1073150540,,BTC-USD,sell,68645.74000000,0.00764854,2026-08-19T16:19:28.995541Z
coinbase,1073150539,,BTC-USD,sell,68644.49000000,0.04181690,2026-08-19T16:19:28.995541Z
coinbase,1073150538,,BTC-USD,sell,68644.49000000,0.00187284,2026-08-19T16:19:28.995208Z
coinbase,1073150537,,BTC-USD,sell,68643.42000000,0.00611883,2026-08-19T16:19:28.995208Z
coinbase,1073150536,,BTC-USD,sell,68641.70000000,0.00998863,2026-08-19T16:19:28.995208Z
coinbase,1073150535,,BTC-USD,sell,68641.70000000,0.00030180,2026-08-19T16:19:28.994050Z
coinbase,1073150534,,BTC-USD,sell,68641.70000000,0.00000001,2026-08-19T16:19:28.861996Z
coinbase,1073150533,,BTC-USD,buy,68641.69000000,0.00205906,2026-08-19T16:19:28.750078Z
coinbase,1073150532,,BTC-USD,sell,68641.70000000,0.00576674,2026-08-19T16:19:28.722814Z
coinbase,1073150531,,BTC-USD,buy,68640.47000000,0.00000004,2026-08-19T16:19:28.546372Z
coinbase,1073150530,,BTC-USD,sell,68641.71000000,0.00061636,2026-08-19T16:19:28.522511Z
coinbase,1073150529,,BTC-USD,buy,68639.38000000,0.00000006,2026-08-19T16:19:28.453322Z
coinbase,1073150528,,BTC-USD,sell,68638.53000000,0.04730925,2026-08-19T16:19:28.391127Z
coinbase,1073150527,,BTC-USD,sell,68638.25000000,0.04730925,2026-08-19T16:19:28.391127Z
coinbase,1073150526,,BTC-USD,sell,68638.25000000,0.04400000,2026-08-19T16:19:28.391127Z
coinbase,1073150525,,BTC-USD,buy,68640.00000000,0.00000008,2026-08-19T16:19:28.156787Z
coinbase,1073150524,,BTC-USD,buy,68640.00000000,0.00106267,2026-08-19T16:19:28.153498Z
coinbase,1073150523,,BTC-USD,buy,68640.74000000,0.00001700,2026-08-19T16:19:28.153498Z
coinbase,1073150522,,BTC-USD,buy,68641.46000000,0.00035984,2026-08-19T16:19:28.153498Z
coinbase,1073150521,,BTC-USD,buy,68643.96000000,0.00001700,2026-08-19T16:19:28.153498Z
coinbase,1073150520,,BTC-USD,buy,68645.89000000,0.00035981,2026-08-19T16:19:28.062374Z
coinbase,1073150519,,BTC-USD,buy,68647.18000000,0.00001700,2026-08-19T16:19:28.062374Z
coinbase,1073150518,,BTC-USD,buy,68650.40000000,0.00001700,2026-08-19T16:19:28.062374Z
coinbase,1073150517,,BTC-USD,buy,68653.62000000,0.00004282,2026-08-19T16:19:28.028873Z
coinbase,1073150516,,BTC-USD,buy,68653.62000000,0.01555417,2026-08-19T16:19:28.028873Z
coinbase,1073150515,,BTC-USD,buy,68653.62000000,0.00068149,2026-08-19T16:19:28.028092Z
coinbase,1073150514,,BTC-USD,buy,68653.62000000,0.14151352,2026-08-19T16:19:28.027450Z
coinbase,1073150513,,BTC-USD,buy,68653.62000000,0.01399283,2026-08-19T16:19:28.027450Z
coinbase,1073150512,,BTC-USD,buy,68653.62000000,0.00352966,2026-08-19T16:19:28.027433Z
coinbase,1073150511,,BTC-USD,buy,68653.62000000,0.00000001,2026-08-19T16:19:28.007919Z
coinbase,1073150510,,BTC-USD,sell,68653.63000000,0.00000014,2026-08-19T16:19:27.984299Z
coinbase,1073150509,,BTC-USD,sell,68653.63000000,0.00031237,2026-08-19T16:19:27.974103Z
coinbase,1073150508,,BTC-USD,buy,68653.62000000,0.00771683,2026-08-19T16:19:27.499857Z
coinbase,1073150507,,BTC-USD,buy,68653.62000000,0.00006365,2026-08-19T16:19:27.499857Z
coinbase,1073150506,,BTC-USD,buy,68653.62000000,0.00001654,2026-08-19T16:19:27.499857Z
coinbase,1073150505,,BTC-USD,buy,68653.62000000,0.00000046,2026-08-19T16:19:27.441733Z
coinbase,1073150504,,BTC-USD,buy,68656.84000000,0.02567641,2026-08-19T16:19:26.991483Z
coinbase,1073150503,,BTC-USD,buy,68656.84000000,0.10557187,2026-08-19T16:19:26.991483Z
coinbase,1073150502,,BTC-USD,buy,68656.84000000,0.00091786,2026-08-19T16:19:26.991371Z
coinbase,1073150501,,BTC-USD,buy,68656.84000000,0.08298054,2026-08-19T16:19:26.991332Z
coinbase,1073150500,,BTC-USD,buy,68656.84000000,0.00029680,2026-08-19T16:19:26.990374Z
coinbase,1073150499,,BTC-USD,buy,68656.84000000,0.01131469,2026-08-19T16:19:26.988267Z
coinbase,1073150498,,BTC-USD,buy,68656.84000000,0.00073997,2026-08-19T16:19:26.987904Z
coinbase,1073150497,,BTC-USD,buy,68656.84000000,0.00671595,2026-08-19T16:19:26.978681Z
coinbase,1073150496,,BTC-USD,buy,68656.84000000,0.00088398,2026-08-19T16:19:26.978089Z
coinbase,1073150495,,BTC-USD,buy,68656.84000000,0.00069126,2026-08-19T16:19:26.977357Z
coinbase,1073150494,,BTC-USD,buy,68656.84000000,0.01528056,2026-08-19T16:19:26.976658Z
coinbase,1073150493,,BTC-USD,buy,68656.84000000,0.00006332,2026-08-19T16:19:26.976658Z
coinbase,1073150492,,BTC-USD,buy,68656.84000000,0.14629705,2026-08-19T16:19:26.968828Z
coinbase,1073150491,,BTC-USD,buy,68656.84000000,0.00001696,2026-08-19T16:19:26.968828Z
coinbase,1073150490,,BTC-USD,sell,68656.85000000,0.00000001,2026-08-19T16:19:26.577521Z
coinbase,1073150489,,BTC-USD,sell,68656.85000000,0.00000001,2026-08-19T16:19:26.410995Z
coinbase,1073150488,,BTC-USD,sell,68656.85000000,0.00023560,2026-08-19T16:19:26.407283Z
coinbase,1073150487,,BTC-USD,sell,68656.85000000,0.00000001,2026-08-19T16:19:26.254796Z
coinbase,1073150486,,BTC-USD,buy,68656.84000000,0.00000004,2026-08-19T16:19:26.173079Z
coinbase,1073150485,,BTC-USD,buy,68660.06000000,0.00001700,2026-08-19T16:19:26.142468Z
coinbase,1073150484,,BTC-USD,buy,68661.11000000,0.00000001,2026-08-19T16:19:26.136279Z
coinbase,1073150483,,BTC-USD,buy,68661.11000000,0.03964844,2026-08-19T16:19:26.135736Z
coinbase,1073150482,,BTC-USD,buy,68663.28000000,0.00001700,2026-08-19T16:19:26.135736Z
coinbase,1073150481,,BTC-USD,buy,68665.00000000,0.01000000,2026-08-19T16:19:26.011970Z
coinbase,1073150480,,BTC-USD,buy,68666.50000000,0.00001700,2026-08-19T16:19:26.011970Z
coinbase,1073150479,,BTC-USD,buy,68666.55000000,0.00004572,2026-08-19T16:19:26.011970Z
coinbase,1073150478,,BTC-USD,buy,68668.02000000,0.00001968,2026-08-19T16:19:26.011970Z
coinbase,1073150477,,BTC-USD,buy,68671.00000000,0.01322545,2026-08-19T16:19:26.010952Z
coinbase,1073150476,,BTC-USD,buy,68671.00000000,0.00133674,2026-08-19T16:19:26.010934Z
coinbase,1073150475,,BTC-USD,buy,68668.02000000,0.00290000,2026-08-19T16:19:26.010103Z
coinbase,1073150474,,BTC-USD,buy,68669.72000000,0.00001700,2026-08-19T16:19:26.009352Z
coinbase,1073150473,,BTC-USD,buy,68671.00000000,0.00002438,2026-08-19T16:19:26.007724Z
coinbase,1073150472,,BTC-USD,buy,68671.00000000,0.01453781,2026-08-19T16:19:26.003029Z
coinbase,1073150471,,BTC-USD,buy,68671.00000000,0.01456219,2026-08-19T16:19:26.003029Z
coinbase,1073150470,,BTC-USD,buy,68672.35000000,0.21558748,2026-08-19T16:19:26.001201Z
coinbase,1073150469,,BTC-USD,buy,68672.38000000,0.01444061,2026-08-19T16:19:26.001201Z
coinbase,1073150468,,BTC-USD,buy,68672.38000000,0.00604308,2026-08-19T16:19:26.000782Z
coinbase,1073150467,,BTC-USD,buy,68672.38000000,0.00016414,2026-08-19T16:19:26.000699Z
coinbase,1073150466,,BTC-USD,buy,68672.38000000,0.00576099,2026-08-19T16:19:26.000530Z
coinbase,1073150465,,BTC-USD,buy,68672.38000000,0.15774918,2026-08-19T16:19:26.000530Z
coinbase,1073150464,,BTC-USD,buy,68672.38000000,0.00000001,2026-08-19T16:19:25.743927Z
coinbase,1073150463,,BTC-USD,sell,68674.09000000,0.00000001,2026-08-19T16:19:25.412459Z
coinbase,1073150462,,BTC-USD,buy,68677.50000000,0.00405711,2026-08-19T16:19:25.278102Z
coinbase,1073150461,,BTC-USD,buy,68677.50000000,0.00043246,2026-08-19T16:19:25.274789Z
coinbase,1073150460,,BTC-USD,buy,68677.50000000,0.00289665,2026-08-19T16:19:25.274635Z
coinbase,1073150459,,BTC-USD,buy,68677.50000000,0.00031477,2026-08-19T16:19:25.274557Z
coinbase,1073150458,,BTC-USD,buy,68677.50000000,0.02168818,2026-08-19T16:19:25.274165Z
coinbase,1073150457,,BTC-USD,buy,68677.50000000,0.00061083,2026-08-19T16:19:25.274095Z
coinbase,1073150456,,BTC-USD,buy,68677.50000000,0.00022303,2026-08-19T16:19:25.269442Z
coinbase,1073150455,,BTC-USD,buy,68678.76000000,0.00109199,2026-08-19T16:19:25.264634Z
coinbase,1073150454,,BTC-USD,buy,68678.88000000,0.15774918,2026-08-19T16:19:25.264634Z
coinbase,1073150453,,BTC-USD,sell,68678.89000000,0.00000001,2026-08-19T16:19:25.215447Z
coinbase,1073150452,,BTC-USD,sell,68682.60000000,0.00001700,2026-08-19T16:19:25.032836Z
coinbase,1073150451,,BTC-USD,sell,68682.42000000,0.02900000,2026-08-19T16:19:25.032836Z
coinbase,1073150450,,BTC-USD,sell,68680.27000000,0.01456022,2026-08-19T16:19:25.032836Z
coinbase,1073150449,,BTC-USD,sell,68680.27000000,0.01456022,2026-08-19T16:19:25.032836Z
coinbase,1073150448,,BTC-USD,sell,68679.74000000,0.11648268,2026-08-19T16:19:25.032836Z
coinbase,1073150447,,BTC-USD,sell,68678.89000000,0.04170472,2026-08-19T16:19:25.032836Z
coinbase,1073150446,,BTC-USD,buy,68678.88000000,0.00000002,2026-08-19T16:19:25.021356Z
coinbase,1073150445,,BTC-USD,sell,68678.89000000,0.00000001,2026-08-19T16:19:25.011285Z
coinbase,1073150444,,BTC-USD,sell,68678.89000000,0.00000001,2026-08-19T16:19:24.808956Z
coinbase,1073150443,,BTC-USD,sell,68678.89000000,0.00000001,2026-08-19T16:19:24.594979Z
coinbase,1073150442,,BTC-USD,sell,68678.89000000,0.00000001,2026-08-19T16:19:24.416431Z
coinbase,1073150441,,BTC-USD,sell,68678.89000000,0.00200000,2026-08-19T16:19:24.180719Z
coinbase,1073150440,,BTC-USD,buy,68678.88000000,0.00000003,2026-08-19T16:19:23.937833Z
coinbase,1073150439,,BTC-USD,sell,68675.21000000,0.00070756,2026-08-19T16:19:23.709011Z
coinbase,1073150438,,BTC-USD,sell,68680.23000000,0.02609596,2026-08-19T16:19:23.673157Z
coinbase,1073150437,,BTC-USD,sell,68679.38000000,0.00001700,2026-08-19T16:19:23.673157Z
coinbase,1073150436,,BTC-USD,sell,68676.16000000,0.00001700,2026-08-19T16:19:23.673157Z
coinbase,1073150435,,BTC-USD,sell,68669.72000000,0.00996813,2026-08-19T16:19:23.672957Z
coinbase,1073150434,,BTC-USD,sell,68669.72000000,0.00070000,2026-08-19T16:19:23.672698Z
coinbase,1073150433,,BTC-USD,sell,68669.72000000,0.00003187,2026-08-19T16:19:23.671618Z
coinbase,1073150432,,BTC-USD,sell,68669.72000000,0.00003187,2026-08-19T16:19:23.669146Z
coinbase,1073150431,,BTC-USD,sell,68669.72000000,0.01799710,2026-08-19T16:19:23.668947Z
coinbase,1073150430,,BTC-USD,sell,68672.94000000,0.00001700,2026-08-19T16:19:23.661564Z
coinbase,1073150429,,BTC-USD,sell,68671.12000000,0.25813326,2026-08-19T16:19:23.660891Z
coinbase,1073150428,,BTC-USD,sell,68670.54000000,0.00003526,2026-08-19T16:19:23.660891Z
coinbase,1073150427,,BTC-USD,sell,68669.72000000,0.00001700,2026-08-19T16:19:23.660891Z
coinbase,1073150426,,BTC-USD,sell,68666.42000000,0.02900000,2026-08-19T16:19:23.658917Z
coinbase,1073150425,,BTC-USD,sell,68666.14000000,0.00039159,2026-08-19T16:19:23.658917Z
coinbase,1073150424,,BTC-USD,sell,68666.14000000,0.00385055,2026-08-19T16:19:23.658917Z
coinbase,1073150423,,BTC-USD,sell,68663.83000000,0.00291969,2026-08-19T16:19:23.658917Z
coinbase,1073150422,,BTC-USD,sell,68662.50000000,0.01456399,2026-08-19T16:19:23.655461Z
coinbase,1073150421,,BTC-USD,sell,68662.50000000,0.01456399,2026-08-19T16:19:23.655461Z
coinbase,1073150420,,BTC-USD,sell,68661.12000000,0.04370476,2026-08-19T16:19:23.655416Z
coinbase,1073150419,,BTC-USD,buy,68661.11000000,0.00000001,2026-08-19T16:19:23.490616Z
coinbase,1073150418,,BTC-USD,sell,68662.02000000,0.00000001,2026-08-19T16:19:22.951424Z
coinbase,1073150417,,BTC-USD,buy,68662.00000000,0.00000006,2026-08-19T16:19:22.836390Z
coinbase,1073150416,,BTC-USD,buy,68665.62000000,0.00764529,2026-08-19T16:19:22.831491Z
coinbase,1073150415,,BTC-USD,buy,68666.50000000,0.00291949,2026-08-19T16:19:22.831491Z
coinbase,1073150414,,BTC-USD,buy,68667.94000000,0.00611623,2026-08-19T16:19:22.831407Z
coinbase,1073150413,,BTC-USD,buy,68669.66000000,0.17523106,2026-08-19T16:19:22.825791Z
coinbase,1073150412,,BTC-USD,buy,68669.66000000,0.00109218,2026-08-19T16:19:22.825791Z
coinbase,1073150411,,BTC-USD,buy,68669.67000000,0.23645305,2026-08-19T16:19:22.825791Z
coinbase,1073150410,,BTC-USD,buy,68669.67000000,0.03332733,2026-08-19T16:19:22.825791Z
coinbase,1073150409,,BTC-USD,buy,68669.67000000,0.00691418,2026-08-19T16:19:22.825791Z
coinbase,1073150408,,BTC-USD,buy,68669.67000000,0.15774918,2026-08-19T16:19:22.825791Z
coinbase,1073150407,,BTC-USD,buy,68669.67000000,0.02999973,2026-08-19T16:19:22.825791Z
coinbase,1073150406,,BTC-USD,sell,68669.68000000,0.00000001,2026-08-19T16:19:22.682019Z
coinbase,1073150405,,BTC-USD,buy,68669.67000000,0.00000018,2026-08-19T16:19:22.536150Z
coinbase,1073150404,,BTC-USD,sell,68669.68000000,0.00000001,2026-08-19T16:19:22.521038Z
coinbase,1073150403,,BTC-USD,sell,68669.68000000,0.00000001,2026-08-19T16:19:22.299309Z
coinbase,1073150402,,BTC-USD,sell,68669.68000000,0.00000001,2026-08-19T16:19:22.078984Z
coinbase,1073150401,,BTC-USD,sell,68669.68000000,0.00000001,2026-08-19T16:19:21.900191Z
coinbase,1073150400,,BTC-USD,buy,68669.67000000,0.00000009,2026-08-19T16:19:21.829732Z
coinbase,1073150399,,BTC-USD,sell,68669.68000000,0.00000001,2026-08-19T16:19:21.718482Z
coinbase,1073150398,,BTC-USD,sell,68669.68000000,0.00000001,2026-08-19T16:19:21.516409Z
coinbase,1073150397,,BTC-USD,buy,68669.67000000,0.00000006,2026-08-19T16:19:21.505568Z
coinbase,1073150396,,BTC-USD,sell,68669.68000000,0.00000001,2026-08-19T16:19:21.312443Z
coinbase,1073150395,,BTC-USD,buy,68669.67000000,0.00000001,2026-08-19T16:19:21.235954Z
coinbase,1073150394,,BTC-USD,sell,68669.68000000,0.00000001,2026-08-19T16:19:21.082880Z
coinbase,1073150393,,BTC-USD,sell,68669.68000000,0.00000001,2026-08-19T16:19:20.893291Z
coinbase,1073150392,,BTC-USD,buy,68669.67000000,0.00000003,2026-08-19T16:19:20.789969Z
coinbase,1073150391,,BTC-USD,sell,68669.68000000,0.00000001,2026-08-19T16:19:20.738777Z
coinbase,1073150390,,BTC-USD,sell,68669.67000000,0.00241837,2026-08-19T16:19:20.507336Z
coinbase,1073150389,,BTC-USD,sell,68669.67000000,0.00000001,2026-08-19T16:19:20.482952Z
coinbase,1073150388,,BTC-USD,buy,68669.66000000,0.00000007,2026-08-19T16:19:20.361285Z
coinbase,1073150387,,BTC-USD,sell,68669.67000000,0.00283151,2026-08-19T16:19:20.360315Z
coinbase,1073150386,,BTC-USD,sell,68669.67000000,0.00000001,2026-08-19T16:19:20.287210Z
coinbase,1073150385,,BTC-USD,buy,68669.66000000,0.00000014,2026-08-19T16:19:20.234888Z
coinbase,1073150384,,BTC-USD,buy,68669.66000000,0.00009247,2026-08-19T16:19:20.224294Z
coinbase,1073150383,,BTC-USD,buy,68669.66000000,0.00000874,2026-08-19T16:19:20.149805Z
coinbase,1073150382,,BTC-USD,sell,68669.67000000,0.00000001,2026-08-19T16:19:20.097798Z
coinbase,1073150381,,BTC-USD,sell,68669.67000000,0.00070185,2026-08-19T16:19:19.802927Z
coinbase,1073150380,,BTC-USD,buy,68669.66000000,0.00000010,2026-08-19T16:19:19.745697Z
coinbase,1073150379,,BTC-USD,sell,68673.34000000,0.01405991,2026-08-19T16:19:19.353031Z
coinbase,1073150378,,BTC-USD,sell,68672.94000000,0.00001700,2026-08-19T16:19:19.353031Z
coinbase,1073150377,,BTC-USD,sell,68672.61000000,0.00097066,2026-08-19T16:19:19.353031Z
coinbase,1073150376,,BTC-USD,sell,68669.72000000,0.00001700,2026-08-19T16:19:19.353031Z
coinbase,1073150375,,BTC-USD,sell,68666.50000000,0.00011574,2026-08-19T16:19:19.353031Z
coinbase,1073150374,,BTC-USD,sell,68666.50000000,0.00001700,2026-08-19T16:19:19.353031Z
coinbase,1073150373,,BTC-USD,buy,68666.49000000,0.00000013,2026-08-19T16:19:19.314539Z
coinbase,1073150372,,BTC-USD,sell,68663.61000000,0.00194902,2026-08-19T16:19:18.868242Z
coinbase,1073150371,,BTC-USD,sell,68663.28000000,0.00001700,2026-08-19T16:19:18.868242Z
coinbase,1073150370,,BTC-USD,sell,68660.06000000,0.00001700,2026-08-19T16:19:18.868242Z
coinbase,1073150369,,BTC-USD,sell,68656.84000000,0.00001698,2026-08-19T16:19:18.868242Z
coinbase,1073150368,,BTC-USD,buy,68656.83000000,0.00000001,2026-08-19T16:19:18.840757Z
coinbase,1073150367,,BTC-USD,buy,68656.83000000,0.00000004,2026-08-19T16:19:18.689485Z
coinbase,1073150366,,BTC-USD,sell,68656.84000000,0.00000001,2026-08-19T16:19:18.631177Z
coinbase,1073150365,,BTC-USD,sell,68656.84000000,0.00000001,2026-08-19T16:19:18.451173Z
coinbase,1073150364,,BTC-USD,sell,68653.69000000,0.04107291,2026-08-19T16:19:18.365841Z
coinbase,1073150363,,BTC-USD,sell,68653.69000000,0.07234211,2026-08-19T16:19:18.365635Z
coinbase,1073150362,,BTC-USD,sell,68653.62000000,0.00001700,2026-08-19T16:19:18.365635Z
coinbase,1073150361,,BTC-USD,sell,68650.40000000,0.00001700,2026-08-19T16:19:18.365635Z
coinbase,1073150360,,BTC-USD,sell,68650.02000000,0.00391378,2026-08-19T16:19:18.365635Z
coinbase,1073150359,,BTC-USD,sell,68650.02000000,0.03845627,2026-08-19T16:19:18.365635Z
coinbase,1073150358,,BTC-USD,sell,68650.02000000,0.00002849,2026-08-19T16:19:18.365364Z
coinbase,1073150357,,BTC-USD,sell,68650.01000000,0.00000001,2026-08-19T16:19:18.259995Z
coinbase,1073150356,,BTC-USD,sell,68647.18000000,0.00001700,2026-08-19T16:19:18.259392Z
coinbase,1073150355,,BTC-USD,sell,68646.36000000,0.00040000,2026-08-19T16:19:18.252983Z
coinbase,1073150354,,BTC-USD,sell,68646.36000000,0.04370476,2026-08-19T16:19:18.247983Z
coinbase,1073150353,,BTC-USD,sell,68645.90000000,0.00793427,2026-08-19T16:19:18.247983Z
coinbase,1073150352,,BTC-USD,sell,68645.90000000,0.00011576,2026-08-19T16:19:18.247983Z
coinbase,1073150351,,BTC-USD,sell,68645.90000000,0.01959930,2026-08-19T16:19:18.247983Z
coinbase,1073150350,,BTC-USD,sell,68645.90000000,0.00981060,2026-08-19T16:19:18.247874Z
coinbase,1073150349,,BTC-USD,sell,68645.90000000,0.00000001,2026-08-19T16:19:18.046439Z
coinbase,1073150348,,BTC-USD,buy,68645.89000000,0.00000027,2026-08-19T16:19:17.947852Z
coinbase,1073150347,,BTC-USD,buy,68645.89000000,0.00165787,2026-08-19T16:19:17.873046Z
coinbase,1073150346,,BTC-USD,sell,68645.90000000,0.00000001,2026-08-19T16:19:17.856039Z
coinbase,1073150345,,BTC-USD,sell,68645.90000000,0.00058998,2026-08-19T16:19:17.755380Z
coinbase,1073150344,,BTC-USD,buy,68645.89000000,0.00000037,2026-08-19T16:19:17.704168Z
coinbase,1073150343,,BTC-USD,sell,68645.90000000,0.00000001,2026-08-19T16:19:17.654398Z
coinbase,1073150342,,BTC-USD,sell,68645.90000000,0.00000001,2026-08-19T16:19:17.452789Z
coinbase,1073150341,,BTC-USD,sell,68645.90000000,0.00000001,2026-08-19T16:19:17.249055Z
coinbase,1073150340,,BTC-USD,buy,68645.89000000,0.00000006,2026-08-19T16:19:17.152275Z
coinbase,1073150339,,BTC-USD,sell,68645.90000000,0.00000001,2026-08-19T16:19:17.062558Z
coinbase,1073150338,,BTC-USD,sell,68645.90000000,0.00000001,2026-08-19T16:19:16.865724Z
coinbase,1073150337,,BTC-USD,buy,68645.89000000,0.00000001,2026-08-19T16:19:16.590267Z
coinbase,1073150336,,BTC-USD,sell,68645.90000000,0.00000001,2026-08-19T16:19:16.454731Z
coinbase,1073150335,,BTC-USD,buy,68645.89000000,0.00000004,2026-08-19T16:19:16.402864Z
coinbase,1073150334,,BTC-USD,sell,68645.90000000,0.00000001,2026-08-19T16:19:16.287222Z
coinbase,1073150333,,BTC-USD,sell,68645.90000000,0.00000001,2026-08-19T16:19:16.287099Z
coinbase,1073150332,,BTC-USD,buy,68645.89000000,0.02960774,2026-08-19T16:19:16.246697Z
coinbase,1073150331,,BTC-USD,sell,68645.90000000,0.00000001,2026-08-19T16:19:16.019538Z
coinbase,1073150330,,BTC-USD,buy,68645.89000000,0.00000028,2026-08-19T16:19:15.939189Z
coinbase,1073150329,,BTC-USD,sell,68645.90000000,0.00000001,2026-08-19T16:19:15.880554Z
coinbase,1073150328,,BTC-USD,buy,68645.89000000,0.00000002,2026-08-19T16:19:15.862367Z
coinbase,1073150327,,BTC-USD,buy,68645.89000000,0.00065309,2026-08-19T16:19:15.755206Z
coinbase,1073150326,,BTC-USD,buy,68645.89000000,0.00000053,2026-08-19T16:19:15.703795Z
coinbase,1073150325,,BTC-USD,buy,68645.33000000,0.00000005,2026-08-19T16:19:15.316786Z
coinbase,1073150324,,BTC-USD,buy,68645.32000000,0.00000006,2026-08-19T16:19:15.289538Z
coinbase,1073150323,,BTC-USD,buy,68645.04000000,0.11033640,2026-08-19T16:19:15.211284Z
coinbase,1073150322,,BTC-USD,buy,68643.95000000,0.00000004,2026-08-19T16:19:14.798214Z
coinbase,1073150321,,BTC-USD,sell,68645.95000000,0.00015244,2026-08-19T16:19:14.797725Z
coinbase,1073150320,,BTC-USD,sell,68643.96000000,0.00001700,2026-08-19T16:19:14.797725Z
coinbase,1073150319,,BTC-USD,sell,68640.74000000,0.14485500,2026-08-19T16:19:14.684146Z
coinbase,1073150318,,BTC-USD,sell,68640.74000000,0.00020860,2026-08-19T16:19:14.684146Z
coinbase,1073150317,,BTC-USD,buy,68640.73000000,0.00000001,2026-08-19T16:19:14.406152Z
coinbase,1073150316,,BTC-USD,buy,68640.73000000,0.00000002,2026-08-19T16:19:14.347006Z
coinbase,1073150315,,BTC-USD,sell,68640.74000000,0.00000001,2026-08-19T16:19:14.338056Z
coinbase,1073150314,,BTC-USD,buy,68640.73000000,0.00000009,2026-08-19T16:19:14.285183Z
coinbase,1073150313,,BTC-USD,sell,68640.74000000,0.00000001,2026-08-19T16:19:14.132977Z
coinbase,1073150312,,BTC-USD,sell,68640.74000000,0.00002290,2026-08-19T16:19:14.079335Z
coinbase,1073150311,,BTC-USD,sell,68640.74000000,0.00001694,2026-08-19T16:19:14.079335Z
coinbase,1073150310,,BTC-USD,sell,68640.74000000,0.00000001,2026-08-19T16:19:13.930309Z
coinbase,1073150309,,BTC-USD,sell,68640.74000000,0.00000001,2026-08-19T16:19:13.675376Z
coinbase,1073150308,,BTC-USD,buy,68640.73000000,0.00000006,2026-08-19T16:19:13.674607Z
coinbase,1073150307,,BTC-USD,buy,68640.73000000,0.00041500,2026-08-19T16:19:13.613048Z
coinbase,1073150306,,BTC-USD,buy,68640.73000000,0.00000683,2026-08-19T16:19:13.553821Z
coinbase,1073150305,,BTC-USD,sell,68640.74000000,0.00000001,2026-08-19T16:19:13.515757Z
coinbase,1073150304,,BTC-USD,sell,68640.74000000,0.00000001,2026-08-19T16:19:13.318606Z
coinbase,1073150303,,BTC-USD,buy,68640.73000000,0.00000012,2026-08-19T16:19:13.294830Z
coinbase,1073150302,,BTC-USD,buy,68640.73000000,0.00000016,2026-08-19T16:19:13.203462Z
coinbase,1073150301,,BTC-USD,sell,68640.74000000,0.00000001,2026-08-19T16:19:13.128897Z
coinbase,1073150300,,BTC-USD,buy,68640.73000000,0.01812097,2026-08-19T16:19:13.008904Z
coinbase,1073150299,,BTC-USD,buy,68640.73000000,0.01000000,2026-08-19T16:19:12.914933Z
coinbase,1073150298,,BTC-USD,sell,68640.74000000,0.00000001,2026-08-19T16:19:12.902507Z
coinbase,1073150297,,BTC-USD,sell,68639.87000000,0.00000001,2026-08-19T16:19:12.729435Z
coinbase,1073150296,,BTC-USD,sell,68635.84000000,0.00006915,2026-08-19T16:19:12.697225Z
coinbase,1073150295,,BTC-USD,sell,68635.84000000,0.00605033,2026-08-19T16:19:12.695211Z
coinbase,1073150294,,BTC-USD,sell,68634.31000000,0.00004967,2026-08-19T16:19:12.695211Z
coinbase,1073150293,,BTC-USD,sell,68634.31000000,0.14473815,2026-08-19T16:19:12.693841Z
coinbase,1073150292,,BTC-USD,sell,68634.31000000,0.00236185,2026-08-19T16:19:12.693841Z
coinbase,1073150291,,BTC-USD,buy,68632.40000000,0.00000003,2026-08-19T16:19:12.593959Z
coinbase,1073150290,,BTC-USD,sell,68632.41000000,0.01413364,2026-08-19T16:19:12.591897Z
coinbase,1073150289,,BTC-USD,sell,68632.41000000,0.00023145,2026-08-19T16:19:12.591897Z
coinbase,1073150288,,BTC-USD,sell,68632.41000000,0.00000001,2026-08-19T16:19:12.511952Z
coinbase,1073150287,,BTC-USD,sell,68632.41000000,0.00000001,2026-08-19T16:19:12.329032Z
coinbase,1073150286,,BTC-USD,buy,68632.40000000,0.00000016,2026-08-19T16:19:12.203525Z
coinbase,1073150285,,BTC-USD,buy,68632.40000000,0.00000001,2026-08-19T16:19:12.184249Z
coinbase,1073150284,,BTC-USD,buy,68632.40000000,0.00000002,2026-08-19T16:19:12.182731Z
coinbase,1073150283,,BTC-USD,sell,68632.41000000,0.00000001,2026-08-19T16:19:12.141248Z
coinbase,1073150282,,BTC-USD,buy,68632.40000000,0.00585567,2026-08-19T16:19:12.076166Z
coinbase,1073150281,,BTC-USD,sell,68632.41000000,0.00000001,2026-08-19T16:19:11.924685Z
coinbase,1073150280,,BTC-USD,buy,68634.25000000,0.02034678,2026-08-19T16:19:11.733675Z
coinbase,1073150279,,BTC-USD,buy,68634.25000000,0.00023927,2026-08-19T16:19:11.733331Z
coinbase,1073150278,,BTC-USD,buy,68634.25000000,0.00247506,2026-08-19T16:19:11.733081Z
coinbase,1073150277,,BTC-USD,buy,68634.25000000,0.00040054,2026-08-19T16:19:11.731539Z
coinbase,1073150276,,BTC-USD,buy,68634.25000000,0.07613835,2026-08-19T16:19:11.727316Z
coinbase,1073150275,,BTC-USD,buy,68634.30000000,0.00002797,2026-08-19T16:19:11.727316Z
coinbase,1073150274,,BTC-USD,buy,68634.30000000,0.05080000,2026-08-19T16:19:11.727316Z
coinbase,1073150273,,BTC-USD,buy,68634.30000000,0.03130168,2026-08-19T16:19:11.727316Z
coinbase,1073150272,,BTC-USD,sell,68634.31000000,0.00000001,2026-08-19T16:19:11.726709Z
coinbase,1073150271,,BTC-USD,buy,68634.30000000,0.00123577,2026-08-19T16:19:11.541311Z
coinbase,1073150270,,BTC-USD,sell,68634.31000000,0.00000001,2026-08-19T16:19:11.513231Z
coinbase,1073150269,,BTC-USD,buy,68634.30000000,0.00002471,2026-08-19T16:19:11.162371Z
coinbase,1073150268,,BTC-USD,buy,68634.30000000,0.00002040,2026-08-19T16:19:11.162371Z
coinbase,1073150267,,BTC-USD,buy,68634.30000000,0.00001672,2026-08-19T16:19:11.162371Z
coinbase,1073150266,,BTC-USD,buy,68634.30000000,0.00000009,2026-08-19T16:19:11.139141Z
coinbase,1073150265,,BTC-USD,buy,68634.30000000,0.00000003,2026-08-19T16:19:10.936833Z
coinbase,1073150264,,BTC-USD,buy,68634.30000000,0.00000006,2026-08-19T16:19:10.755005Z
coinbase,1073150263,,BTC-USD,buy,68634.30000000,0.00000010,2026-08-19T16:19:10.678969Z
coinbase,1073150262,,BTC-USD,buy,68637.52000000,0.06340000,2026-08-19T16:19:10.501327Z
coinbase,1073150261,,BTC-USD,buy,68637.52000000,0.00001700,2026-08-19T16:19:10.501327Z
coinbase,1073150260,,BTC-USD,sell,68637.53000000,0.00218293,2026-08-19T16:19:10.363084Z
coinbase,1073150259,,BTC-USD,buy,68640.74000000,0.06340000,2026-08-19T16:19:10.273143Z
coinbase,1073150258,,BTC-USD,buy,68640.74000000,0.00001692,2026-08-19T16:19:10.273143Z
coinbase,1073150257,,BTC-USD,buy,68640.74000000,0.00000008,2026-08-19T16:19:10.125300Z
coinbase,1073150256,,BTC-USD,buy,68643.96000000,0.00001700,2026-08-19T16:19:10.062135Z
coinbase,1073150255,,BTC-USD,buy,68646.00000000,0.22495661,2026-08-19T16:19:10.050551Z
coinbase,1073150254,,BTC-USD,buy,68647.18000000,0.00001700,2026-08-19T16:19:10.050551Z
coinbase,1073150253,,BTC-USD,buy,68648.56000000,0.01456695,2026-08-19T16:19:10.050551Z
coinbase,1073150252,,BTC-USD,buy,68648.56000000,0.01456695,2026-08-19T16:19:10.050551Z
coinbase,1073150251,,BTC-USD,buy,68648.89000000,0.00109249,2026-08-19T16:19:10.050551Z
coinbase,1073150250,,BTC-USD,buy,68649.94000000,0.04363624,2026-08-19T16:19:10.047872Z
coinbase,1073150249,,BTC-USD,buy,68649.94000000,0.00004588,2026-08-19T16:19:10.047872Z
coinbase,1073150248,,BTC-USD,buy,68649.94000000,0.03806577,2026-08-19T16:19:10.047872Z
coinbase,1073150247,,BTC-USD,buy,68649.94000000,0.00040065,2026-08-19T16:19:09.982913Z
coinbase,1073150246,,BTC-USD,buy,68649.94000000,0.00000001,2026-08-19T16:19:09.929237Z
coinbase,1073150245,,BTC-USD,sell,68649.95000000,0.00000001,2026-08-19T16:19:09.874624Z
coinbase,1073150244,,BTC-USD,sell,68649.95000000,0.00000001,2026-08-19T16:19:09.670014Z
coinbase,1073150243,,BTC-USD,buy,68649.94000000,0.00000019,2026-08-19T16:19:09.601739Z
coinbase,1073150242,,BTC-USD,buy,68649.94000000,0.00000008,2026-08-19T16:19:09.571433Z
coinbase,1073150241,,BTC-USD,sell,68649.95000000,0.00500000,2026-08-19T16:19:09.523440Z
coinbase,1073150240,,BTC-USD,sell,68649.95000000,0.00000001,2026-08-19T16:19:09.480381Z
coinbase,1073150239,,BTC-USD,sell,68649.95000000,0.00000001,2026-08-19T16:19:09.295742Z
coinbase,1073150238,,BTC-USD,buy,68649.94000000,0.00092695,2026-08-19T16:19:09.237115Z
coinbase,1073150237,,BTC-USD,buy,68650.94000000,0.00000004,2026-08-19T16:19:09.113404Z
coinbase,1073150236,,BTC-USD,sell,68650.95000000,0.00000001,2026-08-19T16:19:09.105453Z
coinbase,1073150235,,BTC-USD,sell,68650.95000000,0.00000001,2026-08-19T16:19:08.910337Z
coinbase,1073150234,,BTC-USD,buy,68653.68000000,0.02168268,2026-08-19T16:19:08.879639Z
coinbase,1073150233,,BTC-USD,buy,68653.68000000,0.00220117,2026-08-19T16:19:08.878386Z
coinbase,1073150232,,BTC-USD,buy,68653.68000000,0.01860660,2026-08-19T16:19:08.877107Z
coinbase,1073150231,,BTC-USD,buy,68653.68000000,0.00932158,2026-08-19T16:19:08.873234Z
coinbase,1073150230,,BTC-USD,buy,68653.68000000,0.05442847,2026-08-19T16:19:08.873234Z
coinbase,1073150229,,BTC-USD,buy,68653.68000000,0.00003883,2026-08-19T16:19:08.873234Z
coinbase,1073150228,,BTC-USD,buy,68653.68000000,0.00004573,2026-08-19T16:19:08.873234Z
coinbase,1073150227,,BTC-USD,buy,68653.68000000,0.08418917,2026-08-19T16:19:08.873234Z
coinbase,1073150226,,BTC-USD,sell,68653.69000000,0.00000001,2026-08-19T16:19:08.684549Z
coinbase,1073150225,,BTC-USD,buy,68653.68000000,0.00000003,2026-08-19T16:19:08.614478Z
coinbase,1073150224,,BTC-USD,buy,68653.68000000,0.00000013,2026-08-19T16:19:08.513148Z
coinbase,1073150223,,BTC-USD,sell,68653.69000000,0.00000001,2026-08-19T16:19:08.511945Z
coinbase,1073150222,,BTC-USD,sell,68653.69000000,0.00000001,2026-08-19T16:19:08.310672Z
coinbase,1073150221,,BTC-USD,sell,68653.69000000,0.00000001,2026-08-19T16:19:08.122648Z
coinbase,1073150220,,BTC-USD,buy,68653.68000000,0.00000010,2026-08-19T16:19:08.059042Z
coinbase,1073150219,,BTC-USD,sell,68653.69000000,0.00000001,2026-08-19T16:19:07.904777Z
coinbase,1073150218,,BTC-USD,buy,68653.68000000,0.00000001,2026-08-19T16:19:07.763609Z
coinbase,1073150217,,BTC-USD,sell,68653.69000000,0.00000001,2026-08-19T16:19:07.726839Z
coinbase,1073150216,,BTC-USD,buy,68653.68000000,0.00000009,2026-08-19T16:19:07.576299Z
coinbase,1073150215,,BTC-USD,sell,68653.69000000,0.00000001,2026-08-19T16:19:07.512717Z
coinbase,1073150214,,BTC-USD,buy,68653.68000000,0.00000008,2026-08-19T16:19:07.433756Z
coinbase,1073150213,,BTC-USD,sell,68653.69000000,0.00000001,2026-08-19T16:19:07.329221Z
coinbase,1073150212,,BTC-USD,buy,68653.68000000,0.00367788,2026-08-19T16:19:07.266797Z
coinbase,1073150211,,BTC-USD,sell,68653.69000000,0.00000001,2026-08-19T16:19:07.060315Z
coinbase,1073150210,,BTC-USD,buy,68653.68000000,0.00000003,2026-08-19T16:19:07.006830Z
coinbase,1073150209,,BTC-USD,buy,68653.68000000,0.00000009,2026-08-19T16:19:06.439846Z
coinbase,1073150208,,BTC-USD,buy,68653.68000000,0.00000009,2026-08-19T16:19:06.375124Z
coinbase,1073150207,,BTC-USD,sell,68653.69000000,0.00283155,2026-08-19T16:19:06.170711Z
coinbase,1073150206,,BTC-USD,buy,68653.68000000,0.00233678,2026-08-19T16:19:05.840325Z
coinbase,1073150205,,BTC-USD,buy,68653.68000000,0.00417504,2026-08-19T16:19:05.837173Z
coinbase,1073150204,,BTC-USD,buy,68653.68000000,0.00175791,2026-08-19T16:19:05.831329Z
coinbase,1073150203,,BTC-USD,buy,68653.68000000,0.00053218,2026-08-19T16:19:05.831226Z
coinbase,1073150202,,BTC-USD,buy,68653.68000000,0.00098666,2026-08-19T16:19:05.828027Z
coinbase,1073150201,,BTC-USD,buy,68653.68000000,0.00157468,2026-08-19T16:19:05.827376Z
coinbase,1073150200,,BTC-USD,buy,68653.68000000,0.00068282,2026-08-19T16:19:05.824973Z
coinbase,1073150199,,BTC-USD,buy,68653.68000000,0.00220724,2026-08-19T16:19:05.823614Z
coinbase,1073150198,,BTC-USD,buy,68653.68000000,0.00237765,2026-08-19T16:19:05.821428Z
coinbase,1073150197,,BTC-USD,buy,68653.68000000,0.00571341,2026-08-19T16:19:05.817527Z
coinbase,1073150196,,BTC-USD,buy,68653.68000000,0.00381138,2026-08-19T16:19:05.809477Z
coinbase,1073150195,,BTC-USD,buy,68653.68000000,0.00173790,2026-08-19T16:19:05.806289Z
coinbase,1073150194,,BTC-USD,buy,68653.68000000,0.00076713,2026-08-19T16:19:05.802030Z
coinbase,1073150193,,BTC-USD,buy,68653.68000000,0.00166054,2026-08-19T16:19:05.801244Z
coinbase,1073150192,,BTC-USD,buy,68653.68000000,0.00274613,2026-08-19T16:19:05.798760Z
coinbase,1073150191,,BTC-USD,buy,68653.68000000,0.00861814,2026-08-19T16:19:05.795296Z
coinbase,1073150190,,BTC-USD,buy,68653.68000000,0.00053317,2026-08-19T16:19:05.782810Z
coinbase,1073150189,,BTC-USD,buy,68653.68000000,0.00233899,2026-08-19T16:19:05.782441Z
coinbase,1073150188,,BTC-USD,buy,68653.68000000,0.00226539,2026-08-19T16:19:05.779142Z
coinbase,1073150187,,BTC-USD,buy,68653.68000000,0.00392770,2026-08-19T16:19:05.775820Z
coinbase,1073150186,,BTC-USD,buy,68653.68000000,0.00069837,2026-08-19T16:19:05.770370Z
coinbase,1073150185,,BTC-USD,buy,68653.68000000,0.00109721,2026-08-19T16:19:05.769836Z
coinbase,1073150184,,BTC-USD,buy,68653.68000000,0.00183422,2026-08-19T16:19:05.768725Z
coinbase,1073150183,,BTC-USD,buy,68653.68000000,0.00530180,2026-08-19T16:19:05.760946Z
coinbase,1073150182,,BTC-USD,buy,68653.68000000,0.00042147,2026-08-19T16:19:05.760879Z
coinbase,1073150181,,BTC-USD,buy,68653.68000000,0.00136669,2026-08-19T16:19:05.760401Z
coinbase,1073150180,,BTC-USD,buy,68653.68000000,0.00204074,2026-08-19T16:19:05.759813Z
coinbase,1073150179,,BTC-USD,buy,68653.68000000,0.00060266,2026-08-19T16:19:05.757286Z
coinbase,1073150178,,BTC-USD,buy,68653.68000000,0.00047617,2026-08-19T16:19:05.756504Z
coinbase,1073150177,,BTC-USD,buy,68653.68000000,0.00022858,2026-08-19T16:19:05.755908Z
coinbase,1073150176,,BTC-USD,buy,68653.68000000,0.04635600,2026-08-19T16:19:05.755808Z
coinbase,1073150175,,BTC-USD,buy,68653.68000000,0.06225867,2026-08-19T16:19:05.755808Z
coinbase,1073150174,,BTC-USD,buy,68653.68000000,0.04562494,2026-08-19T16:19:05.755808Z
coinbase,1073150173,,BTC-USD,buy,68653.68000000,0.00555376,2026-08-19T16:19:05.755808Z
coinbase,1073150172,,BTC-USD,buy,68653.68000000,0.00000009,2026-08-19T16:19:05.725644Z
coinbase,1073150171,,BTC-USD,sell,68653.69000000,0.00000001,2026-08-19T16:19:05.706540Z
coinbase,1073150170,,BTC-USD,sell,68653.69000000,0.00000001,2026-08-19T16:19:05.476718Z
coinbase,1073150169,,BTC-USD,buy,68653.68000000,0.00000009,2026-08-19T16:19:05.353859Z
coinbase,1073150168,,BTC-USD,sell,68653.69000000,0.00000001,2026-08-19T16:19:05.274291Z
coinbase,1073150167,,BTC-USD,buy,68653.68000000,0.00056341,2026-08-19T16:19:05.103841Z
coinbase,1073150166,,BTC-USD,sell,68653.69000000,0.00000001,2026-08-19T16:19:05.062431Z
coinbase,1073150165,,BTC-USD,buy,68653.68000000,0.00000004,2026-08-19T16:19:05.037834Z
coinbase,1073150164,,BTC-USD,sell,68653.69000000,0.00000001,2026-08-19T16:19:04.880153Z
coinbase,1073150163,,BTC-USD,sell,68653.69000000,0.00021634,2026-08-19T16:19:04.765457Z
coinbase,1073150162,,BTC-USD,sell,68653.69000000,0.00000001,2026-08-19T16:19:04.690965Z
coinbase,1073150161,,BTC-USD,sell,68653.69000000,0.00000001,2026-08-19T16:19:04.516468Z
coinbase,1073150160,,BTC-USD,sell,68653.69000000,0.00000001,2026-08-19T16:19:04.499205Z
coinbase,1073150159,,BTC-USD,buy,68653.68000000,0.00000022,2026-08-19T16:19:04.451874Z
coinbase,1073150158,,BTC-USD,buy,68653.68000000,0.00000004,2026-08-19T16:19:04.355704Z
coinbase,1073150157,,BTC-USD,sell,68653.69000000,0.02141922,2026-08-19T16:19:04.254897Z
coinbase,1073150156,,BTC-USD,buy,68653.68000000,0.00000001,2026-08-19T16:19:04.114069Z
coinbase,1073150155,,BTC-USD,sell,68653.69000000,0.00000001,2026-08-19T16:19:04.093788Z
coinbase,1073150154,,BTC-USD,buy,68653.68000000,0.00244766,2026-08-19T16:19:04.037791Z
coinbase,1073150153,,BTC-USD,buy,68653.68000000,0.00018251,2026-08-19T16:19:04.037791Z
coinbase,1073150152,,BTC-USD,buy,68653.68000000,0.00000016,2026-08-19T16:19:03.895366Z
coinbase,1073150151,,BTC-USD,sell,68653.69000000,0.00000001,2026-08-19T16:19:03.871492Z
coinbase,1073150150,,BTC-USD,sell,68653.69000000,0.00141614,2026-08-19T16:19:03.716673Z
coinbase,1073150149,,BTC-USD,sell,68653.69000000,0.00241823,2026-08-19T16:19:03.684262Z
coinbase,1073150148,,BTC-USD,sell,68653.69000000,0.00000001,2026-08-19T16:19:03.653969Z
coinbase,1073150147,,BTC-USD,sell,68653.69000000,0.00000001,2026-08-19T16:19:03.496450Z
coinbase,1073150146,,BTC-USD,buy,68653.68000000,0.00000025,2026-08-19T16:19:03.419006Z
coinbase,1073150145,,BTC-USD,sell,68653.69000000,0.00000001,2026-08-19T16:19:03.275663Z
coinbase,1073150144,,BTC-USD,buy,68653.68000000,0.00000003,2026-08-19T16:19:03.258913Z
coinbase,1073150143,,BTC-USD,sell,68653.69000000,0.00002524,2026-08-19T16:19:03.219460Z
coinbase,1073150142,,BTC-USD,sell,68653.69000000,0.00070790,2026-08-19T16:19:03.130201Z
coinbase,1073150141,,BTC-USD,sell,68653.69000000,0.00000001,2026-08-19T16:19:03.103507Z
coinbase,1073150140,,BTC-USD,sell,68653.69000000,0.00004327,2026-08-19T16:19:03.014306Z
coinbase,1073150139,,BTC-USD,sell,68653.69000000,0.00000001,2026-08-19T16:19:02.910693Z
coinbase,1073150138,,BTC-USD,buy,68653.68000000,0.00000009,2026-08-19T16:19:02.741737Z
coinbase,1073150137,,BTC-USD,buy,68653.68000000,0.00000019,2026-08-19T16:19:02.367070Z
coinbase,1073150136,,BTC-USD,sell,68653.69000000,0.00014063,2026-08-19T16:19:02.154355Z
coinbase,1073150135,,BTC-USD,buy,68653.68000000,0.00735740,2026-08-19T16:19:01.977397Z
coinbase,1073150134,,BTC-USD,buy,68653.68000000,0.00000007,2026-08-19T16:19:01.942346Z
coinbase,1073150133,,BTC-USD,buy,68653.68000000,0.00000001,2026-08-19T16:19:01.827532Z
coinbase,1073150132,,BTC-USD,buy,68653.68000000,0.00000006,2026-08-19T16:19:01.656738Z
coinbase,1073150131,,BTC-USD,buy,68653.68000000,0.01316074,2026-08-19T16:19:01.591876Z
coinbase,1073150130,,BTC-USD,sell,68653.69000000,0.00014423,2026-08-19T16:19:01.573095Z
coinbase,1073150129,,BTC-USD,buy,68653.68000000,0.04751114,2026-08-19T16:19:01.403692Z
coinbase,1073150128,,BTC-USD,buy,68653.68000000,0.00098341,2026-08-19T16:19:01.403692Z
coinbase,1073150127,,BTC-USD,buy,68653.68000000,0.00000009,2026-08-19T16:19:01.328649Z
coinbase,1073150126,,BTC-USD,sell,68653.69000000,0.00000001,2026-08-19T16:19:01.295471Z
coinbase,1073150125,,BTC-USD,sell,68653.69000000,0.00035395,2026-08-19T16:19:01.234829Z
coinbase,1073150124,,BTC-USD,sell,68653.69000000,0.00000001,2026-08-19T16:19:01.141502Z
coinbase,1073150123,,BTC-USD,sell,68653.69000000,0.00070790,2026-08-19T16:19:00.943984Z
coinbase,1073150122,,BTC-USD,buy,68653.68000000,0.00000010,2026-08-19T16:19:00.881460Z
coinbase,1073150121,,BTC-USD,sell,68653.69000000,0.00000001,2026-08-19T16:19:00.877331Z
coinbase,1073150120,,BTC-USD,sell,68653.69000000,0.00000001,2026-08-19T16:19:00.691971Z
coinbase,1073150119,,BTC-USD,sell,68658.50000000,0.00002885,2026-08-19T16:19:00.657391Z
coinbase,1073150118,,BTC-USD,sell,68659.50000000,0.00070790,2026-08-19T16:19:00.644275Z
coinbase,1073150117,,BTC-USD,sell,68653.82000000,0.00007212,2026-08-19T16:19:00.601163Z
coinbase,1073150116,,BTC-USD,buy,68653.66000000,0.00000003,2026-08-19T16:19:00.564280Z
coinbase,1073150115,,BTC-USD,buy,68654.73000000,0.00065561,2026-08-19T16:19:00.545473Z
coinbase,1073150114,,BTC-USD,sell,68655.98000000,0.00072117,2026-08-19T16:19:00.542174Z
coinbase,1073150113,,BTC-USD,sell,68660.49000000,0.10469360,2026-08-19T16:19:00.530865Z
coinbase,1073150112,,BTC-USD,sell,68660.06000000,0.00001700,2026-08-19T16:19:00.530865Z
coinbase,1073150111,,BTC-USD,sell,68658.51000000,0.02500000,2026-08-19T16:19:00.530865Z
coinbase,1073150110,,BTC-USD,sell,68656.84000000,0.00001700,2026-08-19T16:19:00.530865Z
coinbase,1073150109,,BTC-USD,sell,68655.97000000,0.04368988,2026-08-19T16:19:00.530865Z
coinbase,1073150108,,BTC-USD,sell,68655.97000000,0.00001488,2026-08-19T16:19:00.529850Z
coinbase,1073150107,,BTC-USD,sell,68653.62000000,0.00001699,2026-08-19T16:19:00.529850Z
coinbase,1073150106,,BTC-USD,sell,68653.62000000,0.00000001,2026-08-19T16:19:00.526556Z
coinbase,1073150105,,BTC-USD,sell,68652.53000000,0.00404640,2026-08-19T16:19:00.449541Z
coinbase,1073150104,,BTC-USD,sell,68651.41000000,0.03995360,2026-08-19T16:19:00.449541Z
coinbase,1073150103,,BTC-USD,sell,68651.41000000,0.00140000,2026-08-19T16:19:00.445422Z
coinbase,1073150102,,BTC-USD,sell,68651.41000000,0.00235116,2026-08-19T16:19:00.445234Z
coinbase,1073150101,,BTC-USD,sell,68650.40000000,0.00001700,2026-08-19T16:19:00.445234Z
coinbase,1073150100,,BTC-USD,sell,68649.09000000,0.00011575,2026-08-19T16:19:00.445234Z
coinbase,1073150099,,BTC-USD,sell,68649.08000000,0.04001609,2026-08-19T16:19:00.445234Z
coinbase,1073150098,,BTC-USD,sell,68649.08000000,0.02616972,2026-08-19T16:19:00.443763Z
coinbase,1073150097,,BTC-USD,sell,68649.08000000,0.23317968,2026-08-19T16:19:00.443607Z
coinbase,1073150096,,BTC-USD,sell,68649.08000000,0.08517595,2026-08-19T16:19:00.443018Z
coinbase,1073150095,,BTC-USD,sell,68649.02000000,0.03910705,2026-08-19T16:19:00.443018Z
coinbase,1073150094,,BTC-USD,sell,68647.18000000,0.00001700,2026-08-19T16:19:00.443018Z
coinbase,1073150093,,BTC-USD,sell,68644.60000000,0.00000365,2026-08-19T16:19:00.438121Z
coinbase,1073150092,,BTC-USD,sell,68644.60000000,0.00145677,2026-08-19T16:19:00.438121Z
coinbase,1073150091,,BTC-USD,sell,68644.59000000,0.00322316,2026-08-19T16:19:00.326820Z
coinbase,1073150090,,BTC-USD,sell,68643.96000000,0.00001700,2026-08-19T16:19:00.326820Z
coinbase,1073150089,,BTC-USD,sell,68643.21000000,0.02062761,2026-08-19T16:19:00.326820Z
coinbase,1073150088,,BTC-USD,sell,68643.21000000,0.00523223,2026-08-19T16:19:00.326820Z
coinbase,1073150087,,BTC-USD,sell,68643.21000000,0.00760000,2026-08-19T16:19:00.326640Z
coinbase,1073150086,,BTC-USD,sell,68643.21000000,0.00000001,2026-08-19T16:19:00.276806Z
coinbase,1073150085,,BTC-USD,buy,68643.20000000,0.00002509,2026-08-19T16:19:00.152581Z
coinbase,1073150084,,BTC-USD,sell,68643.21000000,0.00007601,2026-08-19T16:19:00.093834Z
coinbase,1073150083,,BTC-USD,sell,68643.21000000,0.00000001,2026-08-19T16:19:00.089006Z
coinbase,1073150082,,BTC-USD,sell,68643.21000000,0.00000001,2026-08-19T16:18:59.897514Z
coinbase,1073150081,,BTC-USD,sell,68643.21000000,0.00007212,2026-08-19T16:18:59.889990Z
coinbase,1073150080,,BTC-USD,sell,68643.21000000,0.00006909,2026-08-19T16:18:59.819452Z
coinbase,1073150079,,BTC-USD,sell,68643.21000000,0.00000001,2026-08-19T16:18:59.706756Z
coinbase,1073150078,,BTC-USD,sell,68643.21000000,0.00014423,2026-08-19T16:18:59.629252Z
coinbase,1073150077,,BTC-USD,buy,68643.20000000,0.00000005,2026-08-19T16:18:59.605798Z
coinbase,1073150076,,BTC-USD,buy,68643.20000000,0.00000001,2026-08-19T16:18:59.502439Z
coinbase,1073150075,,BTC-USD,sell,68643.21000000,0.00000001,2026-08-19T16:18:59.487896Z
coinbase,1073150074,,BTC-USD,buy,68643.20000000,0.00000005,2026-08-19T16:18:59.467435Z
coinbase,1073150073,,BTC-USD,buy,68643.20000000,0.00600000,2026-08-19T16:18:59.449105Z
coinbase,1073150072,,BTC-USD,sell,68643.21000000,0.00000001,2026-08-19T16:18:59.282943Z
coinbase,1073150071,,BTC-USD,sell,68643.21000000,0.00021635,2026-08-19T16:18:59.186876Z
coinbase,1073150070,,BTC-USD,buy,68643.20000000,0.00000004,2026-08-19T16:18:59.115980Z
coinbase,1073150069,,BTC-USD,sell,68643.21000000,0.00000001,2026-08-19T16:18:59.086325Z
coinbase,1073150068,,BTC-USD,sell,68643.21000000,0.00144234,2026-08-19T16:18:59.033633Z
coinbase,1073150067,,BTC-USD,sell,68643.21000000,0.00000001,2026-08-19T16:18:58.884172Z
coinbase,1073150066,,BTC-USD,sell,68643.21000000,0.00436488,2026-08-19T16:18:58.714089Z
coinbase,1073150065,,BTC-USD,sell,68643.21000000,0.00000001,2026-08-19T16:18:58.706116Z
coinbase,1073150064,,BTC-USD,buy,68643.20000000,0.00000012,2026-08-19T16:18:58.614751Z
coinbase,1073150063,,BTC-USD,buy,68643.20000000,0.11045926,2026-08-19T16:18:58.590921Z
coinbase,1073150062,,BTC-USD,buy,68643.20000000,0.07430891,2026-08-19T16:18:58.590921Z
coinbase,1073150061,,BTC-USD,buy,68643.20000000,0.03594311,2026-08-19T16:18:58.590921Z
coinbase,1073150060,,BTC-USD,buy,68643.20000000,0.00803009,2026-08-19T16:18:58.582568Z
coinbase,1073150059,,BTC-USD,sell,68643.21000000,0.00043270,2026-08-19T16:18:58.556842Z
coinbase,1073150058,,BTC-USD,sell,68643.21000000,0.00000001,2026-08-19T16:18:58.549969Z
coinbase,1073150057,,BTC-USD,buy,68643.20000000,0.00004643,2026-08-19T16:18:58.548200Z
coinbase,1073150056,,BTC-USD,buy,68643.20000000,0.00218352,2026-08-19T16:18:58.132059Z
coinbase,1073150055,,BTC-USD,buy,68643.20000000,0.00002370,2026-08-19T16:18:58.132059Z
coinbase,1073150054,,BTC-USD,sell,68643.21000000,0.00001442,2026-08-19T16:18:57.596643Z
coinbase,1073150053,,BTC-USD,buy,68643.20000000,0.00000008,2026-08-19T16:18:57.543848Z
coinbase,1073150052,,BTC-USD,sell,68643.21000000,0.00070790,2026-08-19T16:18:57.520797Z
coinbase,1073150051,,BTC-USD,sell,68643.21000000,0.00014063,2026-08-19T16:18:57.450688Z
coinbase,1073150050,,BTC-USD,sell,68643.21000000,0.00144234,2026-08-19T16:18:57.360254Z
coinbase,1073150049,,BTC-USD,buy,68643.20000000,0.00000001,2026-08-19T16:18:57.319297Z
coinbase,1073150048,,BTC-USD,sell,68643.21000000,0.00000001,2026-08-19T16:18:57.157458Z
coinbase,1073150047,,BTC-USD,sell,68643.21000000,0.00072117,2026-08-19T16:18:56.964303Z
coinbase,1073150046,,BTC-USD,buy,68643.20000000,0.00000002,2026-08-19T16:18:56.925846Z
coinbase,1073150045,,BTC-USD,buy,68643.20000000,0.00000458,2026-08-19T16:18:56.772925Z
coinbase,1073150044,,BTC-USD,sell,68643.21000000,0.00000001,2026-08-19T16:18:56.673002Z
coinbase,1073150043,,BTC-USD,sell,68643.21000000,0.00000001,2026-08-19T16:18:56.515676Z
coinbase,1073150042,,BTC-USD,sell,68643.21000000,0.00000001,2026-08-19T16:18:56.290917Z
coinbase,1073150041,,BTC-USD,sell,68643.21000000,0.00082900,2026-08-19T16:18:56.251188Z
coinbase,1073150040,,BTC-USD,buy,68643.20000000,0.00000019,2026-08-19T16:18:56.190235Z
coinbase,1073150039,,BTC-USD,sell,68640.07000000,0.00000001,2026-08-19T16:18:56.085549Z
coinbase,1073150038,,BTC-USD,sell,68638.35000000,0.01533286,2026-08-19T16:18:56.033372Z
coinbase,1073150037,,BTC-USD,sell,68638.35000000,0.00000001,2026-08-19T16:18:55.884468Z
coinbase,1073150036,,BTC-USD,buy,68638.34000000,0.00000003,2026-08-19T16:18:55.764441Z
coinbase,1073150035,,BTC-USD,sell,68638.35000000,0.00000001,2026-08-19T16:18:55.662437Z
coinbase,1073150034,,BTC-USD,buy,68638.34000000,0.00000014,2026-08-19T16:18:55.635782Z
coinbase,1073150033,,BTC-USD,buy,68638.34000000,0.00014715,2026-08-19T16:18:55.498541Z
coinbase,1073150032,,BTC-USD,sell,68638.35000000,0.00000001,2026-08-19T16:18:55.457563Z
coinbase,1073150031,,BTC-USD,sell,68638.35000000,0.00000001,2026-08-19T16:18:55.264708Z
coinbase,1073150030,,BTC-USD,sell,68638.35000000,0.00000001,2026-08-19T16:18:55.083525Z
coinbase,1073150029,,BTC-USD,buy,68638.34000000,0.00000001,2026-08-19T16:18:54.956702Z
coinbase,1073150028,,BTC-USD,sell,68638.35000000,0.00000001,2026-08-19T16:18:54.913314Z
coinbase,1073150027,,BTC-USD,buy,68638.34000000,0.00000007,2026-08-19T16:18:54.700392Z
coinbase,1073150026,,BTC-USD,sell,68638.35000000,0.00000001,2026-08-19T16:18:54.687287Z
coinbase,1073150025,,BTC-USD,buy,68638.34000000,0.00000011,2026-08-19T16:18:54.567867Z
coinbase,1073150024,,BTC-USD,sell,68638.35000000,0.00000001,2026-08-19T16:18:54.513492Z
coinbase,1073150023,,BTC-USD,sell,68638.35000000,0.00000001,2026-08-19T16:18:54.293201Z
coinbase,1073150022,,BTC-USD,buy,68638.34000000,0.00186578,2026-08-19T16:18:54.130598Z
coinbase,1073150021,,BTC-USD,sell,68638.35000000,0.00000001,2026-08-19T16:18:54.109015Z
coinbase,1073150020,,BTC-USD,buy,68638.34000000,0.00294313,2026-08-19T16:18:54.104652Z
coinbase,1073150019,,BTC-USD,buy,68638.34000000,0.00000010,2026-08-19T16:18:53.999197Z
coinbase,1073150018,,BTC-USD,sell,68638.35000000,0.00141558,2026-08-19T16:18:53.998947Z
coinbase,1073150017,,BTC-USD,sell,68638.35000000,0.00007212,2026-08-19T16:18:53.915404Z
coinbase,1073150016,,BTC-USD,buy,68638.34000000,0.00216506,2026-08-19T16:18:53.623723Z
coinbase,1073150015,,BTC-USD,buy,68638.34000000,0.00000025,2026-08-19T16:18:53.516837Z
coinbase,1073150014,,BTC-USD,buy,68638.34000000,0.00000036,2026-08-19T16:18:53.279802Z
coinbase,1073150013,,BTC-USD,buy,68638.34000000,0.00000013,2026-08-19T16:18:52.944001Z
coinbase,1073150012,,BTC-USD,buy,68638.34000000,0.00000001,2026-08-19T16:18:52.636521Z
coinbase,1073150011,,BTC-USD,sell,68638.35000000,0.00000001,2026-08-19T16:18:52.589072Z
coinbase,1073150010,,BTC-USD,buy,68638.34000000,0.01471347,2026-08-19T16:18:52.536076Z
coinbase,1073150009,,BTC-USD,buy,68638.34000000,0.00000009,2026-08-19T16:18:52.400434Z
coinbase,1073150008,,BTC-USD,sell,68638.35000000,0.00000001,2026-08-19T16:18:52.367938Z
coinbase,1073150007,,BTC-USD,sell,68638.35000000,0.00001442,2026-08-19T16:18:52.242404Z
coinbase,1073150006,,BTC-USD,sell,68638.35000000,0.00000001,2026-08-19T16:18:52.188820Z
coinbase,1073150005,,BTC-USD,sell,68638.35000000,0.00000001,2026-08-19T16:18:52.007190Z
coinbase,1073150004,,BTC-USD,buy,68638.34000000,0.00074174,2026-08-19T16:18:51.946021Z
coinbase,1073150003,,BTC-USD,buy,68638.34000000,0.00073562,2026-08-19T16:18:51.876057Z
coinbase,1073150002,,BTC-USD,sell,68638.35000000,0.00000001,2026-08-19T16:18:51.834239Z
coinbase,1073150001,,BTC-USD,sell,68638.35000000,0.00000001,2026-08-19T16:18:51.604715Z
coinbase,1073150000,,BTC-USD,buy,68638.37000000,0.00073178,2026-08-19T16:18:51.541479Z
coinbase,1073149999,,BTC-USD,sell,68640.65000000,0.00000001,2026-08-19T16:18:51.371573Z
coinbase,1073149998,,BTC-USD,sell,68640.65000000,0.00000001,2026-08-19T16:18:51.245855Z
coinbase,1073149997,,BTC-USD,buy,68640.64000000,0.00000005,2026-08-19T16:18:51.112034Z
coinbase,1073149996,,BTC-USD,buy,68640.64000000,0.00000003,2026-08-19T16:18:51.032391Z
coinbase,1073149995,,BTC-USD,sell,68641.72000000,0.00000001,2026-08-19T16:18:50.973839Z
coinbase,1073149994,,BTC-USD,sell,68636.03000000,0.00005874,2026-08-19T16:18:50.829117Z
coinbase,1073149993,,BTC-USD,sell,68636.03000000,0.00606064,2026-08-19T16:18:50.826597Z
coinbase,1073149992,,BTC-USD,sell,68635.69000000,0.00003936,2026-08-19T16:18:50.826597Z
coinbase,1073149991,,BTC-USD,sell,68635.69000000,0.01453032,2026-08-19T16:18:50.825611Z
coinbase,1073149990,,BTC-USD,sell,68635.69000000,0.01456968,2026-08-19T16:18:50.825611Z
coinbase,1073149989,,BTC-USD,sell,68634.31000000,0.00086590,2026-08-19T16:18:50.825512Z
coinbase,1073149988,,BTC-USD,sell,68634.31000000,0.00000001,2026-08-19T16:18:50.779965Z
coinbase,1073149987,,BTC-USD,buy,68634.30000000,0.00074753,2026-08-19T16:18:50.637622Z
coinbase,1073149986,,BTC-USD,buy,68634.30000000,0.00000010,2026-08-19T16:18:50.628911Z
coinbase,1073149985,,BTC-USD,sell,68634.31000000,0.00000001,2026-08-19T16:18:50.588185Z
coinbase,1073149984,,BTC-USD,sell,68634.31000000,0.14398906,2026-08-19T16:18:50.457458Z
coinbase,1073149983,,BTC-USD,sell,68634.31000000,0.00000001,2026-08-19T16:18:50.371381Z
coinbase,1073149982,,BTC-USD,buy,68634.30000000,0.00000001,2026-08-19T16:18:50.321956Z
coinbase,1073149981,,BTC-USD,buy,68634.30000000,0.00000014,2026-08-19T16:18:50.218378Z
coinbase,1073149980,,BTC-USD,buy,68634.30000000,0.00002943,2026-08-19T16:18:50.207479Z
coinbase,1073149979,,BTC-USD,sell,68634.31000000,0.00000001,2026-08-19T16:18:50.166969Z
coinbase,1073149978,,BTC-USD,buy,68632.92000000,0.00000004,2026-08-19T16:18:50.017965Z
coinbase,1073149977,,BTC-USD,buy,68634.30000000,0.01469652,2026-08-19T16:18:50.011300Z
coinbase,1073149976,,BTC-USD,buy,68634.30000000,0.00001695,2026-08-19T16:18:50.011300Z
coinbase,1073149975,,BTC-USD,sell,68634.31000000,0.00000001,2026-08-19T16:18:50.003167Z
coinbase,1073149974,,BTC-USD,sell,68634.31000000,0.00000001,2026-08-19T16:18:49.802812Z
coinbase,1073149973,,BTC-USD,buy,68634.30000000,0.00000005,2026-08-19T16:18:49.554823Z
coinbase,1073149972,,BTC-USD,buy,68635.00000000,0.00037245,2026-08-19T16:18:49.540153Z
coinbase,1073149971,,BTC-USD,buy,68637.52000000,0.00001700,2026-08-19T16:18:49.540153Z
coinbase,1073149970,,BTC-USD,buy,68640.74000000,0.00001700,2026-08-19T16:18:49.540153Z
coinbase,1073149969,,BTC-USD,sell,68640.75000000,0.00858948,2026-08-19T16:18:49.508028Z
coinbase,1073149968,,BTC-USD,buy,68643.96000000,0.00001700,2026-08-19T16:18:49.446740Z
coinbase,1073149967,,BTC-USD,buy,68643.96000000,0.00002067,2026-08-19T16:18:49.446740Z
coinbase,1073149966,,BTC-USD,buy,68643.96000000,0.00000029,2026-08-19T16:18:49.381926Z
coinbase,1073149965,,BTC-USD,sell,68643.97000000,0.00138180,2026-08-19T16:18:49.360241Z
coinbase,1073149964,,BTC-USD,buy,68643.96000000,0.00585412,2026-08-19T16:18:49.341861Z
coinbase,1073149963,,BTC-USD,buy,68643.96000000,0.00004588,2026-08-19T16:18:49.341861Z
coinbase,1073149962,,BTC-USD,buy,68646.83000000,0.02885672,2026-08-19T16:18:49.341589Z
coinbase,1073149961,,BTC-USD,buy,68646.83000000,0.04400000,2026-08-19T16:18:49.341555Z
coinbase,1073149960,,BTC-USD,buy,68644.44000000,0.00966128,2026-08-19T16:18:49.337119Z
coinbase,1073149959,,BTC-USD,buy,68644.54000000,0.05941052,2026-08-19T16:18:49.337119Z
coinbase,1073149958,,BTC-USD,buy,68645.00000000,0.01000000,2026-08-19T16:18:49.337119Z
coinbase,1073149957,,BTC-USD,buy,68645.04000000,0.00764758,2026-08-19T16:18:49.337119Z
coinbase,1073149956,,BTC-USD,buy,68647.18000000,0.00001700,2026-08-19T16:18:49.337119Z
coinbase,1073149955,,BTC-USD,buy,68647.36000000,0.00002184,2026-08-19T16:18:49.337119Z
coinbase,1073149954,,BTC-USD,buy,68647.36000000,0.00609623,2026-08-19T16:18:49.336862Z
coinbase,1073149953,,BTC-USD,buy,68647.70000000,0.00003874,2026-08-19T16:18:49.336862Z
coinbase,1073149952,,BTC-USD,buy,68647.70000000,0.01456713,2026-08-19T16:18:49.336862Z
coinbase,1073149951,,BTC-USD,buy,68647.70000000,0.01456713,2026-08-19T16:18:49.336862Z
coinbase,1073149950,,BTC-USD,buy,68649.08000000,0.00611807,2026-08-19T16:18:49.336862Z
coinbase,1073149949,,BTC-USD,buy,68649.08000000,0.00109251,2026-08-19T16:18:49.336862Z
coinbase,1073149948,,BTC-USD,buy,68649.08000000,0.04232019,2026-08-19T16:18:49.336862Z
coinbase,1073149947,,BTC-USD,buy,68649.08000000,0.03170000,2026-08-19T16:18:49.336862Z
coinbase,1073149946,,BTC-USD,buy,68649.08000000,0.00013357,2026-08-19T16:18:49.129829Z
coinbase,1073149945,,BTC-USD,sell,68649.09000000,0.00276359,2026-08-19T16:18:49.024978Z
coinbase,1073149944,,BTC-USD,buy,68649.08000000,0.00000006,2026-08-19T16:18:48.932613Z
coinbase,1073149943,,BTC-USD,sell,68649.09000000,0.00022974,2026-08-19T16:18:48.807701Z
coinbase,1073149942,,BTC-USD,sell,68657.20000000,0.00027570,2026-08-19T16:18:48.378028Z
coinbase,1073149941,,BTC-USD,sell,68656.84000000,0.00001700,2026-08-19T16:18:48.378028Z
coinbase,1073149940,,BTC-USD,sell,68655.44000000,0.00011574,2026-08-19T16:18:48.378028Z
coinbase,1073149939,,BTC-USD,sell,68652.00000000,0.00000001,2026-08-19T16:18:48.364086Z
coinbase,1073149938,,BTC-USD,sell,68653.72000000,0.00009735,2026-08-19T16:18:48.281230Z
coinbase,1073149937,,BTC-USD,sell,68653.72000000,0.00079322,2026-08-19T16:18:48.280908Z
coinbase,1073149936,,BTC-USD,sell,68655.44000000,0.00000001,2026-08-19T16:18:48.185116Z
coinbase,1073149935,,BTC-USD,buy,68652.45000000,0.01991939,2026-08-19T16:18:48.115607Z
coinbase,1073149934,,BTC-USD,buy,68653.61000000,0.07285672,2026-08-19T16:18:48.115607Z
coinbase,1073149933,,BTC-USD,buy,68653.71000000,0.00611750,2026-08-19T16:18:48.115607Z
coinbase,1073149932,,BTC-USD,buy,68653.72000000,0.00291929,2026-08-19T16:18:48.115607Z
coinbase,1073149931,,BTC-USD,buy,68655.43000000,0.00611750,2026-08-19T16:18:48.115607Z
coinbase,1073149930,,BTC-USD,buy,68655.43000000,0.03810000,2026-08-19T16:18:48.115607Z
coinbase,1073149929,,BTC-USD,buy,68655.43000000,0.00109185,2026-08-19T16:18:48.115607Z
coinbase,1073149928,,BTC-USD,buy,68655.43000000,0.00000035,2026-08-19T16:18:48.015066Z
coinbase,1073149927,,BTC-USD,sell,68655.44000000,0.00000001,2026-08-19T16:18:47.965624Z
coinbase,1073149926,,BTC-USD,buy,68655.43000000,0.00000003,2026-08-19T16:18:47.911532Z
coinbase,1073149925,,BTC-USD,buy,68655.43000000,0.00000018,2026-08-19T16:18:47.802992Z
coinbase,1073149924,,BTC-USD,sell,68655.44000000,0.00000001,2026-08-19T16:18:47.745298Z
coinbase,1073149923,,BTC-USD,sell,68655.44000000,0.00000001,2026-08-19T16:18:47.611612Z
coinbase,1073149922,,BTC-USD,buy,68655.43000000,0.00000001,2026-08-19T16:18:47.500977Z
coinbase,1073149921,,BTC-USD,sell,68655.44000000,0.00000001,2026-08-19T16:18:47.382286Z
coinbase,1073149920,,BTC-USD,sell,68655.44000000,0.00002827,2026-08-19T16:18:47.327688Z
coinbase,1073149919,,BTC-USD,sell,68654.24000000,0.04370476,2026-08-19T16:18:47.285542Z
coinbase,1073149918,,BTC-USD,sell,68654.24000000,0.04370476,2026-08-19T16:18:47.278752Z
coinbase,1073149917,,BTC-USD,sell,68653.62000000,0.00001699,2026-08-19T16:18:47.278752Z
coinbase,1073149916,,BTC-USD,sell,68653.62000000,0.00000001,2026-08-19T16:18:47.152928Z
coinbase,1073149915,,BTC-USD,buy,68651.31000000,0.00000007,2026-08-19T16:18:46.981405Z
coinbase,1073149914,,BTC-USD,sell,68651.32000000,0.00000001,2026-08-19T16:18:46.951517Z
coinbase,1073149913,,BTC-USD,sell,68651.32000000,0.00000001,2026-08-19T16:18:46.772311Z
coinbase,1073149912,,BTC-USD,sell,68651.32000000,0.04699986,2026-08-19T16:18:46.698527Z
coinbase,1073149911,,BTC-USD,sell,68651.32000000,0.10330626,2026-08-19T16:18:46.697949Z
coinbase,1073149910,,BTC-USD,sell,68651.33000000,0.00537908,2026-08-19T16:18:46.693452Z
coinbase,1073149909,,BTC-USD,sell,68651.32000000,0.39072092,2026-08-19T16:18:46.693452Z
coinbase,1073149908,,BTC-USD,sell,68649.10000000,0.04368426,2026-08-19T16:18:46.689723Z
coinbase,1073149907,,BTC-USD,sell,68648.55000000,0.00011574,2026-08-19T16:18:46.689723Z
coinbase,1073149906,,BTC-USD,buy,68648.54000000,0.00023111,2026-08-19T16:18:46.621082Z
coinbase,1073149905,,BTC-USD,sell,68644.60000000,0.00000001,2026-08-19T16:18:46.570349Z
coinbase,1073149904,,BTC-USD,sell,68644.60000000,0.00000001,2026-08-19T16:18:46.351341Z
coinbase,1073149903,,BTC-USD,sell,68644.60000000,0.00000001,2026-08-19T16:18:46.206100Z
coinbase,1073149902,,BTC-USD,sell,68644.60000000,0.00000001,2026-08-19T16:18:45.968125Z
coinbase,1073149901,,BTC-USD,buy,68644.59000000,0.00000017,2026-08-19T16:18:45.950682Z
coinbase,1073149900,,BTC-USD,sell,68644.60000000,0.00000001,2026-08-19T16:18:45.829571Z
coinbase,1073149899,,BTC-USD,sell,68644.60000000,0.00000001,2026-08-19T16:18:45.586843Z
coinbase,1073149898,,BTC-USD,buy,68644.59000000,0.00000001,2026-08-19T16:18:45.243581Z
coinbase,1073149897,,BTC-USD,buy,68646.30000000,0.00611831,2026-08-19T16:18:44.664161Z
coinbase,1073149896,,BTC-USD,buy,68646.30000000,0.00109255,2026-08-19T16:18:44.664161Z
coinbase,1073149895,,BTC-USD,buy,68646.30000000,0.04440000,2026-08-19T16:18:44.664161Z
coinbase,1073149894,,BTC-USD,sell,68646.31000000,0.00771474,2026-08-19T16:18:44.389621Z
coinbase,1073149893,,BTC-USD,buy,68644.38000000,0.00000014,2026-08-19T16:18:44.166748Z
coinbase,1073149892,,BTC-USD,buy,68644.38000000,0.00000005,2026-08-19T16:18:44.056455Z
coinbase,1073149891,,BTC-USD,sell,68644.39000000,0.00000001,2026-08-19T16:18:43.950973Z
coinbase,1073149890,,BTC-USD,sell,68644.39000000,0.00010390,2026-08-19T16:18:43.793416Z
coinbase,1073149889,,BTC-USD,sell,68644.39000000,0.00000001,2026-08-19T16:18:43.755320Z
coinbase,1073149888,,BTC-USD,buy,68644.38000000,0.00002461,2026-08-19T16:18:43.594067Z
coinbase,1073149887,,BTC-USD,sell,68644.39000000,0.00000001,2026-08-19T16:18:43.549382Z
coinbase,1073149886,,BTC-USD,buy,68644.38000000,0.00041500,2026-08-19T16:18:43.442875Z
coinbase,1073149885,,BTC-USD,sell,68644.39000000,0.00000001,2026-08-19T16:18:43.384907Z
coinbase,1073149884,,BTC-USD,buy,68644.38000000,0.00010301,2026-08-19T16:18:43.176990Z
coinbase,1073149883,,BTC-USD,buy,68644.38000000,0.00000001,2026-08-19T16:18:43.165071Z
coinbase,1073149882,,BTC-USD,sell,68644.39000000,0.00000001,2026-08-19T16:18:43.162512Z
coinbase,1073149881,,BTC-USD,buy,68644.38000000,0.00000003,2026-08-19T16:18:43.070865Z
coinbase,1073149880,,BTC-USD,buy,68644.38000000,0.00000019,2026-08-19T16:18:43.029955Z
coinbase,1073149879,,BTC-USD,sell,68644.39000000,0.00000014,2026-08-19T16:18:43.010409Z
coinbase,1073149878,,BTC-USD,sell,68644.39000000,0.00000001,2026-08-19T16:18:42.954888Z
coinbase,1073149877,,BTC-USD,sell,68644.39000000,0.00000001,2026-08-19T16:18:42.738985Z
coinbase,1073149876,,BTC-USD,buy,68644.38000000,0.00015874,2026-08-19T16:18:42.673943Z
coinbase,1073149875,,BTC-USD,sell,68644.39000000,0.00000001,2026-08-19T16:18:42.548583Z
coinbase,1073149874,,BTC-USD,buy,68644.38000000,0.00109085,2026-08-19T16:18:42.455701Z
coinbase,1073149873,,BTC-USD,sell,68644.39000000,0.00000001,2026-08-19T16:18:42.332012Z
coinbase,1073149872,,BTC-USD,sell,68644.39000000,0.00042481,2026-08-19T16:18:42.285424Z
coinbase,1073149871,,BTC-USD,buy,68644.38000000,0.00294327,2026-08-19T16:18:42.270979Z
coinbase,1073149870,,BTC-USD,buy,68644.38000000,0.00000012,2026-08-19T16:18:42.139065Z
coinbase,1073149869,,BTC-USD,sell,68644.39000000,0.00000001,2026-08-19T16:18:42.112128Z
coinbase,1073149868,,BTC-USD,buy,68644.38000000,0.00000028,2026-08-19T16:18:42.036496Z
coinbase,1073149867,,BTC-USD,sell,68644.39000000,0.00000001,2026-08-19T16:18:42.029871Z
coinbase,1073149866,,BTC-USD,sell,68646.44000000,0.05968998,2026-08-19T16:18:41.732676Z
coinbase,1073149865,,BTC-USD,sell,68646.43000000,0.02000000,2026-08-19T16:18:41.732676Z
coinbase,1073149864,,BTC-USD,sell,68645.93000000,0.00290527,2026-08-19T16:18:41.732676Z
coinbase,1073149863,,BTC-USD,sell,68643.97000000,0.04370475,2026-08-19T16:18:41.732676Z
coinbase,1073149862,,BTC-USD,sell,68643.97000000,0.00000001,2026-08-19T16:18:41.729061Z
coinbase,1073149861,,BTC-USD,sell,68643.97000000,0.00793372,2026-08-19T16:18:41.561175Z
coinbase,1073149860,,BTC-USD,buy,68643.96000000,0.00000013,2026-08-19T16:18:41.535595Z
coinbase,1073149859,,BTC-USD,sell,68643.97000000,0.00000001,2026-08-19T16:18:41.519648Z
coinbase,1073149858,,BTC-USD,sell,68643.97000000,0.00000001,2026-08-19T16:18:41.352723Z
coinbase,1073149857,,BTC-USD,buy,68643.96000000,0.00143038,2026-08-19T16:18:41.229381Z
coinbase,1073149856,,BTC-USD,buy,68643.96000000,0.00000014,2026-08-19T16:18:41.215641Z
coinbase,1073149855,,BTC-USD,buy,68643.96000000,0.00002156,2026-08-19T16:18:41.206036Z
coinbase,1073149854,,BTC-USD,sell,68643.97000000,0.00000001,2026-08-19T16:18:41.126639Z
coinbase,1073149853,,BTC-USD,buy,68643.96000000,0.00000001,2026-08-19T16:18:40.968168Z
coinbase,1073149852,,BTC-USD,buy,68643.96000000,0.00000014,2026-08-19T16:18:40.936195Z
coinbase,1073149851,,BTC-USD,buy,68643.96000000,0.00002942,2026-08-19T16:18:40.925119Z
coinbase,1073149850,,BTC-USD,buy,68643.96000000,0.00000004,2026-08-19T16:18:40.919237Z
coinbase,1073149849,,BTC-USD,buy,68643.96000000,0.00024057,2026-08-19T16:18:40.694362Z
coinbase,1073149848,,BTC-USD,buy,68643.96000000,0.00003471,2026-08-19T16:18:40.694362Z
coinbase,1073149847,,BTC-USD,buy,68643.96000000,0.00001691,2026-08-19T16:18:40.694362Z
coinbase,1073149846,,BTC-USD,sell,68643.97000000,0.01415953,2026-08-19T16:18:40.390821Z
coinbase,1073149845,,BTC-USD,buy,68643.96000000,0.00000005,2026-08-19T16:18:40.224866Z
coinbase,1073149844,,BTC-USD,buy,68643.96000000,0.00000004,2026-08-19T16:18:39.977228Z
coinbase,1073149843,,BTC-USD,sell,68643.97000000,0.00000001,2026-08-19T16:18:39.847323Z
coinbase,1073149842,,BTC-USD,buy,68648.54000000,0.00610000,2026-08-19T16:18:39.569187Z
coinbase,1073149841,,BTC-USD,buy,68651.97000000,0.04440000,2026-08-19T16:18:39.439380Z
coinbase,1073149840,,BTC-USD,buy,68651.97000000,0.00004573,2026-08-19T16:18:39.439380Z
coinbase,1073149839,,BTC-USD,buy,68651.97000000,0.00611781,2026-08-19T16:18:39.439380Z
coinbase,1073149838,,BTC-USD,buy,68651.97000000,0.00109239,2026-08-19T16:18:39.439380Z
coinbase,1073149837,,BTC-USD,sell,68651.98000000,0.00053372,2026-08-19T16:18:39.389381Z
coinbase,1073149836,,BTC-USD,buy,68651.97000000,0.00000007,2026-08-19T16:18:39.353690Z
coinbase,1073149835,,BTC-USD,sell,68651.98000000,0.00359829,2026-08-19T16:18:39.271145Z
coinbase,1073149834,,BTC-USD,sell,68651.98000000,0.00014425,2026-08-19T16:18:39.175601Z
coinbase,1073149833,,BTC-USD,buy,68647.27000000,0.04684828,2026-08-19T16:18:39.066177Z
coinbase,1073149832,,BTC-USD,buy,68647.93000000,0.00764726,2026-08-19T16:18:39.066177Z
coinbase,1073149831,,BTC-USD,buy,68650.25000000,0.00611781,2026-08-19T16:18:39.066177Z
coinbase,1073149830,,BTC-USD,buy,68650.26000000,0.00145258,2026-08-19T16:18:39.066177Z
coinbase,1073149829,,BTC-USD,buy,68651.97000000,0.01194233,2026-08-19T16:18:39.066177Z
coinbase,1073149828,,BTC-USD,buy,68651.97000000,0.00109250,2026-08-19T16:18:39.066177Z
coinbase,1073149827,,BTC-USD,buy,68651.97000000,0.04440000,2026-08-19T16:18:39.066177Z
coinbase,1073149826,,BTC-USD,buy,68651.97000000,0.02281257,2026-08-19T16:18:39.066177Z
coinbase,1073149825,,BTC-USD,buy,68651.97000000,0.00004415,2026-08-19T16:18:38.983475Z
coinbase,1073149824,,BTC-USD,sell,68651.98000000,0.00001442,2026-08-19T16:18:38.953093Z
coinbase,1073149823,,BTC-USD,buy,68651.97000000,0.05000000,2026-08-19T16:18:38.909946Z
coinbase,1073149822,,BTC-USD,sell,68651.98000000,0.00141575,2026-08-19T16:18:38.884629Z
coinbase,1073149821,,BTC-USD,sell,68651.98000000,0.00003683,2026-08-19T16:18:38.812110Z
coinbase,1073149820,,BTC-USD,sell,68650.40000000,0.00001700,2026-08-19T16:18:38.812110Z
coinbase,1073149819,,BTC-USD,sell,68647.18000000,0.00001700,2026-08-19T16:18:38.812110Z
coinbase,1073149818,,BTC-USD,sell,68646.81000000,0.02900000,2026-08-19T16:18:38.790372Z
coinbase,1073149817,,BTC-USD,sell,68643.96000000,0.00001700,2026-08-19T16:18:38.790372Z
coinbase,1073149816,,BTC-USD,sell,68640.74000000,0.04531030,2026-08-19T16:18:38.757817Z
coinbase,1073149815,,BTC-USD,sell,68640.74000000,0.00001700,2026-08-19T16:18:38.757817Z
coinbase,1073149814,,BTC-USD,sell,68637.31000000,0.00000001,2026-08-19T16:18:38.687733Z
coinbase,1073149813,,BTC-USD,buy,68637.30000000,0.00000001,2026-08-19T16:18:38.664668Z
coinbase,1073149812,,BTC-USD,sell,68635.13000000,0.00004959,2026-08-19T16:18:38.558444Z
coinbase,1073149811,,BTC-USD,sell,68635.13000000,0.00760000,2026-08-19T16:18:38.557833Z
coinbase,1073149810,,BTC-USD,sell,68633.75000000,0.01603961,2026-08-19T16:18:38.554387Z
coinbase,1073149809,,BTC-USD,sell,68632.81000000,0.00611967,2026-08-19T16:18:38.554387Z
coinbase,1073149808,,BTC-USD,sell,68632.47000000,0.01457036,2026-08-19T16:18:38.554387Z
coinbase,1073149807,,BTC-USD,sell,68632.47000000,0.00697036,2026-08-19T16:18:38.554387Z
coinbase,1073149806,,BTC-USD,sell,68632.47000000,0.00760000,2026-08-19T16:18:38.554321Z
coinbase,1073149805,,BTC-USD,sell,68631.09000000,0.00005365,2026-08-19T16:18:38.554208Z
coinbase,1073149804,,BTC-USD,sell,68631.09000000,0.00732736,2026-08-19T16:18:38.554208Z
coinbase,1073149803,,BTC-USD,sell,68631.09000000,0.13303981,2026-08-19T16:18:38.554208Z
coinbase,1073149802,,BTC-USD,buy,68631.08000000,0.00000008,2026-08-19T16:18:38.532072Z
coinbase,1073149801,,BTC-USD,sell,68631.09000000,0.00000001,2026-08-19T16:18:38.513746Z
coinbase,1073149800,,BTC-USD,sell,68631.09000000,0.00007283,2026-08-19T16:18:38.385868Z
coinbase,1073149799,,BTC-USD,buy,68631.08000000,0.00000004,2026-08-19T16:18:38.336610Z
coinbase,1073149798,,BTC-USD,sell,68631.09000000,0.00012440,2026-08-19T16:18:38.295744Z
coinbase,1073149797,,BTC-USD,sell,68631.09000000,0.00000001,2026-08-19T16:18:38.248280Z
coinbase,1073149796,,BTC-USD,sell,68631.09000000,0.00283137,2026-08-19T16:18:38.151410Z
coinbase,1073149795,,BTC-USD,sell,68631.09000000,0.00000001,2026-08-19T16:18:38.082626Z
coinbase,1073149794,,BTC-USD,sell,68631.09000000,0.00637059,2026-08-19T16:18:37.931505Z
coinbase,1073149793,,BTC-USD,sell,68631.09000000,0.00000001,2026-08-19T16:18:37.872516Z
coinbase,1073149792,,BTC-USD,buy,68631.08000000,0.00000004,2026-08-19T16:18:37.757092Z
coinbase,1073149791,,BTC-USD,sell,68631.09000000,0.00000001,2026-08-19T16:18:37.719665Z
coinbase,1073149790,,BTC-USD,sell,68631.09000000,0.00049036,2026-08-19T16:18:37.564849Z
coinbase,1073149789,,BTC-USD,sell,68631.09000000,0.00000001,2026-08-19T16:18:37.471081Z
coinbase,1073149788,,BTC-USD,sell,68631.09000000,0.00000001,2026-08-19T16:18:37.275716Z
coinbase,1073149787,,BTC-USD,buy,68631.08000000,0.00000002,2026-08-19T16:18:37.241719Z
coinbase,1073149786,,BTC-USD,buy,68631.08000000,0.00000008,2026-08-19T16:18:37.198379Z
coinbase,1073149785,,BTC-USD,sell,68631.09000000,0.00014422,2026-08-19T16:18:37.172704Z
coinbase,1073149784,,BTC-USD,sell,68631.09000000,0.00000001,2026-08-19T16:18:37.075869Z
coinbase,1073149783,,BTC-USD,sell,68631.09000000,0.00000001,2026-08-19T16:18:36.870900Z
coinbase,1073149782,,BTC-USD,sell,68631.09000000,0.00072111,2026-08-19T16:18:36.709674Z
coinbase,1073149781,,BTC-USD,sell,68631.09000000,0.00000001,2026-08-19T16:18:36.708331Z
coinbase,1073149780,,BTC-USD,buy,68631.08000000,0.00000014,2026-08-19T16:18:36.664178Z
coinbase,1073149779,,BTC-USD,sell,68631.09000000,0.00000001,2026-08-19T16:18:36.481452Z
coinbase,1073149778,,BTC-USD,buy,68631.08000000,0.00000001,2026-08-19T16:18:36.321817Z
coinbase,1073149777,,BTC-USD,buy,68631.08000000,0.00000010,2026-08-19T16:18:36.219181Z
coinbase,1073149776,,BTC-USD,sell,68631.09000000,0.00106013,2026-08-19T16:18:35.891573Z
coinbase,1073149775,,BTC-USD,sell,68631.09000000,0.00035556,2026-08-19T16:18:35.891573Z
coinbase,1073149774,,BTC-USD,sell,68631.09000000,0.00475838,2026-08-19T16:18:35.720090Z
coinbase,1073149773,,BTC-USD,buy,68631.08000000,0.00000003,2026-08-19T16:18:35.648735Z
coinbase,1073149772,,BTC-USD,sell,68631.09000000,0.00144222,2026-08-19T16:18:35.592682Z
coinbase,1073149771,,BTC-USD,buy,68631.08000000,0.00000003,2026-08-19T16:18:35.421414Z
coinbase,1073149770,,BTC-USD,buy,68631.08000000,0.00000005,2026-08-19T16:18:35.047928Z
coinbase,1073149769,,BTC-USD,sell,68631.09000000,0.00000001,2026-08-19T16:18:34.609470Z
coinbase,1073149768,,BTC-USD,buy,68631.08000000,0.00022453,2026-08-19T16:18:34.507196Z
coinbase,1073149767,,BTC-USD,sell,68631.09000000,0.00000001,2026-08-19T16:18:34.352787Z
coinbase,1073149766,,BTC-USD,buy,68631.08000000,0.00000013,2026-08-19T16:18:34.335503Z
coinbase,1073149765,,BTC-USD,buy,68631.08000000,0.00000013,2026-08-19T16:18:34.279369Z
coinbase,1073149764,,BTC-USD,sell,68631.09000000,0.00000001,2026-08-19T16:18:34.152842Z
coinbase,1073149763,,BTC-USD,sell,68631.09000000,0.00218549,2026-08-19T16:18:33.982739Z
coinbase,1073149762,,BTC-USD,sell,68631.09000000,0.00000001,2026-08-19T16:18:33.980529Z
coinbase,1073149761,,BTC-USD,buy,68631.08000000,0.00000002,2026-08-19T16:18:33.969156Z
coinbase,1073149760,,BTC-USD,sell,68631.09000000,0.00690818,2026-08-19T16:18:33.954238Z
coinbase,1073149759,,BTC-USD,sell,68631.09000000,0.00000001,2026-08-19T16:18:33.773823Z
coinbase,1073149758,,BTC-USD,buy,68631.08000000,0.00000001,2026-08-19T16:18:33.760930Z
coinbase,1073149757,,BTC-USD,sell,68631.09000000,0.00131519,2026-08-19T16:18:33.693460Z
coinbase,1073149756,,BTC-USD,sell,68631.09000000,0.00000001,2026-08-19T16:18:33.577470Z
coinbase,1073149755,,BTC-USD,buy,68631.08000000,0.00583362,2026-08-19T16:18:33.564497Z
coinbase,1073149754,,BTC-USD,buy,68631.08000000,0.00001700,2026-08-19T16:18:33.564497Z
coinbase,1073149753,,BTC-USD,buy,68632.51000000,0.00001740,2026-08-19T16:18:33.437064Z
coinbase,1073149752,,BTC-USD,buy,68632.51000000,0.00034248,2026-08-19T16:18:33.417975Z
coinbase,1073149751,,BTC-USD,buy,68634.30000000,0.00001700,2026-08-19T16:18:33.417975Z
coinbase,1073149750,,BTC-USD,sell,68634.31000000,0.00000001,2026-08-19T16:18:33.412943Z
coinbase,1073149749,,BTC-USD,buy,68637.52000000,0.00001700,2026-08-19T16:18:33.303294Z
coinbase,1073149748,,BTC-USD,buy,68640.74000000,0.04440000,2026-08-19T16:18:33.303154Z
coinbase,1073149747,,BTC-USD,buy,68640.74000000,0.00001700,2026-08-19T16:18:33.303154Z
coinbase,1073149746,,BTC-USD,sell,68640.75000000,0.01376843,2026-08-19T16:18:33.216380Z
coinbase,1073149745,,BTC-USD,sell,68640.75000000,0.00000001,2026-08-19T16:18:33.198481Z
coinbase,1073149744,,BTC-USD,buy,68643.96000000,0.05018058,2026-08-19T16:18:33.180783Z
coinbase,1073149743,,BTC-USD,buy,68643.96000000,0.00229503,2026-08-19T16:18:33.180582Z
coinbase,1073149742,,BTC-USD,buy,68643.96000000,0.03872094,2026-08-19T16:18:33.180483Z
coinbase,1073149741,,BTC-USD,buy,68643.96000000,0.03332447,2026-08-19T16:18:33.180483Z
coinbase,1073149740,,BTC-USD,buy,68643.96000000,0.02615459,2026-08-19T16:18:33.180483Z
coinbase,1073149739,,BTC-USD,buy,68643.96000000,0.02233989,2026-08-19T16:18:33.179108Z
coinbase,1073149738,,BTC-USD,buy,68643.96000000,0.00717904,2026-08-19T16:18:33.179008Z
coinbase,1073149737,,BTC-USD,buy,68643.96000000,0.00380215,2026-08-19T16:18:33.177930Z
coinbase,1073149736,,BTC-USD,buy,68643.96000000,0.00039995,2026-08-19T16:18:33.177535Z
coinbase,1073149735,,BTC-USD,buy,68643.96000000,0.00041423,2026-08-19T16:18:33.177240Z
coinbase,1073149734,,BTC-USD,buy,68643.96000000,0.14630962,2026-08-19T16:18:33.176437Z
coinbase,1073149733,,BTC-USD,buy,68643.96000000,0.00004588,2026-08-19T16:18:33.176437Z
coinbase,1073149732,,BTC-USD,buy,68643.96000000,0.00000006,2026-08-19T16:18:33.060033Z
coinbase,1073149731,,BTC-USD,sell,68643.97000000,0.00000001,2026-08-19T16:18:32.967641Z
coinbase,1073149730,,BTC-USD,buy,68643.96000000,0.00000002,2026-08-19T16:18:32.958113Z
coinbase,1073149729,,BTC-USD,sell,68643.97000000,0.00000001,2026-08-19T16:18:32.790064Z
coinbase,1073149728,,BTC-USD,buy,68643.96000000,0.03459207,2026-08-19T16:18:32.584124Z
coinbase,1073149727,,BTC-USD,sell,68643.97000000,0.00000001,2026-08-19T16:18:32.565480Z
coinbase,1073149726,,BTC-USD,sell,68643.97000000,0.00000001,2026-08-19T16:18:32.380353Z
coinbase,1073149725,,BTC-USD,sell,68643.97000000,0.00000001,2026-08-19T16:18:32.244653Z
coinbase,1073149724,,BTC-USD,buy,68643.96000000,0.00004413,2026-08-19T16:18:32.227396Z
coinbase,1073149723,,BTC-USD,sell,68643.97000000,0.00000001,2026-08-19T16:18:32.181190Z
coinbase,1073149722,,BTC-USD,buy,68643.96000000,0.00000019,2026-08-19T16:18:32.078181Z
coinbase,1073149721,,BTC-USD,buy,68643.96000000,0.00003675,2026-08-19T16:18:31.958230Z
coinbase,1073149720,,BTC-USD,buy,68643.96000000,0.00000016,2026-08-19T16:18:31.956797Z
coinbase,1073149719,,BTC-USD,sell,68643.97000000,0.00000001,2026-08-19T16:18:31.953604Z
coinbase,1073149718,,BTC-USD,buy,68643.96000000,0.00145647,2026-08-19T16:18:31.926125Z
coinbase,1073149717,,BTC-USD,buy,68641.73000000,0.35408022,2026-08-19T16:18:31.910684Z
coinbase,1073149716,,BTC-USD,buy,68642.10000000,0.02956389,2026-08-19T16:18:31.910684Z
coinbase,1073149715,,BTC-USD,buy,68642.67000000,0.07285672,2026-08-19T16:18:31.910684Z
coinbase,1073149714,,BTC-USD,buy,68643.63000000,0.00597756,2026-08-19T16:18:31.910684Z
coinbase,1073149713,,BTC-USD,buy,68643.91000000,0.09523157,2026-08-19T16:18:31.910684Z
coinbase,1073149712,,BTC-USD,buy,68643.96000000,0.12069506,2026-08-19T16:18:31.910684Z
coinbase,1073149711,,BTC-USD,buy,68643.96000000,0.05710000,2026-08-19T16:18:31.910684Z
coinbase,1073149710,,BTC-USD,buy,68643.96000000,0.00001695,2026-08-19T16:18:31.910684Z
coinbase,1073149709,,BTC-USD,buy,68643.96000000,0.00000004,2026-08-19T16:18:31.888501Z
coinbase,1073149708,,BTC-USD,sell,68643.97000000,0.00563265,2026-08-19T16:18:31.753462Z
coinbase,1073149707,,BTC-USD,buy,68643.96000000,0.00000001,2026-08-19T16:18:31.422490Z
coinbase,1073149706,,BTC-USD,sell,68643.97000000,0.00206288,2026-08-19T16:18:31.257927Z
coinbase,1073149705,,BTC-USD,buy,68645.00000000,0.00218582,2026-08-19T16:18:31.166914Z
coinbase,1073149704,,BTC-USD,buy,68647.18000000,0.00001700,2026-08-19T16:18:31.166914Z
coinbase,1073149703,,BTC-USD,buy,68657.74000000,0.00109237,2026-08-19T16:18:31.070750Z
coinbase,1073149702,,BTC-USD,buy,68650.00000000,0.00404755,2026-08-19T16:18:31.069707Z
coinbase,1073149701,,BTC-USD,buy,68650.37000000,0.00004573,2026-08-19T16:18:31.069707Z
coinbase,1073149700,,BTC-USD,buy,68650.39000000,0.00108507,2026-08-19T16:18:31.069707Z
coinbase,1073149699,,BTC-USD,buy,68650.40000000,0.00001700,2026-08-19T16:18:31.069707Z
coinbase,1073149698,,BTC-USD,buy,68657.74000000,0.00004081,2026-08-19T16:18:31.066052Z
coinbase,1073149697,,BTC-USD,buy,68657.74000000,0.03582516,2026-08-19T16:18:31.066052Z
coinbase,1073149696,,BTC-USD,buy,68657.74000000,0.25085479,2026-08-19T16:18:31.066052Z
coinbase,1073149695,,BTC-USD,buy,68657.74000000,0.02876455,2026-08-19T16:18:31.066052Z
coinbase,1073149694,,BTC-USD,buy,68657.74000000,0.20567248,2026-08-19T16:18:31.065749Z
coinbase,1073149693,,BTC-USD,buy,68657.74000000,0.01419180,2026-08-19T16:18:31.065749Z
coinbase,1073149692,,BTC-USD,buy,68657.74000000,0.04290820,2026-08-19T16:18:31.065741Z
coinbase,1073149691,,BTC-USD,buy,68657.74000000,0.00109180,2026-08-19T16:18:31.065741Z
coinbase,1073149690,,BTC-USD,buy,68657.74000000,0.00000012,2026-08-19T16:18:30.868763Z
coinbase,1073149689,,BTC-USD,buy,68657.74000000,0.00000007,2026-08-19T16:18:30.806065Z
coinbase,1073149688,,BTC-USD,sell,68657.75000000,0.00018617,2026-08-19T16:18:30.593169Z
coinbase,1073149687,,BTC-USD,sell,68657.75000000,0.00000001,2026-08-19T16:18:30.381202Z
coinbase,1073149686,,BTC-USD,sell,68657.75000000,0.00000001,2026-08-19T16:18:30.146276Z
coinbase,1073149685,,BTC-USD,sell,68657.75000000,0.00000001,2026-08-19T16:18:29.989791Z
coinbase,1073149684,,BTC-USD,sell,68657.75000000,0.00000001,2026-08-19T16:18:29.800691Z
coinbase,1073149683,,BTC-USD,buy,68657.74000000,0.00000007,2026-08-19T16:18:29.797177Z
coinbase,1073149682,,BTC-USD,buy,68657.74000000,0.00000007,2026-08-19T16:18:29.767336Z
coinbase,1073149681,,BTC-USD,sell,68657.75000000,0.00000001,2026-08-19T16:18:29.554991Z
coinbase,1073149680,,BTC-USD,buy,68657.74000000,0.00000023,2026-08-19T16:18:29.401200Z
coinbase,1073149679,,BTC-USD,sell,68657.75000000,0.00000001,2026-08-19T16:18:29.368638Z
coinbase,1073149678,,BTC-USD,sell,68657.75000000,0.00000001,2026-08-19T16:18:29.167081Z
coinbase,1073149677,,BTC-USD,buy,68657.74000000,0.00000001,2026-08-19T16:18:29.100952Z
coinbase,1073149676,,BTC-USD,sell,68657.75000000,0.00000001,2026-08-19T16:18:28.963566Z
coinbase,1073149675,,BTC-USD,buy,68657.74000000,0.00000024,2026-08-19T16:18:28.789119Z
coinbase,1073149674,,BTC-USD,sell,68657.75000000,0.00000001,2026-08-19T16:18:28.740367Z
coinbase,1073149673,,BTC-USD,buy,68657.74000000,0.00000018,2026-08-19T16:18:28.632770Z
coinbase,1073149672,,BTC-USD,sell,68657.75000000,0.00000001,2026-08-19T16:18:28.583439Z
coinbase,1073149671,,BTC-USD,sell,68657.75000000,0.00000001,2026-08-19T16:18:28.341877Z
coinbase,1073149670,,BTC-USD,sell,68657.75000000,0.00072104,2026-08-19T16:18:28.312476Z
coinbase,1073149669,,BTC-USD,buy,68657.74000000,0.00445191,2026-08-19T16:18:28.223987Z
coinbase,1073149668,,BTC-USD,sell,68657.75000000,0.00000001,2026-08-19T16:18:28.161741Z
coinbase,1073149667,,BTC-USD,buy,68653.62000000,0.00000005,2026-08-19T16:18:28.097571Z
coinbase,1073149666,,BTC-USD,sell,68653.63000000,0.00000001,2026-08-19T16:18:27.945549Z
coinbase,1073149665,,BTC-USD,buy,68653.62000000,0.00005197,2026-08-19T16:18:27.816701Z
coinbase,1073149664,,BTC-USD,buy,68653.62000000,0.00001684,2026-08-19T16:18:27.816701Z
coinbase,1073149663,,BTC-USD,sell,68653.63000000,0.00000001,2026-08-19T16:18:27.780867Z
coinbase,1073149662,,BTC-USD,buy,68653.62000000,0.00000010,2026-08-19T16:18:27.596178Z
coinbase,1073149661,,BTC-USD,sell,68653.63000000,0.00000001,2026-08-19T16:18:27.541539Z
coinbase,1073149660,,BTC-USD,buy,68653.62000000,0.00000006,2026-08-19T16:18:27.402144Z
coinbase,1073149659,,BTC-USD,buy,68655.03000000,0.00000013,2026-08-19T16:18:27.015628Z
coinbase,1073149658,,BTC-USD,buy,68659.06000000,0.00460769,2026-08-19T16:18:26.746977Z
coinbase,1073149657,,BTC-USD,buy,68660.78000000,0.00149231,2026-08-19T16:18:26.746977Z
coinbase,1073149656,,BTC-USD,buy,68660.78000000,0.04290769,2026-08-19T16:18:26.746826Z
coinbase,1073149655,,BTC-USD,buy,68660.78000000,0.00109231,2026-08-19T16:18:26.746826Z
coinbase,1073149654,,BTC-USD,sell,68660.79000000,0.00234297,2026-08-19T16:18:26.705358Z
coinbase,1073149653,,BTC-USD,buy,68660.78000000,0.00000001,2026-08-19T16:18:26.615098Z
coinbase,1073149652,,BTC-USD,buy,68660.78000000,0.00000009,2026-08-19T16:18:26.431425Z
coinbase,1073149651,,BTC-USD,buy,68658.39000000,0.05355179,2026-08-19T16:18:26.386750Z
coinbase,1073149650,,BTC-USD,buy,68658.82000000,0.00764605,2026-08-19T16:18:26.386750Z
coinbase,1073149649,,BTC-USD,buy,68661.14000000,0.00611684,2026-08-19T16:18:26.386750Z
coinbase,1073149648,,BTC-USD,buy,68661.48000000,0.01456421,2026-08-19T16:18:26.386750Z
coinbase,1073149647,,BTC-USD,buy,68661.48000000,0.01456421,2026-08-19T16:18:26.386750Z
coinbase,1073149646,,BTC-USD,buy,68662.86000000,0.00109229,2026-08-19T16:18:26.386750Z
coinbase,1073149645,,BTC-USD,buy,68662.86000000,0.04440000,2026-08-19T16:18:26.386750Z
coinbase,1073149644,,BTC-USD,buy,68662.86000000,0.00291961,2026-08-19T16:18:26.386750Z
coinbase,1073149643,,BTC-USD,buy,68662.86000000,0.00000008,2026-08-19T16:18:26.347380Z
coinbase,1073149642,,BTC-USD,sell,68662.87000000,0.00000001,2026-08-19T16:18:26.171003Z
coinbase,1073149641,,BTC-USD,sell,68674.01000000,0.01059983,2026-08-19T16:18:26.039306Z
coinbase,1073149640,,BTC-USD,sell,68672.94000000,0.00001700,2026-08-19T16:18:26.039306Z
coinbase,1073149639,,BTC-USD,sell,68664.58000000,0.04312806,2026-08-19T16:18:26.039306Z
coinbase,1073149638,,BTC-USD,sell,68664.58000000,0.00057670,2026-08-19T16:18:25.996922Z
coinbase,1073149637,,BTC-USD,sell,68671.60000000,0.14710031,2026-08-19T16:18:25.964198Z
coinbase,1073149636,,BTC-USD,sell,68669.83000000,0.17710000,2026-08-19T16:18:25.964198Z
coinbase,1073149635,,BTC-USD,sell,68669.72000000,0.00001700,2026-08-19T16:18:25.964198Z
coinbase,1073149634,,BTC-USD,sell,68668.96000000,0.00437003,2026-08-19T16:18:25.964198Z
coinbase,1073149633,,BTC-USD,sell,68668.91000000,0.11650105,2026-08-19T16:18:25.964198Z
coinbase,1073149632,,BTC-USD,sell,68667.73000000,0.46628297,2026-08-19T16:18:25.964198Z
coinbase,1073149631,,BTC-USD,sell,68667.15000000,0.17485612,2026-08-19T16:18:25.964198Z
coinbase,1073149630,,BTC-USD,sell,68667.14000000,0.18633060,2026-08-19T16:18:25.964198Z
coinbase,1073149629,,BTC-USD,sell,68666.50000000,0.00001700,2026-08-19T16:18:25.964198Z
coinbase,1073149628,,BTC-USD,sell,68664.01000000,0.00000110,2026-08-19T16:18:25.964198Z
coinbase,1073149627,,BTC-USD,sell,68664.00000000,0.00000250,2026-08-19T16:18:25.964198Z
coinbase,1073149626,,BTC-USD,sell,68663.28000000,0.00001700,2026-08-19T16:18:25.964198Z
coinbase,1073149625,,BTC-USD,sell,68662.90000000,0.02900000,2026-08-19T16:18:25.964198Z
coinbase,1073149624,,BTC-USD,sell,68662.63000000,0.00291969,2026-08-19T16:18:25.964198Z
coinbase,1073149623,,BTC-USD,sell,68660.06000000,0.00001700,2026-08-19T16:18:25.964198Z
coinbase,1073149622,,BTC-USD,sell,68659.68000000,0.04370476,2026-08-19T16:18:25.964198Z
coinbase,1073149621,,BTC-USD,sell,68656.84000000,0.00001700,2026-08-19T16:18:25.964198Z
coinbase,1073149620,,BTC-USD,sell,68656.16000000,0.00218479,2026-08-19T16:18:25.964198Z
coinbase,1073149619,,BTC-USD,sell,68656.16000000,0.00000001,2026-08-19T16:18:25.943925Z
coinbase,1073149618,,BTC-USD,buy,68656.15000000,0.00000003,2026-08-19T16:18:25.929498Z
coinbase,1073149617,,BTC-USD,sell,68656.09000000,0.00436960,2026-08-19T16:18:25.872647Z
coinbase,1073149616,,BTC-USD,sell,68653.62000000,0.00001700,2026-08-19T16:18:25.857506Z
coinbase,1073149615,,BTC-USD,sell,68653.62000000,0.14485494,2026-08-19T16:18:25.857506Z
coinbase,1073149614,,BTC-USD,sell,68653.62000000,0.00008777,2026-08-19T16:18:25.857506Z
coinbase,1073149613,,BTC-USD,sell,68651.78000000,0.01456626,2026-08-19T16:18:25.857506Z
coinbase,1073149612,,BTC-USD,sell,68651.78000000,0.01456626,2026-08-19T16:18:25.857506Z
coinbase,1073149611,,BTC-USD,sell,68650.40000000,0.00966520,2026-08-19T16:18:25.857506Z
coinbase,1073149610,,BTC-USD,sell,68650.40000000,0.01939240,2026-08-19T16:18:25.857506Z
coinbase,1073149609,,BTC-USD,sell,68650.40000000,0.00000001,2026-08-19T16:18:25.733682Z
coinbase,1073149608,,BTC-USD,sell,68650.40000000,0.00000001,2026-08-19T16:18:25.490912Z
coinbase,1073149607,,BTC-USD,buy,68650.39000000,0.00000018,2026-08-19T16:18:25.383613Z
coinbase,1073149606,,BTC-USD,sell,68650.40000000,0.00000001,2026-08-19T16:18:25.368382Z
coinbase,1073149605,,BTC-USD,buy,68650.39000000,0.00000013,2026-08-19T16:18:25.249657Z
coinbase,1073149604,,BTC-USD,sell,68650.40000000,0.00000001,2026-08-19T16:18:25.185255Z
coinbase,1073149603,,BTC-USD,buy,68650.39000000,0.00021078,2026-08-19T16:18:25.133505Z
coinbase,1073149602,,BTC-USD,sell,68650.40000000,0.00000001,2026-08-19T16:18:25.006713Z
coinbase,1073149601,,BTC-USD,buy,68650.39000000,0.00000015,2026-08-19T16:18:24.902404Z
coinbase,1073149600,,BTC-USD,sell,68650.40000000,0.00000001,2026-08-19T16:18:24.729275Z
coinbase,1073149599,,BTC-USD,buy,68650.37000000,0.34144995,2026-08-19T16:18:24.644454Z
coinbase,1073149598,,BTC-USD,buy,68650.38000000,0.46628297,2026-08-19T16:18:24.644454Z
coinbase,1073149597,,BTC-USD,buy,68650.39000000,0.17485612,2026-08-19T16:18:24.644454Z
coinbase,1073149596,,BTC-USD,buy,68650.39000000,0.02000000,2026-08-19T16:18:24.644454Z
coinbase,1073149595,,BTC-USD,buy,68650.39000000,0.04998529,2026-08-19T16:18:24.644454Z
coinbase,1073149594,,BTC-USD,buy,68650.39000000,0.05033000,2026-08-19T16:18:24.644454Z
coinbase,1073149593,,BTC-USD,buy,68650.39000000,0.05080000,2026-08-19T16:18:24.644454Z
coinbase,1073149592,,BTC-USD,buy,68650.39000000,0.00003066,2026-08-19T16:18:24.644454Z
coinbase,1073149591,,BTC-USD,buy,68650.39000000,0.18848324,2026-08-19T16:18:24.644454Z
coinbase,1073149590,,BTC-USD,buy,68650.39000000,0.02788954,2026-08-19T16:18:24.644454Z
coinbase,1073149589,,BTC-USD,buy,68650.39000000,0.00009151,2026-08-19T16:18:24.644454Z
coinbase,1073149588,,BTC-USD,sell,68650.40000000,0.00000001,2026-08-19T16:18:24.561106Z
coinbase,1073149587,,BTC-USD,sell,68650.40000000,0.00000001,2026-08-19T16:18:24.342859Z
coinbase,1073149586,,BTC-USD,buy,68650.39000000,0.00000011,2026-08-19T16:18:24.220630Z
coinbase,1073149585,,BTC-USD,sell,68650.40000000,0.00000001,2026-08-19T16:18:24.139986Z
coinbase,1073149584,,BTC-USD,sell,68650.40000000,0.00144235,2026-08-19T16:18:24.095602Z
coinbase,1073149583,,BTC-USD,buy,68650.39000000,0.01268887,2026-08-19T16:18:24.043820Z
coinbase,1073149582,,BTC-USD,buy,68650.39000000,0.00255044,2026-08-19T16:18:24.043820Z
coinbase,1073149581,,BTC-USD,sell,68650.40000000,0.00000001,2026-08-19T16:18:24.000907Z
coinbase,1073149580,,BTC-USD,buy,68650.39000000,0.00000018,2026-08-19T16:18:23.803711Z
coinbase,1073149579,,BTC-USD,sell,68650.40000000,0.00000001,2026-08-19T16:18:23.755031Z
coinbase,1073149578,,BTC-USD,sell,68650.40000000,0.00000001,2026-08-19T16:18:23.572023Z
coinbase,1073149577,,BTC-USD,sell,68650.40000000,0.00070778,2026-08-19T16:18:23.495219Z
coinbase,1073149576,,BTC-USD,sell,68650.40000000,0.00000001,2026-08-19T16:18:23.354402Z
coinbase,1073149575,,BTC-USD,buy,68650.39000000,0.00000001,2026-08-19T16:18:23.223923Z
coinbase,1073149574,,BTC-USD,sell,68650.40000000,0.00014426,2026-08-19T16:18:23.179359Z
coinbase,1073149573,,BTC-USD,buy,68650.39000000,0.00000007,2026-08-19T16:18:23.149565Z
coinbase,1073149572,,BTC-USD,buy,68650.39000000,0.00000003,2026-08-19T16:18:23.044657Z
coinbase,1073149571,,BTC-USD,sell,68650.40000000,0.00283111,2026-08-19T16:18:22.720561Z
coinbase,1073149570,,BTC-USD,buy,68650.39000000,0.00000013,2026-08-19T16:18:22.661664Z
coinbase,1073149569,,BTC-USD,sell,68650.40000000,0.00552769,2026-08-19T16:18:22.588853Z
coinbase,1073149568,,BTC-USD,sell,68650.40000000,0.00728327,2026-08-19T16:18:22.226688Z
coinbase,1073149567,,BTC-USD,buy,68650.39000000,0.00000008,2026-08-19T16:18:21.976540Z
coinbase,1073149566,,BTC-USD,sell,68650.40000000,0.00000001,2026-08-19T16:18:21.838843Z
coinbase,1073149565,,BTC-USD,sell,68650.40000000,0.00990715,2026-08-19T16:18:21.829673Z
coinbase,1073149564,,BTC-USD,sell,68650.40000000,0.04151817,2026-08-19T16:18:21.829673Z
coinbase,1073149563,,BTC-USD,buy,68650.39000000,0.00000018,2026-08-19T16:18:21.793274Z
coinbase,1073149562,,BTC-USD,sell,68650.40000000,0.00000001,2026-08-19T16:18:21.655002Z
coinbase,1073149561,,BTC-USD,sell,68650.40000000,0.00000001,2026-08-19T16:18:21.447664Z
coinbase,1073149560,,BTC-USD,sell,68650.40000000,0.00000001,2026-08-19T16:18:21.255421Z
coinbase,1073149559,,BTC-USD,buy,68650.39000000,0.00000015,2026-08-19T16:18:21.128258Z
coinbase,1073149558,,BTC-USD,sell,68650.40000000,0.04879911,2026-08-19T16:18:21.121930Z
coinbase,1073149557,,BTC-USD,sell,68650.40000000,0.00000001,2026-08-19T16:18:21.066352Z
coinbase,1073149556,,BTC-USD,buy,68650.39000000,0.00000018,2026-08-19T16:18:20.856705Z
coinbase,1073149555,,BTC-USD,sell,68650.40000000,0.00000001,2026-08-19T16:18:20.850250Z
coinbase,1073149554,,BTC-USD,buy,68650.39000000,0.00000001,2026-08-19T16:18:20.656976Z
coinbase,1073149553,,BTC-USD,sell,68650.40000000,0.00318733,2026-08-19T16:18:20.624876Z
coinbase,1073149552,,BTC-USD,buy,68650.39000000,0.00000004,2026-08-19T16:18:20.607960Z
coinbase,1073149551,,BTC-USD,sell,68650.40000000,0.00000001,2026-08-19T16:18:20.597360Z
coinbase,1073149550,,BTC-USD,buy,68650.39000000,0.12935321,2026-08-19T16:18:20.478936Z
coinbase,1073149549,,BTC-USD,buy,68650.39000000,0.00109249,2026-08-19T16:18:20.478936Z
coinbase,1073149548,,BTC-USD,buy,68650.39000000,0.00882255,2026-08-19T16:18:20.478936Z
coinbase,1073149547,,BTC-USD,sell,68650.40000000,0.00000001,2026-08-19T16:18:20.454653Z
coinbase,1073149546,,BTC-USD,sell,68650.40000000,0.00000001,2026-08-19T16:18:20.315093Z
coinbase,1073149545,,BTC-USD,sell,68650.40000000,0.00411415,2026-08-19T16:18:20.084088Z
coinbase,1073149544,,BTC-USD,sell,68650.40000000,0.00000001,2026-08-19T16:18:20.032855Z
coinbase,1073149543,,BTC-USD,sell,68650.40000000,0.00000001,2026-08-19T16:18:19.835936Z
coinbase,1073149542,,BTC-USD,buy,68650.39000000,0.00000009,2026-08-19T16:18:19.805866Z
coinbase,1073149541,,BTC-USD,buy,68650.39000000,0.00000010,2026-08-19T16:18:19.801381Z
coinbase,1073149540,,BTC-USD,sell,68650.40000000,0.00014427,2026-08-19T16:18:19.745710Z
coinbase,1073149539,,BTC-USD,sell,68650.40000000,0.00000001,2026-08-19T16:18:19.684662Z
coinbase,1073149538,,BTC-USD,buy,68650.39000000,0.00000008,2026-08-19T16:18:19.561204Z
coinbase,1073149537,,BTC-USD,sell,68650.40000000,0.00007283,2026-08-19T16:18:19.519955Z
coinbase,1073149536,,BTC-USD,sell,68650.40000000,0.00000001,2026-08-19T16:18:19.459315Z
coinbase,1073149535,,BTC-USD,sell,68650.40000000,0.00728327,2026-08-19T16:18:19.357703Z
coinbase,1073149534,,BTC-USD,sell,68650.40000000,0.00000001,2026-08-19T16:18:19.267845Z
coinbase,1073149533,,BTC-USD,sell,68650.40000000,0.00000001,2026-08-19T16:18:19.058701Z
coinbase,1073149532,,BTC-USD,sell,68650.40000000,0.00222000,2026-08-19T16:18:18.839092Z
coinbase,1073149531,,BTC-USD,buy,68650.39000000,0.00000031,2026-08-19T16:18:18.790417Z
coinbase,1073149530,,BTC-USD,buy,68650.39000000,0.00000013,2026-08-19T16:18:18.732363Z
coinbase,1073149529,,BTC-USD,sell,68650.40000000,0.00069003,2026-08-19T16:18:18.712739Z
coinbase,1073149528,,BTC-USD,sell,68650.40000000,0.00001700,2026-08-19T16:18:18.712739Z
coinbase,1073149527,,BTC-USD,buy,68650.39000000,0.00181086,2026-08-19T16:18:18.536163Z
coinbase,1073149526,,BTC-USD,buy,68650.39000000,0.02000000,2026-08-19T16:18:18.536163Z
coinbase,1073149525,,BTC-USD,buy,68650.39000000,0.03810000,2026-08-19T16:18:18.536163Z
coinbase,1073149524,,BTC-USD,buy,68650.39000000,0.00004573,2026-08-19T16:18:18.536163Z
coinbase,1073149523,,BTC-USD,buy,68650.39000000,0.00109244,2026-08-19T16:18:18.536163Z
coinbase,1073149522,,BTC-USD,buy,68650.39000000,0.00000001,2026-08-19T16:18:18.504842Z
coinbase,1073149521,,BTC-USD,buy,68650.39000000,0.00000006,2026-08-19T16:18:18.483389Z
coinbase,1073149520,,BTC-USD,sell,68648.25000000,0.00145670,2026-08-19T16:18:17.751435Z
coinbase,1073149519,,BTC-USD,sell,68648.24000000,0.04371676,2026-08-19T16:18:17.751435Z
coinbase,1073149518,,BTC-USD,sell,68647.18000000,0.00001700,2026-08-19T16:18:17.751435Z
coinbase,1073149517,,BTC-USD,buy,68647.17000000,0.00000006,2026-08-19T16:18:17.654276Z
coinbase,1073149516,,BTC-USD,sell,68643.96000000,0.00001697,2026-08-19T16:18:17.650525Z
coinbase,1073149515,,BTC-USD,sell,68643.96000000,0.00000001,2026-08-19T16:18:17.459117Z
coinbase,1073149514,,BTC-USD,buy,68643.95000000,0.00000022,2026-08-19T16:18:17.455332Z
coinbase,1073149513,,BTC-USD,buy,68643.95000000,0.00000015,2026-08-19T16:18:17.415246Z
coinbase,1073149512,,BTC-USD,sell,68643.96000000,0.00000001,2026-08-19T16:18:17.298909Z
coinbase,1073149511,,BTC-USD,sell,68643.96000000,0.00000001,2026-08-19T16:18:17.026137Z
coinbase,1073149510,,BTC-USD,sell,68643.64000000,0.00000001,2026-08-19T16:18:16.853042Z
coinbase,1073149509,,BTC-USD,sell,68643.64000000,0.00000001,2026-08-19T16:18:16.672741Z
coinbase,1073149508,,BTC-USD,buy,68643.63000000,0.00000003,2026-08-19T16:18:16.605874Z
coinbase,1073149507,,BTC-USD,sell,68643.64000000,0.00000001,2026-08-19T16:18:16.449409Z
coinbase,1073149506,,BTC-USD,buy,68643.63000000,0.00000007,2026-08-19T16:18:16.355643Z
coinbase,1073149505,,BTC-USD,buy,68643.63000000,0.00000004,2026-08-19T16:18:16.278200Z
coinbase,1073149504,,BTC-USD,sell,68643.64000000,0.00000001,2026-08-19T16:18:16.254107Z
coinbase,1073149503,,BTC-USD,buy,68643.63000000,0.00000001,2026-08-19T16:18:16.190482Z
coinbase,1073149502,,BTC-USD,sell,68643.64000000,0.00000001,2026-08-19T16:18:16.056629Z
coinbase,1073149501,,BTC-USD,sell,68643.64000000,0.00000001,2026-08-19T16:18:15.880639Z
coinbase,1073149500,,BTC-USD,sell,68643.64000000,0.00000001,2026-08-19T16:18:15.671828Z
coinbase,1073149499,,BTC-USD,buy,68643.63000000,0.00000004,2026-08-19T16:18:15.474774Z
coinbase,1073149498,,BTC-USD,sell,68643.64000000,0.00000001,2026-08-19T16:18:15.441097Z
coinbase,1073149497,,BTC-USD,sell,68643.64000000,0.00033673,2026-08-19T16:18:15.323981Z
coinbase,1073149496,,BTC-USD,sell,68643.64000000,0.00000001,2026-08-19T16:18:15.266206Z
coinbase,1073149495,,BTC-USD,buy,68643.47000000,0.00000003,2026-08-19T16:18:15.129428Z
coinbase,1073149494,,BTC-USD,sell,68635.82000000,0.00000001,2026-08-19T16:18:15.060405Z
coinbase,1073149493,,BTC-USD,sell,68635.82000000,0.00610000,2026-08-19T16:18:15.025993Z
coinbase,1073149492,,BTC-USD,sell,68635.82000000,0.00000001,2026-08-19T16:18:14.896210Z
coinbase,1073149491,,BTC-USD,sell,68635.82000000,0.01803203,2026-08-19T16:18:14.762025Z
coinbase,1073149490,,BTC-USD,sell,68635.82000000,0.00000001,2026-08-19T16:18:14.737537Z
coinbase,1073149489,,BTC-USD,buy,68635.81000000,0.00044201,2026-08-19T16:18:14.628710Z
coinbase,1073149488,,BTC-USD,sell,68635.82000000,0.00036051,2026-08-19T16:18:14.586029Z
coinbase,1073149487,,BTC-USD,buy,68635.81000000,0.00000004,2026-08-19T16:18:14.577922Z
coinbase,1073149486,,BTC-USD,buy,68635.81000000,0.00000012,2026-08-19T16:18:14.481351Z
coinbase,1073149485,,BTC-USD,sell,68635.82000000,0.00072128,2026-08-19T16:18:14.265939Z
coinbase,1073149484,,BTC-USD,buy,68635.81000000,0.00000001,2026-08-19T16:18:13.984994Z
coinbase,1073149483,,BTC-USD,buy,68635.81000000,0.00000004,2026-08-19T16:18:13.917726Z
coinbase,1073149482,,BTC-USD,buy,68640.74000000,0.00001700,2026-08-19T16:18:13.710931Z
coinbase,1073149481,,BTC-USD,buy,68641.45000000,0.00109263,2026-08-19T16:18:13.705663Z
coinbase,1073149480,,BTC-USD,buy,68641.45000000,0.00002035,2026-08-19T16:18:13.705663Z
coinbase,1073149479,,BTC-USD,buy,68641.45000000,0.02109455,2026-08-19T16:18:13.705663Z
coinbase,1073149478,,BTC-USD,buy,68641.45000000,0.00277104,2026-08-19T16:18:13.705291Z
coinbase,1073149477,,BTC-USD,buy,68641.45000000,0.00239011,2026-08-19T16:18:13.701823Z
coinbase,1073149476,,BTC-USD,buy,68641.45000000,0.00275266,2026-08-19T16:18:13.701823Z
coinbase,1073149475,,BTC-USD,buy,68641.45000000,0.00116253,2026-08-19T16:18:13.669543Z
coinbase,1073149474,,BTC-USD,buy,68641.45000000,0.00169151,2026-08-19T16:18:13.668130Z
coinbase,1073149473,,BTC-USD,buy,68641.45000000,0.00076328,2026-08-19T16:18:13.665930Z
coinbase,1073149472,,BTC-USD,buy,68641.45000000,0.00058179,2026-08-19T16:18:13.664579Z
coinbase,1073149471,,BTC-USD,buy,68641.45000000,0.00066912,2026-08-19T16:18:13.663968Z
coinbase,1073149470,,BTC-USD,buy,68641.45000000,0.00173281,2026-08-19T16:18:13.662855Z
coinbase,1073149469,,BTC-USD,buy,68641.45000000,0.00347073,2026-08-19T16:18:13.660304Z
coinbase,1073149468,,BTC-USD,buy,68641.45000000,0.00084279,2026-08-19T16:18:13.651890Z
coinbase,1073149467,,BTC-USD,buy,68641.45000000,0.01056390,2026-08-19T16:18:13.651834Z
coinbase,1073149466,,BTC-USD,buy,68641.45000000,0.00186678,2026-08-19T16:18:13.650374Z
coinbase,1073149465,,BTC-USD,buy,68641.45000000,0.00053327,2026-08-19T16:18:13.648026Z
coinbase,1073149464,,BTC-USD,buy,68641.45000000,0.00068040,2026-08-19T16:18:13.647154Z
coinbase,1073149463,,BTC-USD,buy,68641.45000000,0.00865922,2026-08-19T16:18:13.646187Z
coinbase,1073149462,,BTC-USD,buy,68641.45000000,0.00068307,2026-08-19T16:18:13.645570Z
coinbase,1073149461,,BTC-USD,buy,68641.45000000,0.00076555,2026-08-19T16:18:13.644458Z
coinbase,1073149460,,BTC-USD,buy,68641.45000000,0.00170066,2026-08-19T16:18:13.643601Z
coinbase,1073149459,,BTC-USD,buy,68641.45000000,0.00075597,2026-08-19T16:18:13.641731Z
coinbase,1073149458,,BTC-USD,buy,68641.45000000,0.00544405,2026-08-19T16:18:13.640702Z
coinbase,1073149457,,BTC-USD,buy,68641.45000000,0.00851695,2026-08-19T16:18:13.634383Z
coinbase,1073149456,,BTC-USD,buy,68641.45000000,0.00391724,2026-08-19T16:18:13.633437Z
coinbase,1073149455,,BTC-USD,buy,68641.45000000,0.14721148,2026-08-19T16:18:13.632686Z
coinbase,1073149454,,BTC-USD,sell,68641.46000000,0.00009229,2026-08-19T16:18:13.546224Z
coinbase,1073149453,,BTC-USD,buy,68641.45000000,0.00000007,2026-08-19T16:18:13.481816Z
coinbase,1073149452,,BTC-USD,buy,68641.45000000,0.00041500,2026-08-19T16:18:13.479128Z
coinbase,1073149451,,BTC-USD,buy,68641.45000000,0.00000018,2026-08-19T16:18:13.410541Z
coinbase,1073149450,,BTC-USD,sell,68641.46000000,0.00000001,2026-08-19T16:18:13.208914Z
coinbase,1073149449,,BTC-USD,sell,68641.46000000,0.00069092,2026-08-19T16:18:13.141981Z
coinbase,1073149448,,BTC-USD,buy,68641.44000000,0.01254334,2026-08-19T16:18:13.025204Z
coinbase,1073149447,,BTC-USD,buy,68641.45000000,0.00146032,2026-08-19T16:18:13.025204Z
coinbase,1073149446,,BTC-USD,buy,68643.41000000,0.00764777,2026-08-19T16:18:13.025204Z
coinbase,1073149445,,BTC-USD,buy,68645.73000000,0.00611821,2026-08-19T16:18:13.025204Z
coinbase,1073149444,,BTC-USD,sell,68647.46000000,0.00000001,2026-08-19T16:18:13.003970Z
coinbase,1073149443,,BTC-USD,buy,68649.17000000,0.01999192,2026-08-19T16:18:12.928298Z
coinbase,1073149442,,BTC-USD,buy,68649.17000000,0.00067601,2026-08-19T16:18:12.840645Z
coinbase,1073149441,,BTC-USD,sell,68649.18000000,0.00000001,2026-08-19T16:18:12.829612Z
coinbase,1073149440,,BTC-USD,sell,68649.18000000,0.00200000,2026-08-19T16:18:12.700272Z
coinbase,1073149439,,BTC-USD,sell,68649.18000000,0.00000001,2026-08-19T16:18:12.605296Z
coinbase,1073149438,,BTC-USD,buy,68649.17000000,0.00000018,2026-08-19T16:18:12.469410Z
coinbase,1073149437,,BTC-USD,sell,68649.18000000,0.00000001,2026-08-19T16:18:12.431246Z
coinbase,1073149436,,BTC-USD,buy,68649.17000000,0.00000018,2026-08-19T16:18:12.414609Z
coinbase,1073149435,,BTC-USD,buy,68649.17000000,0.00000014,2026-08-19T16:18:12.379161Z
coinbase,1073149434,,BTC-USD,sell,68652.46000000,0.04998529,2026-08-19T16:18:12.162671Z
coinbase,1073149433,,BTC-USD,sell,68652.45000000,0.46628297,2026-08-19T16:18:12.162671Z
coinbase,1073149432,,BTC-USD,sell,68652.45000000,0.15176828,2026-08-19T16:18:12.162671Z
coinbase,1073149431,,BTC-USD,sell,68652.45000000,0.02308784,2026-08-19T16:18:12.162223Z
coinbase,1073149430,,BTC-USD,sell,68651.53000000,0.00109269,2026-08-19T16:18:12.162223Z
coinbase,1073149429,,BTC-USD,sell,68650.40000000,0.00001700,2026-08-19T16:18:12.162223Z
coinbase,1073149428,,BTC-USD,sell,68648.10000000,0.00764888,2026-08-19T16:18:12.162223Z
coinbase,1073149427,,BTC-USD,sell,68647.51000000,0.00000110,2026-08-19T16:18:12.162223Z
coinbase,1073149426,,BTC-USD,sell,68647.18000000,0.00001700,2026-08-19T16:18:12.162223Z
coinbase,1073149425,,BTC-USD,sell,68645.78000000,0.00611910,2026-08-19T16:18:12.162223Z
coinbase,1073149424,,BTC-USD,sell,68644.39000000,0.01061683,2026-08-19T16:18:12.162223Z
coinbase,1073149423,,BTC-USD,sell,68644.06000000,0.00611910,2026-08-19T16:18:12.162223Z
coinbase,1073149422,,BTC-USD,sell,68644.07000000,0.12666438,2026-08-19T16:18:12.036141Z
coinbase,1073149421,,BTC-USD,sell,68643.96000000,0.00001700,2026-08-19T16:18:12.036141Z
coinbase,1073149420,,BTC-USD,sell,68641.65000000,0.01107809,2026-08-19T16:18:12.036141Z
coinbase,1073149419,,BTC-USD,sell,68640.74000000,0.00001700,2026-08-19T16:18:12.036141Z
coinbase,1073149418,,BTC-USD,sell,68637.94000000,0.02900000,2026-08-19T16:18:12.036141Z
coinbase,1073149417,,BTC-USD,sell,68637.52000000,0.00001700,2026-08-19T16:18:12.036141Z
coinbase,1073149416,,BTC-USD,sell,68634.00000000,0.43317466,2026-08-19T16:18:12.036141Z
coinbase,1073149415,,BTC-USD,sell,68634.00000000,0.59996813,2026-08-19T16:18:12.035300Z
coinbase,1073149414,,BTC-USD,sell,68634.00000000,0.21319361,2026-08-19T16:18:12.034993Z
coinbase,1073149413,,BTC-USD,sell,68634.00000000,0.00003187,2026-08-19T16:18:12.034510Z
coinbase,1073149412,,BTC-USD,sell,68634.00000000,0.21716542,2026-08-19T16:18:12.034099Z
coinbase,1073149411,,BTC-USD,sell,68633.92000000,0.00146031,2026-08-19T16:18:12.034099Z
coinbase,1073149410,,BTC-USD,sell,68633.86000000,0.04371676,2026-08-19T16:18:12.034099Z
coinbase,1073149409,,BTC-USD,sell,68632.24000000,0.00764993,2026-08-19T16:18:12.034099Z
coinbase,1073149408,,BTC-USD,sell,68631.01000000,0.00000110,2026-08-19T16:18:12.034099Z
coinbase,1073149407,,BTC-USD,sell,68631.00000000,0.00000250,2026-08-19T16:18:12.034099Z
coinbase,1073149406,,BTC-USD,sell,68630.99000000,0.00000110,2026-08-19T16:18:12.034099Z
coinbase,1073149405,,BTC-USD,sell,68630.93000000,0.00000779,2026-08-19T16:18:12.034099Z
coinbase,1073149404,,BTC-USD,sell,68630.93000000,0.00003187,2026-08-19T16:18:12.033860Z
coinbase,1073149403,,BTC-USD,sell,68630.93000000,0.00608018,2026-08-19T16:18:12.031075Z
coinbase,1073149402,,BTC-USD,sell,68629.21000000,0.00001982,2026-08-19T16:18:12.031075Z
coinbase,1073149401,,BTC-USD,sell,68629.21000000,0.00610000,2026-08-19T16:18:11.998058Z
coinbase,1073149400,,BTC-USD,sell,68629.21000000,0.00000001,2026-08-19T16:18:11.973218Z
coinbase,1073149399,,BTC-USD,sell,68629.21000000,0.00000001,2026-08-19T16:18:11.781692Z
coinbase,1073149398,,BTC-USD,sell,68629.21000000,0.00000001,2026-08-19T16:18:11.604182Z
coinbase,1073149397,,BTC-USD,buy,68627.89000000,0.00000001,2026-08-19T16:18:11.501872Z
coinbase,1073149396,,BTC-USD,sell,68628.21000000,0.00690568,2026-08-19T16:18:11.493079Z
coinbase,1073149395,,BTC-USD,sell,68628.22000000,0.00000001,2026-08-19T16:18:11.405535Z
coinbase,1073149394,,BTC-USD,buy,68627.88000000,0.00000027,2026-08-19T16:18:11.363420Z
coinbase,1073149393,,BTC-USD,buy,68627.88000000,0.00000005,2026-08-19T16:18:11.329911Z
coinbase,1073149392,,BTC-USD,sell,68629.27000000,0.00244556,2026-08-19T16:18:11.295771Z
coinbase,1073149391,,BTC-USD,sell,68627.89000000,0.01171027,2026-08-19T16:18:11.295771Z
coinbase,1073149390,,BTC-USD,sell,68627.89000000,0.00000001,2026-08-19T16:18:11.187993Z
coinbase,1073149389,,BTC-USD,buy,68627.88000000,0.00000005,2026-08-19T16:18:11.151847Z
coinbase,1073149388,,BTC-USD,sell,68627.89000000,0.00000001,2026-08-19T16:18:10.975098Z
coinbase,1073149387,,BTC-USD,sell,68627.89000000,0.00000001,2026-08-19T16:18:10.784603Z
coinbase,1073149386,,BTC-USD,sell,68627.89000000,0.00004645,2026-08-19T16:18:10.725387Z
coinbase,1073149385,,BTC-USD,sell,68627.89000000,0.00000001,2026-08-19T16:18:10.573279Z
coinbase,1073149384,,BTC-USD,sell,68627.89000000,0.00000001,2026-08-19T16:18:10.382200Z
coinbase,1073149383,,BTC-USD,buy,68627.88000000,0.00000003,2026-08-19T16:18:10.263023Z
coinbase,1073149382,,BTC-USD,sell,68627.89000000,0.00117808,2026-08-19T16:18:10.155615Z
coinbase,1073149381,,BTC-USD,sell,68627.89000000,0.00031789,2026-08-19T16:18:10.109693Z
coinbase,1073149380,,BTC-USD,buy,68627.88000000,0.00000011,2026-08-19T16:18:09.985740Z
coinbase,1073149379,,BTC-USD,buy,68627.88000000,0.00000003,2026-08-19T16:18:09.954546Z
coinbase,1073149378,,BTC-USD,buy,68627.88000000,0.00000006,2026-08-19T16:18:09.144870Z
coinbase,1073149377,,BTC-USD,sell,68627.89000000,0.00004604,2026-08-19T16:18:09.042531Z
coinbase,1073149376,,BTC-USD,sell,68627.89000000,0.00004368,2026-08-19T16:18:08.987580Z
coinbase,1073149375,,BTC-USD,buy,68627.88000000,0.00000006,2026-08-19T16:18:08.966767Z
coinbase,1073149374,,BTC-USD,buy,68631.08000000,0.00001700,2026-08-19T16:18:08.946784Z
coinbase,1073149373,,BTC-USD,buy,68632.50000000,0.00000350,2026-08-19T16:18:08.943480Z
coinbase,1073149372,,BTC-USD,buy,68632.51000000,0.03170000,2026-08-19T16:18:08.943480Z
coinbase,1073149371,,BTC-USD,buy,68632.51000000,0.00000081,2026-08-19T16:18:08.943480Z
coinbase,1073149370,,BTC-USD,buy,68632.51000000,0.00000029,2026-08-19T16:18:08.841158Z
coinbase,1073149369,,BTC-USD,sell,68632.52000000,0.00000001,2026-08-19T16:18:08.770700Z
coinbase,1073149368,,BTC-USD,buy,68634.30000000,0.00001700,2026-08-19T16:18:08.715028Z
coinbase,1073149367,,BTC-USD,buy,68634.96000000,0.03170000,2026-08-19T16:18:08.711277Z
coinbase,1073149366,,BTC-USD,buy,68634.96000000,0.00004574,2026-08-19T16:18:08.711277Z
coinbase,1073149365,,BTC-USD,sell,68634.97000000,0.00000001,2026-08-19T16:18:08.620039Z
coinbase,1073149364,,BTC-USD,buy,68636.14000000,0.00000001,2026-08-19T16:18:08.601866Z
coinbase,1073149363,,BTC-USD,buy,68637.52000000,0.02916691,2026-08-19T16:18:08.600884Z
coinbase,1073149362,,BTC-USD,buy,68637.52000000,0.00001700,2026-08-19T16:18:08.600884Z
coinbase,1073149361,,BTC-USD,buy,68639.00000000,0.15170771,2026-08-19T16:18:08.476702Z
coinbase,1073149360,,BTC-USD,buy,68640.00000000,0.00004490,2026-08-19T16:18:08.476702Z
coinbase,1073149359,,BTC-USD,buy,68640.74000000,0.00001700,2026-08-19T16:18:08.476702Z
coinbase,1073149358,,BTC-USD,sell,68640.75000000,0.00000001,2026-08-19T16:18:08.416571Z
coinbase,1073149357,,BTC-USD,buy,68642.59000000,0.00291969,2026-08-19T16:18:08.382067Z
coinbase,1073149356,,BTC-USD,buy,68643.96000000,0.00109259,2026-08-19T16:18:08.368868Z
coinbase,1073149355,,BTC-USD,buy,68643.96000000,0.00109259,2026-08-19T16:18:08.361698Z
coinbase,1073149354,,BTC-USD,buy,68643.96000000,0.00001700,2026-08-19T16:18:08.361698Z
coinbase,1073149353,,BTC-USD,sell,68643.97000000,0.00000001,2026-08-19T16:18:08.212195Z
coinbase,1073149352,,BTC-USD,buy,68651.49000000,0.00611770,2026-08-19T16:18:08.154530Z
coinbase,1073149351,,BTC-USD,buy,68652.23000000,0.01456617,2026-08-19T16:18:08.154530Z
coinbase,1073149350,,BTC-USD,buy,68652.23000000,0.01456617,2026-08-19T16:18:08.154530Z
coinbase,1073149349,,BTC-USD,buy,68653.61000000,0.01336950,2026-08-19T16:18:08.153203Z
coinbase,1073149348,,BTC-USD,buy,68653.61000000,0.00023124,2026-08-19T16:18:08.152219Z
coinbase,1073149347,,BTC-USD,buy,68653.61000000,0.01392896,2026-08-19T16:18:08.151455Z
coinbase,1073149346,,BTC-USD,buy,68653.61000000,0.00130956,2026-08-19T16:18:08.151396Z
coinbase,1073149345,,BTC-USD,buy,68653.61000000,0.00924197,2026-08-19T16:18:08.150989Z
coinbase,1073149344,,BTC-USD,buy,68653.61000000,0.07854463,2026-08-19T16:18:08.150187Z
coinbase,1073149343,,BTC-USD,buy,68653.61000000,0.00611766,2026-08-19T16:18:08.150187Z
coinbase,1073149342,,BTC-USD,buy,68653.61000000,0.02978908,2026-08-19T16:18:08.150187Z
coinbase,1073149341,,BTC-USD,buy,68653.61000000,0.03170000,2026-08-19T16:18:08.150187Z
coinbase,1073149340,,BTC-USD,buy,68653.61000000,0.00109227,2026-08-19T16:18:08.150187Z
coinbase,1073149339,,BTC-USD,buy,68653.61000000,0.00000003,2026-08-19T16:18:08.093033Z
coinbase,1073149338,,BTC-USD,sell,68653.62000000,0.00000001,2026-08-19T16:18:08.019921Z
coinbase,1073149337,,BTC-USD,buy,68653.61000000,0.00000014,2026-08-19T16:18:07.937504Z
coinbase,1073149336,,BTC-USD,sell,68653.62000000,0.00001131,2026-08-19T16:18:07.896586Z
coinbase,1073149335,,BTC-USD,sell,68653.62000000,0.00001696,2026-08-19T16:18:07.896586Z
coinbase,1073149334,,BTC-USD,sell,68653.62000000,0.00000001,2026-08-19T16:18:07.832333Z
coinbase,1073149333,,BTC-USD,sell,68653.62000000,0.00000001,2026-08-19T16:18:07.688535Z
coinbase,1073149332,,BTC-USD,buy,68653.61000000,0.00000005,2026-08-19T16:18:07.490110Z
coinbase,1073149331,,BTC-USD,sell,68653.62000000,0.00000001,2026-08-19T16:18:07.420555Z
coinbase,1073149330,,BTC-USD,buy,68653.61000000,0.00329123,2026-08-19T16:18:07.228967Z
coinbase,1073149329,,BTC-USD,sell,68653.62000000,0.00000001,2026-08-19T16:18:07.214851Z
coinbase,1073149328,,BTC-USD,sell,68653.22000000,0.04371676,2026-08-19T16:18:07.109053Z
coinbase,1073149327,,BTC-USD,sell,68653.22000000,0.00023148,2026-08-19T16:18:07.109053Z
coinbase,1073149326,,BTC-USD,sell,68653.22000000,0.02480488,2026-08-19T16:18:07.109053Z
coinbase,1073149325,,BTC-USD,sell,68653.22000000,0.00000001,2026-08-19T16:18:06.974336Z
coinbase,1073149324,,BTC-USD,buy,68653.21000000,0.00000006,2026-08-19T16:18:06.931216Z
coinbase,1073149323,,BTC-USD,buy,68653.21000000,0.00000004,2026-08-19T16:18:06.818941Z
coinbase,1073149322,,BTC-USD,sell,68653.22000000,0.00000001,2026-08-19T16:18:06.814530Z
coinbase,1073149321,,BTC-USD,sell,68653.22000000,0.00000001,2026-08-19T16:18:06.635594Z
coinbase,1073149320,,BTC-USD,sell,68653.22000000,0.00076000,2026-08-19T16:18:06.561708Z
coinbase,1073149319,,BTC-USD,sell,68653.22000000,0.00000001,2026-08-19T16:18:06.410326Z
coinbase,1073149318,,BTC-USD,buy,68653.21000000,0.00000006,2026-08-19T16:18:06.381323Z
coinbase,1073149317,,BTC-USD,sell,68653.22000000,0.00000001,2026-08-19T16:18:06.222889Z
coinbase,1073149316,,BTC-USD,sell,68653.22000000,0.00000001,2026-08-19T16:18:06.008455Z
coinbase,1073149315,,BTC-USD,buy,68653.21000000,0.00000001,2026-08-19T16:18:05.930505Z
coinbase,1073149314,,BTC-USD,sell,68653.22000000,0.06742320,2026-08-19T16:18:05.916101Z
coinbase,1073149313,,BTC-USD,sell,68653.22000000,0.04672298,2026-08-19T16:18:05.915288Z
coinbase,1073149312,,BTC-USD,buy,68653.21000000,0.00000005,2026-08-19T16:18:05.907553Z
coinbase,1073149311,,BTC-USD,sell,68652.03000000,0.04371676,2026-08-19T16:18:05.900530Z
coinbase,1073149310,,BTC-USD,buy,68651.99000000,0.00000024,2026-08-19T16:18:05.739074Z
coinbase,1073149309,,BTC-USD,sell,68653.22000000,0.00514388,2026-08-19T16:18:05.648758Z
coinbase,1073149308,,BTC-USD,sell,68653.21000000,0.17485612,2026-08-19T16:18:05.648758Z
coinbase,1073149307,,BTC-USD,sell,68651.91000000,0.00249483,2026-08-19T16:18:05.589284Z
coinbase,1073149306,,BTC-USD,sell,68651.71000000,0.00218494,2026-08-19T16:18:05.589284Z
coinbase,1073149305,,BTC-USD,sell,68650.40000000,0.00001700,2026-08-19T16:18:05.589284Z
coinbase,1073149304,,BTC-USD,sell,68649.01000000,0.00000110,2026-08-19T16:18:05.589284Z
coinbase,1073149303,,BTC-USD,sell,68649.00000000,0.00000250,2026-08-19T16:18:05.589284Z
coinbase,1073149302,,BTC-USD,sell,68648.99000000,0.00000110,2026-08-19T16:18:05.589284Z
coinbase,1073149301,,BTC-USD,sell,68647.18000000,0.00001700,2026-08-19T16:18:05.589284Z
coinbase,1073149300,,BTC-USD,sell,68644.48000000,0.02900000,2026-08-19T16:18:05.589284Z
coinbase,1073149299,,BTC-USD,sell,68643.96000000,0.00001700,2026-08-19T16:18:05.589284Z
coinbase,1073149298,,BTC-USD,sell,68640.74000000,0.00001700,2026-08-19T16:18:05.589284Z
coinbase,1073149297,,BTC-USD,sell,68640.62000000,0.01239687,2026-08-19T16:18:05.578232Z
coinbase,1073149296,,BTC-USD,sell,68638.40000000,0.13988876,2026-08-19T16:18:05.567172Z
coinbase,1073149295,,BTC-USD,sell,68638.40000000,0.00496624,2026-08-19T16:18:05.566228Z
coinbase,1073149294,,BTC-USD,sell,68634.97000000,0.00003376,2026-08-19T16:18:05.566228Z
coinbase,1073149293,,BTC-USD,buy,68634.96000000,0.00900604,2026-08-19T16:18:05.405612Z
coinbase,1073149292,,BTC-USD,sell,68634.97000000,0.00044322,2026-08-19T16:18:05.043786Z
coinbase,1073149291,,BTC-USD,sell,68634.97000000,0.00296176,2026-08-19T16:18:05.043786Z
coinbase,1073149290,,BTC-USD,sell,68634.97000000,0.00026524,2026-08-19T16:18:05.043786Z
coinbase,1073149289,,BTC-USD,buy,68634.96000000,0.00000005,2026-08-19T16:18:05.024483Z
coinbase,1073149288,,BTC-USD,buy,68634.96000000,0.00000006,2026-08-19T16:18:04.803798Z
coinbase,1073149287,,BTC-USD,buy,68634.96000000,0.00620061,2026-08-19T16:18:04.532653Z
coinbase,1073149286,,BTC-USD,buy,68634.96000000,0.00000013,2026-08-19T16:18:04.409134Z
coinbase,1073149285,,BTC-USD,sell,68634.97000000,0.00000001,2026-08-19T16:18:04.302292Z
coinbase,1073149284,,BTC-USD,sell,68634.97000000,0.00000001,2026-08-19T16:18:04.116350Z
coinbase,1073149283,,BTC-USD,buy,68634.96000000,0.01382685,2026-08-19T16:18:04.071516Z
coinbase,1073149282,,BTC-USD,sell,68634.97000000,0.00000001,2026-08-19T16:18:03.871992Z
coinbase,1073149281,,BTC-USD,buy,68634.96000000,0.00000005,2026-08-19T16:18:03.850820Z
coinbase,1073149280,,BTC-USD,buy,68634.96000000,0.00799197,2026-08-19T16:18:03.836489Z
coinbase,1073149279,,BTC-USD,buy,68634.96000000,0.00690340,2026-08-19T16:18:03.836489Z
coinbase,1073149278,,BTC-USD,buy,68634.96000000,0.00000749,2026-08-19T16:18:03.785242Z
coinbase,1073149277,,BTC-USD,buy,68634.96000000,0.00000003,2026-08-19T16:18:03.748834Z
coinbase,1073149276,,BTC-USD,sell,68634.97000000,0.00000001,2026-08-19T16:18:03.709861Z
coinbase,1073149275,,BTC-USD,sell,68634.97000000,0.00000001,2026-08-19T16:18:03.463804Z
coinbase,1073149274,,BTC-USD,sell,68634.97000000,0.00047605,2026-08-19T16:18:03.342956Z
coinbase,1073149273,,BTC-USD,buy,68634.96000000,0.00000007,2026-08-19T16:18:03.333544Z
coinbase,1073149272,,BTC-USD,sell,68634.97000000,0.00000001,2026-08-19T16:18:03.276512Z
coinbase,1073149271,,BTC-USD,sell,68634.97000000,0.00000001,2026-08-19T16:18:03.051905Z
coinbase,1073149270,,BTC-USD,sell,68634.97000000,0.00000001,2026-08-19T16:18:02.868276Z
coinbase,1073149269,,BTC-USD,buy,68634.96000000,0.00000008,2026-08-19T16:18:02.788095Z
coinbase,1073149268,,BTC-USD,buy,68634.96000000,0.00000003,2026-08-19T16:18:02.722721Z
coinbase,1073149267,,BTC-USD,sell,68634.97000000,0.00000001,2026-08-19T16:18:02.692674Z
coinbase,1073149266,,BTC-USD,buy,68634.96000000,0.00000001,2026-08-19T16:18:02.571281Z
coinbase,1073149265,,BTC-USD,sell,68634.97000000,0.00000001,2026-08-19T16:18:02.490936Z
coinbase,1073149264,,BTC-USD,sell,68634.97000000,0.00014066,2026-08-19T16:18:02.433294Z
coinbase,1073149263,,BTC-USD,buy,68634.96000000,0.00000004,2026-08-19T16:18:02.298904Z
coinbase,1073149262,,BTC-USD,sell,68634.97000000,0.00000001,2026-08-19T16:18:02.279423Z
coinbase,1073149261,,BTC-USD,sell,68634.97000000,0.00146314,2026-08-19T16:18:02.105230Z
coinbase,1073149260,,BTC-USD,sell,68634.97000000,0.00000001,2026-08-19T16:18:02.068933Z
coinbase,1073149259,,BTC-USD,sell,68634.97000000,0.00000001,2026-08-19T16:18:01.850351Z
coinbase,1073149258,,BTC-USD,sell,68634.97000000,0.00041401,2026-08-19T16:18:01.655954Z
coinbase,1073149257,,BTC-USD,sell,68634.97000000,0.00000001,2026-08-19T16:18:01.645051Z
coinbase,1073149256,,BTC-USD,buy,68634.96000000,0.00000006,2026-08-19T16:18:01.637268Z
coinbase,1073149255,,BTC-USD,buy,68634.96000000,0.00000002,2026-08-19T16:18:01.622975Z
coinbase,1073149254,,BTC-USD,sell,68634.01000000,0.00138212,2026-08-19T16:18:01.557624Z
coinbase,1073149253,,BTC-USD,sell,68634.01000000,0.03426750,2026-08-19T16:18:01.556554Z
coinbase,1073149252,,BTC-USD,sell,68634.01000000,0.00000001,2026-08-19T16:18:01.486154Z
coinbase,1073149251,,BTC-USD,sell,68634.01000000,0.00070791,2026-08-19T16:18:01.348280Z
coinbase,1073149250,,BTC-USD,buy,68634.00000000,0.00000007,2026-08-19T16:18:01.256800Z
coinbase,1073149249,,BTC-USD,sell,68638.75000000,0.00042486,2026-08-19T16:18:00.962887Z
coinbase,1073149248,,BTC-USD,buy,68638.04000000,0.02851367,2026-08-19T16:18:00.760314Z
coinbase,1073149247,,BTC-USD,buy,68638.04000000,0.00000005,2026-08-19T16:18:00.565306Z
coinbase,1073149246,,BTC-USD,sell,68638.05000000,0.00030405,2026-08-19T16:18:00.563975Z
coinbase,1073149245,,BTC-USD,buy,68638.04000000,0.00000003,2026-08-19T16:18:00.517821Z
coinbase,1073149244,,BTC-USD,buy,68634.02000000,0.00000001,2026-08-19T16:18:00.327693Z
coinbase,1073149243,,BTC-USD,sell,68632.32000000,0.03000000,2026-08-19T16:18:00.193671Z
coinbase,1073149242,,BTC-USD,sell,68632.30000000,0.00799158,2026-08-19T16:18:00.193671Z
coinbase,1073149241,,BTC-USD,sell,68632.30000000,0.02999999,2026-08-19T16:18:00.193671Z
coinbase,1073149240,,BTC-USD,sell,68632.30000000,0.00000001,2026-08-19T16:17:59.986571Z
coinbase,1073149239,,BTC-USD,sell,68632.30000000,0.00003967,2026-08-19T16:17:59.786515Z
coinbase,1073149238,,BTC-USD,sell,68632.30000000,0.00000001,2026-08-19T16:17:59.785622Z
coinbase,1073149237,,BTC-USD,buy,68632.29000000,0.00830097,2026-08-19T16:17:59.738532Z
coinbase,1073149236,,BTC-USD,buy,68632.29000000,0.00639999,2026-08-19T16:17:59.738532Z
coinbase,1073149235,,BTC-USD,sell,68632.30000000,0.00000001,2026-08-19T16:17:59.592093Z
coinbase,1073149234,,BTC-USD,buy,68632.29000000,0.00000012,2026-08-19T16:17:59.526990Z
coinbase,1073149233,,BTC-USD,buy,68632.29000000,0.02315918,2026-08-19T16:17:59.497335Z
coinbase,1073149232,,BTC-USD,buy,68632.29000000,0.00004575,2026-08-19T16:17:59.497335Z
coinbase,1073149231,,BTC-USD,buy,68632.29000000,0.02212402,2026-08-19T16:17:59.497335Z
coinbase,1073149230,,BTC-USD,sell,68632.30000000,0.00000001,2026-08-19T16:17:59.495886Z
coinbase,1073149229,,BTC-USD,sell,68632.30000000,0.00216354,2026-08-19T16:17:59.461389Z
coinbase,1073149228,,BTC-USD,buy,68632.29000000,0.00000005,2026-08-19T16:17:59.455354Z
coinbase,1073149227,,BTC-USD,buy,68632.29000000,0.00000026,2026-08-19T16:17:59.215994Z
coinbase,1073149226,,BTC-USD,sell,68632.30000000,0.00000001,2026-08-19T16:17:59.208286Z
coinbase,1073149225,,BTC-USD,sell,68632.30000000,0.00000001,2026-08-19T16:17:59.005441Z
coinbase,1073149224,,BTC-USD,sell,68632.30000000,0.00035988,2026-08-19T16:17:58.998010Z
coinbase,1073149223,,BTC-USD,sell,68632.30000000,0.00002525,2026-08-19T16:17:58.835325Z
coinbase,1073149222,,BTC-USD,sell,68632.30000000,0.00000001,2026-08-19T16:17:58.794569Z
coinbase,1073149221,,BTC-USD,sell,68632.30000000,0.00000001,2026-08-19T16:17:58.572772Z
coinbase,1073149220,,BTC-USD,buy,68632.29000000,0.00000020,2026-08-19T16:17:58.468087Z
coinbase,1073149219,,BTC-USD,sell,68632.30000000,0.00003967,2026-08-19T16:17:58.424384Z
coinbase,1073149218,,BTC-USD,buy,68632.29000000,0.00000010,2026-08-19T16:17:58.360453Z
coinbase,1073149217,,BTC-USD,sell,68632.30000000,0.00000001,2026-08-19T16:17:58.354524Z
coinbase,1073149216,,BTC-USD,buy,68632.29000000,0.00220725,2026-08-19T16:17:58.348995Z
coinbase,1073149215,,BTC-USD,buy,68632.29000000,0.00735749,2026-08-19T16:17:58.269402Z
coinbase,1073149214,,BTC-USD,buy,68632.29000000,0.00000002,2026-08-19T16:17:58.250098Z
coinbase,1073149213,,BTC-USD,sell,68632.30000000,0.00000001,2026-08-19T16:17:58.173794Z
coinbase,1073149212,,BTC-USD,sell,68632.30000000,0.00007213,2026-08-19T16:17:58.167349Z
coinbase,1073149211,,BTC-USD,buy,68632.29000000,0.00000010,2026-08-19T16:17:58.128871Z
coinbase,1073149210,,BTC-USD,sell,68632.30000000,0.00036066,2026-08-19T16:17:58.074190Z
coinbase,1073149209,,BTC-USD,buy,68632.29000000,0.00000001,2026-08-19T16:17:58.039178Z
coinbase,1073149208,,BTC-USD,sell,68632.30000000,0.00000001,2026-08-19T16:17:58.020921Z
coinbase,1073149207,,BTC-USD,sell,68632.30000000,0.00014425,2026-08-19T16:17:57.985809Z
coinbase,1073149206,,BTC-USD,buy,68632.29000000,0.00039576,2026-08-19T16:17:57.972772Z
coinbase,1073149205,,BTC-USD,buy,68632.29000000,0.19036884,2026-08-19T16:17:57.972496Z
coinbase,1073149204,,BTC-USD,buy,68632.29000000,0.00231475,2026-08-19T16:17:57.923179Z
coinbase,1073149203,,BTC-USD,buy,68632.29000000,0.00145985,2026-08-19T16:17:57.923179Z
coinbase,1073149202,,BTC-USD,sell,68632.30000000,0.00141611,2026-08-19T16:17:57.922772Z
coinbase,1073149201,,BTC-USD,sell,68632.30000000,0.00044000,2026-08-19T16:17:57.878435Z
coinbase,1073149200,,BTC-USD,sell,68633.08000000,0.00028314,2026-08-19T16:17:57.831441Z
coinbase,1073149199,,BTC-USD,sell,68633.08000000,0.00000001,2026-08-19T16:17:57.798800Z
coinbase,1073149198,,BTC-USD,buy,68634.07000000,0.00997759,2026-08-19T16:17:57.741275Z
coinbase,1073149197,,BTC-USD,buy,68634.07000000,0.00002241,2026-08-19T16:17:57.741275Z
coinbase,1073149196,,BTC-USD,sell,68635.46000000,0.00000001,2026-08-19T16:17:57.612364Z
coinbase,1073149195,,BTC-USD,sell,68631.11000000,0.00000001,2026-08-19T16:17:57.425339Z
coinbase,1073149194,,BTC-USD,buy,68632.74000000,0.00000004,2026-08-19T16:17:57.254052Z
coinbase,1073149193,,BTC-USD,sell,68634.29000000,0.00000001,2026-08-19T16:17:57.165933Z
coinbase,1073149192,,BTC-USD,buy,68634.28000000,0.00000004,2026-08-19T16:17:57.125108Z
coinbase,1073149191,,BTC-USD,buy,68634.28000000,0.00000010,2026-08-19T16:17:57.059624Z
coinbase,1073149190,,BTC-USD,buy,68634.28000000,0.04855173,2026-08-19T16:17:57.044095Z
coinbase,1073149189,,BTC-USD,buy,68635.00000000,0.00013144,2026-08-19T16:17:56.889092Z
coinbase,1073149188,,BTC-USD,buy,68637.52000000,0.00001700,2026-08-19T16:17:56.889092Z
coinbase,1073149187,,BTC-USD,sell,68637.53000000,0.00021635,2026-08-19T16:17:56.850674Z
coinbase,1073149186,,BTC-USD,buy,68640.74000000,0.00001700,2026-08-19T16:17:56.779500Z
coinbase,1073149185,,BTC-USD,buy,68641.02000000,0.03398117,2026-08-19T16:17:56.779500Z
coinbase,1073149184,,BTC-USD,buy,68641.02000000,0.00636971,2026-08-19T16:17:56.779500Z
coinbase,1073149183,,BTC-USD,buy,68645.49000000,0.00764753,2026-08-19T16:17:56.676246Z
coinbase,1073149182,,BTC-USD,buy,68647.49000000,0.00145978,2026-08-19T16:17:56.676246Z
coinbase,1073149181,,BTC-USD,buy,68647.81000000,0.00611803,2026-08-19T16:17:56.676246Z
coinbase,1073149180,,BTC-USD,buy,68649.04000000,0.01270000,2026-08-19T16:17:56.671589Z
coinbase,1073149179,,BTC-USD,buy,68649.53000000,0.01643637,2026-08-19T16:17:56.671589Z
coinbase,1073149178,,BTC-USD,buy,68649.53000000,0.00000014,2026-08-19T16:17:56.108675Z
coinbase,1073149177,,BTC-USD,buy,68649.53000000,0.00000015,2026-08-19T16:17:56.085719Z
coinbase,1073149176,,BTC-USD,buy,68649.53000000,0.00000004,2026-08-19T16:17:56.044759Z
coinbase,1073149175,,BTC-USD,sell,68646.44000000,0.00270000,2026-08-19T16:17:55.974261Z
coinbase,1073149174,,BTC-USD,sell,68646.44000000,0.00028853,2026-08-19T16:17:55.972116Z
coinbase,1073149173,,BTC-USD,buy,68646.14000000,0.00000006,2026-08-19T16:17:55.945280Z
coinbase,1073149172,,BTC-USD,sell,68645.06000000,0.00000001,2026-08-19T16:17:55.708126Z
coinbase,1073149171,,BTC-USD,sell,68651.69000000,0.00002113,2026-08-19T16:17:55.631850Z
coinbase,1073149170,,BTC-USD,sell,68650.40000000,0.00001700,2026-08-19T16:17:55.631850Z
coinbase,1073149169,,BTC-USD,sell,68647.18000000,0.00001700,2026-08-19T16:17:55.631850Z
coinbase,1073149168,,BTC-USD,sell,68643.96000000,0.00001700,2026-08-19T16:17:55.631850Z
coinbase,1073149167,,BTC-USD,sell,68640.94000000,0.00395000,2026-08-19T16:17:55.578161Z
coinbase,1073149166,,BTC-USD,sell,68640.94000000,0.00000001,2026-08-19T16:17:55.490355Z
coinbase,1073149165,,BTC-USD,sell,68640.94000000,0.00283185,2026-08-19T16:17:55.377531Z
coinbase,1073149164,,BTC-USD,sell,68640.94000000,0.00000001,2026-08-19T16:17:55.310663Z
coinbase,1073149163,,BTC-USD,sell,68641.38000000,0.00271026,2026-08-19T16:17:55.189932Z
coinbase,1073149162,,BTC-USD,sell,68640.74000000,0.00001700,2026-08-19T16:17:55.189932Z
coinbase,1073149161,,BTC-USD,sell,68637.52000000,0.00001699,2026-08-19T16:17:55.189932Z
coinbase,1073149160,,BTC-USD,sell,68634.30000000,0.00001700,2026-08-19T16:17:55.189932Z
coinbase,1073149159,,BTC-USD,sell,68631.09000000,0.02900000,2026-08-19T16:17:55.135674Z
coinbase,1073149158,,BTC-USD,sell,68627.86000000,0.04369083,2026-08-19T16:17:55.122934Z
coinbase,1073149157,,BTC-USD,sell,68629.59000000,0.00611996,2026-08-19T16:17:55.120699Z
coinbase,1073149156,,BTC-USD,sell,68629.27000000,0.00640000,2026-08-19T16:17:55.120699Z
coinbase,1073149155,,BTC-USD,sell,68627.88000000,0.03000000,2026-08-19T16:17:55.119488Z
coinbase,1073149154,,BTC-USD,sell,68627.87000000,0.00011574,2026-08-19T16:17:55.119488Z
coinbase,1073149153,,BTC-USD,sell,68627.86000000,0.04369083,2026-08-19T16:17:55.119488Z
coinbase,1073149152,,BTC-USD,sell,68627.86000000,0.00611996,2026-08-19T16:17:55.119488Z
coinbase,1073149151,,BTC-USD,sell,68627.86000000,0.02724708,2026-08-19T16:17:55.119488Z
coinbase,1073149150,,BTC-USD,buy,68627.85000000,0.00000001,2026-08-19T16:17:55.106907Z
coinbase,1073149149,,BTC-USD,sell,68627.86000000,0.00052204,2026-08-19T16:17:55.090843Z
coinbase,1073149148,,BTC-USD,sell,68627.86000000,0.00000001,2026-08-19T16:17:55.040563Z
coinbase,1073149147,,BTC-USD,sell,68627.86000000,0.00200000,2026-08-19T16:17:55.032937Z
coinbase,1073149146,,BTC-USD,buy,68627.85000000,0.00000009,2026-08-19T16:17:54.910210Z
coinbase,1073149145,,BTC-USD,sell,68627.86000000,0.00000001,2026-08-19T16:17:54.881237Z
coinbase,1073149144,,BTC-USD,buy,68627.85000000,0.00000002,2026-08-19T16:17:54.738943Z
coinbase,1073149143,,BTC-USD,buy,68627.85000000,0.02291595,2026-08-19T16:17:54.668177Z
coinbase,1073149142,,BTC-USD,buy,68627.85000000,0.25145257,2026-08-19T16:17:54.668177Z
coinbase,1073149141,,BTC-USD,buy,68627.85000000,0.01999984,2026-08-19T16:17:54.668177Z
coinbase,1073149140,,BTC-USD,sell,68627.86000000,0.00000001,2026-08-19T16:17:54.657491Z
coinbase,1073149139,,BTC-USD,sell,68627.86000000,0.00023082,2026-08-19T16:17:54.559888Z
coinbase,1073149138,,BTC-USD,buy,68627.85000000,0.00000016,2026-08-19T16:17:54.552128Z
coinbase,1073149137,,BTC-USD,sell,68627.86000000,0.00000001,2026-08-19T16:17:54.510448Z
coinbase,1073149136,,BTC-USD,sell,68627.86000000,0.00000001,2026-08-19T16:17:54.284624Z
coinbase,1073149135,,BTC-USD,sell,68627.86000000,0.00000001,2026-08-19T16:17:54.076430Z
coinbase,1073149134,,BTC-USD,buy,68627.86000000,0.01734905,2026-08-19T16:17:53.926506Z
coinbase,1073149133,,BTC-USD,buy,68627.86000000,0.09781658,2026-08-19T16:17:53.926506Z
coinbase,1073149132,,BTC-USD,buy,68627.86000000,0.03758328,2026-08-19T16:17:53.926506Z
coinbase,1073149131,,BTC-USD,buy,68627.86000000,0.01231305,2026-08-19T16:17:53.926506Z
coinbase,1073149130,,BTC-USD,sell,68627.87000000,0.00000001,2026-08-19T16:17:53.884875Z
coinbase,1073149129,,BTC-USD,buy,68627.86000000,0.00000005,2026-08-19T16:17:53.880298Z
coinbase,1073149128,,BTC-USD,buy,68627.86000000,0.00000003,2026-08-19T16:17:53.711988Z
coinbase,1073149127,,BTC-USD,sell,68627.87000000,0.00000001,2026-08-19T16:17:53.701717Z
coinbase,1073149126,,BTC-USD,sell,68627.87000000,0.00000001,2026-08-19T16:17:53.537862Z
coinbase,1073149125,,BTC-USD,sell,68627.87000000,0.00000001,2026-08-19T16:17:53.275421Z
coinbase,1073149124,,BTC-USD,buy,68627.86000000,0.01768687,2026-08-19T16:17:53.183418Z
coinbase,1073149123,,BTC-USD,buy,68627.86000000,0.00001700,2026-08-19T16:17:53.183418Z
coinbase,1073149122,,BTC-USD,sell,68627.87000000,0.00000001,2026-08-19T16:17:53.055181Z
coinbase,1073149121,,BTC-USD,sell,68627.87000000,0.00023951,2026-08-19T16:17:53.016431Z
coinbase,1073149120,,BTC-USD,buy,68637.46000000,0.00165656,2026-08-19T16:17:52.957059Z
coinbase,1073149119,,BTC-USD,buy,68637.51000000,0.00005113,2026-08-19T16:17:52.957059Z
coinbase,1073149118,,BTC-USD,buy,68637.51000000,0.01084178,2026-08-19T16:17:52.957059Z
coinbase,1073149117,,BTC-USD,buy,68637.51000000,0.01160925,2026-08-19T16:17:52.957009Z
coinbase,1073149116,,BTC-USD,buy,68637.51000000,0.01970954,2026-08-19T16:17:52.954727Z
coinbase,1073149115,,BTC-USD,buy,68637.51000000,0.21223223,2026-08-19T16:17:52.952036Z
coinbase,1073149114,,BTC-USD,buy,68637.51000000,0.10560933,2026-08-19T16:17:52.952036Z
coinbase,1073149113,,BTC-USD,buy,68637.51000000,0.00002423,2026-08-19T16:17:52.952036Z
coinbase,1073149112,,BTC-USD,buy,68637.51000000,0.00000001,2026-08-19T16:17:52.913551Z
coinbase,1073149111,,BTC-USD,sell,68637.52000000,0.00000001,2026-08-19T16:17:52.899818Z
coinbase,1073149110,,BTC-USD,buy,68637.51000000,0.00000007,2026-08-19T16:17:52.790095Z
coinbase,1073149109,,BTC-USD,buy,68637.51000000,0.00000009,2026-08-19T16:17:52.687582Z
coinbase,1073149108,,BTC-USD,buy,68637.51000000,0.00000007,2026-08-19T16:17:52.439853Z
coinbase,1073149107,,BTC-USD,sell,68632.83000000,0.00764985,2026-08-19T16:17:51.926132Z
coinbase,1073149106,,BTC-USD,sell,68628.81000000,0.02835871,2026-08-19T16:17:51.783510Z
coinbase,1073149105,,BTC-USD,sell,68628.81000000,0.10997591,2026-08-19T16:17:51.782156Z
coinbase,1073149104,,BTC-USD,sell,68628.81000000,0.07684960,2026-08-19T16:17:51.782079Z
coinbase,1073149103,,BTC-USD,sell,68628.08000000,0.00765040,2026-08-19T16:17:51.782079Z
coinbase,1073149102,,BTC-USD,buy,68625.22000000,0.00700000,2026-08-19T16:17:51.777841Z
coinbase,1073149101,,BTC-USD,sell,68631.53000000,0.03014698,2026-08-19T16:17:51.776501Z
coinbase,1073149100,,BTC-USD,sell,68631.08000000,0.00001700,2026-08-19T16:17:51.776501Z
coinbase,1073149099,,BTC-USD,sell,68629.87000000,0.17810000,2026-08-19T16:17:51.773917Z
coinbase,1073149098,,BTC-USD,sell,68629.63000000,0.02900000,2026-08-19T16:17:51.773647Z
coinbase,1073149097,,BTC-USD,sell,68628.84000000,0.29101860,2026-08-19T16:17:51.773647Z
coinbase,1073149096,,BTC-USD,sell,68628.81000000,0.00153353,2026-08-19T16:17:51.773647Z
coinbase,1073149095,,BTC-USD,sell,68627.53000000,0.00765044,2026-08-19T16:17:51.772980Z
coinbase,1073149094,,BTC-USD,sell,68625.22000000,0.00612035,2026-08-19T16:17:51.772980Z
coinbase,1073149093,,BTC-USD,sell,68623.50000000,0.01435805,2026-08-19T16:17:51.770702Z
coinbase,1073149092,,BTC-USD,sell,68623.50000000,0.04369083,2026-08-19T16:17:51.770702Z
coinbase,1073149091,,BTC-USD,buy,68623.49000000,0.00000009,2026-08-19T16:17:51.591841Z
coinbase,1073149090,,BTC-USD,buy,68623.49000000,0.00000006,2026-08-19T16:17:51.367601Z
coinbase,1073149089,,BTC-USD,sell,68624.60000000,0.03574242,2026-08-19T16:17:51.150356Z
coinbase,1073149088,,BTC-USD,sell,68623.52000000,0.00068422,2026-08-19T16:17:51.150356Z
coinbase,1073149087,,BTC-USD,sell,68623.52000000,0.02931578,2026-08-19T16:17:51.150335Z
coinbase,1073149086,,BTC-USD,sell,68623.50000000,0.04369083,2026-08-19T16:17:51.150335Z
coinbase,1073149085,,BTC-USD,sell,68623.50000000,0.01270000,2026-08-19T16:17:51.150335Z
coinbase,1073149084,,BTC-USD,sell,68623.50000000,0.03000000,2026-08-19T16:17:51.150335Z
coinbase,1073149083,,BTC-USD,sell,68623.50000000,0.02999997,2026-08-19T16:17:51.150335Z
coinbase,1073149082,,BTC-USD,sell,68623.50000000,0.00000001,2026-08-19T16:17:51.148921Z
coinbase,1073149081,,BTC-USD,sell,68623.50000000,0.00000014,2026-08-19T16:17:51.063560Z
coinbase,1073149080,,BTC-USD,sell,68623.50000000,0.00000001,2026-08-19T16:17:51.045930Z
coinbase,1073149079,,BTC-USD,buy,68624.59000000,0.00000004,2026-08-19T16:17:50.867614Z
coinbase,1073149078,,BTC-USD,sell,68624.60000000,0.00000001,2026-08-19T16:17:50.760966Z
coinbase,1073149077,,BTC-USD,buy,68624.59000000,0.00000001,2026-08-19T16:17:50.736793Z
coinbase,1073149076,,BTC-USD,sell,68624.60000000,0.00000001,2026-08-19T16:17:50.567049Z
coinbase,1073149075,,BTC-USD,buy,68624.58000000,0.00000008,2026-08-19T16:17:50.455039Z
coinbase,1073149074,,BTC-USD,sell,68624.59000000,0.00000001,2026-08-19T16:17:50.354833Z
coinbase,1073149073,,BTC-USD,sell,68622.89000000,0.11657918,2026-08-19T16:17:50.354252Z
coinbase,1073149072,,BTC-USD,sell,68622.15000000,0.02900000,2026-08-19T16:17:50.354252Z
coinbase,1073149071,,BTC-USD,sell,68621.72000000,0.00765108,2026-08-19T16:17:50.354252Z
coinbase,1073149070,,BTC-USD,sell,68620.59000000,0.00380453,2026-08-19T16:17:50.354252Z
coinbase,1073149069,,BTC-USD,sell,68619.41000000,0.00612087,2026-08-19T16:17:50.354252Z
coinbase,1073149068,,BTC-USD,sell,68617.69000000,0.02842384,2026-08-19T16:17:50.354252Z
coinbase,1073149067,,BTC-USD,sell,68617.69000000,0.04369083,2026-08-19T16:17:50.354252Z
coinbase,1073149066,,BTC-USD,buy,68617.68000000,0.00000008,2026-08-19T16:17:50.323010Z
coinbase,1073149065,,BTC-USD,buy,68621.35000000,0.00046043,2026-08-19T16:17:50.135195Z
coinbase,1073149064,,BTC-USD,sell,68621.36000000,0.00000001,2026-08-19T16:17:50.133671Z
coinbase,1073149063,,BTC-USD,buy,68621.35000000,0.00492893,2026-08-19T16:17:50.131743Z
coinbase,1073149062,,BTC-USD,buy,68621.35000000,0.00166317,2026-08-19T16:17:50.131250Z
coinbase,1073149061,,BTC-USD,buy,68621.35000000,0.00334433,2026-08-19T16:17:50.128432Z
coinbase,1073149060,,BTC-USD,buy,68621.35000000,0.00446154,2026-08-19T16:17:50.123610Z
coinbase,1073149059,,BTC-USD,buy,68621.35000000,0.00471580,2026-08-19T16:17:50.107587Z
coinbase,1073149058,,BTC-USD,buy,68621.35000000,0.00463493,2026-08-19T16:17:50.089049Z
coinbase,1073149057,,BTC-USD,buy,68621.35000000,0.00639034,2026-08-19T16:17:50.082294Z
coinbase,1073149056,,BTC-USD,buy,68621.35000000,0.00729081,2026-08-19T16:17:50.073937Z
coinbase,1073149055,,BTC-USD,buy,68621.35000000,0.00182028,2026-08-19T16:17:50.064633Z
coinbase,1073149054,,BTC-USD,buy,68621.35000000,0.00029943,2026-08-19T16:17:49.988690Z
coinbase,1073149053,,BTC-USD,buy,68621.35000000,0.01592450,2026-08-19T16:17:49.988461Z
coinbase,1073149052,,BTC-USD,buy,68621.35000000,0.00254171,2026-08-19T16:17:49.985301Z
coinbase,1073149051,,BTC-USD,buy,68621.35000000,0.03678023,2026-08-19T16:17:49.981941Z
coinbase,1073149050,,BTC-USD,buy,68621.35000000,0.00046219,2026-08-19T16:17:49.975103Z
coinbase,1073149049,,BTC-USD,buy,68621.35000000,0.01076142,2026-08-19T16:17:49.975025Z
coinbase,1073149048,,BTC-USD,sell,68624.33000000,0.00000001,2026-08-19T16:17:49.974293Z
coinbase,1073149047,,BTC-USD,buy,68621.35000000,0.00159890,2026-08-19T16:17:49.968919Z
coinbase,1073149046,,BTC-USD,buy,68621.35000000,0.00569633,2026-08-19T16:17:49.963436Z
coinbase,1073149045,,BTC-USD,buy,68621.35000000,0.00170074,2026-08-19T16:17:49.961666Z
coinbase,1073149044,,BTC-USD,buy,68621.42000000,0.00001700,2026-08-19T16:17:49.961666Z
coinbase,1073149043,,BTC-USD,buy,68624.64000000,0.00001700,2026-08-19T16:17:49.948829Z
coinbase,1073149042,,BTC-USD,buy,68625.09000000,0.00029082,2026-08-19T16:17:49.948829Z
coinbase,1073149041,,BTC-USD,buy,68625.09000000,0.00985613,2026-08-19T16:17:49.948437Z
coinbase,1073149040,,BTC-USD,buy,68625.09000000,0.00380038,2026-08-19T16:17:49.948240Z
coinbase,1073149039,,BTC-USD,buy,68625.09000000,0.00201865,2026-08-19T16:17:49.947503Z
coinbase,1073149038,,BTC-USD,buy,68625.09000000,0.00867664,2026-08-19T16:17:49.944932Z
coinbase,1073149037,,BTC-USD,buy,68625.09000000,0.00535738,2026-08-19T16:17:49.943725Z
coinbase,1073149036,,BTC-USD,buy,68625.09000000,0.04217195,2026-08-19T16:17:49.943725Z
coinbase,1073149035,,BTC-USD,buy,68625.09000000,0.00000013,2026-08-19T16:17:49.826686Z
coinbase,1073149034,,BTC-USD,sell,68625.10000000,0.00000001,2026-08-19T16:17:49.771290Z
coinbase,1073149033,,BTC-USD,sell,68626.18000000,0.00000001,2026-08-19T16:17:49.626093Z
coinbase,1073149032,,BTC-USD,buy,68631.04000000,0.17710000,2026-08-19T16:17:49.602892Z
coinbase,1073149031,,BTC-USD,sell,68631.05000000,0.00000001,2026-08-19T16:17:49.339745Z
coinbase,1073149030,,BTC-USD,buy,68630.44000000,0.00000010,2026-08-19T16:17:49.203455Z
coinbase,1073149029,,BTC-USD,sell,68631.05000000,0.00000001,2026-08-19T16:17:49.178709Z
coinbase,1073149028,,BTC-USD,sell,68632.40000000,0.00546047,2026-08-19T16:17:48.987326Z
coinbase,1073149027,,BTC-USD,sell,68632.41000000,0.00000001,2026-08-19T16:17:48.944314Z
coinbase,1073149026,,BTC-USD,sell,68641.77000000,0.10799339,2026-08-19T16:17:48.874327Z
coinbase,1073149025,,BTC-USD,sell,68639.35000000,0.05033000,2026-08-19T16:17:48.874327Z
coinbase,1073149024,,BTC-USD,sell,68637.45000000,0.17710000,2026-08-19T16:17:48.874327Z
coinbase,1073149023,,BTC-USD,sell,68636.79000000,0.04910925,2026-08-19T16:17:48.874327Z
coinbase,1073149022,,BTC-USD,buy,68625.10000000,0.34961773,2026-08-19T16:17:48.841654Z
coinbase,1073149021,,BTC-USD,buy,68626.59000000,0.09389969,2026-08-19T16:17:48.841654Z
coinbase,1073149020,,BTC-USD,buy,68630.69000000,0.17710000,2026-08-19T16:17:48.841654Z
coinbase,1073149019,,BTC-USD,buy,68630.72000000,0.14565933,2026-08-19T16:17:48.841654Z
coinbase,1073149018,,BTC-USD,buy,68632.20000000,0.01988249,2026-08-19T16:17:48.840960Z
coinbase,1073149017,,BTC-USD,buy,68641.56000000,0.13128705,2026-08-19T16:17:48.839845Z
coinbase,1073149016,,BTC-USD,buy,68641.56000000,0.00000004,2026-08-19T16:17:48.796754Z
coinbase,1073149015,,BTC-USD,sell,68647.81000000,0.00000001,2026-08-19T16:17:48.757852Z
coinbase,1073149014,,BTC-USD,buy,68625.08000000,0.38602368,2026-08-19T16:17:48.698328Z
coinbase,1073149013,,BTC-USD,buy,68625.85000000,0.17710000,2026-08-19T16:17:48.698328Z
coinbase,1073149012,,BTC-USD,buy,68625.90000000,0.13687632,2026-08-19T16:17:48.698328Z
coinbase,1073149011,,BTC-USD,buy,68625.90000000,0.03792239,2026-08-19T16:17:48.698278Z
coinbase,1073149010,,BTC-USD,buy,68626.78000000,0.07283280,2026-08-19T16:17:48.698278Z
coinbase,1073149009,,BTC-USD,buy,68626.84000000,0.00218573,2026-08-19T16:17:48.698278Z
coinbase,1073149008,,BTC-USD,buy,68627.09000000,0.58705908,2026-08-19T16:17:48.698278Z
coinbase,1073149007,,BTC-USD,buy,68627.09000000,0.00003187,2026-08-19T16:17:48.697841Z
coinbase,1073149006,,BTC-USD,buy,68627.09000000,0.11574657,2026-08-19T16:17:48.697691Z
coinbase,1073149005,,BTC-USD,buy,68631.60000000,0.17479871,2026-08-19T16:17:48.697691Z
coinbase,1073149004,,BTC-USD,buy,68632.29000000,0.14565933,2026-08-19T16:17:48.697691Z
coinbase,1073149003,,BTC-USD,buy,68634.51000000,0.17710000,2026-08-19T16:17:48.697691Z
coinbase,1073149002,,BTC-USD,buy,68634.52000000,0.27413560,2026-08-19T16:17:48.697691Z
coinbase,1073149001,,BTC-USD,buy,68636.24000000,0.00000839,2026-08-19T16:17:48.697691Z
coinbase,1073149000,,BTC-USD,buy,68637.52000000,0.11251953,2026-08-19T16:17:48.697691Z
coinbase,1073148999,,BTC-USD,buy,68637.52000000,0.32455918,2026-08-19T16:17:48.697506Z
coinbase,1073148998,,BTC-USD,buy,68637.52000000,0.43707871,2026-08-19T16:17:48.697506Z
coinbase,1073148997,,BTC-USD,buy,68637.53000000,0.23836211,2026-08-19T16:17:48.697506Z
coinbase,1073148996,,BTC-USD,buy,68637.53000000,0.28351488,2026-08-19T16:17:48.697404Z
coinbase,1073148995,,BTC-USD,buy,68637.55000000,0.17479871,2026-08-19T16:17:48.697404Z
coinbase,1073148994,,BTC-USD,buy,68643.10000000,0.17710000,2026-08-19T16:17:48.697404Z
coinbase,1073148993,,BTC-USD,buy,68643.96000000,0.00001700,2026-08-19T16:17:48.697404Z
coinbase,1073148992,,BTC-USD,buy,68645.24000000,0.06453541,2026-08-19T16:17:48.697404Z
coinbase,1073148991,,BTC-USD,buy,68647.18000000,0.00001700,2026-08-19T16:17:48.697404Z
coinbase,1073148990,,BTC-USD,buy,68650.40000000,0.00001700,2026-08-19T16:17:48.697404Z
coinbase,1073148989,,BTC-USD,sell,68656.30000000,0.00728073,2026-08-19T16:17:48.639460Z
coinbase,1073148988,,BTC-USD,buy,68653.41000000,0.00000003,2026-08-19T16:17:48.581779Z
coinbase,1073148987,,BTC-USD,sell,68659.82000000,0.00000001,2026-08-19T16:17:48.556780Z
coinbase,1073148986,,BTC-USD,buy,68652.46000000,0.03041793,2026-08-19T16:17:48.553685Z
coinbase,1073148985,,BTC-USD,buy,68652.50000000,0.07715232,2026-08-19T16:17:48.553685Z
coinbase,1073148984,,BTC-USD,buy,68653.62000000,0.00001700,2026-08-19T16:17:48.553685Z
coinbase,1073148983,,BTC-USD,buy,68656.84000000,0.00001700,2026-08-19T16:17:48.552818Z
coinbase,1073148982,,BTC-USD,buy,68657.52000000,0.17710000,2026-08-19T16:17:48.552818Z
coinbase,1073148981,,BTC-USD,sell,68663.27000000,0.00138615,2026-08-19T16:17:48.509883Z
coinbase,1073148980,,BTC-USD,buy,68660.00000000,0.00000001,2026-08-19T16:17:48.471768Z
coinbase,1073148979,,BTC-USD,buy,68660.00000000,0.00102128,2026-08-19T16:17:48.468838Z
coinbase,1073148978,,BTC-USD,buy,68660.06000000,0.00001700,2026-08-19T16:17:48.468838Z
coinbase,1073148977,,BTC-USD,buy,68663.28000000,0.00001700,2026-08-19T16:17:48.468838Z
coinbase,1073148976,,BTC-USD,buy,68665.00000000,0.01000000,2026-08-19T16:17:48.429281Z
coinbase,1073148975,,BTC-USD,buy,68665.08000000,0.00000005,2026-08-19T16:17:48.429281Z
coinbase,1073148974,,BTC-USD,buy,68665.40000000,0.01270000,2026-08-19T16:17:48.427744Z
coinbase,1073148973,,BTC-USD,buy,68666.50000000,0.00001700,2026-08-19T16:17:48.427744Z
coinbase,1073148972,,BTC-USD,sell,68671.87000000,0.00000001,2026-08-19T16:17:48.358463Z
coinbase,1073148971,,BTC-USD,buy,68672.94000000,0.05101480,2026-08-19T16:17:48.333228Z
coinbase,1073148970,,BTC-USD,buy,68669.72000000,0.00001700,2026-08-19T16:17:48.325394Z
coinbase,1073148969,,BTC-USD,buy,68670.00000000,0.00096184,2026-08-19T16:17:48.321489Z
coinbase,1073148968,,BTC-USD,buy,68670.00000000,0.00354572,2026-08-19T16:17:48.320374Z
coinbase,1073148967,,BTC-USD,buy,68670.00000000,0.00061289,2026-08-19T16:17:48.319043Z
coinbase,1073148966,,BTC-USD,buy,68672.94000000,0.00001700,2026-08-19T16:17:48.319043Z
coinbase,1073148965,,BTC-USD,sell,68679.17000000,0.00000014,2026-08-19T16:17:48.272860Z
coinbase,1073148964,,BTC-USD,buy,68674.38000000,0.11776716,2026-08-19T16:17:48.269092Z
coinbase,1073148963,,BTC-USD,buy,68675.00000000,0.01000000,2026-08-19T16:17:48.269092Z
coinbase,1073148962,,BTC-USD,buy,68675.32000000,0.00023223,2026-08-19T16:17:48.269092Z
coinbase,1073148961,,BTC-USD,buy,68676.16000000,0.00001700,2026-08-19T16:17:48.269092Z
coinbase,1073148960,,BTC-USD,buy,68679.38000000,0.00001700,2026-08-19T16:17:48.269092Z
coinbase,1073148959,,BTC-USD,buy,68680.00000000,0.01000000,2026-08-19T16:17:48.267054Z
coinbase,1073148958,,BTC-USD,buy,68682.60000000,0.00001694,2026-08-19T16:17:48.267054Z
coinbase,1073148957,,BTC-USD,sell,68682.61000000,0.00000465,2026-08-19T16:17:48.262609Z
coinbase,1073148956,,BTC-USD,sell,68682.61000000,0.02257907,2026-08-19T16:17:48.251332Z
coinbase,1073148955,,BTC-USD,buy,68682.60000000,0.00000006,2026-08-19T16:17:48.164421Z
coinbase,1073148954,,BTC-USD,sell,68689.05000000,0.06901322,2026-08-19T16:17:48.073361Z
coinbase,1073148953,,BTC-USD,sell,68689.05000000,0.06699000,2026-08-19T16:17:48.073361Z
coinbase,1073148952,,BTC-USD,buy,68685.00000000,0.01000000,2026-08-19T16:17:48.062589Z
coinbase,1073148951,,BTC-USD,buy,68685.82000000,0.00001700,2026-08-19T16:17:48.062589Z
coinbase,1073148950,,BTC-USD,buy,68689.04000000,0.00001700,2026-08-19T16:17:48.062589Z
coinbase,1073148949,,BTC-USD,buy,68690.40000000,0.01270000,2026-08-19T16:17:47.970355Z
coinbase,1073148948,,BTC-USD,buy,68690.40000000,0.00915243,2026-08-19T16:17:47.970355Z
coinbase,1073148947,,BTC-USD,buy,68690.40000000,0.00617420,2026-08-19T16:17:47.969668Z
coinbase,1073148946,,BTC-USD,buy,68690.40000000,0.07138181,2026-08-19T16:17:47.968093Z
coinbase,1073148945,,BTC-USD,buy,68690.40000000,0.05702289,2026-08-19T16:17:47.967588Z
coinbase,1073148944,,BTC-USD,buy,68690.40000000,0.02990884,2026-08-19T16:17:47.966169Z
coinbase,1073148943,,BTC-USD,buy,68690.40000000,0.01835895,2026-08-19T16:17:47.965967Z
coinbase,1073148942,,BTC-USD,buy,68690.40000000,0.02570253,2026-08-19T16:17:47.965476Z
coinbase,1073148941,,BTC-USD,buy,68690.40000000,0.02990883,2026-08-19T16:17:47.965271Z
coinbase,1073148940,,BTC-USD,buy,68690.40000000,0.01468716,2026-08-19T16:17:47.965221Z
coinbase,1073148939,,BTC-USD,buy,68690.40000000,0.29265307,2026-08-19T16:17:47.964493Z
coinbase,1073148938,,BTC-USD,buy,68690.40000000,0.06605052,2026-08-19T16:17:47.961217Z
coinbase,1073148937,,BTC-USD,buy,68690.40000000,0.07034928,2026-08-19T16:17:47.960938Z
coinbase,1073148936,,BTC-USD,buy,68690.40000000,0.02876274,2026-08-19T16:17:47.877644Z
coinbase,1073148935,,BTC-USD,buy,68690.40000000,0.08360925,2026-08-19T16:17:47.876329Z
coinbase,1073148934,,BTC-USD,buy,68690.40000000,0.01640925,2026-08-19T16:17:47.875938Z
coinbase,1073148933,,BTC-USD,buy,68690.40000000,0.11066197,2026-08-19T16:17:47.867424Z
coinbase,1073148932,,BTC-USD,buy,68690.40000000,0.03724484,2026-08-19T16:17:47.867134Z
coinbase,1073148931,,BTC-USD,buy,68690.40000000,0.06108003,2026-08-19T16:17:47.866394Z
coinbase,1073148930,,BTC-USD,buy,68690.40000000,0.03459713,2026-08-19T16:17:47.864467Z
coinbase,1073148929,,BTC-USD,buy,68690.40000000,0.00556569,2026-08-19T16:17:47.863185Z
coinbase,1073148928,,BTC-USD,buy,68690.40000000,0.02500000,2026-08-19T16:17:47.858031Z
coinbase,1073148927,,BTC-USD,buy,68690.40000000,0.00950000,2026-08-19T16:17:47.857188Z
coinbase,1073148926,,BTC-USD,buy,68690.40000000,0.40420577,2026-08-19T16:17:47.857071Z
coinbase,1073148925,,BTC-USD,buy,68692.26000000,0.00001700,2026-08-19T16:17:47.857071Z
coinbase,1073148924,,BTC-USD,buy,68693.01000000,0.01046849,2026-08-19T16:17:47.843195Z
coinbase,1073148923,,BTC-USD,buy,68693.01000000,0.17174890,2026-08-19T16:17:47.839164Z
coinbase,1073148922,,BTC-USD,buy,68695.00000000,0.01000000,2026-08-19T16:17:47.838502Z
coinbase,1073148921,,BTC-USD,buy,68695.48000000,0.00001700,2026-08-19T16:17:47.838502Z
coinbase,1073148920,,BTC-USD,buy,68698.70000000,0.00001654,2026-08-19T16:17:47.838502Z
coinbase,1073148919,,BTC-USD,buy,68698.70000000,0.00000046,2026-08-19T16:17:47.782540Z
coinbase,1073148918,,BTC-USD,buy,68700.00000000,0.00998300,2026-08-19T16:17:47.738985Z
coinbase,1073148917,,BTC-USD,buy,68701.92000000,0.00001700,2026-08-19T16:17:47.738985Z
coinbase,1073148916,,BTC-USD,buy,68701.96000000,0.00015385,2026-08-19T16:17:47.421625Z
coinbase,1073148915,,BTC-USD,buy,68702.22000000,0.00004031,2026-08-19T16:17:47.421625Z
coinbase,1073148914,,BTC-USD,buy,68702.24000000,0.00127594,2026-08-19T16:17:47.421625Z
coinbase,1073148913,,BTC-USD,sell,68703.26000000,0.00034512,2026-08-19T16:17:47.400386Z
coinbase,1073148912,,BTC-USD,buy,68705.70000000,0.01455483,2026-08-19T16:17:47.244047Z
coinbase,1073148911,,BTC-USD,buy,68705.70000000,0.01455483,2026-08-19T16:17:47.244047Z
coinbase,1073148910,,BTC-USD,buy,68705.71000000,0.00036590,2026-08-19T16:17:47.244047Z
coinbase,1073148909,,BTC-USD,buy,68707.08000000,0.05510116,2026-08-19T16:17:47.244047Z
coinbase,1073148908,,BTC-USD,buy,68707.08000000,0.00109159,2026-08-19T16:17:47.244047Z
coinbase,1073148907,,BTC-USD,buy,68707.08000000,0.25067659,2026-08-19T16:17:47.244047Z
coinbase,1073148906,,BTC-USD,buy,68707.08000000,0.13256051,2026-08-19T16:17:47.244047Z
coinbase,1073148905,,BTC-USD,buy,68707.08000000,0.00002040,2026-08-19T16:17:47.244047Z
coinbase,1073148904,,BTC-USD,buy,68707.08000000,0.01270000,2026-08-19T16:17:47.244047Z
coinbase,1073148903,,BTC-USD,buy,68707.08000000,0.00000012,2026-08-19T16:17:47.108448Z
coinbase,1073148902,,BTC-USD,buy,68707.08000000,0.00000007,2026-08-19T16:17:46.918807Z
coinbase,1073148901,,BTC-USD,sell,68707.09000000,0.00000001,2026-08-19T16:17:46.764110Z
coinbase,1073148900,,BTC-USD,sell,68707.09000000,0.00033143,2026-08-19T16:17:46.720757Z
coinbase,1073148899,,BTC-USD,sell,68707.09000000,0.00000001,2026-08-19T16:17:46.564175Z
coinbase,1073148898,,BTC-USD,buy,68707.08000000,0.00000004,2026-08-19T16:17:46.432949Z
coinbase,1073148897,,BTC-USD,sell,68707.09000000,0.00000001,2026-08-19T16:17:46.320906Z
coinbase,1073148896,,BTC-USD,buy,68707.08000000,0.00000001,2026-08-19T16:17:46.149942Z
coinbase,1073148895,,BTC-USD,sell,68707.09000000,0.00000001,2026-08-19T16:17:46.136209Z
coinbase,1073148894,,BTC-USD,buy,68707.08000000,0.00000003,2026-08-19T16:17:46.059186Z
coinbase,1073148893,,BTC-USD,sell,68707.09000000,0.00000001,2026-08-19T16:17:45.959305Z
coinbase,1073148892,,BTC-USD,buy,68707.08000000,0.00000028,2026-08-19T16:17:45.816847Z
coinbase,1073148891,,BTC-USD,sell,68707.09000000,0.00000001,2026-08-19T16:17:45.766595Z
coinbase,1073148890,,BTC-USD,sell,68707.09000000,0.00000001,2026-08-19T16:17:45.600892Z
coinbase,1073148889,,BTC-USD,buy,68707.08000000,0.00000014,2026-08-19T16:17:45.463175Z
coinbase,1073148888,,BTC-USD,buy,68707.08000000,0.00000002,2026-08-19T16:17:45.455461Z
coinbase,1073148887,,BTC-USD,buy,68707.08000000,0.00002154,2026-08-19T16:17:45.451008Z
coinbase,1073148886,,BTC-USD,sell,68707.09000000,0.00000001,2026-08-19T16:17:45.374970Z
coinbase,1073148885,,BTC-USD,sell,68706.19000000,0.02214253,2026-08-19T16:17:45.230146Z
coinbase,1073148884,,BTC-USD,sell,68705.72000000,0.03000000,2026-08-19T16:17:45.230146Z
coinbase,1073148883,,BTC-USD,sell,68705.72000000,0.04899460,2026-08-19T16:17:45.230146Z
coinbase,1073148882,,BTC-USD,sell,68705.72000000,0.00000001,2026-08-19T16:17:45.144618Z
coinbase,1073148881,,BTC-USD,buy,68705.71000000,0.00000003,2026-08-19T16:17:44.980979Z
coinbase,1073148880,,BTC-USD,sell,68705.72000000,0.00000001,2026-08-19T16:17:44.927639Z
coinbase,1073148879,,BTC-USD,sell,68705.72000000,0.00000001,2026-08-19T16:17:44.733204Z
coinbase,1073148878,,BTC-USD,sell,68705.72000000,0.00000001,2026-08-19T16:17:44.551821Z
coinbase,1073148877,,BTC-USD,buy,68705.71000000,0.00000003,2026-08-19T16:17:44.459267Z
coinbase,1073148876,,BTC-USD,buy,68705.71000000,0.00000003,2026-08-19T16:17:44.423521Z
coinbase,1073148875,,BTC-USD,sell,68705.72000000,0.00000001,2026-08-19T16:17:44.358441Z
coinbase,1073148874,,BTC-USD,sell,68705.72000000,0.00000001,2026-08-19T16:17:44.283693Z
coinbase,1073148873,,BTC-USD,sell,68705.72000000,0.00000001,2026-08-19T16:17:44.034321Z
coinbase,1073148872,,BTC-USD,buy,68705.71000000,0.00049064,2026-08-19T16:17:44.025367Z
coinbase,1073148871,,BTC-USD,buy,68705.71000000,0.00000012,2026-08-19T16:17:43.901433Z
coinbase,1073148870,,BTC-USD,buy,68705.00000000,0.00000001,2026-08-19T16:17:43.709272Z
coinbase,1073148869,,BTC-USD,buy,68705.00000000,0.00007142,2026-08-19T16:17:43.693795Z
coinbase,1073148868,,BTC-USD,buy,68705.00000000,0.01000000,2026-08-19T16:17:43.693795Z
coinbase,1073148867,,BTC-USD,buy,68705.14000000,0.00001700,2026-08-19T16:17:43.693795Z
coinbase,1073148866,,BTC-USD,buy,68708.36000000,0.00001700,2026-08-19T16:17:43.693795Z
coinbase,1073148865,,BTC-USD,buy,68712.51000000,0.00611224,2026-08-19T16:17:43.542149Z
coinbase,1073148864,,BTC-USD,buy,68709.01000000,0.24008464,2026-08-19T16:17:43.537387Z
coinbase,1073148863,,BTC-USD,buy,68709.02000000,0.18633060,2026-08-19T16:17:43.537387Z
coinbase,1073148862,,BTC-USD,buy,68710.00000000,0.01000000,2026-08-19T16:17:43.537387Z
coinbase,1073148861,,BTC-USD,buy,68710.77000000,0.00764003,2026-08-19T16:17:43.537387Z
coinbase,1073148860,,BTC-USD,buy,68711.58000000,0.00001700,2026-08-19T16:17:43.537387Z
coinbase,1073148859,,BTC-USD,buy,68712.51000000,0.00611224,2026-08-19T16:17:43.537387Z
coinbase,1073148858,,BTC-USD,buy,68714.22000000,0.00001549,2026-08-19T16:17:43.537387Z
coinbase,1073148857,,BTC-USD,buy,68714.22000000,0.02940000,2026-08-19T16:17:43.536842Z
coinbase,1073148856,,BTC-USD,buy,68714.22000000,0.00039800,2026-08-19T16:17:43.525635Z
coinbase,1073148855,,BTC-USD,buy,68714.80000000,0.00001700,2026-08-19T16:17:43.525635Z
coinbase,1073148854,,BTC-USD,buy,68719.00000000,0.00004743,2026-08-19T16:17:43.393148Z
coinbase,1073148853,,BTC-USD,buy,68719.18000000,0.06107088,2026-08-19T16:17:43.393148Z
coinbase,1073148852,,BTC-USD,buy,68719.18000000,0.00000006,2026-08-19T16:17:43.387720Z
coinbase,1073148851,,BTC-USD,buy,68722.36000000,0.01270000,2026-08-19T16:17:42.908553Z
coinbase,1073148850,,BTC-USD,buy,68722.61000000,0.00611152,2026-08-19T16:17:42.908553Z
coinbase,1073148849,,BTC-USD,buy,68722.61000000,0.00027305,2026-08-19T16:17:42.908553Z
coinbase,1073148848,,BTC-USD,buy,68722.61000000,0.00000011,2026-08-19T16:17:42.833355Z
coinbase,1073148847,,BTC-USD,buy,68722.61000000,0.00080774,2026-08-19T16:17:42.773843Z
coinbase,1073148846,,BTC-USD,buy,68722.62000000,0.00028796,2026-08-19T16:17:42.773843Z
coinbase,1073148845,,BTC-USD,buy,68722.62000000,0.00582356,2026-08-19T16:17:42.700245Z
coinbase,1073148844,,BTC-USD,sell,68722.63000000,0.00000001,2026-08-19T16:17:42.455238Z
coinbase,1073148843,,BTC-USD,buy,68722.62000000,0.00000009,2026-08-19T16:17:42.326430Z
coinbase,1073148842,,BTC-USD,buy,68722.62000000,0.00000053,2026-08-19T16:17:42.271255Z
coinbase,1073148841,,BTC-USD,sell,68722.63000000,0.00000001,2026-08-19T16:17:42.242087Z
coinbase,1073148840,,BTC-USD,sell,68722.62000000,0.00432296,2026-08-19T16:17:42.053334Z
coinbase,1073148839,,BTC-USD,sell,68722.62000000,0.00000001,2026-08-19T16:17:42.036217Z
coinbase,1073148838,,BTC-USD,buy,68722.61000000,0.00001043,2026-08-19T16:17:42.026185Z
coinbase,1073148837,,BTC-USD,sell,68722.62000000,0.00000001,2026-08-19T16:17:41.824224Z
coinbase,1073148836,,BTC-USD,buy,68722.61000000,0.00000002,2026-08-19T16:17:41.707028Z
coinbase,1073148835,,BTC-USD,sell,68722.62000000,0.00000001,2026-08-19T16:17:41.634525Z
coinbase,1073148834,,BTC-USD,sell,68722.62000000,0.00000001,2026-08-19T16:17:41.434254Z
coinbase,1073148833,,BTC-USD,buy,68722.61000000,0.00000001,2026-08-19T16:17:41.264758Z
coinbase,1073148832,,BTC-USD,sell,68722.62000000,0.00000001,2026-08-19T16:17:41.248646Z
coinbase,1073148831,,BTC-USD,buy,68720.06000000,0.00000003,2026-08-19T16:17:41.210934Z
coinbase,1073148830,,BTC-USD,buy,68719.02000000,0.00000009,2026-08-19T16:17:41.107633Z
coinbase,1073148829,,BTC-USD,sell,68719.03000000,0.00000001,2026-08-19T16:17:41.038623Z
coinbase,1073148828,,BTC-USD,sell,68719.03000000,0.00084890,2026-08-19T16:17:40.890518Z
coinbase,1073148827,,BTC-USD,sell,68719.03000000,0.00000001,2026-08-19T16:17:40.874540Z
coinbase,1073148826,,BTC-USD,buy,68719.00000000,0.00004410,2026-08-19T16:17:40.801265Z
coinbase,1073148825,,BTC-USD,buy,68719.00000000,0.00000005,2026-08-19T16:17:40.694675Z
coinbase,1073148824,,BTC-USD,sell,68721.30000000,0.00000001,2026-08-19T16:17:40.639888Z
coinbase,1073148823,,BTC-USD,buy,68721.29000000,0.00611144,2026-08-19T16:17:40.637036Z
coinbase,1073148822,,BTC-USD,buy,68723.00000000,0.01596979,2026-08-19T16:17:40.596059Z
coinbase,1073148821,,BTC-USD,buy,68723.00000000,0.00275957,2026-08-19T16:17:40.595533Z
coinbase,1073148820,,BTC-USD,buy,68723.00000000,0.01336173,2026-08-19T16:17:40.594580Z
coinbase,1073148819,,BTC-USD,buy,68723.00000000,0.01249788,2026-08-19T16:17:40.591024Z
coinbase,1073148818,,BTC-USD,buy,68723.00000000,0.11907030,2026-08-19T16:17:40.589326Z
coinbase,1073148817,,BTC-USD,buy,68723.38000000,0.01910000,2026-08-19T16:17:40.589326Z
coinbase,1073148816,,BTC-USD,buy,68723.41000000,0.00161834,2026-08-19T16:17:40.588300Z
coinbase,1073148815,,BTC-USD,buy,68723.92000000,0.00611140,2026-08-19T16:17:40.588300Z
coinbase,1073148814,,BTC-USD,buy,68723.92000000,0.00106709,2026-08-19T16:17:40.588300Z
coinbase,1073148813,,BTC-USD,sell,68723.93000000,0.00028589,2026-08-19T16:17:40.554225Z
coinbase,1073148812,,BTC-USD,sell,68723.93000000,0.00000001,2026-08-19T16:17:40.435055Z
coinbase,1073148811,,BTC-USD,buy,68723.92000000,0.00002413,2026-08-19T16:17:40.341826Z
coinbase,1073148810,,BTC-USD,sell,68723.93000000,0.00000001,2026-08-19T16:17:40.227290Z
coinbase,1073148809,,BTC-USD,sell,68723.93000000,0.00012425,2026-08-19T16:17:40.177504Z
coinbase,1073148808,,BTC-USD,buy,68723.92000000,0.00000010,2026-08-19T16:17:40.162966Z
coinbase,1073148807,,BTC-USD,sell,68723.93000000,0.00005908,2026-08-19T16:17:40.122027Z
coinbase,1073148806,,BTC-USD,sell,68723.93000000,0.00000001,2026-08-19T16:17:40.068888Z
coinbase,1073148805,,BTC-USD,sell,68723.93000000,0.00000001,2026-08-19T16:17:39.864073Z
coinbase,1073148804,,BTC-USD,sell,68723.75000000,0.00001484,2026-08-19T16:17:39.831979Z
coinbase,1073148803,,BTC-USD,sell,68723.75000000,0.00049277,2026-08-19T16:17:39.829336Z
coinbase,1073148802,,BTC-USD,sell,68721.24000000,0.00001700,2026-08-19T16:17:39.829336Z
coinbase,1073148801,,BTC-USD,sell,68720.71000000,0.00349023,2026-08-19T16:17:39.829336Z
coinbase,1073148800,,BTC-USD,sell,68720.71000000,0.00198301,2026-08-19T16:17:39.826316Z
coinbase,1073148799,,BTC-USD,sell,68718.02000000,0.00001699,2026-08-19T16:17:39.826316Z
coinbase,1073148798,,BTC-USD,sell,68718.02000000,0.00000001,2026-08-19T16:17:39.659171Z
coinbase,1073148797,,BTC-USD,buy,68718.01000000,0.00043688,2026-08-19T16:17:39.596883Z
coinbase,1073148796,,BTC-USD,buy,68718.01000000,0.00473252,2026-08-19T16:17:39.577061Z
coinbase,1073148795,,BTC-USD,buy,68718.01000000,0.00109130,2026-08-19T16:17:39.577061Z
coinbase,1073148794,,BTC-USD,buy,68718.01000000,0.00000016,2026-08-19T16:17:39.411057Z
coinbase,1073148793,,BTC-USD,sell,68716.30000000,0.01000000,2026-08-19T16:17:39.323764Z
coinbase,1073148792,,BTC-USD,sell,68716.29000000,0.01061683,2026-08-19T16:17:39.323764Z
coinbase,1073148791,,BTC-USD,sell,68714.80000000,0.00001700,2026-08-19T16:17:39.323764Z
coinbase,1073148790,,BTC-USD,sell,68711.58000000,0.00001700,2026-08-19T16:17:39.323764Z
coinbase,1073148789,,BTC-USD,sell,68702.99000000,0.02900000,2026-08-19T16:17:39.280831Z
coinbase,1073148788,,BTC-USD,sell,68702.99000000,0.09840179,2026-08-19T16:17:39.280831Z
coinbase,1073148787,,BTC-USD,sell,68702.99000000,0.02741163,2026-08-19T16:17:39.280599Z
coinbase,1073148786,,BTC-USD,sell,68702.99000000,0.01904158,2026-08-19T16:17:39.279375Z
coinbase,1073148785,,BTC-USD,sell,68702.99000000,0.03969868,2026-08-19T16:17:39.279375Z
coinbase,1073148784,,BTC-USD,sell,68702.99000000,0.00014052,2026-08-19T16:17:39.157154Z
coinbase,1073148783,,BTC-USD,buy,68702.98000000,0.00000004,2026-08-19T16:17:39.120916Z
coinbase,1073148782,,BTC-USD,sell,68702.99000000,0.00007075,2026-08-19T16:17:38.904803Z
coinbase,1073148781,,BTC-USD,buy,68702.98000000,0.00000001,2026-08-19T16:17:38.810774Z
coinbase,1073148780,,BTC-USD,sell,68702.99000000,0.00050460,2026-08-19T16:17:38.667771Z
coinbase,1073148779,,BTC-USD,sell,68702.99000000,0.00001441,2026-08-19T16:17:38.569315Z
coinbase,1073148778,,BTC-USD,sell,68702.99000000,0.00043230,2026-08-19T16:17:38.427531Z
coinbase,1073148777,,BTC-USD,buy,68702.98000000,0.00000003,2026-08-19T16:17:38.417350Z
coinbase,1073148776,,BTC-USD,buy,68702.98000000,0.00031369,2026-08-19T16:17:38.385706Z
coinbase,1073148775,,BTC-USD,buy,68702.98000000,0.00099151,2026-08-19T16:17:38.385706Z
coinbase,1073148774,,BTC-USD,buy,68702.98000000,0.00000005,2026-08-19T16:17:38.312470Z
coinbase,1073148773,,BTC-USD,sell,68702.99000000,0.00282946,2026-08-19T16:17:38.210810Z
coinbase,1073148772,,BTC-USD,sell,68702.99000000,0.00000001,2026-08-19T16:17:38.182353Z
coinbase,1073148771,,BTC-USD,buy,68702.98000000,0.00000037,2026-08-19T16:17:38.123521Z
coinbase,1073148770,,BTC-USD,sell,68702.99000000,0.00000001,2026-08-19T16:17:37.936851Z
coinbase,1073148769,,BTC-USD,sell,68702.99000000,0.00000001,2026-08-19T16:17:37.761287Z
coinbase,1073148768,,BTC-USD,sell,68702.99000000,0.00000001,2026-08-19T16:17:37.554344Z
coinbase,1073148767,,BTC-USD,sell,68702.99000000,0.00000001,2026-08-19T16:17:37.408069Z
coinbase,1073148766,,BTC-USD,buy,68702.98000000,0.00000007,2026-08-19T16:17:37.280480Z
coinbase,1073148765,,BTC-USD,buy,68702.98000000,0.00000003,2026-08-19T16:17:37.231547Z
coinbase,1073148764,,BTC-USD,sell,68702.99000000,0.00000001,2026-08-19T16:17:37.150030Z
coinbase,1073148763,,BTC-USD,buy,68702.98000000,0.00009434,2026-08-19T16:17:37.013399Z
coinbase,1073148762,,BTC-USD,sell,68702.99000000,0.00000001,2026-08-19T16:17:36.954095Z
coinbase,1073148761,,BTC-USD,buy,68702.98000000,0.00000004,2026-08-19T16:17:36.823779Z
coinbase,1073148760,,BTC-USD,sell,68702.99000000,0.00000001,2026-08-19T16:17:36.813740Z
coinbase,1073148759,,BTC-USD,sell,68702.99000000,0.00000001,2026-08-19T16:17:36.561300Z
coinbase,1073148758,,BTC-USD,buy,68702.98000000,0.00000001,2026-08-19T16:17:36.468837Z
coinbase,1073148757,,BTC-USD,sell,68702.99000000,0.00000001,2026-08-19T16:17:36.374688Z
coinbase,1073148756,,BTC-USD,buy,68702.98000000,0.00000005,2026-08-19T16:17:36.220088Z
coinbase,1073148755,,BTC-USD,sell,68702.99000000,0.00000001,2026-08-19T16:17:36.160853Z
coinbase,1073148754,,BTC-USD,sell,68702.99000000,0.00000001,2026-08-19T16:17:35.962574Z
coinbase,1073148753,,BTC-USD,buy,68702.98000000,0.00000520,2026-08-19T16:17:35.905107Z
coinbase,1073148752,,BTC-USD,buy,68700.44000000,0.00000005,2026-08-19T16:17:35.679857Z
coinbase,1073148751,,BTC-USD,sell,68715.90000000,0.09075159,2026-08-19T16:17:35.637449Z
coinbase,1073148750,,BTC-USD,sell,68715.81000000,0.00592000,2026-08-19T16:17:35.637449Z
coinbase,1073148749,,BTC-USD,sell,68714.80000000,0.00001700,2026-08-19T16:17:35.637449Z
coinbase,1073148748,,BTC-USD,sell,68714.04000000,0.04000000,2026-08-19T16:17:35.637449Z
coinbase,1073148747,,BTC-USD,sell,68714.04000000,0.02000000,2026-08-19T16:17:35.637449Z
coinbase,1073148746,,BTC-USD,sell,68714.04000000,0.08000000,2026-08-19T16:17:35.637449Z
coinbase,1073148745,,BTC-USD,sell,68713.32000000,0.17710000,2026-08-19T16:17:35.637449Z
coinbase,1073148744,,BTC-USD,sell,68712.16000000,0.14553465,2026-08-19T16:17:35.637449Z
coinbase,1073148743,,BTC-USD,sell,68711.58000000,0.00002184,2026-08-19T16:17:35.637449Z
coinbase,1073148742,,BTC-USD,sell,68711.58000000,0.00001700,2026-08-19T16:17:35.637449Z
coinbase,1073148741,,BTC-USD,sell,68711.58000000,0.04063792,2026-08-19T16:17:35.637449Z
coinbase,1073148740,,BTC-USD,sell,68711.58000000,0.02347063,2026-08-19T16:17:35.637302Z
coinbase,1073148739,,BTC-USD,sell,68709.89000000,0.51004488,2026-08-19T16:17:35.637302Z
coinbase,1073148738,,BTC-USD,sell,68708.36000000,0.00001700,2026-08-19T16:17:35.637302Z
coinbase,1073148737,,BTC-USD,sell,68707.69000000,0.07827699,2026-08-19T16:17:35.637302Z
coinbase,1073148736,,BTC-USD,sell,68706.45000000,0.01441643,2026-08-19T16:17:35.637302Z
coinbase,1073148735,,BTC-USD,sell,68705.14000000,0.00001700,2026-08-19T16:17:35.637302Z
coinbase,1073148734,,BTC-USD,sell,68702.53000000,0.11644403,2026-08-19T16:17:35.637302Z
coinbase,1073148733,,BTC-USD,sell,68701.92000000,0.00001700,2026-08-19T16:17:35.637302Z
coinbase,1073148732,,BTC-USD,sell,68700.78000000,0.00727904,2026-08-19T16:17:35.637302Z
coinbase,1073148731,,BTC-USD,sell,68700.00000000,0.14998513,2026-08-19T16:17:35.637302Z
coinbase,1073148730,,BTC-USD,sell,68700.00000000,0.00001487,2026-08-19T16:17:35.635878Z
coinbase,1073148729,,BTC-USD,sell,68698.70000000,0.00001700,2026-08-19T16:17:35.635878Z
coinbase,1073148728,,BTC-USD,sell,68696.04000000,0.02900000,2026-08-19T16:17:35.635845Z
coinbase,1073148727,,BTC-USD,sell,68695.48000000,0.04369083,2026-08-19T16:17:35.635845Z
coinbase,1073148726,,BTC-USD,sell,68695.48000000,0.00001700,2026-08-19T16:17:35.635845Z
coinbase,1073148725,,BTC-USD,sell,68692.00000000,0.04369083,2026-08-19T16:17:35.528905Z
coinbase,1073148724,,BTC-USD,sell,68692.00000000,0.00004823,2026-08-19T16:17:35.528905Z
coinbase,1073148723,,BTC-USD,sell,68692.00000000,0.01919524,2026-08-19T16:17:35.528905Z
coinbase,1073148722,,BTC-USD,sell,68692.00000000,0.00000001,2026-08-19T16:17:35.513169Z
coinbase,1073148721,,BTC-USD,buy,68691.99000000,0.00000030,2026-08-19T16:17:35.463182Z
coinbase,1073148720,,BTC-USD,sell,68692.00000000,0.00000001,2026-08-19T16:17:35.343501Z
coinbase,1073148719,,BTC-USD,buy,68691.99000000,0.00000010,2026-08-19T16:17:35.083171Z
coinbase,1073148718,,BTC-USD,buy,68691.99000000,0.00000014,2026-08-19T16:17:35.006578Z
coinbase,1073148717,,BTC-USD,buy,68691.99000000,0.00024136,2026-08-19T16:17:34.994376Z
coinbase,1073148716,,BTC-USD,sell,68690.41000000,0.04369083,2026-08-19T16:17:34.911747Z
coinbase,1073148715,,BTC-USD,sell,68690.41000000,0.00000015,2026-08-19T16:17:34.911747Z
coinbase,1073148714,,BTC-USD,sell,68690.41000000,0.00014969,2026-08-19T16:17:34.911747Z
coinbase,1073148713,,BTC-USD,sell,68690.41000000,0.13726670,2026-08-19T16:17:34.911747Z
coinbase,1073148712,,BTC-USD,sell,68690.41000000,0.00200042,2026-08-19T16:17:34.789507Z
coinbase,1073148711,,BTC-USD,buy,68690.40000000,0.00000002,2026-08-19T16:17:34.614122Z
coinbase,1073148710,,BTC-USD,sell,68690.41000000,0.00558788,2026-08-19T16:17:34.237738Z
coinbase,1073148709,,BTC-USD,buy,68690.40000000,0.11027801,2026-08-19T16:17:34.154073Z
coinbase,1073148708,,BTC-USD,sell,68690.41000000,0.02239795,2026-08-19T16:17:34.145346Z
coinbase,1073148707,,BTC-USD,buy,68690.40000000,0.00000001,2026-08-19T16:17:34.032893Z
coinbase,1073148706,,BTC-USD,buy,68690.40000000,0.00000006,2026-08-19T16:17:33.940545Z
coinbase,1073148705,,BTC-USD,sell,68690.41000000,0.00012425,2026-08-19T16:17:33.843032Z
coinbase,1073148704,,BTC-USD,sell,68690.41000000,0.00000001,2026-08-19T16:17:33.756075Z
coinbase,1073148703,,BTC-USD,buy,68690.40000000,0.05740102,2026-08-19T16:17:33.694449Z
coinbase,1073148702,,BTC-USD,buy,68690.40000000,0.09514124,2026-08-19T16:17:33.694449Z
coinbase,1073148701,,BTC-USD,buy,68690.40000000,0.02645774,2026-08-19T16:17:33.694449Z
coinbase,1073148700,,BTC-USD,buy,68690.40000000,0.00000016,2026-08-19T16:17:33.659997Z
coinbase,1073148699,,BTC-USD,buy,68690.40000000,0.00000012,2026-08-19T16:17:33.564923Z
coinbase,1073148698,,BTC-USD,sell,68690.41000000,0.00000001,2026-08-19T16:17:33.564486Z
coinbase,1073148697,,BTC-USD,sell,68690.41000000,0.00000001,2026-08-19T16:17:33.339846Z
coinbase,1073148696,,BTC-USD,buy,68690.40000000,0.00001560,2026-08-19T16:17:33.172760Z
coinbase,1073148695,,BTC-USD,sell,68690.41000000,0.00537804,2026-08-19T16:17:33.172489Z
coinbase,1073148694,,BTC-USD,sell,68690.41000000,0.00014722,2026-08-19T16:17:33.172489Z
coinbase,1073148693,,BTC-USD,sell,68690.41000000,0.00204196,2026-08-19T16:17:33.172489Z
coinbase,1073148692,,BTC-USD,sell,68690.41000000,0.00000001,2026-08-19T16:17:33.168185Z
coinbase,1073148691,,BTC-USD,sell,68690.41000000,0.00000001,2026-08-19T16:17:32.948012Z
coinbase,1073148690,,BTC-USD,buy,68690.40000000,0.00000368,2026-08-19T16:17:32.918609Z
coinbase,1073148689,,BTC-USD,buy,68690.40000000,0.00000008,2026-08-19T16:17:32.808754Z
coinbase,1073148688,,BTC-USD,sell,68690.41000000,0.00000001,2026-08-19T16:17:32.760752Z
coinbase,1073148687,,BTC-USD,buy,68690.40000000,0.02806045,2026-08-19T16:17:32.655265Z
coinbase,1073148686,,BTC-USD,buy,68690.40000000,0.00576140,2026-08-19T16:17:32.655265Z
coinbase,1073148685,,BTC-USD,sell,68690.41000000,0.00000001,2026-08-19T16:17:32.566023Z
coinbase,1073148684,,BTC-USD,buy,68690.40000000,0.00000002,2026-08-19T16:17:32.477840Z
coinbase,1073148683,,BTC-USD,sell,68690.41000000,0.00015065,2026-08-19T16:17:32.456488Z
coinbase,1073148682,,BTC-USD,sell,68690.41000000,0.00000001,2026-08-19T16:17:32.386821Z
coinbase,1073148681,,BTC-USD,buy,68690.40000000,0.00000006,2026-08-19T16:17:32.363108Z
coinbase,1073148680,,BTC-USD,sell,68690.41000000,0.00000001,2026-08-19T16:17:32.151896Z
coinbase,1073148679,,BTC-USD,sell,68690.41000000,0.00000001,2026-08-19T16:17:31.945253Z
coinbase,1073148678,,BTC-USD,buy,68690.40000000,0.00000001,2026-08-19T16:17:31.808394Z
coinbase,1073148677,,BTC-USD,sell,68690.41000000,0.00000001,2026-08-19T16:17:31.772406Z
coinbase,1073148676,,BTC-USD,sell,68690.41000000,0.00000001,2026-08-19T16:17:31.540067Z
coinbase,1073148675,,BTC-USD,buy,68690.40000000,0.00035223,2026-08-19T16:17:31.536272Z
coinbase,1073148674,,BTC-USD,buy,68690.40000000,0.00000006,2026-08-19T16:17:31.535366Z
coinbase,1073148673,,BTC-USD,buy,68690.40000000,0.00000009,2026-08-19T16:17:31.462302Z
coinbase,1073148672,,BTC-USD,sell,68690.41000000,0.00000001,2026-08-19T16:17:31.356034Z
coinbase,1073148671,,BTC-USD,buy,68690.40000000,0.00000013,2026-08-19T16:17:31.302657Z
coinbase,1073148670,,BTC-USD,sell,68690.41000000,0.00000001,2026-08-19T16:17:31.140661Z
coinbase,1073148669,,BTC-USD,sell,68690.41000000,0.00000001,2026-08-19T16:17:30.939942Z
coinbase,1073148668,,BTC-USD,sell,68690.41000000,0.00070744,2026-08-19T16:17:30.728733Z
coinbase,1073148667,,BTC-USD,buy,68690.40000000,0.00000008,2026-08-19T16:17:30.233776Z
coinbase,1073148666,,BTC-USD,buy,68690.40000000,0.00000013,2026-08-19T16:17:29.997495Z
coinbase,1073148665,,BTC-USD,buy,68690.40000000,0.00000007,2026-08-19T16:17:29.839179Z
coinbase,1073148664,,BTC-USD,sell,68690.41000000,0.00000001,2026-08-19T16:17:29.590925Z
coinbase,1073148663,,BTC-USD,sell,68690.41000000,0.00216171,2026-08-19T16:17:29.576189Z
coinbase,1073148662,,BTC-USD,buy,68690.40000000,0.00000001,2026-08-19T16:17:29.538748Z
coinbase,1073148661,,BTC-USD,sell,68690.41000000,0.00000001,2026-08-19T16:17:29.361911Z
coinbase,1073148660,,BTC-USD,buy,68690.40000000,0.00000004,2026-08-19T16:17:29.170380Z
coinbase,1073148659,,BTC-USD,sell,68690.41000000,0.00000001,2026-08-19T16:17:29.164385Z
coinbase,1073148658,,BTC-USD,sell,68690.41000000,0.00000001,2026-08-19T16:17:28.993490Z
coinbase,1073148657,,BTC-USD,sell,68690.41000000,0.00000001,2026-08-19T16:17:28.770193Z
coinbase,1073148656,,BTC-USD,buy,68690.40000000,0.00000006,2026-08-19T16:17:28.690271Z
coinbase,1073148655,,BTC-USD,sell,68690.41000000,0.00186568,2026-08-19T16:17:28.629335Z
coinbase,1073148654,,BTC-USD,sell,68690.41000000,0.00000001,2026-08-19T16:17:28.584542Z
coinbase,1073148653,,BTC-USD,sell,68689.02000000,0.02071248,2026-08-19T16:17:28.427589Z
coinbase,1073148652,,BTC-USD,sell,68689.02000000,0.00000001,2026-08-19T16:17:28.383900Z
coinbase,1073148651,,BTC-USD,buy,68689.01000000,0.00000006,2026-08-19T16:17:28.382329Z
coinbase,1073148650,,BTC-USD,buy,68689.01000000,0.00002470,2026-08-19T16:17:28.250692Z
coinbase,1073148649,,BTC-USD,sell,68689.02000000,0.00000001,2026-08-19T16:17:28.167255Z
coinbase,1073148648,,BTC-USD,buy,68689.01000000,0.00000010,2026-08-19T16:17:28.075017Z
coinbase,1073148647,,BTC-USD,sell,68689.02000000,0.00000001,2026-08-19T16:17:27.979273Z
coinbase,1073148646,,BTC-USD,sell,68689.02000000,0.00276200,2026-08-19T16:17:27.799127Z
coinbase,1073148645,,BTC-USD,sell,68706.45000000,0.16268357,2026-08-19T16:17:27.656840Z
coinbase,1073148644,,BTC-USD,sell,68705.87000000,0.04000000,2026-08-19T16:17:27.656840Z
coinbase,1073148643,,BTC-USD,sell,68705.37000000,0.02000000,2026-08-19T16:17:27.656840Z
coinbase,1073148642,,BTC-USD,sell,68705.37000000,0.07054974,2026-08-19T16:17:27.656840Z
coinbase,1073148641,,BTC-USD,sell,68705.14000000,0.00001700,2026-08-19T16:17:27.656840Z
coinbase,1073148640,,BTC-USD,sell,68704.96000000,0.09914060,2026-08-19T16:17:27.656840Z
coinbase,1073148639,,BTC-USD,sell,68704.96000000,0.06317855,2026-08-19T16:17:27.656479Z
coinbase,1073148638,,BTC-USD,sell,68703.70000000,0.01000000,2026-08-19T16:17:27.656479Z
coinbase,1073148637,,BTC-USD,sell,68701.92000000,0.00001700,2026-08-19T16:17:27.656479Z
coinbase,1073148636,,BTC-USD,sell,68700.00000000,0.12427619,2026-08-19T16:17:27.656479Z
coinbase,1073148635,,BTC-USD,sell,68700.00000000,0.00222276,2026-08-19T16:17:27.656479Z
coinbase,1073148634,,BTC-USD,sell,68700.00000000,0.00152000,2026-08-19T16:17:27.656479Z
coinbase,1073148633,,BTC-USD,sell,68699.75000000,0.23879533,2026-08-19T16:17:27.656479Z
coinbase,1073148632,,BTC-USD,sell,68699.75000000,0.00003187,2026-08-19T16:17:27.656476Z
coinbase,1073148631,,BTC-USD,sell,68699.75000000,0.37268889,2026-08-19T16:17:27.656373Z
coinbase,1073148630,,BTC-USD,sell,68699.58000000,0.17710000,2026-08-19T16:17:27.656373Z
coinbase,1073148629,,BTC-USD,sell,68698.70000000,0.00001700,2026-08-19T16:17:27.656373Z
coinbase,1073148628,,BTC-USD,sell,68695.48000000,0.00001700,2026-08-19T16:17:27.656373Z
coinbase,1073148627,,BTC-USD,sell,68692.92000000,0.00109197,2026-08-19T16:17:27.656373Z
coinbase,1073148626,,BTC-USD,sell,68692.26000000,0.00001700,2026-08-19T16:17:27.656373Z
coinbase,1073148625,,BTC-USD,sell,68691.20000000,0.01000000,2026-08-19T16:17:27.656373Z
coinbase,1073148624,,BTC-USD,sell,68690.88000000,0.00005034,2026-08-19T16:17:27.656373Z
coinbase,1073148623,,BTC-USD,sell,68690.88000000,0.05956266,2026-08-19T16:17:27.656373Z
coinbase,1073148622,,BTC-USD,sell,68690.88000000,0.00003187,2026-08-19T16:17:27.656342Z
coinbase,1073148621,,BTC-USD,sell,68690.88000000,0.08406380,2026-08-19T16:17:27.656324Z
coinbase,1073148620,,BTC-USD,sell,68689.04000000,0.00001700,2026-08-19T16:17:27.656324Z
coinbase,1073148619,,BTC-USD,sell,68689.00000000,0.00288782,2026-08-19T16:17:27.656324Z
coinbase,1073148618,,BTC-USD,sell,68689.00000000,0.00003187,2026-08-19T16:17:27.655692Z
coinbase,1073148617,,BTC-USD,sell,68686.32000000,0.00291166,2026-08-19T16:17:27.652748Z
coinbase,1073148616,,BTC-USD,sell,68684.80000000,0.01455926,2026-08-19T16:17:27.652748Z
coinbase,1073148615,,BTC-USD,sell,68684.80000000,0.01455926,2026-08-19T16:17:27.652748Z
coinbase,1073148614,,BTC-USD,sell,68684.49000000,0.02900000,2026-08-19T16:17:27.652748Z
coinbase,1073148613,,BTC-USD,sell,68684.02000000,0.00640000,2026-08-19T16:17:27.652748Z
coinbase,1073148612,,BTC-USD,sell,68683.42000000,0.04369083,2026-08-19T16:17:27.649916Z
coinbase,1073148611,,BTC-USD,sell,68683.42000000,0.01012381,2026-08-19T16:17:27.649916Z
coinbase,1073148610,,BTC-USD,sell,68683.42000000,0.02309752,2026-08-19T16:17:27.649916Z
coinbase,1073148609,,BTC-USD,sell,68683.42000000,0.00000001,2026-08-19T16:17:27.572557Z
coinbase,1073148608,,BTC-USD,buy,68683.41000000,0.00000018,2026-08-19T16:17:27.448408Z
coinbase,1073148607,,BTC-USD,sell,68683.42000000,0.00000001,2026-08-19T16:17:27.337857Z
coinbase,1073148606,,BTC-USD,buy,68683.41000000,0.00000003,2026-08-19T16:17:27.254369Z
coinbase,1073148605,,BTC-USD,sell,68683.42000000,0.00000001,2026-08-19T16:17:27.188026Z
coinbase,1073148604,,BTC-USD,buy,68683.41000000,0.00000003,2026-08-19T16:17:27.031580Z
coinbase,1073148603,,BTC-USD,sell,68683.42000000,0.04324252,2026-08-19T16:17:26.989237Z
coinbase,1073148602,,BTC-USD,sell,68683.42000000,0.00000001,2026-08-19T16:17:26.969623Z
coinbase,1073148601,,BTC-USD,sell,68683.42000000,0.00000001,2026-08-19T16:17:26.822687Z
coinbase,1073148600,,BTC-USD,sell,68683.42000000,0.07851491,2026-08-19T16:17:26.735843Z
coinbase,1073148599,,BTC-USD,sell,68683.42000000,0.04331815,2026-08-19T16:17:26.735843Z
coinbase,1073148598,,BTC-USD,sell,68683.42000000,0.00003187,2026-08-19T16:17:26.735749Z
coinbase,1073148597,,BTC-USD,sell,68683.42000000,0.00034081,2026-08-19T16:17:25.766893Z
coinbase,1073148596,,BTC-USD,sell,68683.42000000,0.00104040,2026-08-19T16:17:25.766893Z
coinbase,1073148595,,BTC-USD,buy,68683.41000000,0.00000007,2026-08-19T16:17:25.654068Z
coinbase,1073148594,,BTC-USD,buy,68683.41000000,0.00000009,2026-08-19T16:17:25.632295Z
coinbase,1073148593,,BTC-USD,sell,68683.42000000,0.00000001,2026-08-19T16:17:25.351692Z
coinbase,1073148592,,BTC-USD,sell,68683.42000000,0.00000001,2026-08-19T16:17:25.161104Z
coinbase,1073148591,,BTC-USD,buy,68683.41000000,0.00000004,2026-08-19T16:17:25.036111Z
coinbase,1073148590,,BTC-USD,sell,68683.42000000,0.00000001,2026-08-19T16:17:24.970631Z
coinbase,1073148589,,BTC-USD,sell,68683.42000000,0.00000001,2026-08-19T16:17:24.762048Z
coinbase,1073148588,,BTC-USD,buy,68683.41000000,0.00007990,2026-08-19T16:17:24.702925Z
coinbase,1073148587,,BTC-USD,buy,68683.41000000,0.00001996,2026-08-19T16:17:24.702925Z
coinbase,1073148586,,BTC-USD,buy,68683.41000000,0.00000014,2026-08-19T16:17:24.620866Z
coinbase,1073148585,,BTC-USD,sell,68683.42000000,0.00000001,2026-08-19T16:17:24.609823Z
coinbase,1073148584,,BTC-USD,sell,68683.42000000,0.00033137,2026-08-19T16:17:24.487239Z
coinbase,1073148583,,BTC-USD,sell,68683.42000000,0.00000001,2026-08-19T16:17:24.403634Z
coinbase,1073148582,,BTC-USD,buy,68683.41000000,0.00000022,2026-08-19T16:17:24.356110Z
coinbase,1073148581,,BTC-USD,sell,68683.42000000,0.00000001,2026-08-19T16:17:24.213836Z
coinbase,1073148580,,BTC-USD,sell,68683.42000000,0.00000001,2026-08-19T16:17:24.003620Z
coinbase,1073148579,,BTC-USD,sell,68683.42000000,0.00000001,2026-08-19T16:17:23.812816Z
coinbase,1073148578,,BTC-USD,sell,68683.42000000,0.00367516,2026-08-19T16:17:23.683650Z
coinbase,1073148577,,BTC-USD,sell,68683.42000000,0.00000001,2026-08-19T16:17:23.591717Z
coinbase,1073148576,,BTC-USD,buy,68683.41000000,0.00000007,2026-08-19T16:17:23.587245Z
coinbase,1073148575,,BTC-USD,buy,68683.41000000,0.00000003,2026-08-19T16:17:23.374125Z
coinbase,1073148574,,BTC-USD,sell,68683.42000000,0.00000001,2026-08-19T16:17:23.370959Z
coinbase,1073148573,,BTC-USD,buy,68683.41000000,0.00000025,2026-08-19T16:17:23.267921Z
coinbase,1073148572,,BTC-USD,sell,68683.42000000,0.00000001,2026-08-19T16:17:23.154124Z
coinbase,1073148571,,BTC-USD,buy,68683.41000000,0.00147056,2026-08-19T16:17:23.047375Z
coinbase,1073148570,,BTC-USD,sell,68683.41000000,0.00000001,2026-08-19T16:17:23.002752Z
coinbase,1073148569,,BTC-USD,sell,68683.42000000,0.00000001,2026-08-19T16:17:22.806369Z
coinbase,1073148568,,BTC-USD,sell,68682.27000000,0.01415126,2026-08-19T16:17:22.592932Z
coinbase,1073148567,,BTC-USD,buy,68682.26000000,0.00000010,2026-08-19T16:17:22.573947Z
coinbase,1073148566,,BTC-USD,sell,68682.27000000,0.00000001,2026-08-19T16:17:22.571976Z
coinbase,1073148565,,BTC-USD,buy,68682.26000000,0.00000019,2026-08-19T16:17:22.193414Z
coinbase,1073148564,,BTC-USD,buy,68681.25000000,0.00600000,2026-08-19T16:17:21.630909Z
coinbase,1073148563,,BTC-USD,sell,68682.52000000,0.00565950,2026-08-19T16:17:21.618795Z
coinbase,1073148562,,BTC-USD,buy,68682.60000000,0.00208383,2026-08-19T16:17:21.360075Z
coinbase,1073148561,,BTC-USD,buy,68682.60000000,0.00001700,2026-08-19T16:17:21.360075Z
coinbase,1073148560,,BTC-USD,sell,68682.61000000,0.00082445,2026-08-19T16:17:21.355133Z
coinbase,1073148559,,BTC-USD,sell,68682.61000000,0.00023076,2026-08-19T16:17:21.258652Z
coinbase,1073148558,,BTC-USD,sell,68682.61000000,0.00028825,2026-08-19T16:17:21.161066Z
coinbase,1073148557,,BTC-USD,buy,68686.70000000,0.02726762,2026-08-19T16:17:21.138763Z
coinbase,1073148556,,BTC-USD,buy,68686.70000000,0.07174643,2026-08-19T16:17:21.130343Z
coinbase,1073148555,,BTC-USD,buy,68687.02000000,0.00291969,2026-08-19T16:17:21.130343Z
coinbase,1073148554,,BTC-USD,buy,68689.15000000,0.00611434,2026-08-19T16:17:21.126735Z
coinbase,1073148553,,BTC-USD,buy,68689.49000000,0.01455827,2026-08-19T16:17:21.125917Z
coinbase,1073148552,,BTC-USD,buy,68689.49000000,0.01455827,2026-08-19T16:17:21.125917Z
coinbase,1073148551,,BTC-USD,buy,68690.81000000,0.01910000,2026-08-19T16:17:21.124259Z
coinbase,1073148550,,BTC-USD,buy,68690.87000000,0.00598877,2026-08-19T16:17:21.124259Z
coinbase,1073148549,,BTC-USD,buy,68690.87000000,0.00000006,2026-08-19T16:17:21.122609Z
coinbase,1073148548,,BTC-USD,buy,68690.87000000,0.00000009,2026-08-19T16:17:21.090053Z
coinbase,1073148547,,BTC-USD,sell,68690.88000000,0.00000001,2026-08-19T16:17:21.015332Z
coinbase,1073148546,,BTC-USD,buy,68690.87000000,0.00000016,2026-08-19T16:17:21.008525Z
coinbase,1073148545,,BTC-USD,sell,68690.88000000,0.00000001,2026-08-19T16:17:20.807723Z
coinbase,1073148544,,BTC-USD,buy,68690.87000000,0.00012526,2026-08-19T16:17:20.789942Z
coinbase,1073148543,,BTC-USD,sell,68690.88000000,0.00000001,2026-08-19T16:17:20.627848Z
coinbase,1073148542,,BTC-USD,sell,68690.88000000,0.00080877,2026-08-19T16:17:20.522718Z
coinbase,1073148541,,BTC-USD,sell,68690.88000000,0.00000001,2026-08-19T16:17:20.423747Z
coinbase,1073148540,,BTC-USD,buy,68690.87000000,0.00844740,2026-08-19T16:17:20.220503Z
coinbase,1073148539,,BTC-USD,buy,68690.87000000,0.00611434,2026-08-19T16:17:20.220503Z
coinbase,1073148538,,BTC-USD,sell,68690.88000000,0.00000001,2026-08-19T16:17:20.220433Z
coinbase,1073148537,,BTC-USD,sell,68690.88000000,0.00038784,2026-08-19T16:17:20.048464Z
coinbase,1073148536,,BTC-USD,sell,68690.88000000,0.00000001,2026-08-19T16:17:20.042728Z
coinbase,1073148535,,BTC-USD,sell,68689.86000000,0.00108300,2026-08-19T16:17:20.009358Z
coinbase,1073148534,,BTC-USD,sell,68689.04000000,0.00001700,2026-08-19T16:17:20.009358Z
coinbase,1073148533,,BTC-USD,sell,68686.90000000,0.01455882,2026-08-19T16:17:20.002964Z
coinbase,1073148532,,BTC-USD,sell,68686.90000000,0.01455882,2026-08-19T16:17:20.002964Z
coinbase,1073148531,,BTC-USD,sell,68686.99000000,0.01455880,2026-08-19T16:17:19.996019Z
coinbase,1073148530,,BTC-USD,sell,68686.99000000,0.01455880,2026-08-19T16:17:19.996019Z
coinbase,1073148529,,BTC-USD,sell,68686.71000000,0.07420264,2026-08-19T16:17:19.996019Z
coinbase,1073148528,,BTC-USD,sell,68686.71000000,0.07065236,2026-08-19T16:17:19.995919Z
coinbase,1073148527,,BTC-USD,sell,68686.71000000,0.00010143,2026-08-19T16:17:19.995919Z
coinbase,1073148526,,BTC-USD,sell,68685.62000000,0.02900000,2026-08-19T16:17:19.969437Z
coinbase,1073148525,,BTC-USD,sell,68685.53000000,0.04651710,2026-08-19T16:17:19.969437Z
coinbase,1073148524,,BTC-USD,sell,68685.52000000,0.00291967,2026-08-19T16:17:19.969437Z
coinbase,1073148523,,BTC-USD,sell,68685.54000000,0.00000001,2026-08-19T16:17:19.823315Z
coinbase,1073148522,,BTC-USD,buy,68681.52000000,0.00074950,2026-08-19T16:17:19.719583Z
coinbase,1073148521,,BTC-USD,buy,68681.52000000,0.00151609,2026-08-19T16:17:19.719583Z
coinbase,1073148520,,BTC-USD,buy,68681.52000000,0.00021977,2026-08-19T16:17:19.657318Z
coinbase,1073148519,,BTC-USD,sell,68685.59000000,0.00000001,2026-08-19T16:17:19.639328Z
coinbase,1073148518,,BTC-USD,buy,68681.52000000,0.00000016,2026-08-19T16:17:19.497843Z
coinbase,1073148517,,BTC-USD,sell,68685.63000000,0.00000001,2026-08-19T16:17:19.432224Z
coinbase,1073148516,,BTC-USD,buy,68680.00000000,0.00000005,2026-08-19T16:17:19.274556Z
coinbase,1073148515,,BTC-USD,sell,68685.70000000,0.00000001,2026-08-19T16:17:19.223378Z
coinbase,1073148514,,BTC-USD,buy,68679.72000000,0.01470359,2026-08-19T16:17:19.160272Z
coinbase,1073148513,,BTC-USD,sell,68685.72000000,0.00000001,2026-08-19T16:17:19.044175Z
coinbase,1073148512,,BTC-USD,buy,68685.84000000,0.01910000,2026-08-19T16:17:18.854208Z
coinbase,1073148511,,BTC-USD,buy,68686.70000000,0.00006912,2026-08-19T16:17:18.854208Z
coinbase,1073148510,,BTC-USD,sell,68686.71000000,0.00000001,2026-08-19T16:17:18.836355Z
coinbase,1073148509,,BTC-USD,sell,68686.71000000,0.00000001,2026-08-19T16:17:18.617218Z
coinbase,1073148508,,BTC-USD,sell,68686.71000000,0.00001428,2026-08-19T16:17:18.582571Z
coinbase,1073148507,,BTC-USD,sell,68686.71000000,0.00000001,2026-08-19T16:17:18.401544Z
coinbase,1073148506,,BTC-USD,buy,68686.70000000,0.00000015,2026-08-19T16:17:18.300481Z
coinbase,1073148505,,BTC-USD,sell,68687.82000000,0.00804954,2026-08-19T16:17:18.207439Z
coinbase,1073148504,,BTC-USD,sell,68686.72000000,0.00011574,2026-08-19T16:17:18.207439Z
coinbase,1073148503,,BTC-USD,sell,68686.71000000,0.00727904,2026-08-19T16:17:18.207439Z
coinbase,1073148502,,BTC-USD,sell,68686.61000000,0.02699999,2026-08-19T16:17:18.207439Z
coinbase,1073148501,,BTC-USD,sell,68686.61000000,0.00000001,2026-08-19T16:17:18.201450Z
coinbase,1073148500,,BTC-USD,sell,68686.60000000,0.00141483,2026-08-19T16:17:18.110908Z
coinbase,1073148499,,BTC-USD,sell,68685.15000000,0.00144124,2026-08-19T16:17:18.048985Z
coinbase,1073148498,,BTC-USD,sell,68683.43000000,0.00461301,2026-08-19T16:17:17.316156Z
coinbase,1073148497,,BTC-USD,buy,68683.42000000,0.00000006,2026-08-19T16:17:17.038883Z
coinbase,1073148496,,BTC-USD,sell,68683.43000000,0.00000001,2026-08-19T16:17:16.787248Z
coinbase,1073148495,,BTC-USD,buy,68683.42000000,0.00000009,2026-08-19T16:17:16.685512Z
coinbase,1073148494,,BTC-USD,buy,68683.42000000,0.00000014,2026-08-19T16:17:16.653585Z
coinbase,1073148493,,BTC-USD,sell,68683.43000000,0.00000001,2026-08-19T16:17:16.624351Z
coinbase,1073148492,,BTC-USD,sell,68683.43000000,0.01381218,2026-08-19T16:17:16.495190Z
coinbase,1073148491,,BTC-USD,buy,68683.42000000,0.00824886,2026-08-19T16:17:16.462961Z
coinbase,1073148490,,BTC-USD,buy,68683.42000000,0.00990000,2026-08-19T16:17:16.462961Z
coinbase,1073148489,,BTC-USD,sell,68683.43000000,0.00000001,2026-08-19T16:17:16.425587Z
coinbase,1073148488,,BTC-USD,sell,68683.43000000,0.00000001,2026-08-19T16:17:16.195340Z
coinbase,1073148487,,BTC-USD,sell,68683.43000000,0.00000001,2026-08-19T16:17:16.024120Z
coinbase,1073148486,,BTC-USD,sell,68683.61000000,0.00000001,2026-08-19T16:17:15.825743Z
coinbase,1073148485,,BTC-USD,sell,68684.79000000,0.00000001,2026-08-19T16:17:15.639178Z
coinbase,1073148484,,BTC-USD,sell,68686.58000000,0.00000001,2026-08-19T16:17:15.407631Z
coinbase,1073148483,,BTC-USD,buy,68681.56000000,0.00000003,2026-08-19T16:17:15.292886Z
coinbase,1073148482,,BTC-USD,sell,68681.57000000,0.00000001,2026-08-19T16:17:15.190845Z
coinbase,1073148481,,BTC-USD,buy,68680.26000000,0.00000010,2026-08-19T16:17:15.114926Z
coinbase,1073148480,,BTC-USD,sell,68681.57000000,0.00132206,2026-08-19T16:17:15.078769Z
coinbase,1073148479,,BTC-USD,sell,68682.61000000,0.00000001,2026-08-19T16:17:15.004756Z
coinbase,1073148478,,BTC-USD,buy,68681.00000000,0.04850833,2026-08-19T16:17:15.002374Z
coinbase,1073148477,,BTC-USD,buy,68682.60000000,0.00001700,2026-08-19T16:17:15.002374Z
coinbase,1073148476,,BTC-USD,buy,68683.01000000,0.03153570,2026-08-19T16:17:14.859376Z
coinbase,1073148475,,BTC-USD,buy,68683.01000000,0.01706184,2026-08-19T16:17:14.859373Z
coinbase,1073148474,,BTC-USD,buy,68683.01000000,0.03885529,2026-08-19T16:17:14.858692Z
coinbase,1073148473,,BTC-USD,buy,68684.82000000,0.01251801,2026-08-19T16:17:14.855137Z
coinbase,1073148472,,BTC-USD,buy,68684.82000000,0.01455926,2026-08-19T16:17:14.855137Z
coinbase,1073148471,,BTC-USD,buy,68686.20000000,0.11503116,2026-08-19T16:17:14.854207Z
coinbase,1073148470,,BTC-USD,buy,68686.20000000,0.02540000,2026-08-19T16:17:14.854207Z
coinbase,1073148469,,BTC-USD,sell,68686.21000000,0.00000001,2026-08-19T16:17:14.833820Z
coinbase,1073148468,,BTC-USD,sell,68686.21000000,0.00719314,2026-08-19T16:17:14.708855Z
coinbase,1073148467,,BTC-USD,sell,68686.47000000,0.00000001,2026-08-19T16:17:14.632144Z
coinbase,1073148466,,BTC-USD,sell,68686.21000000,0.00000001,2026-08-19T16:17:14.469686Z
coinbase,1073148465,,BTC-USD,buy,68686.20000000,0.00000004,2026-08-19T16:17:14.446746Z
coinbase,1073148464,,BTC-USD,sell,68686.21000000,0.00000001,2026-08-19T16:17:14.230453Z
coinbase,1073148463,,BTC-USD,sell,68686.21000000,0.00034540,2026-08-19T16:17:14.032383Z
coinbase,1073148462,,BTC-USD,sell,68686.21000000,0.00000001,2026-08-19T16:17:14.023270Z
coinbase,1073148461,,BTC-USD,buy,68685.17000000,0.00000013,2026-08-19T16:17:14.017717Z
coinbase,1073148460,,BTC-USD,sell,68685.01000000,0.00028843,2026-08-19T16:17:13.738150Z
coinbase,1073148459,,BTC-USD,buy,68685.02000000,0.00181437,2026-08-19T16:17:13.440610Z
coinbase,1073148458,,BTC-USD,buy,68685.02000000,0.00000005,2026-08-19T16:17:13.353289Z
coinbase,1073148457,,BTC-USD,sell,68685.03000000,0.00028298,2026-08-19T16:17:13.345499Z
coinbase,1073148456,,BTC-USD,buy,68685.02000000,0.00041500,2026-08-19T16:17:13.323235Z
coinbase,1073148455,,BTC-USD,sell,68685.03000000,0.00227976,2026-08-19T16:17:13.159935Z
coinbase,1073148454,,BTC-USD,sell,68686.07000000,0.00014416,2026-08-19T16:17:13.075644Z
coinbase,1073148453,,BTC-USD,buy,68685.00000000,0.00000012,2026-08-19T16:17:13.058718Z
coinbase,1073148452,,BTC-USD,buy,68686.71000000,0.00611466,2026-08-19T16:17:12.850911Z
coinbase,1073148451,,BTC-USD,buy,68686.70000000,0.06181462,2026-08-19T16:17:12.846607Z
coinbase,1073148450,,BTC-USD,buy,68686.71000000,0.00611466,2026-08-19T16:17:12.846607Z
coinbase,1073148449,,BTC-USD,buy,68686.70000000,0.00102896,2026-08-19T16:17:12.676074Z
coinbase,1073148448,,BTC-USD,buy,68686.70000000,0.03090113,2026-08-19T16:17:12.674436Z
coinbase,1073148447,,BTC-USD,buy,68689.02000000,0.00611436,2026-08-19T16:17:12.655051Z
coinbase,1073148446,,BTC-USD,buy,68690.74000000,0.00611435,2026-08-19T16:17:12.631211Z
coinbase,1073148445,,BTC-USD,buy,68690.74000000,0.00142138,2026-08-19T16:17:12.627304Z
coinbase,1073148444,,BTC-USD,buy,68690.74000000,0.00259865,2026-08-19T16:17:12.627067Z
coinbase,1073148443,,BTC-USD,buy,68690.74000000,0.00031751,2026-08-19T16:17:12.625996Z
coinbase,1073148442,,BTC-USD,buy,68690.74000000,0.00061181,2026-08-19T16:17:12.625584Z
coinbase,1073148441,,BTC-USD,buy,68690.64000000,0.06757988,2026-08-19T16:17:12.624061Z
coinbase,1073148440,,BTC-USD,buy,68690.70000000,0.07606355,2026-08-19T16:17:12.623473Z
coinbase,1073148439,,BTC-USD,buy,68690.74000000,0.00611435,2026-08-19T16:17:12.623473Z
coinbase,1073148438,,BTC-USD,sell,68690.82000000,0.00000001,2026-08-19T16:17:12.591773Z
coinbase,1073148437,,BTC-USD,sell,68690.87000000,0.00144195,2026-08-19T16:17:12.541060Z
coinbase,1073148436,,BTC-USD,sell,68691.08000000,0.00000001,2026-08-19T16:17:12.343421Z
coinbase,1073148435,,BTC-USD,buy,68690.70000000,0.00000010,2026-08-19T16:17:12.294547Z
coinbase,1073148434,,BTC-USD,buy,68690.68000000,0.00000005,2026-08-19T16:17:12.203511Z
coinbase,1073148433,,BTC-USD,sell,68691.19000000,0.00000001,2026-08-19T16:17:12.186596Z
coinbase,1073148432,,BTC-USD,sell,68691.19000000,0.00000001,2026-08-19T16:17:11.979341Z
coinbase,1073148431,,BTC-USD,sell,68690.66000000,0.00000001,2026-08-19T16:17:11.756025Z
coinbase,1073148430,,BTC-USD,buy,68690.65000000,0.00000012,2026-08-19T16:17:11.669236Z
coinbase,1073148429,,BTC-USD,buy,68690.67000000,0.00859253,2026-08-19T16:17:11.603071Z
coinbase,1073148428,,BTC-USD,buy,68690.67000000,0.00611435,2026-08-19T16:17:11.603071Z
coinbase,1073148427,,BTC-USD,sell,68690.68000000,0.00000001,2026-08-19T16:17:11.552167Z
coinbase,1073148426,,BTC-USD,buy,68690.66000000,0.00252546,2026-08-19T16:17:11.406023Z
coinbase,1073148425,,BTC-USD,buy,68690.70000000,0.00611435,2026-08-19T16:17:11.406023Z
coinbase,1073148424,,BTC-USD,sell,68690.95000000,0.00006849,2026-08-19T16:17:11.391652Z
coinbase,1073148423,,BTC-USD,sell,68690.95000000,0.00000001,2026-08-19T16:17:11.365751Z
coinbase,1073148422,,BTC-USD,buy,68690.67000000,0.00000020,2026-08-19T16:17:11.203302Z
coinbase,1073148421,,BTC-USD,sell,68691.05000000,0.00000001,2026-08-19T16:17:11.141809Z
coinbase,1073148420,,BTC-USD,buy,68690.64000000,0.00525287,2026-08-19T16:17:10.719228Z
coinbase,1073148419,,BTC-USD,buy,68690.65000000,0.02540000,2026-08-19T16:17:10.719228Z
coinbase,1073148418,,BTC-USD,buy,68690.65000000,0.00611434,2026-08-19T16:17:10.719228Z
coinbase,1073148417,,BTC-USD,buy,68690.64000000,0.00000005,2026-08-19T16:17:10.563722Z
coinbase,1073148416,,BTC-USD,buy,68690.58000000,0.00000014,2026-08-19T16:17:10.441137Z
coinbase,1073148415,,BTC-USD,buy,68690.57000000,0.00034502,2026-08-19T16:17:10.430929Z
coinbase,1073148414,,BTC-USD,sell,68689.04000000,0.00001700,2026-08-19T16:17:10.236347Z
coinbase,1073148413,,BTC-USD,sell,68685.82000000,0.00001698,2026-08-19T16:17:10.236347Z
coinbase,1073148412,,BTC-USD,sell,68685.82000000,0.00000001,2026-08-19T16:17:10.171447Z
coinbase,1073148411,,BTC-USD,sell,68685.82000000,0.00000001,2026-08-19T16:17:09.950233Z
coinbase,1073148410,,BTC-USD,buy,68685.81000000,0.00000601,2026-08-19T16:17:09.874459Z
coinbase,1073148409,,BTC-USD,buy,68685.81000000,0.00000006,2026-08-19T16:17:09.778419Z
coinbase,1073148408,,BTC-USD,sell,68683.59000000,0.01455952,2026-08-19T16:17:09.741074Z
coinbase,1073148407,,BTC-USD,sell,68683.59000000,0.01455952,2026-08-19T16:17:09.741074Z
coinbase,1073148406,,BTC-USD,sell,68682.60000000,0.00001700,2026-08-19T16:17:09.739996Z
coinbase,1073148405,,BTC-USD,sell,68682.48000000,0.02900000,2026-08-19T16:17:09.739996Z
coinbase,1073148404,,BTC-USD,buy,68682.12000000,0.00000013,2026-08-19T16:17:09.196338Z
coinbase,1073148403,,BTC-USD,sell,68682.13000000,0.00000061,2026-08-19T16:17:08.892419Z
coinbase,1073148402,,BTC-USD,sell,68679.38000000,0.00001700,2026-08-19T16:17:08.892419Z
coinbase,1073148401,,BTC-USD,sell,68676.16000000,0.00001700,2026-08-19T16:17:08.892419Z
coinbase,1073148400,,BTC-USD,buy,68676.15000000,0.00000035,2026-08-19T16:17:08.880814Z
coinbase,1073148399,,BTC-USD,sell,68675.33000000,0.14485500,2026-08-19T16:17:08.783961Z
coinbase,1073148398,,BTC-USD,sell,68675.33000000,0.00011575,2026-08-19T16:17:08.783961Z
coinbase,1073148397,,BTC-USD,sell,68675.33000000,0.11173249,2026-08-19T16:17:08.783961Z
coinbase,1073148396,,BTC-USD,buy,68675.32000000,0.00000022,2026-08-19T16:17:08.710073Z
coinbase,1073148395,,BTC-USD,sell,68675.33000000,0.00000001,2026-08-19T16:17:08.128516Z
coinbase,1073148394,,BTC-USD,sell,68675.33000000,0.00003187,2026-08-19T16:17:08.115730Z
coinbase,1073148393,,BTC-USD,sell,68675.33000000,0.00069054,2026-08-19T16:17:08.031095Z
coinbase,1073148392,,BTC-USD,buy,68675.32000000,0.00000005,2026-08-19T16:17:08.017300Z
coinbase,1073148391,,BTC-USD,sell,68675.33000000,0.00000001,2026-08-19T16:17:07.907747Z
coinbase,1073148390,,BTC-USD,sell,68675.33000000,0.00000001,2026-08-19T16:17:07.685344Z
coinbase,1073148389,,BTC-USD,buy,68675.32000000,0.00000007,2026-08-19T16:17:07.608558Z
coinbase,1073148388,,BTC-USD,buy,68675.32000000,0.00000005,2026-08-19T16:17:07.579427Z
coinbase,1073148387,,BTC-USD,sell,68675.33000000,0.00000001,2026-08-19T16:17:07.557360Z
coinbase,1073148386,,BTC-USD,sell,68675.33000000,0.00000001,2026-08-19T16:17:07.347836Z
coinbase,1073148385,,BTC-USD,sell,68675.33000000,0.00000001,2026-08-19T16:17:07.116323Z
coinbase,1073148384,,BTC-USD,sell,68675.33000000,0.00000001,2026-08-19T16:17:06.915877Z
coinbase,1073148383,,BTC-USD,buy,68675.32000000,0.00000018,2026-08-19T16:17:06.912680Z
coinbase,1073148382,,BTC-USD,sell,68675.33000000,0.00000001,2026-08-19T16:17:06.703474Z
coinbase,1073148381,,BTC-USD,buy,68675.32000000,0.00000017,2026-08-19T16:17:06.551691Z
coinbase,1073148380,,BTC-USD,buy,68675.32000000,0.00000016,2026-08-19T16:17:06.536435Z
coinbase,1073148379,,BTC-USD,sell,68675.33000000,0.00000001,2026-08-19T16:17:06.493446Z
coinbase,1073148378,,BTC-USD,sell,68675.33000000,0.00000001,2026-08-19T16:17:06.365308Z
coinbase,1073148377,,BTC-USD,sell,68675.33000000,0.03240000,2026-08-19T16:17:06.360095Z
coinbase,1073148376,,BTC-USD,sell,68672.94000000,0.00001698,2026-08-19T16:17:06.238290Z
coinbase,1073148375,,BTC-USD,sell,68672.94000000,0.00000001,2026-08-19T16:17:06.182187Z
coinbase,1073148374,,BTC-USD,sell,68672.94000000,0.00000001,2026-08-19T16:17:05.932054Z
coinbase,1073148373,,BTC-USD,buy,68670.20000000,0.00000008,2026-08-19T16:17:05.843193Z
coinbase,1073148372,,BTC-USD,sell,68670.21000000,0.02900000,2026-08-19T16:17:05.836673Z
coinbase,1073148371,,BTC-USD,sell,68666.50000000,0.00001700,2026-08-19T16:17:05.836673Z
coinbase,1073148370,,BTC-USD,sell,68663.28000000,0.00001698,2026-08-19T16:17:05.836673Z
coinbase,1073148369,,BTC-USD,sell,68663.28000000,0.00000001,2026-08-19T16:17:05.689444Z
coinbase,1073148368,,BTC-USD,sell,68663.28000000,0.00000001,2026-08-19T16:17:05.515571Z
coinbase,1073148367,,BTC-USD,buy,68663.27000000,0.00000001,2026-08-19T16:17:05.436331Z
coinbase,1073148366,,BTC-USD,buy,68663.27000000,0.00000003,2026-08-19T16:17:05.434775Z
coinbase,1073148365,,BTC-USD,sell,68660.06000000,0.00001700,2026-08-19T16:17:05.332297Z
coinbase,1073148364,,BTC-USD,sell,68657.40000000,0.00000844,2026-08-19T16:17:05.332297Z
coinbase,1073148363,,BTC-USD,sell,68657.40000000,0.00000001,2026-08-19T16:17:05.309102Z
coinbase,1073148362,,BTC-USD,sell,68657.40000000,0.00018300,2026-08-19T16:17:05.217368Z
coinbase,1073148361,,BTC-USD,sell,68656.84000000,0.00001700,2026-08-19T16:17:05.217368Z
coinbase,1073148360,,BTC-USD,sell,68648.92000000,0.00610000,2026-08-19T16:17:05.177891Z
coinbase,1073148359,,BTC-USD,sell,68647.20000000,0.04478240,2026-08-19T16:17:05.175201Z
coinbase,1073148358,,BTC-USD,buy,68647.19000000,0.00000011,2026-08-19T16:17:04.695941Z
coinbase,1073148357,,BTC-USD,buy,68647.19000000,0.00000014,2026-08-19T16:17:04.574702Z
coinbase,1073148356,,BTC-USD,sell,68647.20000000,0.00014411,2026-08-19T16:17:04.542782Z
coinbase,1073148355,,BTC-USD,buy,68647.19000000,0.00000018,2026-08-19T16:17:04.324639Z
coinbase,1073148354,,BTC-USD,sell,68647.20000000,0.00305194,2026-08-19T16:17:04.245766Z
coinbase,1073148353,,BTC-USD,buy,68647.19000000,0.01470711,2026-08-19T16:17:03.994414Z
coinbase,1073148352,,BTC-USD,buy,68647.19000000,0.00000006,2026-08-19T16:17:03.592672Z
coinbase,1073148351,,BTC-USD,sell,68647.20000000,0.00000001,2026-08-19T16:17:03.590018Z
coinbase,1073148350,,BTC-USD,buy,68647.19000000,0.00000003,2026-08-19T16:17:03.555657Z
coinbase,1073148349,,BTC-USD,sell,68649.87000000,0.00000001,2026-08-19T16:17:03.416904Z
coinbase,1073148348,,BTC-USD,buy,68650.30000000,0.00640000,2026-08-19T16:17:03.292406Z
coinbase,1073148347,,BTC-USD,buy,68650.40000000,0.00001464,2026-08-19T16:17:03.292406Z
coinbase,1073148346,,BTC-USD,buy,68650.40000000,0.00000014,2026-08-19T16:17:03.235384Z
coinbase,1073148345,,BTC-USD,buy,68650.40000000,0.00000222,2026-08-19T16:17:03.224995Z
coinbase,1073148344,,BTC-USD,buy,68653.62000000,0.00000011,2026-08-19T16:17:03.224995Z
coinbase,1073148343,,BTC-USD,sell,68653.63000000,0.00000001,2026-08-19T16:17:03.220735Z
coinbase,1073148342,,BTC-USD,buy,68653.62000000,0.00001689,2026-08-19T16:17:03.131845Z
coinbase,1073148341,,BTC-USD,buy,68653.66000000,0.00000003,2026-08-19T16:17:03.075522Z
coinbase,1073148340,,BTC-USD,sell,68653.68000000,0.00000001,2026-08-19T16:17:03.018775Z
coinbase,1073148339,,BTC-USD,buy,68655.00000000,0.01000000,2026-08-19T16:17:03.002989Z
coinbase,1073148338,,BTC-USD,buy,68655.47000000,0.00640000,2026-08-19T16:17:03.002989Z
coinbase,1073148337,,BTC-USD,buy,68656.84000000,0.09171384,2026-08-19T16:17:03.002989Z
coinbase,1073148336,,BTC-USD,buy,68656.84000000,0.00001700,2026-08-19T16:17:03.002989Z
coinbase,1073148335,,BTC-USD,sell,68656.85000000,0.00141509,2026-08-19T16:17:02.964061Z
coinbase,1073148334,,BTC-USD,sell,68657.40000000,0.00000001,2026-08-19T16:17:02.849349Z
coinbase,1073148333,,BTC-USD,sell,68657.42000000,0.00000001,2026-08-19T16:17:02.630776Z
coinbase,1073148332,,BTC-USD,buy,68660.00000000,0.00081441,2026-08-19T16:17:02.590943Z
coinbase,1073148331,,BTC-USD,buy,68660.00000000,0.00037656,2026-08-19T16:17:02.589243Z
coinbase,1073148330,,BTC-USD,buy,68660.00000000,0.00073880,2026-08-19T16:17:02.588681Z
coinbase,1073148329,,BTC-USD,buy,68660.00000000,0.00170329,2026-08-19T16:17:02.587625Z
coinbase,1073148328,,BTC-USD,buy,68660.06000000,0.00001697,2026-08-19T16:17:02.587625Z
coinbase,1073148327,,BTC-USD,buy,68663.28000000,0.00001700,2026-08-19T16:17:02.575569Z
coinbase,1073148326,,BTC-USD,buy,68660.06000000,0.00000003,2026-08-19T16:17:02.567980Z
coinbase,1073148325,,BTC-USD,buy,68663.28000000,0.00001700,2026-08-19T16:17:02.567289Z
coinbase,1073148324,,BTC-USD,buy,68666.50000000,0.00001700,2026-08-19T16:17:02.515820Z
coinbase,1073148323,,BTC-USD,buy,68670.68000000,0.00006122,2026-08-19T16:17:02.459203Z
coinbase,1073148322,,BTC-USD,buy,68670.68000000,0.00004587,2026-08-19T16:17:02.459203Z
coinbase,1073148321,,BTC-USD,buy,68672.78000000,0.00109213,2026-08-19T16:17:02.449325Z
coinbase,1073148320,,BTC-USD,buy,68672.78000000,0.06553523,2026-08-19T16:17:02.449325Z
coinbase,1073148319,,BTC-USD,buy,68672.78000000,0.05413609,2026-08-19T16:17:02.443196Z
coinbase,1073148318,,BTC-USD,buy,68672.78000000,0.01672078,2026-08-19T16:17:02.442999Z
coinbase,1073148317,,BTC-USD,buy,68672.78000000,0.06653106,2026-08-19T16:17:02.441361Z
coinbase,1073148316,,BTC-USD,buy,68672.78000000,0.09566432,2026-08-19T16:17:02.441361Z
coinbase,1073148315,,BTC-USD,sell,68672.79000000,0.00000001,2026-08-19T16:17:02.422240Z
coinbase,1073148314,,BTC-USD,buy,68672.78000000,0.00000001,2026-08-19T16:17:02.342354Z
coinbase,1073148313,,BTC-USD,sell,68672.79000000,0.00000001,2026-08-19T16:17:02.212527Z
coinbase,1073148312,,BTC-USD,buy,68672.78000000,0.00000007,2026-08-19T16:17:02.028603Z
coinbase,1073148311,,BTC-USD,sell,68673.42000000,0.00000001,2026-08-19T16:17:02.004509Z
coinbase,1073148310,,BTC-USD,buy,68672.78000000,0.00000013,2026-08-19T16:17:01.987346Z
coinbase,1073148309,,BTC-USD,sell,68673.14000000,0.00083483,2026-08-19T16:17:01.805805Z
coinbase,1073148308,,BTC-USD,sell,68672.79000000,0.00000001,2026-08-19T16:17:01.795735Z
coinbase,1073148307,,BTC-USD,sell,68672.79000000,0.00778319,2026-08-19T16:17:01.785054Z
coinbase,1073148306,,BTC-USD,sell,68674.61000000,0.00000001,2026-08-19T16:17:01.603148Z
coinbase,1073148305,,BTC-USD,buy,68673.46000000,0.00000010,2026-08-19T16:17:01.470285Z
coinbase,1073148304,,BTC-USD,sell,68675.82000000,0.00000001,2026-08-19T16:17:01.392720Z
coinbase,1073148303,,BTC-USD,sell,68675.84000000,0.00216246,2026-08-19T16:17:01.354982Z
coinbase,1073148302,,BTC-USD,sell,68675.95000000,0.00000001,2026-08-19T16:17:01.249222Z
coinbase,1073148301,,BTC-USD,sell,68672.10000000,0.00000001,2026-08-19T16:17:01.015878Z
coinbase,1073148300,,BTC-USD,buy,68672.09000000,0.00000013,2026-08-19T16:17:00.981136Z
coinbase,1073148299,,BTC-USD,sell,68672.10000000,0.00000001,2026-08-19T16:17:00.834249Z
coinbase,1073148298,,BTC-USD,buy,68672.09000000,0.00007266,2026-08-19T16:17:00.795694Z
coinbase,1073148297,,BTC-USD,buy,68672.09000000,0.00000005,2026-08-19T16:17:00.633398Z
coinbase,1073148296,,BTC-USD,buy,68672.09000000,0.00785679,2026-08-19T16:17:00.492915Z
coinbase,1073148295,,BTC-USD,buy,68672.14000000,0.00611601,2026-08-19T16:17:00.492915Z
coinbase,1073148294,,BTC-USD,buy,68672.14000000,0.00000006,2026-08-19T16:17:00.410170Z
coinbase,1073148293,,BTC-USD,buy,68673.54000000,0.12933666,2026-08-19T16:17:00.401677Z
coinbase,1073148292,,BTC-USD,buy,68673.55000000,0.00144020,2026-08-19T16:17:00.401677Z
coinbase,1073148291,,BTC-USD,buy,68674.15000000,0.01270000,2026-08-19T16:17:00.397926Z
coinbase,1073148290,,BTC-USD,buy,68674.15000000,0.00604303,2026-08-19T16:17:00.397926Z
coinbase,1073148289,,BTC-USD,buy,68674.15000000,0.00007266,2026-08-19T16:17:00.368036Z
coinbase,1073148288,,BTC-USD,buy,68674.15000000,0.00000014,2026-08-19T16:17:00.230795Z
coinbase,1073148287,,BTC-USD,buy,68674.14000000,0.00021929,2026-08-19T16:17:00.219090Z
coinbase,1073148286,,BTC-USD,buy,68673.54000000,0.00000001,2026-08-19T16:17:00.047687Z
coinbase,1073148285,,BTC-USD,buy,68673.54000000,0.00000014,2026-08-19T16:16:59.940861Z
coinbase,1073148284,,BTC-USD,buy,68673.23000000,0.00001965,2026-08-19T16:16:59.930621Z
coinbase,1073148283,,BTC-USD,buy,68672.58000000,0.00000009,2026-08-19T16:16:59.850695Z
coinbase,1073148282,,BTC-USD,buy,68674.54000000,0.00611576,2026-08-19T16:16:59.425284Z
coinbase,1073148281,,BTC-USD,buy,68674.55000000,0.00145963,2026-08-19T16:16:59.424516Z
coinbase,1073148280,,BTC-USD,buy,68674.54000000,0.01270000,2026-08-19T16:16:59.417639Z
coinbase,1073148279,,BTC-USD,buy,68674.54000000,0.00611576,2026-08-19T16:16:59.417639Z
coinbase,1073148278,,BTC-USD,buy,68674.53000000,0.00000003,2026-08-19T16:16:59.309563Z
coinbase,1073148277,,BTC-USD,sell,68674.35000000,0.00000001,2026-08-19T16:16:59.283372Z
coinbase,1073148276,,BTC-USD,buy,68674.10000000,0.00002500,2026-08-19T16:16:59.256503Z
coinbase,1073148275,,BTC-USD,sell,68674.14000000,0.00000001,2026-08-19T16:16:58.974639Z
coinbase,1073148274,,BTC-USD,buy,68672.79000000,0.00000008,2026-08-19T16:16:58.898394Z
coinbase,1073148273,,BTC-USD,buy,68672.14000000,0.00000013,2026-08-19T16:16:58.792463Z
coinbase,1073148272,,BTC-USD,sell,68672.14000000,0.00000001,2026-08-19T16:16:58.757593Z
coinbase,1073148271,,BTC-USD,sell,68672.14000000,0.00000001,2026-08-19T16:16:58.725712Z
coinbase,1073148270,,BTC-USD,sell,68674.06000000,0.00140506,2026-08-19T16:16:58.596642Z
coinbase,1073148269,,BTC-USD,sell,68673.09000000,0.00256587,2026-08-19T16:16:58.596642Z
coinbase,1073148268,,BTC-USD,sell,68673.08000000,0.00000001,2026-08-19T16:16:58.528080Z
coinbase,1073148267,,BTC-USD,buy,68672.11000000,0.01171212,2026-08-19T16:16:58.490420Z
coinbase,1073148266,,BTC-USD,sell,68673.10000000,0.00028305,2026-08-19T16:16:58.481810Z
coinbase,1073148265,,BTC-USD,buy,68673.34000000,0.00611585,2026-08-19T16:16:58.451154Z
coinbase,1073148264,,BTC-USD,buy,68673.33000000,0.00145657,2026-08-19T16:16:58.355299Z
coinbase,1073148263,,BTC-USD,buy,68673.10000000,0.00315513,2026-08-19T16:16:58.305547Z
coinbase,1073148262,,BTC-USD,sell,68674.66000000,0.00000001,2026-08-19T16:16:58.299634Z
coinbase,1073148261,,BTC-USD,sell,68674.97000000,0.00035381,2026-08-19T16:16:58.279094Z
coinbase,1073148260,,BTC-USD,sell,68675.00000000,0.00000001,2026-08-19T16:16:58.045617Z
coinbase,1073148259,,BTC-USD,buy,68673.63000000,0.00000002,2026-08-19T16:16:57.971990Z
coinbase,1073148258,,BTC-USD,sell,68676.02000000,0.00028840,2026-08-19T16:16:57.969903Z
coinbase,1073148257,,BTC-USD,sell,68673.11000000,0.00000001,2026-08-19T16:16:57.896379Z
coinbase,1073148256,,BTC-USD,sell,68673.11000000,0.00028838,2026-08-19T16:16:57.828171Z
coinbase,1073148255,,BTC-USD,buy,68673.10000000,0.00000001,2026-08-19T16:16:57.815426Z
coinbase,1073148254,,BTC-USD,buy,68673.10000000,0.00000012,2026-08-19T16:16:57.732079Z
coinbase,1073148253,,BTC-USD,sell,68673.11000000,0.00000001,2026-08-19T16:16:57.720795Z
coinbase,1073148252,,BTC-USD,buy,68672.11000000,0.00582633,2026-08-19T16:16:57.624155Z
coinbase,1073148251,,BTC-USD,buy,68673.05000000,0.04400000,2026-08-19T16:16:57.539748Z
coinbase,1073148250,,BTC-USD,buy,68672.08000000,0.00000008,2026-08-19T16:16:57.530270Z
coinbase,1073148249,,BTC-USD,buy,68672.24000000,0.01270000,2026-08-19T16:16:57.493735Z
coinbase,1073148248,,BTC-USD,buy,68672.36000000,0.00611592,2026-08-19T16:16:57.493735Z
coinbase,1073148247,,BTC-USD,buy,68672.36000000,0.00131925,2026-08-19T16:16:57.493735Z
coinbase,1073148246,,BTC-USD,sell,68672.37000000,0.00000001,2026-08-19T16:16:57.493514Z
coinbase,1073148245,,BTC-USD,buy,68674.09000000,0.00611578,2026-08-19T16:16:57.451541Z
coinbase,1073148244,,BTC-USD,buy,68674.10000000,0.00160044,2026-08-19T16:16:57.451541Z
coinbase,1073148243,,BTC-USD,sell,68675.46000000,0.00014059,2026-08-19T16:16:57.310798Z
coinbase,1073148242,,BTC-USD,sell,68675.46000000,0.00000001,2026-08-19T16:16:57.282794Z
coinbase,1073148241,,BTC-USD,buy,68674.06000000,0.00022065,2026-08-19T16:16:57.219839Z
coinbase,1073148240,,BTC-USD,sell,68673.18000000,0.00720986,2026-08-19T16:16:57.203905Z
coinbase,1073148239,,BTC-USD,sell,68673.85000000,0.00006849,2026-08-19T16:16:57.123041Z
coinbase,1073148238,,BTC-USD,sell,68673.85000000,0.00000001,2026-08-19T16:16:57.101046Z
coinbase,1073148237,,BTC-USD,sell,68673.95000000,0.00000001,2026-08-19T16:16:56.939072Z
coinbase,1073148236,,BTC-USD,buy,68671.27000000,0.00000009,2026-08-19T16:16:56.913007Z
coinbase,1073148235,,BTC-USD,sell,68671.23000000,0.09492238,2026-08-19T16:16:56.684083Z
coinbase,1073148234,,BTC-USD,sell,68671.23000000,0.04993258,2026-08-19T16:16:56.678176Z
coinbase,1073148233,,BTC-USD,sell,68671.22000000,0.04054420,2026-08-19T16:16:56.678176Z
coinbase,1073148232,,BTC-USD,buy,68671.21000000,0.00000010,2026-08-19T16:16:56.646635Z
coinbase,1073148231,,BTC-USD,sell,68671.22000000,0.00036047,2026-08-19T16:16:56.624411Z
coinbase,1073148230,,BTC-USD,sell,68671.22000000,0.00007210,2026-08-19T16:16:56.570364Z
coinbase,1073148229,,BTC-USD,sell,68671.22000000,0.00000001,2026-08-19T16:16:56.506449Z
coinbase,1073148228,,BTC-USD,sell,68671.22000000,0.00007210,2026-08-19T16:16:56.506179Z
coinbase,1073148227,,BTC-USD,buy,68671.21000000,0.00025918,2026-08-19T16:16:56.417567Z
coinbase,1073148226,,BTC-USD,buy,68671.21000000,0.00180183,2026-08-19T16:16:56.417239Z
coinbase,1073148225,,BTC-USD,buy,68671.21000000,0.01233266,2026-08-19T16:16:56.416994Z
coinbase,1073148224,,BTC-USD,buy,68671.21000000,0.00226541,2026-08-19T16:16:56.412778Z
coinbase,1073148223,,BTC-USD,buy,68671.21000000,0.00051536,2026-08-19T16:16:56.409485Z
coinbase,1073148222,,BTC-USD,buy,68671.21000000,0.12438383,2026-08-19T16:16:56.408651Z
coinbase,1073148221,,BTC-USD,buy,68671.21000000,0.00611609,2026-08-19T16:16:56.408651Z
coinbase,1073148220,,BTC-USD,buy,68671.21000000,0.01910000,2026-08-19T16:16:56.408651Z
coinbase,1073148219,,BTC-USD,sell,68671.22000000,0.00009734,2026-08-19T16:16:56.356132Z
coinbase,1073148218,,BTC-USD,buy,68671.21000000,0.00772930,2026-08-19T16:16:56.131859Z
coinbase,1073148217,,BTC-USD,buy,68671.21000000,0.00000003,2026-08-19T16:16:55.972922Z
coinbase,1073148216,,BTC-USD,sell,68671.22000000,0.00141545,2026-08-19T16:16:55.970630Z
coinbase,1073148215,,BTC-USD,sell,68671.22000000,0.00072097,2026-08-19T16:16:55.901067Z
coinbase,1073148214,,BTC-USD,sell,68671.22000000,0.00014059,2026-08-19T16:16:55.860106Z
coinbase,1073148213,,BTC-USD,buy,68670.68000000,0.00000002,2026-08-19T16:16:55.796035Z
coinbase,1073148212,,BTC-USD,sell,68670.69000000,0.00036049,2026-08-19T16:16:55.748325Z
coinbase,1073148211,,BTC-USD,buy,68670.68000000,0.00000009,2026-08-19T16:16:55.576846Z
coinbase,1073148210,,BTC-USD,buy,68670.68000000,0.00116924,2026-08-19T16:16:55.561674Z
coinbase,1073148209,,BTC-USD,buy,68670.68000000,0.00090956,2026-08-19T16:16:55.560310Z
coinbase,1073148208,,BTC-USD,buy,68670.68000000,0.00021525,2026-08-19T16:16:55.559394Z
coinbase,1073148207,,BTC-USD,buy,68670.68000000,0.00482077,2026-08-19T16:16:55.558751Z
coinbase,1073148206,,BTC-USD,buy,68670.68000000,0.00135713,2026-08-19T16:16:55.558071Z
coinbase,1073148205,,BTC-USD,buy,68670.68000000,0.00015038,2026-08-19T16:16:55.555777Z
coinbase,1073148204,,BTC-USD,buy,68670.68000000,0.00414583,2026-08-19T16:16:55.555605Z
coinbase,1073148203,,BTC-USD,buy,68670.68000000,0.02476635,2026-08-19T16:16:55.552711Z
coinbase,1073148202,,BTC-USD,buy,68670.68000000,0.00291969,2026-08-19T16:16:55.550988Z
coinbase,1073148201,,BTC-USD,buy,68670.68000000,0.00291969,2026-08-19T16:16:55.550783Z
coinbase,1073148200,,BTC-USD,buy,68670.68000000,0.00840206,2026-08-19T16:16:55.546692Z
coinbase,1073148199,,BTC-USD,buy,68670.68000000,0.00119350,2026-08-19T16:16:55.545937Z
coinbase,1073148198,,BTC-USD,buy,68670.68000000,0.00065717,2026-08-19T16:16:55.544269Z
coinbase,1073148197,,BTC-USD,buy,68670.68000000,0.02645376,2026-08-19T16:16:55.543754Z
coinbase,1073148196,,BTC-USD,buy,68670.68000000,0.00038219,2026-08-19T16:16:55.543741Z
coinbase,1073148195,,BTC-USD,buy,68670.68000000,0.00022391,2026-08-19T16:16:55.543084Z
coinbase,1073148194,,BTC-USD,buy,68670.68000000,0.00081209,2026-08-19T16:16:55.542798Z
coinbase,1073148193,,BTC-USD,buy,68670.68000000,0.00034259,2026-08-19T16:16:55.541603Z
coinbase,1073148192,,BTC-USD,buy,68670.68000000,0.00019438,2026-08-19T16:16:55.541557Z
coinbase,1073148191,,BTC-USD,buy,68670.68000000,0.02005377,2026-08-19T16:16:55.541527Z
coinbase,1073148190,,BTC-USD,buy,68670.68000000,0.01411738,2026-08-19T16:16:55.540630Z
coinbase,1073148189,,BTC-USD,buy,68671.21000000,0.00611609,2026-08-19T16:16:55.537062Z
coinbase,1073148188,,BTC-USD,buy,68671.21000000,0.11669231,2026-08-19T16:16:55.537062Z
coinbase,1073148187,,BTC-USD,buy,68671.21000000,0.01910000,2026-08-19T16:16:55.537062Z
coinbase,1073148186,,BTC-USD,buy,68671.21000000,0.00000001,2026-08-19T16:16:55.469043Z
coinbase,1073148185,,BTC-USD,sell,68671.22000000,0.00057677,2026-08-19T16:16:55.339743Z
coinbase,1073148184,,BTC-USD,buy,68670.46000000,0.00618516,2026-08-19T16:16:55.166192Z
coinbase,1073148183,,BTC-USD,buy,68670.46000000,0.00274268,2026-08-19T16:16:55.152735Z
coinbase,1073148182,,BTC-USD,buy,68670.46000000,0.00150426,2026-08-19T16:16:55.148798Z
coinbase,1073148181,,BTC-USD,buy,68670.45000000,0.01829409,2026-08-19T16:16:55.142734Z
coinbase,1073148180,,BTC-USD,buy,68670.45000000,0.00143666,2026-08-19T16:16:55.142587Z
coinbase,1073148179,,BTC-USD,buy,68670.46000000,0.00348820,2026-08-19T16:16:55.136548Z
coinbase,1073148178,,BTC-USD,buy,68670.46000000,0.00038593,2026-08-19T16:16:55.131535Z
coinbase,1073148177,,BTC-USD,buy,68670.46000000,0.00244544,2026-08-19T16:16:55.131022Z
coinbase,1073148176,,BTC-USD,buy,68670.46000000,0.00123179,2026-08-19T16:16:55.127705Z
coinbase,1073148175,,BTC-USD,buy,68670.46000000,0.00065777,2026-08-19T16:16:55.125772Z
coinbase,1073148174,,BTC-USD,buy,68670.46000000,0.00041368,2026-08-19T16:16:55.124870Z
coinbase,1073148173,,BTC-USD,buy,68670.46000000,0.00089213,2026-08-19T16:16:55.123989Z
coinbase,1073148172,,BTC-USD,buy,68670.46000000,0.00076690,2026-08-19T16:16:55.123227Z
coinbase,1073148171,,BTC-USD,buy,68670.46000000,0.00254580,2026-08-19T16:16:55.122212Z
coinbase,1073148170,,BTC-USD,buy,68670.46000000,0.00028822,2026-08-19T16:16:55.118210Z
coinbase,1073148169,,BTC-USD,buy,68670.46000000,0.03088414,2026-08-19T16:16:55.115488Z
coinbase,1073148168,,BTC-USD,buy,68669.87000000,0.04400000,2026-08-19T16:16:55.113346Z
coinbase,1073148167,,BTC-USD,buy,68670.46000000,0.02565176,2026-08-19T16:16:55.107157Z
coinbase,1073148166,,BTC-USD,buy,68670.46000000,0.00611608,2026-08-19T16:16:55.105179Z
coinbase,1073148165,,BTC-USD,buy,68670.46000000,0.00611608,2026-08-19T16:16:55.103975Z
coinbase,1073148164,,BTC-USD,buy,68670.46000000,0.00611608,2026-08-19T16:16:55.103926Z
coinbase,1073148163,,BTC-USD,buy,68670.46000000,0.02248180,2026-08-19T16:16:55.099986Z
coinbase,1073148162,,BTC-USD,buy,68671.48000000,0.00004572,2026-08-19T16:16:55.068983Z
coinbase,1073148161,,BTC-USD,buy,68672.93000000,0.00611594,2026-08-19T16:16:55.065004Z
coinbase,1073148160,,BTC-USD,buy,68672.93000000,0.01910000,2026-08-19T16:16:55.065004Z
coinbase,1073148159,,BTC-USD,buy,68672.93000000,0.04382347,2026-08-19T16:16:55.065004Z
coinbase,1073148158,,BTC-USD,buy,68672.93000000,0.00017653,2026-08-19T16:16:54.888176Z
coinbase,1073148157,,BTC-USD,sell,68674.10000000,0.00704079,2026-08-19T16:16:54.793282Z
coinbase,1073148156,,BTC-USD,sell,68672.94000000,0.00001700,2026-08-19T16:16:54.793282Z
coinbase,1073148155,,BTC-USD,sell,68670.47000000,0.00004004,2026-08-19T16:16:54.793282Z
coinbase,1073148154,,BTC-USD,sell,68670.47000000,0.00000001,2026-08-19T16:16:54.644792Z
coinbase,1073148153,,BTC-USD,buy,68670.46000000,0.00000013,2026-08-19T16:16:54.642755Z
coinbase,1073148152,,BTC-USD,buy,68670.46000000,0.00000011,2026-08-19T16:16:54.563574Z
coinbase,1073148151,,BTC-USD,sell,68670.47000000,0.01388766,2026-08-19T16:16:54.557527Z
coinbase,1073148150,,BTC-USD,sell,68669.72000000,0.00023148,2026-08-19T16:16:54.557527Z
coinbase,1073148149,,BTC-USD,sell,68669.72000000,0.00001699,2026-08-19T16:16:54.557527Z
coinbase,1073148148,,BTC-USD,buy,68669.71000000,0.00000004,2026-08-19T16:16:54.554780Z
coinbase,1073148147,,BTC-USD,sell,68669.72000000,0.00000001,2026-08-19T16:16:54.444896Z
coinbase,1073148146,,BTC-USD,sell,68666.50000000,0.00000001,2026-08-19T16:16:54.029835Z
coinbase,1073148145,,BTC-USD,sell,68666.50000000,0.00004068,2026-08-19T16:16:53.688750Z
coinbase,1073148144,,BTC-USD,sell,68666.50000000,0.00001700,2026-08-19T16:16:53.688750Z
coinbase,1073148143,,BTC-USD,sell,68663.72000000,0.00011576,2026-08-19T16:16:53.477335Z
coinbase,1073148142,,BTC-USD,sell,68663.28000000,0.00001700,2026-08-19T16:16:53.477335Z
coinbase,1073148141,,BTC-USD,sell,68661.06000000,0.14485496,2026-08-19T16:16:53.473128Z
coinbase,1073148140,,BTC-USD,sell,68661.06000000,0.00000001,2026-08-19T16:16:53.456820Z
coinbase,1073148139,,BTC-USD,buy,68661.05000000,0.00000007,2026-08-19T16:16:53.436921Z
coinbase,1073148138,,BTC-USD,buy,68661.05000000,0.00000005,2026-08-19T16:16:53.421499Z
coinbase,1073148137,,BTC-USD,buy,68661.05000000,0.00000001,2026-08-19T16:16:53.304755Z
coinbase,1073148136,,BTC-USD,sell,68661.06000000,0.00000001,2026-08-19T16:16:53.240433Z
coinbase,1073148135,,BTC-USD,sell,68661.06000000,0.00000001,2026-08-19T16:16:53.150661Z
coinbase,1073148134,,BTC-USD,sell,68661.06000000,0.00000001,2026-08-19T16:16:52.881368Z
coinbase,1073148133,,BTC-USD,sell,68660.06000000,0.00001700,2026-08-19T16:16:52.760007Z
coinbase,1073148132,,BTC-USD,sell,68659.92000000,0.01260925,2026-08-19T16:16:52.760007Z
coinbase,1073148131,,BTC-USD,sell,68659.89000000,0.01260925,2026-08-19T16:16:52.760007Z
coinbase,1073148130,,BTC-USD,sell,68659.88000000,0.01260925,2026-08-19T16:16:52.760007Z
coinbase,1073148129,,BTC-USD,sell,68659.86000000,0.01260925,2026-08-19T16:16:52.760007Z
coinbase,1073148128,,BTC-USD,sell,68659.83000000,0.01260925,2026-08-19T16:16:52.760007Z
coinbase,1073148127,,BTC-USD,sell,68659.82000000,0.01260925,2026-08-19T16:16:52.760007Z
coinbase,1073148126,,BTC-USD,sell,68658.57000000,0.00145984,2026-08-19T16:16:52.760007Z
coinbase,1073148125,,BTC-USD,sell,68658.55000000,0.02900000,2026-08-19T16:16:52.760007Z
coinbase,1073148124,,BTC-USD,buy,68658.51000000,0.14806265,2026-08-19T16:16:52.743744Z
coinbase,1073148123,,BTC-USD,sell,68658.62000000,0.00000001,2026-08-19T16:16:52.648092Z
coinbase,1073148122,,BTC-USD,buy,68656.77000000,0.00402597,2026-08-19T16:16:52.555397Z
coinbase,1073148121,,BTC-USD,sell,68655.76000000,0.00000001,2026-08-19T16:16:52.446725Z
coinbase,1073148120,,BTC-USD,buy,68655.75000000,0.00000002,2026-08-19T16:16:52.396717Z
coinbase,1073148119,,BTC-USD,buy,68655.53000000,0.00000014,2026-08-19T16:16:52.364150Z
coinbase,1073148118,,BTC-USD,buy,68654.52000000,0.00000019,2026-08-19T16:16:52.303237Z
coinbase,1073148117,,BTC-USD,sell,68655.83000000,0.00000001,2026-08-19T16:16:52.280057Z
coinbase,1073148116,,BTC-USD,sell,68654.82000000,0.00070773,2026-08-19T16:16:52.113144Z
coinbase,1073148115,,BTC-USD,buy,68654.74000000,0.00611733,2026-08-19T16:16:52.091349Z
coinbase,1073148114,,BTC-USD,buy,68658.17000000,0.00611726,2026-08-19T16:16:52.075254Z
coinbase,1073148113,,BTC-USD,buy,68658.17000000,0.02540000,2026-08-19T16:16:52.075254Z
coinbase,1073148112,,BTC-USD,sell,68658.18000000,0.00021227,2026-08-19T16:16:52.062805Z
coinbase,1073148111,,BTC-USD,sell,68658.18000000,0.00000001,2026-08-19T16:16:52.038660Z
coinbase,1073148110,,BTC-USD,sell,68658.18000000,0.00000001,2026-08-19T16:16:51.873495Z
coinbase,1073148109,,BTC-USD,buy,68658.91000000,0.02083838,2026-08-19T16:16:51.761028Z
coinbase,1073148108,,BTC-USD,buy,68658.95000000,0.00611715,2026-08-19T16:16:51.761028Z
coinbase,1073148107,,BTC-USD,buy,68658.95000000,0.12034036,2026-08-19T16:16:51.754100Z
coinbase,1073148106,,BTC-USD,buy,68658.95000000,0.00611715,2026-08-19T16:16:51.754100Z
coinbase,1073148105,,BTC-USD,buy,68658.94000000,0.00398594,2026-08-19T16:16:51.615976Z
coinbase,1073148104,,BTC-USD,buy,68658.94000000,0.02298432,2026-08-19T16:16:51.615976Z
coinbase,1073148103,,BTC-USD,buy,68658.95000000,0.00145984,2026-08-19T16:16:51.615976Z
coinbase,1073148102,,BTC-USD,buy,68660.05000000,0.02540000,2026-08-19T16:16:51.231631Z
coinbase,1073148101,,BTC-USD,buy,68660.05000000,0.00611709,2026-08-19T16:16:51.231631Z
coinbase,1073148100,,BTC-USD,buy,68660.05000000,0.00109233,2026-08-19T16:16:51.231631Z
coinbase,1073148099,,BTC-USD,buy,68660.05000000,0.00000030,2026-08-19T16:16:51.199100Z
coinbase,1073148098,,BTC-USD,buy,68660.05000000,0.00000015,2026-08-19T16:16:51.124491Z
coinbase,1073148097,,BTC-USD,buy,68660.05000000,0.00000001,2026-08-19T16:16:51.005434Z
coinbase,1073148096,,BTC-USD,buy,68660.05000000,0.00000007,2026-08-19T16:16:50.972979Z
coinbase,1073148095,,BTC-USD,sell,68657.90000000,0.02539805,2026-08-19T16:16:50.631390Z
coinbase,1073148094,,BTC-USD,sell,68656.87000000,0.00291969,2026-08-19T16:16:50.631390Z
coinbase,1073148093,,BTC-USD,buy,68651.91000000,0.00152923,2026-08-19T16:16:50.618057Z
coinbase,1073148092,,BTC-USD,buy,68654.23000000,0.00611745,2026-08-19T16:16:50.618057Z
coinbase,1073148091,,BTC-USD,buy,68655.93000000,0.00002287,2026-08-19T16:16:50.618057Z
coinbase,1073148090,,BTC-USD,buy,68655.93000000,0.00092281,2026-08-19T16:16:50.618057Z
coinbase,1073148089,,BTC-USD,buy,68655.94000000,0.00611736,2026-08-19T16:16:50.618057Z
coinbase,1073148088,,BTC-USD,buy,68655.93000000,0.03720767,2026-08-19T16:16:50.541233Z
coinbase,1073148087,,BTC-USD,buy,68655.94000000,0.02708184,2026-08-19T16:16:50.541233Z
coinbase,1073148086,,BTC-USD,sell,68655.94000000,0.00000001,2026-08-19T16:16:50.335912Z
coinbase,1073148085,,BTC-USD,buy,68655.93000000,0.00000014,2026-08-19T16:16:50.320632Z
coinbase,1073148084,,BTC-USD,buy,68655.93000000,0.00007355,2026-08-19T16:16:50.309325Z
coinbase,1073148083,,BTC-USD,sell,68655.94000000,0.00000001,2026-08-19T16:16:50.161799Z
coinbase,1073148082,,BTC-USD,buy,68655.93000000,0.00000009,2026-08-19T16:16:50.073985Z
coinbase,1073148081,,BTC-USD,sell,68655.94000000,0.00000001,2026-08-19T16:16:50.027907Z
coinbase,1073148080,,BTC-USD,buy,68655.93000000,0.00072559,2026-08-19T16:16:49.963009Z
coinbase,1073148079,,BTC-USD,buy,68655.93000000,0.00065048,2026-08-19T16:16:49.962268Z
coinbase,1073148078,,BTC-USD,buy,68655.93000000,0.00020081,2026-08-19T16:16:49.962218Z
coinbase,1073148077,,BTC-USD,buy,68655.93000000,0.00084361,2026-08-19T16:16:49.961974Z
coinbase,1073148076,,BTC-USD,buy,68655.93000000,0.00025438,2026-08-19T16:16:49.961627Z
coinbase,1073148075,,BTC-USD,buy,68655.93000000,0.00177061,2026-08-19T16:16:49.961279Z
coinbase,1073148074,,BTC-USD,buy,68655.93000000,0.00039534,2026-08-19T16:16:49.960608Z
coinbase,1073148073,,BTC-USD,buy,68655.93000000,0.00033163,2026-08-19T16:16:49.960198Z
coinbase,1073148072,,BTC-USD,buy,68655.94000000,0.00070471,2026-08-19T16:16:49.955878Z
coinbase,1073148071,,BTC-USD,buy,68655.94000000,0.00055285,2026-08-19T16:16:49.954791Z
coinbase,1073148070,,BTC-USD,buy,68655.94000000,0.00041436,2026-08-19T16:16:49.954307Z
coinbase,1073148069,,BTC-USD,buy,68655.94000000,0.00015191,2026-08-19T16:16:49.953456Z
coinbase,1073148068,,BTC-USD,buy,68655.94000000,0.00101276,2026-08-19T16:16:49.952999Z
coinbase,1073148067,,BTC-USD,buy,68655.94000000,0.00056099,2026-08-19T16:16:49.951902Z
coinbase,1073148066,,BTC-USD,buy,68655.94000000,0.00026579,2026-08-19T16:16:49.951220Z
coinbase,1073148065,,BTC-USD,buy,68655.94000000,0.00019716,2026-08-19T16:16:49.950723Z
coinbase,1073148064,,BTC-USD,buy,68655.94000000,0.00134161,2026-08-19T16:16:49.950398Z
coinbase,1073148063,,BTC-USD,buy,68655.94000000,0.00015602,2026-08-19T16:16:49.949562Z
coinbase,1073148062,,BTC-USD,buy,68655.93000000,0.02945609,2026-08-19T16:16:49.949271Z
coinbase,1073148061,,BTC-USD,buy,68656.11000000,0.00611729,2026-08-19T16:16:49.943204Z
coinbase,1073148060,,BTC-USD,buy,68657.83000000,0.00000001,2026-08-19T16:16:49.938580Z
coinbase,1073148059,,BTC-USD,buy,68657.83000000,0.00611728,2026-08-19T16:16:49.935911Z
coinbase,1073148058,,BTC-USD,buy,68657.83000000,0.00109242,2026-08-19T16:16:49.935911Z
coinbase,1073148057,,BTC-USD,sell,68657.84000000,0.00000001,2026-08-19T16:16:49.907274Z
coinbase,1073148056,,BTC-USD,sell,68657.84000000,0.00000001,2026-08-19T16:16:49.907244Z
coinbase,1073148055,,BTC-USD,buy,68657.83000000,0.01068135,2026-08-19T16:16:49.875361Z
coinbase,1073148054,,BTC-USD,buy,68657.83000000,0.07283280,2026-08-19T16:16:49.868995Z
coinbase,1073148053,,BTC-USD,buy,68657.83000000,0.00109243,2026-08-19T16:16:49.859390Z
coinbase,1073148052,,BTC-USD,buy,68657.84000000,0.07283280,2026-08-19T16:16:49.859131Z
coinbase,1073148051,,BTC-USD,buy,68657.83000000,0.00109243,2026-08-19T16:16:49.851614Z
coinbase,1073148050,,BTC-USD,buy,68657.84000000,0.02540000,2026-08-19T16:16:49.851614Z
coinbase,1073148049,,BTC-USD,buy,68657.84000000,0.00145984,2026-08-19T16:16:49.851614Z
coinbase,1073148048,,BTC-USD,sell,68657.84000000,0.00279714,2026-08-19T16:16:49.724059Z
coinbase,1073148047,,BTC-USD,sell,68656.84000000,0.00001700,2026-08-19T16:16:49.724059Z
coinbase,1073148046,,BTC-USD,sell,68650.40000000,0.00001690,2026-08-19T16:16:49.724059Z
coinbase,1073148045,,BTC-USD,buy,68650.39000000,0.00000023,2026-08-19T16:16:49.692209Z
coinbase,1073148044,,BTC-USD,sell,68650.40000000,0.00000001,2026-08-19T16:16:49.358995Z
coinbase,1073148043,,BTC-USD,sell,68650.40000000,0.00000001,2026-08-19T16:16:49.118127Z
coinbase,1073148042,,BTC-USD,sell,68650.40000000,0.00000001,2026-08-19T16:16:48.963507Z
coinbase,1073148041,,BTC-USD,buy,68650.39000000,0.00000004,2026-08-19T16:16:48.942256Z
coinbase,1073148040,,BTC-USD,sell,68650.40000000,0.00000001,2026-08-19T16:16:48.769856Z
coinbase,1073148039,,BTC-USD,buy,68650.39000000,0.00000001,2026-08-19T16:16:48.742046Z
coinbase,1073148038,,BTC-USD,sell,68650.40000000,0.00000001,2026-08-19T16:16:48.557748Z
coinbase,1073148037,,BTC-USD,sell,68650.40000000,0.00000001,2026-08-19T16:16:48.345449Z
coinbase,1073148036,,BTC-USD,buy,68650.39000000,0.00000005,2026-08-19T16:16:48.343117Z
coinbase,1073148035,,BTC-USD,sell,68650.40000000,0.00000001,2026-08-19T16:16:48.145954Z
coinbase,1073148034,,BTC-USD,buy,68650.39000000,0.00000006,2026-08-19T16:16:48.032003Z
coinbase,1073148033,,BTC-USD,sell,68650.40000000,0.00000001,2026-08-19T16:16:47.932297Z
coinbase,1073148032,,BTC-USD,buy,68650.39000000,0.00000003,2026-08-19T16:16:47.871573Z
coinbase,1073148031,,BTC-USD,buy,68650.39000000,0.03544784,2026-08-19T16:16:47.792756Z
coinbase,1073148030,,BTC-USD,sell,68650.40000000,0.00000001,2026-08-19T16:16:47.768327Z
coinbase,1073148029,,BTC-USD,sell,68650.40000000,0.00000001,2026-08-19T16:16:47.536179Z
coinbase,1073148028,,BTC-USD,buy,68650.39000000,0.00000013,2026-08-19T16:16:47.267937Z
coinbase,1073148027,,BTC-USD,buy,68650.39000000,0.00000006,2026-08-19T16:16:46.698720Z
coinbase,1073148026,,BTC-USD,buy,68650.39000000,0.00000002,2026-08-19T16:16:46.696411Z
coinbase,1073148025,,BTC-USD,buy,68650.39000000,0.00000001,2026-08-19T16:16:46.527993Z
coinbase,1073148024,,BTC-USD,sell,68647.57000000,0.01018326,2026-08-19T16:16:46.079852Z
coinbase,1073148023,,BTC-USD,buy,68638.34000000,0.00000003,2026-08-19T16:16:45.977365Z
coinbase,1073148022,,BTC-USD,sell,68637.35000000,0.00610000,2026-08-19T16:16:45.953057Z
coinbase,1073148021,,BTC-USD,sell,68647.58000000,0.02401145,2026-08-19T16:16:45.951632Z
coinbase,1073148020,,BTC-USD,sell,68647.07000000,0.16992706,2026-08-19T16:16:45.951632Z
coinbase,1073148019,,BTC-USD,sell,68644.18000000,0.02987632,2026-08-19T16:16:45.951632Z
coinbase,1073148018,,BTC-USD,sell,68641.64000000,0.00145594,2026-08-19T16:16:45.951632Z
coinbase,1073148017,,BTC-USD,sell,68640.74000000,0.00001700,2026-08-19T16:16:45.951632Z
coinbase,1073148016,,BTC-USD,sell,68639.67000000,0.00004911,2026-08-19T16:16:45.951632Z
coinbase,1073148015,,BTC-USD,sell,68639.67000000,0.00760000,2026-08-19T16:16:45.948044Z
coinbase,1073148014,,BTC-USD,sell,68637.35000000,0.00611929,2026-08-19T16:16:45.948017Z
coinbase,1073148013,,BTC-USD,sell,68635.66000000,0.03000000,2026-08-19T16:16:45.943773Z
coinbase,1073148012,,BTC-USD,sell,68635.64000000,0.03000000,2026-08-19T16:16:45.943773Z
coinbase,1073148011,,BTC-USD,buy,68635.06000000,0.09283171,2026-08-19T16:16:45.929689Z
coinbase,1073148010,,BTC-USD,sell,68633.92000000,0.00293630,2026-08-19T16:16:45.928925Z
coinbase,1073148009,,BTC-USD,sell,68633.87000000,0.02521048,2026-08-19T16:16:45.928925Z
coinbase,1073148008,,BTC-USD,sell,68633.87000000,0.00145983,2026-08-19T16:16:45.928925Z
coinbase,1073148007,,BTC-USD,sell,68633.87000000,0.02000000,2026-08-19T16:16:45.928925Z
coinbase,1073148006,,BTC-USD,buy,68632.00000000,0.01765305,2026-08-19T16:16:45.926730Z
coinbase,1073148005,,BTC-USD,buy,68632.73000000,0.04590925,2026-08-19T16:16:45.921826Z
coinbase,1073148004,,BTC-USD,sell,68633.90000000,0.00000001,2026-08-19T16:16:45.835105Z
coinbase,1073148003,,BTC-USD,buy,68633.90000000,0.00000001,2026-08-19T16:16:45.822162Z
coinbase,1073148002,,BTC-USD,buy,68633.90000000,0.00002041,2026-08-19T16:16:45.814933Z
coinbase,1073148001,,BTC-USD,buy,68633.90000000,0.06340000,2026-08-19T16:16:45.814933Z
coinbase,1073148000,,BTC-USD,buy,68633.90000000,0.04570925,2026-08-19T16:16:45.814933Z
coinbase,1073147999,,BTC-USD,sell,68633.93000000,0.00000001,2026-08-19T16:16:45.651674Z
coinbase,1073147998,,BTC-USD,buy,68634.31000000,0.06340000,2026-08-19T16:16:45.470174Z
coinbase,1073147997,,BTC-USD,buy,68634.31000000,0.02999991,2026-08-19T16:16:45.470174Z
coinbase,1073147996,,BTC-USD,buy,68634.31000000,0.00000009,2026-08-19T16:16:45.439707Z
coinbase,1073147995,,BTC-USD,sell,68636.13000000,0.00000001,2026-08-19T16:16:45.439683Z
coinbase,1073147994,,BTC-USD,buy,68633.89000000,0.07609612,2026-08-19T16:16:45.332766Z
coinbase,1073147993,,BTC-USD,sell,68639.49000000,0.07305228,2026-08-19T16:16:45.012883Z
coinbase,1073147992,,BTC-USD,sell,68635.56000000,0.93224984,2026-08-19T16:16:45.012883Z
coinbase,1073147991,,BTC-USD,buy,68632.99000000,0.17710000,2026-08-19T16:16:45.007223Z
coinbase,1073147990,,BTC-USD,buy,68628.00000000,0.00000015,2026-08-19T16:16:45.001465Z
coinbase,1073147989,,BTC-USD,sell,68641.82000000,0.00727904,2026-08-19T16:16:44.829798Z
coinbase,1073147988,,BTC-USD,sell,68641.58000000,0.01061683,2026-08-19T16:16:44.829798Z
coinbase,1073147987,,BTC-USD,sell,68639.02000000,0.00764936,2026-08-19T16:16:44.829798Z
coinbase,1073147986,,BTC-USD,sell,68638.38000000,0.04512982,2026-08-19T16:16:44.829798Z
coinbase,1073147985,,BTC-USD,sell,68636.70000000,0.00611949,2026-08-19T16:16:44.829798Z
coinbase,1073147984,,BTC-USD,sell,68634.98000000,0.04470008,2026-08-19T16:16:44.829798Z
coinbase,1073147983,,BTC-USD,sell,68633.91000000,0.17710000,2026-08-19T16:16:44.829798Z
coinbase,1073147982,,BTC-USD,sell,68633.56000000,0.03999303,2026-08-19T16:16:44.829798Z
coinbase,1073147981,,BTC-USD,sell,68632.09000000,0.07171500,2026-08-19T16:16:44.829798Z
coinbase,1073147980,,BTC-USD,sell,68631.30000000,0.06699000,2026-08-19T16:16:44.829798Z
coinbase,1073147979,,BTC-USD,sell,68628.63000000,0.03000000,2026-08-19T16:16:44.829798Z
coinbase,1073147978,,BTC-USD,sell,68626.33000000,0.02000000,2026-08-19T16:16:44.829798Z
coinbase,1073147977,,BTC-USD,sell,68622.27000000,0.02000000,2026-08-19T16:16:44.829798Z
coinbase,1073147976,,BTC-USD,buy,68621.43000000,0.00286586,2026-08-19T16:16:44.812294Z
coinbase,1073147975,,BTC-USD,buy,68625.00000000,0.04204339,2026-08-19T16:16:44.812294Z
coinbase,1073147974,,BTC-USD,buy,68625.00000000,0.09004736,2026-08-19T16:16:44.797334Z
coinbase,1073147973,,BTC-USD,buy,68625.00000000,0.04500925,2026-08-19T16:16:44.771597Z
coinbase,1073147972,,BTC-USD,buy,68625.00000000,0.04500925,2026-08-19T16:16:44.762385Z
coinbase,1073147971,,BTC-USD,buy,68627.87000000,0.04490925,2026-08-19T16:16:44.757019Z
coinbase,1073147970,,BTC-USD,buy,68631.30000000,0.04480925,2026-08-19T16:16:44.757019Z
coinbase,1073147969,,BTC-USD,buy,68631.29000000,0.00147000,2026-08-19T16:16:44.727087Z
coinbase,1073147968,,BTC-USD,buy,68625.00000000,0.03626382,2026-08-19T16:16:44.714997Z
coinbase,1073147967,,BTC-USD,buy,68625.00000000,0.01147294,2026-08-19T16:16:44.707354Z
coinbase,1073147966,,BTC-USD,buy,68625.00000000,0.01147294,2026-08-19T16:16:44.705951Z
coinbase,1073147965,,BTC-USD,buy,68625.00000000,0.00019955,2026-08-19T16:16:44.705037Z
coinbase,1073147964,,BTC-USD,buy,68625.01000000,0.02943346,2026-08-19T16:16:44.705037Z
coinbase,1073147963,,BTC-USD,buy,68625.01000000,0.01547579,2026-08-19T16:16:44.704834Z
coinbase,1073147962,,BTC-USD,buy,68627.24000000,0.01064066,2026-08-19T16:16:44.704834Z
coinbase,1073147961,,BTC-USD,buy,68627.24000000,0.01316434,2026-08-19T16:16:44.704212Z
coinbase,1073147960,,BTC-USD,buy,68625.00000000,0.02182941,2026-08-19T16:16:44.695362Z
coinbase,1073147959,,BTC-USD,buy,68625.00000000,0.00821196,2026-08-19T16:16:44.695145Z
coinbase,1073147958,,BTC-USD,buy,68627.86000000,0.03578804,2026-08-19T16:16:44.695145Z
coinbase,1073147957,,BTC-USD,buy,68622.05000000,0.24539948,2026-08-19T16:16:44.693052Z
coinbase,1073147956,,BTC-USD,buy,68624.64000000,0.00001700,2026-08-19T16:16:44.693052Z
coinbase,1073147955,,BTC-USD,buy,68624.91000000,0.00145594,2026-08-19T16:16:44.693052Z
coinbase,1073147954,,BTC-USD,buy,68625.00000000,0.01000000,2026-08-19T16:16:44.693052Z
coinbase,1073147953,,BTC-USD,buy,68626.92000000,0.00147491,2026-08-19T16:16:44.693052Z
coinbase,1073147952,,BTC-USD,buy,68627.96000000,0.61178290,2026-08-19T16:16:44.693052Z
coinbase,1073147951,,BTC-USD,buy,68631.28000000,0.03410000,2026-08-19T16:16:44.693052Z
coinbase,1073147950,,BTC-USD,buy,68637.41000000,0.01037737,2026-08-19T16:16:44.693052Z
coinbase,1073147949,,BTC-USD,buy,68637.41000000,0.03332624,2026-08-19T16:16:44.691413Z
coinbase,1073147948,,BTC-USD,buy,68631.28000000,0.14300000,2026-08-19T16:16:44.690737Z
coinbase,1073147947,,BTC-USD,buy,68635.96000000,0.00727904,2026-08-19T16:16:44.685391Z
coinbase,1073147946,,BTC-USD,buy,68627.86000000,0.00001700,2026-08-19T16:16:44.682915Z
coinbase,1073147945,,BTC-USD,buy,68627.93000000,0.06207512,2026-08-19T16:16:44.682915Z
coinbase,1073147944,,BTC-USD,buy,68628.38000000,0.02472000,2026-08-19T16:16:44.682915Z
coinbase,1073147943,,BTC-USD,buy,68628.84000000,0.00583000,2026-08-19T16:16:44.682915Z
coinbase,1073147942,,BTC-USD,buy,68629.15000000,0.61177478,2026-08-19T16:16:44.682915Z
coinbase,1073147941,,BTC-USD,buy,68629.41000000,0.00147479,2026-08-19T16:16:44.682915Z
coinbase,1073147940,,BTC-USD,buy,68630.00000000,0.01000000,2026-08-19T16:16:44.682915Z
coinbase,1073147939,,BTC-USD,buy,68630.11000000,0.06657268,2026-08-19T16:16:44.682915Z
coinbase,1073147938,,BTC-USD,buy,68631.08000000,0.00001700,2026-08-19T16:16:44.682915Z
coinbase,1073147937,,BTC-USD,buy,68631.53000000,0.02334000,2026-08-19T16:16:44.682915Z
coinbase,1073147936,,BTC-USD,buy,68633.52000000,0.01092250,2026-08-19T16:16:44.682915Z
coinbase,1073147935,,BTC-USD,buy,68633.75000000,0.04000000,2026-08-19T16:16:44.682915Z
coinbase,1073147934,,BTC-USD,buy,68634.30000000,0.00001700,2026-08-19T16:16:44.682915Z
coinbase,1073147933,,BTC-USD,buy,68635.00000000,0.01000000,2026-08-19T16:16:44.682915Z
coinbase,1073147932,,BTC-USD,buy,68635.55000000,0.02000000,2026-08-19T16:16:44.682915Z
coinbase,1073147931,,BTC-USD,buy,68635.95000000,0.00218544,2026-08-19T16:16:44.682915Z
coinbase,1073147930,,BTC-USD,buy,68637.52000000,0.00001700,2026-08-19T16:16:44.682915Z
coinbase,1073147929,,BTC-USD,buy,68638.09000000,0.04370361,2026-08-19T16:16:44.682915Z
coinbase,1073147928,,BTC-USD,buy,68640.00000000,1.00000000,2026-08-19T16:16:44.682915Z
coinbase,1073147927,,BTC-USD,buy,68640.00000000,0.01000000,2026-08-19T16:16:44.682915Z
coinbase,1073147926,,BTC-USD,buy,68640.01000000,0.18633060,2026-08-19T16:16:44.682915Z
coinbase,1073147925,,BTC-USD,buy,68640.74000000,0.00001700,2026-08-19T16:16:44.682915Z
coinbase,1073147924,,BTC-USD,buy,68641.36000000,0.03440800,2026-08-19T16:16:44.682915Z
coinbase,1073147923,,BTC-USD,buy,68643.96000000,0.00001700,2026-08-19T16:16:44.682915Z
coinbase,1073147922,,BTC-USD,buy,68646.01000000,0.03756527,2026-08-19T16:16:44.682775Z
coinbase,1073147921,,BTC-USD,buy,68645.02000000,1.35399185,2026-08-19T16:16:44.675540Z
coinbase,1073147920,,BTC-USD,buy,68645.22000000,0.01092338,2026-08-19T16:16:44.675540Z
coinbase,1073147919,,BTC-USD,buy,68646.00000000,0.50000000,2026-08-19T16:16:44.675540Z
coinbase,1073147918,,BTC-USD,buy,68646.03000000,0.06161475,2026-08-19T16:16:44.675540Z
coinbase,1073147917,,BTC-USD,buy,68646.87000000,0.03048276,2026-08-19T16:16:44.675540Z
coinbase,1073147916,,BTC-USD,buy,68647.03000000,0.00002185,2026-08-19T16:16:44.675540Z
coinbase,1073147915,,BTC-USD,buy,68647.18000000,0.00001698,2026-08-19T16:16:44.675540Z
coinbase,1073147914,,BTC-USD,buy,68648.03000000,0.28203433,2026-08-19T16:16:44.675540Z
coinbase,1073147913,,BTC-USD,buy,68648.03000000,0.12879091,2026-08-19T16:16:44.675540Z
coinbase,1073147912,,BTC-USD,buy,68648.05000000,0.01331000,2026-08-19T16:16:44.675540Z
coinbase,1073147911,,BTC-USD,buy,68649.74000000,0.01456670,2026-08-19T16:16:44.675540Z
coinbase,1073147910,,BTC-USD,buy,68649.74000000,0.01456670,2026-08-19T16:16:44.675540Z
coinbase,1073147909,,BTC-USD,buy,68650.00000000,0.00727781,2026-08-19T16:16:44.675540Z
coinbase,1073147908,,BTC-USD,buy,68650.40000000,0.02015408,2026-08-19T16:16:44.675540Z
coinbase,1073147907,,BTC-USD,buy,68650.40000000,0.11939433,2026-08-19T16:16:44.675540Z
coinbase,1073147906,,BTC-USD,buy,68650.40000000,0.00001700,2026-08-19T16:16:44.675540Z
coinbase,1073147905,,BTC-USD,buy,68650.42000000,0.00083289,2026-08-19T16:16:44.675540Z
coinbase,1073147904,,BTC-USD,buy,68651.12000000,0.06340000,2026-08-19T16:16:44.675540Z
coinbase,1073147903,,BTC-USD,buy,68651.12000000,0.17710000,2026-08-19T16:16:44.675540Z
coinbase,1073147902,,BTC-USD,sell,68651.13000000,0.00000001,2026-08-19T16:16:44.675473Z
coinbase,1073147901,,BTC-USD,sell,68651.13000000,0.00028302,2026-08-19T16:16:44.464859Z
coinbase,1073147900,,BTC-USD,sell,68651.13000000,0.00000001,2026-08-19T16:16:44.444858Z
coinbase,1073147899,,BTC-USD,buy,68651.12000000,0.00000007,2026-08-19T16:16:44.390882Z
coinbase,1073147898,,BTC-USD,sell,68652.15000000,0.00000001,2026-08-19T16:16:44.205935Z
coinbase,1073147897,,BTC-USD,buy,68651.00000000,0.00000001,2026-08-19T16:16:44.151920Z
coinbase,1073147896,,BTC-USD,sell,68652.19000000,0.00000001,2026-08-19T16:16:44.034049Z
coinbase,1073147895,,BTC-USD,buy,68653.49000000,0.00000110,2026-08-19T16:16:43.910510Z
coinbase,1073147894,,BTC-USD,buy,68653.51000000,0.00000110,2026-08-19T16:16:43.910510Z
coinbase,1073147893,,BTC-USD,buy,68653.62000000,0.06340000,2026-08-19T16:16:43.910510Z
coinbase,1073147892,,BTC-USD,buy,68653.62000000,0.00001682,2026-08-19T16:16:43.910510Z
coinbase,1073147891,,BTC-USD,buy,68653.62000000,0.00000018,2026-08-19T16:16:43.872661Z
coinbase,1073147890,,BTC-USD,sell,68653.63000000,0.00000001,2026-08-19T16:16:43.833521Z
coinbase,1073147889,,BTC-USD,buy,68654.99000000,0.00000110,2026-08-19T16:16:43.797714Z
coinbase,1073147888,,BTC-USD,buy,68655.00000000,0.00000350,2026-08-19T16:16:43.797714Z
coinbase,1073147887,,BTC-USD,buy,68655.00000000,0.01000000,2026-08-19T16:16:43.797714Z
coinbase,1073147886,,BTC-USD,buy,68655.01000000,0.00000110,2026-08-19T16:16:43.797714Z
coinbase,1073147885,,BTC-USD,buy,68656.84000000,0.00001700,2026-08-19T16:16:43.797714Z
coinbase,1073147884,,BTC-USD,sell,68656.85000000,0.00293059,2026-08-19T16:16:43.778076Z
coinbase,1073147883,,BTC-USD,sell,68657.77000000,0.00000001,2026-08-19T16:16:43.624995Z
coinbase,1073147882,,BTC-USD,buy,68659.04000000,0.00041500,2026-08-19T16:16:43.505604Z
coinbase,1073147881,,BTC-USD,buy,68659.04000000,0.00000017,2026-08-19T16:16:43.481539Z
coinbase,1073147880,,BTC-USD,sell,68662.60000000,0.00000001,2026-08-19T16:16:43.461406Z
coinbase,1073147879,,BTC-USD,buy,68658.11000000,0.14501305,2026-08-19T16:16:43.444062Z
coinbase,1073147878,,BTC-USD,buy,68658.29000000,0.17428519,2026-08-19T16:16:43.444062Z
coinbase,1073147877,,BTC-USD,buy,68661.29000000,0.06340000,2026-08-19T16:16:43.444062Z
coinbase,1073147876,,BTC-USD,buy,68661.29000000,0.04400000,2026-08-19T16:16:43.444062Z
coinbase,1073147875,,BTC-USD,buy,68660.29000000,0.00000027,2026-08-19T16:16:43.333255Z
coinbase,1073147874,,BTC-USD,sell,68662.61000000,0.00000001,2026-08-19T16:16:43.253490Z
coinbase,1073147873,,BTC-USD,buy,68658.03000000,0.01061258,2026-08-19T16:16:43.222337Z
coinbase,1073147872,,BTC-USD,buy,68660.06000000,0.00001699,2026-08-19T16:16:43.222337Z
coinbase,1073147871,,BTC-USD,sell,68662.10000000,0.00054984,2026-08-19T16:16:43.084250Z
coinbase,1073147870,,BTC-USD,buy,68662.09000000,0.02199261,2026-08-19T16:16:43.028178Z
coinbase,1073147869,,BTC-USD,buy,68662.09000000,0.00006772,2026-08-19T16:16:43.028178Z
coinbase,1073147868,,BTC-USD,buy,68662.10000000,0.06340000,2026-08-19T16:16:43.028178Z
coinbase,1073147867,,BTC-USD,buy,68662.10000000,0.00145971,2026-08-19T16:16:43.028178Z
coinbase,1073147866,,BTC-USD,buy,68662.09000000,0.00000013,2026-08-19T16:16:42.868290Z
coinbase,1073147865,,BTC-USD,buy,68662.07000000,0.01426367,2026-08-19T16:16:42.545146Z
coinbase,1073147864,,BTC-USD,buy,68660.83000000,0.00000004,2026-08-19T16:16:42.396498Z
coinbase,1073147863,,BTC-USD,buy,68660.83000000,0.00000010,2026-08-19T16:16:42.169273Z
coinbase,1073147862,,BTC-USD,buy,68660.06000000,0.00000001,2026-08-19T16:16:41.826405Z
coinbase,1073147861,,BTC-USD,buy,68663.28000000,0.02564253,2026-08-19T16:16:41.775387Z
coinbase,1073147860,,BTC-USD,buy,68663.28000000,0.00001700,2026-08-19T16:16:41.775387Z
coinbase,1073147859,,BTC-USD,sell,68663.29000000,0.00000001,2026-08-19T16:16:41.696725Z
coinbase,1073147858,,BTC-USD,buy,68666.00000000,0.00000001,2026-08-19T16:16:41.646013Z
coinbase,1073147857,,BTC-USD,buy,68666.00000000,0.00003877,2026-08-19T16:16:41.645810Z
coinbase,1073147856,,BTC-USD,buy,68667.29000000,0.00611624,2026-08-19T16:16:41.645810Z
coinbase,1073147855,,BTC-USD,buy,68669.00000000,0.10003981,2026-08-19T16:16:41.630806Z
coinbase,1073147854,,BTC-USD,buy,68669.00000000,0.01680972,2026-08-19T16:16:41.628890Z
coinbase,1073147853,,BTC-USD,buy,68670.05000000,0.00611609,2026-08-19T16:16:41.628743Z
coinbase,1073147852,,BTC-USD,buy,68670.06000000,0.06980000,2026-08-19T16:16:41.628743Z
coinbase,1073147851,,BTC-USD,buy,68670.06000000,0.00145970,2026-08-19T16:16:41.628743Z
coinbase,1073147850,,BTC-USD,buy,68670.04000000,0.00000015,2026-08-19T16:16:41.409528Z
coinbase,1073147849,,BTC-USD,sell,68672.47000000,0.00000001,2026-08-19T16:16:41.340230Z
coinbase,1073147848,,BTC-USD,buy,68669.00000000,0.00000006,2026-08-19T16:16:41.227626Z
coinbase,1073147847,,BTC-USD,sell,68668.28000000,0.00000001,2026-08-19T16:16:41.138926Z
coinbase,1073147846,,BTC-USD,buy,68668.27000000,0.00000018,2026-08-19T16:16:41.118818Z
coinbase,1073147845,,BTC-USD,sell,68669.00000000,0.02907275,2026-08-19T16:16:41.099186Z
coinbase,1073147844,,BTC-USD,sell,68668.28000000,0.00291967,2026-08-19T16:16:41.099186Z
coinbase,1073147843,,BTC-USD,sell,68667.07000000,0.00000001,2026-08-19T16:16:40.930106Z
coinbase,1073147842,,BTC-USD,sell,68668.72000000,0.00000001,2026-08-19T16:16:40.758828Z
coinbase,1073147841,,BTC-USD,buy,68667.04000000,0.00080005,2026-08-19T16:16:40.576267Z
coinbase,1073147840,,BTC-USD,sell,68671.09000000,0.00000001,2026-08-19T16:16:40.572480Z
coinbase,1073147839,,BTC-USD,buy,68670.54000000,0.00291970,2026-08-19T16:16:40.401727Z
coinbase,1073147838,,BTC-USD,buy,68672.25000000,0.00367121,2026-08-19T16:16:40.390141Z
coinbase,1073147837,,BTC-USD,buy,68672.25000000,0.00022124,2026-08-19T16:16:40.389457Z
coinbase,1073147836,,BTC-USD,buy,68672.25000000,0.00222355,2026-08-19T16:16:40.388873Z
coinbase,1073147835,,BTC-USD,buy,68672.25000000,0.00611600,2026-08-19T16:16:40.382433Z
coinbase,1073147834,,BTC-USD,buy,68672.25000000,0.00087632,2026-08-19T16:16:40.375589Z
coinbase,1073147833,,BTC-USD,buy,68672.25000000,0.00523569,2026-08-19T16:16:40.374496Z
coinbase,1073147832,,BTC-USD,buy,68672.25000000,0.00135333,2026-08-19T16:16:40.369255Z
coinbase,1073147831,,BTC-USD,buy,68672.25000000,0.02505617,2026-08-19T16:16:40.367149Z
coinbase,1073147830,,BTC-USD,buy,68672.25000000,0.00611600,2026-08-19T16:16:40.367149Z
coinbase,1073147829,,BTC-USD,buy,68672.25000000,0.08250000,2026-08-19T16:16:40.367149Z
coinbase,1073147828,,BTC-USD,buy,68672.25000000,0.03000000,2026-08-19T16:16:40.367149Z
coinbase,1073147827,,BTC-USD,buy,68672.25000000,0.00236871,2026-08-19T16:16:40.367149Z
coinbase,1073147826,,BTC-USD,sell,68672.26000000,0.00000001,2026-08-19T16:16:40.343278Z
coinbase,1073147825,,BTC-USD,buy,68672.23000000,0.00000010,2026-08-19T16:16:40.100080Z
coinbase,1073147824,,BTC-USD,buy,68672.22000000,0.04400000,2026-08-19T16:16:39.849102Z
coinbase,1073147823,,BTC-USD,buy,68672.93000000,0.04400000,2026-08-19T16:16:39.848359Z
coinbase,1073147822,,BTC-USD,sell,68691.10000000,0.01461625,2026-08-19T16:16:39.844917Z
coinbase,1073147821,,BTC-USD,sell,68691.01000000,0.00000110,2026-08-19T16:16:39.844917Z
coinbase,1073147820,,BTC-USD,sell,68689.04000000,0.00001700,2026-08-19T16:16:39.844917Z
coinbase,1073147819,,BTC-USD,sell,68688.86000000,0.04000000,2026-08-19T16:16:39.844917Z
coinbase,1073147818,,BTC-USD,sell,68688.86000000,0.02000000,2026-08-19T16:16:39.844917Z
coinbase,1073147817,,BTC-USD,sell,68686.31000000,0.07282093,2026-08-19T16:16:39.844917Z
coinbase,1073147816,,BTC-USD,sell,68686.30000000,0.01331000,2026-08-19T16:16:39.844917Z
coinbase,1073147815,,BTC-USD,sell,68686.30000000,0.17428519,2026-08-19T16:16:39.844917Z
coinbase,1073147814,,BTC-USD,sell,68685.82000000,0.00001700,2026-08-19T16:16:39.844917Z
coinbase,1073147813,,BTC-USD,sell,68685.30000000,0.01331000,2026-08-19T16:16:39.844917Z
coinbase,1073147812,,BTC-USD,sell,68685.09000000,0.07261883,2026-08-19T16:16:39.844917Z
coinbase,1073147811,,BTC-USD,sell,68683.34000000,0.01061683,2026-08-19T16:16:39.844917Z
coinbase,1073147810,,BTC-USD,sell,68680.12000000,0.17428519,2026-08-19T16:16:39.844917Z
coinbase,1073147809,,BTC-USD,sell,68672.94000000,0.11649421,2026-08-19T16:16:39.844917Z
coinbase,1073147808,,BTC-USD,buy,68672.93000000,0.00611594,2026-08-19T16:16:39.830694Z
coinbase,1073147807,,BTC-USD,buy,68672.93000000,0.00611535,2026-08-19T16:16:39.825786Z
coinbase,1073147806,,BTC-USD,buy,68672.93000000,0.00611535,2026-08-19T16:16:39.821381Z
coinbase,1073147805,,BTC-USD,buy,68672.93000000,0.00611535,2026-08-19T16:16:39.816188Z
coinbase,1073147804,,BTC-USD,buy,68672.93000000,0.00611535,2026-08-19T16:16:39.815613Z
coinbase,1073147803,,BTC-USD,buy,68672.93000000,0.00611535,2026-08-19T16:16:39.815314Z
coinbase,1073147802,,BTC-USD,sell,68679.38000000,0.00001700,2026-08-19T16:16:39.689741Z
coinbase,1073147801,,BTC-USD,sell,68678.48000000,0.06065647,2026-08-19T16:16:39.688285Z
coinbase,1073147800,,BTC-USD,sell,68676.16000000,0.00001700,2026-08-19T16:16:39.688285Z
coinbase,1073147799,,BTC-USD,sell,68672.94000000,0.00001700,2026-08-19T16:16:39.688285Z
coinbase,1073147798,,BTC-USD,sell,68668.38000000,0.02900000,2026-08-19T16:16:39.676152Z
coinbase,1073147797,,BTC-USD,sell,68667.64000000,0.01850321,2026-08-19T16:16:39.675225Z
coinbase,1073147796,,BTC-USD,sell,68667.64000000,0.04900000,2026-08-19T16:16:39.670162Z
coinbase,1073147795,,BTC-USD,sell,68667.64000000,0.04900000,2026-08-19T16:16:39.670105Z
coinbase,1073147794,,BTC-USD,sell,68665.09000000,0.02030000,2026-08-19T16:16:39.665418Z
coinbase,1073147793,,BTC-USD,sell,68665.09000000,0.00011575,2026-08-19T16:16:39.665418Z
coinbase,1073147792,,BTC-USD,buy,68665.08000000,0.00000001,2026-08-19T16:16:39.656646Z
coinbase,1073147791,,BTC-USD,sell,68665.09000000,0.00000001,2026-08-19T16:16:39.655748Z
coinbase,1073147790,,BTC-USD,sell,68665.09000000,0.00000001,2026-08-19T16:16:39.353251Z
coinbase,1073147789,,BTC-USD,sell,68663.35000000,0.00024079,2026-08-19T16:16:39.232854Z
coinbase,1073147788,,BTC-USD,sell,68663.35000000,0.00000001,2026-08-19T16:16:39.170829Z
coinbase,1073147787,,BTC-USD,buy,68663.34000000,0.15388561,2026-08-19T16:16:39.044355Z
coinbase,1073147786,,BTC-USD,sell,68663.35000000,0.00000001,2026-08-19T16:16:38.945418Z
coinbase,1073147785,,BTC-USD,buy,68663.34000000,0.00000013,2026-08-19T16:16:38.940960Z
coinbase,1073147784,,BTC-USD,sell,68663.35000000,0.00027625,2026-08-19T16:16:38.613712Z
coinbase,1073147783,,BTC-USD,buy,68663.34000000,0.00000015,2026-08-19T16:16:38.592451Z
coinbase,1073147782,,BTC-USD,sell,68663.35000000,0.01415488,2026-08-19T16:16:38.532203Z
coinbase,1073147781,,BTC-USD,buy,68663.34000000,0.00583456,2026-08-19T16:16:38.531245Z
coinbase,1073147780,,BTC-USD,buy,68663.34000000,0.00000006,2026-08-19T16:16:38.403351Z
coinbase,1073147779,,BTC-USD,sell,68663.33000000,0.14419185,2026-08-19T16:16:38.066455Z
coinbase,1073147778,,BTC-USD,sell,68665.09000000,0.00180232,2026-08-19T16:16:37.957367Z
coinbase,1073147777,,BTC-USD,buy,68665.08000000,0.00000006,2026-08-19T16:16:37.851252Z
coinbase,1073147776,,BTC-USD,sell,68665.09000000,0.00014419,2026-08-19T16:16:37.846824Z
coinbase,1073147775,,BTC-USD,sell,68667.42000000,0.00070766,2026-08-19T16:16:37.675414Z
coinbase,1073147774,,BTC-USD,sell,68665.08000000,0.00000014,2026-08-19T16:16:37.655893Z
coinbase,1073147773,,BTC-USD,sell,68665.08000000,0.00014414,2026-08-19T16:16:37.646245Z
coinbase,1073147772,,BTC-USD,sell,68665.12000000,0.00000001,2026-08-19T16:16:37.597551Z
coinbase,1073147771,,BTC-USD,sell,68665.12000000,0.00200000,2026-08-19T16:16:37.584614Z
coinbase,1073147770,,BTC-USD,buy,68669.01000000,0.00611629,2026-08-19T16:16:37.470120Z
coinbase,1073147769,,BTC-USD,buy,68669.01000000,0.10149999,2026-08-19T16:16:37.465808Z
coinbase,1073147768,,BTC-USD,buy,68669.01000000,0.00000001,2026-08-19T16:16:37.462690Z
coinbase,1073147767,,BTC-USD,buy,68669.01000000,0.00611620,2026-08-19T16:16:37.462690Z
coinbase,1073147766,,BTC-USD,buy,68669.01000000,0.00000001,2026-08-19T16:16:37.420173Z
coinbase,1073147765,,BTC-USD,sell,68669.02000000,0.00000001,2026-08-19T16:16:37.410355Z
coinbase,1073147764,,BTC-USD,buy,68670.72000000,0.10150000,2026-08-19T16:16:37.234626Z
coinbase,1073147763,,BTC-USD,buy,68670.72000000,0.00611570,2026-08-19T16:16:37.234626Z
coinbase,1073147762,,BTC-USD,sell,68680.55000000,0.02179942,2026-08-19T16:16:37.160302Z
coinbase,1073147761,,BTC-USD,sell,68685.82000000,0.00001700,2026-08-19T16:16:37.138682Z
coinbase,1073147760,,BTC-USD,sell,68682.60000000,0.00001700,2026-08-19T16:16:37.119387Z
coinbase,1073147759,,BTC-USD,sell,68676.18000000,0.01390000,2026-08-19T16:16:37.093042Z
coinbase,1073147758,,BTC-USD,sell,68679.44000000,0.07631893,2026-08-19T16:16:37.073347Z
coinbase,1073147757,,BTC-USD,sell,68679.38000000,0.00001700,2026-08-19T16:16:37.073347Z
coinbase,1073147756,,BTC-USD,sell,68676.18000000,0.00207023,2026-08-19T16:16:37.073347Z
coinbase,1073147755,,BTC-USD,sell,68676.16000000,0.00001700,2026-08-19T16:16:37.073347Z
coinbase,1073147754,,BTC-USD,sell,68675.00000000,0.40241976,2026-08-19T16:16:37.069948Z
coinbase,1073147753,,BTC-USD,sell,68675.00000000,0.59758024,2026-08-19T16:16:37.065079Z
coinbase,1073147752,,BTC-USD,sell,68673.71000000,0.10100540,2026-08-19T16:16:37.065079Z
coinbase,1073147751,,BTC-USD,sell,68673.67000000,0.00236872,2026-08-19T16:16:37.065079Z
coinbase,1073147750,,BTC-USD,sell,68672.94000000,0.00001700,2026-08-19T16:16:37.065079Z
coinbase,1073147749,,BTC-USD,sell,68669.72000000,0.00001700,2026-08-19T16:16:37.065079Z
coinbase,1073147748,,BTC-USD,sell,68667.00000000,0.06434386,2026-08-19T16:16:37.056927Z
coinbase,1073147747,,BTC-USD,sell,68666.50000000,0.00001699,2026-08-19T16:16:37.056927Z
coinbase,1073147746,,BTC-USD,sell,68663.83000000,0.02900000,2026-08-19T16:16:37.056433Z
coinbase,1073147745,,BTC-USD,sell,68663.28000000,0.00001700,2026-08-19T16:16:37.048986Z
coinbase,1073147744,,BTC-USD,sell,68662.62000000,0.11651172,2026-08-19T16:16:37.048986Z
coinbase,1073147743,,BTC-USD,sell,68661.69000000,0.03000000,2026-08-19T16:16:37.048986Z
coinbase,1073147742,,BTC-USD,buy,68661.68000000,0.00000009,2026-08-19T16:16:37.033435Z
coinbase,1073147741,,BTC-USD,buy,68660.73000000,0.00000008,2026-08-19T16:16:37.022655Z
coinbase,1073147740,,BTC-USD,buy,68661.68000000,0.00000003,2026-08-19T16:16:36.789925Z
coinbase,1073147739,,BTC-USD,sell,68653.62000000,0.02729608,2026-08-19T16:16:36.089062Z
coinbase,1073147738,,BTC-USD,sell,68653.62000000,0.00236872,2026-08-19T16:16:36.089062Z
coinbase,1073147737,,BTC-USD,buy,68653.61000000,0.00000012,2026-08-19T16:16:36.037820Z
coinbase,1073147736,,BTC-USD,sell,68653.62000000,0.00000001,2026-08-19T16:16:36.000237Z
coinbase,1073147735,,BTC-USD,sell,68651.72000000,0.00148179,2026-08-19T16:16:35.968704Z
coinbase,1073147734,,BTC-USD,sell,68649.40000000,0.00611821,2026-08-19T16:16:35.968704Z
coinbase,1073147733,,BTC-USD,buy,68647.18000000,0.00000002,2026-08-19T16:16:35.924850Z
coinbase,1073147732,,BTC-USD,sell,68649.01000000,0.00000001,2026-08-19T16:16:35.776005Z
coinbase,1073147731,,BTC-USD,buy,68650.00000000,0.00996600,2026-08-19T16:16:35.747579Z
coinbase,1073147730,,BTC-USD,buy,68650.40000000,0.00001700,2026-08-19T16:16:35.747579Z
coinbase,1073147729,,BTC-USD,buy,68653.62000000,0.00001700,2026-08-19T16:16:35.747579Z
coinbase,1073147728,,BTC-USD,buy,68657.03000000,0.00611730,2026-08-19T16:16:35.722772Z
coinbase,1073147727,,BTC-USD,buy,68656.84000000,0.00001691,2026-08-19T16:16:35.717360Z
coinbase,1073147726,,BTC-USD,buy,68657.00000000,0.40244058,2026-08-19T16:16:35.717360Z
coinbase,1073147725,,BTC-USD,buy,68657.00000000,0.04400000,2026-08-19T16:16:35.716558Z
coinbase,1073147724,,BTC-USD,buy,68657.00000000,0.05355942,2026-08-19T16:16:35.715630Z
coinbase,1073147723,,BTC-USD,buy,68657.01000000,0.00002374,2026-08-19T16:16:35.715630Z
coinbase,1073147722,,BTC-USD,buy,68657.03000000,0.10150000,2026-08-19T16:16:35.715630Z
coinbase,1073147721,,BTC-USD,buy,68657.03000000,0.00483887,2026-08-19T16:16:35.715630Z
coinbase,1073147720,,BTC-USD,buy,68657.03000000,0.00127843,2026-08-19T16:16:35.715622Z
coinbase,1073147719,,BTC-USD,buy,68657.02000000,0.00000004,2026-08-19T16:16:35.628008Z
coinbase,1073147718,,BTC-USD,sell,68658.47000000,0.00000001,2026-08-19T16:16:35.574388Z
coinbase,1073147717,,BTC-USD,buy,68657.00000000,0.01457237,2026-08-19T16:16:35.432369Z
coinbase,1073147716,,BTC-USD,buy,68658.49000000,0.00013734,2026-08-19T16:16:35.432369Z
coinbase,1073147715,,BTC-USD,sell,68658.50000000,0.00000001,2026-08-19T16:16:35.371955Z
coinbase,1073147714,,BTC-USD,buy,68661.44000000,0.00046060,2026-08-19T16:16:35.342939Z
coinbase,1073147713,,BTC-USD,buy,68661.44000000,0.00306106,2026-08-19T16:16:35.340111Z
coinbase,1073147712,,BTC-USD,buy,68661.44000000,0.00259531,2026-08-19T16:16:35.336133Z
coinbase,1073147711,,BTC-USD,buy,68661.44000000,0.01972312,2026-08-19T16:16:35.336133Z
coinbase,1073147710,,BTC-USD,buy,68661.44000000,0.00021885,2026-08-19T16:16:35.335566Z
coinbase,1073147709,,BTC-USD,buy,68661.44000000,0.00822282,2026-08-19T16:16:35.280186Z
coinbase,1073147708,,BTC-USD,buy,68661.44000000,0.01507429,2026-08-19T16:16:35.268893Z
coinbase,1073147707,,BTC-USD,buy,68661.44000000,0.00044125,2026-08-19T16:16:35.268562Z
coinbase,1073147706,,BTC-USD,buy,68661.44000000,0.00451152,2026-08-19T16:16:35.267971Z
coinbase,1073147705,,BTC-USD,buy,68661.44000000,0.01032287,2026-08-19T16:16:35.262132Z
coinbase,1073147704,,BTC-USD,buy,68661.44000000,0.00094820,2026-08-19T16:16:35.259888Z
coinbase,1073147703,,BTC-USD,buy,68661.44000000,0.00140907,2026-08-19T16:16:35.258673Z
coinbase,1073147702,,BTC-USD,buy,68661.44000000,0.00017171,2026-08-19T16:16:35.256369Z
coinbase,1073147701,,BTC-USD,buy,68661.44000000,0.00066043,2026-08-19T16:16:35.256320Z
coinbase,1073147700,,BTC-USD,buy,68661.44000000,0.00058023,2026-08-19T16:16:35.255404Z
coinbase,1073147699,,BTC-USD,buy,68661.44000000,0.00142430,2026-08-19T16:16:35.254714Z
coinbase,1073147698,,BTC-USD,buy,68661.44000000,0.00164445,2026-08-19T16:16:35.252539Z
coinbase,1073147697,,BTC-USD,buy,68661.44000000,0.00040678,2026-08-19T16:16:35.252444Z
coinbase,1073147696,,BTC-USD,buy,68661.44000000,0.00058217,2026-08-19T16:16:35.252111Z
coinbase,1073147695,,BTC-USD,buy,68661.44000000,0.04697296,2026-08-19T16:16:35.243145Z
coinbase,1073147694,,BTC-USD,buy,68661.44000000,0.10150000,2026-08-19T16:16:35.243145Z
coinbase,1073147693,,BTC-USD,buy,68661.44000000,0.00566477,2026-08-19T16:16:35.243145Z
coinbase,1073147692,,BTC-USD,sell,68661.45000000,0.00000001,2026-08-19T16:16:35.240721Z
coinbase,1073147691,,BTC-USD,buy,68661.44000000,0.00000001,2026-08-19T16:16:35.138618Z
coinbase,1073147690,,BTC-USD,sell,68661.45000000,0.00000001,2026-08-19T16:16:34.975285Z
coinbase,1073147689,,BTC-USD,buy,68661.44000000,0.00000004,2026-08-19T16:16:34.823239Z
coinbase,1073147688,,BTC-USD,buy,68661.44000000,0.00045215,2026-08-19T16:16:34.797586Z
coinbase,1073147687,,BTC-USD,buy,68661.44000000,0.03572477,2026-08-19T16:16:34.784331Z
coinbase,1073147686,,BTC-USD,buy,68661.44000000,0.00611685,2026-08-19T16:16:34.784331Z
coinbase,1073147685,,BTC-USD,sell,68661.45000000,0.00000001,2026-08-19T16:16:34.761071Z
coinbase,1073147684,,BTC-USD,buy,68661.44000000,0.00000012,2026-08-19T16:16:34.610746Z
coinbase,1073147683,,BTC-USD,sell,68661.45000000,0.00000001,2026-08-19T16:16:34.606526Z
coinbase,1073147682,,BTC-USD,buy,68661.44000000,0.03459094,2026-08-19T16:16:34.288425Z
coinbase,1073147681,,BTC-USD,buy,68661.04000000,0.00005324,2026-08-19T16:16:34.124264Z
coinbase,1073147680,,BTC-USD,buy,68660.36000000,0.00000011,2026-08-19T16:16:34.064439Z
coinbase,1073147679,,BTC-USD,buy,68660.34000000,0.00000006,2026-08-19T16:16:33.792002Z
coinbase,1073147678,,BTC-USD,buy,68659.67000000,0.00000018,2026-08-19T16:16:33.526180Z
coinbase,1073147677,,BTC-USD,sell,68663.64000000,0.00171210,2026-08-19T16:16:33.431683Z
coinbase,1073147676,,BTC-USD,sell,68658.50000000,0.00011575,2026-08-19T16:16:33.431683Z
coinbase,1073147675,,BTC-USD,sell,68658.50000000,0.00000001,2026-08-19T16:16:33.087784Z
coinbase,1073147674,,BTC-USD,sell,68658.50000000,0.00000001,2026-08-19T16:16:32.888247Z
coinbase,1073147673,,BTC-USD,buy,68658.49000000,0.00000001,2026-08-19T16:16:32.831135Z
coinbase,1073147672,,BTC-USD,buy,68658.49000000,0.00000002,2026-08-19T16:16:32.726430Z
coinbase,1073147671,,BTC-USD,sell,68658.50000000,0.00000001,2026-08-19T16:16:32.687501Z
coinbase,1073147670,,BTC-USD,sell,68658.50000000,0.00015048,2026-08-19T16:16:32.524456Z
coinbase,1073147669,,BTC-USD,sell,68658.50000000,0.00000001,2026-08-19T16:16:32.464843Z
coinbase,1073147668,,BTC-USD,buy,68658.49000000,0.00000014,2026-08-19T16:16:32.460212Z
coinbase,1073147667,,BTC-USD,sell,68658.50000000,0.00000001,2026-08-19T16:16:32.269673Z
coinbase,1073147666,,BTC-USD,buy,68656.84000000,0.00000009,2026-08-19T16:16:32.215378Z
coinbase,1073147665,,BTC-USD,sell,68658.50000000,0.00000001,2026-08-19T16:16:32.125453Z
coinbase,1073147664,,BTC-USD,buy,68658.58000000,0.00018293,2026-08-19T16:16:31.891392Z
coinbase,1073147663,,BTC-USD,buy,68660.29000000,0.00000001,2026-08-19T16:16:31.883551Z
coinbase,1073147662,,BTC-USD,buy,68660.29000000,0.02088293,2026-08-19T16:16:31.881909Z
coinbase,1073147661,,BTC-USD,sell,68662.01000000,0.00000001,2026-08-19T16:16:31.845031Z
coinbase,1073147660,,BTC-USD,buy,68662.10000000,0.03352155,2026-08-19T16:16:31.741467Z
coinbase,1073147659,,BTC-USD,buy,68662.10000000,0.11233068,2026-08-19T16:16:31.741467Z
coinbase,1073147658,,BTC-USD,sell,68662.11000000,0.00000001,2026-08-19T16:16:31.726836Z
coinbase,1073147657,,BTC-USD,sell,68663.21000000,0.00018744,2026-08-19T16:16:31.716213Z
coinbase,1073147656,,BTC-USD,buy,68662.10000000,0.00000009,2026-08-19T16:16:31.640240Z
coinbase,1073147655,,BTC-USD,buy,68662.10000000,0.00748366,2026-08-19T16:16:31.464755Z
coinbase,1073147654,,BTC-USD,buy,68662.10000000,0.00006938,2026-08-19T16:16:31.464755Z
coinbase,1073147653,,BTC-USD,sell,68663.11000000,0.00000001,2026-08-19T16:16:31.457451Z
coinbase,1073147652,,BTC-USD,buy,68662.10000000,0.00000005,2026-08-19T16:16:31.452772Z
coinbase,1073147651,,BTC-USD,sell,68663.11000000,0.00000001,2026-08-19T16:16:31.265181Z
coinbase,1073147650,,BTC-USD,sell,68662.10000000,0.00000001,2026-08-19T16:16:31.073920Z
coinbase,1073147649,,BTC-USD,sell,68662.10000000,0.00055092,2026-08-19T16:16:31.017309Z
coinbase,1073147648,,BTC-USD,sell,68663.34000000,0.00000001,2026-08-19T16:16:30.876312Z
coinbase,1073147647,,BTC-USD,sell,68666.50000000,0.00000001,2026-08-19T16:16:30.654723Z
coinbase,1073147646,,BTC-USD,buy,68663.71000000,0.00000001,2026-08-19T16:16:30.638317Z
coinbase,1073147645,,BTC-USD,buy,68659.22000000,0.00000002,2026-08-19T16:16:30.587246Z
coinbase,1073147644,,BTC-USD,buy,68659.22000000,0.00000020,2026-08-19T16:16:30.556485Z
coinbase,1073147643,,BTC-USD,sell,68660.29000000,0.00000001,2026-08-19T16:16:30.524566Z
coinbase,1073147642,,BTC-USD,buy,68658.80000000,0.00000014,2026-08-19T16:16:30.504200Z
coinbase,1073147641,,BTC-USD,buy,68658.80000000,0.00057370,2026-08-19T16:16:30.491951Z
coinbase,1073147640,,BTC-USD,buy,68658.82000000,0.01390105,2026-08-19T16:16:30.404835Z
coinbase,1073147639,,BTC-USD,buy,68658.82000000,0.00000003,2026-08-19T16:16:30.396464Z
coinbase,1073147638,,BTC-USD,sell,68661.08000000,0.00000001,2026-08-19T16:16:30.273480Z
coinbase,1073147637,,BTC-USD,buy,68662.61000000,0.00028556,2026-08-19T16:16:30.261358Z
coinbase,1073147636,,BTC-USD,buy,68662.61000000,0.02971444,2026-08-19T16:16:30.260819Z
coinbase,1073147635,,BTC-USD,buy,68662.61000000,0.12050000,2026-08-19T16:16:30.260819Z
coinbase,1073147634,,BTC-USD,buy,68662.61000000,0.00291925,2026-08-19T16:16:30.260819Z
coinbase,1073147633,,BTC-USD,buy,68660.78000000,0.00198795,2026-08-19T16:16:29.947347Z
coinbase,1073147632,,BTC-USD,sell,68662.89000000,0.01939000,2026-08-19T16:16:29.816963Z
coinbase,1073147631,,BTC-USD,sell,68663.89000000,0.07833192,2026-08-19T16:16:29.733992Z
coinbase,1073147630,,BTC-USD,sell,68662.11000000,0.01456407,2026-08-19T16:16:29.733992Z
coinbase,1073147629,,BTC-USD,sell,68662.11000000,0.01456407,2026-08-19T16:16:29.733992Z
coinbase,1073147628,,BTC-USD,sell,68660.73000000,0.03000000,2026-08-19T16:16:29.733992Z
coinbase,1073147627,,BTC-USD,buy,68660.33000000,0.00000006,2026-08-19T16:16:29.323366Z
coinbase,1073147626,,BTC-USD,sell,68662.64000000,0.00047584,2026-08-19T16:16:29.228783Z
coinbase,1073147625,,BTC-USD,sell,68660.33000000,0.00014609,2026-08-19T16:16:29.228783Z
coinbase,1073147624,,BTC-USD,sell,68660.33000000,0.00000001,2026-08-19T16:16:28.878666Z
coinbase,1073147623,,BTC-USD,sell,68660.33000000,0.00000001,2026-08-19T16:16:28.711222Z
coinbase,1073147622,,BTC-USD,sell,68658.64000000,0.00000001,2026-08-19T16:16:28.513142Z
coinbase,1073147621,,BTC-USD,buy,68658.63000000,0.00000008,2026-08-19T16:16:28.479679Z
coinbase,1073147620,,BTC-USD,buy,68658.63000000,0.00000001,2026-08-19T16:16:28.371757Z
coinbase,1073147619,,BTC-USD,sell,68658.64000000,0.00000001,2026-08-19T16:16:28.362923Z
coinbase,1073147618,,BTC-USD,sell,68659.33000000,0.00134000,2026-08-19T16:16:28.340741Z
coinbase,1073147617,,BTC-USD,buy,68658.61000000,0.00000003,2026-08-19T16:16:28.331826Z
coinbase,1073147616,,BTC-USD,sell,68658.62000000,0.00000001,2026-08-19T16:16:28.110952Z
coinbase,1073147615,,BTC-USD,buy,68658.60000000,0.00109294,2026-08-19T16:16:28.048704Z
coinbase,1073147614,,BTC-USD,sell,68660.33000000,0.00000001,2026-08-19T16:16:27.897075Z
coinbase,1073147613,,BTC-USD,sell,68662.05000000,0.00000001,2026-08-19T16:16:27.720275Z
coinbase,1073147612,,BTC-USD,buy,68663.81000000,0.02058187,2026-08-19T16:16:27.716039Z
coinbase,1073147611,,BTC-USD,buy,68663.81000000,0.13320000,2026-08-19T16:16:27.716039Z
coinbase,1073147610,,BTC-USD,buy,68663.81000000,0.00611663,2026-08-19T16:16:27.716039Z
coinbase,1073147609,,BTC-USD,sell,68663.82000000,0.00005580,2026-08-19T16:16:27.634280Z
coinbase,1073147608,,BTC-USD,sell,68663.82000000,0.00000001,2026-08-19T16:16:27.531051Z
coinbase,1073147607,,BTC-USD,buy,68663.81000000,0.00000007,2026-08-19T16:16:27.394705Z
coinbase,1073147606,,BTC-USD,sell,68663.82000000,0.00000001,2026-08-19T16:16:27.300668Z
coinbase,1073147605,,BTC-USD,buy,68663.80000000,0.00000006,2026-08-19T16:16:27.249563Z
coinbase,1073147604,,BTC-USD,buy,68663.79000000,0.00000019,2026-08-19T16:16:27.192438Z
coinbase,1073147603,,BTC-USD,sell,68665.11000000,0.00138156,2026-08-19T16:16:27.165225Z
coinbase,1073147602,,BTC-USD,sell,68666.13000000,0.00000001,2026-08-19T16:16:27.110366Z
coinbase,1073147601,,BTC-USD,sell,68668.23000000,0.00042131,2026-08-19T16:16:27.016800Z
coinbase,1073147600,,BTC-USD,sell,68666.50000000,0.00001700,2026-08-19T16:16:27.016800Z
coinbase,1073147599,,BTC-USD,sell,68663.29000000,0.00000729,2026-08-19T16:16:27.016800Z
coinbase,1073147598,,BTC-USD,sell,68663.29000000,0.00099622,2026-08-19T16:16:27.016800Z
coinbase,1073147597,,BTC-USD,sell,68663.23000000,0.00000001,2026-08-19T16:16:26.874770Z
coinbase,1073147596,,BTC-USD,sell,68663.23000000,0.00138000,2026-08-19T16:16:26.862557Z
coinbase,1073147595,,BTC-USD,sell,68663.23000000,0.00000001,2026-08-19T16:16:26.691667Z
coinbase,1073147594,,BTC-USD,buy,68663.22000000,0.00845902,2026-08-19T16:16:26.583740Z
coinbase,1073147593,,BTC-USD,sell,68663.23000000,0.00000001,2026-08-19T16:16:26.517048Z
coinbase,1073147592,,BTC-USD,sell,68663.23000000,0.00000001,2026-08-19T16:16:26.310410Z
coinbase,1073147591,,BTC-USD,buy,68662.10000000,0.00000018,2026-08-19T16:16:26.276669Z
coinbase,1073147590,,BTC-USD,sell,68663.29000000,0.00196601,2026-08-19T16:16:26.242663Z
coinbase,1073147589,,BTC-USD,sell,68663.28000000,0.00001700,2026-08-19T16:16:26.242663Z
coinbase,1073147588,,BTC-USD,sell,68660.06000000,0.00001699,2026-08-19T16:16:26.242663Z
coinbase,1073147587,,BTC-USD,buy,68660.05000000,0.00000005,2026-08-19T16:16:26.222244Z
coinbase,1073147586,,BTC-USD,buy,68660.05000000,0.00000019,2026-08-19T16:16:26.164960Z
coinbase,1073147585,,BTC-USD,sell,68660.06000000,0.00000001,2026-08-19T16:16:26.086608Z
coinbase,1073147584,,BTC-USD,buy,68660.05000000,0.00000001,2026-08-19T16:16:25.807064Z
coinbase,1073147583,,BTC-USD,sell,68658.59000000,0.02900000,2026-08-19T16:16:25.739183Z
coinbase,1073147582,,BTC-USD,sell,68658.59000000,0.00094468,2026-08-19T16:16:25.704790Z
coinbase,1073147581,,BTC-USD,sell,68658.59000000,0.00008538,2026-08-19T16:16:25.704790Z
coinbase,1073147580,,BTC-USD,buy,68658.58000000,0.00426685,2026-08-19T16:16:25.406638Z
coinbase,1073147579,,BTC-USD,buy,68658.58000000,0.00060429,2026-08-19T16:16:25.353331Z
coinbase,1073147578,,BTC-USD,buy,68658.58000000,0.00000006,2026-08-19T16:16:25.153003Z
coinbase,1073147577,,BTC-USD,buy,68658.58000000,0.00000016,2026-08-19T16:16:25.059663Z
coinbase,1073147576,,BTC-USD,buy,68658.58000000,0.00000013,2026-08-19T16:16:25.047092Z
coinbase,1073147575,,BTC-USD,sell,68658.59000000,0.00000001,2026-08-19T16:16:24.638796Z
coinbase,1073147574,,BTC-USD,sell,68658.59000000,0.00000001,2026-08-19T16:16:24.361236Z
coinbase,1073147573,,BTC-USD,sell,68658.59000000,0.00000001,2026-08-19T16:16:24.162188Z
coinbase,1073147572,,BTC-USD,buy,68658.58000000,0.00003076,2026-08-19T16:16:24.120284Z
coinbase,1073147571,,BTC-USD,buy,68658.58000000,0.00000003,2026-08-19T16:16:24.040474Z
coinbase,1073147570,,BTC-USD,sell,68658.59000000,0.00000001,2026-08-19T16:16:23.970629Z
coinbase,1073147569,,BTC-USD,sell,68658.59000000,0.00000001,2026-08-19T16:16:23.773978Z
coinbase,1073147568,,BTC-USD,sell,68654.87000000,0.00068971,2026-08-19T16:16:23.689534Z
coinbase,1073147567,,BTC-USD,sell,68654.87000000,0.00000001,2026-08-19T16:16:23.638033Z
coinbase,1073147566,,BTC-USD,buy,68652.71000000,0.00000001,2026-08-19T16:16:23.552733Z
coinbase,1073147565,,BTC-USD,buy,68652.69000000,0.00000006,2026-08-19T16:16:23.443855Z
coinbase,1073147564,,BTC-USD,sell,68653.86000000,0.00701115,2026-08-19T16:16:23.414594Z
coinbase,1073147563,,BTC-USD,sell,68653.86000000,0.00291755,2026-08-19T16:16:23.414594Z
coinbase,1073147562,,BTC-USD,sell,68653.86000000,0.00000001,2026-08-19T16:16:23.403292Z
coinbase,1073147561,,BTC-USD,buy,68652.66000000,0.00000010,2026-08-19T16:16:23.282007Z
coinbase,1073147560,,BTC-USD,sell,68654.02000000,0.00000001,2026-08-19T16:16:23.186526Z
coinbase,1073147559,,BTC-USD,buy,68652.65000000,0.00582781,2026-08-19T16:16:23.180752Z
coinbase,1073147558,,BTC-USD,sell,68655.03000000,0.00000001,2026-08-19T16:16:22.970820Z
coinbase,1073147557,,BTC-USD,buy,68651.65000000,0.00000003,2026-08-19T16:16:22.963216Z
coinbase,1073147556,,BTC-USD,sell,68658.56000000,0.00000001,2026-08-19T16:16:22.799465Z
coinbase,1073147555,,BTC-USD,sell,68653.87000000,0.00000001,2026-08-19T16:16:22.615952Z
coinbase,1073147554,,BTC-USD,sell,68653.87000000,0.00000210,2026-08-19T16:16:22.575138Z
coinbase,1073147553,,BTC-USD,sell,68653.87000000,0.00000001,2026-08-19T16:16:22.429288Z
coinbase,1073147552,,BTC-USD,buy,68651.10000000,0.00611754,2026-08-19T16:16:22.214557Z
coinbase,1073147551,,BTC-USD,buy,68651.10000000,0.00000012,2026-08-19T16:16:22.214041Z
coinbase,1073147550,,BTC-USD,buy,68651.10000000,0.00611766,2026-08-19T16:16:22.206818Z
coinbase,1073147549,,BTC-USD,buy,68654.54000000,0.00611758,2026-08-19T16:16:22.183857Z
coinbase,1073147548,,BTC-USD,sell,68654.55000000,0.00000001,2026-08-19T16:16:22.180262Z
coinbase,1073147547,,BTC-USD,sell,68654.55000000,0.00000001,2026-08-19T16:16:21.965332Z
coinbase,1073147546,,BTC-USD,buy,68654.54000000,0.00000002,2026-08-19T16:16:21.953273Z
coinbase,1073147545,,BTC-USD,sell,68654.54000000,0.00000001,2026-08-19T16:16:21.778795Z
coinbase,1073147544,,BTC-USD,buy,68654.54000000,0.01420669,2026-08-19T16:16:21.749334Z
coinbase,1073147543,,BTC-USD,buy,68654.55000000,0.00911341,2026-08-19T16:16:21.749334Z
coinbase,1073147542,,BTC-USD,buy,68654.55000000,0.00451517,2026-08-19T16:16:21.748662Z
coinbase,1073147541,,BTC-USD,buy,68654.57000000,0.00714409,2026-08-19T16:16:21.748662Z
coinbase,1073147540,,BTC-USD,buy,68654.55000000,0.00368437,2026-08-19T16:16:21.745016Z
coinbase,1073147539,,BTC-USD,buy,68654.57000000,0.00714400,2026-08-19T16:16:21.745016Z
coinbase,1073147538,,BTC-USD,buy,68654.58000000,0.00082957,2026-08-19T16:16:21.745016Z
coinbase,1073147537,,BTC-USD,sell,68654.58000000,0.00190693,2026-08-19T16:16:21.646063Z
coinbase,1073147536,,BTC-USD,buy,68654.56000000,0.00000520,2026-08-19T16:16:21.629148Z
coinbase,1073147535,,BTC-USD,buy,68654.55000000,0.00064521,2026-08-19T16:16:21.622235Z
coinbase,1073147534,,BTC-USD,buy,68654.54000000,0.00061711,2026-08-19T16:16:21.595522Z
coinbase,1073147533,,BTC-USD,buy,68654.55000000,0.01104107,2026-08-19T16:16:21.595522Z
coinbase,1073147532,,BTC-USD,buy,68654.54000000,0.03236598,2026-08-19T16:16:21.571782Z
coinbase,1073147531,,BTC-USD,sell,68654.54000000,0.00009307,2026-08-19T16:16:21.517659Z
coinbase,1073147530,,BTC-USD,buy,68654.53000000,0.00000001,2026-08-19T16:16:21.464091Z
coinbase,1073147529,,BTC-USD,sell,68652.33000000,0.00082953,2026-08-19T16:16:21.125259Z
coinbase,1073147528,,BTC-USD,buy,68652.32000000,0.00000040,2026-08-19T16:16:21.056435Z
coinbase,1073147527,,BTC-USD,buy,68651.58000000,0.00000005,2026-08-19T16:16:20.899704Z
coinbase,1073147526,,BTC-USD,buy,68652.56000000,0.00728721,2026-08-19T16:16:20.445009Z
coinbase,1073147525,,BTC-USD,sell,68653.69000000,0.00000001,2026-08-19T16:16:20.280147Z
coinbase,1073147524,,BTC-USD,sell,68652.75000000,0.00000001,2026-08-19T16:16:20.064443Z
coinbase,1073147523,,BTC-USD,sell,68651.10000000,0.04400000,2026-08-19T16:16:19.999618Z
coinbase,1073147522,,BTC-USD,sell,68652.52000000,0.00000001,2026-08-19T16:16:19.877702Z
coinbase,1073147521,,BTC-USD,buy,68651.07000000,0.00000012,2026-08-19T16:16:19.793865Z
coinbase,1073147520,,BTC-USD,buy,68651.06000000,0.00000025,2026-08-19T16:16:19.700351Z
coinbase,1073147519,,BTC-USD,buy,68651.05000000,0.01200000,2026-08-19T16:16:19.557794Z
coinbase,1073147518,,BTC-USD,sell,68651.18000000,0.00000001,2026-08-19T16:16:19.318211Z
coinbase,1073147517,,BTC-USD,buy,68649.69000000,0.00000001,2026-08-19T16:16:19.240856Z
coinbase,1073147516,,BTC-USD,sell,68663.08000000,0.14860005,2026-08-19T16:16:19.189090Z
coinbase,1073147515,,BTC-USD,sell,68663.07000000,0.07264927,2026-08-19T16:16:19.189090Z
coinbase,1073147514,,BTC-USD,sell,68663.07000000,0.11180121,2026-08-19T16:16:19.189090Z
coinbase,1073147513,,BTC-USD,sell,68662.47000000,0.00072868,2026-08-19T16:16:19.189090Z
coinbase,1073147512,,BTC-USD,sell,68660.06000000,0.00001700,2026-08-19T16:16:19.189090Z
coinbase,1073147511,,BTC-USD,sell,68656.96000000,0.02000000,2026-08-19T16:16:19.189090Z
coinbase,1073147510,,BTC-USD,sell,68654.64000000,0.11652528,2026-08-19T16:16:19.189090Z
coinbase,1073147509,,BTC-USD,sell,68656.97000000,0.14633326,2026-08-19T16:16:19.179764Z
coinbase,1073147508,,BTC-USD,sell,68656.96000000,0.11598826,2026-08-19T16:16:19.179764Z
coinbase,1073147507,,BTC-USD,sell,68656.84000000,0.00001700,2026-08-19T16:16:19.179764Z
coinbase,1073147506,,BTC-USD,sell,68656.69000000,0.00072352,2026-08-19T16:16:19.179764Z
coinbase,1073147505,,BTC-USD,sell,68653.62000000,0.00001700,2026-08-19T16:16:19.179764Z
coinbase,1073147504,,BTC-USD,sell,68651.12000000,0.00147549,2026-08-19T16:16:19.179764Z
coinbase,1073147503,,BTC-USD,sell,68650.40000000,0.00001700,2026-08-19T16:16:19.179764Z
coinbase,1073147502,,BTC-USD,sell,68647.18000000,0.00001700,2026-08-19T16:16:19.179764Z
coinbase,1073147501,,BTC-USD,sell,68645.29000000,0.00008708,2026-08-19T16:16:19.179764Z
coinbase,1073147500,,BTC-USD,sell,68643.96000000,0.00001700,2026-08-19T16:16:19.177481Z
coinbase,1073147499,,BTC-USD,sell,68640.74000000,0.00001700,2026-08-19T16:16:19.170746Z
coinbase,1073147498,,BTC-USD,sell,68638.11000000,0.18633060,2026-08-19T16:16:19.092495Z
coinbase,1073147497,,BTC-USD,sell,68637.52000000,0.00001700,2026-08-19T16:16:19.092495Z
coinbase,1073147496,,BTC-USD,sell,68637.12000000,0.00109305,2026-08-19T16:16:19.092495Z
coinbase,1073147495,,BTC-USD,sell,68634.30000000,0.00001700,2026-08-19T16:16:19.092495Z
coinbase,1073147494,,BTC-USD,sell,68631.97000000,0.02900000,2026-08-19T16:16:19.092495Z
coinbase,1073147493,,BTC-USD,sell,68631.08000000,0.00001700,2026-08-19T16:16:19.092495Z
coinbase,1073147492,,BTC-USD,sell,68629.39000000,0.00498811,2026-08-19T16:16:19.092495Z
coinbase,1073147491,,BTC-USD,sell,68627.86000000,0.00001700,2026-08-19T16:16:19.092495Z
coinbase,1073147490,,BTC-USD,sell,68625.01000000,0.00000110,2026-08-19T16:16:19.092495Z
coinbase,1073147489,,BTC-USD,sell,68625.00000000,0.00000250,2026-08-19T16:16:19.092495Z
coinbase,1073147488,,BTC-USD,sell,68624.99000000,0.00000110,2026-08-19T16:16:19.092495Z
coinbase,1073147487,,BTC-USD,sell,68624.64000000,0.00001700,2026-08-19T16:16:19.092495Z
coinbase,1073147486,,BTC-USD,sell,68623.50000000,0.14488458,2026-08-19T16:16:19.091900Z
coinbase,1073147485,,BTC-USD,sell,68616.71000000,0.00003900,2026-08-19T16:16:19.050970Z
coinbase,1073147484,,BTC-USD,sell,68616.71000000,0.00608211,2026-08-19T16:16:19.048051Z
coinbase,1073147483,,BTC-USD,sell,68615.16000000,0.00001789,2026-08-19T16:16:19.048051Z
coinbase,1073147482,,BTC-USD,sell,68615.16000000,0.00012054,2026-08-19T16:16:19.046374Z
coinbase,1073147481,,BTC-USD,sell,68615.15000000,0.00597946,2026-08-19T16:16:19.046374Z
coinbase,1073147480,,BTC-USD,sell,68615.15000000,0.00000001,2026-08-19T16:16:18.869796Z
coinbase,1073147479,,BTC-USD,sell,68615.15000000,0.00014167,2026-08-19T16:16:18.840852Z
coinbase,1073147478,,BTC-USD,buy,68614.15000000,0.00024285,2026-08-19T16:16:18.741237Z
coinbase,1073147477,,BTC-USD,buy,68613.70000000,0.00078148,2026-08-19T16:16:18.740650Z
coinbase,1073147476,,BTC-USD,buy,68613.70000000,0.00020759,2026-08-19T16:16:18.740107Z
coinbase,1073147475,,BTC-USD,buy,68613.69000000,0.00513423,2026-08-19T16:16:18.739324Z
coinbase,1073147474,,BTC-USD,buy,68613.69000000,0.00508060,2026-08-19T16:16:18.738829Z
coinbase,1073147473,,BTC-USD,buy,68613.69000000,0.00022839,2026-08-19T16:16:18.738460Z
coinbase,1073147472,,BTC-USD,buy,68613.69000000,0.00038909,2026-08-19T16:16:18.737700Z
coinbase,1073147471,,BTC-USD,buy,68613.69000000,0.00963523,2026-08-19T16:16:18.737404Z
coinbase,1073147470,,BTC-USD,buy,68614.98000000,0.00001680,2026-08-19T16:16:18.737404Z
coinbase,1073147469,,BTC-USD,buy,68614.98000000,0.00000020,2026-08-19T16:16:18.728193Z
coinbase,1073147468,,BTC-USD,buy,68620.97000000,0.06888132,2026-08-19T16:16:18.702301Z
coinbase,1073147467,,BTC-USD,buy,68620.97000000,0.09290312,2026-08-19T16:16:18.702301Z
coinbase,1073147466,,BTC-USD,sell,68620.98000000,0.00000001,2026-08-19T16:16:18.692140Z
coinbase,1073147465,,BTC-USD,sell,68620.98000000,0.00000001,2026-08-19T16:16:18.516468Z
coinbase,1073147464,,BTC-USD,sell,68622.47000000,0.00000001,2026-08-19T16:16:18.317734Z
coinbase,1073147463,,BTC-USD,buy,68619.23000000,0.06783283,2026-08-19T16:16:18.309763Z
coinbase,1073147462,,BTC-USD,buy,68619.23000000,0.06315713,2026-08-19T16:16:18.309763Z
coinbase,1073147461,,BTC-USD,buy,68620.23000000,0.01677689,2026-08-19T16:16:18.309763Z
coinbase,1073147460,,BTC-USD,buy,68621.23000000,0.11420000,2026-08-19T16:16:18.309763Z
coinbase,1073147459,,BTC-USD,buy,68621.23000000,0.04400000,2026-08-19T16:16:18.309763Z
coinbase,1073147458,,BTC-USD,sell,68621.11000000,0.00000001,2026-08-19T16:16:18.057059Z
coinbase,1073147457,,BTC-USD,sell,68621.75000000,0.00676787,2026-08-19T16:16:17.978711Z
coinbase,1073147456,,BTC-USD,sell,68620.75000000,0.00000001,2026-08-19T16:16:17.894054Z
coinbase,1073147455,,BTC-USD,sell,68622.47000000,0.00000001,2026-08-19T16:16:17.677358Z
coinbase,1073147454,,BTC-USD,buy,68620.54000000,0.00000004,2026-08-19T16:16:17.502815Z
coinbase,1073147453,,BTC-USD,sell,68621.99000000,0.00141612,2026-08-19T16:16:17.471120Z
coinbase,1073147452,,BTC-USD,sell,68621.99000000,0.00000001,2026-08-19T16:16:17.458157Z
coinbase,1073147451,,BTC-USD,sell,68623.50000000,0.01999346,2026-08-19T16:16:17.217175Z
coinbase,1073147450,,BTC-USD,sell,68623.50000000,0.01301408,2026-08-19T16:16:17.217175Z
coinbase,1073147449,,BTC-USD,sell,68623.50000000,0.00000246,2026-08-19T16:16:17.217175Z
coinbase,1073147448,,BTC-USD,sell,68622.12000000,0.06699000,2026-08-19T16:16:17.217175Z
coinbase,1073147447,,BTC-USD,buy,68622.11000000,0.00424176,2026-08-19T16:16:17.213390Z
coinbase,1073147446,,BTC-USD,buy,68623.49000000,0.01909795,2026-08-19T16:16:17.213390Z
coinbase,1073147445,,BTC-USD,buy,68623.49000000,0.00000001,2026-08-19T16:16:17.028516Z
coinbase,1073147444,,BTC-USD,buy,68618.09000000,0.00000015,2026-08-19T16:16:16.404130Z
coinbase,1073147443,,BTC-USD,buy,68618.10000000,0.00073590,2026-08-19T16:16:16.247588Z
coinbase,1073147442,,BTC-USD,buy,68620.98000000,0.04400000,2026-08-19T16:16:16.153091Z
coinbase,1073147441,,BTC-USD,sell,68623.45000000,0.01730207,2026-08-19T16:16:16.009088Z
coinbase,1073147440,,BTC-USD,buy,68622.11000000,0.00808931,2026-08-19T16:16:15.681006Z
coinbase,1073147439,,BTC-USD,buy,68622.11000000,0.00030038,2026-08-19T16:16:15.680541Z
coinbase,1073147438,,BTC-USD,buy,68622.11000000,0.00618287,2026-08-19T16:16:15.680178Z
coinbase,1073147437,,BTC-USD,buy,68622.11000000,0.01457256,2026-08-19T16:16:15.680178Z
coinbase,1073147436,,BTC-USD,buy,68623.49000000,0.02089017,2026-08-19T16:16:15.679579Z
coinbase,1073147435,,BTC-USD,buy,68623.44000000,0.05154736,2026-08-19T16:16:15.675007Z
coinbase,1073147434,,BTC-USD,buy,68623.45000000,0.00145984,2026-08-19T16:16:15.675007Z
coinbase,1073147433,,BTC-USD,buy,68623.49000000,0.02009558,2026-08-19T16:16:15.675007Z
coinbase,1073147432,,BTC-USD,buy,68623.49000000,0.00002043,2026-08-19T16:16:15.675007Z
coinbase,1073147431,,BTC-USD,buy,68623.49000000,0.02089017,2026-08-19T16:16:15.675007Z
coinbase,1073147430,,BTC-USD,buy,68623.49000000,0.00000156,2026-08-19T16:16:15.554937Z
coinbase,1073147429,,BTC-USD,sell,68623.50000000,0.00000001,2026-08-19T16:16:15.145527Z
coinbase,1073147428,,BTC-USD,buy,68623.49000000,0.00000002,2026-08-19T16:16:15.094251Z
coinbase,1073147427,,BTC-USD,sell,68623.50000000,0.00000001,2026-08-19T16:16:14.934934Z
coinbase,1073147426,,BTC-USD,buy,68623.49000000,0.00000001,2026-08-19T16:16:14.830998Z
coinbase,1073147425,,BTC-USD,sell,68623.50000000,0.00000001,2026-08-19T16:16:14.765883Z
coinbase,1073147424,,BTC-USD,buy,68623.49000000,0.00007021,2026-08-19T16:16:14.720258Z
coinbase,1073147423,,BTC-USD,buy,68623.49000000,0.00034088,2026-08-19T16:16:14.698261Z
coinbase,1073147422,,BTC-USD,sell,68623.50000000,0.00000001,2026-08-19T16:16:14.535912Z
coinbase,1073147421,,BTC-USD,sell,68623.51000000,0.00000001,2026-08-19T16:16:14.330978Z
coinbase,1073147420,,BTC-USD,sell,68621.43000000,0.00002915,2026-08-19T16:16:14.264121Z
coinbase,1073147419,,BTC-USD,sell,68621.42000000,0.00001700,2026-08-19T16:16:14.264121Z
coinbase,1073147418,,BTC-USD,sell,68619.81000000,0.00765156,2026-08-19T16:16:14.261969Z
coinbase,1073147417,,BTC-USD,sell,68618.20000000,0.00001700,2026-08-19T16:16:14.261969Z
coinbase,1073147416,,BTC-USD,sell,68617.50000000,0.00467881,2026-08-19T16:16:14.260869Z
coinbase,1073147415,,BTC-USD,sell,68617.50000000,0.00144243,2026-08-19T16:16:14.260487Z
coinbase,1073147414,,BTC-USD,sell,68612.83000000,0.00612145,2026-08-19T16:16:14.168760Z
coinbase,1073147413,,BTC-USD,sell,68611.11000000,0.00612145,2026-08-19T16:16:14.168760Z
coinbase,1073147412,,BTC-USD,sell,68612.91000000,0.00612154,2026-08-19T16:16:14.144943Z
coinbase,1073147411,,BTC-USD,sell,68611.11000000,0.00619218,2026-08-19T16:16:14.144943Z
coinbase,1073147410,,BTC-USD,sell,68612.49000000,0.01457461,2026-08-19T16:16:14.139350Z
coinbase,1073147409,,BTC-USD,sell,68612.49000000,0.01457461,2026-08-19T16:16:14.139350Z
coinbase,1073147408,,BTC-USD,sell,68612.48000000,0.00139126,2026-08-19T16:16:14.139350Z
coinbase,1073147407,,BTC-USD,sell,68611.11000000,0.00619224,2026-08-19T16:16:14.139350Z
coinbase,1073147406,,BTC-USD,sell,68611.11000000,0.00000001,2026-08-19T16:16:14.114330Z
coinbase,1073147405,,BTC-USD,buy,68611.10000000,0.00000003,2026-08-19T16:16:14.045106Z
coinbase,1073147404,,BTC-USD,sell,68611.11000000,0.00000001,2026-08-19T16:16:13.928259Z
coinbase,1073147403,,BTC-USD,sell,68611.11000000,0.00000001,2026-08-19T16:16:13.748089Z
coinbase,1073147402,,BTC-USD,sell,68611.11000000,0.00000001,2026-08-19T16:16:13.528435Z
coinbase,1073147401,,BTC-USD,buy,68611.10000000,0.00041500,2026-08-19T16:16:13.363984Z
coinbase,1073147400,,BTC-USD,sell,68611.11000000,0.00000001,2026-08-19T16:16:13.340335Z
coinbase,1073147399,,BTC-USD,buy,68611.10000000,0.02974545,2026-08-19T16:16:13.208991Z
coinbase,1073147398,,BTC-USD,buy,68611.10000000,0.04383292,2026-08-19T16:16:13.208991Z
coinbase,1073147397,,BTC-USD,sell,68611.11000000,0.00000001,2026-08-19T16:16:13.136311Z
coinbase,1073147396,,BTC-USD,buy,68611.10000000,0.00016708,2026-08-19T16:16:13.051762Z
coinbase,1073147395,,BTC-USD,buy,68609.00000000,0.00000009,2026-08-19T16:16:12.992161Z
coinbase,1073147394,,BTC-USD,sell,68611.14000000,0.00000001,2026-08-19T16:16:12.965857Z
coinbase,1073147393,,BTC-USD,buy,68609.00000000,0.00002516,2026-08-19T16:16:12.880899Z
coinbase,1073147392,,BTC-USD,sell,68611.77000000,0.00000001,2026-08-19T16:16:12.741273Z
coinbase,1073147391,,BTC-USD,buy,68611.76000000,0.08250000,2026-08-19T16:16:12.737966Z
coinbase,1073147390,,BTC-USD,buy,68611.76000000,0.00001699,2026-08-19T16:16:12.737966Z
coinbase,1073147389,,BTC-USD,buy,68611.76000000,0.00000001,2026-08-19T16:16:12.625723Z
coinbase,1073147388,,BTC-USD,buy,68614.98000000,0.00001700,2026-08-19T16:16:12.611936Z
coinbase,1073147387,,BTC-USD,buy,68615.00000000,0.01000000,2026-08-19T16:16:12.611936Z
coinbase,1073147386,,BTC-USD,buy,68615.99000000,0.00000110,2026-08-19T16:16:12.611936Z
coinbase,1073147385,,BTC-USD,buy,68616.00000000,0.00000350,2026-08-19T16:16:12.611936Z
coinbase,1073147384,,BTC-USD,buy,68616.01000000,0.00000110,2026-08-19T16:16:12.611936Z
coinbase,1073147383,,BTC-USD,buy,68616.70000000,0.01003970,2026-08-19T16:16:12.608593Z
coinbase,1073147382,,BTC-USD,buy,68616.70000000,0.01003970,2026-08-19T16:16:12.608209Z
coinbase,1073147381,,BTC-USD,buy,68618.20000000,0.00001700,2026-08-19T16:16:12.603114Z
coinbase,1073147380,,BTC-USD,buy,68620.00000000,0.01502973,2026-08-19T16:16:12.592810Z
coinbase,1073147379,,BTC-USD,buy,68620.00000000,0.01000000,2026-08-19T16:16:12.592810Z
coinbase,1073147378,,BTC-USD,buy,68621.00000000,1.00000000,2026-08-19T16:16:12.587731Z
coinbase,1073147377,,BTC-USD,buy,68621.42000000,0.03386595,2026-08-19T16:16:12.587731Z
coinbase,1073147376,,BTC-USD,buy,68621.42000000,0.03006339,2026-08-19T16:16:12.587731Z
coinbase,1073147375,,BTC-USD,buy,68621.42000000,0.00001700,2026-08-19T16:16:12.587731Z
coinbase,1073147374,,BTC-USD,sell,68623.08000000,0.00000001,2026-08-19T16:16:12.508433Z
coinbase,1073147373,,BTC-USD,sell,68623.75000000,0.00000001,2026-08-19T16:16:12.335706Z
coinbase,1073147372,,BTC-USD,buy,68622.42000000,0.00000010,2026-08-19T16:16:12.214315Z
coinbase,1073147371,,BTC-USD,buy,68624.64000000,0.00001700,2026-08-19T16:16:12.049117Z
coinbase,1073147370,,BTC-USD,buy,68625.00000000,0.01000000,2026-08-19T16:16:12.049117Z
coinbase,1073147369,,BTC-USD,buy,68627.86000000,0.00001700,2026-08-19T16:16:12.049117Z
coinbase,1073147368,,BTC-USD,sell,68627.87000000,0.00004595,2026-08-19T16:16:11.944500Z
coinbase,1073147367,,BTC-USD,buy,68630.00000000,0.01000000,2026-08-19T16:16:11.891621Z
coinbase,1073147366,,BTC-USD,buy,68630.99000000,0.00000110,2026-08-19T16:16:11.891621Z
coinbase,1073147365,,BTC-USD,buy,68631.00000000,0.00000350,2026-08-19T16:16:11.891621Z
coinbase,1073147364,,BTC-USD,buy,68631.01000000,0.00000110,2026-08-19T16:16:11.891621Z
coinbase,1073147363,,BTC-USD,buy,68631.08000000,0.00001700,2026-08-19T16:16:11.891621Z
coinbase,1073147362,,BTC-USD,buy,68631.09000000,0.00004997,2026-08-19T16:16:11.891621Z
coinbase,1073147361,,BTC-USD,buy,68634.30000000,0.00122211,2026-08-19T16:16:11.891363Z
coinbase,1073147360,,BTC-USD,buy,68634.30000000,0.00073707,2026-08-19T16:16:11.891340Z
coinbase,1073147359,,BTC-USD,buy,68634.30000000,0.00024970,2026-08-19T16:16:11.888014Z
coinbase,1073147358,,BTC-USD,buy,68634.30000000,0.00016334,2026-08-19T16:16:11.887712Z
coinbase,1073147357,,BTC-USD,buy,68634.30000000,0.00035243,2026-08-19T16:16:11.887490Z
coinbase,1073147356,,BTC-USD,buy,68634.30000000,0.00023041,2026-08-19T16:16:11.887055Z
coinbase,1073147355,,BTC-USD,buy,68634.30000000,0.00017738,2026-08-19T16:16:11.886612Z
coinbase,1073147354,,BTC-USD,buy,68634.30000000,0.00022282,2026-08-19T16:16:11.886248Z
coinbase,1073147353,,BTC-USD,buy,68634.30000000,0.01790116,2026-08-19T16:16:11.885869Z
coinbase,1073147352,,BTC-USD,buy,68634.30000000,0.00053319,2026-08-19T16:16:11.882249Z
coinbase,1073147351,,BTC-USD,buy,68634.30000000,0.00043804,2026-08-19T16:16:11.881062Z
coinbase,1073147350,,BTC-USD,buy,68634.30000000,0.00019967,2026-08-19T16:16:11.880894Z
coinbase,1073147349,,BTC-USD,buy,68634.30000000,0.01811717,2026-08-19T16:16:11.880129Z
coinbase,1073147348,,BTC-USD,buy,68634.30000000,0.07096437,2026-08-19T16:16:11.880129Z
coinbase,1073147347,,BTC-USD,buy,68634.30000000,0.06730126,2026-08-19T16:16:11.880129Z
coinbase,1073147346,,BTC-USD,sell,68638.33000000,0.06576109,2026-08-19T16:16:11.845654Z
coinbase,1073147345,,BTC-USD,sell,68636.03000000,0.00611938,2026-08-19T16:16:11.845654Z
coinbase,1073147344,,BTC-USD,sell,68634.31000000,0.00003028,2026-08-19T16:16:11.845654Z
coinbase,1073147343,,BTC-USD,sell,68634.31000000,0.01234489,2026-08-19T16:16:11.845654Z
coinbase,1073147342,,BTC-USD,sell,68634.31000000,0.00012768,2026-08-19T16:16:11.845654Z
coinbase,1073147341,,BTC-USD,sell,68634.31000000,0.00161101,2026-08-19T16:16:11.845654Z
coinbase,1073147340,,BTC-USD,sell,68634.31000000,0.00003187,2026-08-19T16:16:11.844792Z
coinbase,1073147339,,BTC-USD,buy,68634.30000000,0.00000006,2026-08-19T16:16:11.653206Z
coinbase,1073147338,,BTC-USD,buy,68634.30000000,0.00000006,2026-08-19T16:16:11.120185Z
coinbase,1073147337,,BTC-USD,sell,68634.31000000,0.00000001,2026-08-19T16:16:11.011265Z
coinbase,1073147336,,BTC-USD,sell,68634.31000000,0.00521995,2026-08-19T16:16:10.997278Z
coinbase,1073147335,,BTC-USD,sell,68634.31000000,0.00000001,2026-08-19T16:16:10.821580Z
coinbase,1073147334,,BTC-USD,sell,68634.31000000,0.00000001,2026-08-19T16:16:10.636744Z
coinbase,1073147333,,BTC-USD,buy,68634.30000000,0.00000008,2026-08-19T16:16:10.560495Z
coinbase,1073147332,,BTC-USD,buy,68634.30000000,0.00000001,2026-08-19T16:16:10.469024Z
coinbase,1073147331,,BTC-USD,sell,68634.31000000,0.00000001,2026-08-19T16:16:10.437580Z
coinbase,1073147330,,BTC-USD,sell,68634.31000000,0.00020728,2026-08-19T16:16:10.352007Z
coinbase,1073147329,,BTC-USD,sell,68634.31000000,0.00000001,2026-08-19T16:16:10.245107Z
coinbase,1073147328,,BTC-USD,buy,68634.30000000,0.00029685,2026-08-19T16:16:10.113825Z
coinbase,1073147327,,BTC-USD,buy,68634.30000000,0.01091337,2026-08-19T16:16:10.030948Z
coinbase,1073147326,,BTC-USD,buy,68634.30000000,0.00002046,2026-08-19T16:16:10.030948Z
coinbase,1073147325,,BTC-USD,buy,68634.30000000,0.02128519,2026-08-19T16:16:10.030948Z
coinbase,1073147324,,BTC-USD,sell,68634.31000000,0.00000001,2026-08-19T16:16:10.018563Z
coinbase,1073147323,,BTC-USD,buy,68634.30000000,0.00000008,2026-08-19T16:16:10.009679Z
coinbase,1073147322,,BTC-USD,sell,68634.31000000,0.00000573,2026-08-19T16:16:09.987198Z
coinbase,1073147321,,BTC-USD,sell,68634.31000000,0.00000052,2026-08-19T16:16:09.987198Z
coinbase,1073147320,,BTC-USD,sell,68634.31000000,0.00000001,2026-08-19T16:16:09.858105Z
coinbase,1073147319,,BTC-USD,buy,68634.30000000,0.00005731,2026-08-19T16:16:09.662018Z
coinbase,1073147318,,BTC-USD,buy,68634.30000000,0.00001690,2026-08-19T16:16:09.662018Z
coinbase,1073147317,,BTC-USD,sell,68634.31000000,0.00000001,2026-08-19T16:16:09.657417Z
coinbase,1073147316,,BTC-USD,buy,68634.30000000,0.00000010,2026-08-19T16:16:09.479021Z
coinbase,1073147315,,BTC-USD,sell,68634.31000000,0.00011520,2026-08-19T16:16:09.464297Z
coinbase,1073147314,,BTC-USD,sell,68634.31000000,0.02123380,2026-08-19T16:16:09.464297Z
coinbase,1073147313,,BTC-USD,sell,68634.31000000,0.00000001,2026-08-19T16:16:09.441923Z
coinbase,1073147312,,BTC-USD,sell,68634.31000000,0.00000001,2026-08-19T16:16:09.235142Z
coinbase,1073147311,,BTC-USD,sell,68634.31000000,0.00000001,2026-08-19T16:16:09.041754Z
coinbase,1073147310,,BTC-USD,sell,68634.31000000,0.00000001,2026-08-19T16:16:08.854579Z
coinbase,1073147309,,BTC-USD,sell,68634.31000000,0.00000001,2026-08-19T16:16:08.634553Z
coinbase,1073147308,,BTC-USD,buy,68637.52000000,0.12333470,2026-08-19T16:16:08.480827Z
coinbase,1073147307,,BTC-USD,buy,68637.52000000,0.12078975,2026-08-19T16:16:08.480827Z
coinbase,1073147306,,BTC-USD,buy,68637.52000000,0.02853472,2026-08-19T16:16:08.480827Z
coinbase,1073147305,,BTC-USD,buy,68637.52000000,0.06980000,2026-08-19T16:16:08.480827Z
coinbase,1073147304,,BTC-USD,buy,68637.52000000,0.00001640,2026-08-19T16:16:08.480827Z
coinbase,1073147303,,BTC-USD,sell,68637.53000000,0.00000001,2026-08-19T16:16:08.470476Z
coinbase,1073147302,,BTC-USD,buy,68637.52000000,0.00000006,2026-08-19T16:16:08.453939Z
coinbase,1073147301,,BTC-USD,buy,68637.52000000,0.00000001,2026-08-19T16:16:08.253111Z
coinbase,1073147300,,BTC-USD,sell,68637.53000000,0.00000001,2026-08-19T16:16:08.244086Z
coinbase,1073147299,,BTC-USD,sell,68637.53000000,0.01203213,2026-08-19T16:16:08.199524Z
coinbase,1073147298,,BTC-USD,sell,68637.53000000,0.00000001,2026-08-19T16:16:08.036566Z
coinbase,1073147297,,BTC-USD,buy,68637.52000000,0.00000022,2026-08-19T16:16:07.834812Z
coinbase,1073147296,,BTC-USD,buy,68637.52000000,0.00000019,2026-08-19T16:16:07.570039Z
coinbase,1073147295,,BTC-USD,buy,68637.52000000,0.00000012,2026-08-19T16:16:07.431287Z
coinbase,1073147294,,BTC-USD,buy,68639.99000000,0.00000110,2026-08-19T16:16:06.965163Z
coinbase,1073147293,,BTC-USD,buy,68640.00000000,0.00000350,2026-08-19T16:16:06.965163Z
coinbase,1073147292,,BTC-USD,buy,68640.01000000,0.00000110,2026-08-19T16:16:06.965163Z
coinbase,1073147291,,BTC-USD,buy,68640.03000000,0.11420000,2026-08-19T16:16:06.965163Z
coinbase,1073147290,,BTC-USD,buy,68640.03000000,0.03015223,2026-08-19T16:16:06.965163Z
coinbase,1073147289,,BTC-USD,buy,68640.03000000,0.00000006,2026-08-19T16:16:06.752633Z
coinbase,1073147288,,BTC-USD,sell,68642.95000000,0.00000001,2026-08-19T16:16:06.614616Z
coinbase,1073147287,,BTC-USD,sell,68642.96000000,0.00000001,2026-08-19T16:16:06.458474Z
coinbase,1073147286,,BTC-USD,buy,68640.02000000,0.00100565,2026-08-19T16:16:06.428661Z
coinbase,1073147285,,BTC-USD,buy,68641.69000000,0.00001701,2026-08-19T16:16:06.323588Z
coinbase,1073147284,,BTC-USD,sell,68643.97000000,0.00000001,2026-08-19T16:16:06.319627Z
coinbase,1073147283,,BTC-USD,sell,68643.97000000,0.01415820,2026-08-19T16:16:06.304531Z
coinbase,1073147282,,BTC-USD,buy,68643.96000000,0.00154711,2026-08-19T16:16:06.274327Z
coinbase,1073147281,,BTC-USD,buy,68643.96000000,0.04342600,2026-08-19T16:16:06.272514Z
coinbase,1073147280,,BTC-USD,buy,68643.96000000,0.03812974,2026-08-19T16:16:06.272514Z
coinbase,1073147279,,BTC-USD,buy,68643.96000000,0.06626837,2026-08-19T16:16:06.272514Z
coinbase,1073147278,,BTC-USD,buy,68643.96000000,0.00000003,2026-08-19T16:16:06.239336Z
coinbase,1073147277,,BTC-USD,buy,68643.96000000,0.00000006,2026-08-19T16:16:06.231051Z
coinbase,1073147276,,BTC-USD,buy,68643.96000000,0.00027093,2026-08-19T16:16:06.051380Z
coinbase,1073147275,,BTC-USD,buy,68643.96000000,0.04545053,2026-08-19T16:16:06.051034Z
coinbase,1073147274,,BTC-USD,buy,68643.96000000,0.11017610,2026-08-19T16:16:06.051034Z
coinbase,1073147273,,BTC-USD,sell,68645.27000000,0.00000001,2026-08-19T16:16:06.021937Z
coinbase,1073147272,,BTC-USD,buy,68643.96000000,0.00000001,2026-08-19T16:16:05.942562Z
coinbase,1073147271,,BTC-USD,buy,68643.96000000,0.00142836,2026-08-19T16:16:05.926439Z
coinbase,1073147270,,BTC-USD,buy,68643.96000000,0.00001700,2026-08-19T16:16:05.926439Z
coinbase,1073147269,,BTC-USD,sell,68645.26000000,0.00000001,2026-08-19T16:16:05.843289Z
coinbase,1073147268,,BTC-USD,sell,68645.27000000,0.00000001,2026-08-19T16:16:05.653381Z
coinbase,1073147267,,BTC-USD,sell,68645.28000000,0.00000001,2026-08-19T16:16:05.452666Z
coinbase,1073147266,,BTC-USD,buy,68647.18000000,0.00001700,2026-08-19T16:16:05.346292Z
coinbase,1073147265,,BTC-USD,buy,68650.40000000,0.11420000,2026-08-19T16:16:05.278532Z
coinbase,1073147264,,BTC-USD,buy,68650.40000000,0.00001684,2026-08-19T16:16:05.278532Z
coinbase,1073147263,,BTC-USD,sell,68650.41000000,0.00000001,2026-08-19T16:16:05.239018Z
coinbase,1073147262,,BTC-USD,buy,68650.40000000,0.00000006,2026-08-19T16:16:05.201322Z
coinbase,1073147261,,BTC-USD,sell,68650.41000000,0.00690564,2026-08-19T16:16:05.129568Z
coinbase,1073147260,,BTC-USD,buy,68650.40000000,0.00000007,2026-08-19T16:16:05.115972Z
coinbase,1073147259,,BTC-USD,buy,68650.40000000,0.00000003,2026-08-19T16:16:05.111526Z
coinbase,1073147258,,BTC-USD,sell,68652.60000000,0.00000001,2026-08-19T16:16:05.065874Z
coinbase,1073147257,,BTC-USD,buy,68656.05000000,0.11420000,2026-08-19T16:16:05.049809Z
coinbase,1073147256,,BTC-USD,buy,68656.05000000,0.00611740,2026-08-19T16:16:05.049809Z
coinbase,1073147255,,BTC-USD,sell,68657.17000000,0.00000001,2026-08-19T16:16:04.876267Z
coinbase,1073147254,,BTC-USD,sell,68657.17000000,0.00100813,2026-08-19T16:16:04.798907Z
coinbase,1073147253,,BTC-USD,sell,68657.17000000,0.00000001,2026-08-19T16:16:04.701018Z
coinbase,1073147252,,BTC-USD,buy,68656.01000000,0.00075138,2026-08-19T16:16:04.515919Z
coinbase,1073147251,,BTC-USD,buy,68651.00000000,0.13783273,2026-08-19T16:16:04.430754Z
coinbase,1073147250,,BTC-USD,buy,68652.72000000,0.46474307,2026-08-19T16:16:04.430754Z
coinbase,1073147249,,BTC-USD,buy,68652.73000000,0.27745161,2026-08-19T16:16:04.430754Z
coinbase,1073147248,,BTC-USD,buy,68652.74000000,0.18633039,2026-08-19T16:16:04.430754Z
coinbase,1073147247,,BTC-USD,buy,68652.95000000,0.00764647,2026-08-19T16:16:04.430754Z
coinbase,1073147246,,BTC-USD,buy,68655.27000000,0.00611717,2026-08-19T16:16:04.430754Z
coinbase,1073147245,,BTC-USD,buy,68657.00000000,0.03097113,2026-08-19T16:16:04.430754Z
coinbase,1073147244,,BTC-USD,buy,68657.01000000,0.02000000,2026-08-19T16:16:04.430754Z
coinbase,1073147243,,BTC-USD,buy,68657.02000000,0.00611731,2026-08-19T16:16:04.430754Z
coinbase,1073147242,,BTC-USD,buy,68657.02000000,0.02000000,2026-08-19T16:16:04.430754Z
coinbase,1073147241,,BTC-USD,buy,68657.17000000,0.00002038,2026-08-19T16:16:04.430754Z
coinbase,1073147240,,BTC-USD,buy,68657.17000000,0.05710000,2026-08-19T16:16:04.430754Z
coinbase,1073147239,,BTC-USD,buy,68657.17000000,0.00020000,2026-08-19T16:16:04.430754Z
coinbase,1073147238,,BTC-USD,sell,68657.18000000,0.00000001,2026-08-19T16:16:04.427577Z
coinbase,1073147237,,BTC-USD,sell,68658.12000000,0.02832269,2026-08-19T16:16:04.262307Z
coinbase,1073147236,,BTC-USD,sell,68657.02000000,0.04376958,2026-08-19T16:16:04.262307Z
coinbase,1073147235,,BTC-USD,sell,68657.02000000,0.00000001,2026-08-19T16:16:04.232362Z
coinbase,1073147234,,BTC-USD,sell,68657.01000000,0.00022968,2026-08-19T16:16:04.068855Z
coinbase,1073147233,,BTC-USD,sell,68658.00000000,0.00000001,2026-08-19T16:16:04.039072Z
coinbase,1073147232,,BTC-USD,buy,68657.01000000,0.00000012,2026-08-19T16:16:04.038977Z
coinbase,1073147231,,BTC-USD,buy,68657.01000000,0.00000002,2026-08-19T16:16:04.036223Z
coinbase,1073147230,,BTC-USD,buy,68657.00000000,0.00000005,2026-08-19T16:16:04.018131Z
coinbase,1073147229,,BTC-USD,sell,68660.29000000,0.00000001,2026-08-19T16:16:03.864485Z
coinbase,1073147228,,BTC-USD,buy,68656.98000000,0.00000001,2026-08-19T16:16:03.747217Z
coinbase,1073147227,,BTC-USD,sell,68653.84000000,0.01007400,2026-08-19T16:16:03.226744Z
coinbase,1073147226,,BTC-USD,sell,68652.01000000,0.00000170,2026-08-19T16:16:03.226744Z
coinbase,1073147225,,BTC-USD,sell,68647.18000000,0.00001700,2026-08-19T16:16:03.226744Z
coinbase,1073147224,,BTC-USD,sell,68643.96000000,0.00001700,2026-08-19T16:16:03.099217Z
coinbase,1073147223,,BTC-USD,sell,68640.73000000,0.01885112,2026-08-19T16:16:03.053615Z
coinbase,1073147222,,BTC-USD,sell,68640.74000000,0.00001700,2026-08-19T16:16:03.034819Z
coinbase,1073147221,,BTC-USD,sell,68640.73000000,0.02827668,2026-08-19T16:16:03.034819Z
coinbase,1073147220,,BTC-USD,buy,68638.92000000,0.00000011,2026-08-19T16:16:02.941639Z
coinbase,1073147219,,BTC-USD,sell,68633.98000000,0.00611957,2026-08-19T16:16:02.929614Z
coinbase,1073147218,,BTC-USD,sell,68634.01000000,0.00611962,2026-08-19T16:16:02.921146Z
coinbase,1073147217,,BTC-USD,sell,68633.64000000,0.01457011,2026-08-19T16:16:02.921146Z
coinbase,1073147216,,BTC-USD,sell,68633.64000000,0.01457011,2026-08-19T16:16:02.921146Z
coinbase,1073147215,,BTC-USD,sell,68632.26000000,0.00011575,2026-08-19T16:16:02.921146Z
coinbase,1073147214,,BTC-USD,sell,68632.26000000,0.03427542,2026-08-19T16:16:02.921146Z
coinbase,1073147213,,BTC-USD,sell,68632.26000000,0.01350000,2026-08-19T16:16:02.920793Z
coinbase,1073147212,,BTC-USD,buy,68632.25000000,0.00000021,2026-08-19T16:16:02.846712Z
coinbase,1073147211,,BTC-USD,buy,68632.25000000,0.00000006,2026-08-19T16:16:02.728035Z
coinbase,1073147210,,BTC-USD,buy,68632.25000000,0.00001040,2026-08-19T16:16:02.634231Z
coinbase,1073147209,,BTC-USD,sell,68632.26000000,0.00000001,2026-08-19T16:16:02.428110Z
coinbase,1073147208,,BTC-USD,sell,68632.26000000,0.00000001,2026-08-19T16:16:02.232367Z
coinbase,1073147207,,BTC-USD,sell,68632.26000000,0.00075990,2026-08-19T16:16:02.175852Z
coinbase,1073147206,,BTC-USD,sell,68632.27000000,0.00000001,2026-08-19T16:16:02.037828Z
coinbase,1073147205,,BTC-USD,buy,68632.26000000,0.00000002,2026-08-19T16:16:01.852127Z
coinbase,1073147204,,BTC-USD,sell,68632.28000000,0.00000001,2026-08-19T16:16:01.826653Z
coinbase,1073147203,,BTC-USD,buy,68631.47000000,0.00000023,2026-08-19T16:16:01.705717Z
coinbase,1073147202,,BTC-USD,sell,68632.30000000,0.00000001,2026-08-19T16:16:01.663798Z
coinbase,1073147201,,BTC-USD,buy,68634.30000000,0.05080000,2026-08-19T16:16:01.585895Z
coinbase,1073147200,,BTC-USD,buy,68634.30000000,0.00001700,2026-08-19T16:16:01.585895Z
coinbase,1073147199,,BTC-USD,sell,68637.22000000,0.00000001,2026-08-19T16:16:01.476024Z
coinbase,1073147198,,BTC-USD,sell,68637.23000000,0.00000001,2026-08-19T16:16:01.267669Z
coinbase,1073147197,,BTC-USD,buy,68635.00000000,0.00105535,2026-08-19T16:16:01.213979Z
coinbase,1073147196,,BTC-USD,buy,68635.51000000,0.00000170,2026-08-19T16:16:01.213979Z
coinbase,1073147195,,BTC-USD,buy,68637.52000000,0.00001683,2026-08-19T16:16:01.213979Z
coinbase,1073147194,,BTC-USD,buy,68637.52000000,0.00000017,2026-08-19T16:16:01.174065Z
coinbase,1073147193,,BTC-USD,buy,68640.74000000,0.05080000,2026-08-19T16:16:01.170605Z
coinbase,1073147192,,BTC-USD,buy,68640.74000000,0.00001700,2026-08-19T16:16:01.170605Z
coinbase,1073147191,,BTC-USD,buy,68643.96000000,0.00001700,2026-08-19T16:16:01.053567Z
coinbase,1073147190,,BTC-USD,buy,68646.38000000,0.00788171,2026-08-19T16:16:01.045015Z
coinbase,1073147189,,BTC-USD,buy,68646.38000000,0.00045809,2026-08-19T16:16:01.044519Z
coinbase,1073147188,,BTC-USD,buy,68646.38000000,0.00026713,2026-08-19T16:16:01.043939Z
coinbase,1073147187,,BTC-USD,buy,68646.38000000,0.02517595,2026-08-19T16:16:01.043484Z
coinbase,1073147186,,BTC-USD,buy,68646.38000000,0.00050011,2026-08-19T16:16:01.041067Z
coinbase,1073147185,,BTC-USD,buy,68646.38000000,0.00058414,2026-08-19T16:16:01.040246Z
coinbase,1073147184,,BTC-USD,buy,68646.38000000,0.00069872,2026-08-19T16:16:01.040133Z
coinbase,1073147183,,BTC-USD,buy,68646.38000000,0.00877742,2026-08-19T16:16:01.038756Z
coinbase,1073147182,,BTC-USD,buy,68646.94000000,0.00047918,2026-08-19T16:16:01.032985Z
coinbase,1073147181,,BTC-USD,buy,68647.18000000,0.00001700,2026-08-19T16:16:01.032985Z
coinbase,1073147180,,BTC-USD,buy,68650.00000000,0.01000000,2026-08-19T16:16:01.012349Z
coinbase,1073147179,,BTC-USD,buy,68650.40000000,0.00001700,2026-08-19T16:16:01.012349Z
coinbase,1073147178,,BTC-USD,buy,68650.49000000,0.00000110,2026-08-19T16:16:01.012349Z
coinbase,1073147177,,BTC-USD,buy,68650.50000000,0.00000350,2026-08-19T16:16:01.012349Z
coinbase,1073147176,,BTC-USD,buy,68650.51000000,0.00000110,2026-08-19T16:16:01.012349Z
coinbase,1073147175,,BTC-USD,buy,68652.03000000,0.00006729,2026-08-19T16:16:01.011188Z
coinbase,1073147174,,BTC-USD,buy,68653.57000000,0.09348421,2026-08-19T16:16:01.010840Z
coinbase,1073147173,,BTC-USD,buy,68653.62000000,0.03510185,2026-08-19T16:16:01.010840Z
coinbase,1073147172,,BTC-USD,sell,68653.63000000,0.00000001,2026-08-19T16:16:01.006322Z
coinbase,1073147171,,BTC-USD,buy,68653.62000000,0.00204416,2026-08-19T16:16:01.005029Z
coinbase,1073147170,,BTC-USD,buy,68653.62000000,0.01455483,2026-08-19T16:16:00.977921Z
coinbase,1073147169,,BTC-USD,buy,68653.62000000,0.00015384,2026-08-19T16:16:00.977072Z
coinbase,1073147168,,BTC-USD,buy,68653.62000000,0.00039044,2026-08-19T16:16:00.972913Z
coinbase,1073147167,,BTC-USD,buy,68653.62000000,0.00131220,2026-08-19T16:16:00.972297Z
coinbase,1073147166,,BTC-USD,buy,68653.62000000,0.00031685,2026-08-19T16:16:00.970234Z
coinbase,1073147165,,BTC-USD,buy,68653.62000000,0.00035636,2026-08-19T16:16:00.970212Z
coinbase,1073147164,,BTC-USD,buy,68653.62000000,0.00204084,2026-08-19T16:16:00.969931Z
coinbase,1073147163,,BTC-USD,buy,68653.62000000,0.00099574,2026-08-19T16:16:00.966727Z
coinbase,1073147162,,BTC-USD,buy,68653.62000000,0.00314669,2026-08-19T16:16:00.965423Z
coinbase,1073147161,,BTC-USD,buy,68653.62000000,0.00124537,2026-08-19T16:16:00.961794Z
coinbase,1073147160,,BTC-USD,buy,68653.62000000,0.01392365,2026-08-19T16:16:00.961378Z
coinbase,1073147159,,BTC-USD,buy,68653.62000000,0.00034475,2026-08-19T16:16:00.959780Z
coinbase,1073147158,,BTC-USD,buy,68653.62000000,0.00543345,2026-08-19T16:16:00.958767Z
coinbase,1073147157,,BTC-USD,buy,68653.62000000,0.00827552,2026-08-19T16:16:00.958732Z
coinbase,1073147156,,BTC-USD,buy,68653.62000000,0.00027669,2026-08-19T16:16:00.958523Z
coinbase,1073147155,,BTC-USD,buy,68653.62000000,0.01678515,2026-08-19T16:16:00.944475Z
coinbase,1073147154,,BTC-USD,buy,68653.62000000,0.00608389,2026-08-19T16:16:00.944045Z
coinbase,1073147153,,BTC-USD,buy,68653.62000000,0.00769288,2026-08-19T16:16:00.941556Z
coinbase,1073147152,,BTC-USD,buy,68653.62000000,0.05080000,2026-08-19T16:16:00.941556Z
coinbase,1073147151,,BTC-USD,buy,68653.62000000,0.09594248,2026-08-19T16:16:00.941556Z
coinbase,1073147150,,BTC-USD,buy,68653.62000000,0.00001682,2026-08-19T16:16:00.941556Z
coinbase,1073147149,,BTC-USD,sell,68653.63000000,0.00000001,2026-08-19T16:16:00.814722Z
coinbase,1073147148,,BTC-USD,buy,68653.62000000,0.00000005,2026-08-19T16:16:00.784724Z
coinbase,1073147147,,BTC-USD,buy,68653.62000000,0.00000012,2026-08-19T16:16:00.643215Z
coinbase,1073147146,,BTC-USD,buy,68653.62000000,0.00000001,2026-08-19T16:16:00.621844Z
coinbase,1073147145,,BTC-USD,sell,68653.63000000,0.00000001,2026-08-19T16:16:00.609342Z
coinbase,1073147144,,BTC-USD,sell,68654.83000000,0.00000001,2026-08-19T16:16:00.399169Z
coinbase,1073147143,,BTC-USD,buy,68656.84000000,0.03912490,2026-08-19T16:16:00.365176Z
coinbase,1073147142,,BTC-USD,buy,68656.84000000,0.00001700,2026-08-19T16:16:00.365176Z
coinbase,1073147141,,BTC-USD,buy,68660.06000000,0.00001074,2026-08-19T16:16:00.287355Z
coinbase,1073147140,,BTC-USD,buy,68660.06000000,0.00004493,2026-08-19T16:16:00.287355Z
coinbase,1073147139,,BTC-USD,buy,68660.06000000,0.00001700,2026-08-19T16:16:00.287355Z
coinbase,1073147138,,BTC-USD,sell,68661.26000000,0.00000001,2026-08-19T16:16:00.229062Z
coinbase,1073147137,,BTC-USD,sell,68662.27000000,0.00000001,2026-08-19T16:16:00.088591Z
coinbase,1073147136,,BTC-USD,buy,68661.56000000,0.00000006,2026-08-19T16:16:00.069909Z
coinbase,1073147135,,BTC-USD,buy,68663.28000000,0.02838131,2026-08-19T16:15:59.911187Z
coinbase,1073147134,,BTC-USD,buy,68663.28000000,0.00645717,2026-08-19T16:15:59.910606Z
coinbase,1073147133,,BTC-USD,buy,68663.28000000,0.00072267,2026-08-19T16:15:59.910074Z
coinbase,1073147132,,BTC-USD,buy,68663.28000000,0.14152898,2026-08-19T16:15:59.909284Z
coinbase,1073147131,,BTC-USD,buy,68663.28000000,0.01443696,2026-08-19T16:15:59.909284Z
coinbase,1073147130,,BTC-USD,sell,68663.29000000,0.00000001,2026-08-19T16:15:59.832789Z
coinbase,1073147129,,BTC-USD,buy,68663.28000000,0.00000016,2026-08-19T16:15:59.749741Z
coinbase,1073147128,,BTC-USD,buy,68663.28000000,0.00268766,2026-08-19T16:15:59.671206Z
coinbase,1073147127,,BTC-USD,buy,68663.28000000,0.00551196,2026-08-19T16:15:59.667446Z
coinbase,1073147126,,BTC-USD,buy,68663.28000000,0.00495961,2026-08-19T16:15:59.660136Z
coinbase,1073147125,,BTC-USD,buy,68663.28000000,0.00207227,2026-08-19T16:15:59.652979Z
coinbase,1073147124,,BTC-USD,buy,68663.28000000,0.00039805,2026-08-19T16:15:59.652169Z
coinbase,1073147123,,BTC-USD,buy,68663.28000000,0.00072251,2026-08-19T16:15:59.650441Z
coinbase,1073147122,,BTC-USD,buy,68663.28000000,0.00143679,2026-08-19T16:15:59.648788Z
coinbase,1073147121,,BTC-USD,buy,68663.28000000,0.00331234,2026-08-19T16:15:59.646575Z
coinbase,1073147120,,BTC-USD,buy,68663.28000000,0.11340462,2026-08-19T16:15:59.632966Z
coinbase,1073147119,,BTC-USD,buy,68663.28000000,0.04092966,2026-08-19T16:15:59.632966Z
coinbase,1073147118,,BTC-USD,buy,68663.28000000,0.00001678,2026-08-19T16:15:59.632966Z
coinbase,1073147117,,BTC-USD,sell,68663.29000000,0.00000001,2026-08-19T16:15:59.598785Z
coinbase,1073147116,,BTC-USD,buy,68663.28000000,0.00000009,2026-08-19T16:15:59.033381Z
coinbase,1073147115,,BTC-USD,sell,68663.29000000,0.00000014,2026-08-19T16:15:58.912537Z
coinbase,1073147114,,BTC-USD,buy,68663.28000000,0.00000008,2026-08-19T16:15:58.902230Z
coinbase,1073147113,,BTC-USD,sell,68663.29000000,0.00000218,2026-08-19T16:15:58.902228Z
coinbase,1073147112,,BTC-USD,buy,68663.28000000,0.00000005,2026-08-19T16:15:58.688399Z
coinbase,1073147111,,BTC-USD,buy,68663.46000000,0.00033726,2026-08-19T16:15:58.680414Z
coinbase,1073147110,,BTC-USD,buy,68663.46000000,0.00242582,2026-08-19T16:15:58.679800Z
coinbase,1073147109,,BTC-USD,buy,68663.46000000,0.00098680,2026-08-19T16:15:58.676894Z
coinbase,1073147108,,BTC-USD,buy,68663.46000000,0.14940602,2026-08-19T16:15:58.675044Z
coinbase,1073147107,,BTC-USD,buy,68663.46000000,0.00000001,2026-08-19T16:15:58.509455Z
coinbase,1073147106,,BTC-USD,sell,68664.52000000,0.00148560,2026-08-19T16:15:58.273217Z
coinbase,1073147105,,BTC-USD,sell,68665.00000000,0.00000001,2026-08-19T16:15:58.258120Z
coinbase,1073147104,,BTC-USD,buy,68664.29000000,0.00723824,2026-08-19T16:15:58.208493Z
coinbase,1073147103,,BTC-USD,buy,68667.02000000,0.00000001,2026-08-19T16:15:57.930695Z
coinbase,1073147102,,BTC-USD,buy,68667.02000000,0.00002912,2026-08-19T16:15:57.930471Z
coinbase,1073147101,,BTC-USD,buy,68667.02000000,0.05206160,2026-08-19T16:15:57.930471Z
coinbase,1073147100,,BTC-USD,buy,68667.02000000,0.06980000,2026-08-19T16:15:57.930471Z
coinbase,1073147099,,BTC-USD,sell,68669.34000000,0.00000001,2026-08-19T16:15:57.797391Z
coinbase,1073147098,,BTC-USD,buy,68667.02000000,0.00000003,2026-08-19T16:15:57.667762Z
coinbase,1073147097,,BTC-USD,sell,68669.34000000,0.00000001,2026-08-19T16:15:57.648612Z
coinbase,1073147096,,BTC-USD,buy,68667.08000000,0.00000011,2026-08-19T16:15:57.556676Z
coinbase,1073147095,,BTC-USD,sell,68670.36000000,0.00000001,2026-08-19T16:15:57.407058Z
coinbase,1073147094,,BTC-USD,buy,68665.01000000,0.00001205,2026-08-19T16:15:57.347853Z
coinbase,1073147093,,BTC-USD,buy,68666.50000000,0.00001700,2026-08-19T16:15:57.347853Z
coinbase,1073147092,,BTC-USD,buy,68667.01000000,0.00000110,2026-08-19T16:15:57.347853Z
coinbase,1073147091,,BTC-USD,buy,68669.70000000,0.00006759,2026-08-19T16:15:57.317822Z
coinbase,1073147090,,BTC-USD,buy,68669.71000000,0.06402706,2026-08-19T16:15:57.317822Z
coinbase,1073147089,,BTC-USD,sell,68669.73000000,0.00000001,2026-08-19T16:15:57.211603Z
coinbase,1073147088,,BTC-USD,buy,68675.09000000,0.00241805,2026-08-19T16:15:57.152737Z
coinbase,1073147087,,BTC-USD,buy,68675.09000000,0.02309681,2026-08-19T16:15:57.149686Z
coinbase,1073147086,,BTC-USD,buy,68675.09000000,0.00628969,2026-08-19T16:15:57.149333Z
coinbase,1073147085,,BTC-USD,buy,68675.09000000,0.09748306,2026-08-19T16:15:57.148997Z
coinbase,1073147084,,BTC-USD,buy,68675.17000000,0.06980000,2026-08-19T16:15:57.148997Z
coinbase,1073147083,,BTC-USD,buy,68675.17000000,0.00001780,2026-08-19T16:15:57.148997Z
coinbase,1073147082,,BTC-USD,sell,68677.89000000,0.00000001,2026-08-19T16:15:57.000637Z
coinbase,1073147081,,BTC-USD,buy,68675.49000000,0.00000020,2026-08-19T16:15:56.998605Z
coinbase,1073147080,,BTC-USD,sell,68678.90000000,0.00200000,2026-08-19T16:15:56.945740Z
coinbase,1073147079,,BTC-USD,sell,68679.91000000,0.00000001,2026-08-19T16:15:56.834170Z
coinbase,1073147078,,BTC-USD,buy,68681.92000000,0.00000005,2026-08-19T16:15:56.646705Z
coinbase,1073147077,,BTC-USD,sell,68684.81000000,0.00000001,2026-08-19T16:15:56.610567Z
coinbase,1073147076,,BTC-USD,sell,68676.63000000,0.00000001,2026-08-19T16:15:56.429990Z
coinbase,1073147075,,BTC-USD,buy,68669.73000000,0.11325248,2026-08-19T16:15:56.343028Z
coinbase,1073147074,,BTC-USD,buy,68669.73000000,0.00583529,2026-08-19T16:15:56.332165Z
coinbase,1073147073,,BTC-USD,buy,68669.73000000,0.00000001,2026-08-19T16:15:56.323350Z
coinbase,1073147072,,BTC-USD,buy,68675.88000000,0.00109213,2026-08-19T16:15:56.300898Z
coinbase,1073147071,,BTC-USD,buy,68675.88000000,0.00109213,2026-08-19T16:15:56.293312Z
coinbase,1073147070,,BTC-USD,buy,68675.89000000,0.00109207,2026-08-19T16:15:56.286316Z
coinbase,1073147069,,BTC-USD,buy,68675.94000000,0.06980000,2026-08-19T16:15:56.279036Z
coinbase,1073147068,,BTC-USD,buy,68675.94000000,0.00109200,2026-08-19T16:15:56.279036Z
coinbase,1073147067,,BTC-USD,sell,68677.69000000,0.00000001,2026-08-19T16:15:56.247312Z
coinbase,1073147066,,BTC-USD,buy,68675.94000000,0.00000005,2026-08-19T16:15:56.236996Z
coinbase,1073147065,,BTC-USD,sell,68682.48000000,0.00141582,2026-08-19T16:15:56.175516Z
coinbase,1073147064,,BTC-USD,sell,68682.49000000,0.17201289,2026-08-19T16:15:56.169619Z
coinbase,1073147063,,BTC-USD,sell,68678.96000000,0.17428519,2026-08-19T16:15:56.169619Z
coinbase,1073147062,,BTC-USD,sell,68682.60000000,0.00001700,2026-08-19T16:15:56.082444Z
coinbase,1073147061,,BTC-USD,sell,68682.28000000,0.14045913,2026-08-19T16:15:56.082444Z
coinbase,1073147060,,BTC-USD,sell,68680.88000000,0.02900000,2026-08-19T16:15:56.082444Z
coinbase,1073147059,,BTC-USD,sell,68680.51000000,0.00000170,2026-08-19T16:15:56.082444Z
coinbase,1073147058,,BTC-USD,sell,68679.38000000,0.00001700,2026-08-19T16:15:56.082444Z
coinbase,1073147057,,BTC-USD,sell,68678.97000000,0.17710000,2026-08-19T16:15:56.082444Z
coinbase,1073147056,,BTC-USD,sell,68678.70000000,0.01000000,2026-08-19T16:15:56.082444Z
coinbase,1073147055,,BTC-USD,sell,68678.01000000,0.00729437,2026-08-19T16:15:56.082444Z
coinbase,1073147054,,BTC-USD,sell,68676.16000000,0.00001700,2026-08-19T16:15:56.082444Z
coinbase,1073147053,,BTC-USD,sell,68672.94000000,0.00001700,2026-08-19T16:15:56.082444Z
coinbase,1073147052,,BTC-USD,sell,68670.01000000,0.00000110,2026-08-19T16:15:56.082444Z
coinbase,1073147051,,BTC-USD,sell,68669.72000000,0.00001697,2026-08-19T16:15:56.082444Z
coinbase,1073147050,,BTC-USD,sell,68669.72000000,0.00000001,2026-08-19T16:15:56.027397Z
coinbase,1073147049,,BTC-USD,buy,68669.71000000,0.00000007,2026-08-19T16:15:55.967744Z
coinbase,1073147048,,BTC-USD,sell,68669.72000000,0.00000001,2026-08-19T16:15:55.792077Z
coinbase,1073147047,,BTC-USD,sell,68669.71000000,0.00000001,2026-08-19T16:15:55.628666Z
coinbase,1073147046,,BTC-USD,buy,68669.70000000,0.00000010,2026-08-19T16:15:55.556628Z
coinbase,1073147045,,BTC-USD,sell,68669.72000000,0.00000001,2026-08-19T16:15:55.428966Z
coinbase,1073147044,,BTC-USD,buy,68669.70000000,0.00002321,2026-08-19T16:15:55.230046Z
coinbase,1073147043,,BTC-USD,sell,68669.71000000,0.00000001,2026-08-19T16:15:55.215219Z
coinbase,1073147042,,BTC-USD,buy,68669.70000000,0.00000006,2026-08-19T16:15:55.108886Z
coinbase,1073147041,,BTC-USD,sell,68669.71000000,0.00006852,2026-08-19T16:15:54.956383Z
coinbase,1073147040,,BTC-USD,buy,68668.35000000,0.00849101,2026-08-19T16:15:54.723359Z
coinbase,1073147039,,BTC-USD,buy,68667.75000000,0.01930600,2026-08-19T16:15:54.410941Z
coinbase,1073147038,,BTC-USD,buy,68667.76000000,0.02000000,2026-08-19T16:15:54.410941Z
coinbase,1073147037,,BTC-USD,buy,68667.76000000,0.00279984,2026-08-19T16:15:54.410941Z
coinbase,1073147036,,BTC-USD,buy,68667.77000000,0.03000000,2026-08-19T16:15:54.410941Z
coinbase,1073147035,,BTC-USD,buy,68667.77000000,0.02000000,2026-08-19T16:15:54.410941Z
coinbase,1073147034,,BTC-USD,buy,68667.77000000,0.06787416,2026-08-19T16:15:54.410941Z
coinbase,1073147033,,BTC-USD,buy,68667.01000000,0.00000016,2026-08-19T16:15:54.168063Z
coinbase,1073147032,,BTC-USD,sell,68667.74000000,0.00007212,2026-08-19T16:15:54.143547Z
coinbase,1073147031,,BTC-USD,buy,68667.01000000,0.00000001,2026-08-19T16:15:54.140417Z
coinbase,1073147030,,BTC-USD,sell,68667.74000000,0.00000001,2026-08-19T16:15:53.849831Z
coinbase,1073147029,,BTC-USD,sell,68667.74000000,0.00069084,2026-08-19T16:15:53.841536Z
coinbase,1073147028,,BTC-USD,sell,68668.88000000,0.02300000,2026-08-19T16:15:53.688802Z
coinbase,1073147027,,BTC-USD,sell,68666.50000000,0.00001700,2026-08-19T16:15:53.688802Z
coinbase,1073147026,,BTC-USD,sell,68666.20000000,0.17710000,2026-08-19T16:15:53.688802Z
coinbase,1073147025,,BTC-USD,sell,68666.20000000,0.00853342,2026-08-19T16:15:53.688802Z
coinbase,1073147024,,BTC-USD,sell,68666.20000000,0.00003187,2026-08-19T16:15:53.687786Z
coinbase,1073147023,,BTC-USD,sell,68665.89000000,0.00000001,2026-08-19T16:15:53.658268Z
coinbase,1073147022,,BTC-USD,sell,68666.20000000,0.00143471,2026-08-19T16:15:53.554770Z
coinbase,1073147021,,BTC-USD,sell,68665.00000000,0.00000762,2026-08-19T16:15:53.554770Z
coinbase,1073147020,,BTC-USD,buy,68664.02000000,0.00000003,2026-08-19T16:15:53.536514Z
coinbase,1073147019,,BTC-USD,buy,68664.99000000,0.00310816,2026-08-19T16:15:53.491144Z
coinbase,1073147018,,BTC-USD,sell,68665.00000000,0.00072000,2026-08-19T16:15:53.471800Z
coinbase,1073147017,,BTC-USD,buy,68663.65000000,0.00000003,2026-08-19T16:15:53.461153Z
coinbase,1073147016,,BTC-USD,sell,68662.50000000,0.00000249,2026-08-19T16:15:53.451123Z
coinbase,1073147015,,BTC-USD,sell,68662.50000000,0.00000001,2026-08-19T16:15:53.450274Z
coinbase,1073147014,,BTC-USD,sell,68662.03000000,0.03000000,2026-08-19T16:15:53.449935Z
coinbase,1073147013,,BTC-USD,buy,68660.00000000,0.00000761,2026-08-19T16:15:53.407066Z
coinbase,1073147012,,BTC-USD,sell,68665.00000000,0.00068605,2026-08-19T16:15:53.393819Z
coinbase,1073147011,,BTC-USD,sell,68663.28000000,0.00001700,2026-08-19T16:15:53.393819Z
coinbase,1073147010,,BTC-USD,sell,68662.51000000,0.00000110,2026-08-19T16:15:53.393819Z
coinbase,1073147009,,BTC-USD,sell,68660.06000000,0.00001700,2026-08-19T16:15:53.393819Z
coinbase,1073147008,,BTC-USD,sell,68655.42000000,0.00010380,2026-08-19T16:15:53.325164Z
coinbase,1073147007,,BTC-USD,sell,68652.04000000,0.00003903,2026-08-19T16:15:53.321056Z
coinbase,1073147006,,BTC-USD,sell,68652.04000000,0.04238233,2026-08-19T16:15:53.321056Z
coinbase,1073147005,,BTC-USD,sell,68652.04000000,0.00000001,2026-08-19T16:15:53.258959Z
coinbase,1073147004,,BTC-USD,sell,68652.04000000,0.00000001,2026-08-19T16:15:53.076999Z
coinbase,1073147003,,BTC-USD,sell,68652.04000000,0.00000532,2026-08-19T16:15:53.028690Z
coinbase,1073147002,,BTC-USD,buy,68652.03000000,0.00000006,2026-08-19T16:15:52.935352Z
coinbase,1073147001,,BTC-USD,sell,68652.04000000,0.00000001,2026-08-19T16:15:52.889839Z
coinbase,1073147000,,BTC-USD,sell,68652.04000000,0.00138190,2026-08-19T16:15:52.875566Z
coinbase,1073146999,,BTC-USD,sell,68652.04000000,0.00000001,2026-08-19T16:15:52.664855Z
coinbase,1073146998,,BTC-USD,sell,68652.73000000,0.00000001,2026-08-19T16:15:52.458800Z
coinbase,1073146997,,BTC-USD,buy,68652.03000000,0.00000011,2026-08-19T16:15:52.441359Z
coinbase,1073146996,,BTC-USD,buy,68655.02000000,0.00011948,2026-08-19T16:15:52.399276Z
coinbase,1073146995,,BTC-USD,buy,68655.41000000,0.00005622,2026-08-19T16:15:52.399276Z
coinbase,1073146994,,BTC-USD,buy,68655.41000000,0.00000034,2026-08-19T16:15:52.336928Z
coinbase,1073146993,,BTC-USD,sell,68660.47000000,0.02900000,2026-08-19T16:15:52.309241Z
coinbase,1073146992,,BTC-USD,sell,68660.06000000,0.00001700,2026-08-19T16:15:52.309241Z
coinbase,1073146991,,BTC-USD,sell,68659.47000000,0.07261883,2026-08-19T16:15:52.309241Z
coinbase,1073146990,,BTC-USD,sell,68659.08000000,0.11651774,2026-08-19T16:15:52.309241Z
coinbase,1073146989,,BTC-USD,sell,68659.07000000,0.00291965,2026-08-19T16:15:52.309241Z
coinbase,1073146988,,BTC-USD,sell,68656.84000000,0.00001700,2026-08-19T16:15:52.309241Z
coinbase,1073146987,,BTC-USD,sell,68656.80000000,0.01456520,2026-08-19T16:15:52.309241Z
coinbase,1073146986,,BTC-USD,sell,68656.80000000,0.01456520,2026-08-19T16:15:52.309241Z
coinbase,1073146985,,BTC-USD,sell,68655.42000000,0.00011576,2026-08-19T16:15:52.309241Z
coinbase,1073146984,,BTC-USD,sell,68655.42000000,0.04376959,2026-08-19T16:15:52.309241Z
coinbase,1073146983,,BTC-USD,sell,68655.42000000,0.00687480,2026-08-19T16:15:52.309241Z
coinbase,1073146982,,BTC-USD,sell,68655.42000000,0.00000001,2026-08-19T16:15:52.221138Z
coinbase,1073146981,,BTC-USD,sell,68655.42000000,0.00000001,2026-08-19T16:15:52.045760Z
coinbase,1073146980,,BTC-USD,buy,68655.41000000,0.00000001,2026-08-19T16:15:51.927243Z
coinbase,1073146979,,BTC-USD,sell,68655.42000000,0.00000001,2026-08-19T16:15:51.873467Z
coinbase,1073146978,,BTC-USD,sell,68655.42000000,0.00006851,2026-08-19T16:15:51.872127Z
coinbase,1073146977,,BTC-USD,buy,68655.41000000,0.00000013,2026-08-19T16:15:51.850618Z
coinbase,1073146976,,BTC-USD,buy,68655.41000000,0.00014325,2026-08-19T16:15:51.804409Z
coinbase,1073146975,,BTC-USD,sell,68655.42000000,0.00000001,2026-08-19T16:15:51.663357Z
coinbase,1073146974,,BTC-USD,sell,68651.91000000,0.00000001,2026-08-19T16:15:51.587999Z
coinbase,1073146973,,BTC-USD,sell,68650.50000000,0.00003132,2026-08-19T16:15:51.462967Z
coinbase,1073146972,,BTC-USD,sell,68650.50000000,0.00159340,2026-08-19T16:15:51.336052Z
coinbase,1073146971,,BTC-USD,sell,68650.50000000,0.00000001,2026-08-19T16:15:51.328171Z
coinbase,1073146970,,BTC-USD,buy,68651.01000000,0.00000007,2026-08-19T16:15:51.271308Z
coinbase,1073146969,,BTC-USD,buy,68651.45000000,0.00000003,2026-08-19T16:15:51.253903Z
coinbase,1073146968,,BTC-USD,buy,68651.44000000,0.00005021,2026-08-19T16:15:51.173571Z
coinbase,1073146967,,BTC-USD,sell,68655.13000000,0.00014424,2026-08-19T16:15:51.146295Z
coinbase,1073146966,,BTC-USD,buy,68647.18000000,0.00000003,2026-08-19T16:15:51.145459Z
coinbase,1073146965,,BTC-USD,sell,68655.42000000,0.00000001,2026-08-19T16:15:51.064659Z
coinbase,1073146964,,BTC-USD,sell,68655.42000000,0.00035395,2026-08-19T16:15:51.037587Z
coinbase,1073146963,,BTC-USD,sell,68653.70000000,0.01000000,2026-08-19T16:15:50.922843Z
coinbase,1073146962,,BTC-USD,sell,68653.62000000,0.00001700,2026-08-19T16:15:50.922843Z
coinbase,1073146961,,BTC-USD,sell,68650.40000000,0.00001700,2026-08-19T16:15:50.922843Z
coinbase,1073146960,,BTC-USD,sell,68647.18000000,0.00001700,2026-08-19T16:15:50.922843Z
coinbase,1073146959,,BTC-USD,sell,68644.77000000,0.00780141,2026-08-19T16:15:50.890699Z
coinbase,1073146958,,BTC-USD,sell,68644.76000000,0.00011573,2026-08-19T16:15:50.890699Z
coinbase,1073146957,,BTC-USD,sell,68643.96000000,0.00001699,2026-08-19T16:15:50.890699Z
coinbase,1073146956,,BTC-USD,buy,68640.73000000,0.00003300,2026-08-19T16:15:50.665071Z
coinbase,1073146955,,BTC-USD,sell,68640.74000000,0.04376959,2026-08-19T16:15:50.607529Z
coinbase,1073146954,,BTC-USD,buy,68640.73000000,0.00000013,2026-08-19T16:15:50.596929Z
coinbase,1073146953,,BTC-USD,buy,68640.73000000,0.00118752,2026-08-19T16:15:50.318541Z
coinbase,1073146952,,BTC-USD,buy,68640.73000000,0.00000002,2026-08-19T16:15:50.152820Z
coinbase,1073146951,,BTC-USD,buy,68640.73000000,0.00000008,2026-08-19T16:15:49.693747Z
coinbase,1073146950,,BTC-USD,buy,68640.73000000,0.00000001,2026-08-19T16:15:49.690135Z
coinbase,1073146949,,BTC-USD,sell,68642.74000000,0.00000001,2026-08-19T16:15:49.600090Z
coinbase,1073146948,,BTC-USD,sell,68643.96000000,0.00000001,2026-08-19T16:15:49.415852Z
coinbase,1073146947,,BTC-USD,sell,68642.86000000,0.00000001,2026-08-19T16:15:49.223545Z
coinbase,1073146946,,BTC-USD,buy,68640.73000000,0.00000004,2026-08-19T16:15:49.036685Z
coinbase,1073146945,,BTC-USD,sell,68642.87000000,0.00000001,2026-08-19T16:15:49.020831Z
coinbase,1073146944,,BTC-USD,buy,68640.73000000,0.00000006,2026-08-19T16:15:49.012196Z
coinbase,1073146943,,BTC-USD,buy,68640.73000000,0.00261128,2026-08-19T16:15:49.011806Z
coinbase,1073146942,,BTC-USD,buy,68640.73000000,0.14579289,2026-08-19T16:15:48.893801Z
coinbase,1073146941,,BTC-USD,buy,68640.73000000,0.00000001,2026-08-19T16:15:48.864274Z
coinbase,1073146940,,BTC-USD,sell,68643.88000000,0.00000001,2026-08-19T16:15:48.818285Z
coinbase,1073146939,,BTC-USD,buy,68640.74000000,0.00153200,2026-08-19T16:15:48.736550Z
coinbase,1073146938,,BTC-USD,buy,68640.74000000,0.00291969,2026-08-19T16:15:48.736550Z
coinbase,1073146937,,BTC-USD,sell,68640.74000000,0.00001692,2026-08-19T16:15:48.647706Z
coinbase,1073146936,,BTC-USD,buy,68640.73000000,0.00000002,2026-08-19T16:15:48.609045Z
coinbase,1073146935,,BTC-USD,sell,68640.74000000,0.00000001,2026-08-19T16:15:48.608429Z
coinbase,1073146934,,BTC-USD,buy,68640.73000000,0.00420351,2026-08-19T16:15:48.547745Z
coinbase,1073146933,,BTC-USD,buy,68640.73000000,0.00011036,2026-08-19T16:15:48.547745Z
coinbase,1073146932,,BTC-USD,sell,68640.74000000,0.00000001,2026-08-19T16:15:48.423087Z
coinbase,1073146931,,BTC-USD,sell,68640.74000000,0.00000001,2026-08-19T16:15:48.220821Z
coinbase,1073146930,,BTC-USD,sell,68640.74000000,0.00000001,2026-08-19T16:15:48.035328Z
coinbase,1073146929,,BTC-USD,buy,68640.73000000,0.00000003,2026-08-19T16:15:47.951116Z
coinbase,1073146928,,BTC-USD,buy,68640.73000000,0.01166986,2026-08-19T16:15:47.915250Z
coinbase,1073146927,,BTC-USD,buy,68640.73000000,0.00000004,2026-08-19T16:15:47.914184Z
coinbase,1073146926,,BTC-USD,sell,68640.74000000,0.00000001,2026-08-19T16:15:47.852361Z
coinbase,1073146925,,BTC-USD,sell,68640.74000000,0.00000001,2026-08-19T16:15:47.653309Z
coinbase,1073146924,,BTC-USD,buy,68640.73000000,0.00000003,2026-08-19T16:15:47.609005Z
coinbase,1073146923,,BTC-USD,buy,68640.73000000,0.00000001,2026-08-19T16:15:47.582482Z
coinbase,1073146922,,BTC-USD,sell,68640.74000000,0.00000001,2026-08-19T16:15:47.505956Z
coinbase,1073146921,,BTC-USD,sell,68640.74000000,0.00000001,2026-08-19T16:15:47.228885Z
coinbase,1073146920,,BTC-USD,sell,68639.11000000,0.00092977,2026-08-19T16:15:47.042737Z
coinbase,1073146919,,BTC-USD,sell,68639.11000000,0.00052260,2026-08-19T16:15:47.042737Z
coinbase,1073146918,,BTC-USD,sell,68639.11000000,0.00000001,2026-08-19T16:15:47.001209Z
coinbase,1073146917,,BTC-USD,sell,68639.11000000,0.00000001,2026-08-19T16:15:46.815933Z
coinbase,1073146916,,BTC-USD,sell,68639.11000000,0.00021596,2026-08-19T16:15:46.733243Z
coinbase,1073146915,,BTC-USD,sell,68637.52000000,0.00001700,2026-08-19T16:15:46.733243Z
coinbase,1073146914,,BTC-USD,sell,68633.07000000,0.00004765,2026-08-19T16:15:46.733243Z
coinbase,1073146913,,BTC-USD,buy,68633.06000000,0.00000010,2026-08-19T16:15:46.626651Z
coinbase,1073146912,,BTC-USD,buy,68633.06000000,0.00000004,2026-08-19T16:15:46.530770Z
coinbase,1073146911,,BTC-USD,buy,68633.06000000,0.00000007,2026-08-19T16:15:46.408256Z
coinbase,1073146910,,BTC-USD,buy,68633.06000000,0.00000020,2026-08-19T16:15:45.585135Z
coinbase,1073146909,,BTC-USD,buy,68633.06000000,0.00000011,2026-08-19T16:15:45.496131Z
coinbase,1073146908,,BTC-USD,buy,68633.06000000,0.00000001,2026-08-19T16:15:45.386028Z
coinbase,1073146907,,BTC-USD,sell,68633.07000000,0.00000001,2026-08-19T16:15:45.360410Z
coinbase,1073146906,,BTC-USD,buy,68633.06000000,0.00000014,2026-08-19T16:15:45.299950Z
coinbase,1073146905,,BTC-USD,sell,68633.07000000,0.00000001,2026-08-19T16:15:45.130678Z
coinbase,1073146904,,BTC-USD,buy,68633.06000000,0.00016496,2026-08-19T16:15:45.117059Z
coinbase,1073146903,,BTC-USD,sell,68633.07000000,0.00000001,2026-08-19T16:15:44.924984Z
coinbase,1073146902,,BTC-USD,sell,68633.07000000,0.00000001,2026-08-19T16:15:44.717524Z
coinbase,1073146901,,BTC-USD,sell,68633.07000000,0.00000001,2026-08-19T16:15:44.477999Z
coinbase,1073146900,,BTC-USD,buy,68632.98000000,0.00000006,2026-08-19T16:15:44.448401Z
coinbase,1073146899,,BTC-USD,buy,68631.26000000,0.00000005,2026-08-19T16:15:44.337617Z
coinbase,1073146898,,BTC-USD,sell,68631.27000000,0.00000001,2026-08-19T16:15:44.325415Z
coinbase,1073146897,,BTC-USD,buy,68631.26000000,0.00000007,2026-08-19T16:15:44.203957Z
coinbase,1073146896,,BTC-USD,sell,68630.76000000,0.00000001,2026-08-19T16:15:44.106644Z
coinbase,1073146895,,BTC-USD,sell,68630.76000000,0.00072127,2026-08-19T16:15:44.055945Z
coinbase,1073146894,,BTC-USD,sell,68630.54000000,0.00000001,2026-08-19T16:15:43.955662Z
coinbase,1073146893,,BTC-USD,sell,68628.83000000,0.00000001,2026-08-19T16:15:43.721824Z
coinbase,1073146892,,BTC-USD,buy,68627.86000000,0.00041500,2026-08-19T16:15:43.617697Z
coinbase,1073146891,,BTC-USD,buy,68627.86000000,0.01729381,2026-08-19T16:15:43.611369Z
coinbase,1073146890,,BTC-USD,buy,68628.07000000,0.00610000,2026-08-19T16:15:43.611369Z
coinbase,1073146889,,BTC-USD,buy,68627.86000000,0.00109271,2026-08-19T16:15:43.606395Z
coinbase,1073146888,,BTC-USD,buy,68627.86000000,0.00109271,2026-08-19T16:15:43.606172Z
coinbase,1073146887,,BTC-USD,buy,68627.86000000,0.00109271,2026-08-19T16:15:43.606052Z
coinbase,1073146886,,BTC-USD,buy,68627.86000000,0.00109271,2026-08-19T16:15:43.605585Z
coinbase,1073146885,,BTC-USD,buy,68627.86000000,0.00109271,2026-08-19T16:15:43.604723Z
coinbase,1073146884,,BTC-USD,buy,68627.86000000,0.00109271,2026-08-19T16:15:43.604538Z
coinbase,1073146883,,BTC-USD,buy,68627.86000000,0.13726201,2026-08-19T16:15:43.583233Z
coinbase,1073146882,,BTC-USD,buy,68630.00000000,0.00000001,2026-08-19T16:15:43.581212Z
coinbase,1073146881,,BTC-USD,buy,68630.00000000,0.00999999,2026-08-19T16:15:43.580307Z
coinbase,1073146880,,BTC-USD,buy,68631.08000000,0.00001700,2026-08-19T16:15:43.580307Z
coinbase,1073146879,,BTC-USD,buy,68634.30000000,0.00001700,2026-08-19T16:15:43.580307Z
coinbase,1073146878,,BTC-USD,buy,68634.89000000,0.07358620,2026-08-19T16:15:43.533760Z
coinbase,1073146877,,BTC-USD,sell,68637.59000000,0.00000001,2026-08-19T16:15:43.505614Z
coinbase,1073146876,,BTC-USD,buy,68641.01000000,0.00000008,2026-08-19T16:15:43.429775Z
coinbase,1073146875,,BTC-USD,sell,68643.35000000,0.00000001,2026-08-19T16:15:43.296644Z
coinbase,1073146874,,BTC-USD,buy,68643.01000000,0.00000012,2026-08-19T16:15:43.210751Z
coinbase,1073146873,,BTC-USD,buy,68643.18000000,0.01918796,2026-08-19T16:15:43.172368Z
coinbase,1073146872,,BTC-USD,buy,68643.18000000,0.00002918,2026-08-19T16:15:43.172368Z
coinbase,1073146871,,BTC-USD,buy,68643.49000000,0.16572216,2026-08-19T16:15:43.137939Z
coinbase,1073146870,,BTC-USD,buy,68643.49000000,0.00145976,2026-08-19T16:15:43.137939Z
coinbase,1073146869,,BTC-USD,sell,68644.76000000,0.00000001,2026-08-19T16:15:43.106552Z
coinbase,1073146868,,BTC-USD,buy,68643.02000000,0.00000001,2026-08-19T16:15:43.055948Z
coinbase,1073146867,,BTC-USD,buy,68643.02000000,0.00000010,2026-08-19T16:15:42.963609Z
coinbase,1073146866,,BTC-USD,sell,68644.76000000,0.00000001,2026-08-19T16:15:42.896863Z
coinbase,1073146865,,BTC-USD,sell,68644.76000000,0.00000001,2026-08-19T16:15:42.700149Z
coinbase,1073146864,,BTC-USD,buy,68644.76000000,0.01287729,2026-08-19T16:15:42.618881Z
coinbase,1073146863,,BTC-USD,buy,68644.76000000,0.00795184,2026-08-19T16:15:42.615721Z
coinbase,1073146862,,BTC-USD,buy,68644.76000000,0.01124928,2026-08-19T16:15:42.613996Z
coinbase,1073146861,,BTC-USD,buy,68644.76000000,0.00026859,2026-08-19T16:15:42.612223Z
coinbase,1073146860,,BTC-USD,buy,68644.76000000,0.00055916,2026-08-19T16:15:42.611887Z
coinbase,1073146859,,BTC-USD,buy,68644.76000000,0.00029906,2026-08-19T16:15:42.610841Z
coinbase,1073146858,,BTC-USD,buy,68644.76000000,0.00088763,2026-08-19T16:15:42.608137Z
coinbase,1073146857,,BTC-USD,buy,68644.76000000,0.00065685,2026-08-19T16:15:42.606932Z
coinbase,1073146856,,BTC-USD,buy,68644.76000000,0.00034877,2026-08-19T16:15:42.606125Z
coinbase,1073146855,,BTC-USD,buy,68644.76000000,0.00081609,2026-08-19T16:15:42.605641Z
coinbase,1073146854,,BTC-USD,buy,68644.76000000,0.00024304,2026-08-19T16:15:42.601678Z
coinbase,1073146853,,BTC-USD,buy,68644.76000000,0.00476969,2026-08-19T16:15:42.601624Z
coinbase,1073146852,,BTC-USD,buy,68644.76000000,0.00031111,2026-08-19T16:15:42.598816Z
coinbase,1073146851,,BTC-USD,buy,68644.76000000,0.00764227,2026-08-19T16:15:42.597869Z
coinbase,1073146850,,BTC-USD,buy,68644.76000000,0.00343878,2026-08-19T16:15:42.596554Z
coinbase,1073146849,,BTC-USD,buy,68644.76000000,0.00293613,2026-08-19T16:15:42.596230Z
coinbase,1073146848,,BTC-USD,buy,68644.76000000,0.00070980,2026-08-19T16:15:42.594782Z
coinbase,1073146847,,BTC-USD,buy,68644.76000000,0.00042279,2026-08-19T16:15:42.593877Z
coinbase,1073146846,,BTC-USD,buy,68644.76000000,0.00114224,2026-08-19T16:15:42.593111Z
coinbase,1073146845,,BTC-USD,buy,68644.76000000,0.00074097,2026-08-19T16:15:42.591540Z
coinbase,1073146844,,BTC-USD,buy,68644.76000000,0.00218361,2026-08-19T16:15:42.591031Z
coinbase,1073146843,,BTC-USD,buy,68644.76000000,0.15255957,2026-08-19T16:15:42.590457Z
coinbase,1073146842,,BTC-USD,sell,68645.20000000,0.00000001,2026-08-19T16:15:42.500828Z
coinbase,1073146841,,BTC-USD,buy,68644.44000000,0.00845061,2026-08-19T16:15:42.410025Z
coinbase,1073146840,,BTC-USD,buy,68644.76000000,0.04399998,2026-08-19T16:15:42.410025Z
coinbase,1073146839,,BTC-USD,buy,68644.76000000,0.00000002,2026-08-19T16:15:42.356541Z
coinbase,1073146838,,BTC-USD,buy,68643.76000000,0.00000015,2026-08-19T16:15:42.145105Z
coinbase,1073146837,,BTC-USD,sell,68643.25000000,0.14568076,2026-08-19T16:15:42.111006Z
coinbase,1073146836,,BTC-USD,sell,68641.13000000,0.02900000,2026-08-19T16:15:42.107072Z
coinbase,1073146835,,BTC-USD,sell,68641.12000000,0.00729039,2026-08-19T16:15:42.107072Z
coinbase,1073146834,,BTC-USD,sell,68639.57000000,0.02166536,2026-08-19T16:15:42.107072Z
coinbase,1073146833,,BTC-USD,sell,68639.57000000,0.02074419,2026-08-19T16:15:42.107072Z
coinbase,1073146832,,BTC-USD,sell,68639.57000000,0.27837279,2026-08-19T16:15:42.106286Z
coinbase,1073146831,,BTC-USD,sell,68639.01000000,0.14568975,2026-08-19T16:15:42.106286Z
coinbase,1073146830,,BTC-USD,sell,68637.52000000,0.00001700,2026-08-19T16:15:42.106286Z
coinbase,1073146829,,BTC-USD,sell,68629.46000000,0.11656802,2026-08-19T16:15:42.106286Z
coinbase,1073146828,,BTC-USD,sell,68629.45000000,0.00291969,2026-08-19T16:15:42.106286Z
coinbase,1073146827,,BTC-USD,sell,68627.87000000,0.04400000,2026-08-19T16:15:42.102887Z
coinbase,1073146826,,BTC-USD,buy,68627.86000000,0.00725839,2026-08-19T16:15:41.870319Z
coinbase,1073146825,,BTC-USD,sell,68627.87000000,0.00200000,2026-08-19T16:15:41.852565Z
coinbase,1073146824,,BTC-USD,buy,68627.86000000,0.07946991,2026-08-19T16:15:41.835282Z
coinbase,1073146823,,BTC-USD,buy,68627.86000000,0.00001700,2026-08-19T16:15:41.835282Z
coinbase,1073146822,,BTC-USD,sell,68627.87000000,0.00200000,2026-08-19T16:15:41.832167Z
coinbase,1073146821,,BTC-USD,sell,68627.87000000,0.01100000,2026-08-19T16:15:41.736453Z
coinbase,1073146820,,BTC-USD,buy,68630.00000000,0.01210905,2026-08-19T16:15:41.709723Z
coinbase,1073146819,,BTC-USD,buy,68630.00000000,0.00588848,2026-08-19T16:15:41.709254Z
coinbase,1073146818,,BTC-USD,buy,68630.00000000,0.00030510,2026-08-19T16:15:41.701251Z
coinbase,1073146817,,BTC-USD,buy,68630.00000000,0.00112847,2026-08-19T16:15:41.699697Z
coinbase,1073146816,,BTC-USD,buy,68630.00000000,0.00016996,2026-08-19T16:15:41.698010Z
coinbase,1073146815,,BTC-USD,buy,68630.00000000,0.00136932,2026-08-19T16:15:41.698008Z
coinbase,1073146814,,BTC-USD,buy,68630.00000000,0.00037000,2026-08-19T16:15:41.695883Z
coinbase,1073146813,,BTC-USD,buy,68630.00000000,0.00081359,2026-08-19T16:15:41.695429Z
coinbase,1073146812,,BTC-USD,buy,68630.00000000,0.00248878,2026-08-19T16:15:41.694201Z
coinbase,1073146811,,BTC-USD,buy,68630.00000000,0.00104500,2026-08-19T16:15:41.691892Z
coinbase,1073146810,,BTC-USD,buy,68630.00000000,0.00047985,2026-08-19T16:15:41.691877Z
coinbase,1073146809,,BTC-USD,buy,68630.00000000,0.00015942,2026-08-19T16:15:41.690167Z
coinbase,1073146808,,BTC-USD,buy,68630.00000000,0.00117248,2026-08-19T16:15:41.689779Z
coinbase,1073146807,,BTC-USD,buy,68630.00000000,0.00023917,2026-08-19T16:15:41.687992Z
coinbase,1073146806,,BTC-USD,buy,68630.00000000,0.00026798,2026-08-19T16:15:41.684170Z
coinbase,1073146805,,BTC-USD,buy,68630.00000000,0.00039716,2026-08-19T16:15:41.683932Z
coinbase,1073146804,,BTC-USD,buy,68630.00000000,0.00015797,2026-08-19T16:15:41.683479Z
coinbase,1073146803,,BTC-USD,buy,68630.00000000,0.00209177,2026-08-19T16:15:41.683222Z
coinbase,1073146802,,BTC-USD,buy,68630.00000000,0.01247822,2026-08-19T16:15:41.680417Z
coinbase,1073146801,,BTC-USD,buy,68630.00000000,0.00153756,2026-08-19T16:15:41.679844Z
coinbase,1073146800,,BTC-USD,buy,68630.00000000,0.00092700,2026-08-19T16:15:41.678017Z
coinbase,1073146799,,BTC-USD,buy,68630.00000000,0.00038806,2026-08-19T16:15:41.672921Z
coinbase,1073146798,,BTC-USD,buy,68630.00000000,0.00361861,2026-08-19T16:15:41.672075Z
coinbase,1073146797,,BTC-USD,buy,68630.00000000,0.00093021,2026-08-19T16:15:41.668509Z
coinbase,1073146796,,BTC-USD,buy,68630.00000000,0.00035572,2026-08-19T16:15:41.667510Z
coinbase,1073146795,,BTC-USD,buy,68630.00000000,0.00036791,2026-08-19T16:15:41.666931Z
coinbase,1073146794,,BTC-USD,buy,68630.00000000,0.00221550,2026-08-19T16:15:41.666641Z
coinbase,1073146793,,BTC-USD,buy,68630.00000000,0.00366030,2026-08-19T16:15:41.665366Z
coinbase,1073146792,,BTC-USD,buy,68630.00000000,0.00018561,2026-08-19T16:15:41.664327Z
coinbase,1073146791,,BTC-USD,buy,68630.00000000,0.00853243,2026-08-19T16:15:41.663976Z
coinbase,1073146790,,BTC-USD,buy,68630.00000000,0.00128189,2026-08-19T16:15:41.663683Z
coinbase,1073146789,,BTC-USD,buy,68630.00000000,0.00718193,2026-08-19T16:15:41.663262Z
coinbase,1073146788,,BTC-USD,buy,68630.00000000,0.00021960,2026-08-19T16:15:41.661578Z
coinbase,1073146787,,BTC-USD,buy,68630.00000000,0.01370798,2026-08-19T16:15:41.661488Z
coinbase,1073146786,,BTC-USD,buy,68630.00000000,0.01646877,2026-08-19T16:15:41.661437Z
coinbase,1073146785,,BTC-USD,buy,68630.00000000,0.01030308,2026-08-19T16:15:41.661092Z
coinbase,1073146784,,BTC-USD,buy,68631.46000000,0.10780000,2026-08-19T16:15:41.656446Z
coinbase,1073146783,,BTC-USD,buy,68631.46000000,0.00109262,2026-08-19T16:15:41.656446Z
coinbase,1073146782,,BTC-USD,sell,68632.07000000,0.05000417,2026-08-19T16:15:41.654937Z
coinbase,1073146781,,BTC-USD,buy,68639.72000000,0.00108300,2026-08-19T16:15:41.503453Z
coinbase,1073146780,,BTC-USD,buy,68640.74000000,0.00001700,2026-08-19T16:15:41.503453Z
coinbase,1073146779,,BTC-USD,buy,68648.21000000,0.00001954,2026-08-19T16:15:41.497925Z
coinbase,1073146778,,BTC-USD,buy,68648.21000000,0.00000015,2026-08-19T16:15:41.496146Z
coinbase,1073146777,,BTC-USD,buy,68648.21000000,0.00290000,2026-08-19T16:15:41.494063Z
coinbase,1073146776,,BTC-USD,sell,68652.20000000,0.00729765,2026-08-19T16:15:41.338858Z
coinbase,1073146775,,BTC-USD,sell,68650.40000000,0.00001700,2026-08-19T16:15:41.338858Z
coinbase,1073146774,,BTC-USD,sell,68647.18000000,0.00001700,2026-08-19T16:15:41.338858Z
coinbase,1073146773,,BTC-USD,sell,68643.96000000,0.00001700,2026-08-19T16:15:41.338858Z
coinbase,1073146772,,BTC-USD,sell,68640.88000000,0.02900000,2026-08-19T16:15:41.338858Z
coinbase,1073146771,,BTC-USD,sell,68638.51000000,0.00000110,2026-08-19T16:15:41.338858Z
coinbase,1073146770,,BTC-USD,sell,68637.00000000,0.11655521,2026-08-19T16:15:41.322210Z
coinbase,1073146769,,BTC-USD,sell,68636.99000000,0.00145989,2026-08-19T16:15:41.322210Z
coinbase,1073146768,,BTC-USD,buy,68636.06000000,0.00000003,2026-08-19T16:15:41.229342Z
coinbase,1073146767,,BTC-USD,buy,68636.06000000,0.00000003,2026-08-19T16:15:41.115422Z
coinbase,1073146766,,BTC-USD,sell,68636.70000000,0.00000001,2026-08-19T16:15:41.051372Z
coinbase,1073146765,,BTC-USD,sell,68638.06000000,0.00000001,2026-08-19T16:15:40.862413Z
coinbase,1073146764,,BTC-USD,buy,68636.70000000,0.00000001,2026-08-19T16:15:40.742672Z
coinbase,1073146763,,BTC-USD,sell,68636.72000000,0.00199923,2026-08-19T16:15:40.633289Z
coinbase,1073146762,,BTC-USD,sell,68636.72000000,0.00145984,2026-08-19T16:15:40.633289Z
coinbase,1073146761,,BTC-USD,sell,68638.99000000,0.00000001,2026-08-19T16:15:40.463786Z
coinbase,1073146760,,BTC-USD,buy,68640.00000000,0.00756981,2026-08-19T16:15:40.424473Z
coinbase,1073146759,,BTC-USD,buy,68640.00000000,0.00110789,2026-08-19T16:15:40.424437Z
coinbase,1073146758,,BTC-USD,buy,68640.00000000,0.00113926,2026-08-19T16:15:40.423453Z
coinbase,1073146757,,BTC-USD,buy,68640.00000000,0.03384008,2026-08-19T16:15:40.423164Z
coinbase,1073146756,,BTC-USD,buy,68641.01000000,0.00126763,2026-08-19T16:15:40.416833Z
coinbase,1073146755,,BTC-USD,buy,68641.19000000,0.11420000,2026-08-19T16:15:40.416833Z
coinbase,1073146754,,BTC-USD,buy,68641.19000000,0.00109266,2026-08-19T16:15:40.416833Z
coinbase,1073146753,,BTC-USD,sell,68641.20000000,0.00024955,2026-08-19T16:15:40.408898Z
coinbase,1073146752,,BTC-USD,sell,68641.20000000,0.00194902,2026-08-19T16:15:40.277542Z
coinbase,1073146751,,BTC-USD,sell,68641.20000000,0.00000001,2026-08-19T16:15:40.244871Z
coinbase,1073146750,,BTC-USD,sell,68641.20000000,0.00000001,2026-08-19T16:15:40.228358Z
coinbase,1073146749,,BTC-USD,buy,68637.51000000,0.00000007,2026-08-19T16:15:40.116230Z
coinbase,1073146748,,BTC-USD,sell,68640.74000000,0.00001700,2026-08-19T16:15:40.077386Z
coinbase,1073146747,,BTC-USD,sell,68637.52000000,0.00001699,2026-08-19T16:15:40.077386Z
coinbase,1073146746,,BTC-USD,buy,68637.51000000,0.00000013,2026-08-19T16:15:40.063594Z
coinbase,1073146745,,BTC-USD,sell,68637.52000000,0.00000001,2026-08-19T16:15:40.016194Z
coinbase,1073146744,,BTC-USD,sell,68634.30000000,0.00001699,2026-08-19T16:15:39.948079Z
coinbase,1073146743,,BTC-USD,sell,68634.30000000,0.00000001,2026-08-19T16:15:39.814482Z
coinbase,1073146742,,BTC-USD,sell,68631.08000000,0.00001700,2026-08-19T16:15:39.759121Z
coinbase,1073146741,,BTC-USD,sell,68630.00000000,0.03174632,2026-08-19T16:15:39.759121Z
coinbase,1073146740,,BTC-USD,buy,68629.99000000,0.02332481,2026-08-19T16:15:39.742454Z
coinbase,1073146739,,BTC-USD,sell,68630.00000000,0.10000000,2026-08-19T16:15:39.729656Z
coinbase,1073146738,,BTC-USD,sell,68630.00000000,0.17440638,2026-08-19T16:15:39.724656Z
coinbase,1073146737,,BTC-USD,sell,68630.00000000,0.10000000,2026-08-19T16:15:39.723855Z
coinbase,1073146736,,BTC-USD,sell,68630.00000000,0.11144271,2026-08-19T16:15:39.723012Z
coinbase,1073146735,,BTC-USD,sell,68630.00000000,0.05099926,2026-08-19T16:15:39.722682Z
coinbase,1073146734,,BTC-USD,sell,68630.00000000,0.00702154,2026-08-19T16:15:39.721940Z
coinbase,1073146733,,BTC-USD,sell,68630.00000000,0.00000001,2026-08-19T16:15:39.636553Z
coinbase,1073146732,,BTC-USD,buy,68629.02000000,0.00883155,2026-08-19T16:15:39.509480Z
coinbase,1073146731,,BTC-USD,sell,68630.00000000,0.00000001,2026-08-19T16:15:39.465045Z
coinbase,1073146730,,BTC-USD,sell,68630.00000000,0.11814798,2026-08-19T16:15:39.308662Z
coinbase,1073146729,,BTC-USD,sell,68630.00000000,0.24175884,2026-08-19T16:15:39.308062Z
coinbase,1073146728,,BTC-USD,sell,68630.00000000,0.21280330,2026-08-19T16:15:39.307379Z
coinbase,1073146727,,BTC-USD,sell,68630.00000000,0.26180739,2026-08-19T16:15:39.306808Z
coinbase,1073146726,,BTC-USD,sell,68630.00000000,0.58986626,2026-08-19T16:15:39.306751Z
coinbase,1073146725,,BTC-USD,sell,68628.70000000,0.01000000,2026-08-19T16:15:39.306751Z
coinbase,1073146724,,BTC-USD,sell,68627.86000000,0.00010187,2026-08-19T16:15:39.306751Z
coinbase,1073146723,,BTC-USD,sell,68627.86000000,0.00003187,2026-08-19T16:15:39.305937Z
coinbase,1073146722,,BTC-USD,buy,68622.35000000,0.00000004,2026-08-19T16:15:39.251315Z
coinbase,1073146721,,BTC-USD,sell,68625.14000000,0.00000001,2026-08-19T16:15:39.250744Z
coinbase,1073146720,,BTC-USD,buy,68626.14000000,0.00109289,2026-08-19T16:15:39.087903Z
coinbase,1073146719,,BTC-USD,buy,68626.14000000,0.00612011,2026-08-19T16:15:39.080269Z
coinbase,1073146718,,BTC-USD,buy,68626.14000000,0.00109287,2026-08-19T16:15:39.080269Z
coinbase,1073146717,,BTC-USD,buy,68626.14000000,0.00612011,2026-08-19T16:15:39.072974Z
coinbase,1073146716,,BTC-USD,buy,68626.14000000,0.00109291,2026-08-19T16:15:39.072974Z
coinbase,1073146715,,BTC-USD,sell,68626.15000000,0.00000001,2026-08-19T16:15:39.060134Z
coinbase,1073146714,,BTC-USD,buy,68626.14000000,0.00612008,2026-08-19T16:15:39.036221Z
coinbase,1073146713,,BTC-USD,buy,68626.13000000,0.00000942,2026-08-19T16:15:39.030697Z
coinbase,1073146712,,BTC-USD,buy,68626.14000000,0.00164230,2026-08-19T16:15:39.030697Z
coinbase,1073146711,,BTC-USD,buy,68626.14000000,0.00000976,2026-08-19T16:15:39.029330Z
coinbase,1073146710,,BTC-USD,buy,68626.14000000,0.00612008,2026-08-19T16:15:39.029330Z
coinbase,1073146709,,BTC-USD,buy,68626.84000000,0.00109287,2026-08-19T16:15:39.029330Z
coinbase,1073146708,,BTC-USD,buy,68626.13000000,0.00000008,2026-08-19T16:15:39.013556Z
coinbase,1073146707,,BTC-USD,buy,68626.13000000,0.00000026,2026-08-19T16:15:39.003088Z
coinbase,1073146706,,BTC-USD,buy,68626.13000000,0.00306175,2026-08-19T16:15:38.907584Z
coinbase,1073146705,,BTC-USD,buy,68626.13000000,0.00036709,2026-08-19T16:15:38.907286Z
coinbase,1073146704,,BTC-USD,buy,68626.13000000,0.00269112,2026-08-19T16:15:38.907245Z
coinbase,1073146703,,BTC-USD,buy,68626.13000000,0.00611996,2026-08-19T16:15:38.900570Z
coinbase,1073146702,,BTC-USD,buy,68627.85000000,0.00004589,2026-08-19T16:15:38.897662Z
coinbase,1073146701,,BTC-USD,buy,68627.85000000,0.13320000,2026-08-19T16:15:38.897662Z
coinbase,1073146700,,BTC-USD,buy,68627.85000000,0.00109285,2026-08-19T16:15:38.897662Z
coinbase,1073146699,,BTC-USD,buy,68627.85000000,0.00611996,2026-08-19T16:15:38.897662Z
coinbase,1073146698,,BTC-USD,sell,68627.86000000,0.00000001,2026-08-19T16:15:38.858490Z
coinbase,1073146697,,BTC-USD,sell,68627.86000000,0.00000001,2026-08-19T16:15:38.632017Z
coinbase,1073146696,,BTC-USD,buy,68627.85000000,0.00977423,2026-08-19T16:15:38.597374Z
coinbase,1073146695,,BTC-USD,buy,68627.85000000,0.00012046,2026-08-19T16:15:38.597374Z
coinbase,1073146694,,BTC-USD,sell,68627.86000000,0.00000001,2026-08-19T16:15:38.488338Z
coinbase,1073146693,,BTC-USD,sell,68627.86000000,0.00019217,2026-08-19T16:15:38.451991Z
coinbase,1073146692,,BTC-USD,sell,68627.86000000,0.00000001,2026-08-19T16:15:38.256469Z
coinbase,1073146691,,BTC-USD,sell,68627.86000000,0.00200000,2026-08-19T16:15:38.227051Z
coinbase,1073146690,,BTC-USD,sell,68627.86000000,0.00005946,2026-08-19T16:15:38.219893Z
coinbase,1073146689,,BTC-USD,sell,68627.86000000,0.00156817,2026-08-19T16:15:38.170728Z
coinbase,1073146688,,BTC-USD,sell,68627.86000000,0.00001700,2026-08-19T16:15:38.170728Z
coinbase,1073146687,,BTC-USD,buy,68627.85000000,0.00000001,2026-08-19T16:15:37.980253Z
coinbase,1073146686,,BTC-USD,buy,68627.85000000,0.00000018,2026-08-19T16:15:37.965984Z
coinbase,1073146685,,BTC-USD,buy,68627.85000000,0.00000009,2026-08-19T16:15:37.912136Z
coinbase,1073146684,,BTC-USD,sell,68624.64000000,0.00001700,2026-08-19T16:15:37.673215Z
coinbase,1073146683,,BTC-USD,sell,68624.46000000,0.02900000,2026-08-19T16:15:37.673215Z
coinbase,1073146682,,BTC-USD,sell,68623.49000000,0.01910518,2026-08-19T16:15:37.630974Z
coinbase,1073146681,,BTC-USD,sell,68623.49000000,0.00145984,2026-08-19T16:15:37.630974Z
coinbase,1073146680,,BTC-USD,sell,68622.50000000,0.00000014,2026-08-19T16:15:37.413183Z
coinbase,1073146679,,BTC-USD,buy,68622.01000000,0.00039317,2026-08-19T16:15:37.400159Z
coinbase,1073146678,,BTC-USD,buy,68622.01000000,0.00041517,2026-08-19T16:15:37.399710Z
coinbase,1073146677,,BTC-USD,buy,68622.01000000,0.00069759,2026-08-19T16:15:37.398879Z
coinbase,1073146676,,BTC-USD,buy,68622.01000000,0.00074848,2026-08-19T16:15:37.398543Z
coinbase,1073146675,,BTC-USD,buy,68622.60000000,0.00037561,2026-08-19T16:15:37.396450Z
coinbase,1073146674,,BTC-USD,buy,68622.60000000,0.00108417,2026-08-19T16:15:37.396252Z
coinbase,1073146673,,BTC-USD,buy,68623.50000000,0.00253825,2026-08-19T16:15:37.392518Z
coinbase,1073146672,,BTC-USD,buy,68623.50000000,0.10767230,2026-08-19T16:15:37.388935Z
coinbase,1073146671,,BTC-USD,buy,68623.50000000,0.04390000,2026-08-19T16:15:37.388935Z
coinbase,1073146670,,BTC-USD,sell,68623.51000000,0.00018303,2026-08-19T16:15:37.025284Z
coinbase,1073146669,,BTC-USD,sell,68623.51000000,0.00000110,2026-08-19T16:15:37.025284Z
coinbase,1073146668,,BTC-USD,buy,68621.64000000,0.00000006,2026-08-19T16:15:36.961017Z
coinbase,1073146667,,BTC-USD,buy,68622.63000000,0.00000011,2026-08-19T16:15:36.805871Z
coinbase,1073146666,,BTC-USD,sell,68622.64000000,0.04399987,2026-08-19T16:15:36.697989Z
coinbase,1073146665,,BTC-USD,sell,68622.64000000,0.00029413,2026-08-19T16:15:36.697989Z
coinbase,1073146664,,BTC-USD,sell,68622.64000000,0.00004941,2026-08-19T16:15:36.666280Z
coinbase,1073146663,,BTC-USD,sell,68620.49000000,0.00000110,2026-08-19T16:15:36.666280Z
coinbase,1073146662,,BTC-USD,sell,68622.64000000,0.00014430,2026-08-19T16:15:36.622437Z
coinbase,1073146661,,BTC-USD,buy,68617.61000000,0.00000006,2026-08-19T16:15:36.612281Z
coinbase,1073146660,,BTC-USD,sell,68622.63000000,0.00000001,2026-08-19T16:15:36.597380Z
coinbase,1073146659,,BTC-USD,sell,68622.64000000,0.00097200,2026-08-19T16:15:36.565891Z
coinbase,1073146658,,BTC-USD,sell,68621.42000000,0.00001700,2026-08-19T16:15:36.565891Z
coinbase,1073146657,,BTC-USD,sell,68620.51000000,0.00000110,2026-08-19T16:15:36.565891Z
coinbase,1073146656,,BTC-USD,sell,68620.50000000,0.00000250,2026-08-19T16:15:36.565891Z
coinbase,1073146655,,BTC-USD,sell,68618.20000000,0.00001700,2026-08-19T16:15:36.565891Z
coinbase,1073146654,,BTC-USD,sell,68614.98000000,0.00000051,2026-08-19T16:15:36.565891Z
coinbase,1073146653,,BTC-USD,sell,68614.98000000,0.00000001,2026-08-19T16:15:36.409983Z
coinbase,1073146652,,BTC-USD,sell,68614.98000000,0.00000001,2026-08-19T16:15:36.192363Z
coinbase,1073146651,,BTC-USD,sell,68614.98000000,0.00000001,2026-08-19T16:15:36.011809Z
coinbase,1073146650,,BTC-USD,buy,68614.97000000,0.00000001,2026-08-19T16:15:35.856043Z
coinbase,1073146649,,BTC-USD,sell,68614.98000000,0.00000001,2026-08-19T16:15:35.809443Z
coinbase,1073146648,,BTC-USD,buy,68614.97000000,0.00000017,2026-08-19T16:15:35.764987Z
coinbase,1073146647,,BTC-USD,buy,68614.97000000,0.00033806,2026-08-19T16:15:35.649286Z
coinbase,1073146646,,BTC-USD,sell,68614.98000000,0.00000001,2026-08-19T16:15:35.623791Z
coinbase,1073146645,,BTC-USD,buy,68614.97000000,0.00148550,2026-08-19T16:15:35.591933Z
coinbase,1073146644,,BTC-USD,buy,68614.97000000,0.00000008,2026-08-19T16:15:35.569204Z
coinbase,1073146643,,BTC-USD,sell,68614.98000000,0.00000001,2026-08-19T16:15:35.395013Z
coinbase,1073146642,,BTC-USD,sell,68614.98000000,0.00000001,2026-08-19T16:15:35.213247Z
coinbase,1073146641,,BTC-USD,sell,68614.98000000,0.00001642,2026-08-19T16:15:35.162932Z
coinbase,1073146640,,BTC-USD,sell,68614.98000000,0.00557458,2026-08-19T16:15:35.162932Z
coinbase,1073146639,,BTC-USD,sell,68611.76000000,0.00001700,2026-08-19T16:15:35.107133Z
coinbase,1073146638,,BTC-USD,sell,68611.26000000,0.01568888,2026-08-19T16:15:35.107133Z
coinbase,1073146637,,BTC-USD,sell,68611.26000000,0.00360436,2026-08-19T16:15:35.094461Z
coinbase,1073146636,,BTC-USD,sell,68610.10000000,0.02900000,2026-08-19T16:15:35.091377Z
coinbase,1073146635,,BTC-USD,sell,68608.54000000,0.00001700,2026-08-19T16:15:35.091377Z
coinbase,1073146634,,BTC-USD,sell,68607.01000000,0.00000110,2026-08-19T16:15:35.091377Z
coinbase,1073146633,,BTC-USD,sell,68607.00000000,0.00000250,2026-08-19T16:15:35.091377Z
coinbase,1073146632,,BTC-USD,sell,68606.99000000,0.00000110,2026-08-19T16:15:35.091377Z
coinbase,1073146631,,BTC-USD,sell,68605.32000000,0.00001700,2026-08-19T16:15:35.091377Z
coinbase,1073146630,,BTC-USD,sell,68602.10000000,0.00001693,2026-08-19T16:15:35.091377Z
coinbase,1073146629,,BTC-USD,sell,68602.10000000,0.00000001,2026-08-19T16:15:35.006620Z
coinbase,1073146628,,BTC-USD,buy,68602.09000000,0.00018153,2026-08-19T16:15:34.811750Z
coinbase,1073146627,,BTC-USD,buy,68602.09000000,0.00109326,2026-08-19T16:15:34.811750Z
coinbase,1073146626,,BTC-USD,buy,68602.09000000,0.00601894,2026-08-19T16:15:34.811750Z
coinbase,1073146625,,BTC-USD,sell,68602.10000000,0.00000001,2026-08-19T16:15:34.807236Z
coinbase,1073146624,,BTC-USD,buy,68602.09000000,0.00000010,2026-08-19T16:15:34.645072Z
coinbase,1073146623,,BTC-USD,sell,68602.10000000,0.00000001,2026-08-19T16:15:34.561701Z
coinbase,1073146622,,BTC-USD,buy,68602.09000000,0.00000004,2026-08-19T16:15:34.498703Z
coinbase,1073146621,,BTC-USD,sell,68602.10000000,0.00000001,2026-08-19T16:15:34.381214Z
coinbase,1073146620,,BTC-USD,buy,68602.09000000,0.00010314,2026-08-19T16:15:34.293073Z
coinbase,1073146619,,BTC-USD,buy,68602.09000000,0.00000004,2026-08-19T16:15:34.241798Z
coinbase,1073146618,,BTC-USD,sell,68602.10000000,0.00000001,2026-08-19T16:15:34.187828Z
coinbase,1073146617,,BTC-USD,buy,68602.09000000,0.09191673,2026-08-19T16:15:34.063482Z
coinbase,1073146616,,BTC-USD,buy,68602.09000000,0.00109327,2026-08-19T16:15:34.063482Z
coinbase,1073146615,,BTC-USD,buy,68602.09000000,0.00699000,2026-08-19T16:15:34.063482Z
coinbase,1073146614,,BTC-USD,sell,68602.10000000,0.00000001,2026-08-19T16:15:33.970719Z
coinbase,1073146613,,BTC-USD,sell,68602.10000000,0.00000001,2026-08-19T16:15:33.801331Z
coinbase,1073146612,,BTC-USD,buy,68600.63000000,0.00000001,2026-08-19T16:15:33.670308Z
coinbase,1073146611,,BTC-USD,buy,68601.19000000,0.00000023,2026-08-19T16:15:33.551110Z
coinbase,1073146610,,BTC-USD,buy,68602.09000000,0.00000011,2026-08-19T16:15:33.427615Z
coinbase,1073146609,,BTC-USD,buy,68595.49000000,0.00022291,2026-08-19T16:15:33.313354Z
coinbase,1073146608,,BTC-USD,sell,68600.00000000,0.03769479,2026-08-19T16:15:33.309851Z
coinbase,1073146607,,BTC-USD,sell,68600.00000000,0.00000014,2026-08-19T16:15:33.309851Z
coinbase,1073146606,,BTC-USD,sell,68598.88000000,0.00001700,2026-08-19T16:15:33.309851Z
coinbase,1073146605,,BTC-USD,sell,68596.51000000,0.00000170,2026-08-19T16:15:33.309851Z
coinbase,1073146604,,BTC-USD,sell,68595.50000000,0.00000075,2026-08-19T16:15:33.309851Z
coinbase,1073146603,,BTC-USD,buy,68595.49000000,0.00000005,2026-08-19T16:15:33.201712Z
coinbase,1073146602,,BTC-USD,sell,68595.50000000,0.00009700,2026-08-19T16:15:33.084871Z
coinbase,1073146601,,BTC-USD,buy,68596.48000000,0.00109335,2026-08-19T16:15:32.602332Z
coinbase,1073146600,,BTC-USD,buy,68596.48000000,0.00109335,2026-08-19T16:15:32.571612Z
coinbase,1073146599,,BTC-USD,buy,68596.48000000,0.00612276,2026-08-19T16:15:32.571612Z
coinbase,1073146598,,BTC-USD,buy,68596.48000000,0.00290717,2026-08-19T16:15:32.571612Z
coinbase,1073146597,,BTC-USD,buy,68596.48000000,0.00053537,2026-08-19T16:15:32.570072Z
coinbase,1073146596,,BTC-USD,buy,68596.48000000,0.00048501,2026-08-19T16:15:32.569058Z
coinbase,1073146595,,BTC-USD,buy,68596.48000000,0.00146820,2026-08-19T16:15:32.568662Z
coinbase,1073146594,,BTC-USD,buy,68596.48000000,0.00041255,2026-08-19T16:15:32.566692Z
coinbase,1073146593,,BTC-USD,buy,68596.48000000,0.00279157,2026-08-19T16:15:32.566117Z
coinbase,1073146592,,BTC-USD,buy,68596.48000000,0.00245042,2026-08-19T16:15:32.562291Z
coinbase,1073146591,,BTC-USD,buy,68596.48000000,0.00256729,2026-08-19T16:15:32.558927Z
coinbase,1073146590,,BTC-USD,buy,68596.48000000,0.01144823,2026-08-19T16:15:32.555545Z
coinbase,1073146589,,BTC-USD,buy,68596.48000000,0.00103609,2026-08-19T16:15:32.552515Z
coinbase,1073146588,,BTC-USD,buy,68596.48000000,0.00130791,2026-08-19T16:15:32.551206Z
coinbase,1073146587,,BTC-USD,buy,68596.48000000,0.00048253,2026-08-19T16:15:32.549497Z
coinbase,1073146586,,BTC-USD,buy,68596.48000000,0.00042312,2026-08-19T16:15:32.548517Z
coinbase,1073146585,,BTC-USD,buy,68596.48000000,0.01263977,2026-08-19T16:15:32.548135Z
coinbase,1073146584,,BTC-USD,buy,68596.48000000,0.00574801,2026-08-19T16:15:32.545319Z
coinbase,1073146583,,BTC-USD,buy,68596.48000000,0.00084952,2026-08-19T16:15:32.537198Z
coinbase,1073146582,,BTC-USD,buy,68596.48000000,0.00043354,2026-08-19T16:15:32.536024Z
coinbase,1073146581,,BTC-USD,buy,68596.48000000,0.01140504,2026-08-19T16:15:32.535521Z
coinbase,1073146580,,BTC-USD,buy,68596.48000000,0.00053880,2026-08-19T16:15:32.534498Z
coinbase,1073146579,,BTC-USD,buy,68596.48000000,0.00138425,2026-08-19T16:15:32.533420Z
coinbase,1073146578,,BTC-USD,buy,68596.48000000,0.00073050,2026-08-19T16:15:32.533274Z
coinbase,1073146577,,BTC-USD,buy,68596.48000000,0.00090484,2026-08-19T16:15:32.532973Z
coinbase,1073146576,,BTC-USD,buy,68596.48000000,0.00106339,2026-08-19T16:15:32.532285Z
coinbase,1073146575,,BTC-USD,buy,68596.48000000,0.00634343,2026-08-19T16:15:32.528841Z
coinbase,1073146574,,BTC-USD,buy,68596.49000000,0.00109335,2026-08-19T16:15:32.528841Z
coinbase,1073146573,,BTC-USD,buy,68596.49000000,0.00145931,2026-08-19T16:15:32.528841Z
coinbase,1073146572,,BTC-USD,buy,68596.49000000,0.00461842,2026-08-19T16:15:32.528841Z
coinbase,1073146571,,BTC-USD,sell,68596.50000000,0.00146100,2026-08-19T16:15:32.509771Z
coinbase,1073146570,,BTC-USD,buy,68596.49000000,0.00150434,2026-08-19T16:15:32.505901Z
coinbase,1073146569,,BTC-USD,buy,68596.48000000,0.00663039,2026-08-19T16:15:32.501779Z
coinbase,1073146568,,BTC-USD,buy,68596.48000000,0.00109314,2026-08-19T16:15:32.501779Z
coinbase,1073146567,,BTC-USD,buy,68596.49000000,0.13950000,2026-08-19T16:15:32.501779Z
coinbase,1073146566,,BTC-USD,buy,68596.49000000,0.00146143,2026-08-19T16:15:32.501779Z
coinbase,1073146565,,BTC-USD,buy,68596.49000000,0.00612276,2026-08-19T16:15:32.501779Z
coinbase,1073146564,,BTC-USD,sell,68596.49000000,0.00000169,2026-08-19T16:15:32.463618Z
coinbase,1073146563,,BTC-USD,buy,68596.48000000,0.00000003,2026-08-19T16:15:32.426582Z
coinbase,1073146562,,BTC-USD,buy,68596.48000000,0.00000019,2026-08-19T16:15:32.337092Z
coinbase,1073146561,,BTC-USD,sell,68596.49000000,0.00000001,2026-08-19T16:15:32.283513Z
coinbase,1073146560,,BTC-USD,sell,68594.09000000,0.00000001,2026-08-19T16:15:32.249118Z
coinbase,1073146559,,BTC-USD,buy,68592.19000000,0.00000010,2026-08-19T16:15:32.244099Z
coinbase,1073146558,,BTC-USD,buy,68596.04000000,0.00109338,2026-08-19T16:15:32.173193Z
coinbase,1073146557,,BTC-USD,buy,68596.04000000,0.00109338,2026-08-19T16:15:32.166240Z
coinbase,1073146556,,BTC-USD,buy,68596.04000000,0.00109341,2026-08-19T16:15:32.159136Z
coinbase,1073146555,,BTC-USD,buy,68596.04000000,0.11420000,2026-08-19T16:15:32.151702Z
coinbase,1073146554,,BTC-USD,buy,68596.04000000,0.00109341,2026-08-19T16:15:32.151702Z
coinbase,1073146553,,BTC-USD,sell,68596.05000000,0.00169030,2026-08-19T16:15:32.047761Z
coinbase,1073146552,,BTC-USD,sell,68595.66000000,0.00001700,2026-08-19T16:15:32.047761Z
coinbase,1073146551,,BTC-USD,sell,68592.44000000,0.00001700,2026-08-19T16:15:32.047761Z
coinbase,1073146550,,BTC-USD,sell,68590.51000000,0.00000170,2026-08-19T16:15:32.047761Z
coinbase,1073146549,,BTC-USD,sell,68589.22000000,0.00025702,2026-08-19T16:15:32.047761Z
coinbase,1073146548,,BTC-USD,sell,68589.22000000,0.00001698,2026-08-19T16:15:32.047761Z
coinbase,1073146547,,BTC-USD,sell,68589.22000000,0.00000001,2026-08-19T16:15:31.929247Z
coinbase,1073146546,,BTC-USD,sell,68589.22000000,0.00000001,2026-08-19T16:15:31.728690Z
coinbase,1073146545,,BTC-USD,buy,68589.21000000,0.04083270,2026-08-19T16:15:31.610418Z
coinbase,1073146544,,BTC-USD,buy,68585.87000000,0.15719710,2026-08-19T16:15:31.541664Z
coinbase,1073146543,,BTC-USD,sell,68585.88000000,0.00000001,2026-08-19T16:15:31.538566Z
coinbase,1073146542,,BTC-USD,sell,68587.98000000,0.13393697,2026-08-19T16:15:31.430398Z
coinbase,1073146541,,BTC-USD,sell,68587.95000000,0.21585084,2026-08-19T16:15:31.430398Z
coinbase,1073146540,,BTC-USD,sell,68587.94000000,0.07261883,2026-08-19T16:15:31.430398Z
coinbase,1073146539,,BTC-USD,sell,68586.16000000,0.06644374,2026-08-19T16:15:31.430398Z
coinbase,1073146538,,BTC-USD,sell,68586.00000000,0.00001700,2026-08-19T16:15:31.430398Z
coinbase,1073146537,,BTC-USD,sell,68583.97000000,0.03050559,2026-08-19T16:15:31.430398Z
coinbase,1073146536,,BTC-USD,sell,68583.08000000,0.17710000,2026-08-19T16:15:31.430398Z
coinbase,1073146535,,BTC-USD,sell,68582.78000000,0.00001700,2026-08-19T16:15:31.430398Z
coinbase,1073146534,,BTC-USD,sell,68582.35000000,0.17428519,2026-08-19T16:15:31.430398Z
coinbase,1073146533,,BTC-USD,sell,68582.34000000,0.18338129,2026-08-19T16:15:31.430398Z
coinbase,1073146532,,BTC-USD,sell,68582.34000000,0.00294931,2026-08-19T16:15:31.429610Z
coinbase,1073146531,,BTC-USD,sell,68579.56000000,0.00001700,2026-08-19T16:15:31.429610Z
coinbase,1073146530,,BTC-USD,sell,68576.96000000,0.00532482,2026-08-19T16:15:31.429610Z
coinbase,1073146529,,BTC-USD,sell,68576.34000000,0.00001700,2026-08-19T16:15:31.429610Z
coinbase,1073146528,,BTC-USD,sell,68573.12000000,0.00001700,2026-08-19T16:15:31.429610Z
coinbase,1073146527,,BTC-USD,sell,68570.00000000,0.29167274,2026-08-19T16:15:31.429610Z
coinbase,1073146526,,BTC-USD,sell,68569.90000000,0.00000213,2026-08-19T16:15:31.429610Z
coinbase,1073146525,,BTC-USD,sell,68569.90000000,0.00001487,2026-08-19T16:15:31.428717Z
coinbase,1073146524,,BTC-USD,sell,68566.68000000,0.00001700,2026-08-19T16:15:31.428717Z
coinbase,1073146523,,BTC-USD,sell,68564.78000000,0.10129801,2026-08-19T16:15:31.422893Z
coinbase,1073146522,,BTC-USD,sell,68564.78000000,0.03220146,2026-08-19T16:15:31.422555Z
coinbase,1073146521,,BTC-USD,sell,68564.78000000,0.06851622,2026-08-19T16:15:31.417713Z
coinbase,1073146520,,BTC-USD,sell,68564.78000000,0.13990000,2026-08-19T16:15:31.417563Z
coinbase,1073146519,,BTC-USD,sell,68564.78000000,0.03367444,2026-08-19T16:15:31.417102Z
coinbase,1073146518,,BTC-USD,buy,68564.77000000,0.00000001,2026-08-19T16:15:31.397282Z
coinbase,1073146517,,BTC-USD,buy,68564.77000000,0.00000004,2026-08-19T16:15:31.343973Z
coinbase,1073146516,,BTC-USD,buy,68564.77000000,0.00140653,2026-08-19T16:15:31.338055Z
coinbase,1073146515,,BTC-USD,sell,68564.78000000,0.00000001,2026-08-19T16:15:31.326143Z
coinbase,1073146514,,BTC-USD,sell,68564.78000000,0.06270000,2026-08-19T16:15:31.326004Z
coinbase,1073146513,,BTC-USD,sell,68563.46000000,0.00001700,2026-08-19T16:15:31.325405Z
coinbase,1073146512,,BTC-USD,sell,68562.59000000,0.00009999,2026-08-19T16:15:31.322026Z
coinbase,1073146511,,BTC-USD,sell,68562.59000000,0.02890001,2026-08-19T16:15:31.321063Z
coinbase,1073146510,,BTC-USD,sell,68562.49000000,0.00364630,2026-08-19T16:15:31.321063Z
coinbase,1073146509,,BTC-USD,sell,68562.31000000,0.00005369,2026-08-19T16:15:31.321063Z
coinbase,1073146508,,BTC-USD,sell,68562.31000000,0.00286600,2026-08-19T16:15:31.317737Z
coinbase,1073146507,,BTC-USD,sell,68560.24000000,0.00001700,2026-08-19T16:15:31.317737Z
coinbase,1073146506,,BTC-USD,sell,68557.02000000,0.00001700,2026-08-19T16:15:31.317737Z
coinbase,1073146505,,BTC-USD,sell,68555.86000000,0.00009142,2026-08-19T16:15:31.232496Z
coinbase,1073146504,,BTC-USD,sell,68555.86000000,0.00145864,2026-08-19T16:15:31.232496Z
coinbase,1073146503,,BTC-USD,buy,68555.85000000,0.00000020,2026-08-19T16:15:31.147481Z
coinbase,1073146502,,BTC-USD,sell,68555.86000000,0.00000001,2026-08-19T16:15:31.141395Z
coinbase,1073146501,,BTC-USD,buy,68555.85000000,0.00000007,2026-08-19T16:15:30.998674Z
coinbase,1073146500,,BTC-USD,sell,68555.86000000,0.00000001,2026-08-19T16:15:30.889348Z
coinbase,1073146499,,BTC-USD,sell,68554.79000000,0.00000001,2026-08-19T16:15:30.709741Z
coinbase,1073146498,,BTC-USD,sell,68554.79000000,0.01137015,2026-08-19T16:15:30.660726Z
coinbase,1073146497,,BTC-USD,sell,68553.80000000,0.00001700,2026-08-19T16:15:30.660726Z
coinbase,1073146496,,BTC-USD,sell,68552.69000000,0.00005085,2026-08-19T16:15:30.660726Z
coinbase,1073146495,,BTC-USD,sell,68552.69000000,0.00013526,2026-08-19T16:15:30.660726Z
coinbase,1073146494,,BTC-USD,sell,68550.58000000,0.00001674,2026-08-19T16:15:30.660726Z
coinbase,1073146493,,BTC-USD,sell,68550.58000000,0.00000001,2026-08-19T16:15:30.526719Z
coinbase,1073146492,,BTC-USD,sell,68550.58000000,0.00000001,2026-08-19T16:15:30.309035Z
coinbase,1073146491,,BTC-USD,buy,68550.57000000,0.00000010,2026-08-19T16:15:30.289486Z
coinbase,1073146490,,BTC-USD,sell,68550.58000000,0.00000001,2026-08-19T16:15:30.082083Z
coinbase,1073146489,,BTC-USD,sell,68550.58000000,0.00000001,2026-08-19T16:15:29.915836Z
coinbase,1073146488,,BTC-USD,buy,68550.57000000,0.00000013,2026-08-19T16:15:29.913352Z
coinbase,1073146487,,BTC-USD,sell,68550.58000000,0.00000001,2026-08-19T16:15:29.657446Z
coinbase,1073146486,,BTC-USD,sell,68550.58000000,0.00000001,2026-08-19T16:15:29.486766Z
coinbase,1073146485,,BTC-USD,buy,68550.57000000,0.01473365,2026-08-19T16:15:29.307856Z
coinbase,1073146484,,BTC-USD,buy,68550.57000000,0.00000001,2026-08-19T16:15:29.147275Z
coinbase,1073146483,,BTC-USD,buy,68550.57000000,0.00000005,2026-08-19T16:15:28.817492Z
coinbase,1073146482,,BTC-USD,buy,68550.57000000,0.00000006,2026-08-19T16:15:28.747441Z
coinbase,1073146481,,BTC-USD,buy,68550.57000000,0.04951235,2026-08-19T16:15:28.047971Z
coinbase,1073146480,,BTC-USD,buy,68550.57000000,0.06287454,2026-08-19T16:15:28.047971Z
coinbase,1073146479,,BTC-USD,buy,68550.57000000,0.06441689,2026-08-19T16:15:28.047971Z
coinbase,1073146478,,BTC-USD,sell,68550.58000000,0.00000001,2026-08-19T16:15:27.934571Z
coinbase,1073146477,,BTC-USD,buy,68550.57000000,0.00005432,2026-08-19T16:15:27.780394Z
coinbase,1073146476,,BTC-USD,buy,68550.57000000,0.00000005,2026-08-19T16:15:27.746Z
coinbase,1073146475,,BTC-USD,buy,68550.57000000,0.00000022,2026-08-19T16:15:27.692780Z
coinbase,1073146474,,BTC-USD,sell,68550.58000000,0.00000001,2026-08-19T16:15:27.690641Z
coinbase,1073146473,,BTC-USD,sell,68550.58000000,0.00000001,2026-08-19T16:15:27.485759Z
coinbase,1073146472,,BTC-USD,sell,68550.58000000,0.00000001,2026-08-19T16:15:27.305904Z
coinbase,1073146471,,BTC-USD,buy,68550.57000000,0.00080145,2026-08-19T16:15:27.269784Z
coinbase,1073146470,,BTC-USD,buy,68550.57000000,0.00000010,2026-08-19T16:15:27.139497Z
coinbase,1073146469,,BTC-USD,sell,68550.58000000,0.00000001,2026-08-19T16:15:27.110874Z
coinbase,1073146468,,BTC-USD,sell,68550.58000000,0.00000001,2026-08-19T16:15:26.900240Z
coinbase,1073146467,,BTC-USD,buy,68550.57000000,0.00000001,2026-08-19T16:15:26.710442Z
coinbase,1073146466,,BTC-USD,sell,68550.58000000,0.00000001,2026-08-19T16:15:26.693191Z
coinbase,1073146465,,BTC-USD,buy,68550.57000000,0.00000003,2026-08-19T16:15:26.602602Z
coinbase,1073146464,,BTC-USD,buy,68550.57000000,0.00000005,2026-08-19T16:15:26.586278Z
coinbase,1073146463,,BTC-USD,sell,68550.58000000,0.00000001,2026-08-19T16:15:26.585132Z
coinbase,1073146462,,BTC-USD,sell,68550.58000000,0.00000001,2026-08-19T16:15:26.311959Z
coinbase,1073146461,,BTC-USD,buy,68550.57000000,0.00438374,2026-08-19T16:15:26.082518Z
coinbase,1073146460,,BTC-USD,sell,68550.58000000,0.00000001,2026-08-19T16:15:26.068174Z
coinbase,1073146459,,BTC-USD,buy,68550.57000000,0.00000011,2026-08-19T16:15:26.044031Z
coinbase,1073146458,,BTC-USD,sell,68550.58000000,0.00000001,2026-08-19T16:15:25.870990Z
coinbase,1073146457,,BTC-USD,sell,68550.58000000,0.00000001,2026-08-19T16:15:25.792693Z
coinbase,1073146456,,BTC-USD,buy,68550.57000000,0.00000002,2026-08-19T16:15:25.617728Z
coinbase,1073146455,,BTC-USD,buy,68550.57000000,0.00000016,2026-08-19T16:15:25.617149Z
coinbase,1073146454,,BTC-USD,sell,68550.58000000,0.00000001,2026-08-19T16:15:25.512390Z
coinbase,1073146453,,BTC-USD,buy,68550.57000000,0.00047587,2026-08-19T16:15:25.497087Z
coinbase,1073146452,,BTC-USD,buy,68550.57000000,0.00029028,2026-08-19T16:15:25.497087Z
coinbase,1073146451,,BTC-USD,sell,68550.58000000,0.00000001,2026-08-19T16:15:25.331873Z
coinbase,1073146450,,BTC-USD,sell,68550.58000000,0.00000001,2026-08-19T16:15:25.101373Z
coinbase,1073146449,,BTC-USD,buy,68550.57000000,0.00000003,2026-08-19T16:15:24.529007Z
coinbase,1073146448,,BTC-USD,buy,68550.57000000,0.00000037,2026-08-19T16:15:24.455766Z
coinbase,1073146447,,BTC-USD,buy,68550.57000000,0.00000008,2026-08-19T16:15:24.425963Z
coinbase,1073146446,,BTC-USD,buy,68550.57000000,0.00000001,2026-08-19T16:15:24.032477Z
coinbase,1073146445,,BTC-USD,buy,68550.57000000,0.00583609,2026-08-19T16:15:23.979263Z
coinbase,1073146444,,BTC-USD,buy,68550.57000000,0.00073208,2026-08-19T16:15:23.693857Z
coinbase,1073146443,,BTC-USD,sell,68550.58000000,0.00000001,2026-08-19T16:15:23.678219Z
coinbase,1073146442,,BTC-USD,sell,68550.58000000,0.00000001,2026-08-19T16:15:23.480504Z
coinbase,1073146441,,BTC-USD,buy,68550.57000000,0.00000018,2026-08-19T16:15:23.462354Z
coinbase,1073146440,,BTC-USD,buy,68550.57000000,0.00000006,2026-08-19T16:15:23.395270Z
coinbase,1073146439,,BTC-USD,sell,68550.58000000,0.00000001,2026-08-19T16:15:23.298220Z
coinbase,1073146438,,BTC-USD,buy,68550.57000000,0.00000018,2026-08-19T16:15:23.268791Z
coinbase,1073146437,,BTC-USD,buy,68550.57000000,0.00058360,2026-08-19T16:15:23.226988Z
coinbase,1073146436,,BTC-USD,sell,68550.58000000,0.00000001,2026-08-19T16:15:23.096434Z
coinbase,1073146435,,BTC-USD,sell,68550.58000000,0.00000001,2026-08-19T16:15:22.905138Z
coinbase,1073146434,,BTC-USD,sell,68549.99000000,0.00000001,2026-08-19T16:15:22.697239Z
coinbase,1073146433,,BTC-USD,sell,68549.99000000,0.00000001,2026-08-19T16:15:22.513945Z
coinbase,1073146432,,BTC-USD,sell,68549.99000000,0.00000001,2026-08-19T16:15:22.335160Z
coinbase,1073146431,,BTC-USD,buy,68549.98000000,0.00000006,2026-08-19T16:15:22.197420Z
coinbase,1073146430,,BTC-USD,buy,68549.98000000,0.00000003,2026-08-19T16:15:22.184600Z
coinbase,1073146429,,BTC-USD,sell,68549.99000000,0.00000001,2026-08-19T16:15:22.108108Z
coinbase,1073146428,,BTC-USD,sell,68549.99000000,0.00000001,2026-08-19T16:15:21.926959Z
coinbase,1073146427,,BTC-USD,sell,68549.99000000,0.00000014,2026-08-19T16:15:21.808031Z
coinbase,1073146426,,BTC-USD,buy,68549.98000000,0.00000004,2026-08-19T16:15:21.769365Z
coinbase,1073146425,,BTC-USD,sell,68549.99000000,0.00000001,2026-08-19T16:15:21.748183Z
coinbase,1073146424,,BTC-USD,buy,68549.98000000,0.00000001,2026-08-19T16:15:21.649292Z
coinbase,1073146423,,BTC-USD,sell,68548.16000000,0.00000001,2026-08-19T16:15:21.512857Z
coinbase,1073146422,,BTC-USD,sell,68549.34000000,0.00000001,2026-08-19T16:15:21.425615Z
coinbase,1073146421,,BTC-USD,buy,68545.59000000,0.00000007,2026-08-19T16:15:21.133921Z
coinbase,1073146420,,BTC-USD,buy,68545.59000000,0.00000007,2026-08-19T16:15:21.101637Z
coinbase,1073146419,,BTC-USD,sell,68549.00000000,0.00000001,2026-08-19T16:15:21.079127Z
coinbase,1073146418,,BTC-USD,buy,68550.37000000,0.00405911,2026-08-19T16:15:21.073077Z
coinbase,1073146417,,BTC-USD,buy,68550.37000000,0.00044553,2026-08-19T16:15:21.071654Z
coinbase,1073146416,,BTC-USD,buy,68550.37000000,0.00066524,2026-08-19T16:15:21.071290Z
coinbase,1073146415,,BTC-USD,buy,68550.37000000,0.06860289,2026-08-19T16:15:21.070200Z
coinbase,1073146414,,BTC-USD,buy,68550.37000000,0.00003682,2026-08-19T16:15:21.070200Z
coinbase,1073146413,,BTC-USD,buy,68550.37000000,0.00001677,2026-08-19T16:15:21.070200Z
coinbase,1073146412,,BTC-USD,buy,68550.37000000,0.08880000,2026-08-19T16:15:21.070200Z
coinbase,1073146411,,BTC-USD,sell,68550.38000000,0.00000001,2026-08-19T16:15:20.944099Z
coinbase,1073146410,,BTC-USD,sell,68550.38000000,0.00000001,2026-08-19T16:15:20.693909Z
coinbase,1073146409,,BTC-USD,buy,68548.10000000,0.00000026,2026-08-19T16:15:20.510810Z
coinbase,1073146408,,BTC-USD,buy,68540.97000000,0.00000013,2026-08-19T16:15:20.121916Z
coinbase,1073146407,,BTC-USD,buy,68540.97000000,0.00000013,2026-08-19T16:15:20.070577Z
coinbase,1073146406,,BTC-USD,buy,68544.13000000,0.00006483,2026-08-19T16:15:19.669565Z
coinbase,1073146405,,BTC-USD,buy,68544.14000000,0.00001700,2026-08-19T16:15:19.669565Z
coinbase,1073146404,,BTC-USD,buy,68548.65000000,0.00765834,2026-08-19T16:15:19.663473Z
coinbase,1073146403,,BTC-USD,buy,68549.82000000,0.00291969,2026-08-19T16:15:19.663473Z
coinbase,1073146402,,BTC-USD,buy,68550.96000000,0.00612667,2026-08-19T16:15:19.663325Z
coinbase,1073146401,,BTC-USD,buy,68551.30000000,0.01458762,2026-08-19T16:15:19.663276Z
coinbase,1073146400,,BTC-USD,buy,68551.30000000,0.01458762,2026-08-19T16:15:19.663276Z
coinbase,1073146399,,BTC-USD,buy,68552.68000000,0.00612667,2026-08-19T16:15:19.661058Z
coinbase,1073146398,,BTC-USD,buy,68552.68000000,0.00109404,2026-08-19T16:15:19.661058Z
coinbase,1073146397,,BTC-USD,buy,68552.68000000,0.00002918,2026-08-19T16:15:19.660411Z
coinbase,1073146396,,BTC-USD,buy,68552.68000000,0.03189033,2026-08-19T16:15:19.660411Z
coinbase,1073146395,,BTC-USD,buy,68552.68000000,0.00101881,2026-08-19T16:15:19.659992Z
coinbase,1073146394,,BTC-USD,buy,68552.68000000,0.00039766,2026-08-19T16:15:19.658656Z
coinbase,1073146393,,BTC-USD,buy,68552.68000000,0.00130750,2026-08-19T16:15:19.658654Z
coinbase,1073146392,,BTC-USD,buy,68552.68000000,0.03496232,2026-08-19T16:15:19.656314Z
coinbase,1073146391,,BTC-USD,buy,68552.68000000,0.00009160,2026-08-19T16:15:19.656314Z
coinbase,1073146390,,BTC-USD,buy,68552.68000000,0.00109404,2026-08-19T16:15:19.656314Z
coinbase,1073146389,,BTC-USD,buy,68552.68000000,0.10150000,2026-08-19T16:15:19.656314Z
coinbase,1073146388,,BTC-USD,buy,68552.68000000,0.00612667,2026-08-19T16:15:19.656314Z
coinbase,1073146387,,BTC-USD,buy,68552.68000000,0.02999937,2026-08-19T16:15:19.656314Z
coinbase,1073146386,,BTC-USD,sell,68552.69000000,0.00000001,2026-08-19T16:15:19.282449Z
coinbase,1073146385,,BTC-USD,buy,68552.68000000,0.00000001,2026-08-19T16:15:19.239113Z
coinbase,1073146384,,BTC-USD,buy,68552.68000000,0.00000026,2026-08-19T16:15:19.064704Z
coinbase,1073146383,,BTC-USD,sell,68552.69000000,0.00000001,2026-08-19T16:15:19.059880Z
coinbase,1073146382,,BTC-USD,buy,68552.68000000,0.00000009,2026-08-19T16:15:18.986522Z
coinbase,1073146381,,BTC-USD,sell,68552.69000000,0.00000001,2026-08-19T16:15:18.934634Z
coinbase,1073146380,,BTC-USD,sell,68552.69000000,0.00000001,2026-08-19T16:15:18.745234Z
coinbase,1073146379,,BTC-USD,buy,68552.68000000,0.00000027,2026-08-19T16:15:18.701277Z
coinbase,1073146378,,BTC-USD,sell,68552.69000000,0.00000001,2026-08-19T16:15:18.480307Z
coinbase,1073146377,,BTC-USD,sell,68552.69000000,0.00000001,2026-08-19T16:15:18.308479Z
coinbase,1073146376,,BTC-USD,sell,68552.69000000,0.00000001,2026-08-19T16:15:18.076254Z
coinbase,1073146375,,BTC-USD,buy,68552.68000000,0.00000013,2026-08-19T16:15:17.953999Z
coinbase,1073146374,,BTC-USD,sell,68552.69000000,0.00000001,2026-08-19T16:15:17.909127Z
coinbase,1073146373,,BTC-USD,buy,68552.68000000,0.00072585,2026-08-19T16:15:17.831461Z
coinbase,1073146372,,BTC-USD,buy,68552.68000000,0.00000011,2026-08-19T16:15:17.786530Z
coinbase,1073146371,,BTC-USD,sell,68552.60000000,0.00000001,2026-08-19T16:15:17.742569Z
coinbase,1073146370,,BTC-USD,sell,68551.94000000,0.00000001,2026-08-19T16:15:17.604360Z
coinbase,1073146369,,BTC-USD,sell,68551.94000000,0.00233920,2026-08-19T16:15:17.579631Z
coinbase,1073146368,,BTC-USD,sell,68552.69000000,0.00000001,2026-08-19T16:15:17.315458Z
coinbase,1073146367,,BTC-USD,buy,68552.68000000,0.00612667,2026-08-19T16:15:17.255330Z
coinbase,1073146366,,BTC-USD,buy,68552.68000000,0.08880000,2026-08-19T16:15:17.247474Z
coinbase,1073146365,,BTC-USD,buy,68552.68000000,0.00612667,2026-08-19T16:15:17.247474Z
coinbase,1073146364,,BTC-USD,sell,68552.69000000,0.00000001,2026-08-19T16:15:17.142371Z
coinbase,1073146363,,BTC-USD,buy,68552.68000000,0.00000012,2026-08-19T16:15:16.954052Z
coinbase,1073146362,,BTC-USD,buy,68552.68000000,0.00000001,2026-08-19T16:15:16.949458Z
coinbase,1073146361,,BTC-USD,sell,68552.69000000,0.00000001,2026-08-19T16:15:16.917830Z
coinbase,1073146360,,BTC-USD,sell,68557.51000000,0.00000001,2026-08-19T16:15:16.725045Z
coinbase,1073146359,,BTC-USD,sell,68557.02000000,0.00001700,2026-08-19T16:15:16.725045Z
coinbase,1073146358,,BTC-USD,sell,68555.45000000,0.46474307,2026-08-19T16:15:16.725045Z
coinbase,1073146357,,BTC-USD,sell,68554.32000000,0.29183370,2026-08-19T16:15:16.725045Z
coinbase,1073146356,,BTC-USD,sell,68554.22000000,0.17710000,2026-08-19T16:15:16.725045Z
coinbase,1073146355,,BTC-USD,sell,68553.80000000,0.00001700,2026-08-19T16:15:16.725045Z
coinbase,1073146354,,BTC-USD,sell,68553.37000000,0.17428519,2026-08-19T16:15:16.725045Z
coinbase,1073146353,,BTC-USD,sell,68553.29000000,0.29183370,2026-08-19T16:15:16.725045Z
coinbase,1073146352,,BTC-USD,sell,68553.22000000,0.46474307,2026-08-19T16:15:16.725045Z
coinbase,1073146351,,BTC-USD,sell,68551.15000000,0.46474307,2026-08-19T16:15:16.725045Z
coinbase,1073146350,,BTC-USD,sell,68550.58000000,0.00001700,2026-08-19T16:15:16.725045Z
coinbase,1073146349,,BTC-USD,sell,68550.38000000,0.02900000,2026-08-19T16:15:16.725045Z
coinbase,1073146348,,BTC-USD,sell,68549.84000000,0.11670341,2026-08-19T16:15:16.725045Z
coinbase,1073146347,,BTC-USD,sell,68549.60000000,0.00007068,2026-08-19T16:15:16.725045Z
coinbase,1073146346,,BTC-USD,sell,68548.54000000,0.01458820,2026-08-19T16:15:16.725045Z
coinbase,1073146345,,BTC-USD,sell,68548.54000000,0.01458820,2026-08-19T16:15:16.725045Z
coinbase,1073146344,,BTC-USD,sell,68547.36000000,0.00001700,2026-08-19T16:15:16.725045Z
coinbase,1073146343,,BTC-USD,sell,68547.36000000,0.78009456,2026-08-19T16:15:16.725045Z
coinbase,1073146342,,BTC-USD,sell,68547.36000000,0.00000001,2026-08-19T16:15:16.717955Z
coinbase,1073146341,,BTC-USD,buy,68547.35000000,0.00020351,2026-08-19T16:15:16.709160Z
coinbase,1073146340,,BTC-USD,buy,68547.35000000,0.00000002,2026-08-19T16:15:16.614050Z
coinbase,1073146339,,BTC-USD,buy,68547.35000000,0.00000006,2026-08-19T16:15:16.599623Z
coinbase,1073146338,,BTC-USD,sell,68547.36000000,0.00000001,2026-08-19T16:15:16.534217Z
coinbase,1073146337,,BTC-USD,buy,68547.35000000,0.00011152,2026-08-19T16:15:16.045474Z
coinbase,1073146336,,BTC-USD,sell,68547.36000000,0.00052315,2026-08-19T16:15:16.014104Z
coinbase,1073146335,,BTC-USD,sell,68547.35000000,0.00145985,2026-08-19T16:15:16.014104Z
coinbase,1073146334,,BTC-USD,sell,68544.14000000,0.00001700,2026-08-19T16:15:16.014104Z
coinbase,1073146333,,BTC-USD,buy,68544.13000000,0.00136677,2026-08-19T16:15:15.947036Z
coinbase,1073146332,,BTC-USD,buy,68544.13000000,0.00000010,2026-08-19T16:15:15.911201Z
coinbase,1073146331,,BTC-USD,sell,68544.09000000,0.00002566,2026-08-19T16:15:15.603235Z
coinbase,1073146330,,BTC-USD,sell,68540.92000000,0.00001700,2026-08-19T16:15:15.603235Z
coinbase,1073146329,,BTC-USD,sell,68537.70000000,0.00001700,2026-08-19T16:15:15.603235Z
coinbase,1073146328,,BTC-USD,buy,68537.69000000,0.00000004,2026-08-19T16:15:15.603087Z
coinbase,1073146327,,BTC-USD,buy,68537.69000000,0.00000006,2026-08-19T16:15:15.580084Z
coinbase,1073146326,,BTC-USD,sell,68532.60000000,0.00610000,2026-08-19T16:15:15.393347Z
coinbase,1073146325,,BTC-USD,sell,68530.69000000,3.04669288,2026-08-19T16:15:15.200213Z
coinbase,1073146324,,BTC-USD,sell,68530.68000000,0.01908109,2026-08-19T16:15:15.200213Z
coinbase,1073146323,,BTC-USD,sell,68530.68000000,0.03000000,2026-08-19T16:15:15.200213Z
coinbase,1073146322,,BTC-USD,sell,68530.68000000,0.00131755,2026-08-19T16:15:15.200213Z
coinbase,1073146321,,BTC-USD,sell,68530.68000000,0.00014225,2026-08-19T16:15:15.116882Z
coinbase,1073146320,,BTC-USD,sell,68530.68000000,0.00000001,2026-08-19T16:15:14.993719Z
coinbase,1073146319,,BTC-USD,buy,68530.67000000,0.00000009,2026-08-19T16:15:14.853647Z
coinbase,1073146318,,BTC-USD,sell,68530.68000000,0.00000001,2026-08-19T16:15:14.789429Z
coinbase,1073146317,,BTC-USD,buy,68530.67000000,0.00000001,2026-08-19T16:15:14.754648Z
coinbase,1073146316,,BTC-USD,buy,68530.67000000,0.00009163,2026-08-19T16:15:14.672300Z
coinbase,1073146315,,BTC-USD,sell,68530.68000000,0.00000001,2026-08-19T16:15:14.604007Z
coinbase,1073146314,,BTC-USD,buy,68530.67000000,0.00000006,2026-08-19T16:15:14.532893Z
coinbase,1073146313,,BTC-USD,buy,68530.67000000,0.00003788,2026-08-19T16:15:14.528543Z
coinbase,1073146312,,BTC-USD,sell,68530.68000000,0.00000001,2026-08-19T16:15:14.426834Z
coinbase,1073146311,,BTC-USD,buy,68530.68000000,0.00073690,2026-08-19T16:15:14.329069Z
coinbase,1073146310,,BTC-USD,sell,68530.69000000,0.00000001,2026-08-19T16:15:14.216077Z
coinbase,1073146309,,BTC-USD,buy,68530.01000000,0.15941479,2026-08-19T16:15:14.212029Z
coinbase,1073146308,,BTC-USD,buy,68530.68000000,0.06235660,2026-08-19T16:15:14.212029Z
coinbase,1073146307,,BTC-USD,buy,68530.68000000,0.01601469,2026-08-19T16:15:14.212029Z
coinbase,1073146306,,BTC-USD,buy,68530.68000000,0.05080000,2026-08-19T16:15:14.212029Z
coinbase,1073146305,,BTC-USD,buy,68530.68000000,0.03568222,2026-08-19T16:15:14.212029Z
coinbase,1073146304,,BTC-USD,buy,68530.68000000,0.00280000,2026-08-19T16:15:14.107562Z
coinbase,1073146303,,BTC-USD,sell,68530.69000000,0.00000001,2026-08-19T16:15:13.967739Z
coinbase,1073146302,,BTC-USD,buy,68530.68000000,0.00000011,2026-08-19T16:15:13.784049Z
coinbase,1073146301,,BTC-USD,sell,68530.69000000,0.00000001,2026-08-19T16:15:13.764610Z
coinbase,1073146300,,BTC-USD,sell,68530.69000000,0.00000001,2026-08-19T16:15:13.621801Z
coinbase,1073146299,,BTC-USD,buy,68530.68000000,0.00000003,2026-08-19T16:15:13.495756Z
coinbase,1073146298,,BTC-USD,sell,68530.69000000,0.00000001,2026-08-19T16:15:13.407747Z
coinbase,1073146297,,BTC-USD,buy,68530.68000000,0.00041500,2026-08-19T16:15:13.245528Z
coinbase,1073146296,,BTC-USD,sell,68530.69000000,0.00000001,2026-08-19T16:15:13.185236Z
coinbase,1073146295,,BTC-USD,buy,68530.68000000,0.00000012,2026-08-19T16:15:13.003831Z
coinbase,1073146294,,BTC-USD,sell,68530.69000000,0.00000001,2026-08-19T16:15:12.995069Z
coinbase,1073146293,,BTC-USD,buy,68530.68000000,0.00271669,2026-08-19T16:15:12.938578Z
coinbase,1073146292,,BTC-USD,sell,68530.69000000,0.00000001,2026-08-19T16:15:12.825454Z
coinbase,1073146291,,BTC-USD,buy,68530.68000000,0.00000005,2026-08-19T16:15:12.683463Z
coinbase,1073146290,,BTC-USD,sell,68530.69000000,0.00000014,2026-08-19T16:15:12.616688Z
coinbase,1073146289,,BTC-USD,sell,68530.69000000,0.00000001,2026-08-19T16:15:12.601288Z
coinbase,1073146288,,BTC-USD,buy,68530.68000000,0.02861477,2026-08-19T16:15:12.590228Z
coinbase,1073146287,,BTC-USD,buy,68530.68000000,0.00002919,2026-08-19T16:15:12.590228Z
coinbase,1073146286,,BTC-USD,buy,68530.68000000,0.05710000,2026-08-19T16:15:12.590228Z
coinbase,1073146285,,BTC-USD,buy,68530.68000000,0.06554239,2026-08-19T16:15:12.590228Z
coinbase,1073146284,,BTC-USD,buy,68530.68000000,0.01712545,2026-08-19T16:15:12.590228Z
coinbase,1073146283,,BTC-USD,buy,68530.68000000,0.00002045,2026-08-19T16:15:12.590228Z
coinbase,1073146282,,BTC-USD,sell,68530.69000000,0.00000001,2026-08-19T16:15:12.377658Z
coinbase,1073146281,,BTC-USD,buy,68530.68000000,0.00000001,2026-08-19T16:15:12.356494Z
coinbase,1073146280,,BTC-USD,sell,68530.69000000,0.00000001,2026-08-19T16:15:12.189412Z
coinbase,1073146279,,BTC-USD,buy,68530.68000000,0.00215324,2026-08-19T16:15:12.051204Z
coinbase,1073146278,,BTC-USD,buy,68530.68000000,0.00000024,2026-08-19T16:15:11.873247Z
coinbase,1073146277,,BTC-USD,buy,68530.68000000,0.00003144,2026-08-19T16:15:11.725344Z
coinbase,1073146276,,BTC-USD,buy,68530.87000000,0.00000002,2026-08-19T16:15:11.476047Z
coinbase,1073146275,,BTC-USD,sell,68531.45000000,0.00830241,2026-08-19T16:15:11.266354Z
coinbase,1073146274,,BTC-USD,buy,68537.70000000,0.00004581,2026-08-19T16:15:11.166281Z
coinbase,1073146273,,BTC-USD,buy,68539.05000000,0.00000001,2026-08-19T16:15:11.164406Z
coinbase,1073146272,,BTC-USD,buy,68539.05000000,0.00148948,2026-08-19T16:15:11.162140Z
coinbase,1073146271,,BTC-USD,buy,68539.91000000,0.00612760,2026-08-19T16:15:11.151550Z
coinbase,1073146270,,BTC-USD,buy,68540.92000000,0.00001700,2026-08-19T16:15:11.151550Z
coinbase,1073146269,,BTC-USD,buy,68543.00000000,0.00615153,2026-08-19T16:15:11.122791Z
coinbase,1073146268,,BTC-USD,buy,68543.00000000,0.02388354,2026-08-19T16:15:11.024619Z
coinbase,1073146267,,BTC-USD,buy,68543.08000000,0.18633060,2026-08-19T16:15:11.024619Z
coinbase,1073146266,,BTC-USD,buy,68544.45000000,0.00608586,2026-08-19T16:15:11.024619Z
coinbase,1073146265,,BTC-USD,buy,68544.45000000,0.00157295,2026-08-19T16:15:11.024601Z
coinbase,1073146264,,BTC-USD,buy,68546.76000000,0.00612705,2026-08-19T16:15:11.024601Z
coinbase,1073146263,,BTC-USD,buy,68547.93000000,0.02540000,2026-08-19T16:15:11.024452Z
coinbase,1073146262,,BTC-USD,buy,68548.49000000,0.00612695,2026-08-19T16:15:11.024452Z
coinbase,1073146261,,BTC-USD,sell,68550.60000000,0.00190528,2026-08-19T16:15:10.878579Z
coinbase,1073146260,,BTC-USD,sell,68550.58000000,0.00001700,2026-08-19T16:15:10.878579Z
coinbase,1073146259,,BTC-USD,sell,68548.50000000,0.00006283,2026-08-19T16:15:10.878579Z
coinbase,1073146258,,BTC-USD,sell,68548.49000000,0.00001489,2026-08-19T16:15:10.878579Z
coinbase,1073146257,,BTC-USD,buy,68548.48000000,0.00000003,2026-08-19T16:15:10.853155Z
coinbase,1073146256,,BTC-USD,buy,68548.48000000,0.00000009,2026-08-19T16:15:10.736027Z
coinbase,1073146255,,BTC-USD,sell,68548.49000000,0.00000001,2026-08-19T16:15:10.580156Z
coinbase,1073146254,,BTC-USD,sell,68548.49000000,0.00002964,2026-08-19T16:15:10.516906Z
coinbase,1073146253,,BTC-USD,sell,68537.71000000,0.00610000,2026-08-19T16:15:10.303048Z
coinbase,1073146252,,BTC-USD,sell,68535.99000000,0.01864508,2026-08-19T16:15:10.283692Z
coinbase,1073146251,,BTC-USD,sell,68535.99000000,0.01075492,2026-08-19T16:15:10.283692Z
coinbase,1073146250,,BTC-USD,buy,68535.98000000,0.00000015,2026-08-19T16:15:10.206094Z
coinbase,1073146249,,BTC-USD,sell,68548.48000000,0.00000001,2026-08-19T16:15:10.195709Z
coinbase,1073146248,,BTC-USD,sell,68548.50000000,0.09008557,2026-08-19T16:15:10.191124Z
coinbase,1073146247,,BTC-USD,sell,68548.49000000,0.18633060,2026-08-19T16:15:10.191124Z
coinbase,1073146246,,BTC-USD,sell,68548.48000000,0.21532514,2026-08-19T16:15:10.191124Z
coinbase,1073146245,,BTC-USD,sell,68547.36000000,0.00001700,2026-08-19T16:15:10.191124Z
coinbase,1073146244,,BTC-USD,sell,68545.11000000,0.17710000,2026-08-19T16:15:10.191124Z
coinbase,1073146243,,BTC-USD,sell,68543.77000000,0.00109446,2026-08-19T16:15:10.191124Z
coinbase,1073146242,,BTC-USD,sell,68536.10000000,0.00766080,2026-08-19T16:15:10.191124Z
coinbase,1073146241,,BTC-USD,sell,68535.99000000,0.01075492,2026-08-19T16:15:10.191124Z
coinbase,1073146240,,BTC-USD,sell,68534.48000000,0.00001700,2026-08-19T16:15:10.191124Z
coinbase,1073146239,,BTC-USD,sell,68533.79000000,0.00612864,2026-08-19T16:15:10.191124Z
coinbase,1073146238,,BTC-USD,sell,68533.52000000,0.02896813,2026-08-19T16:15:10.190781Z
coinbase,1073146237,,BTC-USD,sell,68533.52000000,0.00003187,2026-08-19T16:15:10.190778Z
coinbase,1073146236,,BTC-USD,sell,68529.77000000,0.00612887,2026-08-19T16:15:10.183036Z
coinbase,1073146235,,BTC-USD,sell,68529.35000000,0.00049670,2026-08-19T16:15:10.180743Z
coinbase,1073146234,,BTC-USD,sell,68529.35000000,0.01409559,2026-08-19T16:15:10.178766Z
coinbase,1073146233,,BTC-USD,sell,68529.35000000,0.01459229,2026-08-19T16:15:10.178766Z
coinbase,1073146232,,BTC-USD,sell,68529.22000000,0.00023149,2026-08-19T16:15:10.178766Z
coinbase,1073146231,,BTC-USD,sell,68527.97000000,0.02610925,2026-08-19T16:15:10.178766Z
coinbase,1073146230,,BTC-USD,sell,68527.97000000,0.01182438,2026-08-19T16:15:10.178545Z
coinbase,1073146229,,BTC-USD,sell,68527.96000000,0.00145982,2026-08-19T16:15:10.178545Z
coinbase,1073146228,,BTC-USD,buy,68527.27000000,0.00000001,2026-08-19T16:15:10.042416Z
coinbase,1073146227,,BTC-USD,sell,68527.99000000,0.00000001,2026-08-19T16:15:10.000391Z
coinbase,1073146226,,BTC-USD,sell,68528.00000000,0.00000001,2026-08-19T16:15:09.826039Z
coinbase,1073146225,,BTC-USD,sell,68528.01000000,0.02764765,2026-08-19T16:15:09.790261Z
coinbase,1073146224,,BTC-USD,buy,68526.17000000,0.00000007,2026-08-19T16:15:09.653263Z
coinbase,1073146223,,BTC-USD,sell,68528.02000000,0.00000001,2026-08-19T16:15:09.647013Z
coinbase,1073146222,,BTC-USD,buy,68526.17000000,0.00000019,2026-08-19T16:15:09.627186Z
coinbase,1073146221,,BTC-USD,buy,68528.00000000,0.00002189,2026-08-19T16:15:09.455079Z
coinbase,1073146220,,BTC-USD,buy,68528.04000000,0.00001700,2026-08-19T16:15:09.455079Z
coinbase,1073146219,,BTC-USD,sell,68528.05000000,0.00000001,2026-08-19T16:15:09.448578Z
coinbase,1073146218,,BTC-USD,buy,68530.21000000,0.00171202,2026-08-19T16:15:09.440270Z
coinbase,1073146217,,BTC-USD,buy,68530.00000000,0.01000000,2026-08-19T16:15:09.436882Z
coinbase,1073146216,,BTC-USD,buy,68530.21000000,0.00148000,2026-08-19T16:15:09.436882Z
coinbase,1073146215,,BTC-USD,buy,68531.26000000,0.03293701,2026-08-19T16:15:09.436037Z
coinbase,1073146214,,BTC-USD,buy,68531.26000000,0.01146299,2026-08-19T16:15:09.435953Z
coinbase,1073146213,,BTC-USD,buy,68531.26000000,0.00001700,2026-08-19T16:15:09.435953Z
coinbase,1073146212,,BTC-USD,buy,68532.92000000,0.02476286,2026-08-19T16:15:09.310075Z
coinbase,1073146211,,BTC-USD,buy,68533.08000000,0.02536202,2026-08-19T16:15:09.306403Z
coinbase,1073146210,,BTC-USD,buy,68534.48000000,0.00001700,2026-08-19T16:15:09.296327Z
coinbase,1073146209,,BTC-USD,buy,68535.00000000,0.01000000,2026-08-19T16:15:09.296327Z
coinbase,1073146208,,BTC-USD,buy,68537.70000000,0.00001700,2026-08-19T16:15:09.291598Z
coinbase,1073146207,,BTC-USD,buy,68539.27000000,0.00004581,2026-08-19T16:15:09.291598Z
coinbase,1073146206,,BTC-USD,buy,68541.04000000,0.03479199,2026-08-19T16:15:09.285754Z
coinbase,1073146205,,BTC-USD,buy,68541.56000000,0.03724227,2026-08-19T16:15:09.285754Z
coinbase,1073146204,,BTC-USD,buy,68541.56000000,0.00474049,2026-08-19T16:15:09.285754Z
coinbase,1073146203,,BTC-USD,sell,68541.57000000,0.00000001,2026-08-19T16:15:09.215136Z
coinbase,1073146202,,BTC-USD,buy,68545.37000000,0.04440000,2026-08-19T16:15:09.185008Z
coinbase,1073146201,,BTC-USD,buy,68545.37000000,0.00106928,2026-08-19T16:15:09.185008Z
coinbase,1073146200,,BTC-USD,sell,68545.38000000,0.00000001,2026-08-19T16:15:09.053283Z
coinbase,1073146199,,BTC-USD,buy,68545.37000000,0.00002491,2026-08-19T16:15:08.912205Z
coinbase,1073146198,,BTC-USD,sell,68545.38000000,0.00000001,2026-08-19T16:15:08.816126Z
coinbase,1073146197,,BTC-USD,sell,68541.57000000,0.00000001,2026-08-19T16:15:08.622674Z
coinbase,1073146196,,BTC-USD,buy,68541.56000000,0.00000013,2026-08-19T16:15:08.492127Z
coinbase,1073146195,,BTC-USD,sell,68541.57000000,0.00000001,2026-08-19T16:15:08.429561Z
coinbase,1073146194,,BTC-USD,buy,68541.56000000,0.01473434,2026-08-19T16:15:08.401983Z
coinbase,1073146193,,BTC-USD,buy,68545.91000000,0.00109415,2026-08-19T16:15:08.344116Z
coinbase,1073146192,,BTC-USD,buy,68545.91000000,0.00015820,2026-08-19T16:15:08.344116Z
coinbase,1073146191,,BTC-USD,buy,68545.91000000,0.00015516,2026-08-19T16:15:08.342054Z
coinbase,1073146190,,BTC-USD,buy,68545.91000000,0.00026844,2026-08-19T16:15:08.341758Z
coinbase,1073146189,,BTC-USD,buy,68545.91000000,0.00126692,2026-08-19T16:15:08.341604Z
coinbase,1073146188,,BTC-USD,buy,68545.91000000,0.00138765,2026-08-19T16:15:08.340070Z
coinbase,1073146187,,BTC-USD,buy,68545.91000000,0.00091612,2026-08-19T16:15:08.339980Z
coinbase,1073146186,,BTC-USD,buy,68545.91000000,0.00109415,2026-08-19T16:15:08.338186Z
coinbase,1073146185,,BTC-USD,buy,68545.91000000,0.00088063,2026-08-19T16:15:08.337205Z
coinbase,1073146184,,BTC-USD,buy,68545.91000000,0.00017803,2026-08-19T16:15:08.336292Z
coinbase,1073146183,,BTC-USD,buy,68545.91000000,0.00021352,2026-08-19T16:15:08.333589Z
coinbase,1073146182,,BTC-USD,buy,68545.91000000,0.00019996,2026-08-19T16:15:08.332905Z
coinbase,1073146181,,BTC-USD,buy,68545.91000000,0.00050264,2026-08-19T16:15:08.332795Z
coinbase,1073146180,,BTC-USD,buy,68545.91000000,0.00001414,2026-08-19T16:15:08.332795Z
coinbase,1073146179,,BTC-USD,buy,68545.91000000,0.00046786,2026-08-19T16:15:08.332781Z
coinbase,1073146178,,BTC-USD,buy,68545.91000000,0.00015776,2026-08-19T16:15:08.332129Z
coinbase,1073146177,,BTC-USD,buy,68545.91000000,0.00075987,2026-08-19T16:15:08.331587Z
coinbase,1073146176,,BTC-USD,buy,68545.91000000,0.00054433,2026-08-19T16:15:08.330740Z
coinbase,1073146175,,BTC-USD,buy,68545.91000000,0.00016590,2026-08-19T16:15:08.330402Z
coinbase,1073146174,,BTC-USD,buy,68545.91000000,0.00401741,2026-08-19T16:15:08.330210Z
coinbase,1073146173,,BTC-USD,buy,68545.91000000,0.00721107,2026-08-19T16:15:08.330210Z
coinbase,1073146172,,BTC-USD,buy,68545.91000000,0.00025612,2026-08-19T16:15:08.329813Z
coinbase,1073146171,,BTC-USD,buy,68545.91000000,0.00021739,2026-08-19T16:15:08.329515Z
coinbase,1073146170,,BTC-USD,buy,68545.91000000,0.00053292,2026-08-19T16:15:08.328562Z
coinbase,1073146169,,BTC-USD,buy,68545.91000000,0.00060629,2026-08-19T16:15:08.327563Z
coinbase,1073146168,,BTC-USD,buy,68545.91000000,0.00750478,2026-08-19T16:15:08.326777Z
coinbase,1073146167,,BTC-USD,buy,68545.91000000,0.00014167,2026-08-19T16:15:08.324012Z
coinbase,1073146166,,BTC-USD,buy,68545.91000000,0.00005588,2026-08-19T16:15:08.324012Z
coinbase,1073146165,,BTC-USD,buy,68545.91000000,0.00025976,2026-08-19T16:15:08.323742Z
coinbase,1073146164,,BTC-USD,buy,68545.91000000,0.00039555,2026-08-19T16:15:08.323164Z
coinbase,1073146163,,BTC-USD,buy,68545.91000000,0.00018491,2026-08-19T16:15:08.323031Z
coinbase,1073146162,,BTC-USD,buy,68545.91000000,0.04350390,2026-08-19T16:15:08.322605Z
coinbase,1073146161,,BTC-USD,buy,68545.91000000,0.00109415,2026-08-19T16:15:08.322605Z
coinbase,1073146160,,BTC-USD,buy,68545.91000000,0.08039160,2026-08-19T16:15:08.322605Z
coinbase,1073146159,,BTC-USD,buy,68545.91000000,0.00612727,2026-08-19T16:15:08.322605Z
coinbase,1073146158,,BTC-USD,buy,68545.91000000,0.03000000,2026-08-19T16:15:08.322605Z
coinbase,1073146157,,BTC-USD,sell,68545.92000000,0.00000001,2026-08-19T16:15:08.183436Z
coinbase,1073146156,,BTC-USD,buy,68545.91000000,0.00000006,2026-08-19T16:15:08.166953Z
coinbase,1073146155,,BTC-USD,sell,68545.92000000,0.00000001,2026-08-19T16:15:07.958901Z
coinbase,1073146154,,BTC-USD,buy,68542.52000000,0.17428519,2026-08-19T16:15:07.917192Z
coinbase,1073146153,,BTC-USD,buy,68542.86000000,0.00765899,2026-08-19T16:15:07.917192Z
coinbase,1073146152,,BTC-USD,buy,68542.88000000,0.17428519,2026-08-19T16:15:07.917192Z
coinbase,1073146151,,BTC-USD,buy,68542.89000000,0.21120758,2026-08-19T16:15:07.917192Z
coinbase,1073146150,,BTC-USD,buy,68545.17000000,0.00612719,2026-08-19T16:15:07.917192Z
coinbase,1073146149,,BTC-USD,buy,68546.89000000,0.00612719,2026-08-19T16:15:07.917192Z
coinbase,1073146148,,BTC-USD,buy,68546.89000000,0.04440000,2026-08-19T16:15:07.917192Z
coinbase,1073146147,,BTC-USD,buy,68546.89000000,0.04060023,2026-08-19T16:15:07.917192Z
coinbase,1073146146,,BTC-USD,buy,68546.89000000,0.00109414,2026-08-19T16:15:07.917192Z
coinbase,1073146145,,BTC-USD,buy,68546.89000000,0.07261882,2026-08-19T16:15:07.917192Z
coinbase,1073146144,,BTC-USD,buy,68546.89000000,0.00000001,2026-08-19T16:15:07.786755Z
coinbase,1073146143,,BTC-USD,sell,68546.90000000,0.00000001,2026-08-19T16:15:07.785872Z
coinbase,1073146142,,BTC-USD,buy,68542.87000000,0.00244782,2026-08-19T16:15:07.503052Z
coinbase,1073146141,,BTC-USD,buy,68544.38000000,0.07261883,2026-08-19T16:15:07.503052Z
coinbase,1073146140,,BTC-USD,buy,68545.18000000,0.00612719,2026-08-19T16:15:07.503052Z
coinbase,1073146139,,BTC-USD,buy,68546.89000000,0.00612719,2026-08-19T16:15:07.503052Z
coinbase,1073146138,,BTC-USD,buy,68546.89000000,0.00109406,2026-08-19T16:15:07.503052Z
coinbase,1073146137,,BTC-USD,buy,68546.89000000,0.00000008,2026-08-19T16:15:07.400290Z
coinbase,1073146136,,BTC-USD,buy,68546.90000000,0.00490586,2026-08-19T16:15:07.391258Z
coinbase,1073146135,,BTC-USD,buy,68546.90000000,0.00109414,2026-08-19T16:15:07.391258Z
coinbase,1073146134,,BTC-USD,buy,68544.63000000,0.00000006,2026-08-19T16:15:07.218340Z
coinbase,1073146133,,BTC-USD,buy,68547.35000000,0.00000708,2026-08-19T16:15:07.158906Z
coinbase,1073146132,,BTC-USD,buy,68547.35000000,0.00043300,2026-08-19T16:15:07.158598Z
coinbase,1073146131,,BTC-USD,buy,68547.35000000,0.00065406,2026-08-19T16:15:07.158316Z
coinbase,1073146130,,BTC-USD,sell,68547.36000000,0.00720446,2026-08-19T16:15:07.156801Z
coinbase,1073146129,,BTC-USD,sell,68547.36000000,0.00001691,2026-08-19T16:15:07.156801Z
coinbase,1073146128,,BTC-USD,buy,68542.51000000,0.00100605,2026-08-19T16:15:07.155638Z
coinbase,1073146127,,BTC-USD,buy,68545.03000000,0.00004499,2026-08-19T16:15:07.155638Z
coinbase,1073146126,,BTC-USD,buy,68547.35000000,0.00354767,2026-08-19T16:15:07.155638Z
coinbase,1073146125,,BTC-USD,buy,68547.35000000,0.00109413,2026-08-19T16:15:07.155262Z
coinbase,1073146124,,BTC-USD,buy,68547.35000000,0.00036831,2026-08-19T16:15:07.153742Z
coinbase,1073146123,,BTC-USD,buy,68547.35000000,0.00111704,2026-08-19T16:15:07.153625Z
coinbase,1073146122,,BTC-USD,buy,68547.35000000,0.00109413,2026-08-19T16:15:07.153625Z
coinbase,1073146121,,BTC-USD,buy,68547.35000000,0.00116241,2026-08-19T16:15:07.150135Z
coinbase,1073146120,,BTC-USD,buy,68547.35000000,0.00140785,2026-08-19T16:15:07.148573Z
coinbase,1073146119,,BTC-USD,buy,68547.35000000,0.00109413,2026-08-19T16:15:07.148098Z
coinbase,1073146118,,BTC-USD,buy,68547.35000000,0.00246276,2026-08-19T16:15:07.146768Z
coinbase,1073146117,,BTC-USD,buy,68547.35000000,0.00026079,2026-08-19T16:15:07.146768Z
coinbase,1073146116,,BTC-USD,buy,68547.35000000,0.00083334,2026-08-19T16:15:07.141606Z
coinbase,1073146115,,BTC-USD,buy,68547.35000000,0.00219979,2026-08-19T16:15:07.141606Z
coinbase,1073146114,,BTC-USD,buy,68547.35000000,0.00111938,2026-08-19T16:15:07.137165Z
coinbase,1073146113,,BTC-USD,buy,68547.35000000,0.00125465,2026-08-19T16:15:07.135879Z
coinbase,1073146112,,BTC-USD,buy,68547.35000000,0.00155333,2026-08-19T16:15:07.133643Z
coinbase,1073146111,,BTC-USD,buy,68547.35000000,0.00028955,2026-08-19T16:15:07.133643Z
coinbase,1073146110,,BTC-USD,buy,68547.35000000,0.00056047,2026-08-19T16:15:07.131210Z
coinbase,1073146109,,BTC-USD,buy,68547.35000000,0.00024411,2026-08-19T16:15:07.130575Z
coinbase,1073146108,,BTC-USD,buy,68547.35000000,0.00086461,2026-08-19T16:15:07.130575Z
coinbase,1073146107,,BTC-USD,buy,68547.35000000,0.00077415,2026-08-19T16:15:07.129586Z
coinbase,1073146106,,BTC-USD,buy,68547.35000000,0.00069604,2026-08-19T16:15:07.127891Z
coinbase,1073146105,,BTC-USD,buy,68547.35000000,0.00048368,2026-08-19T16:15:07.127269Z
coinbase,1073146104,,BTC-USD,buy,68547.35000000,0.00080273,2026-08-19T16:15:07.126433Z
coinbase,1073146103,,BTC-USD,buy,68547.35000000,0.01330993,2026-08-19T16:15:07.125719Z
coinbase,1073146102,,BTC-USD,buy,68547.35000000,0.00000030,2026-08-19T16:15:07.123533Z
coinbase,1073146101,,BTC-USD,buy,68547.35000000,0.00030928,2026-08-19T16:15:07.117535Z
coinbase,1073146100,,BTC-USD,buy,68547.35000000,0.00052227,2026-08-19T16:15:07.117335Z
coinbase,1073146099,,BTC-USD,buy,68547.35000000,0.00250285,2026-08-19T16:15:07.117061Z
coinbase,1073146098,,BTC-USD,buy,68547.35000000,0.01949559,2026-08-19T16:15:07.111669Z
coinbase,1073146097,,BTC-USD,buy,68547.35000000,0.00085295,2026-08-19T16:15:07.109259Z
coinbase,1073146096,,BTC-USD,buy,68547.35000000,0.00401549,2026-08-19T16:15:07.108153Z
coinbase,1073146095,,BTC-USD,buy,68547.35000000,0.00825924,2026-08-19T16:15:07.108007Z
coinbase,1073146094,,BTC-USD,buy,68547.35000000,0.02077168,2026-08-19T16:15:07.107752Z
coinbase,1073146093,,BTC-USD,buy,68547.35000000,0.04378410,2026-08-19T16:15:07.107752Z
coinbase,1073146092,,BTC-USD,buy,68547.35000000,0.01509362,2026-08-19T16:15:07.107752Z
coinbase,1073146091,,BTC-USD,buy,68547.35000000,0.01807963,2026-08-19T16:15:07.107752Z
coinbase,1073146090,,BTC-USD,buy,68547.35000000,0.04440000,2026-08-19T16:15:07.107752Z
coinbase,1073146089,,BTC-USD,buy,68547.35000000,0.00612715,2026-08-19T16:15:07.107752Z
coinbase,1073146088,,BTC-USD,buy,68547.35000000,0.00109413,2026-08-19T16:15:07.107752Z
coinbase,1073146087,,BTC-USD,buy,68547.35000000,0.00029472,2026-08-19T16:15:06.863743Z
coinbase,1073146086,,BTC-USD,sell,68547.36000000,0.00000001,2026-08-19T16:15:06.373346Z
coinbase,1073146085,,BTC-USD,buy,68547.35000000,0.00000009,2026-08-19T16:15:06.368554Z
coinbase,1073146084,,BTC-USD,sell,68547.36000000,0.00000001,2026-08-19T16:15:06.193808Z
coinbase,1073146083,,BTC-USD,sell,68547.36000000,0.00000001,2026-08-19T16:15:05.980579Z
coinbase,1073146082,,BTC-USD,buy,68547.35000000,0.00000014,2026-08-19T16:15:05.912549Z
coinbase,1073146081,,BTC-USD,buy,68547.35000000,0.00002159,2026-08-19T16:15:05.899919Z
coinbase,1073146080,,BTC-USD,sell,68547.36000000,0.00000001,2026-08-19T16:15:05.807106Z
coinbase,1073146079,,BTC-USD,buy,68547.35000000,0.00000002,2026-08-19T16:15:05.803509Z
coinbase,1073146078,,BTC-USD,sell,68547.36000000,0.00000001,2026-08-19T16:15:05.698667Z
coinbase,1073146077,,BTC-USD,buy,68546.00000000,0.65451839,2026-08-19T16:15:05.681181Z
coinbase,1073146076,,BTC-USD,buy,68546.01000000,0.89981110,2026-08-19T16:15:05.681181Z
coinbase,1073146075,,BTC-USD,buy,68546.01000000,0.17428519,2026-08-19T16:15:05.681181Z
coinbase,1073146074,,BTC-USD,buy,68546.01000000,0.06302403,2026-08-19T16:15:05.681181Z
coinbase,1073146073,,BTC-USD,buy,68546.54000000,0.00603365,2026-08-19T16:15:05.681181Z
coinbase,1073146072,,BTC-USD,buy,68547.35000000,0.00109413,2026-08-19T16:15:05.681181Z
coinbase,1073146071,,BTC-USD,buy,68547.35000000,0.08226060,2026-08-19T16:15:05.681181Z
coinbase,1073146070,,BTC-USD,buy,68547.35000000,0.00612715,2026-08-19T16:15:05.681181Z
coinbase,1073146069,,BTC-USD,buy,68547.35000000,0.04640585,2026-08-19T16:15:05.681181Z
coinbase,1073146068,,BTC-USD,buy,68547.35000000,0.00002918,2026-08-19T16:15:05.681181Z
coinbase,1073146067,,BTC-USD,buy,68547.35000000,0.17428519,2026-08-19T16:15:05.681181Z
coinbase,1073146066,,BTC-USD,buy,68547.35000000,0.05080000,2026-08-19T16:15:05.681181Z
coinbase,1073146065,,BTC-USD,sell,68547.36000000,0.00000001,2026-08-19T16:15:05.566226Z
coinbase,1073146064,,BTC-USD,buy,68547.35000000,0.00000001,2026-08-19T16:15:05.514290Z
coinbase,1073146063,,BTC-USD,buy,68547.35000000,0.00006883,2026-08-19T16:15:05.287977Z
coinbase,1073146062,,BTC-USD,buy,68547.35000000,0.00368481,2026-08-19T16:15:05.276325Z
coinbase,1073146061,,BTC-USD,sell,68547.36000000,0.00000001,2026-08-19T16:15:05.255380Z
coinbase,1073146060,,BTC-USD,sell,68547.36000000,0.00000001,2026-08-19T16:15:05.187966Z
coinbase,1073146059,,BTC-USD,buy,68547.35000000,0.00000004,2026-08-19T16:15:05.139081Z
coinbase,1073146058,,BTC-USD,sell,68547.36000000,0.00000001,2026-08-19T16:15:05.083977Z
coinbase,1073146057,,BTC-USD,sell,68546.55000000,0.00000001,2026-08-19T16:15:04.776576Z
coinbase,1073146056,,BTC-USD,buy,68546.54000000,0.00000015,2026-08-19T16:15:04.708463Z
coinbase,1073146055,,BTC-USD,buy,68546.54000000,0.00000009,2026-08-19T16:15:04.518302Z
coinbase,1073146054,,BTC-USD,sell,68546.55000000,0.00000001,2026-08-19T16:15:04.441297Z
coinbase,1073146053,,BTC-USD,buy,68546.54000000,0.00000173,2026-08-19T16:15:04.237660Z
coinbase,1073146052,,BTC-USD,sell,68546.55000000,0.00000001,2026-08-19T16:15:04.171630Z
coinbase,1073146051,,BTC-USD,buy,68546.54000000,0.00000016,2026-08-19T16:15:04.063958Z
coinbase,1073146050,,BTC-USD,buy,68546.54000000,0.01131557,2026-08-19T16:15:03.992295Z
coinbase,1073146049,,BTC-USD,buy,68546.54000000,0.00612722,2026-08-19T16:15:03.992295Z
coinbase,1073146048,,BTC-USD,sell,68546.55000000,0.00000001,2026-08-19T16:15:03.984804Z
coinbase,1073146047,,BTC-USD,sell,68546.55000000,0.00000001,2026-08-19T16:15:03.775125Z
coinbase,1073146046,,BTC-USD,sell,68546.55000000,0.00000001,2026-08-19T16:15:03.589101Z
coinbase,1073146045,,BTC-USD,buy,68546.54000000,0.00000007,2026-08-19T16:15:03.438156Z
coinbase,1073146044,,BTC-USD,buy,68546.54000000,0.00000009,2026-08-19T16:15:03.316140Z
coinbase,1073146043,,BTC-USD,buy,68539.88000000,0.12330657,2026-08-19T16:15:03.192405Z
coinbase,1073146042,,BTC-USD,buy,68541.76000000,0.00612732,2026-08-19T16:15:03.192405Z
coinbase,1073146041,,BTC-USD,buy,68543.48000000,0.00612732,2026-08-19T16:15:03.192405Z
coinbase,1073146040,,BTC-USD,buy,68543.49000000,0.07261883,2026-08-19T16:15:03.192405Z
coinbase,1073146039,,BTC-USD,buy,68544.77000000,0.46474307,2026-08-19T16:15:03.192405Z
coinbase,1073146038,,BTC-USD,buy,68544.80000000,0.17428519,2026-08-19T16:15:03.192405Z
coinbase,1073146037,,BTC-USD,buy,68545.04000000,0.17428519,2026-08-19T16:15:03.192405Z
coinbase,1073146036,,BTC-USD,buy,68543.47000000,0.00000009,2026-08-19T16:15:03.063614Z
coinbase,1073146035,,BTC-USD,buy,68539.24000000,0.00000027,2026-08-19T16:15:02.358925Z
coinbase,1073146034,,BTC-USD,buy,68538.24000000,0.00000001,2026-08-19T16:15:02.281872Z
coinbase,1073146033,,BTC-USD,buy,68538.24000000,0.00000006,2026-08-19T16:15:02.256571Z
coinbase,1073146032,,BTC-USD,buy,68543.22000000,0.00612726,2026-08-19T16:15:02.064122Z
coinbase,1073146031,,BTC-USD,buy,68544.14000000,0.00001700,2026-08-19T16:15:02.064122Z
coinbase,1073146030,,BTC-USD,buy,68547.24000000,0.00612693,2026-08-19T16:15:02.033770Z
coinbase,1073146029,,BTC-USD,buy,68548.64000000,0.00291969,2026-08-19T16:15:02.025891Z
coinbase,1073146028,,BTC-USD,buy,68548.95000000,0.00322685,2026-08-19T16:15:02.025589Z
coinbase,1073146027,,BTC-USD,buy,68548.95000000,0.00290000,2026-08-19T16:15:02.022487Z
coinbase,1073146026,,BTC-USD,buy,68550.17000000,0.01270000,2026-08-19T16:15:02.022433Z
coinbase,1073146025,,BTC-USD,buy,68550.67000000,0.03896436,2026-08-19T16:15:02.022433Z
coinbase,1073146024,,BTC-USD,buy,68550.67000000,0.00610000,2026-08-19T16:15:02.022273Z
coinbase,1073146023,,BTC-USD,buy,68550.67000000,0.00000006,2026-08-19T16:15:01.982316Z
coinbase,1073146022,,BTC-USD,buy,68553.08000000,0.00836008,2026-08-19T16:15:01.827101Z
coinbase,1073146021,,BTC-USD,sell,68553.09000000,0.00000001,2026-08-19T16:15:01.684358Z
coinbase,1073146020,,BTC-USD,sell,68553.09000000,0.00000001,2026-08-19T16:15:01.546784Z
coinbase,1073146019,,BTC-USD,sell,68553.09000000,0.00200000,2026-08-19T16:15:01.505596Z
coinbase,1073146018,,BTC-USD,sell,68553.09000000,0.00547144,2026-08-19T16:15:01.376521Z
coinbase,1073146017,,BTC-USD,sell,68553.09000000,0.00000001,2026-08-19T16:15:01.344077Z
coinbase,1073146016,,BTC-USD,buy,68548.59000000,0.00000010,2026-08-19T16:15:01.186155Z
coinbase,1073146015,,BTC-USD,buy,68546.81000000,0.00000012,2026-08-19T16:15:01.075157Z
coinbase,1073146014,,BTC-USD,sell,68549.47000000,0.04399780,2026-08-19T16:15:00.982757Z
coinbase,1073146013,,BTC-USD,sell,68549.46000000,0.17428519,2026-08-19T16:15:00.982757Z
coinbase,1073146012,,BTC-USD,sell,68548.44000000,0.01002900,2026-08-19T16:15:00.982757Z
coinbase,1073146011,,BTC-USD,sell,68545.36000000,0.46474307,2026-08-19T16:15:00.982757Z
coinbase,1073146010,,BTC-USD,sell,68545.19000000,0.01331000,2026-08-19T16:15:00.982757Z
coinbase,1073146009,,BTC-USD,sell,68545.19000000,0.00145985,2026-08-19T16:15:00.982757Z
coinbase,1073146008,,BTC-USD,sell,68543.79000000,0.17710000,2026-08-19T16:15:00.982757Z
coinbase,1073146007,,BTC-USD,sell,68540.35000000,0.00109446,2026-08-19T16:15:00.982757Z
coinbase,1073146006,,BTC-USD,sell,68537.70000000,0.00001700,2026-08-19T16:15:00.982757Z
coinbase,1073146005,,BTC-USD,sell,68534.10000000,0.00766087,2026-08-19T16:15:00.982757Z
coinbase,1073146004,,BTC-USD,sell,68531.79000000,0.00612869,2026-08-19T16:15:00.982757Z
coinbase,1073146003,,BTC-USD,sell,68530.07000000,0.01273765,2026-08-19T16:15:00.982757Z
coinbase,1073146002,,BTC-USD,sell,68530.07000000,0.01693956,2026-08-19T16:15:00.982757Z
coinbase,1073146001,,BTC-USD,sell,68530.07000000,0.00000001,2026-08-19T16:15:00.922491Z
coinbase,1073146000,,BTC-USD,buy,68530.06000000,0.00000003,2026-08-19T16:15:00.908039Z
coinbase,1073145999,,BTC-USD,sell,68530.07000000,0.01693958,2026-08-19T16:15:00.903300Z
coinbase,1073145998,,BTC-USD,sell,68531.81000000,0.00476144,2026-08-19T16:15:00.896516Z
coinbase,1073145997,,BTC-USD,sell,68531.81000000,0.02135471,2026-08-19T16:15:00.896513Z
coinbase,1073145996,,BTC-USD,sell,68531.81000000,0.04400000,2026-08-19T16:15:00.894640Z
coinbase,1073145995,,BTC-USD,sell,68531.81000000,0.10416904,2026-08-19T16:15:00.894384Z
coinbase,1073145994,,BTC-USD,sell,68530.07000000,0.01693968,2026-08-19T16:15:00.894384Z
coinbase,1073145993,,BTC-USD,sell,68537.31000000,0.00116000,2026-08-19T16:15:00.889130Z
coinbase,1073145992,,BTC-USD,sell,68555.99000000,0.03108811,2026-08-19T16:15:00.888662Z
coinbase,1073145991,,BTC-USD,sell,68554.90000000,0.06634649,2026-08-19T16:15:00.888662Z
coinbase,1073145990,,BTC-USD,sell,68554.30000000,0.14586977,2026-08-19T16:15:00.888662Z
coinbase,1073145989,,BTC-USD,sell,68553.80000000,0.00001700,2026-08-19T16:15:00.888662Z
coinbase,1073145988,,BTC-USD,sell,68553.67000000,0.07261883,2026-08-19T16:15:00.888662Z
coinbase,1073145987,,BTC-USD,sell,68553.57000000,0.00147742,2026-08-19T16:15:00.888662Z
coinbase,1073145986,,BTC-USD,sell,68553.56000000,0.00729039,2026-08-19T16:15:00.888662Z
coinbase,1073145985,,BTC-USD,sell,68552.40000000,0.10267316,2026-08-19T16:15:00.888662Z
coinbase,1073145984,,BTC-USD,sell,68541.30000000,0.07261883,2026-08-19T16:15:00.888662Z
coinbase,1073145983,,BTC-USD,sell,68552.40000000,0.07858792,2026-08-19T16:15:00.888432Z
coinbase,1073145982,,BTC-USD,sell,68550.94000000,0.17428519,2026-08-19T16:15:00.888432Z
coinbase,1073145981,,BTC-USD,sell,68550.58000000,0.00001700,2026-08-19T16:15:00.888432Z
coinbase,1073145980,,BTC-USD,sell,68550.54000000,0.00002189,2026-08-19T16:15:00.888432Z
coinbase,1073145979,,BTC-USD,sell,68550.47000000,0.04000000,2026-08-19T16:15:00.888432Z
coinbase,1073145978,,BTC-USD,sell,68550.47000000,0.02000000,2026-08-19T16:15:00.888432Z
coinbase,1073145977,,BTC-USD,sell,68549.21000000,0.00998800,2026-08-19T16:15:00.888432Z
coinbase,1073145976,,BTC-USD,sell,68548.90000000,0.17710000,2026-08-19T16:15:00.888432Z
coinbase,1073145975,,BTC-USD,sell,68548.35000000,0.00895654,2026-08-19T16:15:00.888301Z
coinbase,1073145974,,BTC-USD,sell,68548.18000000,0.07261883,2026-08-19T16:15:00.888301Z
coinbase,1073145973,,BTC-USD,sell,68547.36000000,0.00001700,2026-08-19T16:15:00.888301Z
coinbase,1073145972,,BTC-USD,sell,68546.18000000,0.02960225,2026-08-19T16:15:00.888301Z
coinbase,1073145971,,BTC-USD,sell,68545.21000000,0.07070735,2026-08-19T16:15:00.888301Z
coinbase,1073145970,,BTC-USD,sell,68545.20000000,0.18633060,2026-08-19T16:15:00.888301Z
coinbase,1073145969,,BTC-USD,sell,68544.14000000,0.00001700,2026-08-19T16:15:00.888301Z
coinbase,1073145968,,BTC-USD,sell,68544.03000000,0.02000000,2026-08-19T16:15:00.888301Z
coinbase,1073145967,,BTC-USD,sell,68544.03000000,0.01171856,2026-08-19T16:15:00.888301Z
coinbase,1073145966,,BTC-USD,sell,68544.03000000,0.00003187,2026-08-19T16:15:00.887857Z
coinbase,1073145965,,BTC-USD,sell,68544.03000000,0.02824957,2026-08-19T16:15:00.884519Z
coinbase,1073145964,,BTC-USD,sell,68544.03000000,0.08000000,2026-08-19T16:15:00.884519Z
coinbase,1073145963,,BTC-USD,sell,68542.82000000,0.17428519,2026-08-19T16:15:00.884519Z
coinbase,1073145962,,BTC-USD,sell,68542.36000000,0.07261883,2026-08-19T16:15:00.884519Z
coinbase,1073145961,,BTC-USD,sell,68540.92000000,0.00001700,2026-08-19T16:15:00.884519Z
coinbase,1073145960,,BTC-USD,sell,68540.85000000,0.17710000,2026-08-19T16:15:00.884519Z
coinbase,1073145959,,BTC-USD,sell,68540.56000000,0.00006866,2026-08-19T16:15:00.884519Z
coinbase,1073145958,,BTC-USD,sell,68539.70000000,0.00109439,2026-08-19T16:15:00.884519Z
coinbase,1073145957,,BTC-USD,sell,68537.70000000,0.00001700,2026-08-19T16:15:00.884519Z
coinbase,1073145956,,BTC-USD,sell,68537.32000000,0.17428519,2026-08-19T16:15:00.884519Z
coinbase,1073145955,,BTC-USD,sell,68535.28000000,0.04697709,2026-08-19T16:15:00.884519Z
coinbase,1073145954,,BTC-USD,sell,68534.48000000,0.00001700,2026-08-19T16:15:00.884519Z
coinbase,1073145953,,BTC-USD,sell,68534.25000000,0.04697709,2026-08-19T16:15:00.884519Z
coinbase,1073145952,,BTC-USD,sell,68532.88000000,0.00145964,2026-08-19T16:15:00.884519Z
coinbase,1073145951,,BTC-USD,sell,68532.38000000,0.02900000,2026-08-19T16:15:00.884519Z
coinbase,1073145950,,BTC-USD,sell,68531.26000000,0.00001700,2026-08-19T16:15:00.884519Z
coinbase,1073145949,,BTC-USD,sell,68530.43000000,0.04297853,2026-08-19T16:15:00.884519Z
coinbase,1073145948,,BTC-USD,sell,68530.11000000,0.01693973,2026-08-19T16:15:00.884519Z
coinbase,1073145947,,BTC-USD,sell,68528.66000000,0.00766164,2026-08-19T16:15:00.884519Z
coinbase,1073145946,,BTC-USD,sell,68528.44000000,0.00023645,2026-08-19T16:15:00.884519Z
coinbase,1073145945,,BTC-USD,sell,68526.35000000,0.00612931,2026-08-19T16:15:00.883729Z
coinbase,1073145944,,BTC-USD,sell,68526.03000000,0.25538780,2026-08-19T16:15:00.883729Z
coinbase,1073145943,,BTC-USD,sell,68524.54000000,0.02600270,2026-08-19T16:15:00.883729Z
coinbase,1073145942,,BTC-USD,sell,68524.54000000,0.20575655,2026-08-19T16:15:00.883729Z
coinbase,1073145941,,BTC-USD,sell,68524.54000000,0.85296084,2026-08-19T16:15:00.883707Z
coinbase,1073145940,,BTC-USD,sell,68524.54000000,0.90000000,2026-08-19T16:15:00.883335Z
coinbase,1073145939,,BTC-USD,sell,68524.54000000,0.00003187,2026-08-19T16:15:00.883047Z
coinbase,1073145938,,BTC-USD,sell,68524.54000000,0.43990000,2026-08-19T16:15:00.882780Z
coinbase,1073145937,,BTC-USD,sell,68524.54000000,0.05663025,2026-08-19T16:15:00.882777Z
coinbase,1073145936,,BTC-USD,sell,68524.54000000,0.13771318,2026-08-19T16:15:00.882549Z
coinbase,1073145935,,BTC-USD,sell,68524.54000000,1.24697542,2026-08-19T16:15:00.880872Z
coinbase,1073145934,,BTC-USD,sell,68524.54000000,0.00003187,2026-08-19T16:15:00.880428Z
coinbase,1073145933,,BTC-USD,sell,68524.54000000,1.16000000,2026-08-19T16:15:00.880389Z
coinbase,1073145932,,BTC-USD,sell,68524.54000000,0.00000001,2026-08-19T16:15:00.723312Z
coinbase,1073145931,,BTC-USD,sell,68524.54000000,0.00000001,2026-08-19T16:15:00.508724Z
coinbase,1073145930,,BTC-USD,buy,68521.60000000,0.05319836,2026-08-19T16:15:00.355427Z
coinbase,1073145929,,BTC-USD,buy,68521.60000000,0.00001699,2026-08-19T16:15:00.355427Z
coinbase,1073145928,,BTC-USD,buy,68522.94000000,0.46474307,2026-08-19T16:15:00.355427Z
coinbase,1073145927,,BTC-USD,buy,68522.95000000,0.30922118,2026-08-19T16:15:00.355427Z
coinbase,1073145926,,BTC-USD,buy,68524.59000000,0.01910000,2026-08-19T16:15:00.355427Z
coinbase,1073145925,,BTC-USD,buy,68524.59000000,0.04400000,2026-08-19T16:15:00.355427Z
coinbase,1073145924,,BTC-USD,sell,68524.60000000,0.00000001,2026-08-19T16:15:00.299256Z
coinbase,1073145923,,BTC-USD,buy,68521.60000000,0.00000001,2026-08-19T16:15:00.151649Z
coinbase,1073145922,,BTC-USD,buy,68524.64000000,0.01459329,2026-08-19T16:15:00.136049Z
coinbase,1073145921,,BTC-USD,buy,68524.64000000,0.01459329,2026-08-19T16:15:00.136049Z
coinbase,1073145920,,BTC-USD,buy,68526.02000000,0.01721061,2026-08-19T16:15:00.133355Z
coinbase,1073145919,,BTC-USD,buy,68526.02000000,0.07261843,2026-08-19T16:15:00.133355Z
coinbase,1073145918,,BTC-USD,buy,68526.02000000,0.00000018,2026-08-19T16:15:00.098261Z
coinbase,1073145917,,BTC-USD,sell,68526.03000000,0.00000001,2026-08-19T16:15:00.076206Z
coinbase,1073145916,,BTC-USD,buy,68526.02000000,0.00000018,2026-08-19T16:14:59.986970Z
coinbase,1073145915,,BTC-USD,sell,68526.03000000,0.00000001,2026-08-19T16:14:59.901428Z
coinbase,1073145914,,BTC-USD,buy,68526.02000000,0.00000004,2026-08-19T16:14:59.829760Z
coinbase,1073145913,,BTC-USD,sell,68526.03000000,0.00000001,2026-08-19T16:14:59.724050Z
coinbase,1073145912,,BTC-USD,sell,68526.03000000,0.00000001,2026-08-19T16:14:59.535485Z
coinbase,1073145911,,BTC-USD,buy,68527.83000000,0.00052741,2026-08-19T16:14:59.509885Z
coinbase,1073145910,,BTC-USD,buy,68527.83000000,0.00141778,2026-08-19T16:14:59.509064Z
coinbase,1073145909,,BTC-USD,buy,68527.83000000,0.00010745,2026-08-19T16:14:59.508735Z
coinbase,1073145908,,BTC-USD,buy,68527.83000000,0.00061212,2026-08-19T16:14:59.455271Z
coinbase,1073145907,,BTC-USD,buy,68527.83000000,0.00168844,2026-08-19T16:14:59.454571Z
coinbase,1073145906,,BTC-USD,buy,68527.83000000,0.00019979,2026-08-19T16:14:59.454472Z
coinbase,1073145905,,BTC-USD,buy,68527.83000000,0.00072071,2026-08-19T16:14:59.451987Z
coinbase,1073145904,,BTC-USD,buy,68527.83000000,0.00246068,2026-08-19T16:14:59.451319Z
coinbase,1073145903,,BTC-USD,buy,68527.83000000,0.00100638,2026-08-19T16:14:59.450870Z
coinbase,1073145902,,BTC-USD,buy,68527.83000000,0.00208901,2026-08-19T16:14:59.447823Z
coinbase,1073145901,,BTC-USD,buy,68527.83000000,0.00144983,2026-08-19T16:14:59.445061Z
coinbase,1073145900,,BTC-USD,buy,68527.83000000,0.00352332,2026-08-19T16:14:59.441644Z
coinbase,1073145899,,BTC-USD,buy,68527.83000000,0.00128328,2026-08-19T16:14:59.436619Z
coinbase,1073145898,,BTC-USD,buy,68527.83000000,0.00032080,2026-08-19T16:14:59.435325Z
coinbase,1073145897,,BTC-USD,buy,68527.83000000,0.00063417,2026-08-19T16:14:59.434300Z
coinbase,1073145896,,BTC-USD,buy,68527.83000000,0.00167458,2026-08-19T16:14:59.433707Z
coinbase,1073145895,,BTC-USD,buy,68527.83000000,0.00090403,2026-08-19T16:14:59.431584Z
coinbase,1073145894,,BTC-USD,buy,68527.83000000,0.00044516,2026-08-19T16:14:59.430227Z
coinbase,1073145893,,BTC-USD,buy,68527.83000000,0.00047823,2026-08-19T16:14:59.429627Z
coinbase,1073145892,,BTC-USD,buy,68527.83000000,0.00106701,2026-08-19T16:14:59.428565Z
coinbase,1073145891,,BTC-USD,buy,68527.83000000,0.00104016,2026-08-19T16:14:59.427901Z
coinbase,1073145890,,BTC-USD,buy,68527.83000000,0.00025175,2026-08-19T16:14:59.425983Z
coinbase,1073145889,,BTC-USD,buy,68527.83000000,0.00022750,2026-08-19T16:14:59.425441Z
coinbase,1073145888,,BTC-USD,buy,68527.83000000,0.00235204,2026-08-19T16:14:59.425116Z
coinbase,1073145887,,BTC-USD,buy,68527.83000000,0.00040045,2026-08-19T16:14:59.421929Z
coinbase,1073145886,,BTC-USD,buy,68527.83000000,0.00241898,2026-08-19T16:14:59.421883Z
coinbase,1073145885,,BTC-USD,buy,68527.83000000,0.00019898,2026-08-19T16:14:59.418480Z
coinbase,1073145884,,BTC-USD,buy,68527.83000000,0.00250658,2026-08-19T16:14:59.418222Z
coinbase,1073145883,,BTC-USD,buy,68527.83000000,0.00043271,2026-08-19T16:14:59.414732Z
coinbase,1073145882,,BTC-USD,buy,68527.83000000,0.00102111,2026-08-19T16:14:59.413676Z
coinbase,1073145881,,BTC-USD,buy,68527.83000000,0.01551853,2026-08-19T16:14:59.412668Z
coinbase,1073145880,,BTC-USD,buy,68527.83000000,0.00036167,2026-08-19T16:14:59.406833Z
coinbase,1073145879,,BTC-USD,buy,68527.83000000,0.00060818,2026-08-19T16:14:59.406776Z
coinbase,1073145878,,BTC-USD,buy,68527.83000000,0.00044467,2026-08-19T16:14:59.405974Z
coinbase,1073145877,,BTC-USD,buy,68527.83000000,0.00024295,2026-08-19T16:14:59.405017Z
coinbase,1073145876,,BTC-USD,buy,68527.83000000,0.01572855,2026-08-19T16:14:59.404813Z
coinbase,1073145875,,BTC-USD,buy,68527.83000000,0.00544915,2026-08-19T16:14:59.404126Z
coinbase,1073145874,,BTC-USD,buy,68527.83000000,0.00017984,2026-08-19T16:14:59.403642Z
coinbase,1073145873,,BTC-USD,buy,68527.83000000,0.00020270,2026-08-19T16:14:59.403166Z
coinbase,1073145872,,BTC-USD,buy,68527.83000000,0.00042215,2026-08-19T16:14:59.403068Z
coinbase,1073145871,,BTC-USD,buy,68528.27000000,0.00646180,2026-08-19T16:14:59.396495Z
coinbase,1073145870,,BTC-USD,buy,68528.27000000,0.00015747,2026-08-19T16:14:59.396303Z
coinbase,1073145869,,BTC-USD,buy,68528.27000000,0.00472889,2026-08-19T16:14:59.395946Z
coinbase,1073145868,,BTC-USD,buy,68528.27000000,0.00775184,2026-08-19T16:14:59.395939Z
coinbase,1073145867,,BTC-USD,buy,68528.27000000,0.00284203,2026-08-19T16:14:59.395939Z
coinbase,1073145866,,BTC-USD,buy,68528.27000000,0.00435787,2026-08-19T16:14:59.395379Z
coinbase,1073145865,,BTC-USD,buy,68528.27000000,0.00077379,2026-08-19T16:14:59.394809Z
coinbase,1073145864,,BTC-USD,buy,68528.27000000,0.00070848,2026-08-19T16:14:59.393746Z
coinbase,1073145863,,BTC-USD,buy,68528.27000000,0.00015333,2026-08-19T16:14:59.393743Z
coinbase,1073145862,,BTC-USD,buy,68528.27000000,0.00775307,2026-08-19T16:14:59.392583Z
coinbase,1073145861,,BTC-USD,buy,68528.27000000,0.00167237,2026-08-19T16:14:59.382309Z
coinbase,1073145860,,BTC-USD,buy,68528.27000000,0.07607990,2026-08-19T16:14:59.382309Z
coinbase,1073145859,,BTC-USD,buy,68528.27000000,0.07261865,2026-08-19T16:14:59.382309Z
coinbase,1073145858,,BTC-USD,sell,68528.28000000,0.00000001,2026-08-19T16:14:59.309350Z
coinbase,1073145857,,BTC-USD,sell,68528.32000000,0.00000001,2026-08-19T16:14:59.081781Z
coinbase,1073145856,,BTC-USD,sell,68528.43000000,0.00000001,2026-08-19T16:14:58.909688Z
coinbase,1073145855,,BTC-USD,buy,68528.27000000,0.00000018,2026-08-19T16:14:58.835401Z
coinbase,1073145854,,BTC-USD,sell,68528.56000000,0.00550804,2026-08-19T16:14:58.498063Z
coinbase,1073145853,,BTC-USD,buy,68524.61000000,0.26627929,2026-08-19T16:14:58.141665Z
coinbase,1073145852,,BTC-USD,buy,68524.82000000,0.00001700,2026-08-19T16:14:58.141665Z
coinbase,1073145851,,BTC-USD,buy,68525.00000000,0.01000000,2026-08-19T16:14:58.141665Z
coinbase,1073145850,,BTC-USD,buy,68528.26000000,0.03309867,2026-08-19T16:14:58.141665Z
coinbase,1073145849,,BTC-USD,buy,68528.26000000,0.04688298,2026-08-19T16:14:58.141665Z
coinbase,1073145848,,BTC-USD,buy,68528.26000000,0.00004596,2026-08-19T16:14:58.141665Z
coinbase,1073145847,,BTC-USD,buy,68528.26000000,0.00002919,2026-08-19T16:14:58.141665Z
coinbase,1073145846,,BTC-USD,buy,68528.26000000,0.02331776,2026-08-19T16:14:58.141665Z
coinbase,1073145845,,BTC-USD,buy,68528.26000000,0.06610349,2026-08-19T16:14:58.141665Z
coinbase,1073145844,,BTC-USD,buy,68528.26000000,0.46444749,2026-08-19T16:14:58.141665Z
coinbase,1073145843,,BTC-USD,buy,68528.70000000,0.01910000,2026-08-19T16:14:58.141665Z
coinbase,1073145842,,BTC-USD,buy,68528.70000000,0.07261883,2026-08-19T16:14:58.141665Z
coinbase,1073145841,,BTC-USD,sell,68528.71000000,0.01444207,2026-08-19T16:14:58.065560Z
coinbase,1073145840,,BTC-USD,buy,68528.26000000,0.00029535,2026-08-19T16:14:57.913983Z
coinbase,1073145839,,BTC-USD,buy,68528.26000000,0.00000001,2026-08-19T16:14:57.806124Z
coinbase,1073145838,,BTC-USD,buy,68528.26000000,0.00000005,2026-08-19T16:14:57.751437Z
coinbase,1073145837,,BTC-USD,buy,68528.26000000,0.00000002,2026-08-19T16:14:57.721747Z
coinbase,1073145836,,BTC-USD,sell,68528.93000000,0.00000014,2026-08-19T16:14:57.611945Z
coinbase,1073145835,,BTC-USD,buy,68528.26000000,0.00000015,2026-08-19T16:14:57.515252Z
coinbase,1073145834,,BTC-USD,sell,68529.01000000,0.00000001,2026-08-19T16:14:57.493246Z
coinbase,1073145833,,BTC-USD,sell,68529.05000000,0.00000001,2026-08-19T16:14:57.316821Z
coinbase,1073145832,,BTC-USD,sell,68529.16000000,0.00000001,2026-08-19T16:14:57.119502Z
coinbase,1073145831,,BTC-USD,sell,68529.26000000,0.00000001,2026-08-19T16:14:56.921757Z
coinbase,1073145830,,BTC-USD,sell,68529.35000000,0.00000001,2026-08-19T16:14:56.732489Z
coinbase,1073145829,,BTC-USD,buy,68529.35000000,0.00000014,2026-08-19T16:14:56.607994Z
coinbase,1073145828,,BTC-USD,buy,68529.37000000,0.00000003,2026-08-19T16:14:56.501244Z
coinbase,1073145827,,BTC-USD,sell,68529.38000000,0.00000001,2026-08-19T16:14:56.489037Z
coinbase,1073145826,,BTC-USD,buy,68526.00000000,0.00013445,2026-08-19T16:14:56.421394Z
coinbase,1073145825,,BTC-USD,buy,68528.04000000,0.00001700,2026-08-19T16:14:56.421394Z
coinbase,1073145824,,BTC-USD,buy,68530.00000000,0.01000000,2026-08-19T16:14:56.391466Z
coinbase,1073145823,,BTC-USD,buy,68531.26000000,0.00001700,2026-08-19T16:14:56.391466Z
coinbase,1073145822,,BTC-USD,buy,68535.00000000,0.03000000,2026-08-19T16:14:56.388410Z
coinbase,1073145821,,BTC-USD,buy,68534.48000000,0.00001700,2026-08-19T16:14:56.379151Z
coinbase,1073145820,,BTC-USD,buy,68535.00000000,1.00000000,2026-08-19T16:14:56.379151Z
coinbase,1073145819,,BTC-USD,buy,68535.00000000,0.01000000,2026-08-19T16:14:56.379151Z
coinbase,1073145818,,BTC-USD,buy,68537.70000000,0.00001700,2026-08-19T16:14:56.379101Z
coinbase,1073145817,,BTC-USD,buy,68537.71000000,0.02540000,2026-08-19T16:14:56.379101Z
coinbase,1073145816,,BTC-USD,buy,68537.71000000,0.14999998,2026-08-19T16:14:56.379101Z
coinbase,1073145815,,BTC-USD,sell,68537.72000000,0.00000001,2026-08-19T16:14:56.278250Z
coinbase,1073145814,,BTC-USD,buy,68540.55000000,0.00312031,2026-08-19T16:14:56.158414Z
coinbase,1073145813,,BTC-USD,buy,68540.55000000,0.00134052,2026-08-19T16:14:56.152400Z
coinbase,1073145812,,BTC-USD,buy,68540.55000000,0.01149992,2026-08-19T16:14:56.150722Z
coinbase,1073145811,,BTC-USD,buy,68540.55000000,0.01811876,2026-08-19T16:14:56.144005Z
coinbase,1073145810,,BTC-USD,buy,68540.55000000,0.00297763,2026-08-19T16:14:56.140303Z
coinbase,1073145809,,BTC-USD,buy,68540.55000000,0.00027032,2026-08-19T16:14:56.140095Z
coinbase,1073145808,,BTC-USD,buy,68540.55000000,0.01768567,2026-08-19T16:14:56.139509Z
coinbase,1073145807,,BTC-USD,buy,68540.55000000,0.00057716,2026-08-19T16:14:56.139273Z
coinbase,1073145806,,BTC-USD,buy,68540.55000000,0.00375032,2026-08-19T16:14:56.138230Z
coinbase,1073145805,,BTC-USD,buy,68540.55000000,0.00988764,2026-08-19T16:14:56.138180Z
coinbase,1073145804,,BTC-USD,buy,68540.55000000,0.01192012,2026-08-19T16:14:56.138180Z
coinbase,1073145803,,BTC-USD,buy,68540.55000000,0.01173436,2026-08-19T16:14:56.137685Z
coinbase,1073145802,,BTC-USD,buy,68540.55000000,0.00061456,2026-08-19T16:14:56.137685Z
coinbase,1073145801,,BTC-USD,buy,68540.55000000,0.00053158,2026-08-19T16:14:56.136656Z
coinbase,1073145800,,BTC-USD,buy,68540.55000000,0.14885375,2026-08-19T16:14:56.135921Z
coinbase,1073145799,,BTC-USD,sell,68540.56000000,0.00000001,2026-08-19T16:14:56.089504Z
coinbase,1073145798,,BTC-USD,buy,68540.55000000,0.00000009,2026-08-19T16:14:55.999047Z
coinbase,1073145797,,BTC-USD,sell,68540.56000000,0.00000001,2026-08-19T16:14:55.933389Z
coinbase,1073145796,,BTC-USD,buy,68540.92000000,0.02540000,2026-08-19T16:14:55.917060Z
coinbase,1073145795,,BTC-USD,buy,68540.92000000,0.00002045,2026-08-19T16:14:55.917060Z
coinbase,1073145794,,BTC-USD,buy,68540.92000000,0.00001700,2026-08-19T16:14:55.917060Z
coinbase,1073145793,,BTC-USD,sell,68540.93000000,0.00729437,2026-08-19T16:14:55.840111Z
coinbase,1073145792,,BTC-USD,sell,68540.93000000,0.00547067,2026-08-19T16:14:55.793607Z
coinbase,1073145791,,BTC-USD,sell,68540.93000000,0.00000001,2026-08-19T16:14:55.691944Z
coinbase,1073145790,,BTC-USD,buy,68544.14000000,0.02540000,2026-08-19T16:14:55.635691Z
coinbase,1073145789,,BTC-USD,buy,68544.14000000,0.00001699,2026-08-19T16:14:55.635691Z
coinbase,1073145788,,BTC-USD,buy,68544.14000000,0.00000001,2026-08-19T16:14:55.593132Z
coinbase,1073145787,,BTC-USD,buy,68545.00000000,0.04400000,2026-08-19T16:14:55.564302Z
coinbase,1073145786,,BTC-USD,buy,68545.00000000,0.15290000,2026-08-19T16:14:55.561603Z
coinbase,1073145785,,BTC-USD,buy,68546.00000000,0.18000908,2026-08-19T16:14:55.553584Z
coinbase,1073145784,,BTC-USD,sell,68546.02000000,0.00000001,2026-08-19T16:14:55.518615Z
coinbase,1073145783,,BTC-USD,buy,68546.01000000,0.00000013,2026-08-19T16:14:55.508259Z
coinbase,1073145782,,BTC-USD,buy,68546.01000000,0.00000007,2026-08-19T16:14:55.479247Z
coinbase,1073145781,,BTC-USD,buy,68546.01000000,0.87018416,2026-08-19T16:14:55.407197Z
coinbase,1073145780,,BTC-USD,buy,68547.36000000,0.00001700,2026-08-19T16:14:55.407197Z
coinbase,1073145779,,BTC-USD,buy,68549.74000000,0.02540000,2026-08-19T16:14:55.407197Z
coinbase,1073145778,,BTC-USD,buy,68549.74000000,0.10290007,2026-08-19T16:14:55.407197Z
coinbase,1073145777,,BTC-USD,buy,68549.74000000,0.07378188,2026-08-19T16:14:55.407197Z
coinbase,1073145776,,BTC-USD,sell,68549.75000000,0.00000001,2026-08-19T16:14:55.308707Z
coinbase,1073145775,,BTC-USD,buy,68549.74000000,0.00000014,2026-08-19T16:14:55.124095Z
coinbase,1073145774,,BTC-USD,buy,68549.74000000,0.00008402,2026-08-19T16:14:55.112856Z
coinbase,1073145773,,BTC-USD,sell,68549.75000000,0.00000001,2026-08-19T16:14:55.084281Z
coinbase,1073145772,,BTC-USD,buy,68549.74000000,0.00000012,2026-08-19T16:14:54.935722Z
coinbase,1073145771,,BTC-USD,sell,68549.75000000,0.00000001,2026-08-19T16:14:54.935060Z
coinbase,1073145770,,BTC-USD,buy,68549.74000000,0.00000107,2026-08-19T16:14:54.904569Z
coinbase,1073145769,,BTC-USD,sell,68549.75000000,0.00000001,2026-08-19T16:14:54.756643Z
coinbase,1073145768,,BTC-USD,buy,68549.74000000,0.00000016,2026-08-19T16:14:54.445234Z
coinbase,1073145767,,BTC-USD,buy,68549.74000000,0.00000025,2026-08-19T16:14:54.339386Z
coinbase,1073145766,,BTC-USD,sell,68549.75000000,0.00243805,2026-08-19T16:14:54.130140Z
coinbase,1073145765,,BTC-USD,sell,68549.75000000,0.00005269,2026-08-19T16:14:54.130140Z
coinbase,1073145764,,BTC-USD,buy,68548.74000000,0.00000003,2026-08-19T16:14:53.389405Z
coinbase,1073145763,,BTC-USD,buy,68548.74000000,0.02863593,2026-08-19T16:14:53.346033Z
coinbase,1073145762,,BTC-USD,buy,68550.58000000,0.04400000,2026-08-19T16:14:53.346033Z
coinbase,1073145761,,BTC-USD,buy,68550.58000000,0.03810000,2026-08-19T16:14:53.346033Z
coinbase,1073145760,,BTC-USD,buy,68550.58000000,0.00004580,2026-08-19T16:14:53.346033Z
coinbase,1073145759,,BTC-USD,buy,68550.58000000,0.00001679,2026-08-19T16:14:53.346033Z
coinbase,1073145758,,BTC-USD,buy,68550.58000000,0.00000009,2026-08-19T16:14:53.268190Z
coinbase,1073145757,,BTC-USD,buy,68550.58000000,0.00000001,2026-08-19T16:14:53.234101Z
coinbase,1073145756,,BTC-USD,sell,68550.59000000,0.00000001,2026-08-19T16:14:53.224972Z
coinbase,1073145755,,BTC-USD,sell,68550.59000000,0.00072199,2026-08-19T16:14:53.067357Z
coinbase,1073145754,,BTC-USD,sell,68550.59000000,0.00000001,2026-08-19T16:14:53.015807Z
coinbase,1073145753,,BTC-USD,buy,68550.58000000,0.00000011,2026-08-19T16:14:52.877335Z
coinbase,1073145752,,BTC-USD,sell,68550.59000000,0.00000001,2026-08-19T16:14:52.813959Z
coinbase,1073145751,,BTC-USD,buy,68553.80000000,0.00001700,2026-08-19T16:14:52.760203Z
coinbase,1073145750,,BTC-USD,buy,68555.00000000,0.00984724,2026-08-19T16:14:52.726423Z
coinbase,1073145749,,BTC-USD,buy,68555.00000000,0.00015276,2026-08-19T16:14:52.726358Z
coinbase,1073145748,,BTC-USD,buy,68557.02000000,0.00001700,2026-08-19T16:14:52.726358Z
coinbase,1073145747,,BTC-USD,buy,68560.77000000,0.00610000,2026-08-19T16:14:52.675159Z
coinbase,1073145746,,BTC-USD,buy,68562.25000000,0.00109389,2026-08-19T16:14:52.674964Z
coinbase,1073145745,,BTC-USD,buy,68562.49000000,0.00612579,2026-08-19T16:14:52.674964Z
coinbase,1073145744,,BTC-USD,buy,68562.49000000,0.05687277,2026-08-19T16:14:52.674964Z
coinbase,1073145743,,BTC-USD,buy,68562.49000000,0.00199823,2026-08-19T16:14:52.669849Z
coinbase,1073145742,,BTC-USD,buy,68562.49000000,0.00030725,2026-08-19T16:14:52.669847Z
coinbase,1073145741,,BTC-USD,buy,68562.49000000,0.00022226,2026-08-19T16:14:52.666894Z
coinbase,1073145740,,BTC-USD,buy,68562.49000000,0.01491115,2026-08-19T16:14:52.666657Z
coinbase,1073145739,,BTC-USD,buy,68562.49000000,0.00021165,2026-08-19T16:14:52.666349Z
coinbase,1073145738,,BTC-USD,buy,68562.49000000,0.00163787,2026-08-19T16:14:52.665870Z
coinbase,1073145737,,BTC-USD,buy,68562.49000000,0.00070485,2026-08-19T16:14:52.664249Z
coinbase,1073145736,,BTC-USD,buy,68562.49000000,0.00026295,2026-08-19T16:14:52.662750Z
coinbase,1073145735,,BTC-USD,buy,68562.49000000,0.00193598,2026-08-19T16:14:52.662553Z
coinbase,1073145734,,BTC-USD,buy,68562.49000000,0.00147118,2026-08-19T16:14:52.659671Z
coinbase,1073145733,,BTC-USD,buy,68562.49000000,0.00791920,2026-08-19T16:14:52.657606Z
coinbase,1073145732,,BTC-USD,buy,68562.49000000,0.00216713,2026-08-19T16:14:52.646722Z
coinbase,1073145731,,BTC-USD,buy,68562.49000000,0.00146287,2026-08-19T16:14:52.643856Z
coinbase,1073145730,,BTC-USD,buy,68562.49000000,0.00232721,2026-08-19T16:14:52.641882Z
coinbase,1073145729,,BTC-USD,buy,68562.49000000,0.00057573,2026-08-19T16:14:52.638392Z
coinbase,1073145728,,BTC-USD,buy,68562.49000000,0.00133337,2026-08-19T16:14:52.637903Z
coinbase,1073145727,,BTC-USD,buy,68562.49000000,0.02042105,2026-08-19T16:14:52.637903Z
coinbase,1073145726,,BTC-USD,buy,68562.49000000,0.00031155,2026-08-19T16:14:52.637737Z
coinbase,1073145725,,BTC-USD,buy,68562.49000000,0.00160539,2026-08-19T16:14:52.637225Z
coinbase,1073145724,,BTC-USD,buy,68562.49000000,0.00923109,2026-08-19T16:14:52.635066Z
coinbase,1073145723,,BTC-USD,buy,68562.49000000,0.04322938,2026-08-19T16:14:52.633553Z
coinbase,1073145722,,BTC-USD,buy,68562.49000000,0.02281866,2026-08-19T16:14:52.633553Z
coinbase,1073145721,,BTC-USD,buy,68562.49000000,0.03810000,2026-08-19T16:14:52.633553Z
coinbase,1073145720,,BTC-USD,buy,68562.49000000,0.00612579,2026-08-19T16:14:52.633553Z
coinbase,1073145719,,BTC-USD,buy,68562.49000000,0.04497042,2026-08-19T16:14:52.633553Z
coinbase,1073145718,,BTC-USD,sell,68562.50000000,0.00000001,2026-08-19T16:14:52.622071Z
coinbase,1073145717,,BTC-USD,sell,68562.50000000,0.00000001,2026-08-19T16:14:52.410292Z
coinbase,1073145716,,BTC-USD,buy,68562.49000000,0.00000003,2026-08-19T16:14:52.226173Z
coinbase,1073145715,,BTC-USD,sell,68562.50000000,0.00000001,2026-08-19T16:14:52.211772Z
coinbase,1073145714,,BTC-USD,buy,68562.49000000,0.00000023,2026-08-19T16:14:52.056134Z
coinbase,1073145713,,BTC-USD,sell,68562.50000000,0.00000001,2026-08-19T16:14:52.025585Z
coinbase,1073145712,,BTC-USD,sell,68562.50000000,0.00000001,2026-08-19T16:14:51.778137Z
coinbase,1073145711,,BTC-USD,sell,68562.50000000,0.00000001,2026-08-19T16:14:51.574382Z
coinbase,1073145710,,BTC-USD,sell,68562.50000000,0.00000001,2026-08-19T16:14:51.404865Z
coinbase,1073145709,,BTC-USD,sell,68562.50000000,0.00000001,2026-08-19T16:14:51.292671Z
coinbase,1073145708,,BTC-USD,buy,68562.49000000,0.00000004,2026-08-19T16:14:51.211822Z
coinbase,1073145707,,BTC-USD,buy,68562.49000000,0.02764811,2026-08-19T16:14:51.115108Z
coinbase,1073145706,,BTC-USD,buy,68562.49000000,0.00109375,2026-08-19T16:14:51.115108Z
coinbase,1073145705,,BTC-USD,buy,68562.49000000,0.00000001,2026-08-19T16:14:51.039710Z
coinbase,1073145704,,BTC-USD,buy,68562.49000000,0.00000009,2026-08-19T16:14:51.022973Z
coinbase,1073145703,,BTC-USD,sell,68562.50000000,0.00000001,2026-08-19T16:14:50.995656Z
coinbase,1073145702,,BTC-USD,buy,68559.09000000,1.05595429,2026-08-19T16:14:50.981320Z
coinbase,1073145701,,BTC-USD,buy,68559.10000000,0.00002042,2026-08-19T16:14:50.981320Z
coinbase,1073145700,,BTC-USD,buy,68559.10000000,0.02000000,2026-08-19T16:14:50.981320Z
coinbase,1073145699,,BTC-USD,buy,68559.12000000,0.00291969,2026-08-19T16:14:50.981320Z
coinbase,1073145698,,BTC-USD,buy,68559.36000000,0.00057643,2026-08-19T16:14:50.981320Z
coinbase,1073145697,,BTC-USD,buy,68560.74000000,0.00765699,2026-08-19T16:14:50.981320Z
coinbase,1073145696,,BTC-USD,buy,68562.49000000,0.00109385,2026-08-19T16:14:50.981320Z
coinbase,1073145695,,BTC-USD,buy,68563.05000000,0.00612559,2026-08-19T16:14:50.981320Z
coinbase,1073145694,,BTC-USD,buy,68564.77000000,0.00002917,2026-08-19T16:14:50.981320Z
coinbase,1073145693,,BTC-USD,buy,68564.77000000,0.03810000,2026-08-19T16:14:50.981320Z
coinbase,1073145692,,BTC-USD,buy,68564.77000000,0.07428181,2026-08-19T16:14:50.981320Z
coinbase,1073145691,,BTC-USD,buy,68564.77000000,0.00612559,2026-08-19T16:14:50.981320Z
coinbase,1073145690,,BTC-USD,buy,68564.77000000,0.02244564,2026-08-19T16:14:50.981320Z
coinbase,1073145689,,BTC-USD,buy,68564.77000000,0.04218816,2026-08-19T16:14:50.981320Z
coinbase,1073145688,,BTC-USD,sell,68564.78000000,0.00000001,2026-08-19T16:14:50.848342Z
coinbase,1073145687,,BTC-USD,sell,68564.78000000,0.00000001,2026-08-19T16:14:50.617203Z
coinbase,1073145686,,BTC-USD,buy,68564.77000000,0.00000007,2026-08-19T16:14:50.495155Z
coinbase,1073145685,,BTC-USD,sell,68564.78000000,0.00000001,2026-08-19T16:14:50.420898Z
coinbase,1073145684,,BTC-USD,buy,68564.77000000,0.00000006,2026-08-19T16:14:50.128022Z
coinbase,1073145683,,BTC-USD,sell,68564.78000000,0.01348259,2026-08-19T16:14:49.732220Z
coinbase,1073145682,,BTC-USD,buy,68564.77000000,0.04000000,2026-08-19T16:14:49.499028Z
