trade_id_ref,gl_account,debit_credit,amount,currency,posted_at,posting_status
kraken:105347813,kraken:XBTUSD,C,22.17,USD,2026-08-19T18:49:43.886701+00:00,posted
kraken:105347814,kraken:XBTUSD,C,894.85,USD,2026-08-19T19:55:08.246363+00:00,posted
kraken:105347815,kraken:XBTUSD,C,917.02,USD,2026-08-19T22:24:47.323599+00:00,posted
kraken:105347816,kraken:XBTUSD,C,917.02,USD,2026-08-19T19:10:10.062634+00:00,posted
kraken:105347817,kraken:XBTUSD,C,917.02,USD,2026-08-19T18:51:18.658693+00:00,posted
kraken:105347818,kraken:XBTUSD,D,30.38,USD,2026-08-19T21:28:15.282382+00:00,posted
kraken:105347819,kraken:XBTUSD,C,4.10,USD,2026-08-19T19:54:14.134751+00:00,posted
kraken:105347820,kraken:XBTUSD,D,357.53,USD,2026-08-19T23:08:37.992383+00:00,posted
kraken:105347822,kraken:XBTUSD,D,1654.05,USD,2026-08-20T20:54:12.193408+00:00,posted
kraken:105347823,kraken:XBTUSD,D,4466.65,USD,2026-08-19T19:32:51.621953+00:00,posted
kraken:105347824,kraken:XBTUSD,D,238.34,USD,2026-08-19T20:32:37.701155+00:00,posted
kraken:105347825,kraken:XBTUSD,D,873.93,USD,2026-08-22T10:52:20.155724+00:00,posted
kraken:105347826,kraken:XBTUSD,D,317.79,USD,2026-08-19T23:07:54.291340+00:00,posted
kraken:105347827,kraken:XBTUSD,D,15473.06,USD,2026-08-19T21:38:30.468535+00:00,posted
kraken:105347828,kraken:XBTUSD,D,68.59,USD,2026-08-19T20:46:28.132993+00:00,posted
kraken:105347829,kraken:XBTUSD,D,18523.50,USD,2026-08-19T23:15:15.364676+00:00,posted
kraken:105347830,kraken:XBTUSD,D,8910.54,USD,2026-08-19T23:25:54.996338+00:00,posted
kraken:105347831,kraken:XBTUSD,D,50.00,USD,2026-08-19T22:34:03.722069+00:00,posted
kraken:105347832,kraken:XBTUSD,D,6.86,USD,2026-08-20T00:06:40.585821+00:00,posted
kraken:105347834,kraken:XBTUSD,D,4648.51,USD,2026-08-19T21:11:10.737160+00:00,posted
kraken:105347835,kraken:XBTUSD,D,3.50,USD,2026-08-19T19:35:13.764297+00:00,posted
kraken:105347836,kraken:XBTUSD,D,6859.87,USD,2026-08-19T22:22:43.189135+00:00,posted
kraken:105347837,kraken:XBTUSD,D,50.00,USD,2026-08-19T22:27:07.964460+00:00,posted
kraken:105347838,kraken:XBTUSD,D,19.97,USD,2026-08-19T19:35:29.105867+00:00,posted
kraken:105347839,kraken:XBTUSD,D,50.00,USD,2026-08-20T00:08:06.602228+00:00,posted
kraken:105347840,kraken:XBTUSD,C,4775.40,USD,2026-08-19T21:45:21.671388+00:00,posted
kraken:105347841,kraken:XBTUSD,C,13308.03,USD,2026-08-19T23:19:42.534481+00:00,posted
kraken:105347842,kraken:XBTUSD,D,99.97,USD,2026-08-19T19:57:09.387789+00:00,posted
kraken:105347843,kraken:XBTUSD,D,50.01,USD,2026-08-21T01:20:23.681282+00:00,posted
kraken:105347844,kraken:XBTUSD,D,8.37,USD,2026-08-21T20:26:39.515016+00:00,posted
kraken:105347845,kraken:XBTUSD,C,50.00,USD,2026-08-19T19:51:51.126790+00:00,posted
kraken:105347846,kraken:XBTUSD,C,68.63,USD,2026-08-19T23:33:37.847665+00:00,posted
kraken:105347847,kraken:XBTUSD,C,196.83,USD,2026-08-19T19:28:49.998024+00:00,posted
kraken:105347848,kraken:XBTUSD,C,50.00,USD,2026-08-19T22:47:33.496881+00:00,posted
kraken:105347849,kraken:XBTUSD,C,3.50,USD,2026-08-19T22:48:13.588507+00:00,posted
kraken:105347850,kraken:XBTUSD,C,159.24,USD,2026-08-19T21:54:16.666950+00:00,posted
kraken:105347851,kraken:XBTUSD,C,3.50,USD,2026-08-20T00:10:49.765440+00:00,posted
kraken:105347852,kraken:XBTUSD,C,28.74,USD,2026-08-19T21:24:34.328567+00:00,posted
kraken:105347853,kraken:XBTUSD,C,18.58,USD,2026-08-19T23:25:52.552647+00:00,posted
kraken:105347855,kraken:XBTUSD,D,24102.74,USD,2026-08-19T21:58:31.847713+00:00,posted
kraken:105347856,kraken:XBTUSD,C,3.43,USD,2026-08-19T21:58:27.375761+00:00,posted
kraken:105347857,kraken:XBTUSD,D,1028.96,USD,2026-08-19T20:04:50.915068+00:00,posted
kraken:105347858,kraken:XBTUSD,D,68.60,USD,2026-08-19T23:52:53.046547+00:00,posted
kraken:105347859,kraken:XBTUSD,D,50.00,USD,2026-08-21T16:56:40.965603+00:00,posted
kraken:105347861,kraken:XBTUSD,D,68.60,USD,2026-08-19T20:34:08.389858+00:00,posted
kraken:105347862,kraken:XBTUSD,D,1158.35,USD,2026-08-19T19:34:04.439028+00:00,posted
kraken:105347864,kraken:XBTUSD,D,585.65,USD,2026-08-19T22:39:23.667850+00:00,posted
kraken:105347865,kraken:XBTUSD,C,46.57,USD,2026-08-19T22:53:25.282844+00:00,posted
kraken:105347866,kraken:XBTUSD,C,1509.14,USD,2026-08-19T19:17:05.365594+00:00,posted
kraken:105347867,kraken:XBTUSD,C,372.89,USD,2026-08-22T01:02:36.628210+00:00,posted
kraken:105347868,kraken:XBTUSD,C,540.31,USD,2026-08-19T19:47:37.947788+00:00,posted
kraken:105347869,kraken:XBTUSD,D,7.83,USD,2026-08-19T19:35:20.757059+00:00,posted
kraken:105347870,kraken:XBTUSD,D,42.17,USD,2026-08-19T23:46:27.155257+00:00,posted
kraken:105347871,kraken:XBTUSD,D,68.60,USD,2026-08-19T21:59:42.063233+00:00,posted
kraken:105347872,kraken:XBTUSD,D,6.86,USD,2026-08-19T19:18:57.941422+00:00,posted
kraken:105347873,kraken:XBTUSD,D,392.33,USD,2026-08-20T00:07:12.323764+00:00,posted
kraken:105347874,kraken:XBTUSD,D,5350.59,USD,2026-08-19T20:01:04.116206+00:00,posted
kraken:105347875,kraken:XBTUSD,D,3241.25,USD,2026-08-19T21:49:16.627946+00:00,posted
kraken:105347876,kraken:XBTUSD,D,2286.38,USD,2026-08-20T00:04:47.053436+00:00,posted
kraken:105347877,kraken:XBTUSD,D,9997.18,USD,2026-08-22T06:54:59.823673+00:00,posted
kraken:105347878,kraken:XBTUSD,C,10.45,USD,2026-08-19T23:54:34.725001+00:00,posted
kraken:105347879,kraken:XBTUSD,D,6.65,USD,2026-08-19T21:36:16.583428+00:00,posted
kraken:105347880,kraken:XBTUSD,D,404.65,USD,2026-08-20T00:00:24.872166+00:00,posted
kraken:105347881,kraken:XBTUSD,D,28.00,USD,2026-08-19T22:51:25.038812+00:00,posted
kraken:105347882,kraken:XBTUSD,C,37.45,USD,2026-08-19T22:37:28.762175+00:00,posted
kraken:105347883,kraken:XBTUSD,C,1885.69,USD,2026-08-19T22:23:54.650838+00:00,posted
kraken:105347884,kraken:XBTUSD,C,68.60,USD,2026-08-19T23:39:07.607913+00:00,posted
kraken:105347885,kraken:XBTUSD,C,50.00,USD,2026-08-19T20:04:03.780188+00:00,posted
kraken:105347886,kraken:XBTUSD,C,1225.21,USD,2026-08-19T21:56:26.363302+00:00,posted
kraken:105347888,kraken:XBTUSD,C,99.99,USD,2026-08-19T19:01:41.072618+00:00,posted
kraken:105347889,kraken:XBTUSD,D,784.56,USD,2026-08-19T19:05:45.918068+00:00,posted
kraken:105347890,kraken:XBTUSD,D,4999.25,USD,2026-08-19T22:23:08.702550+00:00,posted
kraken:105347891,kraken:XBTUSD,D,50000.00,USD,2026-08-19T19:26:02.717145+00:00,posted
kraken:105347892,kraken:XBTUSD,D,432.07,USD,2026-08-22T00:15:51.938126+00:00,posted
kraken:105347893,kraken:XBTUSD,D,50.00,USD,2026-08-21T18:45:05.725024+00:00,posted
kraken:105347894,kraken:XBTUSD,D,68.58,USD,2026-08-19T19:45:13.058844+00:00,posted
kraken:105347895,kraken:XBTUSD,D,20.37,USD,2026-08-21T14:32:17.328598+00:00,posted
kraken:105347896,kraken:XBTUSD,D,11.18,USD,2026-08-19T22:42:58.644359+00:00,posted
kraken:105347897,kraken:XBTUSD,D,68.58,USD,2026-08-20T00:07:09.413725+00:00,posted
kraken:105347898,kraken:XBTUSD,D,6.86,USD,2026-08-21T10:29:34.432752+00:00,posted
kraken:105347899,kraken:XBTUSD,D,5348.99,USD,2026-08-19T20:04:26.337952+00:00,posted
kraken:105347900,kraken:XBTUSD,D,3421.46,USD,2026-08-19T21:10:25.490787+00:00,posted
kraken:105347901,kraken:XBTUSD,D,14799.62,USD,2026-08-19T20:14:18.136404+00:00,posted
kraken:105347902,kraken:XBTUSD,C,12.48,USD,2026-08-19T23:47:05.449133+00:00,posted
kraken:105347903,kraken:XBTUSD,C,124.67,USD,2026-08-19T23:26:42.702828+00:00,posted
kraken:105347904,kraken:XBTUSD,C,50.00,USD,2026-08-19T18:59:09.639479+00:00,posted
kraken:105347905,kraken:XBTUSD,C,68.58,USD,2026-08-19T23:18:21.336739+00:00,posted
kraken:105347906,kraken:XBTUSD,C,3.50,USD,2026-08-19T23:48:10.056818+00:00,posted
kraken:105347907,kraken:XBTUSD,C,738.03,USD,2026-08-19T19:37:20.950544+00:00,posted
kraken:105347908,kraken:XBTUSD,D,21.00,USD,2026-08-19T19:53:00.825770+00:00,posted
kraken:105347909,kraken:XBTUSD,C,50.00,USD,2026-08-19T19:01:50.391488+00:00,posted
kraken:105347910,kraken:XBTUSD,C,5348.62,USD,2026-08-20T00:07:38.587658+00:00,posted
kraken:105347911,kraken:XBTUSD,D,299.95,USD,2026-08-19T23:01:14.720549+00:00,posted
kraken:105347912,kraken:XBTUSD,C,99.97,USD,2026-08-19T21:02:13.077668+00:00,posted
kraken:105347913,kraken:XBTUSD,C,49.98,USD,2026-08-20T00:11:06.898697+00:00,posted
kraken:105347914,kraken:XBTUSD,C,0.02,USD,2026-08-19T22:39:43.806340+00:00,posted
kraken:105347915,kraken:XBTUSD,C,4100.21,USD,2026-08-21T02:23:13.879234+00:00,posted
kraken:105347916,kraken:XBTUSD,C,3.50,USD,2026-08-19T21:53:47.092247+00:00,posted
kraken:105347917,kraken:XBTUSD,D,4191.14,USD,2026-08-19T22:49:29.256632+00:00,posted
kraken:105347918,kraken:XBTUSD,D,784.44,USD,2026-08-22T03:38:38.659236+00:00,posted
kraken:105347919,kraken:XBTUSD,D,26226.97,USD,2026-08-19T23:23:36.014418+00:00,posted
kraken:105347920,kraken:XBTUSD,D,17266.38,USD,2026-08-19T20:55:54.187936+00:00,posted
kraken:105347921,kraken:XBTUSD,D,8136.01,USD,2026-08-19T21:50:39.005307+00:00,posted
kraken:105347922,kraken:XBTUSD,D,784.44,USD,2026-08-19T18:55:46.322449+00:00,posted
kraken:105347923,kraken:XBTUSD,D,26226.97,USD,2026-08-21T21:20:30.649976+00:00,posted
kraken:105347924,kraken:XBTUSD,D,19251.86,USD,2026-08-19T20:08:42.598309+00:00,posted
kraken:105347925,kraken:XBTUSD,D,11537.53,USD,2026-08-19T20:26:20.279413+00:00,posted
kraken:105347926,kraken:XBTUSD,D,784.44,USD,2026-08-19T19:25:50.929590+00:00,posted
kraken:105347927,kraken:XBTUSD,D,3420.13,USD,2026-08-19T21:13:32.586141+00:00,posted
kraken:105347928,kraken:XBTUSD,D,21127.82,USD,2026-08-19T23:51:27.078495+00:00,posted
kraken:105347930,kraken:XBTUSD,C,100.00,USD,2026-08-19T21:48:27.186566+00:00,posted
kraken:105347931,kraken:XBTUSD,C,50.00,USD,2026-08-21T18:29:36.787514+00:00,posted
kraken:105347932,kraken:XBTUSD,C,99.95,USD,2026-08-22T02:01:50.688327+00:00,posted
kraken:105347933,kraken:XBTUSD,C,3.50,USD,2026-08-19T19:34:43.299663+00:00,posted
kraken:105347935,kraken:XBTUSD,C,31673.21,USD,2026-08-20T00:08:27.436237+00:00,posted
kraken:105347936,kraken:XBTUSD,C,3255.99,USD,2026-08-19T18:45:15.119099+00:00,posted
kraken:105347937,kraken:XBTUSD,C,50.00,USD,2026-08-19T20:21:27.920871+00:00,posted
kraken:105347938,kraken:XBTUSD,C,50.00,USD,2026-08-19T23:52:31.035655+00:00,posted
kraken:105347939,kraken:XBTUSD,C,5786.22,USD,2026-08-19T19:20:45.709251+00:00,posted
kraken:105347940,kraken:XBTUSD,D,68.55,USD,2026-08-21T07:17:03.968638+00:00,posted
kraken:105347941,kraken:XBTUSD,D,50.00,USD,2026-08-19T22:39:30.918855+00:00,posted
kraken:105347942,kraken:XBTUSD,D,6.85,USD,2026-08-19T22:12:00.109136+00:00,posted
kraken:105347943,kraken:XBTUSD,D,68.55,USD,2026-08-19T21:23:55.128223+00:00,posted
kraken:105347944,kraken:XBTUSD,D,2254.45,USD,2026-08-19T23:21:55.051073+00:00,posted
kraken:105347945,kraken:XBTUSD,C,1000.82,USD,2026-08-21T07:29:33.160731+00:00,posted
kraken:105347947,kraken:XBTUSD,C,15.41,USD,2026-08-19T22:12:59.079876+00:00,posted
kraken:105347948,kraken:XBTUSD,D,49.01,USD,2026-08-19T22:47:22.985213+00:00,posted
kraken:105347949,kraken:XBTUSD,D,0.99,USD,2026-08-19T21:03:57.874853+00:00,posted
kraken:105347951,kraken:XBTUSD,D,68.55,USD,2026-08-19T21:42:52.361583+00:00,posted
kraken:105347952,kraken:XBTUSD,D,1031.05,USD,2026-08-19T21:55:03.363273+00:00,posted
kraken:105347953,kraken:XBTUSD,C,397.60,USD,2026-08-19T19:24:53.764812+00:00,posted
kraken:105347954,kraken:XBTUSD,C,102.10,USD,2026-08-19T23:39:30.177007+00:00,posted
kraken:105347955,kraken:XBTUSD,C,10.42,USD,2026-08-19T23:26:53.972096+00:00,posted
kraken:105347956,kraken:XBTUSD,C,50.00,USD,2026-08-19T19:52:12.476518+00:00,posted
kraken:105347957,kraken:XBTUSD,C,68.55,USD,2026-08-19T19:16:48.274768+00:00,posted
kraken:105347958,kraken:XBTUSD,C,2975.13,USD,2026-08-19T23:34:38.828148+00:00,posted
kraken:105347959,kraken:XBTUSD,C,32.28,USD,2026-08-19T22:07:42.670405+00:00,posted
kraken:105347960,kraken:XBTUSD,C,50.00,USD,2026-08-19T23:49:45.216615+00:00,posted
kraken:105347961,kraken:XBTUSD,C,50.00,USD,2026-08-20T00:05:02.459730+00:00,posted
kraken:105347962,kraken:XBTUSD,C,3.50,USD,2026-08-19T23:33:45.621130+00:00,posted
kraken:105347963,kraken:XBTUSD,C,595.40,USD,2026-08-19T23:01:04.832902+00:00,posted
kraken:105347964,kraken:XBTUSD,C,3.50,USD,2026-08-19T22:23:57.741438+00:00,posted
kraken:105347965,kraken:XBTUSD,C,99.99,USD,2026-08-19T20:04:47.291652+00:00,posted
kraken:105347966,kraken:XBTUSD,C,10.00,USD,2026-08-19T22:34:19.179709+00:00,posted
kraken:105347967,kraken:XBTUSD,C,0.55,USD,2026-08-19T18:55:40.618816+00:00,posted
kraken:105347968,kraken:XBTUSD,D,315.28,USD,2026-08-19T19:48:46.007810+00:00,posted
kraken:105347969,kraken:XBTUSD,C,30.44,USD,2026-08-19T20:38:18.142500+00:00,posted
kraken:105347970,kraken:XBTUSD,C,19.00,USD,2026-08-19T23:30:27.282412+00:00,posted
kraken:105347971,kraken:XBTUSD,C,178.29,USD,2026-08-19T22:20:43.743320+00:00,posted
kraken:105347972,kraken:XBTUSD,C,849.60,USD,2026-08-19T20:14:51.455609+00:00,posted
kraken:105347973,kraken:XBTUSD,C,1493.88,USD,2026-08-19T22:14:36.453425+00:00,posted
kraken:105347974,kraken:XBTUSD,C,27410.56,USD,2026-08-20T00:06:41.878808+00:00,posted
kraken:105347975,kraken:XBTUSD,C,64.80,USD,2026-08-19T23:52:52.010379+00:00,posted
kraken:105347976,kraken:XBTUSD,C,3.49,USD,2026-08-20T00:03:09.047099+00:00,posted
kraken:105347977,kraken:XBTUSD,C,8950.55,USD,2026-08-20T00:00:33.294453+00:00,posted
kraken:105347978,kraken:XBTUSD,C,280.95,USD,2026-08-19T19:18:41.485436+00:00,posted
kraken:105347979,kraken:XBTUSD,C,3.49,USD,2026-08-19T22:43:20.307202+00:00,posted
kraken:105347980,kraken:XBTUSD,C,99.97,USD,2026-08-19T22:02:58.050296+00:00,posted
kraken:105347981,kraken:XBTUSD,C,3.49,USD,2026-08-19T20:50:01.984581+00:00,posted
kraken:105347982,kraken:XBTUSD,C,29360.84,USD,2026-08-19T20:06:58.620623+00:00,posted
kraken:105347983,kraken:XBTUSD,D,784.34,USD,2026-08-19T18:43:30.265048+00:00,posted
kraken:105347984,kraken:XBTUSD,D,3804.77,USD,2026-08-19T21:40:38.127281+00:00,posted
kraken:105347985,kraken:XBTUSD,C,25.07,USD,2026-08-19T22:47:48.959492+00:00,posted
kraken:105347986,kraken:XBTUSD,D,47.15,USD,2026-08-19T20:43:10.065433+00:00,posted
kraken:105347987,kraken:XBTUSD,C,24.93,USD,2026-08-19T22:08:37.232489+00:00,posted
kraken:105347988,kraken:XBTUSD,C,8542.34,USD,2026-08-19T19:24:06.336622+00:00,posted
kraken:105347989,kraken:XBTUSD,D,2.85,USD,2026-08-19T21:30:21.331245+00:00,posted
kraken:105347990,kraken:XBTUSD,D,21.83,USD,2026-08-19T20:30:38.727181+00:00,posted
kraken:105347991,kraken:XBTUSD,D,46.70,USD,2026-08-19T21:45:59.049670+00:00,posted
kraken:105347992,kraken:XBTUSD,D,6.85,USD,2026-08-19T22:22:27.285409+00:00,posted
kraken:105347993,kraken:XBTUSD,D,68.53,USD,2026-08-19T22:49:54.746903+00:00,posted
kraken:105347994,kraken:XBTUSD,D,50.00,USD,2026-08-19T21:50:49.966658+00:00,posted
kraken:105347995,kraken:XBTUSD,D,3.49,USD,2026-08-19T23:18:09.440964+00:00,posted
kraken:105347996,kraken:XBTUSD,D,3.50,USD,2026-08-19T19:52:23.299773+00:00,posted
kraken:105347997,kraken:XBTUSD,D,318.31,USD,2026-08-19T22:03:13.581707+00:00,posted
kraken:105347998,kraken:XBTUSD,D,5262.95,USD,2026-08-19T21:08:50.316313+00:00,posted
kraken:105347999,kraken:XBTUSD,D,50.00,USD,2026-08-19T21:31:44.198318+00:00,posted
kraken:105348000,kraken:XBTUSD,D,2662.14,USD,2026-08-19T23:59:47.626853+00:00,posted
kraken:105348001,kraken:XBTUSD,D,5345.51,USD,2026-08-19T22:20:28.197931+00:00,posted
kraken:105348002,kraken:XBTUSD,D,392.18,USD,2026-08-19T22:22:07.259139+00:00,posted
kraken:105348003,kraken:XBTUSD,D,19236.92,USD,2026-08-19T19:13:52.019741+00:00,posted
kraken:105348004,kraken:XBTUSD,D,50000.00,USD,2026-08-19T20:00:33.351431+00:00,posted
kraken:105348005,kraken:XBTUSD,D,499.95,USD,2026-08-19T23:09:12.898493+00:00,posted
kraken:105348006,kraken:XBTUSD,D,3421.89,USD,2026-08-19T18:58:17.984798+00:00,posted
kraken:105348007,kraken:XBTUSD,D,99.99,USD,2026-08-19T22:04:46.177847+00:00,posted
kraken:105348008,kraken:XBTUSD,D,14033.03,USD,2026-08-19T21:13:20.193314+00:00,posted
kraken:105348009,kraken:XBTUSD,C,1905.19,USD,2026-08-19T21:53:05.726008+00:00,posted
kraken:105348010,kraken:XBTUSD,C,50.00,USD,2026-08-19T20:49:50.215854+00:00,posted
kraken:105348011,kraken:XBTUSD,C,68.53,USD,2026-08-19T19:31:49.354833+00:00,posted
kraken:105348012,kraken:XBTUSD,C,3.50,USD,2026-08-19T23:37:42.106759+00:00,posted
kraken:105348013,kraken:XBTUSD,C,3.49,USD,2026-08-19T23:35:19.653269+00:00,posted
kraken:105348014,kraken:XBTUSD,C,25.00,USD,2026-08-19T19:55:20.496709+00:00,posted
kraken:105348015,kraken:XBTUSD,C,3.49,USD,2026-08-19T22:32:46.495373+00:00,posted
kraken:105348016,kraken:XBTUSD,C,7233.71,USD,2026-08-19T21:47:04.076922+00:00,posted
kraken:105348017,kraken:XBTUSD,C,50.00,USD,2026-08-19T19:23:14.390581+00:00,posted
kraken:105348018,kraken:XBTUSD,C,1130.53,USD,2026-08-19T21:16:31.426419+00:00,posted
kraken:105348019,kraken:XBTUSD,C,15.96,USD,2026-08-19T21:47:38.211066+00:00,posted
kraken:105348020,kraken:XBTUSD,C,4761.99,USD,2026-08-19T22:52:25.440585+00:00,posted
kraken:105348021,kraken:XBTUSD,C,6.81,USD,2026-08-19T23:12:08.642864+00:00,posted
kraken:105348022,kraken:XBTUSD,C,171.35,USD,2026-08-19T21:04:00.981005+00:00,posted
kraken:105348023,kraken:XBTUSD,C,479.62,USD,2026-08-19T21:10:23.501899+00:00,posted
kraken:105348024,kraken:XBTUSD,C,5.36,USD,2026-08-19T23:27:32.314088+00:00,posted
kraken:105348025,kraken:XBTUSD,C,4.00,USD,2026-08-21T18:55:44.541276+00:00,posted
kraken:105348026,kraken:XBTUSD,C,1384.15,USD,2026-08-19T20:14:46.482915+00:00,posted
kraken:105348027,kraken:XBTUSD,D,19.80,USD,2026-08-19T21:23:16.107044+00:00,posted
kraken:105348028,kraken:XBTUSD,D,30.20,USD,2026-08-19T21:08:32.464372+00:00,posted
kraken:105348029,kraken:XBTUSD,D,68.52,USD,2026-08-21T03:27:30.659429+00:00,posted
kraken:105348030,kraken:XBTUSD,D,68.52,USD,2026-08-19T23:38:04.918314+00:00,posted
kraken:105348031,kraken:XBTUSD,D,6.85,USD,2026-08-21T12:36:31.485557+00:00,posted
kraken:105348032,kraken:XBTUSD,D,3395.80,USD,2026-08-19T19:53:59.253992+00:00,posted
kraken:105348033,kraken:XBTUSD,D,4997.83,USD,2026-08-19T20:32:34.438568+00:00,posted
kraken:105348034,kraken:XBTUSD,D,3421.14,USD,2026-08-19T19:03:55.848095+00:00,posted
kraken:105348035,kraken:XBTUSD,D,784.31,USD,2026-08-19T20:51:54.627916+00:00,posted
kraken:105348036,kraken:XBTUSD,D,37532.94,USD,2026-08-19T23:55:35.015290+00:00,posted
kraken:105348038,kraken:XBTUSD,C,474.10,USD,2026-08-19T21:53:22.299494+00:00,posted
kraken:105348039,kraken:XBTUSD,C,3.43,USD,2026-08-19T23:54:29.915619+00:00,posted
kraken:105348040,kraken:XBTUSD,C,50.00,USD,2026-08-19T20:52:06.967808+00:00,posted
kraken:105348041,kraken:XBTUSD,C,68.52,USD,2026-08-19T23:19:12.659858+00:00,posted
kraken:105348042,kraken:XBTUSD,C,3.49,USD,2026-08-19T22:45:50.986579+00:00,posted
kraken:105348043,kraken:XBTUSD,C,3.49,USD,2026-08-19T23:39:41.896855+00:00,posted
kraken:105348044,kraken:XBTUSD,C,216.91,USD,2026-08-19T20:13:29.351349+00:00,posted
kraken:105348045,kraken:XBTUSD,C,830.64,USD,2026-08-19T20:51:45.126693+00:00,posted
kraken:105348046,kraken:XBTUSD,D,17.13,USD,2026-08-19T23:06:48.984382+00:00,posted
kraken:105348047,kraken:XBTUSD,D,192.93,USD,2026-08-19T23:20:53.034716+00:00,posted
kraken:105348048,kraken:XBTUSD,D,2500.00,USD,2026-08-20T00:07:10.431666+00:00,posted
kraken:105348049,kraken:XBTUSD,D,50.00,USD,2026-08-19T23:42:54.630011+00:00,posted
kraken:105348051,kraken:XBTUSD,C,50.00,USD,2026-08-22T11:50:09.665661+00:00,posted
kraken:105348052,kraken:XBTUSD,C,2904.84,USD,2026-08-19T20:09:28.846430+00:00,posted
kraken:105348053,kraken:XBTUSD,C,561.78,USD,2026-08-19T21:13:40.798049+00:00,posted
kraken:105348054,kraken:XBTUSD,C,1500.00,USD,2026-08-19T23:33:54.623137+00:00,posted
kraken:105348055,kraken:XBTUSD,C,3957.98,USD,2026-08-19T23:57:31.592987+00:00,posted
kraken:105348056,kraken:XBTUSD,C,18863.73,USD,2026-08-19T23:19:08.987529+00:00,posted
kraken:105348057,kraken:XBTUSD,C,3421.62,USD,2026-08-19T22:50:48.431783+00:00,posted
kraken:105348058,kraken:XBTUSD,C,37250.35,USD,2026-08-19T22:18:10.604460+00:00,posted
kraken:105348059,kraken:XBTUSD,D,29.45,USD,2026-08-19T22:18:43.184745+00:00,posted
kraken:105348060,kraken:XBTUSD,D,6.85,USD,2026-08-19T23:57:00.754879+00:00,posted
kraken:105348061,kraken:XBTUSD,D,65.95,USD,2026-08-19T18:50:21.966914+00:00,posted
kraken:105348062,kraken:XBTUSD,D,2.56,USD,2026-08-19T19:25:20.186377+00:00,posted
kraken:105348063,kraken:XBTUSD,D,20.00,USD,2026-08-19T21:49:47.608796+00:00,posted
kraken:105348064,kraken:XBTUSD,D,2903.47,USD,2026-08-19T22:34:30.417505+00:00,posted
kraken:105348065,kraken:XBTUSD,D,2440.34,USD,2026-08-19T19:39:03.237606+00:00,posted
kraken:105348066,kraken:XBTUSD,D,46.32,USD,2026-08-19T22:50:29.940476+00:00,posted
kraken:105348067,kraken:XBTUSD,D,3.68,USD,2026-08-19T23:14:03.178022+00:00,posted
kraken:105348068,kraken:XBTUSD,D,6.85,USD,2026-08-19T19:19:21.370014+00:00,posted
kraken:105348069,kraken:XBTUSD,D,3.49,USD,2026-08-19T20:54:34.778516+00:00,posted
kraken:105348070,kraken:XBTUSD,D,53.53,USD,2026-08-19T19:08:45.750835+00:00,posted
kraken:105348071,kraken:XBTUSD,D,3.49,USD,2026-08-19T22:10:40.420007+00:00,posted
kraken:105348072,kraken:XBTUSD,D,124452.29,USD,2026-08-22T11:02:31.692289+00:00,posted
kraken:105348073,kraken:XBTUSD,D,30485.37,USD,2026-08-19T19:23:37.913771+00:00,posted
kraken:105348074,kraken:XBTUSD,D,44384.70,USD,2026-08-19T23:01:57.212116+00:00,posted
kraken:105348075,kraken:XBTUSD,D,63078.71,USD,2026-08-19T21:05:02.928165+00:00,posted
kraken:105348076,kraken:XBTUSD,D,45775.23,USD,2026-08-19T21:30:39.067616+00:00,posted
kraken:105348078,kraken:XBTUSD,D,546.34,USD,2026-08-19T19:18:30.880949+00:00,posted
kraken:105348079,kraken:XBTUSD,C,10.41,USD,2026-08-19T22:13:26.776672+00:00,posted
kraken:105348080,kraken:XBTUSD,C,23.00,USD,2026-08-19T22:37:07.766126+00:00,posted
kraken:105348081,kraken:XBTUSD,D,998.75,USD,2026-08-19T22:45:55.362669+00:00,posted
kraken:105348082,kraken:XBTUSD,D,35981.05,USD,2026-08-19T20:12:53.863249+00:00,posted
kraken:105348083,kraken:XBTUSD,D,31355.57,USD,2026-08-19T21:41:22.065605+00:00,posted
kraken:105348084,kraken:XBTUSD,D,51788.11,USD,2026-08-19T21:07:30.627808+00:00,posted
kraken:105348085,kraken:XBTUSD,D,129329.90,USD,2026-08-19T20:12:20.484686+00:00,posted
kraken:105348086,kraken:XBTUSD,D,51911.81,USD,2026-08-19T23:17:54.730354+00:00,posted
kraken:105348087,kraken:XBTUSD,D,112371.28,USD,2026-08-21T05:56:05.861408+00:00,posted
kraken:105348088,kraken:XBTUSD,D,47607.07,USD,2026-08-19T22:05:10.832873+00:00,posted
kraken:105348089,kraken:XBTUSD,D,54722.66,USD,2026-08-19T18:53:14.527508+00:00,posted
kraken:105348090,kraken:XBTUSD,D,52715.76,USD,2026-08-19T19:43:46.704533+00:00,posted
kraken:105348091,kraken:XBTUSD,D,43297.65,USD,2026-08-19T23:07:03.363885+00:00,posted
kraken:105348092,kraken:XBTUSD,D,44253.24,USD,2026-08-19T23:34:16.680033+00:00,posted
kraken:105348093,kraken:XBTUSD,D,30016.41,USD,2026-08-19T20:14:56.586481+00:00,posted
kraken:105348095,kraken:XBTUSD,D,150162.37,USD,2026-08-19T19:12:01.646308+00:00,posted
kraken:105348096,kraken:XBTUSD,D,4.48,USD,2026-08-21T15:21:52.911368+00:00,posted
kraken:105348097,kraken:XBTUSD,D,2164.46,USD,2026-08-22T06:38:52.916301+00:00,posted
kraken:105348098,kraken:XBTUSD,D,473491.88,USD,2026-08-19T21:25:44.808130+00:00,posted
kraken:105348099,kraken:XBTUSD,D,81111.70,USD,2026-08-19T19:14:29.524254+00:00,posted
kraken:105348100,kraken:XBTUSD,D,33201.48,USD,2026-08-19T22:32:05.607887+00:00,posted
kraken:105348101,kraken:XBTUSD,D,17850.15,USD,2026-08-19T21:55:43.623013+00:00,posted
kraken:105348102,kraken:XBTUSD,D,6031.31,USD,2026-08-19T21:39:01.676654+00:00,posted
kraken:105348104,kraken:XBTUSD,D,12760.03,USD,2026-08-19T22:35:47.715434+00:00,posted
kraken:105348105,kraken:XBTUSD,C,178.99,USD,2026-08-19T20:06:50.345397+00:00,posted
kraken:105348106,kraken:XBTUSD,C,226.18,USD,2026-08-19T19:47:25.721618+00:00,posted
kraken:105348107,kraken:XBTUSD,D,4020.15,USD,2026-08-19T21:40:43.480586+00:00,posted
kraken:105348108,kraken:XBTUSD,D,89367.99,USD,2026-08-19T19:44:59.577438+00:00,posted
kraken:105348109,kraken:XBTUSD,D,89933.37,USD,2026-08-19T21:23:40.744278+00:00,posted
kraken:105348110,kraken:XBTUSD,D,231.18,USD,2026-08-20T00:06:10.921422+00:00,posted
kraken:105348111,kraken:XBTUSD,C,20.50,USD,2026-08-19T20:17:18.058724+00:00,posted
kraken:105348112,kraken:XBTUSD,D,25.67,USD,2026-08-21T05:09:04.143777+00:00,posted
kraken:105348113,kraken:XBTUSD,D,2164.46,USD,2026-08-19T18:48:39.294559+00:00,posted
kraken:105348114,kraken:XBTUSD,D,7815.86,USD,2026-08-19T20:14:31.491859+00:00,posted
kraken:105348116,kraken:XBTUSD,C,4793.29,USD,2026-08-19T19:25:41.204179+00:00,posted
kraken:105348117,kraken:XBTUSD,C,500.00,USD,2026-08-19T21:26:01.065194+00:00,posted
kraken:105348118,kraken:XBTUSD,D,25204.57,USD,2026-08-19T21:53:29.142257+00:00,posted
kraken:105348119,kraken:XBTUSD,D,48736.47,USD,2026-08-19T21:09:24.056698+00:00,posted
kraken:105348120,kraken:XBTUSD,D,26196.99,USD,2026-08-19T19:01:00.035545+00:00,posted
kraken:105348121,kraken:XBTUSD,D,100607.64,USD,2026-08-19T21:21:42.033905+00:00,posted
kraken:105348122,kraken:XBTUSD,D,33305.26,USD,2026-08-19T20:56:17.373161+00:00,posted
kraken:105348123,kraken:XBTUSD,D,41541.35,USD,2026-08-19T19:34:07.564313+00:00,posted
kraken:105348124,kraken:XBTUSD,D,133001.06,USD,2026-08-19T23:57:19.609073+00:00,posted
kraken:105348125,kraken:XBTUSD,D,149933.32,USD,2026-08-21T21:01:21.946513+00:00,posted
kraken:105348126,kraken:XBTUSD,D,30352.67,USD,2026-08-19T22:00:50.334239+00:00,posted
kraken:105348127,kraken:XBTUSD,D,2164.46,USD,2026-08-19T23:00:05.757760+00:00,posted
kraken:105348128,kraken:XBTUSD,D,26869.29,USD,2026-08-19T23:43:55.415033+00:00,posted
kraken:105348129,kraken:XBTUSD,D,30459.28,USD,2026-08-19T21:58:19.826685+00:00,posted
kraken:105348130,kraken:XBTUSD,D,47645.89,USD,2026-08-19T21:51:45.902499+00:00,posted
kraken:105348131,kraken:XBTUSD,D,53401.84,USD,2026-08-19T23:56:50.098286+00:00,posted
kraken:105348132,kraken:XBTUSD,D,35816.85,USD,2026-08-19T19:53:46.427395+00:00,posted
kraken:105348133,kraken:XBTUSD,D,0.09,USD,2026-08-19T19:35:57.882132+00:00,posted
kraken:105348134,kraken:XBTUSD,D,29414.43,USD,2026-08-19T19:08:54.538052+00:00,posted
kraken:105348136,kraken:XBTUSD,D,35336.61,USD,2026-08-19T22:00:05.718931+00:00,posted
kraken:105348137,kraken:XBTUSD,D,26893.88,USD,2026-08-19T20:00:31.488233+00:00,posted
kraken:105348138,kraken:XBTUSD,D,25803.18,USD,2026-08-19T22:36:07.452990+00:00,posted
kraken:105348139,kraken:XBTUSD,D,473491.88,USD,2026-08-19T22:30:58.521576+00:00,posted
kraken:105348140,kraken:XBTUSD,D,473491.88,USD,2026-08-19T23:04:07.295395+00:00,posted
kraken:105348141,kraken:XBTUSD,D,41565.21,USD,2026-08-19T22:22:19.726326+00:00,posted
kraken:105348142,kraken:XBTUSD,D,473491.88,USD,2026-08-19T21:04:26.056384+00:00,posted
kraken:105348143,kraken:XBTUSD,D,2177.06,USD,2026-08-19T22:17:51.473770+00:00,posted
kraken:105348144,kraken:XBTUSD,D,49198.70,USD,2026-08-19T23:16:55.708130+00:00,posted
kraken:105348145,kraken:XBTUSD,D,117461.82,USD,2026-08-19T22:00:30.323575+00:00,posted
kraken:105348146,kraken:XBTUSD,D,44132.09,USD,2026-08-19T23:48:08.067701+00:00,posted
kraken:105348147,kraken:XBTUSD,D,90417.89,USD,2026-08-19T21:18:48.676370+00:00,posted
kraken:105348148,kraken:XBTUSD,D,61436.82,USD,2026-08-19T20:56:58.161291+00:00,posted
kraken:105348149,kraken:XBTUSD,D,179947.52,USD,2026-08-19T21:42:20.130422+00:00,posted
kraken:105348150,kraken:XBTUSD,D,2164.46,USD,2026-08-19T22:01:29.652187+00:00,posted
kraken:105348151,kraken:XBTUSD,D,75937.89,USD,2026-08-19T22:46:32.305075+00:00,posted
kraken:105348152,kraken:XBTUSD,D,74796.46,USD,2026-08-19T18:52:40.661305+00:00,posted
kraken:105348153,kraken:XBTUSD,D,149392.13,USD,2026-08-19T22:26:39.647456+00:00,posted
kraken:105348154,kraken:XBTUSD,D,15299.02,USD,2026-08-19T21:57:53.586242+00:00,posted
kraken:105348155,kraken:XBTUSD,D,3282.37,USD,2026-08-19T21:54:18.368061+00:00,posted
kraken:105348156,kraken:XBTUSD,D,1715.13,USD,2026-08-19T19:41:57.472933+00:00,posted
kraken:105348157,kraken:XBTUSD,D,32.45,USD,2026-08-19T21:10:04.850597+00:00,posted
kraken:105348158,kraken:XBTUSD,D,5116.50,USD,2026-08-20T00:13:08.250892+00:00,posted
kraken:105348159,kraken:XBTUSD,D,263.29,USD,2026-08-19T23:12:50.819185+00:00,posted
kraken:105348160,kraken:XBTUSD,D,19.93,USD,2026-08-19T21:19:15.013774+00:00,posted
kraken:105348161,kraken:XBTUSD,D,53.66,USD,2026-08-19T20:30:05.772223+00:00,posted
kraken:105348162,kraken:XBTUSD,D,10.52,USD,2026-08-21T13:59:41.099187+00:00,posted
kraken:105348163,kraken:XBTUSD,D,3843.64,USD,2026-08-19T22:22:47.985271+00:00,posted
kraken:105348164,kraken:XBTUSD,D,29.89,USD,2026-08-19T22:55:06.841807+00:00,posted
kraken:105348165,kraken:XBTUSD,D,132.46,USD,2026-08-19T20:30:49.785358+00:00,posted
kraken:105348166,kraken:XBTUSD,D,372.49,USD,2026-08-19T20:57:31.686557+00:00,posted
kraken:105348167,kraken:XBTUSD,C,7893.76,USD,2026-08-20T00:10:14.037720+00:00,posted
kraken:105348168,kraken:XBTUSD,D,1738.48,USD,2026-08-19T21:43:12.884719+00:00,posted
kraken:105348169,kraken:XBTUSD,D,3493.49,USD,2026-08-19T19:46:03.678002+00:00,posted
kraken:105348170,kraken:XBTUSD,D,1625.08,USD,2026-08-19T22:53:47.131393+00:00,posted
kraken:105348171,kraken:XBTUSD,D,3461.54,USD,2026-08-19T22:54:57.384165+00:00,posted
kraken:105348172,kraken:XBTUSD,D,2441.58,USD,2026-08-19T21:45:24.142468+00:00,posted
kraken:105348173,kraken:XBTUSD,D,39.90,USD,2026-08-19T21:08:44.349729+00:00,posted
kraken:105348174,kraken:XBTUSD,D,610.49,USD,2026-08-19T19:24:14.517618+00:00,posted
kraken:105348175,kraken:XBTUSD,D,936.08,USD,2026-08-19T22:05:06.137640+00:00,posted
kraken:105348176,kraken:XBTUSD,D,907.35,USD,2026-08-19T19:36:26.400344+00:00,posted
kraken:105348177,kraken:XBTUSD,D,1599.19,USD,2026-08-19T21:46:25.123454+00:00,posted
kraken:105348178,kraken:XBTUSD,D,160.71,USD,2026-08-22T14:03:25.241454+00:00,posted
kraken:105348179,kraken:XBTUSD,C,8392.31,USD,2026-08-19T19:22:57.229104+00:00,posted
kraken:105348180,kraken:XBTUSD,C,250.00,USD,2026-08-19T21:28:39.234345+00:00,posted
kraken:105348181,kraken:XBTUSD,C,4768.80,USD,2026-08-19T21:32:07.065250+00:00,posted
kraken:105348182,kraken:XBTUSD,C,20847.50,USD,2026-08-21T11:04:17.935330+00:00,posted
kraken:105348183,kraken:XBTUSD,D,1588.23,USD,2026-08-19T20:04:37.380589+00:00,posted
kraken:105348184,kraken:XBTUSD,D,487.80,USD,2026-08-19T20:50:48.419003+00:00,posted
kraken:105348185,kraken:XBTUSD,D,28582.71,USD,2026-08-19T21:31:56.952445+00:00,posted
kraken:105348186,kraken:XBTUSD,C,604.74,USD,2026-08-19T23:29:22.412595+00:00,posted
kraken:105348187,kraken:XBTUSD,D,2725.58,USD,2026-08-19T23:04:57.105132+00:00,posted
kraken:105348188,kraken:XBTUSD,D,135583.50,USD,2026-08-19T23:52:35.780231+00:00,posted
kraken:105348189,kraken:XBTUSD,C,30.15,USD,2026-08-19T23:15:05.364342+00:00,posted
kraken:105348190,kraken:XBTUSD,D,246.31,USD,2026-08-19T20:22:50.033101+00:00,posted
kraken:105348191,kraken:XBTUSD,D,9.41,USD,2026-08-20T00:13:56.896472+00:00,posted
kraken:105348192,kraken:XBTUSD,C,2952.69,USD,2026-08-19T19:33:20.922308+00:00,posted
kraken:105348193,kraken:XBTUSD,D,50943.64,USD,2026-08-19T20:38:16.596768+00:00,posted
kraken:105348194,kraken:XBTUSD,D,80.76,USD,2026-08-19T21:43:45.246975+00:00,posted
kraken:105348195,kraken:XBTUSD,D,28179.03,USD,2026-08-19T20:30:39.574498+00:00,posted
kraken:105348196,kraken:XBTUSD,D,29927.73,USD,2026-08-19T22:34:38.856127+00:00,posted
kraken:105348197,kraken:XBTUSD,D,37561.98,USD,2026-08-19T20:01:32.928924+00:00,posted
kraken:105348198,kraken:XBTUSD,D,46142.06,USD,2026-08-19T18:58:52.905725+00:00,posted
kraken:105348200,kraken:XBTUSD,D,26605.33,USD,2026-08-19T20:51:53.732595+00:00,posted
kraken:105348201,kraken:XBTUSD,D,37396.81,USD,2026-08-19T23:15:20.178664+00:00,posted
kraken:105348202,kraken:XBTUSD,D,65833.08,USD,2026-08-19T21:27:56.886551+00:00,posted
kraken:105348203,kraken:XBTUSD,D,25759.91,USD,2026-08-19T23:31:29.476250+00:00,posted
kraken:105348204,kraken:XBTUSD,D,27390.55,USD,2026-08-19T21:09:47.492873+00:00,posted
kraken:105348205,kraken:XBTUSD,D,37742.52,USD,2026-08-19T21:15:17.155184+00:00,posted
kraken:105348206,kraken:XBTUSD,D,2164.46,USD,2026-08-19T20:59:47.557063+00:00,posted
kraken:105348207,kraken:XBTUSD,D,35265.78,USD,2026-08-21T18:21:21.664161+00:00,posted
kraken:105348208,kraken:XBTUSD,D,40121.89,USD,2026-08-20T00:04:21.188336+00:00,posted
kraken:105348209,kraken:XBTUSD,D,70152.48,USD,2026-08-19T22:33:06.508691+00:00,posted
kraken:105348210,kraken:XBTUSD,D,56036.93,USD,2026-08-19T23:25:35.911089+00:00,posted
kraken:105348211,kraken:XBTUSD,D,27921.53,USD,2026-08-19T23:28:05.936200+00:00,posted
kraken:105348212,kraken:XBTUSD,D,72196.59,USD,2026-08-19T20:29:00.854079+00:00,posted
kraken:105348213,kraken:XBTUSD,D,25649.93,USD,2026-08-19T22:55:07.137912+00:00,posted
kraken:105348214,kraken:XBTUSD,D,30660.15,USD,2026-08-19T18:56:21.792646+00:00,posted
kraken:105348215,kraken:XBTUSD,D,26401.00,USD,2026-08-20T00:13:40.046459+00:00,posted
kraken:105348216,kraken:XBTUSD,D,51455.42,USD,2026-08-19T21:07:43.661417+00:00,posted
kraken:105348217,kraken:XBTUSD,D,45677.91,USD,2026-08-22T12:07:32.721384+00:00,posted
kraken:105348218,kraken:XBTUSD,D,7049.54,USD,2026-08-19T22:33:32.452040+00:00,posted
kraken:105348219,kraken:XBTUSD,D,3813.86,USD,2026-08-19T18:59:41.911771+00:00,posted
kraken:105348220,kraken:XBTUSD,D,1493.42,USD,2026-08-19T20:21:20.015439+00:00,posted
kraken:105348221,kraken:XBTUSD,D,628.59,USD,2026-08-19T19:32:33.630852+00:00,posted
kraken:105348222,kraken:XBTUSD,D,88.78,USD,2026-08-19T21:51:16.741668+00:00,posted
kraken:105348223,kraken:XBTUSD,D,425.88,USD,2026-08-19T19:40:37.053345+00:00,posted
kraken:105348224,kraken:XBTUSD,D,28.02,USD,2026-08-19T21:28:45.200906+00:00,posted
kraken:105348225,kraken:XBTUSD,D,80.03,USD,2026-08-19T20:01:08.732768+00:00,posted
kraken:105348226,kraken:XBTUSD,D,12.58,USD,2026-08-19T21:16:10.907360+00:00,posted
kraken:105348228,kraken:XBTUSD,D,62.03,USD,2026-08-19T20:19:26.529623+00:00,posted
kraken:105348229,kraken:XBTUSD,D,3484.27,USD,2026-08-19T19:08:53.940219+00:00,posted
kraken:105348230,kraken:XBTUSD,C,1027.76,USD,2026-08-20T00:10:27.087166+00:00,posted
kraken:105348231,kraken:XBTUSD,C,1027.76,USD,2026-08-20T00:01:59.759243+00:00,posted
kraken:105348232,kraken:XBTUSD,C,446.87,USD,2026-08-19T21:15:16.932692+00:00,posted
kraken:105348233,kraken:XBTUSD,C,9.54,USD,2026-08-20T00:14:19.180198+00:00,posted
kraken:105348234,kraken:XBTUSD,C,72.24,USD,2026-08-19T19:19:43.318296+00:00,posted
kraken:105348235,kraken:XBTUSD,C,54.67,USD,2026-08-19T20:42:58.974921+00:00,posted
kraken:105348236,kraken:XBTUSD,C,1233.90,USD,2026-08-19T22:35:17.309376+00:00,posted
kraken:105348237,kraken:XBTUSD,D,2164.46,USD,2026-08-19T20:15:06.298169+00:00,posted
kraken:105348238,kraken:XBTUSD,D,276.12,USD,2026-08-19T22:30:50.435163+00:00,posted
kraken:105348239,kraken:XBTUSD,D,155.69,USD,2026-08-19T19:00:42.720529+00:00,posted
kraken:105348241,kraken:XBTUSD,D,21.29,USD,2026-08-19T20:18:58.360945+00:00,posted
kraken:105348242,kraken:XBTUSD,D,3.43,USD,2026-08-22T06:03:53.137585+00:00,posted
kraken:105348243,kraken:XBTUSD,D,11.95,USD,2026-08-19T22:14:36.754490+00:00,posted
kraken:105348244,kraken:XBTUSD,D,3.43,USD,2026-08-19T22:28:11.457527+00:00,posted
kraken:105348245,kraken:XBTUSD,D,3.43,USD,2026-08-19T22:22:03.516503+00:00,posted
kraken:105348246,kraken:XBTUSD,D,3.43,USD,2026-08-19T22:11:51.035150+00:00,posted
kraken:105348247,kraken:XBTUSD,D,3.56,USD,2026-08-19T22:17:49.267501+00:00,posted
kraken:105348248,kraken:XBTUSD,D,3.43,USD,2026-08-19T21:10:00.022901+00:00,posted
kraken:105348249,kraken:XBTUSD,D,3.43,USD,2026-08-19T22:46:12.447756+00:00,posted
kraken:105348250,kraken:XBTUSD,D,3.43,USD,2026-08-22T06:07:16.418462+00:00,posted
kraken:105348251,kraken:XBTUSD,D,3.43,USD,2026-08-21T11:49:57.548955+00:00,posted
kraken:105348252,kraken:XBTUSD,D,3.43,USD,2026-08-20T00:05:07.220074+00:00,posted
kraken:105348253,kraken:XBTUSD,D,3.43,USD,2026-08-19T23:45:58.769160+00:00,posted
kraken:105348254,kraken:XBTUSD,D,3.43,USD,2026-08-19T20:09:19.735503+00:00,posted
kraken:105348255,kraken:XBTUSD,D,3.88,USD,2026-08-19T21:23:32.315545+00:00,posted
kraken:105348256,kraken:XBTUSD,D,3.70,USD,2026-08-19T22:50:53.604327+00:00,posted
kraken:105348257,kraken:XBTUSD,D,3.43,USD,2026-08-19T19:22:32.089771+00:00,posted
kraken:105348258,kraken:XBTUSD,D,3.43,USD,2026-08-19T19:30:58.719107+00:00,posted
kraken:105348259,kraken:XBTUSD,D,3834.83,USD,2026-08-19T23:28:22.665561+00:00,posted
kraken:105348260,kraken:XBTUSD,D,168162.11,USD,2026-08-20T00:07:54.822789+00:00,posted
kraken:105348261,kraken:XBTUSD,D,50.01,USD,2026-08-19T23:10:02.801734+00:00,posted
kraken:105348262,kraken:XBTUSD,D,20.00,USD,2026-08-19T23:05:27.469360+00:00,posted
kraken:105348264,kraken:XBTUSD,D,68.52,USD,2026-08-19T21:14:36.729731+00:00,posted
kraken:105348265,kraken:XBTUSD,D,27406.92,USD,2026-08-19T22:26:24.314170+00:00,posted
kraken:105348266,kraken:XBTUSD,D,9.05,USD,2026-08-19T23:15:55.828946+00:00,posted
kraken:105348267,kraken:XBTUSD,D,3.49,USD,2026-08-19T19:20:17.220790+00:00,posted
kraken:105348268,kraken:XBTUSD,D,3.49,USD,2026-08-19T18:52:47.456029+00:00,posted
kraken:105348269,kraken:XBTUSD,D,3.50,USD,2026-08-19T21:49:47.834135+00:00,posted
kraken:105348270,kraken:XBTUSD,C,22.46,USD,2026-08-19T19:57:35.523220+00:00,posted
kraken:105348271,kraken:XBTUSD,C,26.52,USD,2026-08-19T22:18:47.395118+00:00,posted
kraken:105348272,kraken:XBTUSD,D,75.79,USD,2026-08-19T18:59:30.363238+00:00,posted
kraken:105348273,kraken:XBTUSD,D,50.00,USD,2026-08-19T19:16:36.897953+00:00,posted
kraken:105348274,kraken:XBTUSD,C,5.52,USD,2026-08-19T19:29:23.216150+00:00,posted
kraken:105348275,kraken:XBTUSD,D,20.00,USD,2026-08-19T22:25:53.491124+00:00,posted
kraken:105348276,kraken:XBTUSD,D,1.01,USD,2026-08-19T23:56:48.150889+00:00,posted
kraken:105348277,kraken:XBTUSD,D,48.99,USD,2026-08-19T22:49:37.188601+00:00,posted
kraken:105348278,kraken:XBTUSD,D,68.54,USD,2026-08-19T21:01:34.975752+00:00,posted
kraken:105348279,kraken:XBTUSD,D,6.85,USD,2026-08-21T13:50:02.687158+00:00,posted
kraken:105348280,kraken:XBTUSD,D,20.00,USD,2026-08-19T18:55:28.044589+00:00,posted
kraken:105348281,kraken:XBTUSD,D,3.50,USD,2026-08-19T21:10:59.247213+00:00,posted
kraken:105348282,kraken:XBTUSD,D,47.32,USD,2026-08-19T23:26:58.175936+00:00,posted
kraken:105348283,kraken:XBTUSD,D,50.00,USD,2026-08-21T20:22:46.702630+00:00,posted
kraken:105348284,kraken:XBTUSD,D,20.00,USD,2026-08-19T20:43:04.743822+00:00,posted
kraken:105348285,kraken:XBTUSD,D,9076.54,USD,2026-08-19T19:47:21.211297+00:00,posted
kraken:105348286,kraken:XBTUSD,D,68.54,USD,2026-08-19T23:24:34.058898+00:00,posted
kraken:105348287,kraken:XBTUSD,D,6.85,USD,2026-08-19T22:23:25.822780+00:00,posted
kraken:105348288,kraken:XBTUSD,D,99.95,USD,2026-08-19T22:01:49.734582+00:00,posted
kraken:105348289,kraken:XBTUSD,D,50.00,USD,2026-08-20T00:11:04.898482+00:00,posted
kraken:105348290,kraken:XBTUSD,D,20.00,USD,2026-08-19T19:52:29.314972+00:00,posted
kraken:105348291,kraken:XBTUSD,D,897.54,USD,2026-08-19T21:47:39.558796+00:00,posted
coinbase:1073145682,coinbase:BTC-USD,D,2742.59,USD,2026-08-19T23:13:07.948054+00:00,posted
coinbase:1073145683,coinbase:BTC-USD,C,924.43,USD,2026-08-19T23:00:22.230061+00:00,posted
coinbase:1073145684,coinbase:BTC-USD,D,0.00,USD,2026-08-19T22:01:30.564398+00:00,posted
coinbase:1073145685,coinbase:BTC-USD,C,0.00,USD,2026-08-20T00:09:34.177909+00:00,posted
coinbase:1073145686,coinbase:BTC-USD,D,0.00,USD,2026-08-19T21:43:06.761201+00:00,posted
coinbase:1073145687,coinbase:BTC-USD,C,0.00,USD,2026-08-19T19:21:07.158891+00:00,posted
coinbase:1073145688,coinbase:BTC-USD,C,0.00,USD,2026-08-19T19:28:20.552287+00:00,posted
coinbase:1073145702,coinbase:BTC-USD,D,72395.27,USD,2026-08-19T23:05:01.925702+00:00,posted
coinbase:1073145701,coinbase:BTC-USD,D,1.40,USD,2026-08-19T18:50:03.446774+00:00,posted
coinbase:1073145700,coinbase:BTC-USD,D,1371.18,USD,2026-08-19T19:26:40.800486+00:00,posted
coinbase:1073145699,coinbase:BTC-USD,D,200.17,USD,2026-08-19T19:22:21.237594+00:00,posted
coinbase:1073145698,coinbase:BTC-USD,D,39.52,USD,2026-08-19T21:34:13.092881+00:00,posted
coinbase:1073145697,coinbase:BTC-USD,D,524.97,USD,2026-08-22T15:37:38.804425+00:00,posted
coinbase:1073145696,coinbase:BTC-USD,D,75.00,USD,2026-08-19T21:16:00.223258+00:00,posted
coinbase:1073145695,coinbase:BTC-USD,D,419.99,USD,2026-08-19T19:04:55.324388+00:00,posted
coinbase:1073145694,coinbase:BTC-USD,D,2.00,USD,2026-08-19T20:57:23.002959+00:00,posted
coinbase:1073145693,coinbase:BTC-USD,D,2612.32,USD,2026-08-19T21:26:38.304632+00:00,posted
coinbase:1073145692,coinbase:BTC-USD,D,5093.12,USD,2026-08-20T23:16:13.040931+00:00,posted
coinbase:1073145691,coinbase:BTC-USD,D,420.00,USD,2026-08-20T21:24:00.871238+00:00,posted
coinbase:1073145690,coinbase:BTC-USD,D,1538.98,USD,2026-08-19T22:13:45.900461+00:00,posted
coinbase:1073145689,coinbase:BTC-USD,D,2892.62,USD,2026-08-22T06:25:39.913967+00:00,posted
coinbase:1073145703,coinbase:BTC-USD,C,0.00,USD,2026-08-19T21:39:56.021037+00:00,posted
coinbase:1073145704,coinbase:BTC-USD,D,0.01,USD,2026-08-19T22:04:38.473445+00:00,posted
coinbase:1073145705,coinbase:BTC-USD,D,0.00,USD,2026-08-22T11:10:53.624715+00:00,posted
coinbase:1073145707,coinbase:BTC-USD,D,1895.62,USD,2026-08-19T22:58:36.577164+00:00,posted
coinbase:1073145706,coinbase:BTC-USD,D,74.99,USD,2026-08-19T19:55:48.571821+00:00,posted
coinbase:1073145708,coinbase:BTC-USD,D,0.00,USD,2026-08-19T20:00:15.384594+00:00,posted
coinbase:1073145709,coinbase:BTC-USD,C,0.00,USD,2026-08-21T11:19:40.383641+00:00,posted
coinbase:1073145710,coinbase:BTC-USD,C,0.00,USD,2026-08-19T19:16:14.104483+00:00,posted
coinbase:1073145711,coinbase:BTC-USD,C,0.00,USD,2026-08-19T22:24:20.710071+00:00,posted
coinbase:1073145712,coinbase:BTC-USD,C,0.00,USD,2026-08-19T19:35:14.028847+00:00,posted
coinbase:1073145713,coinbase:BTC-USD,C,0.00,USD,2026-08-19T19:07:01.265086+00:00,posted
coinbase:1073145714,coinbase:BTC-USD,D,0.02,USD,2026-08-19T19:15:38.012148+00:00,posted
coinbase:1073145715,coinbase:BTC-USD,C,0.00,USD,2026-08-22T09:12:45.944268+00:00,posted
coinbase:1073145716,coinbase:BTC-USD,D,0.00,USD,2026-08-19T21:58:24.234811+00:00,posted
coinbase:1073145717,coinbase:BTC-USD,C,0.00,USD,2026-08-19T20:33:39.400724+00:00,posted
coinbase:1073145718,coinbase:BTC-USD,C,0.00,USD,2026-08-19T20:41:33.864048+00:00,posted
coinbase:1073145723,coinbase:BTC-USD,D,2963.91,USD,2026-08-19T22:52:28.261708+00:00,posted
coinbase:1073145722,coinbase:BTC-USD,D,1564.50,USD,2026-08-19T22:42:49.634992+00:00,posted
coinbase:1073145721,coinbase:BTC-USD,D,2612.23,USD,2026-08-19T22:03:00.753359+00:00,posted
coinbase:1073145720,coinbase:BTC-USD,D,420.00,USD,2026-08-19T21:55:35.420217+00:00,posted
coinbase:1073145719,coinbase:BTC-USD,D,3083.28,USD,2026-08-19T22:21:36.012352+00:00,posted
coinbase:1073145724,coinbase:BTC-USD,D,632.91,USD,2026-08-19T19:20:35.359028+00:00,posted
coinbase:1073145725,coinbase:BTC-USD,D,110.07,USD,2026-08-19T20:46:10.346027+00:00,posted
coinbase:1073145726,coinbase:BTC-USD,D,21.36,USD,2026-08-19T21:54:19.817823+00:00,posted
coinbase:1073145728,coinbase:BTC-USD,D,91.42,USD,2026-08-19T23:23:46.710097+00:00,posted
coinbase:1073145727,coinbase:BTC-USD,D,1400.12,USD,2026-08-19T23:14:57.489722+00:00,posted
coinbase:1073145729,coinbase:BTC-USD,D,39.47,USD,2026-08-19T22:16:58.081836+00:00,posted
coinbase:1073145730,coinbase:BTC-USD,D,159.56,USD,2026-08-19T18:54:25.914867+00:00,posted
coinbase:1073145731,coinbase:BTC-USD,D,100.30,USD,2026-08-19T22:56:28.352312+00:00,posted
coinbase:1073145732,coinbase:BTC-USD,D,148.58,USD,2026-08-19T20:40:42.910453+00:00,posted
coinbase:1073145733,coinbase:BTC-USD,D,542.96,USD,2026-08-19T19:32:09.037115+00:00,posted
coinbase:1073145734,coinbase:BTC-USD,D,100.87,USD,2026-08-19T19:07:50.451012+00:00,posted
coinbase:1073145735,coinbase:BTC-USD,D,132.74,USD,2026-08-20T00:05:34.506864+00:00,posted
coinbase:1073145736,coinbase:BTC-USD,D,18.03,USD,2026-08-21T12:18:19.056056+00:00,posted
coinbase:1073145737,coinbase:BTC-USD,D,48.33,USD,2026-08-19T19:36:49.367911+00:00,posted
coinbase:1073145738,coinbase:BTC-USD,D,112.30,USD,2026-08-19T20:31:55.447133+00:00,posted
coinbase:1073145739,coinbase:BTC-USD,D,14.51,USD,2026-08-19T22:01:37.897039+00:00,posted
coinbase:1073145740,coinbase:BTC-USD,D,1022.35,USD,2026-08-19T19:36:13.148744+00:00,posted
coinbase:1073145741,coinbase:BTC-USD,D,15.24,USD,2026-08-19T19:01:17.964244+00:00,posted
coinbase:1073145742,coinbase:BTC-USD,D,21.07,USD,2026-08-21T14:36:02.422641+00:00,posted
coinbase:1073145743,coinbase:BTC-USD,D,137.00,USD,2026-08-19T21:01:33.507859+00:00,posted
coinbase:1073145746,coinbase:BTC-USD,D,75.00,USD,2026-08-19T21:33:57.131819+00:00,posted
coinbase:1073145745,coinbase:BTC-USD,D,420.00,USD,2026-08-19T19:21:28.292454+00:00,posted
coinbase:1073145744,coinbase:BTC-USD,D,3899.34,USD,2026-08-19T22:00:36.733122+00:00,posted
coinbase:1073145747,coinbase:BTC-USD,D,418.22,USD,2026-08-19T20:26:39.379118+00:00,posted
coinbase:1073145749,coinbase:BTC-USD,D,10.47,USD,2026-08-20T00:09:44.750393+00:00,posted
coinbase:1073145748,coinbase:BTC-USD,D,1.17,USD,2026-08-19T22:58:06.246999+00:00,posted
coinbase:1073145750,coinbase:BTC-USD,D,675.08,USD,2026-08-19T20:20:23.779621+00:00,posted
coinbase:1073145751,coinbase:BTC-USD,D,1.17,USD,2026-08-19T21:29:00.989710+00:00,posted
coinbase:1073145752,coinbase:BTC-USD,C,0.00,USD,2026-08-19T19:27:30.690854+00:00,posted
coinbase:1073145753,coinbase:BTC-USD,D,0.01,USD,2026-08-19T20:00:49.069513+00:00,posted
coinbase:1073145754,coinbase:BTC-USD,C,0.00,USD,2026-08-19T22:25:20.369608+00:00,posted
coinbase:1073145756,coinbase:BTC-USD,C,0.00,USD,2026-08-19T21:08:50.372963+00:00,posted
coinbase:1073145757,coinbase:BTC-USD,D,0.00,USD,2026-08-19T19:10:34.913816+00:00,posted
coinbase:1073145758,coinbase:BTC-USD,D,0.01,USD,2026-08-19T21:06:33.097059+00:00,posted
coinbase:1073145763,coinbase:BTC-USD,D,1962.96,USD,2026-08-19T22:16:08.151080+00:00,posted
coinbase:1073145762,coinbase:BTC-USD,D,3016.23,USD,2026-08-19T20:58:32.985713+00:00,posted
coinbase:1073145761,coinbase:BTC-USD,D,2611.78,USD,2026-08-19T19:41:36.435008+00:00,posted
coinbase:1073145760,coinbase:BTC-USD,D,3.14,USD,2026-08-19T21:16:43.264690+00:00,posted
coinbase:1073145759,coinbase:BTC-USD,D,1.15,USD,2026-08-19T20:44:18.029319+00:00,posted
coinbase:1073145764,coinbase:BTC-USD,D,0.00,USD,2026-08-19T19:19:49.479446+00:00,posted
coinbase:1073145766,coinbase:BTC-USD,C,167.13,USD,2026-08-19T20:57:03.036503+00:00,posted
coinbase:1073145765,coinbase:BTC-USD,C,3.61,USD,2026-08-19T19:58:01.256906+00:00,posted
coinbase:1073145767,coinbase:BTC-USD,D,0.02,USD,2026-08-19T19:10:06.651060+00:00,posted
coinbase:1073145768,coinbase:BTC-USD,D,0.01,USD,2026-08-19T21:40:00.420685+00:00,posted
coinbase:1073145769,coinbase:BTC-USD,C,0.00,USD,2026-08-19T23:01:04.075584+00:00,posted
coinbase:1073145770,coinbase:BTC-USD,D,0.07,USD,2026-08-20T00:01:07.726879+00:00,posted
coinbase:1073145771,coinbase:BTC-USD,C,0.00,USD,2026-08-19T19:33:39.193813+00:00,posted
coinbase:1073145772,coinbase:BTC-USD,D,0.01,USD,2026-08-21T02:34:35.566800+00:00,posted
coinbase:1073145773,coinbase:BTC-USD,C,0.00,USD,2026-08-19T22:55:26.301406+00:00,posted
coinbase:1073145774,coinbase:BTC-USD,D,5.76,USD,2026-08-19T21:18:01.383613+00:00,posted
coinbase:1073145775,coinbase:BTC-USD,D,0.01,USD,2026-08-19T21:56:08.592271+00:00,posted
coinbase:1073145776,coinbase:BTC-USD,C,0.00,USD,2026-08-19T23:35:59.862208+00:00,posted
coinbase:1073145781,coinbase:BTC-USD,D,59647.65,USD,2026-08-20T00:10:28.739762+00:00,posted
coinbase:1073145780,coinbase:BTC-USD,D,1.17,USD,2026-08-20T00:05:20.673868+00:00,posted
coinbase:1073145779,coinbase:BTC-USD,D,1741.16,USD,2026-08-19T21:10:02.710961+00:00,posted
coinbase:1073145778,coinbase:BTC-USD,D,7053.77,USD,2026-08-19T22:13:16.832574+00:00,posted
coinbase:1073145777,coinbase:BTC-USD,D,5057.73,USD,2026-08-19T22:00:05.518382+00:00,posted
coinbase:1073145782,coinbase:BTC-USD,D,0.00,USD,2026-08-19T19:09:24.454239+00:00,posted
coinbase:1073145783,coinbase:BTC-USD,D,0.01,USD,2026-08-19T18:57:20.131721+00:00,posted
coinbase:1073145784,coinbase:BTC-USD,C,0.00,USD,2026-08-19T20:19:39.643861+00:00,posted
coinbase:1073145785,coinbase:BTC-USD,D,12338.90,USD,2026-08-20T00:07:27.450528+00:00,posted
coinbase:1073145786,coinbase:BTC-USD,D,10480.53,USD,2026-08-21T12:42:14.133556+00:00,posted
coinbase:1073145787,coinbase:BTC-USD,D,3015.98,USD,2026-08-19T23:59:49.347541+00:00,posted
coinbase:1073145788,coinbase:BTC-USD,D,0.00,USD,2026-08-19T18:58:27.842866+00:00,posted
coinbase:1073145790,coinbase:BTC-USD,D,1741.02,USD,2026-08-19T21:53:34.438083+00:00,posted
coinbase:1073145789,coinbase:BTC-USD,D,1.16,USD,2026-08-19T22:04:34.751206+00:00,posted
coinbase:1073145791,coinbase:BTC-USD,C,0.00,USD,2026-08-20T00:00:58.594650+00:00,posted
coinbase:1073145792,coinbase:BTC-USD,C,374.96,USD,2026-08-19T23:12:32.936471+00:00,posted
coinbase:1073145793,coinbase:BTC-USD,C,499.96,USD,2026-08-20T00:09:07.074617+00:00,posted
kraken:105348292,kraken:XBTUSD,C,6.59,USD,2026-08-20T20:07:39.662260+00:00,posted
coinbase:1073145796,coinbase:BTC-USD,D,1740.94,USD,2026-08-20T00:11:57.440308+00:00,posted
coinbase:1073145795,coinbase:BTC-USD,D,1.40,USD,2026-08-19T22:06:10.064105+00:00,posted
coinbase:1073145794,coinbase:BTC-USD,D,1.17,USD,2026-08-19T23:47:51.065485+00:00,posted
coinbase:1073145797,coinbase:BTC-USD,C,0.00,USD,2026-08-19T23:00:30.336203+00:00,posted
coinbase:1073145798,coinbase:BTC-USD,D,0.01,USD,2026-08-19T19:02:12.836294+00:00,posted
coinbase:1073145799,coinbase:BTC-USD,C,0.00,USD,2026-08-19T20:35:22.146580+00:00,posted
coinbase:1073145800,coinbase:BTC-USD,D,10202.52,USD,2026-08-19T21:49:03.807527+00:00,posted
coinbase:1073145801,coinbase:BTC-USD,D,36.43,USD,2026-08-19T20:08:05.653198+00:00,posted
coinbase:1073145803,coinbase:BTC-USD,D,804.28,USD,2026-08-20T00:03:11.456252+00:00,posted
coinbase:1073145802,coinbase:BTC-USD,D,42.12,USD,2026-08-19T19:34:33.529564+00:00,posted
coinbase:1073145805,coinbase:BTC-USD,D,677.70,USD,2026-08-22T14:15:09.925614+00:00,posted
coinbase:1073145804,coinbase:BTC-USD,D,817.01,USD,2026-08-19T22:21:26.021597+00:00,posted
coinbase:1073145806,coinbase:BTC-USD,D,257.05,USD,2026-08-19T19:27:29.381064+00:00,posted
coinbase:1073145807,coinbase:BTC-USD,D,39.56,USD,2026-08-19T19:12:53.575711+00:00,posted
coinbase:1073145808,coinbase:BTC-USD,D,1212.19,USD,2026-08-19T22:17:17.306124+00:00,posted
coinbase:1073145809,coinbase:BTC-USD,D,18.53,USD,2026-08-19T19:27:06.456624+00:00,posted
coinbase:1073145810,coinbase:BTC-USD,D,204.09,USD,2026-08-19T23:57:28.891067+00:00,posted
coinbase:1073145811,coinbase:BTC-USD,D,1241.87,USD,2026-08-19T23:46:02.614117+00:00,posted
coinbase:1073145812,coinbase:BTC-USD,D,788.21,USD,2026-08-21T18:39:22.961176+00:00,posted
coinbase:1073145814,coinbase:BTC-USD,D,213.87,USD,2026-08-19T23:58:49.310823+00:00,posted
coinbase:1073145815,coinbase:BTC-USD,C,0.00,USD,2026-08-19T22:57:46.171162+00:00,posted
coinbase:1073145818,coinbase:BTC-USD,D,1.17,USD,2026-08-20T00:14:55.916199+00:00,posted
coinbase:1073145817,coinbase:BTC-USD,D,1740.86,USD,2026-08-19T20:22:33.062714+00:00,posted
coinbase:1073145816,coinbase:BTC-USD,D,10280.66,USD,2026-08-19T21:32:28.635413+00:00,posted
coinbase:1073145821,coinbase:BTC-USD,D,1.17,USD,2026-08-19T22:48:41.530410+00:00,posted
coinbase:1073145820,coinbase:BTC-USD,D,68535.00,USD,2026-08-19T22:23:22.578051+00:00,posted
coinbase:1073145819,coinbase:BTC-USD,D,685.35,USD,2026-08-19T22:08:53.402168+00:00,posted
coinbase:1073145822,coinbase:BTC-USD,D,2056.05,USD,2026-08-19T19:35:50.593084+00:00,posted
coinbase:1073145824,coinbase:BTC-USD,D,685.30,USD,2026-08-19T22:33:34.735155+00:00,posted
coinbase:1073145823,coinbase:BTC-USD,D,1.17,USD,2026-08-19T23:42:48.979924+00:00,posted
coinbase:1073145826,coinbase:BTC-USD,D,9.21,USD,2026-08-19T18:59:21.531467+00:00,posted
coinbase:1073145825,coinbase:BTC-USD,D,1.16,USD,2026-08-19T22:42:24.217735+00:00,posted
kraken:105348293,kraken:XBTUSD,C,43.41,USD,2026-08-19T22:06:26.243048+00:00,posted
kraken:105348294,kraken:XBTUSD,C,68.55,USD,2026-08-19T23:03:35.700807+00:00,posted
kraken:105348295,kraken:XBTUSD,C,2000.00,USD,2026-08-19T20:03:51.989935+00:00,posted
kraken:105348296,kraken:XBTUSD,C,4572.41,USD,2026-08-19T23:03:46.984434+00:00,posted
kraken:105348297,kraken:XBTUSD,C,3.50,USD,2026-08-19T19:48:57.973979+00:00,posted
coinbase:1073145827,coinbase:BTC-USD,C,0.00,USD,2026-08-19T21:53:10.793026+00:00,posted
coinbase:1073145828,coinbase:BTC-USD,D,0.00,USD,2026-08-19T22:58:51.384573+00:00,posted
coinbase:1073145829,coinbase:BTC-USD,D,0.01,USD,2026-08-19T21:30:54.160485+00:00,posted
coinbase:1073145830,coinbase:BTC-USD,C,0.00,USD,2026-08-19T19:38:25.484319+00:00,posted
coinbase:1073145831,coinbase:BTC-USD,C,0.00,USD,2026-08-19T22:04:29.258019+00:00,posted
coinbase:1073145832,coinbase:BTC-USD,C,0.00,USD,2026-08-19T19:02:10.279607+00:00,posted
coinbase:1073145833,coinbase:BTC-USD,C,0.00,USD,2026-08-19T20:47:27.316532+00:00,posted
coinbase:1073145834,coinbase:BTC-USD,C,0.00,USD,2026-08-19T22:39:43.232593+00:00,posted
coinbase:1073145835,coinbase:BTC-USD,D,0.01,USD,2026-08-19T19:26:06.135137+00:00,posted
coinbase:1073145836,coinbase:BTC-USD,C,0.01,USD,2026-08-21T15:48:59.973226+00:00,posted
coinbase:1073145837,coinbase:BTC-USD,D,0.00,USD,2026-08-19T23:19:12.446776+00:00,posted
coinbase:1073145838,coinbase:BTC-USD,D,0.00,USD,2026-08-22T09:27:04.074049+00:00,posted
coinbase:1073145839,coinbase:BTC-USD,D,0.00,USD,2026-08-19T23:52:01.150281+00:00,posted
coinbase:1073145840,coinbase:BTC-USD,D,20.24,USD,2026-08-19T20:55:47.702499+00:00,posted
coinbase:1073145841,coinbase:BTC-USD,C,989.70,USD,2026-08-19T20:52:24.154697+00:00,posted
coinbase:1073145853,coinbase:BTC-USD,D,18246.68,USD,2026-08-21T09:32:46.888143+00:00,posted
coinbase:1073145852,coinbase:BTC-USD,D,1.16,USD,2026-08-21T10:20:36.315167+00:00,posted
coinbase:1073145851,coinbase:BTC-USD,D,685.25,USD,2026-08-19T18:57:36.544849+00:00,posted
coinbase:1073145850,coinbase:BTC-USD,D,2268.19,USD,2026-08-22T04:21:29.363347+00:00,posted
coinbase:1073145849,coinbase:BTC-USD,D,3212.81,USD,2026-08-19T22:55:23.196529+00:00,posted
coinbase:1073145848,coinbase:BTC-USD,D,3.15,USD,2026-08-19T22:08:02.037157+00:00,posted
coinbase:1073145847,coinbase:BTC-USD,D,2.00,USD,2026-08-19T18:51:14.418586+00:00,posted
coinbase:1073145846,coinbase:BTC-USD,D,1597.93,USD,2026-08-19T19:34:18.630120+00:00,posted
coinbase:1073145845,coinbase:BTC-USD,D,4529.96,USD,2026-08-19T22:05:53.967627+00:00,posted
coinbase:1073145844,coinbase:BTC-USD,D,31827.78,USD,2026-08-19T23:01:06.359791+00:00,posted
coinbase:1073145843,coinbase:BTC-USD,D,1308.90,USD,2026-08-19T19:25:10.738899+00:00,posted
coinbase:1073145842,coinbase:BTC-USD,D,4976.47,USD,2026-08-19T22:15:49.385962+00:00,posted
kraken:105348298,kraken:XBTUSD,C,96.33,USD,2026-08-19T19:05:41.996567+00:00,posted
coinbase:1073145854,coinbase:BTC-USD,C,377.46,USD,2026-08-19T21:29:55.116663+00:00,posted
coinbase:1073145855,coinbase:BTC-USD,D,0.01,USD,2026-08-19T22:13:31.543253+00:00,posted
coinbase:1073145856,coinbase:BTC-USD,C,0.00,USD,2026-08-21T03:00:16.420543+00:00,posted
coinbase:1073145857,coinbase:BTC-USD,C,0.00,USD,2026-08-19T18:45:30.055632+00:00,posted
coinbase:1073145858,coinbase:BTC-USD,C,0.00,USD,2026-08-19T21:53:18.450927+00:00,posted
coinbase:1073145861,coinbase:BTC-USD,D,114.60,USD,2026-08-19T22:25:30.037387+00:00,posted
coinbase:1073145860,coinbase:BTC-USD,D,5213.62,USD,2026-08-19T20:43:59.336712+00:00,posted
coinbase:1073145859,coinbase:BTC-USD,D,4976.43,USD,2026-08-19T21:44:32.205116+00:00,posted
coinbase:1073145862,coinbase:BTC-USD,D,531.30,USD,2026-08-19T21:32:30.319842+00:00,posted
coinbase:1073145863,coinbase:BTC-USD,D,10.51,USD,2026-08-21T21:15:12.620720+00:00,posted
coinbase:1073145864,coinbase:BTC-USD,D,48.55,USD,2026-08-19T20:08:41.668915+00:00,posted
coinbase:1073145866,coinbase:BTC-USD,D,298.64,USD,2026-08-19T20:38:46.484744+00:00,posted
coinbase:1073145868,coinbase:BTC-USD,D,531.22,USD,2026-08-19T22:12:18.883796+00:00,posted
coinbase:1073145867,coinbase:BTC-USD,D,194.76,USD,2026-08-19T22:47:36.098238+00:00,posted
coinbase:1073145869,coinbase:BTC-USD,D,324.06,USD,2026-08-19T18:59:37.242574+00:00,posted
coinbase:1073145870,coinbase:BTC-USD,D,10.79,USD,2026-08-19T23:13:26.871841+00:00,posted
coinbase:1073145871,coinbase:BTC-USD,D,442.82,USD,2026-08-19T23:02:06.419846+00:00,posted
coinbase:1073145872,coinbase:BTC-USD,D,28.93,USD,2026-08-19T22:34:28.110258+00:00,posted
coinbase:1073145873,coinbase:BTC-USD,D,13.89,USD,2026-08-19T23:12:47.057267+00:00,posted
coinbase:1073145874,coinbase:BTC-USD,D,12.32,USD,2026-08-19T18:57:11.682688+00:00,posted
coinbase:1073145875,coinbase:BTC-USD,D,373.42,USD,2026-08-19T23:06:03.366548+00:00,posted
coinbase:1073145876,coinbase:BTC-USD,D,1077.84,USD,2026-08-19T20:29:08.202050+00:00,posted
coinbase:1073145877,coinbase:BTC-USD,D,16.65,USD,2026-08-19T20:56:24.241320+00:00,posted
coinbase:1073145878,coinbase:BTC-USD,D,30.47,USD,2026-08-19T21:21:12.721374+00:00,posted
coinbase:1073145879,coinbase:BTC-USD,D,41.68,USD,2026-08-19T20:42:47.495462+00:00,posted
coinbase:1073145880,coinbase:BTC-USD,D,24.78,USD,2026-08-19T23:30:42.212719+00:00,posted
coinbase:1073145881,coinbase:BTC-USD,D,1063.45,USD,2026-08-19T19:26:04.017831+00:00,posted
coinbase:1073145882,coinbase:BTC-USD,D,69.97,USD,2026-08-19T23:38:31.246713+00:00,posted
coinbase:1073145883,coinbase:BTC-USD,D,29.65,USD,2026-08-19T23:40:13.237132+00:00,posted
coinbase:1073145884,coinbase:BTC-USD,D,171.77,USD,2026-08-20T00:06:19.145191+00:00,posted
coinbase:1073145885,coinbase:BTC-USD,D,13.64,USD,2026-08-19T21:29:10.381651+00:00,posted
coinbase:1073145886,coinbase:BTC-USD,D,165.77,USD,2026-08-19T21:36:21.083783+00:00,posted
coinbase:1073145887,coinbase:BTC-USD,D,27.44,USD,2026-08-19T22:44:55.632151+00:00,posted
coinbase:1073145888,coinbase:BTC-USD,D,161.18,USD,2026-08-19T21:44:59.818183+00:00,posted
coinbase:1073145889,coinbase:BTC-USD,D,15.59,USD,2026-08-19T19:11:24.789880+00:00,posted
coinbase:1073145890,coinbase:BTC-USD,D,17.25,USD,2026-08-19T20:26:08.043934+00:00,posted
coinbase:1073145891,coinbase:BTC-USD,D,71.28,USD,2026-08-19T21:05:36.526144+00:00,posted
coinbase:1073145892,coinbase:BTC-USD,D,73.12,USD,2026-08-19T20:41:00.058844+00:00,posted
coinbase:1073145893,coinbase:BTC-USD,D,32.77,USD,2026-08-19T22:07:53.488975+00:00,posted
coinbase:1073145894,coinbase:BTC-USD,D,30.51,USD,2026-08-19T22:16:00.922575+00:00,posted
coinbase:1073145895,coinbase:BTC-USD,D,61.95,USD,2026-08-19T19:03:55.121257+00:00,posted
coinbase:1073145896,coinbase:BTC-USD,D,114.76,USD,2026-08-19T20:59:02.396291+00:00,posted
coinbase:1073145897,coinbase:BTC-USD,D,43.46,USD,2026-08-19T22:52:27.414388+00:00,posted
coinbase:1073145898,coinbase:BTC-USD,D,21.98,USD,2026-08-19T18:55:16.019583+00:00,posted
coinbase:1073145899,coinbase:BTC-USD,D,87.94,USD,2026-08-19T22:28:45.596285+00:00,posted
coinbase:1073145900,coinbase:BTC-USD,D,241.45,USD,2026-08-19T19:26:38.796125+00:00,posted
coinbase:1073145901,coinbase:BTC-USD,D,99.35,USD,2026-08-19T22:17:53.670000+00:00,posted
coinbase:1073145902,coinbase:BTC-USD,D,143.16,USD,2026-08-19T23:58:18.896638+00:00,posted
coinbase:1073145903,coinbase:BTC-USD,D,68.97,USD,2026-08-19T23:58:06.156749+00:00,posted
coinbase:1073145904,coinbase:BTC-USD,D,168.63,USD,2026-08-19T22:56:48.523861+00:00,posted
coinbase:1073145905,coinbase:BTC-USD,D,49.39,USD,2026-08-22T12:16:32.110054+00:00,posted
coinbase:1073145906,coinbase:BTC-USD,D,13.69,USD,2026-08-19T22:19:20.757059+00:00,posted
coinbase:1073145907,coinbase:BTC-USD,D,115.71,USD,2026-08-19T19:22:25.737100+00:00,posted
coinbase:1073145908,coinbase:BTC-USD,D,41.95,USD,2026-08-19T21:29:40.525684+00:00,posted
coinbase:1073145909,coinbase:BTC-USD,D,7.36,USD,2026-08-19T21:50:20.628408+00:00,posted
coinbase:1073145911,coinbase:BTC-USD,D,36.14,USD,2026-08-20T00:13:47.539106+00:00,posted
coinbase:1073145912,coinbase:BTC-USD,C,0.00,USD,2026-08-19T23:47:25.817894+00:00,posted
coinbase:1073145913,coinbase:BTC-USD,C,0.00,USD,2026-08-19T19:25:27.945004+00:00,posted
coinbase:1073145914,coinbase:BTC-USD,D,0.00,USD,2026-08-19T21:14:10.274928+00:00,posted
coinbase:1073145915,coinbase:BTC-USD,C,0.00,USD,2026-08-19T21:11:53.103044+00:00,posted
kraken:105348299,kraken:XBTUSD,D,59.99,USD,2026-08-22T10:50:06.031072+00:00,posted
coinbase:1073145916,coinbase:BTC-USD,D,0.01,USD,2026-08-19T20:39:39.007806+00:00,posted
coinbase:1073145917,coinbase:BTC-USD,C,0.00,USD,2026-08-19T23:25:57.044811+00:00,posted
coinbase:1073145918,coinbase:BTC-USD,D,0.01,USD,2026-08-19T23:51:01.122504+00:00,posted
coinbase:1073145920,coinbase:BTC-USD,D,1179.37,USD,2026-08-19T23:06:55.321755+00:00,posted
coinbase:1073145919,coinbase:BTC-USD,D,4976.25,USD,2026-08-19T19:25:03.109966+00:00,posted
coinbase:1073145922,coinbase:BTC-USD,D,1000.00,USD,2026-08-19T19:30:49.898115+00:00,posted
coinbase:1073145921,coinbase:BTC-USD,D,1000.00,USD,2026-08-19T18:53:40.559780+00:00,posted
coinbase:1073145923,coinbase:BTC-USD,D,0.00,USD,2026-08-19T20:46:44.592726+00:00,posted
kraken:105348300,kraken:XBTUSD,C,12761.37,USD,2026-08-19T21:47:02.811155+00:00,posted
coinbase:1073145924,coinbase:BTC-USD,C,0.00,USD,2026-08-19T19:13:27.365793+00:00,posted
coinbase:1073145930,coinbase:BTC-USD,D,3645.24,USD,2026-08-20T00:14:52.337297+00:00,posted
coinbase:1073145929,coinbase:BTC-USD,D,1.16,USD,2026-08-19T21:38:29.129393+00:00,posted
coinbase:1073145928,coinbase:BTC-USD,D,31845.56,USD,2026-08-19T23:16:42.475537+00:00,posted
coinbase:1073145927,coinbase:BTC-USD,D,21188.75,USD,2026-08-19T21:13:29.850441+00:00,posted
coinbase:1073145926,coinbase:BTC-USD,D,1308.82,USD,2026-08-19T20:38:41.748085+00:00,posted
coinbase:1073145925,coinbase:BTC-USD,D,3015.08,USD,2026-08-19T23:02:29.561418+00:00,posted
coinbase:1073145931,coinbase:BTC-USD,C,0.00,USD,2026-08-19T19:45:03.378828+00:00,posted
coinbase:1073145932,coinbase:BTC-USD,C,0.00,USD,2026-08-19T21:07:46.565384+00:00,posted
coinbase:1073145933,coinbase:BTC-USD,C,79488.47,USD,2026-08-19T19:03:18.054819+00:00,posted
coinbase:1073145934,coinbase:BTC-USD,C,2.18,USD,2026-08-19T19:35:30.586671+00:00,posted
coinbase:1073145935,coinbase:BTC-USD,C,85448.42,USD,2026-08-19T20:31:29.563745+00:00,posted
coinbase:1073145936,coinbase:BTC-USD,C,9436.73,USD,2026-08-19T20:39:12.139579+00:00,posted
coinbase:1073145937,coinbase:BTC-USD,C,3880.56,USD,2026-08-19T23:40:20.415930+00:00,posted
coinbase:1073145938,coinbase:BTC-USD,C,30143.95,USD,2026-08-19T20:07:42.867898+00:00,posted
coinbase:1073145939,coinbase:BTC-USD,C,2.18,USD,2026-08-19T21:46:47.543074+00:00,posted
coinbase:1073145940,coinbase:BTC-USD,C,61672.09,USD,2026-08-19T20:24:56.810536+00:00,posted
coinbase:1073145941,coinbase:BTC-USD,C,58448.75,USD,2026-08-19T21:30:51.831973+00:00,posted
coinbase:1073145945,coinbase:BTC-USD,C,420.02,USD,2026-08-21T22:00:31.272698+00:00,posted
coinbase:1073145944,coinbase:BTC-USD,C,17500.71,USD,2026-08-19T22:22:23.794622+00:00,posted
coinbase:1073145943,coinbase:BTC-USD,C,1781.82,USD,2026-08-19T22:04:42.634105+00:00,posted
coinbase:1073145942,coinbase:BTC-USD,C,14099.37,USD,2026-08-19T21:51:00.520811+00:00,posted
coinbase:1073145965,coinbase:BTC-USD,C,1936.34,USD,2026-08-19T18:54:22.679579+00:00,posted
coinbase:1073145964,coinbase:BTC-USD,C,5483.52,USD,2026-08-19T22:19:53.258073+00:00,posted
coinbase:1073145963,coinbase:BTC-USD,C,11946.00,USD,2026-08-19T21:02:29.302836+00:00,posted
coinbase:1073145962,coinbase:BTC-USD,C,4977.47,USD,2026-08-19T21:29:22.038110+00:00,posted
coinbase:1073145961,coinbase:BTC-USD,C,1.17,USD,2026-08-19T20:20:36.383324+00:00,posted
coinbase:1073145960,coinbase:BTC-USD,C,12138.58,USD,2026-08-19T21:24:23.191919+00:00,posted
coinbase:1073145959,coinbase:BTC-USD,C,4.71,USD,2026-08-22T08:41:26.979009+00:00,posted
coinbase:1073145958,coinbase:BTC-USD,C,75.01,USD,2026-08-19T19:09:05.750424+00:00,posted
coinbase:1073145957,coinbase:BTC-USD,C,1.17,USD,2026-08-19T21:18:16.839243+00:00,posted
coinbase:1073145956,coinbase:BTC-USD,C,11945.04,USD,2026-08-19T19:32:25.524604+00:00,posted
coinbase:1073145955,coinbase:BTC-USD,C,3219.59,USD,2026-08-19T20:30:23.349093+00:00,posted
coinbase:1073145954,coinbase:BTC-USD,C,1.17,USD,2026-08-19T20:38:59.221621+00:00,posted
coinbase:1073145953,coinbase:BTC-USD,C,3219.54,USD,2026-08-19T22:56:02.051416+00:00,posted
coinbase:1073145952,coinbase:BTC-USD,C,100.03,USD,2026-08-19T19:20:03.326404+00:00,posted
coinbase:1073145951,coinbase:BTC-USD,C,1987.44,USD,2026-08-19T19:25:26.818319+00:00,posted
coinbase:1073145950,coinbase:BTC-USD,C,1.17,USD,2026-08-19T19:31:30.261692+00:00,posted
coinbase:1073145949,coinbase:BTC-USD,C,2945.34,USD,2026-08-19T20:06:56.636071+00:00,posted
coinbase:1073145948,coinbase:BTC-USD,C,1160.88,USD,2026-08-19T19:37:42.937829+00:00,posted
coinbase:1073145947,coinbase:BTC-USD,C,525.04,USD,2026-08-19T21:55:39.087869+00:00,posted
coinbase:1073145946,coinbase:BTC-USD,C,16.20,USD,2026-08-19T22:56:50.687747+00:00,posted
coinbase:1073145966,coinbase:BTC-USD,C,2.18,USD,2026-08-19T21:34:52.439674+00:00,posted
coinbase:1073145975,coinbase:BTC-USD,C,613.96,USD,2026-08-19T20:26:49.989846+00:00,posted
coinbase:1073145974,coinbase:BTC-USD,C,4977.89,USD,2026-08-20T00:04:01.283586+00:00,posted
coinbase:1073145973,coinbase:BTC-USD,C,1.17,USD,2026-08-19T20:41:28.211060+00:00,posted
coinbase:1073145972,coinbase:BTC-USD,C,2029.12,USD,2026-08-19T20:19:18.706254+00:00,posted
coinbase:1073145970,coinbase:BTC-USD,C,12772.07,USD,2026-08-21T06:56:41.805385+00:00,posted
coinbase:1073145969,coinbase:BTC-USD,C,1.17,USD,2026-08-19T20:58:05.318929+00:00,posted
coinbase:1073145968,coinbase:BTC-USD,C,1370.88,USD,2026-08-19T20:44:38.859065+00:00,posted
coinbase:1073145967,coinbase:BTC-USD,C,803.24,USD,2026-08-19T20:52:30.595036+00:00,posted
coinbase:1073145983,coinbase:BTC-USD,C,5387.39,USD,2026-08-19T21:46:28.058804+00:00,posted
coinbase:1073145982,coinbase:BTC-USD,C,11947.41,USD,2026-08-19T22:10:41.071689+00:00,posted
coinbase:1073145981,coinbase:BTC-USD,C,1.17,USD,2026-08-19T19:27:28.423568+00:00,posted
coinbase:1073145980,coinbase:BTC-USD,C,1.50,USD,2026-08-22T17:36:57.796847+00:00,posted
coinbase:1073145979,coinbase:BTC-USD,C,2742.02,USD,2026-08-19T20:45:39.894622+00:00,posted
coinbase:1073145978,coinbase:BTC-USD,C,1371.01,USD,2026-08-19T22:03:49.654865+00:00,posted
coinbase:1073145977,coinbase:BTC-USD,C,684.67,USD,2026-08-19T18:58:17.935574+00:00,posted
coinbase:1073145976,coinbase:BTC-USD,C,12140.01,USD,2026-08-19T21:36:23.676097+00:00,posted
coinbase:1073145992,coinbase:BTC-USD,C,2131.28,USD,2026-08-19T23:39:44.896165+00:00,posted
coinbase:1073145991,coinbase:BTC-USD,C,4548.38,USD,2026-08-19T23:52:21.989625+00:00,posted
coinbase:1073145990,coinbase:BTC-USD,C,10000.00,USD,2026-08-19T20:54:41.389502+00:00,posted
coinbase:1073145989,coinbase:BTC-USD,C,1.17,USD,2026-08-19T23:23:04.406824+00:00,posted
coinbase:1073145988,coinbase:BTC-USD,C,4978.29,USD,2026-08-19T21:32:25.725389+00:00,posted
coinbase:1073145987,coinbase:BTC-USD,C,101.28,USD,2026-08-19T21:26:39.852373+00:00,posted
coinbase:1073145986,coinbase:BTC-USD,C,499.78,USD,2026-08-19T21:21:43.762142+00:00,posted
coinbase:1073145984,coinbase:BTC-USD,C,4977.39,USD,2026-08-19T19:21:11.059534+00:00,posted
coinbase:1073145993,coinbase:BTC-USD,C,79.50,USD,2026-08-19T20:26:32.910237+00:00,posted
coinbase:1073145995,coinbase:BTC-USD,C,7138.89,USD,2026-08-19T23:32:48.456844+00:00,posted
coinbase:1073145994,coinbase:BTC-USD,C,1160.88,USD,2026-08-19T22:01:59.704780+00:00,posted
coinbase:1073145996,coinbase:BTC-USD,C,3015.40,USD,2026-08-21T19:48:06.391494+00:00,posted
coinbase:1073145997,coinbase:BTC-USD,C,1463.48,USD,2026-08-19T21:55:54.688291+00:00,posted
coinbase:1073145998,coinbase:BTC-USD,C,326.31,USD,2026-08-19T19:01:57.728785+00:00,posted
coinbase:1073145999,coinbase:BTC-USD,C,1160.87,USD,2026-08-19T21:38:00.703486+00:00,posted
coinbase:1073146000,coinbase:BTC-USD,D,0.00,USD,2026-08-19T23:00:38.109410+00:00,posted
coinbase:1073146001,coinbase:BTC-USD,C,0.00,USD,2026-08-19T23:16:09.816055+00:00,posted
coinbase:1073146014,coinbase:BTC-USD,C,3016.03,USD,2026-08-19T21:53:57.874131+00:00,posted
coinbase:1073146013,coinbase:BTC-USD,C,11947.16,USD,2026-08-21T15:35:20.806147+00:00,posted
coinbase:1073146012,coinbase:BTC-USD,C,687.47,USD,2026-08-19T21:03:12.832661+00:00,posted
coinbase:1073146011,coinbase:BTC-USD,C,31855.98,USD,2026-08-19T19:52:18.038075+00:00,posted
coinbase:1073146010,coinbase:BTC-USD,C,912.34,USD,2026-08-19T22:06:48.248343+00:00,posted
coinbase:1073146009,coinbase:BTC-USD,C,100.07,USD,2026-08-19T23:24:58.847255+00:00,posted
coinbase:1073146008,coinbase:BTC-USD,C,12139.11,USD,2026-08-19T22:37:55.332354+00:00,posted
coinbase:1073146007,coinbase:BTC-USD,C,75.01,USD,2026-08-19T21:50:06.540861+00:00,posted
coinbase:1073146006,coinbase:BTC-USD,C,1.17,USD,2026-08-19T21:22:52.728227+00:00,posted
coinbase:1073146005,coinbase:BTC-USD,C,525.03,USD,2026-08-20T00:00:43.355502+00:00,posted
coinbase:1073146004,coinbase:BTC-USD,C,420.01,USD,2026-08-19T21:40:56.898636+00:00,posted
coinbase:1073146003,coinbase:BTC-USD,C,872.91,USD,2026-08-19T22:28:03.180573+00:00,posted
coinbase:1073146015,coinbase:BTC-USD,D,0.01,USD,2026-08-19T20:12:15.446386+00:00,posted
coinbase:1073146016,coinbase:BTC-USD,D,0.01,USD,2026-08-20T00:00:56.466600+00:00,posted
coinbase:1073146017,coinbase:BTC-USD,C,0.00,USD,2026-08-19T20:23:31.627469+00:00,posted
coinbase:1073146019,coinbase:BTC-USD,C,137.11,USD,2026-08-19T22:37:38.544145+00:00,posted
coinbase:1073146020,coinbase:BTC-USD,C,0.00,USD,2026-08-19T21:26:23.807758+00:00,posted
coinbase:1073146021,coinbase:BTC-USD,C,0.00,USD,2026-08-19T21:49:59.338645+00:00,posted
coinbase:1073146022,coinbase:BTC-USD,D,573.11,USD,2026-08-19T22:43:10.781797+00:00,posted
coinbase:1073146024,coinbase:BTC-USD,D,418.16,USD,2026-08-19T23:40:38.079411+00:00,posted
coinbase:1073146026,coinbase:BTC-USD,D,870.59,USD,2026-08-19T20:38:55.689001+00:00,posted
coinbase:1073146025,coinbase:BTC-USD,D,2671.03,USD,2026-08-19T19:33:22.249647+00:00,posted
coinbase:1073146027,coinbase:BTC-USD,D,198.79,USD,2026-08-19T20:39:20.020066+00:00,posted
coinbase:1073146028,coinbase:BTC-USD,D,221.20,USD,2026-08-19T20:09:39.616303+00:00,posted
coinbase:1073146029,coinbase:BTC-USD,D,200.14,USD,2026-08-19T19:51:42.972434+00:00,posted
coinbase:1073146030,coinbase:BTC-USD,D,419.98,USD,2026-08-21T21:49:01.566908+00:00,posted
coinbase:1073146032,coinbase:BTC-USD,D,419.98,USD,2026-08-19T19:30:20.068627+00:00,posted
coinbase:1073146031,coinbase:BTC-USD,D,1.17,USD,2026-08-19T21:58:41.307994+00:00,posted
kraken:105348301,kraken:XBTUSD,D,50.00,USD,2026-08-19T22:26:04.968346+00:00,posted
kraken:105348302,kraken:XBTUSD,D,20.00,USD,2026-08-19T22:15:33.558394+00:00,posted
kraken:105348303,kraken:XBTUSD,D,68.54,USD,2026-08-19T19:18:13.044956+00:00,posted
kraken:105348304,kraken:XBTUSD,D,68.54,USD,2026-08-19T18:46:44.848480+00:00,posted
kraken:105348305,kraken:XBTUSD,D,6.85,USD,2026-08-19T23:51:38.429508+00:00,posted
kraken:105348306,kraken:XBTUSD,D,445.36,USD,2026-08-19T23:53:35.891393+00:00,posted
coinbase:1073146033,coinbase:BTC-USD,D,0.00,USD,2026-08-19T21:22:35.737276+00:00,posted
coinbase:1073146034,coinbase:BTC-USD,D,0.00,USD,2026-08-20T00:03:07.779842+00:00,posted
coinbase:1073146035,coinbase:BTC-USD,D,0.02,USD,2026-08-19T22:18:11.137699+00:00,posted
kraken:105348307,kraken:XBTUSD,D,14768.81,USD,2026-08-19T19:14:34.362083+00:00,posted
kraken:105348308,kraken:XBTUSD,D,1386.19,USD,2026-08-19T21:41:39.054899+00:00,posted
kraken:105348309,kraken:XBTUSD,D,784.43,USD,2026-08-19T23:54:09.093536+00:00,posted
kraken:105348310,kraken:XBTUSD,D,5346.09,USD,2026-08-19T19:42:49.322372+00:00,posted
kraken:105348311,kraken:XBTUSD,D,3383.04,USD,2026-08-19T19:43:03.656226+00:00,posted
kraken:105348312,kraken:XBTUSD,D,1028.09,USD,2026-08-21T20:24:09.521419+00:00,posted
kraken:105348313,kraken:XBTUSD,D,50.00,USD,2026-08-19T21:28:31.640984+00:00,posted
kraken:105348315,kraken:XBTUSD,D,50000.00,USD,2026-08-19T23:34:22.554542+00:00,posted
coinbase:1073146036,coinbase:BTC-USD,D,0.01,USD,2026-08-19T19:20:27.617291+00:00,posted
coinbase:1073146043,coinbase:BTC-USD,D,8451.42,USD,2026-08-19T20:18:57.513122+00:00,posted
coinbase:1073146042,coinbase:BTC-USD,D,419.98,USD,2026-08-19T21:44:20.541979+00:00,posted
coinbase:1073146041,coinbase:BTC-USD,D,419.99,USD,2026-08-19T23:54:46.690339+00:00,posted
coinbase:1073146040,coinbase:BTC-USD,D,4977.55,USD,2026-08-19T21:19:30.003631+00:00,posted
coinbase:1073146039,coinbase:BTC-USD,D,31855.71,USD,2026-08-19T19:22:13.598273+00:00,posted
coinbase:1073146038,coinbase:BTC-USD,D,11946.34,USD,2026-08-19T21:16:29.698931+00:00,posted
coinbase:1073146037,coinbase:BTC-USD,D,11946.39,USD,2026-08-19T19:46:29.933974+00:00,posted
coinbase:1073146045,coinbase:BTC-USD,D,0.00,USD,2026-08-19T22:54:57.636611+00:00,posted
coinbase:1073146046,coinbase:BTC-USD,C,0.00,USD,2026-08-19T23:27:35.289886+00:00,posted
coinbase:1073146047,coinbase:BTC-USD,C,0.00,USD,2026-08-19T23:17:58.173665+00:00,posted
coinbase:1073146048,coinbase:BTC-USD,C,0.00,USD,2026-08-19T19:13:41.392647+00:00,posted
coinbase:1073146050,coinbase:BTC-USD,D,775.64,USD,2026-08-19T19:46:02.660076+00:00,posted
coinbase:1073146049,coinbase:BTC-USD,D,420.00,USD,2026-08-21T15:47:08.037689+00:00,posted
coinbase:1073146051,coinbase:BTC-USD,D,0.01,USD,2026-08-19T20:11:07.612444+00:00,posted
coinbase:1073146052,coinbase:BTC-USD,C,0.00,USD,2026-08-22T14:19:42.311882+00:00,posted
coinbase:1073146053,coinbase:BTC-USD,D,0.12,USD,2026-08-19T20:24:42.765286+00:00,posted
coinbase:1073146054,coinbase:BTC-USD,C,0.00,USD,2026-08-19T18:48:50.868834+00:00,posted
coinbase:1073146055,coinbase:BTC-USD,D,0.01,USD,2026-08-19T22:33:41.336392+00:00,posted
coinbase:1073146056,coinbase:BTC-USD,D,0.01,USD,2026-08-19T19:37:47.101603+00:00,posted
coinbase:1073146057,coinbase:BTC-USD,C,0.00,USD,2026-08-19T23:49:42.275652+00:00,posted
kraken:105348317,kraken:XBTUSD,C,8.20,USD,2026-08-19T22:59:07.776699+00:00,posted
coinbase:1073146058,coinbase:BTC-USD,C,0.00,USD,2026-08-19T22:15:51.568216+00:00,posted
coinbase:1073146059,coinbase:BTC-USD,D,0.00,USD,2026-08-19T20:46:22.508362+00:00,posted
coinbase:1073146060,coinbase:BTC-USD,C,0.00,USD,2026-08-20T00:01:00.926596+00:00,posted
coinbase:1073146061,coinbase:BTC-USD,C,0.00,USD,2026-08-19T21:15:13.833101+00:00,posted
coinbase:1073146062,coinbase:BTC-USD,D,252.58,USD,2026-08-19T20:48:23.048196+00:00,posted
coinbase:1073146063,coinbase:BTC-USD,D,4.72,USD,2026-08-19T23:46:18.666365+00:00,posted
coinbase:1073146064,coinbase:BTC-USD,D,0.00,USD,2026-08-19T23:09:45.015127+00:00,posted
coinbase:1073146065,coinbase:BTC-USD,C,0.00,USD,2026-08-19T22:56:30.386701+00:00,posted
coinbase:1073146077,coinbase:BTC-USD,D,44864.62,USD,2026-08-19T22:01:42.807599+00:00,posted
coinbase:1073146076,coinbase:BTC-USD,D,61678.46,USD,2026-08-19T21:38:30.712974+00:00,posted
coinbase:1073146075,coinbase:BTC-USD,D,11946.55,USD,2026-08-19T20:44:29.021578+00:00,posted
coinbase:1073146074,coinbase:BTC-USD,D,4320.05,USD,2026-08-21T20:12:48.125670+00:00,posted
coinbase:1073146073,coinbase:BTC-USD,D,413.59,USD,2026-08-19T23:43:02.866754+00:00,posted
coinbase:1073146072,coinbase:BTC-USD,D,75.00,USD,2026-08-19T21:42:11.552315+00:00,posted
coinbase:1073146071,coinbase:BTC-USD,D,5638.75,USD,2026-08-19T23:27:04.504127+00:00,posted
coinbase:1073146070,coinbase:BTC-USD,D,420.00,USD,2026-08-19T22:29:35.526892+00:00,posted
coinbase:1073146069,coinbase:BTC-USD,D,3181.00,USD,2026-08-19T21:26:24.474924+00:00,posted
coinbase:1073146068,coinbase:BTC-USD,D,2.00,USD,2026-08-19T21:12:06.238486+00:00,posted
coinbase:1073146067,coinbase:BTC-USD,D,11946.79,USD,2026-08-19T21:15:50.291000+00:00,posted
coinbase:1073146066,coinbase:BTC-USD,D,3482.21,USD,2026-08-19T22:43:46.626762+00:00,posted
coinbase:1073146078,coinbase:BTC-USD,C,0.00,USD,2026-08-19T23:14:31.472540+00:00,posted
coinbase:1073146079,coinbase:BTC-USD,D,0.00,USD,2026-08-19T21:55:56.366557+00:00,posted
coinbase:1073146080,coinbase:BTC-USD,C,0.00,USD,2026-08-19T21:43:40.844487+00:00,posted
coinbase:1073146081,coinbase:BTC-USD,D,1.48,USD,2026-08-19T18:55:34.250365+00:00,posted
coinbase:1073146082,coinbase:BTC-USD,D,0.01,USD,2026-08-19T22:58:51.559388+00:00,posted
coinbase:1073146083,coinbase:BTC-USD,C,0.00,USD,2026-08-20T00:07:56.979620+00:00,posted
coinbase:1073146084,coinbase:BTC-USD,C,0.00,USD,2026-08-19T21:03:49.360198+00:00,posted
coinbase:1073146085,coinbase:BTC-USD,D,0.01,USD,2026-08-19T20:51:19.465007+00:00,posted
coinbase:1073146086,coinbase:BTC-USD,C,0.00,USD,2026-08-19T23:44:20.366114+00:00,posted
coinbase:1073146087,coinbase:BTC-USD,D,20.20,USD,2026-08-19T22:30:24.924754+00:00,posted
coinbase:1073146094,coinbase:BTC-USD,D,1423.84,USD,2026-08-19T21:43:05.252978+00:00,posted
coinbase:1073146093,coinbase:BTC-USD,D,3001.28,USD,2026-08-19T20:39:52.951517+00:00,posted
coinbase:1073146092,coinbase:BTC-USD,D,1034.63,USD,2026-08-19T21:42:24.825783+00:00,posted
coinbase:1073146091,coinbase:BTC-USD,D,1239.31,USD,2026-08-19T22:45:18.698942+00:00,posted
coinbase:1073146090,coinbase:BTC-USD,D,3043.50,USD,2026-08-19T18:46:15.878992+00:00,posted
coinbase:1073146089,coinbase:BTC-USD,D,420.00,USD,2026-08-19T21:40:39.393200+00:00,posted
coinbase:1073146088,coinbase:BTC-USD,D,75.00,USD,2026-08-20T19:11:22.535004+00:00,posted
coinbase:1073146095,coinbase:BTC-USD,D,566.15,USD,2026-08-19T20:16:04.972617+00:00,posted
coinbase:1073146096,coinbase:BTC-USD,D,275.25,USD,2026-08-19T22:44:22.582282+00:00,posted
coinbase:1073146097,coinbase:BTC-USD,D,58.47,USD,2026-08-19T23:12:14.777293+00:00,posted
coinbase:1073146098,coinbase:BTC-USD,D,1336.37,USD,2026-08-19T22:57:54.970326+00:00,posted
coinbase:1073146099,coinbase:BTC-USD,D,171.56,USD,2026-08-19T18:50:16.903829+00:00,posted
coinbase:1073146100,coinbase:BTC-USD,D,35.80,USD,2026-08-19T19:18:24.872254+00:00,posted
coinbase:1073146101,coinbase:BTC-USD,D,21.20,USD,2026-08-22T16:00:48.271196+00:00,posted
coinbase:1073146102,coinbase:BTC-USD,D,0.02,USD,2026-08-19T22:54:03.960566+00:00,posted
coinbase:1073146103,coinbase:BTC-USD,D,912.36,USD,2026-08-19T19:31:21.810106+00:00,posted
coinbase:1073146104,coinbase:BTC-USD,D,55.03,USD,2026-08-19T20:02:23.524472+00:00,posted
coinbase:1073146105,coinbase:BTC-USD,D,33.15,USD,2026-08-19T21:55:14.111913+00:00,posted
coinbase:1073146106,coinbase:BTC-USD,D,47.71,USD,2026-08-19T23:00:03.384498+00:00,posted
coinbase:1073146107,coinbase:BTC-USD,D,53.07,USD,2026-08-19T20:03:17.829475+00:00,posted
coinbase:1073146109,coinbase:BTC-USD,D,16.73,USD,2026-08-20T00:10:23.902677+00:00,posted
coinbase:1073146108,coinbase:BTC-USD,D,59.27,USD,2026-08-19T21:01:35.622663+00:00,posted
coinbase:1073146110,coinbase:BTC-USD,D,38.42,USD,2026-08-19T21:48:50.149948+00:00,posted
coinbase:1073146112,coinbase:BTC-USD,D,106.48,USD,2026-08-19T22:47:44.333408+00:00,posted
coinbase:1073146111,coinbase:BTC-USD,D,19.85,USD,2026-08-19T22:29:06.386084+00:00,posted
coinbase:1073146113,coinbase:BTC-USD,D,86.00,USD,2026-08-19T19:00:35.440999+00:00,posted
coinbase:1073146114,coinbase:BTC-USD,D,76.73,USD,2026-08-19T22:17:24.795258+00:00,posted
coinbase:1073146116,coinbase:BTC-USD,D,57.12,USD,2026-08-19T21:38:11.510192+00:00,posted
coinbase:1073146115,coinbase:BTC-USD,D,150.79,USD,2026-08-19T20:59:50.673307+00:00,posted
coinbase:1073146118,coinbase:BTC-USD,D,168.82,USD,2026-08-19T19:45:47.950547+00:00,posted
coinbase:1073146117,coinbase:BTC-USD,D,17.88,USD,2026-08-19T20:04:38.316910+00:00,posted
coinbase:1073146119,coinbase:BTC-USD,D,75.00,USD,2026-08-19T23:28:06.464622+00:00,posted
coinbase:1073146120,coinbase:BTC-USD,D,96.50,USD,2026-08-19T21:17:55.046731+00:00,posted
coinbase:1073146121,coinbase:BTC-USD,D,79.68,USD,2026-08-19T21:49:01.427947+00:00,posted
coinbase:1073146123,coinbase:BTC-USD,D,76.57,USD,2026-08-19T20:05:15.752244+00:00,posted
coinbase:1073146122,coinbase:BTC-USD,D,75.00,USD,2026-08-19T22:18:31.929486+00:00,posted
coinbase:1073146124,coinbase:BTC-USD,D,25.25,USD,2026-08-19T23:24:40.394783+00:00,posted
coinbase:1073146125,coinbase:BTC-USD,D,75.00,USD,2026-08-21T03:23:42.378927+00:00,posted
coinbase:1073146128,coinbase:BTC-USD,D,68.96,USD,2026-08-19T22:27:25.859667+00:00,posted
coinbase:1073146127,coinbase:BTC-USD,D,3.08,USD,2026-08-19T23:33:24.840716+00:00,posted
coinbase:1073146126,coinbase:BTC-USD,D,243.18,USD,2026-08-19T22:56:28.744705+00:00,posted
coinbase:1073146130,coinbase:BTC-USD,C,493.85,USD,2026-08-22T06:41:52.362644+00:00,posted
coinbase:1073146129,coinbase:BTC-USD,C,1.16,USD,2026-08-19T23:32:02.739061+00:00,posted
coinbase:1073146131,coinbase:BTC-USD,D,44.83,USD,2026-08-20T00:00:56.149574+00:00,posted
coinbase:1073146133,coinbase:BTC-USD,D,0.49,USD,2026-08-20T00:02:36.294517+00:00,posted
coinbase:1073146134,coinbase:BTC-USD,D,0.00,USD,2026-08-20T00:14:58.744079+00:00,posted
coinbase:1073146136,coinbase:BTC-USD,D,336.28,USD,2026-08-19T20:05:10.736259+00:00,posted
coinbase:1073146135,coinbase:BTC-USD,D,75.00,USD,2026-08-19T19:52:36.751489+00:00,posted
coinbase:1073146137,coinbase:BTC-USD,D,0.01,USD,2026-08-19T21:47:18.570282+00:00,posted
coinbase:1073146142,coinbase:BTC-USD,D,167.78,USD,2026-08-19T20:50:44.605591+00:00,posted
coinbase:1073146141,coinbase:BTC-USD,D,4977.61,USD,2026-08-19T20:43:40.842252+00:00,posted
coinbase:1073146140,coinbase:BTC-USD,D,419.99,USD,2026-08-19T21:34:21.270544+00:00,posted
coinbase:1073146139,coinbase:BTC-USD,D,420.00,USD,2026-08-19T19:17:39.946037+00:00,posted
coinbase:1073146138,coinbase:BTC-USD,D,74.99,USD,2026-08-19T21:20:03.413408+00:00,posted
coinbase:1073146143,coinbase:BTC-USD,C,0.00,USD,2026-08-19T23:46:51.529750+00:00,posted
coinbase:1073146144,coinbase:BTC-USD,D,0.00,USD,2026-08-19T21:01:43.604132+00:00,posted
coinbase:1073146154,coinbase:BTC-USD,D,11945.95,USD,2026-08-19T19:58:09.144339+00:00,posted
coinbase:1073146153,coinbase:BTC-USD,D,524.97,USD,2026-08-19T20:11:11.244568+00:00,posted
coinbase:1073146152,coinbase:BTC-USD,D,11946.01,USD,2026-08-19T21:56:14.947128+00:00,posted
coinbase:1073146151,coinbase:BTC-USD,D,14476.78,USD,2026-08-19T19:35:25.663114+00:00,posted
coinbase:1073146150,coinbase:BTC-USD,D,419.99,USD,2026-08-19T20:50:28.744732+00:00,posted
coinbase:1073146149,coinbase:BTC-USD,D,420.00,USD,2026-08-19T21:29:54.086543+00:00,posted
coinbase:1073146148,coinbase:BTC-USD,D,3043.48,USD,2026-08-19T22:31:07.880116+00:00,posted
coinbase:1073146147,coinbase:BTC-USD,D,2783.02,USD,2026-08-19T23:16:15.437598+00:00,posted
coinbase:1073146146,coinbase:BTC-USD,D,75.00,USD,2026-08-19T22:16:53.467389+00:00,posted
coinbase:1073146145,coinbase:BTC-USD,D,4977.79,USD,2026-08-19T19:40:38.943382+00:00,posted
coinbase:1073146155,coinbase:BTC-USD,C,0.00,USD,2026-08-19T19:40:59.419976+00:00,posted
coinbase:1073146156,coinbase:BTC-USD,D,0.00,USD,2026-08-19T21:26:16.830114+00:00,posted
coinbase:1073146162,coinbase:BTC-USD,D,2982.01,USD,2026-08-19T19:04:31.217226+00:00,posted
coinbase:1073146161,coinbase:BTC-USD,D,75.00,USD,2026-08-19T22:57:22.231708+00:00,posted
coinbase:1073146160,coinbase:BTC-USD,D,5510.52,USD,2026-08-19T23:23:10.707998+00:00,posted
coinbase:1073146159,coinbase:BTC-USD,D,420.00,USD,2026-08-19T22:38:30.279966+00:00,posted
coinbase:1073146163,coinbase:BTC-USD,D,12.67,USD,2026-08-19T20:48:17.696746+00:00,posted
coinbase:1073146164,coinbase:BTC-USD,D,27.11,USD,2026-08-19T22:25:10.066809+00:00,posted
coinbase:1073146165,coinbase:BTC-USD,D,17.81,USD,2026-08-19T21:24:35.765984+00:00,posted
coinbase:1073146167,coinbase:BTC-USD,D,9.71,USD,2026-08-19T18:47:19.248680+00:00,posted
coinbase:1073146166,coinbase:BTC-USD,D,3.83,USD,2026-08-19T18:49:02.973181+00:00,posted
coinbase:1073146168,coinbase:BTC-USD,D,514.42,USD,2026-08-19T20:15:48.193374+00:00,posted
coinbase:1073146169,coinbase:BTC-USD,D,41.56,USD,2026-08-19T18:50:47.750996+00:00,posted
coinbase:1073146170,coinbase:BTC-USD,D,36.53,USD,2026-08-19T22:27:34.181014+00:00,posted
coinbase:1073146171,coinbase:BTC-USD,D,14.90,USD,2026-08-22T13:37:24.703884+00:00,posted
coinbase:1073146172,coinbase:BTC-USD,D,17.56,USD,2026-08-21T01:23:57.815349+00:00,posted
coinbase:1073146174,coinbase:BTC-USD,D,275.38,USD,2026-08-19T21:38:52.158721+00:00,posted
coinbase:1073146173,coinbase:BTC-USD,D,494.29,USD,2026-08-19T20:13:21.359996+00:00,posted
coinbase:1073146175,coinbase:BTC-USD,D,11.37,USD,2026-08-19T20:48:14.751755+00:00,posted
coinbase:1073146176,coinbase:BTC-USD,D,37.31,USD,2026-08-19T21:51:35.373952+00:00,posted
coinbase:1073146177,coinbase:BTC-USD,D,52.09,USD,2026-08-19T19:59:40.305189+00:00,posted
coinbase:1073146178,coinbase:BTC-USD,D,10.81,USD,2026-08-19T23:24:56.100749+00:00,posted
coinbase:1073146179,coinbase:BTC-USD,D,32.07,USD,2026-08-19T23:28:21.072130+00:00,posted
coinbase:1073146181,coinbase:BTC-USD,D,34.45,USD,2026-08-19T19:15:59.642802+00:00,posted
coinbase:1073146180,coinbase:BTC-USD,D,0.97,USD,2026-08-19T21:47:31.821298+00:00,posted
coinbase:1073146182,coinbase:BTC-USD,D,13.71,USD,2026-08-19T19:12:25.518131+00:00,posted
coinbase:1073146183,coinbase:BTC-USD,D,14.64,USD,2026-08-19T22:17:57.496979+00:00,posted
coinbase:1073146184,coinbase:BTC-USD,D,12.20,USD,2026-08-20T00:07:39.454913+00:00,posted
coinbase:1073146185,coinbase:BTC-USD,D,60.36,USD,2026-08-19T23:40:25.203205+00:00,posted
coinbase:1073146186,coinbase:BTC-USD,D,75.00,USD,2026-08-19T20:00:57.714829+00:00,posted
coinbase:1073146187,coinbase:BTC-USD,D,62.80,USD,2026-08-19T22:33:35.636687+00:00,posted
coinbase:1073146188,coinbase:BTC-USD,D,95.12,USD,2026-08-19T20:14:36.022114+00:00,posted
coinbase:1073146189,coinbase:BTC-USD,D,86.84,USD,2026-08-19T22:31:00.030725+00:00,posted
coinbase:1073146190,coinbase:BTC-USD,D,18.40,USD,2026-08-19T21:44:20.349585+00:00,posted
coinbase:1073146191,coinbase:BTC-USD,D,10.64,USD,2026-08-19T19:44:19.561218+00:00,posted
coinbase:1073146193,coinbase:BTC-USD,D,75.00,USD,2026-08-19T18:50:18.374401+00:00,posted
coinbase:1073146192,coinbase:BTC-USD,D,10.84,USD,2026-08-19T19:32:43.337029+00:00,posted
coinbase:1073146194,coinbase:BTC-USD,D,1009.91,USD,2026-08-19T23:16:02.269261+00:00,posted
coinbase:1073146195,coinbase:BTC-USD,C,0.00,USD,2026-08-19T20:23:54.111975+00:00,posted
coinbase:1073146196,coinbase:BTC-USD,D,0.01,USD,2026-08-19T21:52:09.071341+00:00,posted
coinbase:1073146197,coinbase:BTC-USD,C,0.00,USD,2026-08-19T22:28:33.914998+00:00,posted
coinbase:1073146198,coinbase:BTC-USD,C,0.00,USD,2026-08-22T02:56:16.275489+00:00,posted
coinbase:1073146199,coinbase:BTC-USD,D,1.71,USD,2026-08-19T23:06:00.774293+00:00,posted
coinbase:1073146200,coinbase:BTC-USD,C,0.00,USD,2026-08-19T19:11:01.921565+00:00,posted
coinbase:1073146202,coinbase:BTC-USD,D,3043.41,USD,2026-08-19T20:39:17.203072+00:00,posted
coinbase:1073146201,coinbase:BTC-USD,D,73.29,USD,2026-08-20T21:54:05.138015+00:00,posted
coinbase:1073146203,coinbase:BTC-USD,C,0.00,USD,2026-08-19T22:07:43.746762+00:00,posted
coinbase:1073146206,coinbase:BTC-USD,D,2384.68,USD,2026-08-20T00:04:53.912193+00:00,posted
coinbase:1073146205,coinbase:BTC-USD,D,2552.64,USD,2026-08-19T22:14:24.920113+00:00,posted
coinbase:1073146204,coinbase:BTC-USD,D,324.92,USD,2026-08-19T21:13:50.179610+00:00,posted
coinbase:1073146208,coinbase:BTC-USD,D,1.17,USD,2026-08-19T21:47:39.438552+00:00,posted
coinbase:1073146207,coinbase:BTC-USD,D,3.14,USD,2026-08-19T19:46:26.900947+00:00,posted
coinbase:1073146210,coinbase:BTC-USD,D,1.17,USD,2026-08-19T20:50:34.736055+00:00,posted
coinbase:1073146209,coinbase:BTC-USD,D,685.35,USD,2026-08-19T20:22:37.810045+00:00,posted
coinbase:1073146211,coinbase:BTC-USD,D,1738.14,USD,2026-08-19T19:09:24.738741+00:00,posted
coinbase:1073146212,coinbase:BTC-USD,D,1697.07,USD,2026-08-19T20:50:33.309938+00:00,posted
coinbase:1073146214,coinbase:BTC-USD,D,785.57,USD,2026-08-19T19:36:04.118387+00:00,posted
coinbase:1073146213,coinbase:BTC-USD,D,1.17,USD,2026-08-19T20:44:11.300470+00:00,posted
coinbase:1073146215,coinbase:BTC-USD,D,2257.21,USD,2026-08-21T15:35:59.793508+00:00,posted
coinbase:1073146217,coinbase:BTC-USD,D,685.30,USD,2026-08-20T23:22:54.403478+00:00,posted
coinbase:1073146216,coinbase:BTC-USD,D,101.42,USD,2026-08-21T20:59:16.450450+00:00,posted
coinbase:1073146218,coinbase:BTC-USD,D,117.33,USD,2026-08-19T19:19:14.640231+00:00,posted
coinbase:1073146219,coinbase:BTC-USD,C,0.00,USD,2026-08-21T22:54:18.011732+00:00,posted
coinbase:1073146221,coinbase:BTC-USD,D,1.50,USD,2026-08-19T23:30:11.074989+00:00,posted
coinbase:1073146222,coinbase:BTC-USD,D,0.01,USD,2026-08-19T23:02:17.175477+00:00,posted
coinbase:1073146223,coinbase:BTC-USD,C,0.00,USD,2026-08-19T21:49:48.470619+00:00,posted
coinbase:1073146224,coinbase:BTC-USD,D,0.00,USD,2026-08-19T20:05:15.955166+00:00,posted
coinbase:1073146225,coinbase:BTC-USD,C,1894.64,USD,2026-08-19T22:31:19.046899+00:00,posted
coinbase:1073146226,coinbase:BTC-USD,C,0.00,USD,2026-08-19T20:13:54.421517+00:00,posted
coinbase:1073146227,coinbase:BTC-USD,C,0.00,USD,2026-08-19T19:33:19.509840+00:00,posted
coinbase:1073146228,coinbase:BTC-USD,D,0.00,USD,2026-08-19T20:16:14.087474+00:00,posted
coinbase:1073146230,coinbase:BTC-USD,C,810.30,USD,2026-08-19T23:03:26.977703+00:00,posted
coinbase:1073146229,coinbase:BTC-USD,C,100.04,USD,2026-08-19T23:56:45.779999+00:00,posted
coinbase:1073146234,coinbase:BTC-USD,C,965.96,USD,2026-08-19T21:28:47.067013+00:00,posted
coinbase:1073146233,coinbase:BTC-USD,C,1000.00,USD,2026-08-19T21:16:15.839098+00:00,posted
coinbase:1073146232,coinbase:BTC-USD,C,15.86,USD,2026-08-19T18:47:24.172681+00:00,posted
coinbase:1073146231,coinbase:BTC-USD,C,1789.21,USD,2026-08-19T23:22:54.123823+00:00,posted
coinbase:1073146235,coinbase:BTC-USD,C,34.04,USD,2026-08-19T23:29:41.707292+00:00,posted
coinbase:1073146236,coinbase:BTC-USD,C,420.01,USD,2026-08-19T21:07:16.384211+00:00,posted
coinbase:1073146237,coinbase:BTC-USD,C,2.18,USD,2026-08-19T22:20:00.720574+00:00,posted
coinbase:1073146238,coinbase:BTC-USD,C,1985.29,USD,2026-08-19T20:24:18.809418+00:00,posted
coinbase:1073146248,coinbase:BTC-USD,C,6175.23,USD,2026-08-19T22:34:36.978575+00:00,posted
coinbase:1073146247,coinbase:BTC-USD,C,12772.68,USD,2026-08-19T19:43:47.409096+00:00,posted
coinbase:1073146246,coinbase:BTC-USD,C,14760.21,USD,2026-08-19T20:30:29.116887+00:00,posted
coinbase:1073146245,coinbase:BTC-USD,C,1.17,USD,2026-08-19T22:14:01.659871+00:00,posted
coinbase:1073146244,coinbase:BTC-USD,C,12139.34,USD,2026-08-19T23:03:13.283642+00:00,posted
coinbase:1073146243,coinbase:BTC-USD,C,75.02,USD,2026-08-19T20:17:40.134024+00:00,posted
coinbase:1073146242,coinbase:BTC-USD,C,525.04,USD,2026-08-19T20:45:37.498764+00:00,posted
coinbase:1073146241,coinbase:BTC-USD,C,737.10,USD,2026-08-19T19:51:06.232088+00:00,posted
coinbase:1073146240,coinbase:BTC-USD,C,1.17,USD,2026-08-19T19:44:32.749934+00:00,posted
coinbase:1073146239,coinbase:BTC-USD,C,420.02,USD,2026-08-19T18:54:03.130076+00:00,posted
coinbase:1073146249,coinbase:BTC-USD,C,0.00,USD,2026-08-19T23:56:21.099034+00:00,posted
coinbase:1073146250,coinbase:BTC-USD,D,0.01,USD,2026-08-19T23:08:24.379410+00:00,posted
coinbase:1073146252,coinbase:BTC-USD,C,1277.86,USD,2026-08-19T19:07:59.625396+00:00,posted
coinbase:1073146251,coinbase:BTC-USD,C,737.10,USD,2026-08-19T23:07:32.187062+00:00,posted
coinbase:1073146253,coinbase:BTC-USD,C,418.08,USD,2026-08-19T19:31:06.049677+00:00,posted
kraken:105348318,kraken:XBTUSD,D,50.00,USD,2026-08-19T20:08:33.580307+00:00,posted
kraken:105348319,kraken:XBTUSD,D,6.85,USD,2026-08-19T21:04:48.416456+00:00,posted
kraken:105348320,kraken:XBTUSD,D,68.54,USD,2026-08-19T21:13:22.004018+00:00,posted
kraken:105348321,kraken:XBTUSD,D,20.36,USD,2026-08-19T21:57:18.914525+00:00,posted
kraken:105348322,kraken:XBTUSD,D,5.52,USD,2026-08-19T23:49:55.698874+00:00,posted
coinbase:1073146254,coinbase:BTC-USD,C,2.03,USD,2026-08-19T21:03:12.870614+00:00,posted
kraken:105348323,kraken:XBTUSD,D,0.03,USD,2026-08-19T19:21:16.034733+00:00,posted
coinbase:1073146255,coinbase:BTC-USD,C,0.00,USD,2026-08-19T22:24:31.519122+00:00,posted
coinbase:1073146256,coinbase:BTC-USD,D,0.01,USD,2026-08-19T22:07:21.758493+00:00,posted
coinbase:1073146257,coinbase:BTC-USD,D,0.00,USD,2026-08-19T22:18:02.470992+00:00,posted
coinbase:1073146261,coinbase:BTC-USD,C,130.61,USD,2026-08-20T00:04:13.739024+00:00,posted
coinbase:1073146259,coinbase:BTC-USD,C,4.31,USD,2026-08-21T04:54:32.665125+00:00,posted
coinbase:1073146258,coinbase:BTC-USD,C,1.02,USD,2026-08-19T21:49:19.148223+00:00,posted
coinbase:1073146263,coinbase:BTC-USD,D,1741.12,USD,2026-08-19T19:58:07.452828+00:00,posted
coinbase:1073146262,coinbase:BTC-USD,D,419.99,USD,2026-08-19T21:17:59.675981+00:00,posted
coinbase:1073146265,coinbase:BTC-USD,D,107.82,USD,2026-08-19T22:33:01.683254+00:00,posted
coinbase:1073146264,coinbase:BTC-USD,D,419.99,USD,2026-08-20T00:14:25.538564+00:00,posted
coinbase:1073146268,coinbase:BTC-USD,D,1637.05,USD,2026-08-19T20:22:40.582585+00:00,posted
coinbase:1073146267,coinbase:BTC-USD,D,12771.67,USD,2026-08-19T19:13:30.949648+00:00,posted
coinbase:1073146266,coinbase:BTC-USD,D,417.15,USD,2026-08-22T14:33:17.228500+00:00,posted
kraken:105348324,kraken:XBTUSD,D,49.97,USD,2026-08-19T20:38:23.784468+00:00,posted
coinbase:1073146269,coinbase:BTC-USD,D,421.64,USD,2026-08-21T16:39:27.420118+00:00,posted
coinbase:1073146271,coinbase:BTC-USD,D,419.99,USD,2026-08-22T06:21:21.311148+00:00,posted
coinbase:1073146270,coinbase:BTC-USD,D,1.17,USD,2026-08-19T21:14:29.605976+00:00,posted
coinbase:1073146272,coinbase:BTC-USD,D,102.09,USD,2026-08-19T18:52:38.347421+00:00,posted
coinbase:1073146273,coinbase:BTC-USD,D,0.00,USD,2026-08-19T19:21:16.545505+00:00,posted
coinbase:1073146274,coinbase:BTC-USD,D,3.14,USD,2026-08-19T23:52:03.630721+00:00,posted
kraken:105348325,kraken:XBTUSD,C,499.76,USD,2026-08-19T21:17:40.185544+00:00,posted
coinbase:1073146277,coinbase:BTC-USD,D,2.15,USD,2026-08-19T22:13:00.979658+00:00,posted
coinbase:1073146278,coinbase:BTC-USD,D,0.02,USD,2026-08-19T22:22:06.569888+00:00,posted
coinbase:1073146279,coinbase:BTC-USD,D,147.56,USD,2026-08-19T22:48:32.340921+00:00,posted
coinbase:1073146280,coinbase:BTC-USD,C,0.00,USD,2026-08-19T21:13:33.774637+00:00,posted
coinbase:1073146281,coinbase:BTC-USD,D,0.00,USD,2026-08-19T18:46:40.467352+00:00,posted
coinbase:1073146282,coinbase:BTC-USD,C,0.00,USD,2026-08-19T20:17:03.605302+00:00,posted
coinbase:1073146288,coinbase:BTC-USD,D,1960.99,USD,2026-08-19T23:07:53.549636+00:00,posted
coinbase:1073146287,coinbase:BTC-USD,D,2.00,USD,2026-08-19T23:09:02.736894+00:00,posted
coinbase:1073146286,coinbase:BTC-USD,D,3913.10,USD,2026-08-19T20:45:55.292210+00:00,posted
coinbase:1073146285,coinbase:BTC-USD,D,4491.66,USD,2026-08-19T19:22:48.898648+00:00,posted
coinbase:1073146284,coinbase:BTC-USD,D,1173.62,USD,2026-08-19T21:26:44.373008+00:00,posted
coinbase:1073146283,coinbase:BTC-USD,D,1.40,USD,2026-08-19T20:28:37.991607+00:00,posted
coinbase:1073146289,coinbase:BTC-USD,C,0.00,USD,2026-08-19T20:54:44.972601+00:00,posted
coinbase:1073146290,coinbase:BTC-USD,C,0.01,USD,2026-08-19T20:41:21.918191+00:00,posted
coinbase:1073146291,coinbase:BTC-USD,D,0.00,USD,2026-08-19T19:42:08.728221+00:00,posted
coinbase:1073146292,coinbase:BTC-USD,C,0.00,USD,2026-08-19T23:09:24.970441+00:00,posted
kraken:105348326,kraken:XBTUSD,C,27.18,USD,2026-08-19T21:59:58.231399+00:00,posted
kraken:105348327,kraken:XBTUSD,C,26.48,USD,2026-08-19T20:28:33.975520+00:00,posted
kraken:105348328,kraken:XBTUSD,C,26.48,USD,2026-08-19T19:23:48.486071+00:00,posted
kraken:105348329,kraken:XBTUSD,C,26.48,USD,2026-08-19T19:31:51.796929+00:00,posted
coinbase:1073146293,coinbase:BTC-USD,D,186.18,USD,2026-08-19T22:02:02.169763+00:00,posted
coinbase:1073146294,coinbase:BTC-USD,C,0.00,USD,2026-08-19T21:04:49.162954+00:00,posted
coinbase:1073146295,coinbase:BTC-USD,D,0.01,USD,2026-08-19T21:42:33.113377+00:00,posted
coinbase:1073146296,coinbase:BTC-USD,C,0.00,USD,2026-08-19T23:52:20.945003+00:00,posted
coinbase:1073146297,coinbase:BTC-USD,D,28.44,USD,2026-08-19T19:40:17.182900+00:00,posted
coinbase:1073146298,coinbase:BTC-USD,C,0.00,USD,2026-08-19T19:46:57.959630+00:00,posted
coinbase:1073146299,coinbase:BTC-USD,D,0.00,USD,2026-08-19T22:09:37.813336+00:00,posted
coinbase:1073146300,coinbase:BTC-USD,C,0.00,USD,2026-08-19T23:59:20.092421+00:00,posted
coinbase:1073146301,coinbase:BTC-USD,C,0.00,USD,2026-08-19T19:49:37.308744+00:00,posted
coinbase:1073146302,coinbase:BTC-USD,D,0.01,USD,2026-08-19T21:50:33.109180+00:00,posted
coinbase:1073146303,coinbase:BTC-USD,C,0.00,USD,2026-08-19T21:00:14.827837+00:00,posted
coinbase:1073146304,coinbase:BTC-USD,D,191.89,USD,2026-08-19T22:39:34.926544+00:00,posted
coinbase:1073146309,coinbase:BTC-USD,D,10924.70,USD,2026-08-19T19:40:25.831080+00:00,posted
coinbase:1073146308,coinbase:BTC-USD,D,4273.34,USD,2026-08-19T23:07:52.653643+00:00,posted
coinbase:1073146307,coinbase:BTC-USD,D,1097.50,USD,2026-08-19T18:56:01.574749+00:00,posted
coinbase:1073146306,coinbase:BTC-USD,D,3481.36,USD,2026-08-19T20:20:29.884170+00:00,posted
coinbase:1073146305,coinbase:BTC-USD,D,2445.33,USD,2026-08-19T21:51:54.091160+00:00,posted
coinbase:1073146310,coinbase:BTC-USD,C,0.00,USD,2026-08-19T21:28:41.420269+00:00,posted
coinbase:1073146311,coinbase:BTC-USD,D,50.50,USD,2026-08-19T21:54:14.067337+00:00,posted
coinbase:1073146312,coinbase:BTC-USD,C,0.00,USD,2026-08-19T21:44:27.929239+00:00,posted
coinbase:1073146313,coinbase:BTC-USD,D,2.60,USD,2026-08-19T21:44:06.987450+00:00,posted
coinbase:1073146314,coinbase:BTC-USD,D,0.00,USD,2026-08-19T22:56:02.614685+00:00,posted
coinbase:1073146315,coinbase:BTC-USD,C,0.00,USD,2026-08-19T19:57:21.734320+00:00,posted
coinbase:1073146316,coinbase:BTC-USD,D,6.28,USD,2026-08-19T22:48:07.248513+00:00,posted
coinbase:1073146317,coinbase:BTC-USD,D,0.00,USD,2026-08-19T20:06:55.880820+00:00,posted
coinbase:1073146318,coinbase:BTC-USD,C,0.00,USD,2026-08-19T18:55:52.951259+00:00,posted
coinbase:1073146319,coinbase:BTC-USD,D,0.01,USD,2026-08-19T23:29:46.406232+00:00,posted
coinbase:1073146320,coinbase:BTC-USD,C,0.00,USD,2026-08-20T23:53:19.299098+00:00,posted
coinbase:1073146321,coinbase:BTC-USD,C,9.75,USD,2026-08-19T19:54:30.704600+00:00,posted
coinbase:1073146325,coinbase:BTC-USD,C,208791.97,USD,2026-08-19T22:32:40.045238+00:00,posted
coinbase:1073146324,coinbase:BTC-USD,C,1307.64,USD,2026-08-19T22:06:38.383905+00:00,posted
coinbase:1073146323,coinbase:BTC-USD,C,2055.92,USD,2026-08-19T22:08:34.993969+00:00,posted
coinbase:1073146322,coinbase:BTC-USD,C,90.29,USD,2026-08-19T23:13:43.091550+00:00,posted
coinbase:1073146326,coinbase:BTC-USD,C,418.05,USD,2026-08-19T21:53:22.865374+00:00,posted
kraken:105348330,kraken:XBTUSD,D,0.03,USD,2026-08-19T22:02:13.270262+00:00,posted
kraken:105348331,kraken:XBTUSD,D,190.10,USD,2026-08-20T00:08:19.691178+00:00,posted
coinbase:1073146327,coinbase:BTC-USD,D,0.00,USD,2026-08-19T21:54:15.744564+00:00,posted
coinbase:1073146328,coinbase:BTC-USD,D,0.00,USD,2026-08-19T21:35:01.019856+00:00,posted
coinbase:1073146331,coinbase:BTC-USD,C,1.76,USD,2026-08-19T23:14:16.185171+00:00,posted
coinbase:1073146330,coinbase:BTC-USD,C,1.17,USD,2026-08-19T22:52:47.467137+00:00,posted
coinbase:1073146329,coinbase:BTC-USD,C,1.17,USD,2026-08-19T19:04:49.463788+00:00,posted
coinbase:1073146332,coinbase:BTC-USD,D,0.01,USD,2026-08-19T22:21:42.657489+00:00,posted
coinbase:1073146333,coinbase:BTC-USD,D,93.68,USD,2026-08-19T19:29:03.225989+00:00,posted
coinbase:1073146336,coinbase:BTC-USD,C,35.86,USD,2026-08-19T20:31:33.528994+00:00,posted
coinbase:1073146335,coinbase:BTC-USD,C,100.07,USD,2026-08-19T23:23:38.416106+00:00,posted
coinbase:1073146334,coinbase:BTC-USD,C,1.17,USD,2026-08-22T17:09:45.464329+00:00,posted
coinbase:1073146337,coinbase:BTC-USD,D,7.64,USD,2026-08-19T22:12:26.739325+00:00,posted
coinbase:1073146338,coinbase:BTC-USD,C,0.00,USD,2026-08-19T19:10:11.756429+00:00,posted
coinbase:1073146339,coinbase:BTC-USD,D,0.00,USD,2026-08-19T22:59:00.507473+00:00,posted
coinbase:1073146340,coinbase:BTC-USD,D,0.00,USD,2026-08-19T22:52:42.701231+00:00,posted
coinbase:1073146341,coinbase:BTC-USD,D,13.95,USD,2026-08-19T23:34:47.592825+00:00,posted
coinbase:1073146342,coinbase:BTC-USD,C,0.00,USD,2026-08-19T21:26:19.998668+00:00,posted
coinbase:1073146360,coinbase:BTC-USD,C,0.00,USD,2026-08-19T23:32:01.098750+00:00,posted
coinbase:1073146359,coinbase:BTC-USD,C,1.17,USD,2026-08-19T19:16:00.929875+00:00,posted
coinbase:1073146358,coinbase:BTC-USD,C,31860.67,USD,2026-08-19T22:14:46.567847+00:00,posted
coinbase:1073146357,coinbase:BTC-USD,C,20006.46,USD,2026-08-19T23:25:48.828593+00:00,posted
coinbase:1073146356,coinbase:BTC-USD,C,12140.95,USD,2026-08-19T20:56:31.499235+00:00,posted
coinbase:1073146355,coinbase:BTC-USD,C,1.17,USD,2026-08-19T23:17:28.708468+00:00,posted
coinbase:1073146354,coinbase:BTC-USD,C,11947.84,USD,2026-08-19T20:31:49.455007+00:00,posted
coinbase:1073146353,coinbase:BTC-USD,C,20006.16,USD,2026-08-19T21:45:53.473647+00:00,posted
coinbase:1073146352,coinbase:BTC-USD,C,31859.63,USD,2026-08-19T23:26:34.692056+00:00,posted
coinbase:1073146351,coinbase:BTC-USD,C,31858.67,USD,2026-08-19T23:40:20.987274+00:00,posted
coinbase:1073146350,coinbase:BTC-USD,C,1.17,USD,2026-08-19T19:00:26.394973+00:00,posted
coinbase:1073146349,coinbase:BTC-USD,C,1987.96,USD,2026-08-19T23:21:23.428186+00:00,posted
coinbase:1073146347,coinbase:BTC-USD,C,4.85,USD,2026-08-19T19:37:24.798641+00:00,posted
coinbase:1073146346,coinbase:BTC-USD,C,1000.00,USD,2026-08-20T00:12:35.122174+00:00,posted
coinbase:1073146345,coinbase:BTC-USD,C,1000.00,USD,2026-08-20T00:13:51.467606+00:00,posted
coinbase:1073146344,coinbase:BTC-USD,C,1.17,USD,2026-08-19T23:36:23.250773+00:00,posted
coinbase:1073146343,coinbase:BTC-USD,C,53473.42,USD,2026-08-19T23:33:50.307756+00:00,posted
coinbase:1073146361,coinbase:BTC-USD,C,0.00,USD,2026-08-19T19:16:05.049524+00:00,posted
coinbase:1073146362,coinbase:BTC-USD,D,0.00,USD,2026-08-19T19:12:28.875966+00:00,posted
coinbase:1073146363,coinbase:BTC-USD,D,0.01,USD,2026-08-19T22:19:25.395993+00:00,posted
coinbase:1073146364,coinbase:BTC-USD,C,0.00,USD,2026-08-19T21:06:55.914998+00:00,posted
coinbase:1073146366,coinbase:BTC-USD,D,6087.48,USD,2026-08-21T04:29:56.426850+00:00,posted
coinbase:1073146365,coinbase:BTC-USD,D,420.00,USD,2026-08-19T18:48:21.129037+00:00,posted
coinbase:1073146367,coinbase:BTC-USD,D,420.00,USD,2026-08-19T23:14:56.014063+00:00,posted
coinbase:1073146368,coinbase:BTC-USD,C,0.00,USD,2026-08-19T21:04:39.131347+00:00,posted
coinbase:1073146369,coinbase:BTC-USD,C,160.36,USD,2026-08-20T20:05:29.754790+00:00,posted
coinbase:1073146370,coinbase:BTC-USD,C,0.00,USD,2026-08-19T22:46:26.719319+00:00,posted
coinbase:1073146371,coinbase:BTC-USD,C,0.00,USD,2026-08-22T12:32:32.640902+00:00,posted
coinbase:1073146372,coinbase:BTC-USD,D,0.01,USD,2026-08-19T23:00:32.304106+00:00,posted
coinbase:1073146373,coinbase:BTC-USD,D,49.76,USD,2026-08-19T19:29:14.126838+00:00,posted
kraken:105348332,kraken:XBTUSD,D,68.55,USD,2026-08-19T19:32:26.382563+00:00,posted
kraken:105348333,kraken:XBTUSD,D,6.85,USD,2026-08-21T11:12:34.503596+00:00,posted
kraken:105348334,kraken:XBTUSD,D,50.00,USD,2026-08-19T21:10:31.860371+00:00,posted
kraken:105348335,kraken:XBTUSD,D,2674.60,USD,2026-08-19T22:12:33.876599+00:00,posted
coinbase:1073146374,coinbase:BTC-USD,C,0.00,USD,2026-08-19T21:01:09.765035+00:00,posted
coinbase:1073146375,coinbase:BTC-USD,D,0.01,USD,2026-08-19T23:29:05.211986+00:00,posted
coinbase:1073146376,coinbase:BTC-USD,C,0.00,USD,2026-08-22T06:22:20.683977+00:00,posted
coinbase:1073146377,coinbase:BTC-USD,C,0.00,USD,2026-08-19T20:52:02.140284+00:00,posted
coinbase:1073146379,coinbase:BTC-USD,D,0.02,USD,2026-08-19T20:16:42.660885+00:00,posted
coinbase:1073146380,coinbase:BTC-USD,C,0.00,USD,2026-08-21T23:03:20.104691+00:00,posted
coinbase:1073146381,coinbase:BTC-USD,C,0.00,USD,2026-08-19T23:02:22.533754+00:00,posted
coinbase:1073146382,coinbase:BTC-USD,D,0.01,USD,2026-08-19T23:25:07.250190+00:00,posted
coinbase:1073146383,coinbase:BTC-USD,C,0.00,USD,2026-08-19T20:24:51.716685+00:00,posted
coinbase:1073146384,coinbase:BTC-USD,D,0.02,USD,2026-08-19T21:33:27.611513+00:00,posted
coinbase:1073146385,coinbase:BTC-USD,D,0.00,USD,2026-08-19T20:22:50.971728+00:00,posted
coinbase:1073146386,coinbase:BTC-USD,C,0.00,USD,2026-08-19T21:28:38.059304+00:00,posted
coinbase:1073146392,coinbase:BTC-USD,D,2396.76,USD,2026-08-19T21:30:11.390631+00:00,posted
coinbase:1073146391,coinbase:BTC-USD,D,6.28,USD,2026-08-19T21:39:39.729033+00:00,posted
coinbase:1073146390,coinbase:BTC-USD,D,75.00,USD,2026-08-20T00:10:59.930464+00:00,posted
coinbase:1073146389,coinbase:BTC-USD,D,6958.10,USD,2026-08-19T19:28:52.917353+00:00,posted
coinbase:1073146388,coinbase:BTC-USD,D,420.00,USD,2026-08-19T21:52:53.588012+00:00,posted
coinbase:1073146387,coinbase:BTC-USD,D,2056.54,USD,2026-08-19T22:30:41.908884+00:00,posted
coinbase:1073146393,coinbase:BTC-USD,D,89.63,USD,2026-08-20T00:00:17.827736+00:00,posted
coinbase:1073146394,coinbase:BTC-USD,D,27.26,USD,2026-08-19T18:50:50.108811+00:00,posted
coinbase:1073146395,coinbase:BTC-USD,D,69.84,USD,2026-08-19T23:49:46.729913+00:00,posted
coinbase:1073146397,coinbase:BTC-USD,D,2.00,USD,2026-08-19T20:56:39.565884+00:00,posted
coinbase:1073146396,coinbase:BTC-USD,D,2186.17,USD,2026-08-19T22:40:29.716118+00:00,posted
coinbase:1073146399,coinbase:BTC-USD,D,420.00,USD,2026-08-19T21:05:06.450714+00:00,posted
coinbase:1073146398,coinbase:BTC-USD,D,75.00,USD,2026-08-19T22:16:42.299367+00:00,posted
coinbase:1073146401,coinbase:BTC-USD,D,1000.00,USD,2026-08-19T19:35:42.736063+00:00,posted
coinbase:1073146400,coinbase:BTC-USD,D,1000.00,USD,2026-08-22T14:27:35.478872+00:00,posted
coinbase:1073146402,coinbase:BTC-USD,D,419.99,USD,2026-08-19T19:36:36.130523+00:00,posted
coinbase:1073146404,coinbase:BTC-USD,D,524.97,USD,2026-08-19T21:58:51.119301+00:00,posted
coinbase:1073146403,coinbase:BTC-USD,D,200.14,USD,2026-08-19T22:19:46.486226+00:00,posted
coinbase:1073146406,coinbase:BTC-USD,D,4.44,USD,2026-08-19T20:27:41.025534+00:00,posted
coinbase:1073146405,coinbase:BTC-USD,D,1.17,USD,2026-08-19T23:59:57.543504+00:00,posted
coinbase:1073146407,coinbase:BTC-USD,D,0.01,USD,2026-08-19T20:06:00.769701+00:00,posted
coinbase:1073146408,coinbase:BTC-USD,D,0.01,USD,2026-08-19T19:23:36.656231+00:00,posted
coinbase:1073146409,coinbase:BTC-USD,D,0.02,USD,2026-08-19T19:03:30.077480+00:00,posted
coinbase:1073146410,coinbase:BTC-USD,C,0.00,USD,2026-08-19T22:22:30.130648+00:00,posted
coinbase:1073146411,coinbase:BTC-USD,C,0.00,USD,2026-08-19T18:49:31.710536+00:00,posted
coinbase:1073146415,coinbase:BTC-USD,D,4702.75,USD,2026-08-19T18:49:05.812142+00:00,posted
coinbase:1073146414,coinbase:BTC-USD,D,2.52,USD,2026-08-22T10:33:32.462871+00:00,posted
coinbase:1073146413,coinbase:BTC-USD,D,1.15,USD,2026-08-21T17:19:09.140372+00:00,posted
coinbase:1073146412,coinbase:BTC-USD,D,6087.27,USD,2026-08-19T20:48:04.084932+00:00,posted
coinbase:1073146416,coinbase:BTC-USD,D,45.60,USD,2026-08-19T23:33:35.580407+00:00,posted
coinbase:1073146417,coinbase:BTC-USD,D,30.54,USD,2026-08-19T19:24:18.594716+00:00,posted
coinbase:1073146418,coinbase:BTC-USD,D,278.25,USD,2026-08-19T20:35:54.291398+00:00,posted
coinbase:1073146419,coinbase:BTC-USD,C,0.00,USD,2026-08-19T21:38:13.392514+00:00,posted
coinbase:1073146420,coinbase:BTC-USD,D,0.00,USD,2026-08-20T00:07:07.103275+00:00,posted
coinbase:1073146421,coinbase:BTC-USD,D,0.00,USD,2026-08-19T21:29:04.855786+00:00,posted
coinbase:1073146422,coinbase:BTC-USD,C,0.00,USD,2026-08-19T19:03:39.120010+00:00,posted
coinbase:1073146423,coinbase:BTC-USD,C,0.00,USD,2026-08-19T19:40:25.764432+00:00,posted
coinbase:1073146424,coinbase:BTC-USD,D,0.00,USD,2026-08-19T23:00:33.562567+00:00,posted
coinbase:1073146425,coinbase:BTC-USD,C,0.00,USD,2026-08-19T22:27:49.332728+00:00,posted
coinbase:1073146426,coinbase:BTC-USD,D,0.00,USD,2026-08-19T22:49:49.212622+00:00,posted
coinbase:1073146428,coinbase:BTC-USD,C,0.00,USD,2026-08-19T18:49:25.230805+00:00,posted
coinbase:1073146429,coinbase:BTC-USD,C,0.00,USD,2026-08-19T19:44:25.534597+00:00,posted
coinbase:1073146430,coinbase:BTC-USD,D,0.00,USD,2026-08-19T18:57:02.383365+00:00,posted
coinbase:1073146431,coinbase:BTC-USD,D,0.00,USD,2026-08-19T22:40:59.809292+00:00,posted
coinbase:1073146432,coinbase:BTC-USD,C,0.00,USD,2026-08-19T19:59:27.738374+00:00,posted
coinbase:1073146433,coinbase:BTC-USD,C,0.00,USD,2026-08-19T23:47:36.438290+00:00,posted
coinbase:1073146434,coinbase:BTC-USD,C,0.00,USD,2026-08-19T19:24:46.835647+00:00,posted
coinbase:1073146435,coinbase:BTC-USD,C,0.00,USD,2026-08-21T21:26:35.711256+00:00,posted
kraken:105348337,kraken:XBTUSD,D,5533.88,USD,2026-08-19T21:35:35.369095+00:00,posted
kraken:105348338,kraken:XBTUSD,D,50.00,USD,2026-08-19T23:31:10.479461+00:00,posted
kraken:105348339,kraken:XBTUSD,D,5346.54,USD,2026-08-19T20:27:54.857233+00:00,posted
kraken:105348340,kraken:XBTUSD,D,6.85,USD,2026-08-21T11:57:52.306569+00:00,posted
kraken:105348341,kraken:XBTUSD,D,68.55,USD,2026-08-19T23:04:16.284209+00:00,posted
kraken:105348342,kraken:XBTUSD,D,3383.33,USD,2026-08-19T20:05:26.204379+00:00,posted
coinbase:1073146436,coinbase:BTC-USD,C,0.00,USD,2026-08-20T00:06:05.879788+00:00,posted
coinbase:1073146437,coinbase:BTC-USD,D,40.01,USD,2026-08-19T23:01:25.768916+00:00,posted
coinbase:1073146438,coinbase:BTC-USD,D,0.01,USD,2026-08-19T21:45:45.141795+00:00,posted
coinbase:1073146439,coinbase:BTC-USD,C,0.00,USD,2026-08-19T19:35:04.512481+00:00,posted
coinbase:1073146440,coinbase:BTC-USD,D,0.00,USD,2026-08-19T18:53:16.818338+00:00,posted
coinbase:1073146441,coinbase:BTC-USD,D,0.01,USD,2026-08-19T22:15:15.110776+00:00,posted
coinbase:1073146442,coinbase:BTC-USD,C,0.00,USD,2026-08-19T18:48:33.457941+00:00,posted
coinbase:1073146443,coinbase:BTC-USD,C,0.00,USD,2026-08-19T22:55:50.475453+00:00,posted
coinbase:1073146444,coinbase:BTC-USD,D,50.18,USD,2026-08-19T22:48:57.730529+00:00,posted
coinbase:1073146445,coinbase:BTC-USD,D,400.07,USD,2026-08-19T19:53:06.827847+00:00,posted
coinbase:1073146446,coinbase:BTC-USD,D,0.00,USD,2026-08-19T21:03:56.386149+00:00,posted
coinbase:1073146447,coinbase:BTC-USD,D,0.01,USD,2026-08-20T00:06:21.098835+00:00,posted
coinbase:1073146448,coinbase:BTC-USD,D,0.03,USD,2026-08-19T20:17:44.996129+00:00,posted
coinbase:1073146449,coinbase:BTC-USD,D,0.00,USD,2026-08-19T22:36:41.297819+00:00,posted
kraken:105348343,kraken:XBTUSD,C,10.42,USD,2026-08-20T00:07:00.891575+00:00,posted
coinbase:1073146450,coinbase:BTC-USD,C,0.00,USD,2026-08-21T00:39:56.294696+00:00,posted
coinbase:1073146451,coinbase:BTC-USD,C,0.00,USD,2026-08-19T19:10:06.975463+00:00,posted
coinbase:1073146453,coinbase:BTC-USD,D,32.62,USD,2026-08-19T21:08:58.158080+00:00,posted
coinbase:1073146452,coinbase:BTC-USD,D,19.90,USD,2026-08-19T20:03:33.577435+00:00,posted
coinbase:1073146454,coinbase:BTC-USD,C,0.00,USD,2026-08-19T20:29:22.688915+00:00,posted
coinbase:1073146455,coinbase:BTC-USD,D,0.01,USD,2026-08-19T22:36:39.984154+00:00,posted
coinbase:1073146457,coinbase:BTC-USD,C,0.00,USD,2026-08-19T19:10:04.603922+00:00,posted
coinbase:1073146458,coinbase:BTC-USD,C,0.00,USD,2026-08-19T23:02:48.623243+00:00,posted
coinbase:1073146459,coinbase:BTC-USD,D,0.01,USD,2026-08-19T19:36:43.172947+00:00,posted
coinbase:1073146460,coinbase:BTC-USD,C,0.00,USD,2026-08-19T21:19:13.959400+00:00,posted
coinbase:1073146461,coinbase:BTC-USD,D,300.51,USD,2026-08-19T21:42:17.388590+00:00,posted
coinbase:1073146462,coinbase:BTC-USD,C,0.00,USD,2026-08-19T19:53:57.509226+00:00,posted
coinbase:1073146463,coinbase:BTC-USD,C,0.00,USD,2026-08-19T20:12:53.742085+00:00,posted
coinbase:1073146464,coinbase:BTC-USD,D,0.00,USD,2026-08-19T19:37:27.370744+00:00,posted
coinbase:1073146465,coinbase:BTC-USD,D,0.00,USD,2026-08-19T23:18:09.059023+00:00,posted
coinbase:1073146466,coinbase:BTC-USD,C,0.00,USD,2026-08-19T18:58:45.223392+00:00,posted
coinbase:1073146467,coinbase:BTC-USD,D,0.00,USD,2026-08-19T20:33:37.024888+00:00,posted
coinbase:1073146468,coinbase:BTC-USD,C,0.00,USD,2026-08-21T11:19:59.248391+00:00,posted
kraken:105348344,kraken:XBTUSD,D,25.55,USD,2026-08-19T22:28:55.268493+00:00,posted
coinbase:1073146469,coinbase:BTC-USD,C,0.00,USD,2026-08-22T14:55:48.506325+00:00,posted
coinbase:1073146470,coinbase:BTC-USD,D,0.01,USD,2026-08-19T21:48:55.023976+00:00,posted
coinbase:1073146471,coinbase:BTC-USD,D,54.94,USD,2026-08-19T19:16:42.830268+00:00,posted
coinbase:1073146472,coinbase:BTC-USD,C,0.00,USD,2026-08-21T00:05:14.428455+00:00,posted
coinbase:1073146473,coinbase:BTC-USD,C,0.00,USD,2026-08-19T19:28:35.647462+00:00,posted
coinbase:1073146474,coinbase:BTC-USD,C,0.00,USD,2026-08-19T20:48:18.037569+00:00,posted
coinbase:1073146475,coinbase:BTC-USD,D,0.02,USD,2026-08-19T22:18:12.456091+00:00,posted
coinbase:1073146476,coinbase:BTC-USD,D,0.00,USD,2026-08-19T20:10:52.394916+00:00,posted
coinbase:1073146477,coinbase:BTC-USD,D,3.72,USD,2026-08-19T18:52:39.424012+00:00,posted
coinbase:1073146478,coinbase:BTC-USD,C,0.00,USD,2026-08-19T23:12:32.048144+00:00,posted
coinbase:1073146481,coinbase:BTC-USD,D,3394.10,USD,2026-08-22T09:05:03.757598+00:00,posted
coinbase:1073146480,coinbase:BTC-USD,D,4310.09,USD,2026-08-19T23:56:25.205059+00:00,posted
coinbase:1073146479,coinbase:BTC-USD,D,4415.81,USD,2026-08-21T19:00:35.595197+00:00,posted
kraken:105348345,kraken:XBTUSD,D,19.51,USD,2026-08-19T18:55:11.868093+00:00,posted
coinbase:1073146482,coinbase:BTC-USD,D,0.00,USD,2026-08-19T19:42:30.330235+00:00,posted
coinbase:1073146483,coinbase:BTC-USD,D,0.00,USD,2026-08-19T19:47:14.409543+00:00,posted
kraken:105348346,kraken:XBTUSD,C,263.08,USD,2026-08-19T23:37:00.852061+00:00,posted
coinbase:1073146484,coinbase:BTC-USD,D,0.00,USD,2026-08-19T22:19:05.259604+00:00,posted
coinbase:1073146485,coinbase:BTC-USD,D,1010.00,USD,2026-08-19T23:36:48.323624+00:00,posted
coinbase:1073146486,coinbase:BTC-USD,C,0.00,USD,2026-08-19T19:14:26.373477+00:00,posted
coinbase:1073146487,coinbase:BTC-USD,C,0.00,USD,2026-08-19T21:03:50.506906+00:00,posted
coinbase:1073146488,coinbase:BTC-USD,D,0.01,USD,2026-08-19T23:08:34.432601+00:00,posted
coinbase:1073146489,coinbase:BTC-USD,C,0.00,USD,2026-08-20T00:13:32.843928+00:00,posted
coinbase:1073146490,coinbase:BTC-USD,C,0.00,USD,2026-08-19T18:51:56.775753+00:00,posted
coinbase:1073146491,coinbase:BTC-USD,D,0.01,USD,2026-08-19T22:40:55.028724+00:00,posted
coinbase:1073146492,coinbase:BTC-USD,C,0.00,USD,2026-08-19T23:03:22.724131+00:00,posted
coinbase:1073146493,coinbase:BTC-USD,C,0.00,USD,2026-08-19T21:52:10.418797+00:00,posted
kraken:105348347,kraken:XBTUSD,C,32.20,USD,2026-08-21T11:14:07.793007+00:00,posted
coinbase:1073146498,coinbase:BTC-USD,C,779.48,USD,2026-08-19T23:41:06.803402+00:00,posted
coinbase:1073146497,coinbase:BTC-USD,C,1.17,USD,2026-08-19T19:04:50.767086+00:00,posted
coinbase:1073146496,coinbase:BTC-USD,C,3.49,USD,2026-08-19T21:40:13.420107+00:00,posted
coinbase:1073146495,coinbase:BTC-USD,C,9.27,USD,2026-08-20T00:15:22.854513+00:00,posted
coinbase:1073146494,coinbase:BTC-USD,C,1.15,USD,2026-08-19T19:18:33.320605+00:00,posted
coinbase:1073146499,coinbase:BTC-USD,C,0.00,USD,2026-08-19T20:13:27.944362+00:00,posted
coinbase:1073146500,coinbase:BTC-USD,C,0.00,USD,2026-08-19T23:48:12.627103+00:00,posted
coinbase:1073146501,coinbase:BTC-USD,D,0.00,USD,2026-08-19T21:55:29.702425+00:00,posted
coinbase:1073146502,coinbase:BTC-USD,C,0.00,USD,2026-08-19T20:53:41.907323+00:00,posted
coinbase:1073146503,coinbase:BTC-USD,D,0.01,USD,2026-08-20T00:12:43.677516+00:00,posted
coinbase:1073146505,coinbase:BTC-USD,C,6.27,USD,2026-08-19T20:03:34.944924+00:00,posted
coinbase:1073146504,coinbase:BTC-USD,C,100.00,USD,2026-08-22T06:09:10.029616+00:00,posted
coinbase:1073146508,coinbase:BTC-USD,C,196.50,USD,2026-08-19T22:00:44.255135+00:00,posted
coinbase:1073146507,coinbase:BTC-USD,C,1.17,USD,2026-08-19T20:41:34.624277+00:00,posted
coinbase:1073146506,coinbase:BTC-USD,C,1.17,USD,2026-08-19T19:32:24.943087+00:00,posted
coinbase:1073146511,coinbase:BTC-USD,C,1981.46,USD,2026-08-19T23:21:37.918510+00:00,posted
coinbase:1073146510,coinbase:BTC-USD,C,250.00,USD,2026-08-20T00:05:44.997688+00:00,posted
coinbase:1073146509,coinbase:BTC-USD,C,3.68,USD,2026-08-19T19:43:27.345063+00:00,posted
coinbase:1073146512,coinbase:BTC-USD,C,6.86,USD,2026-08-19T18:52:05.896226+00:00,posted
coinbase:1073146513,coinbase:BTC-USD,C,1.17,USD,2026-08-19T20:34:59.658478+00:00,posted
coinbase:1073146514,coinbase:BTC-USD,C,4299.01,USD,2026-08-20T22:09:25.137989+00:00,posted
coinbase:1073146515,coinbase:BTC-USD,C,0.00,USD,2026-08-19T19:44:05.031622+00:00,posted
coinbase:1073146516,coinbase:BTC-USD,D,96.44,USD,2026-08-19T23:32:02.036598+00:00,posted
coinbase:1073146517,coinbase:BTC-USD,D,0.00,USD,2026-08-19T23:01:03.800650+00:00,posted
kraken:105348348,kraken:XBTUSD,C,9.64,USD,2026-08-19T23:29:32.627919+00:00,posted
coinbase:1073146518,coinbase:BTC-USD,D,0.00,USD,2026-08-19T20:48:48.494728+00:00,posted
coinbase:1073146519,coinbase:BTC-USD,C,2308.88,USD,2026-08-19T20:56:04.209237+00:00,posted
coinbase:1073146520,coinbase:BTC-USD,C,9592.21,USD,2026-08-21T00:48:30.265942+00:00,posted
coinbase:1073146521,coinbase:BTC-USD,C,4697.80,USD,2026-08-19T23:58:35.549647+00:00,posted
coinbase:1073146522,coinbase:BTC-USD,C,2207.89,USD,2026-08-20T00:02:32.532142+00:00,posted
coinbase:1073146523,coinbase:BTC-USD,C,6945.48,USD,2026-08-19T19:43:00.635778+00:00,posted
coinbase:1073146525,coinbase:BTC-USD,C,1.02,USD,2026-08-19T22:34:23.924603+00:00,posted
coinbase:1073146524,coinbase:BTC-USD,C,1.17,USD,2026-08-19T23:05:13.866210+00:00,posted
coinbase:1073146532,coinbase:BTC-USD,C,202.27,USD,2026-08-19T21:59:52.642695+00:00,posted
coinbase:1073146531,coinbase:BTC-USD,C,1.17,USD,2026-08-19T20:26:46.529550+00:00,posted
coinbase:1073146529,coinbase:BTC-USD,C,1.17,USD,2026-08-19T23:58:37.434074+00:00,posted
coinbase:1073146528,coinbase:BTC-USD,C,1.17,USD,2026-08-19T20:54:45.137870+00:00,posted
coinbase:1073146527,coinbase:BTC-USD,C,20000.00,USD,2026-08-20T00:04:02.071628+00:00,posted
coinbase:1073146526,coinbase:BTC-USD,C,0.15,USD,2026-08-19T22:16:36.435711+00:00,posted
coinbase:1073146542,coinbase:BTC-USD,C,9186.47,USD,2026-08-21T10:09:17.334439+00:00,posted
coinbase:1073146541,coinbase:BTC-USD,C,14804.77,USD,2026-08-19T19:40:55.601250+00:00,posted
coinbase:1073146540,coinbase:BTC-USD,C,4980.78,USD,2026-08-21T14:34:07.278056+00:00,posted
coinbase:1073146539,coinbase:BTC-USD,C,4557.12,USD,2026-08-19T22:16:25.663619+00:00,posted
coinbase:1073146538,coinbase:BTC-USD,C,1.17,USD,2026-08-20T22:23:34.868247+00:00,posted
coinbase:1073146537,coinbase:BTC-USD,C,2092.19,USD,2026-08-19T20:07:52.339488+00:00,posted
coinbase:1073146536,coinbase:BTC-USD,C,12146.06,USD,2026-08-19T22:43:15.619440+00:00,posted
coinbase:1073146535,coinbase:BTC-USD,C,1.17,USD,2026-08-20T00:05:19.646535+00:00,posted
coinbase:1073146534,coinbase:BTC-USD,C,11952.89,USD,2026-08-19T21:28:14.453869+00:00,posted
coinbase:1073146533,coinbase:BTC-USD,C,12576.72,USD,2026-08-19T21:45:42.704958+00:00,posted
coinbase:1073146543,coinbase:BTC-USD,C,0.00,USD,2026-08-22T11:43:59.503063+00:00,posted
coinbase:1073146544,coinbase:BTC-USD,D,10781.50,USD,2026-08-19T22:32:17.317667+00:00,posted
coinbase:1073146545,coinbase:BTC-USD,D,2800.68,USD,2026-08-19T19:09:51.056331+00:00,posted
kraken:105348349,kraken:XBTUSD,D,50.00,USD,2026-08-19T20:22:50.849649+00:00,posted
kraken:105348350,kraken:XBTUSD,D,68.55,USD,2026-08-19T23:59:34.569311+00:00,posted
kraken:105348351,kraken:XBTUSD,D,6.85,USD,2026-08-19T19:38:37.568108+00:00,posted
coinbase:1073146546,coinbase:BTC-USD,C,0.00,USD,2026-08-19T20:37:03.150258+00:00,posted
kraken:105348352,kraken:XBTUSD,D,212.41,USD,2026-08-19T23:40:17.613241+00:00,posted
kraken:105348353,kraken:XBTUSD,D,11057.18,USD,2026-08-19T21:07:52.018201+00:00,posted
kraken:105348354,kraken:XBTUSD,D,3475.69,USD,2026-08-19T22:05:56.705173+00:00,posted
kraken:105348355,kraken:XBTUSD,D,3.50,USD,2026-08-19T19:03:12.219890+00:00,posted
kraken:105348356,kraken:XBTUSD,D,10.15,USD,2026-08-20T00:07:04.904914+00:00,posted
kraken:105348357,kraken:XBTUSD,D,4.18,USD,2026-08-19T21:48:23.242345+00:00,posted
kraken:105348358,kraken:XBTUSD,D,3.50,USD,2026-08-22T16:24:44.032254+00:00,posted
kraken:105348359,kraken:XBTUSD,D,20057.48,USD,2026-08-19T20:23:40.349009+00:00,posted
coinbase:1073146547,coinbase:BTC-USD,C,0.00,USD,2026-08-21T20:38:33.632322+00:00,posted
coinbase:1073146553,coinbase:BTC-USD,C,115.95,USD,2026-08-19T19:03:31.243825+00:00,posted
coinbase:1073146551,coinbase:BTC-USD,C,1.17,USD,2026-08-22T00:15:47.764562+00:00,posted
coinbase:1073146550,coinbase:BTC-USD,C,0.12,USD,2026-08-19T19:17:32.388331+00:00,posted
coinbase:1073146549,coinbase:BTC-USD,C,17.63,USD,2026-08-19T22:16:08.222811+00:00,posted
coinbase:1073146548,coinbase:BTC-USD,C,1.16,USD,2026-08-19T21:21:48.746654+00:00,posted
coinbase:1073146555,coinbase:BTC-USD,D,7833.67,USD,2026-08-19T23:04:32.707849+00:00,posted
coinbase:1073146554,coinbase:BTC-USD,D,75.00,USD,2026-08-19T23:40:50.725873+00:00,posted
coinbase:1073146556,coinbase:BTC-USD,D,75.00,USD,2026-08-19T22:17:21.113510+00:00,posted
coinbase:1073146557,coinbase:BTC-USD,D,75.00,USD,2026-08-19T20:47:58.372632+00:00,posted
coinbase:1073146558,coinbase:BTC-USD,D,75.00,USD,2026-08-19T19:47:06.515428+00:00,posted
coinbase:1073146559,coinbase:BTC-USD,D,0.01,USD,2026-08-19T20:00:11.841249+00:00,posted
coinbase:1073146560,coinbase:BTC-USD,C,0.00,USD,2026-08-19T19:05:52.708637+00:00,posted
coinbase:1073146561,coinbase:BTC-USD,C,0.00,USD,2026-08-19T22:25:48.159004+00:00,posted
coinbase:1073146562,coinbase:BTC-USD,D,0.01,USD,2026-08-21T20:14:54.725330+00:00,posted
kraken:105348360,kraken:XBTUSD,D,30427.44,USD,2026-08-19T22:00:08.969473+00:00,posted
kraken:105348361,kraken:XBTUSD,D,5231.17,USD,2026-08-19T23:23:00.173177+00:00,posted
kraken:105348362,kraken:XBTUSD,D,29247.31,USD,2026-08-19T21:03:41.318075+00:00,posted
coinbase:1073146563,coinbase:BTC-USD,D,0.00,USD,2026-08-19T23:31:36.928053+00:00,posted
coinbase:1073146564,coinbase:BTC-USD,C,0.12,USD,2026-08-19T23:36:29.210232+00:00,posted
coinbase:1073146569,coinbase:BTC-USD,D,454.82,USD,2026-08-19T19:11:35.811765+00:00,posted
coinbase:1073146568,coinbase:BTC-USD,D,74.99,USD,2026-08-19T22:41:15.754622+00:00,posted
coinbase:1073146567,coinbase:BTC-USD,D,9569.21,USD,2026-08-19T23:42:41.511996+00:00,posted
coinbase:1073146566,coinbase:BTC-USD,D,100.25,USD,2026-08-19T22:29:07.692513+00:00,posted
coinbase:1073146565,coinbase:BTC-USD,D,420.00,USD,2026-08-19T19:25:14.082899+00:00,posted
coinbase:1073146570,coinbase:BTC-USD,D,103.19,USD,2026-08-19T19:42:35.509563+00:00,posted
coinbase:1073146571,coinbase:BTC-USD,C,100.22,USD,2026-08-20T00:06:21.374362+00:00,posted
coinbase:1073146574,coinbase:BTC-USD,D,75.00,USD,2026-08-20T00:11:40.471580+00:00,posted
coinbase:1073146573,coinbase:BTC-USD,D,100.10,USD,2026-08-20T00:14:38.459531+00:00,posted
coinbase:1073146572,coinbase:BTC-USD,D,316.81,USD,2026-08-19T23:20:47.869591+00:00,posted
coinbase:1073146576,coinbase:BTC-USD,D,72.94,USD,2026-08-21T13:13:29.220276+00:00,posted
coinbase:1073146577,coinbase:BTC-USD,D,62.07,USD,2026-08-19T19:07:39.369643+00:00,posted
coinbase:1073146578,coinbase:BTC-USD,D,50.11,USD,2026-08-19T20:56:40.162162+00:00,posted
coinbase:1073146579,coinbase:BTC-USD,D,94.95,USD,2026-08-19T20:16:41.309654+00:00,posted
coinbase:1073146580,coinbase:BTC-USD,D,36.96,USD,2026-08-19T23:33:47.166315+00:00,posted
coinbase:1073146581,coinbase:BTC-USD,D,782.35,USD,2026-08-19T22:11:09.082507+00:00,posted
coinbase:1073146582,coinbase:BTC-USD,D,29.74,USD,2026-08-19T21:04:00.493942+00:00,posted
coinbase:1073146583,coinbase:BTC-USD,D,58.27,USD,2026-08-19T19:34:26.892076+00:00,posted
coinbase:1073146584,coinbase:BTC-USD,D,394.29,USD,2026-08-19T22:55:48.417599+00:00,posted
coinbase:1073146585,coinbase:BTC-USD,D,867.04,USD,2026-08-19T23:50:46.125837+00:00,posted
coinbase:1073146586,coinbase:BTC-USD,D,29.02,USD,2026-08-19T19:18:52.159285+00:00,posted
coinbase:1073146587,coinbase:BTC-USD,D,33.10,USD,2026-08-19T21:42:18.092424+00:00,posted
coinbase:1073146588,coinbase:BTC-USD,D,89.72,USD,2026-08-19T21:01:08.173945+00:00,posted
coinbase:1073146589,coinbase:BTC-USD,D,71.07,USD,2026-08-22T11:19:08.387382+00:00,posted
coinbase:1073146591,coinbase:BTC-USD,D,176.11,USD,2026-08-19T19:33:00.841805+00:00,posted
coinbase:1073146592,coinbase:BTC-USD,D,168.09,USD,2026-08-19T22:34:27.055104+00:00,posted
coinbase:1073146593,coinbase:BTC-USD,D,191.49,USD,2026-08-19T22:33:24.738450+00:00,posted
coinbase:1073146594,coinbase:BTC-USD,D,28.30,USD,2026-08-19T23:41:33.787663+00:00,posted
coinbase:1073146595,coinbase:BTC-USD,D,100.71,USD,2026-08-19T20:28:09.364759+00:00,posted
coinbase:1073146596,coinbase:BTC-USD,D,33.27,USD,2026-08-19T23:28:45.617766+00:00,posted
coinbase:1073146597,coinbase:BTC-USD,D,36.72,USD,2026-08-20T00:06:28.003597+00:00,posted
coinbase:1073146600,coinbase:BTC-USD,D,75.00,USD,2026-08-19T20:24:42.084473+00:00,posted
coinbase:1073146599,coinbase:BTC-USD,D,420.00,USD,2026-08-19T23:00:58.383436+00:00,posted
coinbase:1073146598,coinbase:BTC-USD,D,199.42,USD,2026-08-19T22:46:02.799995+00:00,posted
coinbase:1073146601,coinbase:BTC-USD,D,75.00,USD,2026-08-19T19:15:00.481968+00:00,posted
coinbase:1073146602,coinbase:BTC-USD,C,6.65,USD,2026-08-19T23:46:59.054418+00:00,posted
kraken:105348363,kraken:XBTUSD,D,17874.65,USD,2026-08-19T21:25:25.497142+00:00,posted
kraken:105348364,kraken:XBTUSD,D,50.00,USD,2026-08-19T20:48:56.604766+00:00,posted
kraken:105348365,kraken:XBTUSD,D,15803.47,USD,2026-08-19T20:28:13.419861+00:00,posted
coinbase:1073146603,coinbase:BTC-USD,D,0.00,USD,2026-08-19T19:30:19.068168+00:00,posted
kraken:105348366,kraken:XBTUSD,D,138.64,USD,2026-08-19T23:35:44.067421+00:00,posted
kraken:105348367,kraken:XBTUSD,D,317.67,USD,2026-08-19T23:21:45.420558+00:00,posted
kraken:105348368,kraken:XBTUSD,D,238.25,USD,2026-08-19T21:16:10.969850+00:00,posted
kraken:105348369,kraken:XBTUSD,D,158.84,USD,2026-08-19T22:38:05.046915+00:00,posted
kraken:105348370,kraken:XBTUSD,D,5933.80,USD,2026-08-19T23:17:18.722788+00:00,posted
kraken:105348371,kraken:XBTUSD,D,4302.36,USD,2026-08-19T22:15:14.413918+00:00,posted
kraken:105348372,kraken:XBTUSD,D,530.44,USD,2026-08-19T18:55:38.451537+00:00,posted
kraken:105348373,kraken:XBTUSD,D,68.56,USD,2026-08-19T22:01:35.363478+00:00,posted
kraken:105348374,kraken:XBTUSD,D,6.86,USD,2026-08-19T23:32:48.819612+00:00,posted
kraken:105348375,kraken:XBTUSD,D,800.00,USD,2026-08-19T20:40:58.546381+00:00,posted
kraken:105348376,kraken:XBTUSD,D,4935.75,USD,2026-08-19T23:40:44.240350+00:00,posted
kraken:105348377,kraken:XBTUSD,D,1920.37,USD,2026-08-19T22:32:52.544862+00:00,posted
coinbase:1073146608,coinbase:BTC-USD,C,2585.86,USD,2026-08-19T20:53:07.310132+00:00,posted
coinbase:1073146607,coinbase:BTC-USD,C,0.01,USD,2026-08-19T21:54:24.019459+00:00,posted
coinbase:1073146606,coinbase:BTC-USD,C,1.17,USD,2026-08-19T23:28:24.111362+00:00,posted
coinbase:1073146605,coinbase:BTC-USD,C,0.12,USD,2026-08-19T22:29:11.675724+00:00,posted
coinbase:1073146604,coinbase:BTC-USD,C,0.05,USD,2026-08-19T21:00:41.552342+00:00,posted
coinbase:1073146609,coinbase:BTC-USD,D,15.29,USD,2026-08-19T21:22:00.438043+00:00,posted
coinbase:1073146610,coinbase:BTC-USD,D,0.01,USD,2026-08-19T19:42:42.800613+00:00,posted
coinbase:1073146611,coinbase:BTC-USD,D,0.02,USD,2026-08-19T19:59:24.197738+00:00,posted
coinbase:1073146612,coinbase:BTC-USD,D,0.00,USD,2026-08-19T23:56:45.168676+00:00,posted
coinbase:1073146613,coinbase:BTC-USD,C,0.00,USD,2026-08-19T22:39:39.291621+00:00,posted
coinbase:1073146614,coinbase:BTC-USD,C,0.00,USD,2026-08-19T23:41:04.533625+00:00,posted
coinbase:1073146617,coinbase:BTC-USD,D,6305.68,USD,2026-08-19T21:17:02.224256+00:00,posted
coinbase:1073146616,coinbase:BTC-USD,D,75.00,USD,2026-08-19T20:25:16.536289+00:00,posted
coinbase:1073146615,coinbase:BTC-USD,D,479.53,USD,2026-08-19T22:11:21.464187+00:00,posted
coinbase:1073146618,coinbase:BTC-USD,C,0.00,USD,2026-08-19T18:47:59.669767+00:00,posted
coinbase:1073146619,coinbase:BTC-USD,D,0.00,USD,2026-08-20T00:04:30.653796+00:00,posted
coinbase:1073146620,coinbase:BTC-USD,D,7.08,USD,2026-08-19T21:50:51.143995+00:00,posted
coinbase:1073146621,coinbase:BTC-USD,C,0.00,USD,2026-08-19T20:18:51.383395+00:00,posted
coinbase:1073146622,coinbase:BTC-USD,D,0.00,USD,2026-08-19T21:24:32.919396+00:00,posted
coinbase:1073146623,coinbase:BTC-USD,C,0.00,USD,2026-08-19T20:16:48.930050+00:00,posted
coinbase:1073146624,coinbase:BTC-USD,D,0.01,USD,2026-08-19T20:16:56.966692+00:00,posted
coinbase:1073146625,coinbase:BTC-USD,C,0.00,USD,2026-08-19T23:59:48.125639+00:00,posted
coinbase:1073146628,coinbase:BTC-USD,D,12.45,USD,2026-08-19T19:47:44.341359+00:00,posted
coinbase:1073146627,coinbase:BTC-USD,D,75.00,USD,2026-08-19T20:04:52.792888+00:00,posted
coinbase:1073146626,coinbase:BTC-USD,D,412.91,USD,2026-08-19T22:23:33.312159+00:00,posted
kraken:105348378,kraken:XBTUSD,D,99.97,USD,2026-08-19T22:43:36.261072+00:00,posted
kraken:105348379,kraken:XBTUSD,D,50.00,USD,2026-08-20T00:14:44.741932+00:00,posted
kraken:105348380,kraken:XBTUSD,D,1826.11,USD,2026-08-19T21:03:42.527306+00:00,posted
coinbase:1073146629,coinbase:BTC-USD,C,0.00,USD,2026-08-19T18:57:14.322916+00:00,posted
coinbase:1073146636,coinbase:BTC-USD,C,1989.69,USD,2026-08-19T21:54:21.531571+00:00,posted
coinbase:1073146635,coinbase:BTC-USD,C,1.17,USD,2026-08-19T22:45:20.778933+00:00,posted
coinbase:1073146634,coinbase:BTC-USD,C,0.08,USD,2026-08-19T21:42:00.866388+00:00,posted
coinbase:1073146633,coinbase:BTC-USD,C,0.17,USD,2026-08-19T23:44:44.316186+00:00,posted
coinbase:1073146632,coinbase:BTC-USD,C,0.08,USD,2026-08-22T04:29:42.841597+00:00,posted
coinbase:1073146631,coinbase:BTC-USD,C,1.17,USD,2026-08-19T23:22:59.737530+00:00,posted
coinbase:1073146630,coinbase:BTC-USD,C,1.16,USD,2026-08-19T19:45:21.581362+00:00,posted
coinbase:1073146637,coinbase:BTC-USD,C,247.30,USD,2026-08-21T06:40:30.134238+00:00,posted
coinbase:1073146639,coinbase:BTC-USD,C,1.17,USD,2026-08-19T22:57:20.887856+00:00,posted
coinbase:1073146638,coinbase:BTC-USD,C,1076.43,USD,2026-08-19T22:29:53.412045+00:00,posted
coinbase:1073146641,coinbase:BTC-USD,C,1.13,USD,2026-08-19T19:15:03.299408+00:00,posted
coinbase:1073146640,coinbase:BTC-USD,C,382.50,USD,2026-08-19T22:51:10.519533+00:00,posted
kraken:105348381,kraken:XBTUSD,D,315.04,USD,2026-08-19T23:05:39.390501+00:00,posted
coinbase:1073146642,coinbase:BTC-USD,C,0.00,USD,2026-08-19T20:11:34.286108+00:00,posted
kraken:105348382,kraken:XBTUSD,D,3097.59,USD,2026-08-19T23:26:29.252615+00:00,posted
kraken:105348383,kraken:XBTUSD,D,2776.93,USD,2026-08-19T23:31:29.808952+00:00,posted
kraken:105348384,kraken:XBTUSD,D,2269.67,USD,2026-08-19T23:57:12.389298+00:00,posted
kraken:105348385,kraken:XBTUSD,D,6.86,USD,2026-08-19T23:31:51.685358+00:00,posted
kraken:105348386,kraken:XBTUSD,D,68.57,USD,2026-08-19T20:24:02.673741+00:00,posted
kraken:105348387,kraken:XBTUSD,D,50.00,USD,2026-08-20T00:13:03.717302+00:00,posted
kraken:105348388,kraken:XBTUSD,D,380.00,USD,2026-08-20T00:11:21.649330+00:00,posted
coinbase:1073146643,coinbase:BTC-USD,C,0.00,USD,2026-08-20T00:11:11.050279+00:00,posted
coinbase:1073146644,coinbase:BTC-USD,D,0.01,USD,2026-08-19T23:30:10.969282+00:00,posted
coinbase:1073146645,coinbase:BTC-USD,D,101.93,USD,2026-08-19T19:12:15.658978+00:00,posted
coinbase:1073146646,coinbase:BTC-USD,C,0.00,USD,2026-08-20T00:11:11.103170+00:00,posted
coinbase:1073146647,coinbase:BTC-USD,D,23.20,USD,2026-08-19T19:04:44.318333+00:00,posted
coinbase:1073146648,coinbase:BTC-USD,D,0.01,USD,2026-08-21T20:55:45.343495+00:00,posted
coinbase:1073146649,coinbase:BTC-USD,C,0.00,USD,2026-08-19T21:55:46.131975+00:00,posted
coinbase:1073146650,coinbase:BTC-USD,D,0.00,USD,2026-08-19T23:04:43.031976+00:00,posted
coinbase:1073146651,coinbase:BTC-USD,C,0.00,USD,2026-08-19T19:28:18.249769+00:00,posted
coinbase:1073146652,coinbase:BTC-USD,C,0.00,USD,2026-08-19T21:07:18.504879+00:00,posted
coinbase:1073146653,coinbase:BTC-USD,C,0.00,USD,2026-08-19T21:23:08.935447+00:00,posted
coinbase:1073146658,coinbase:BTC-USD,C,1.17,USD,2026-08-19T22:46:43.615485+00:00,posted
coinbase:1073146657,coinbase:BTC-USD,C,0.08,USD,2026-08-19T23:39:58.292457+00:00,posted
coinbase:1073146656,coinbase:BTC-USD,C,0.17,USD,2026-08-19T21:40:51.034845+00:00,posted
coinbase:1073146660,coinbase:BTC-USD,C,0.00,USD,2026-08-19T20:00:16.658464+00:00,posted
kraken:105348389,kraken:XBTUSD,D,50.74,USD,2026-08-19T20:28:36.032417+00:00,posted
kraken:105348390,kraken:XBTUSD,D,50.00,USD,2026-08-21T08:57:13.293572+00:00,posted
kraken:105348391,kraken:XBTUSD,D,20.00,USD,2026-08-19T21:16:03.946636+00:00,posted
coinbase:1073146661,coinbase:BTC-USD,D,0.00,USD,2026-08-19T21:38:34.141626+00:00,posted
coinbase:1073146662,coinbase:BTC-USD,C,9.90,USD,2026-08-19T22:32:14.869499+00:00,posted
kraken:105348392,kraken:XBTUSD,D,869.72,USD,2026-08-20T00:14:20.183389+00:00,posted
coinbase:1073146664,coinbase:BTC-USD,C,3.39,USD,2026-08-19T22:53:08.954809+00:00,posted
coinbase:1073146663,coinbase:BTC-USD,C,0.08,USD,2026-08-19T23:44:53.172157+00:00,posted
coinbase:1073146666,coinbase:BTC-USD,C,3019.39,USD,2026-08-19T18:51:55.367705+00:00,posted
coinbase:1073146665,coinbase:BTC-USD,C,20.18,USD,2026-08-20T00:10:37.312574+00:00,posted
coinbase:1073146667,coinbase:BTC-USD,D,0.01,USD,2026-08-19T18:52:50.688658+00:00,posted
coinbase:1073146668,coinbase:BTC-USD,D,0.00,USD,2026-08-19T19:26:15.568256+00:00,posted
kraken:105348393,kraken:XBTUSD,D,2778.30,USD,2026-08-20T19:08:22.752191+00:00,posted
kraken:105348394,kraken:XBTUSD,D,50.00,USD,2026-08-19T22:16:55.347787+00:00,posted
kraken:105348395,kraken:XBTUSD,D,50.00,USD,2026-08-19T22:11:15.058890+00:00,posted
coinbase:1073146670,coinbase:BTC-USD,C,12.56,USD,2026-08-19T19:01:26.640723+00:00,posted
coinbase:1073146669,coinbase:BTC-USD,C,0.08,USD,2026-08-20T20:34:32.043043+00:00,posted
kraken:105348396,kraken:XBTUSD,C,3010.85,USD,2026-08-19T21:12:14.477598+00:00,posted
coinbase:1073146672,coinbase:BTC-USD,D,7388.85,USD,2026-08-19T20:09:01.607138+00:00,posted
coinbase:1073146671,coinbase:BTC-USD,D,3012.57,USD,2026-08-19T19:53:26.188265+00:00,posted
coinbase:1073146673,coinbase:BTC-USD,D,174.18,USD,2026-08-19T18:48:41.622570+00:00,posted
coinbase:1073146674,coinbase:BTC-USD,D,74.40,USD,2026-08-19T19:18:56.797226+00:00,posted
coinbase:1073146675,coinbase:BTC-USD,D,25.78,USD,2026-08-19T22:11:08.792431+00:00,posted
coinbase:1073146676,coinbase:BTC-USD,D,51.36,USD,2026-08-19T21:03:50.148428+00:00,posted
coinbase:1073146677,coinbase:BTC-USD,D,47.87,USD,2026-08-19T21:34:26.777651+00:00,posted
coinbase:1073146678,coinbase:BTC-USD,D,28.49,USD,2026-08-19T20:18:54.993720+00:00,posted
coinbase:1073146679,coinbase:BTC-USD,D,26.98,USD,2026-08-19T21:29:52.633610+00:00,posted
coinbase:1073146680,coinbase:BTC-USD,C,0.01,USD,2026-08-19T23:02:20.999732+00:00,posted
coinbase:1073146682,coinbase:BTC-USD,C,1311.06,USD,2026-08-20T00:06:45.401476+00:00,posted
coinbase:1073146681,coinbase:BTC-USD,C,100.18,USD,2026-08-19T21:00:50.804338+00:00,posted
coinbase:1073146684,coinbase:BTC-USD,C,1.17,USD,2026-08-19T21:46:30.820737+00:00,posted
coinbase:1073146683,coinbase:BTC-USD,C,1990.11,USD,2026-08-19T22:32:44.110741+00:00,posted
kraken:105348397,kraken:XBTUSD,D,99.99,USD,2026-08-19T20:03:00.945076+00:00,posted
kraken:105348399,kraken:XBTUSD,C,3.43,USD,2026-08-21T21:49:11.453262+00:00,posted
coinbase:1073146685,coinbase:BTC-USD,D,0.01,USD,2026-08-19T23:58:56.943247+00:00,posted
coinbase:1073146686,coinbase:BTC-USD,D,0.01,USD,2026-08-19T19:10:23.920614+00:00,posted
coinbase:1073146687,coinbase:BTC-USD,D,0.00,USD,2026-08-19T23:44:12.612055+00:00,posted
coinbase:1073146689,coinbase:BTC-USD,C,107.62,USD,2026-08-19T21:16:21.845176+00:00,posted
coinbase:1073146688,coinbase:BTC-USD,C,1.17,USD,2026-08-19T20:12:47.846179+00:00,posted
coinbase:1073146690,coinbase:BTC-USD,C,4.08,USD,2026-08-19T23:26:52.743871+00:00,posted
coinbase:1073146691,coinbase:BTC-USD,C,137.26,USD,2026-08-20T22:49:11.409225+00:00,posted
coinbase:1073146692,coinbase:BTC-USD,C,0.00,USD,2026-08-19T19:23:53.097331+00:00,posted
coinbase:1073146693,coinbase:BTC-USD,C,13.19,USD,2026-08-19T23:39:26.233820+00:00,posted
coinbase:1073146696,coinbase:BTC-USD,D,670.78,USD,2026-08-19T22:19:13.130172+00:00,posted
coinbase:1073146695,coinbase:BTC-USD,D,8.27,USD,2026-08-19T23:40:50.244198+00:00,posted
kraken:105348400,kraken:XBTUSD,D,99.95,USD,2026-08-19T20:48:36.694646+00:00,posted
kraken:105348401,kraken:XBTUSD,D,50.00,USD,2026-08-19T19:23:12.649609+00:00,posted
kraken:105348402,kraken:XBTUSD,D,38.67,USD,2026-08-19T21:16:18.242007+00:00,posted
kraken:105348403,kraken:XBTUSD,D,3953.18,USD,2026-08-19T22:33:18.844148+00:00,posted
kraken:105348404,kraken:XBTUSD,D,858.16,USD,2026-08-19T21:04:49.224477+00:00,posted
coinbase:1073146698,coinbase:BTC-USD,C,0.00,USD,2026-08-19T19:40:41.077328+00:00,posted
coinbase:1073146702,coinbase:BTC-USD,D,3.15,USD,2026-08-19T22:45:21.837681+00:00,posted
coinbase:1073146701,coinbase:BTC-USD,D,9141.23,USD,2026-08-19T23:24:17.024641+00:00,posted
coinbase:1073146700,coinbase:BTC-USD,D,75.00,USD,2026-08-21T17:25:45.111835+00:00,posted
coinbase:1073146699,coinbase:BTC-USD,D,420.00,USD,2026-08-19T21:10:14.521201+00:00,posted
coinbase:1073146703,coinbase:BTC-USD,D,419.99,USD,2026-08-19T23:02:46.353603+00:00,posted
coinbase:1073146704,coinbase:BTC-USD,D,184.68,USD,2026-08-19T23:30:17.907581+00:00,posted
coinbase:1073146705,coinbase:BTC-USD,D,25.19,USD,2026-08-19T22:45:39.024253+00:00,posted
coinbase:1073146706,coinbase:BTC-USD,D,210.12,USD,2026-08-19T21:25:03.884780+00:00,posted
coinbase:1073146707,coinbase:BTC-USD,D,0.02,USD,2026-08-19T23:38:33.362864+00:00,posted
coinbase:1073146708,coinbase:BTC-USD,D,0.01,USD,2026-08-19T19:06:33.067277+00:00,posted
coinbase:1073146711,coinbase:BTC-USD,D,0.67,USD,2026-08-19T18:49:43.761547+00:00,posted
coinbase:1073146710,coinbase:BTC-USD,D,420.00,USD,2026-08-19T21:38:50.423988+00:00,posted
coinbase:1073146709,coinbase:BTC-USD,D,75.00,USD,2026-08-19T22:44:29.745487+00:00,posted
coinbase:1073146713,coinbase:BTC-USD,D,0.65,USD,2026-08-20T00:01:03.107015+00:00,posted
coinbase:1073146712,coinbase:BTC-USD,D,112.70,USD,2026-08-19T21:36:57.204342+00:00,posted
coinbase:1073146714,coinbase:BTC-USD,D,420.00,USD,2026-08-19T22:09:40.168739+00:00,posted
coinbase:1073146715,coinbase:BTC-USD,C,0.00,USD,2026-08-19T22:45:26.769109+00:00,posted
coinbase:1073146717,coinbase:BTC-USD,D,420.00,USD,2026-08-19T22:24:40.543724+00:00,posted
coinbase:1073146719,coinbase:BTC-USD,D,420.00,USD,2026-08-19T23:40:01.905525+00:00,posted
coinbase:1073146718,coinbase:BTC-USD,D,75.00,USD,2026-08-19T18:49:29.648643+00:00,posted
coinbase:1073146720,coinbase:BTC-USD,D,75.00,USD,2026-08-19T21:32:29.325826+00:00,posted
coinbase:1073146721,coinbase:BTC-USD,C,0.00,USD,2026-08-19T21:29:16.782373+00:00,posted
coinbase:1073146722,coinbase:BTC-USD,D,0.00,USD,2026-08-19T22:53:37.565336+00:00,posted
coinbase:1073146723,coinbase:BTC-USD,C,2.19,USD,2026-08-19T20:34:51.023819+00:00,posted
coinbase:1073146726,coinbase:BTC-USD,C,40482.52,USD,2026-08-19T21:32:56.507528+00:00,posted
coinbase:1073146725,coinbase:BTC-USD,C,686.29,USD,2026-08-19T20:50:36.331083+00:00,posted
coinbase:1073146724,coinbase:BTC-USD,C,6.99,USD,2026-08-19T19:11:40.152547+00:00,posted
coinbase:1073146727,coinbase:BTC-USD,C,17967.84,USD,2026-08-19T21:54:45.398434+00:00,posted
coinbase:1073146728,coinbase:BTC-USD,C,14604.69,USD,2026-08-21T09:25:54.739317+00:00,posted
coinbase:1073146729,coinbase:BTC-USD,C,16591.91,USD,2026-08-19T22:51:35.039562+00:00,posted
coinbase:1073146731,coinbase:BTC-USD,C,0.00,USD,2026-08-19T18:57:28.937307+00:00,posted
coinbase:1073146732,coinbase:BTC-USD,D,606.10,USD,2026-08-19T23:18:12.502897+00:00,posted
coinbase:1073146733,coinbase:BTC-USD,C,0.00,USD,2026-08-20T00:03:30.427269+00:00,posted
coinbase:1073146734,coinbase:BTC-USD,C,481.89,USD,2026-08-19T23:39:23.917737+00:00,posted
coinbase:1073146735,coinbase:BTC-USD,C,3500.08,USD,2026-08-19T22:21:40.723157+00:00,posted
coinbase:1073146737,coinbase:BTC-USD,C,6863.00,USD,2026-08-19T23:15:08.179849+00:00,posted
coinbase:1073146738,coinbase:BTC-USD,C,11969.51,USD,2026-08-19T20:35:12.782642+00:00,posted
coinbase:1073146739,coinbase:BTC-USD,C,6863.00,USD,2026-08-19T22:03:38.762457+00:00,posted
coinbase:1073146740,coinbase:BTC-USD,D,1600.78,USD,2026-08-19T20:45:32.974488+00:00,posted
coinbase:1073146742,coinbase:BTC-USD,C,1.17,USD,2026-08-19T19:17:49.012163+00:00,posted
coinbase:1073146741,coinbase:BTC-USD,C,2178.75,USD,2026-08-19T18:46:23.258687+00:00,posted
kraken:105348405,kraken:XBTUSD,C,1029.96,USD,2026-08-19T22:14:46.256663+00:00,posted
coinbase:1073146743,coinbase:BTC-USD,C,0.00,USD,2026-08-19T21:46:24.088000+00:00,posted
coinbase:1073146744,coinbase:BTC-USD,C,1.17,USD,2026-08-19T19:20:45.128218+00:00,posted
coinbase:1073146745,coinbase:BTC-USD,C,0.00,USD,2026-08-19T21:28:09.974609+00:00,posted
coinbase:1073146746,coinbase:BTC-USD,D,0.01,USD,2026-08-19T22:50:41.779223+00:00,posted
coinbase:1073146748,coinbase:BTC-USD,C,1.17,USD,2026-08-19T20:09:35.005749+00:00,posted
coinbase:1073146747,coinbase:BTC-USD,C,1.17,USD,2026-08-19T19:25:30.844372+00:00,posted
kraken:105348406,kraken:XBTUSD,C,2.28,USD,2026-08-19T19:56:48.783241+00:00,posted
coinbase:1073146749,coinbase:BTC-USD,D,0.00,USD,2026-08-19T19:48:33.575758+00:00,posted
coinbase:1073146750,coinbase:BTC-USD,C,0.00,USD,2026-08-19T22:55:31.785326+00:00,posted
coinbase:1073146751,coinbase:BTC-USD,C,0.00,USD,2026-08-19T23:00:28.719309+00:00,posted
coinbase:1073146752,coinbase:BTC-USD,C,133.78,USD,2026-08-19T22:22:57.720103+00:00,posted
coinbase:1073146753,coinbase:BTC-USD,C,17.13,USD,2026-08-19T19:30:06.201984+00:00,posted
coinbase:1073146756,coinbase:BTC-USD,D,87.01,USD,2026-08-19T21:40:41.630914+00:00,posted
coinbase:1073146755,coinbase:BTC-USD,D,7838.82,USD,2026-08-19T23:50:42.960134+00:00,posted
coinbase:1073146754,coinbase:BTC-USD,D,75.00,USD,2026-08-19T23:46:02.010264+00:00,posted
coinbase:1073146757,coinbase:BTC-USD,D,2322.78,USD,2026-08-19T19:42:58.698514+00:00,posted
coinbase:1073146758,coinbase:BTC-USD,D,78.20,USD,2026-08-19T19:19:50.791883+00:00,posted
coinbase:1073146759,coinbase:BTC-USD,D,76.05,USD,2026-08-19T22:05:42.407761+00:00,posted
coinbase:1073146760,coinbase:BTC-USD,D,519.59,USD,2026-08-19T23:36:31.957700+00:00,posted
coinbase:1073146761,coinbase:BTC-USD,C,0.00,USD,2026-08-19T22:06:38.538918+00:00,posted
coinbase:1073146763,coinbase:BTC-USD,C,137.22,USD,2026-08-19T20:07:35.761313+00:00,posted
coinbase:1073146762,coinbase:BTC-USD,C,100.20,USD,2026-08-19T20:38:49.237648+00:00,posted
coinbase:1073146764,coinbase:BTC-USD,D,0.00,USD,2026-08-19T23:11:15.719922+00:00,posted
coinbase:1073146765,coinbase:BTC-USD,C,0.00,USD,2026-08-19T22:04:30.846517+00:00,posted
coinbase:1073146766,coinbase:BTC-USD,C,0.00,USD,2026-08-19T21:34:44.484898+00:00,posted
coinbase:1073146767,coinbase:BTC-USD,D,0.00,USD,2026-08-19T21:46:27.673655+00:00,posted
coinbase:1073146768,coinbase:BTC-USD,D,0.00,USD,2026-08-19T22:48:50.238580+00:00,posted
coinbase:1073146770,coinbase:BTC-USD,C,8000.00,USD,2026-08-19T19:57:24.704839+00:00,posted
coinbase:1073146769,coinbase:BTC-USD,C,100.20,USD,2026-08-19T22:41:26.136015+00:00,posted
coinbase:1073146776,coinbase:BTC-USD,C,501.00,USD,2026-08-19T23:49:40.935793+00:00,posted
coinbase:1073146775,coinbase:BTC-USD,C,1.17,USD,2026-08-19T22:40:07.188443+00:00,posted
coinbase:1073146774,coinbase:BTC-USD,C,1.17,USD,2026-08-19T19:44:22.030303+00:00,posted
coinbase:1073146771,coinbase:BTC-USD,C,0.08,USD,2026-08-19T21:58:00.903026+00:00,posted
kraken:105348407,kraken:XBTUSD,D,1502.25,USD,2026-08-19T22:40:01.808073+00:00,posted
kraken:105348408,kraken:XBTUSD,D,50.00,USD,2026-08-19T23:40:39.906997+00:00,posted
kraken:105348409,kraken:XBTUSD,D,3.50,USD,2026-08-19T23:35:15.409422+00:00,posted
coinbase:1073146777,coinbase:BTC-USD,D,199.08,USD,2026-08-19T18:49:54.350262+00:00,posted
coinbase:1073146778,coinbase:BTC-USD,D,0.01,USD,2026-08-20T20:48:31.128061+00:00,posted
coinbase:1073146779,coinbase:BTC-USD,D,1.34,USD,2026-08-20T00:10:15.439319+00:00,posted
coinbase:1073146781,coinbase:BTC-USD,D,74.34,USD,2026-08-19T19:34:00.785578+00:00,posted
coinbase:1073146780,coinbase:BTC-USD,D,1.17,USD,2026-08-19T22:54:22.663624+00:00,posted
coinbase:1073146782,coinbase:BTC-USD,C,3431.89,USD,2026-08-19T22:09:00.609845+00:00,posted
coinbase:1073146784,coinbase:BTC-USD,D,7398.47,USD,2026-08-19T21:51:06.979117+00:00,posted
coinbase:1073146783,coinbase:BTC-USD,D,74.99,USD,2026-08-19T22:19:14.621444+00:00,posted
coinbase:1073146785,coinbase:BTC-USD,D,707.10,USD,2026-08-19T21:34:17.922705+00:00,posted
coinbase:1073146786,coinbase:BTC-USD,D,1130.25,USD,2026-08-19T22:35:25.005681+00:00,posted
coinbase:1073146787,coinbase:BTC-USD,D,940.78,USD,2026-08-22T15:13:20.442283+00:00,posted
coinbase:1073146788,coinbase:BTC-USD,D,15.07,USD,2026-08-19T21:03:09.673080+00:00,posted
coinbase:1073146789,coinbase:BTC-USD,D,492.90,USD,2026-08-19T22:31:47.608770+00:00,posted
coinbase:1073146790,coinbase:BTC-USD,D,87.98,USD,2026-08-19T19:03:26.947091+00:00,posted
coinbase:1073146791,coinbase:BTC-USD,D,585.58,USD,2026-08-19T19:52:42.790986+00:00,posted
coinbase:1073146792,coinbase:BTC-USD,D,12.74,USD,2026-08-19T23:29:38.470149+00:00,posted
coinbase:1073146793,coinbase:BTC-USD,D,251.21,USD,2026-08-19T20:00:07.525620+00:00,posted
coinbase:1073146794,coinbase:BTC-USD,D,152.05,USD,2026-08-19T22:39:50.666615+00:00,posted
coinbase:1073146795,coinbase:BTC-USD,D,25.25,USD,2026-08-19T21:59:51.696666+00:00,posted
coinbase:1073146796,coinbase:BTC-USD,D,24.41,USD,2026-08-19T19:50:31.755329+00:00,posted
coinbase:1073146797,coinbase:BTC-USD,D,63.84,USD,2026-08-19T19:49:32.923209+00:00,posted
coinbase:1073146798,coinbase:BTC-USD,D,248.35,USD,2026-08-20T00:10:14.047882+00:00,posted
coinbase:1073146799,coinbase:BTC-USD,D,26.63,USD,2026-08-19T20:50:10.197817+00:00,posted
coinbase:1073146800,coinbase:BTC-USD,D,63.62,USD,2026-08-19T21:49:22.330705+00:00,posted
coinbase:1073146801,coinbase:BTC-USD,D,105.52,USD,2026-08-19T21:58:24.603786+00:00,posted
coinbase:1073146802,coinbase:BTC-USD,D,856.38,USD,2026-08-19T20:34:46.823634+00:00,posted
coinbase:1073146803,coinbase:BTC-USD,D,143.56,USD,2026-08-19T19:36:46.836038+00:00,posted
coinbase:1073146804,coinbase:BTC-USD,D,10.84,USD,2026-08-19T20:32:09.758071+00:00,posted
coinbase:1073146805,coinbase:BTC-USD,D,27.26,USD,2026-08-19T21:27:34.592567+00:00,posted
coinbase:1073146806,coinbase:BTC-USD,D,18.39,USD,2026-08-19T20:43:51.778816+00:00,posted
coinbase:1073146807,coinbase:BTC-USD,D,16.41,USD,2026-08-19T20:30:35.296298+00:00,posted
coinbase:1073146808,coinbase:BTC-USD,D,80.47,USD,2026-08-19T19:46:22.297910+00:00,posted
coinbase:1073146809,coinbase:BTC-USD,D,10.94,USD,2026-08-19T21:44:54.677238+00:00,posted
coinbase:1073146810,coinbase:BTC-USD,D,32.93,USD,2026-08-19T20:40:59.870304+00:00,posted
coinbase:1073146811,coinbase:BTC-USD,D,71.72,USD,2026-08-19T22:24:35.714526+00:00,posted
coinbase:1073146812,coinbase:BTC-USD,D,170.80,USD,2026-08-19T20:22:34.466473+00:00,posted
coinbase:1073146813,coinbase:BTC-USD,D,55.84,USD,2026-08-19T22:09:43.651328+00:00,posted
coinbase:1073146814,coinbase:BTC-USD,D,25.39,USD,2026-08-19T21:50:56.122610+00:00,posted
coinbase:1073146815,coinbase:BTC-USD,D,93.98,USD,2026-08-19T22:19:57.840253+00:00,posted
coinbase:1073146816,coinbase:BTC-USD,D,11.66,USD,2026-08-19T20:39:52.642368+00:00,posted
coinbase:1073146817,coinbase:BTC-USD,D,77.45,USD,2026-08-19T22:17:38.533942+00:00,posted
coinbase:1073146818,coinbase:BTC-USD,D,20.94,USD,2026-08-19T20:06:09.479096+00:00,posted
coinbase:1073146819,coinbase:BTC-USD,D,404.13,USD,2026-08-19T23:47:57.171374+00:00,posted
coinbase:1073146820,coinbase:BTC-USD,D,831.04,USD,2026-08-19T20:53:02.053232+00:00,posted
coinbase:1073146821,coinbase:BTC-USD,C,754.91,USD,2026-08-19T20:19:01.750540+00:00,posted
coinbase:1073146822,coinbase:BTC-USD,C,137.26,USD,2026-08-19T23:16:59.591639+00:00,posted
coinbase:1073146824,coinbase:BTC-USD,D,5453.85,USD,2026-08-19T23:10:37.606685+00:00,posted
coinbase:1073146823,coinbase:BTC-USD,D,1.17,USD,2026-08-19T19:00:10.098168+00:00,posted
coinbase:1073146825,coinbase:BTC-USD,C,137.26,USD,2026-08-19T19:49:13.597846+00:00,posted
coinbase:1073146826,coinbase:BTC-USD,D,498.13,USD,2026-08-19T23:58:36.464348+00:00,posted
kraken:105348410,kraken:XBTUSD,C,33.27,USD,2026-08-20T00:01:16.226028+00:00,posted
coinbase:1073146827,coinbase:BTC-USD,C,3019.63,USD,2026-08-19T18:48:07.248494+00:00,posted
coinbase:1073146832,coinbase:BTC-USD,C,19107.39,USD,2026-08-19T23:31:08.133229+00:00,posted
coinbase:1073146831,coinbase:BTC-USD,C,10000.00,USD,2026-08-19T19:19:59.857108+00:00,posted
coinbase:1073146830,coinbase:BTC-USD,C,1.17,USD,2026-08-19T22:37:36.415038+00:00,posted
coinbase:1073146829,coinbase:BTC-USD,C,8000.00,USD,2026-08-19T23:01:31.199747+00:00,posted
coinbase:1073146828,coinbase:BTC-USD,C,200.38,USD,2026-08-19T23:55:49.178294+00:00,posted
coinbase:1073146836,coinbase:BTC-USD,C,1990.59,USD,2026-08-19T19:36:26.447701+00:00,posted
coinbase:1073146835,coinbase:BTC-USD,C,500.42,USD,2026-08-19T20:35:10.071506+00:00,posted
coinbase:1073146834,coinbase:BTC-USD,C,1487.10,USD,2026-08-22T14:45:57.350597+00:00,posted
coinbase:1073146833,coinbase:BTC-USD,C,1423.87,USD,2026-08-19T21:55:26.360498+00:00,posted
coinbase:1073146837,coinbase:BTC-USD,C,10000.00,USD,2026-08-19T20:11:03.340594+00:00,posted
coinbase:1073146838,coinbase:BTC-USD,D,0.01,USD,2026-08-19T22:13:40.446945+00:00,posted
coinbase:1073146839,coinbase:BTC-USD,D,0.00,USD,2026-08-19T18:51:16.797713+00:00,posted
coinbase:1073146841,coinbase:BTC-USD,D,580.09,USD,2026-08-19T21:42:12.130552+00:00,posted
coinbase:1073146840,coinbase:BTC-USD,D,3020.37,USD,2026-08-19T22:09:45.727331+00:00,posted
kraken:105348411,kraken:XBTUSD,C,1635.52,USD,2026-08-19T21:58:57.529209+00:00,posted
kraken:105348412,kraken:XBTUSD,D,99.97,USD,2026-08-19T19:09:39.768058+00:00,posted
kraken:105348413,kraken:XBTUSD,D,46.19,USD,2026-08-19T19:20:43.980780+00:00,posted
coinbase:1073146842,coinbase:BTC-USD,C,0.00,USD,2026-08-19T20:25:09.244883+00:00,posted
coinbase:1073146843,coinbase:BTC-USD,D,10472.42,USD,2026-08-19T22:23:44.909122+00:00,posted
coinbase:1073146844,coinbase:BTC-USD,D,149.89,USD,2026-08-19T21:41:45.252754+00:00,posted
coinbase:1073146845,coinbase:BTC-USD,D,50.86,USD,2026-08-19T20:54:44.244335+00:00,posted
coinbase:1073146846,coinbase:BTC-USD,D,78.41,USD,2026-08-19T21:45:47.937590+00:00,posted
coinbase:1073146847,coinbase:BTC-USD,D,29.02,USD,2026-08-19T19:33:15.289519+00:00,posted
coinbase:1073146848,coinbase:BTC-USD,D,48.72,USD,2026-08-19T23:47:23.139326+00:00,posted
coinbase:1073146849,coinbase:BTC-USD,D,201.55,USD,2026-08-19T22:46:23.222847+00:00,posted
coinbase:1073146850,coinbase:BTC-USD,D,236.05,USD,2026-08-19T23:59:02.005604+00:00,posted
coinbase:1073146851,coinbase:BTC-USD,D,524.60,USD,2026-08-19T21:48:52.978833+00:00,posted
coinbase:1073146852,coinbase:BTC-USD,D,21.36,USD,2026-08-19T18:47:22.189630+00:00,posted
coinbase:1073146853,coinbase:BTC-USD,D,327.41,USD,2026-08-19T21:42:58.212185+00:00,posted
coinbase:1073146854,coinbase:BTC-USD,D,16.68,USD,2026-08-19T20:26:15.486495+00:00,posted
coinbase:1073146855,coinbase:BTC-USD,D,56.02,USD,2026-08-19T23:43:52.823885+00:00,posted
coinbase:1073146856,coinbase:BTC-USD,D,23.94,USD,2026-08-19T21:01:53.165146+00:00,posted
coinbase:1073146857,coinbase:BTC-USD,D,45.09,USD,2026-08-19T21:34:51.150284+00:00,posted
coinbase:1073146858,coinbase:BTC-USD,D,60.93,USD,2026-08-19T19:58:34.209930+00:00,posted
coinbase:1073146859,coinbase:BTC-USD,D,20.53,USD,2026-08-19T19:49:50.269905+00:00,posted
coinbase:1073146860,coinbase:BTC-USD,D,38.38,USD,2026-08-19T23:09:35.880948+00:00,posted
coinbase:1073146861,coinbase:BTC-USD,D,18.44,USD,2026-08-19T23:26:40.089127+00:00,posted
coinbase:1073146862,coinbase:BTC-USD,D,772.20,USD,2026-08-20T00:13:50.012394+00:00,posted
coinbase:1073146863,coinbase:BTC-USD,D,545.85,USD,2026-08-19T21:47:05.974993+00:00,posted
coinbase:1073146864,coinbase:BTC-USD,D,883.96,USD,2026-08-20T20:02:38.029097+00:00,posted
coinbase:1073146865,coinbase:BTC-USD,C,0.00,USD,2026-08-21T17:38:49.203020+00:00,posted
kraken:105348415,kraken:XBTUSD,D,2.82,USD,2026-08-19T19:28:01.374626+00:00,posted
kraken:105348416,kraken:XBTUSD,D,3.50,USD,2026-08-19T19:18:43.606857+00:00,posted
kraken:105348417,kraken:XBTUSD,D,4994.02,USD,2026-08-19T23:42:45.062822+00:00,posted
coinbase:1073146866,coinbase:BTC-USD,C,0.00,USD,2026-08-19T21:14:25.687232+00:00,posted
coinbase:1073146867,coinbase:BTC-USD,D,0.01,USD,2026-08-19T20:26:35.338299+00:00,posted
kraken:105348418,kraken:XBTUSD,D,1868.72,USD,2026-08-19T21:52:20.968728+00:00,posted
kraken:105348419,kraken:XBTUSD,D,50.01,USD,2026-08-19T20:30:06.435529+00:00,posted
kraken:105348420,kraken:XBTUSD,D,68.63,USD,2026-08-19T18:47:18.710248+00:00,posted
kraken:105348421,kraken:XBTUSD,D,6.86,USD,2026-08-19T19:58:49.247914+00:00,posted
kraken:105348422,kraken:XBTUSD,D,99.99,USD,2026-08-19T21:09:38.295480+00:00,posted
kraken:105348423,kraken:XBTUSD,D,6025.37,USD,2026-08-19T19:30:02.294452+00:00,posted
kraken:105348424,kraken:XBTUSD,D,13.59,USD,2026-08-19T23:35:25.178395+00:00,posted
kraken:105348425,kraken:XBTUSD,D,8.37,USD,2026-08-19T20:44:06.122693+00:00,posted
kraken:105348426,kraken:XBTUSD,D,7550.65,USD,2026-08-19T21:47:46.141129+00:00,posted
kraken:105348427,kraken:XBTUSD,D,99.95,USD,2026-08-19T22:05:54.266759+00:00,posted
kraken:105348428,kraken:XBTUSD,D,8999.24,USD,2026-08-19T23:29:05.569347+00:00,posted
kraken:105348429,kraken:XBTUSD,D,27459.08,USD,2026-08-19T21:43:27.676105+00:00,posted
kraken:105348430,kraken:XBTUSD,D,249.99,USD,2026-08-19T23:38:12.488446+00:00,posted
kraken:105348431,kraken:XBTUSD,D,10000.37,USD,2026-08-19T23:26:04.866975+00:00,posted
kraken:105348432,kraken:XBTUSD,D,200.00,USD,2026-08-19T23:13:53.358488+00:00,posted
kraken:105348433,kraken:XBTUSD,D,3383.56,USD,2026-08-19T22:59:33.204018+00:00,posted
kraken:105348434,kraken:XBTUSD,D,15000.86,USD,2026-08-19T18:57:48.833895+00:00,posted
kraken:105348435,kraken:XBTUSD,D,2003.00,USD,2026-08-19T23:40:43.960475+00:00,posted
kraken:105348436,kraken:XBTUSD,D,18381.88,USD,2026-08-19T22:21:30.420129+00:00,posted
coinbase:1073146868,coinbase:BTC-USD,D,0.00,USD,2026-08-19T20:55:14.523196+00:00,posted
coinbase:1073146869,coinbase:BTC-USD,C,0.00,USD,2026-08-19T22:00:17.201497+00:00,posted
coinbase:1073146871,coinbase:BTC-USD,D,11375.75,USD,2026-08-19T19:29:53.986876+00:00,posted
coinbase:1073146870,coinbase:BTC-USD,D,100.20,USD,2026-08-19T19:15:36.107619+00:00,posted
coinbase:1073146873,coinbase:BTC-USD,D,1317.12,USD,2026-08-19T18:49:12.887697+00:00,posted
coinbase:1073146872,coinbase:BTC-USD,D,2.00,USD,2026-08-20T00:03:50.377681+00:00,posted
coinbase:1073146874,coinbase:BTC-USD,D,0.01,USD,2026-08-19T22:31:29.611556+00:00,posted
coinbase:1073146875,coinbase:BTC-USD,C,0.00,USD,2026-08-19T19:32:02.636359+00:00,posted
coinbase:1073146876,coinbase:BTC-USD,D,0.01,USD,2026-08-19T21:52:37.303416+00:00,posted
coinbase:1073146878,coinbase:BTC-USD,D,5050.58,USD,2026-08-19T22:47:17.222360+00:00,posted
coinbase:1073146881,coinbase:BTC-USD,D,686.30,USD,2026-08-19T18:59:03.892863+00:00,posted
coinbase:1073146880,coinbase:BTC-USD,D,1.17,USD,2026-08-19T20:02:12.228478+00:00,posted
coinbase:1073146879,coinbase:BTC-USD,D,1.17,USD,2026-08-19T20:02:57.149950+00:00,posted
coinbase:1073146882,coinbase:BTC-USD,D,0.00,USD,2026-08-19T21:36:37.708762+00:00,posted
coinbase:1073146883,coinbase:BTC-USD,D,9420.00,USD,2026-08-19T20:53:47.826810+00:00,posted
coinbase:1073146884,coinbase:BTC-USD,D,74.99,USD,2026-08-19T23:36:38.333768+00:00,posted
coinbase:1073146885,coinbase:BTC-USD,D,74.99,USD,2026-08-19T22:37:57.582529+00:00,posted
coinbase:1073146886,coinbase:BTC-USD,D,74.99,USD,2026-08-19T23:19:30.619267+00:00,posted
coinbase:1073146889,coinbase:BTC-USD,D,74.99,USD,2026-08-19T20:46:16.482599+00:00,posted
coinbase:1073146891,coinbase:BTC-USD,D,1186.84,USD,2026-08-19T23:21:25.898909+00:00,posted
coinbase:1073146890,coinbase:BTC-USD,D,418.63,USD,2026-08-19T20:49:54.921234+00:00,posted
coinbase:1073146892,coinbase:BTC-USD,D,28.48,USD,2026-08-19T21:36:07.778984+00:00,posted
coinbase:1073146893,coinbase:BTC-USD,C,0.00,USD,2026-08-19T23:32:04.566377+00:00,posted
coinbase:1073146894,coinbase:BTC-USD,C,0.00,USD,2026-08-19T21:24:49.735438+00:00,posted
coinbase:1073146895,coinbase:BTC-USD,C,49.50,USD,2026-08-19T21:31:20.428238+00:00,posted
coinbase:1073146896,coinbase:BTC-USD,C,0.00,USD,2026-08-19T19:40:23.101928+00:00,posted
coinbase:1073146897,coinbase:BTC-USD,D,0.00,USD,2026-08-19T19:35:18.964031+00:00,posted
coinbase:1073146898,coinbase:BTC-USD,C,0.00,USD,2026-08-19T22:04:24.326889+00:00,posted
coinbase:1073146899,coinbase:BTC-USD,D,0.00,USD,2026-08-19T22:23:54.308547+00:00,posted
coinbase:1073146900,coinbase:BTC-USD,D,0.00,USD,2026-08-19T20:34:42.898753+00:00,posted
coinbase:1073146901,coinbase:BTC-USD,C,0.00,USD,2026-08-19T22:28:34.020640+00:00,posted
coinbase:1073146902,coinbase:BTC-USD,C,0.00,USD,2026-08-19T22:00:42.377320+00:00,posted
coinbase:1073146903,coinbase:BTC-USD,C,0.00,USD,2026-08-19T21:01:20.729286+00:00,posted
coinbase:1073146904,coinbase:BTC-USD,D,11.32,USD,2026-08-19T19:27:57.242335+00:00,posted
coinbase:1073146905,coinbase:BTC-USD,C,0.00,USD,2026-08-19T19:30:12.666828+00:00,posted
coinbase:1073146906,coinbase:BTC-USD,D,0.01,USD,2026-08-19T23:39:43.093845+00:00,posted
coinbase:1073146907,coinbase:BTC-USD,C,0.00,USD,2026-08-19T19:40:38.919463+00:00,posted
coinbase:1073146908,coinbase:BTC-USD,D,0.00,USD,2026-08-19T21:36:14.871742+00:00,posted
coinbase:1073146909,coinbase:BTC-USD,D,0.01,USD,2026-08-20T00:05:36.521136+00:00,posted
coinbase:1073146910,coinbase:BTC-USD,D,0.01,USD,2026-08-19T23:35:40.062997+00:00,posted
coinbase:1073146911,coinbase:BTC-USD,D,0.00,USD,2026-08-19T23:16:48.213796+00:00,posted
coinbase:1073146912,coinbase:BTC-USD,D,0.00,USD,2026-08-19T19:57:15.080444+00:00,posted
coinbase:1073146913,coinbase:BTC-USD,D,0.01,USD,2026-08-19T21:21:20.613058+00:00,posted
coinbase:1073146916,coinbase:BTC-USD,C,14.82,USD,2026-08-19T19:58:10.136776+00:00,posted
coinbase:1073146915,coinbase:BTC-USD,C,1.17,USD,2026-08-19T19:32:52.433557+00:00,posted
coinbase:1073146914,coinbase:BTC-USD,C,3.27,USD,2026-08-19T22:59:03.037473+00:00,posted
coinbase:1073146917,coinbase:BTC-USD,C,0.00,USD,2026-08-19T21:34:20.753120+00:00,posted
coinbase:1073146918,coinbase:BTC-USD,C,0.00,USD,2026-08-19T22:32:01.706252+00:00,posted
coinbase:1073146920,coinbase:BTC-USD,C,63.82,USD,2026-08-19T22:02:38.403314+00:00,posted
coinbase:1073146921,coinbase:BTC-USD,C,0.00,USD,2026-08-19T23:29:27.144387+00:00,posted
coinbase:1073146922,coinbase:BTC-USD,C,0.00,USD,2026-08-19T21:04:19.447207+00:00,posted
coinbase:1073146923,coinbase:BTC-USD,D,0.00,USD,2026-08-19T19:17:34.294301+00:00,posted
coinbase:1073146924,coinbase:BTC-USD,D,0.00,USD,2026-08-19T22:08:39.622761+00:00,posted
coinbase:1073146925,coinbase:BTC-USD,C,0.00,USD,2026-08-21T17:16:51.892602+00:00,posted
coinbase:1073146926,coinbase:BTC-USD,C,0.00,USD,2026-08-19T23:43:27.150524+00:00,posted
coinbase:1073146927,coinbase:BTC-USD,D,0.00,USD,2026-08-19T18:46:11.678259+00:00,posted
coinbase:1073146928,coinbase:BTC-USD,D,801.03,USD,2026-08-19T22:29:43.390583+00:00,posted
coinbase:1073146929,coinbase:BTC-USD,D,0.00,USD,2026-08-19T21:04:37.494712+00:00,posted
coinbase:1073146930,coinbase:BTC-USD,C,0.00,USD,2026-08-19T22:36:01.362909+00:00,posted
coinbase:1073146931,coinbase:BTC-USD,C,0.00,USD,2026-08-19T23:55:28.969053+00:00,posted
coinbase:1073146932,coinbase:BTC-USD,C,0.00,USD,2026-08-19T22:59:28.122191+00:00,posted
coinbase:1073146934,coinbase:BTC-USD,D,288.53,USD,2026-08-19T23:11:20.044315+00:00,posted
coinbase:1073146933,coinbase:BTC-USD,D,7.58,USD,2026-08-19T23:22:04.919923+00:00,posted
coinbase:1073146935,coinbase:BTC-USD,C,0.00,USD,2026-08-19T21:06:13.298487+00:00,posted
coinbase:1073146936,coinbase:BTC-USD,D,0.00,USD,2026-08-19T22:58:32.615074+00:00,posted
coinbase:1073146937,coinbase:BTC-USD,C,1.16,USD,2026-08-19T19:13:28.235809+00:00,posted
coinbase:1073146939,coinbase:BTC-USD,D,105.16,USD,2026-08-19T21:45:14.610785+00:00,posted
coinbase:1073146938,coinbase:BTC-USD,D,200.41,USD,2026-08-19T18:47:37.031742+00:00,posted
coinbase:1073146940,coinbase:BTC-USD,C,0.00,USD,2026-08-19T18:48:09.677058+00:00,posted
coinbase:1073146941,coinbase:BTC-USD,D,0.00,USD,2026-08-19T21:37:20.148815+00:00,posted
coinbase:1073146942,coinbase:BTC-USD,D,10007.33,USD,2026-08-21T02:31:36.174005+00:00,posted
coinbase:1073146943,coinbase:BTC-USD,D,179.24,USD,2026-08-19T21:00:44.144334+00:00,posted
coinbase:1073146944,coinbase:BTC-USD,D,0.00,USD,2026-08-21T22:21:40.980143+00:00,posted
coinbase:1073146945,coinbase:BTC-USD,C,0.00,USD,2026-08-19T21:42:43.897670+00:00,posted
coinbase:1073146946,coinbase:BTC-USD,D,0.00,USD,2026-08-19T22:07:44.274090+00:00,posted
coinbase:1073146947,coinbase:BTC-USD,C,0.00,USD,2026-08-19T20:56:58.815679+00:00,posted
coinbase:1073146948,coinbase:BTC-USD,C,0.00,USD,2026-08-19T21:48:01.093829+00:00,posted
coinbase:1073146949,coinbase:BTC-USD,C,0.00,USD,2026-08-19T19:44:48.248127+00:00,posted
coinbase:1073146950,coinbase:BTC-USD,D,0.00,USD,2026-08-19T21:25:28.141256+00:00,posted
coinbase:1073146951,coinbase:BTC-USD,D,0.01,USD,2026-08-19T21:56:27.186578+00:00,posted
coinbase:1073146952,coinbase:BTC-USD,D,0.00,USD,2026-08-19T20:57:13.121906+00:00,posted
coinbase:1073146953,coinbase:BTC-USD,D,81.51,USD,2026-08-19T23:30:54.162968+00:00,posted
coinbase:1073146954,coinbase:BTC-USD,D,0.01,USD,2026-08-19T20:01:40.068758+00:00,posted
coinbase:1073146955,coinbase:BTC-USD,C,3004.38,USD,2026-08-19T23:59:05.662062+00:00,posted
coinbase:1073146956,coinbase:BTC-USD,D,2.27,USD,2026-08-22T07:59:45.483107+00:00,posted
coinbase:1073146959,coinbase:BTC-USD,C,535.53,USD,2026-08-19T22:08:28.592966+00:00,posted
coinbase:1073146958,coinbase:BTC-USD,C,7.94,USD,2026-08-19T19:03:01.536081+00:00,posted
coinbase:1073146957,coinbase:BTC-USD,C,1.17,USD,2026-08-19T22:15:41.247743+00:00,posted
coinbase:1073146963,coinbase:BTC-USD,C,686.54,USD,2026-08-21T03:16:17.568429+00:00,posted
coinbase:1073146962,coinbase:BTC-USD,C,1.17,USD,2026-08-19T22:03:55.782590+00:00,posted
coinbase:1073146961,coinbase:BTC-USD,C,1.17,USD,2026-08-21T12:03:51.232623+00:00,posted
coinbase:1073146960,coinbase:BTC-USD,C,1.17,USD,2026-08-19T22:44:55.918169+00:00,posted
coinbase:1073146964,coinbase:BTC-USD,C,24.30,USD,2026-08-19T20:58:03.805781+00:00,posted
coinbase:1073146965,coinbase:BTC-USD,C,0.00,USD,2026-08-19T20:20:23.155490+00:00,posted
coinbase:1073146966,coinbase:BTC-USD,D,0.00,USD,2026-08-19T19:04:48.913544+00:00,posted
coinbase:1073146967,coinbase:BTC-USD,C,9.90,USD,2026-08-19T19:43:41.514638+00:00,posted
coinbase:1073146968,coinbase:BTC-USD,D,3.45,USD,2026-08-19T18:49:23.239439+00:00,posted
coinbase:1073146969,coinbase:BTC-USD,D,0.00,USD,2026-08-19T23:53:00.271556+00:00,posted
coinbase:1073146970,coinbase:BTC-USD,D,0.00,USD,2026-08-19T19:50:07.251900+00:00,posted
coinbase:1073146971,coinbase:BTC-USD,C,0.00,USD,2026-08-19T21:34:20.175609+00:00,posted
coinbase:1073146972,coinbase:BTC-USD,C,109.39,USD,2026-08-19T22:08:52.097769+00:00,posted
coinbase:1073146973,coinbase:BTC-USD,C,2.15,USD,2026-08-19T20:44:34.314933+00:00,posted
coinbase:1073146974,coinbase:BTC-USD,C,0.00,USD,2026-08-20T00:07:49.376838+00:00,posted
coinbase:1073146975,coinbase:BTC-USD,C,0.00,USD,2026-08-21T13:26:13.804982+00:00,posted
coinbase:1073146976,coinbase:BTC-USD,D,9.83,USD,2026-08-19T20:59:39.733553+00:00,posted
coinbase:1073146977,coinbase:BTC-USD,D,0.01,USD,2026-08-19T18:50:56.107763+00:00,posted
coinbase:1073146978,coinbase:BTC-USD,C,4.70,USD,2026-08-19T23:49:11.585065+00:00,posted
coinbase:1073146979,coinbase:BTC-USD,C,0.00,USD,2026-08-19T22:45:29.419919+00:00,posted
coinbase:1073146980,coinbase:BTC-USD,D,0.00,USD,2026-08-19T21:58:13.989064+00:00,posted
coinbase:1073146981,coinbase:BTC-USD,C,0.00,USD,2026-08-19T23:14:59.240374+00:00,posted
coinbase:1073146982,coinbase:BTC-USD,C,0.00,USD,2026-08-20T00:03:40.752500+00:00,posted
coinbase:1073146993,coinbase:BTC-USD,C,1991.15,USD,2026-08-20T22:36:35.750044+00:00,posted
coinbase:1073146991,coinbase:BTC-USD,C,4985.97,USD,2026-08-19T21:32:55.823547+00:00,posted
coinbase:1073146990,coinbase:BTC-USD,C,8000.00,USD,2026-08-19T21:31:55.058733+00:00,posted
coinbase:1073146989,coinbase:BTC-USD,C,200.46,USD,2026-08-19T19:24:29.087392+00:00,posted
coinbase:1073146988,coinbase:BTC-USD,C,1.17,USD,2026-08-19T20:10:54.638297+00:00,posted
coinbase:1073146987,coinbase:BTC-USD,C,1000.00,USD,2026-08-19T23:07:41.416542+00:00,posted
coinbase:1073146986,coinbase:BTC-USD,C,1000.00,USD,2026-08-19T21:11:59.128324+00:00,posted
coinbase:1073146985,coinbase:BTC-USD,C,7.95,USD,2026-08-19T21:25:28.181172+00:00,posted
coinbase:1073146984,coinbase:BTC-USD,C,3005.02,USD,2026-08-19T20:37:57.592357+00:00,posted
coinbase:1073146983,coinbase:BTC-USD,C,471.99,USD,2026-08-19T22:30:47.883771+00:00,posted
coinbase:1073146994,coinbase:BTC-USD,D,0.02,USD,2026-08-19T23:30:20.397858+00:00,posted
coinbase:1073146996,coinbase:BTC-USD,D,8.20,USD,2026-08-19T20:10:57.230619+00:00,posted
coinbase:1073146995,coinbase:BTC-USD,D,3.86,USD,2026-08-19T23:06:07.788445+00:00,posted
coinbase:1073146997,coinbase:BTC-USD,D,0.01,USD,2026-08-19T22:37:15.728163+00:00,posted
coinbase:1073146998,coinbase:BTC-USD,C,0.00,USD,2026-08-19T21:01:58.493049+00:00,posted
coinbase:1073146999,coinbase:BTC-USD,C,0.00,USD,2026-08-19T21:42:38.572621+00:00,posted
coinbase:1073147000,coinbase:BTC-USD,C,94.87,USD,2026-08-19T20:12:47.199456+00:00,posted
coinbase:1073147001,coinbase:BTC-USD,C,0.00,USD,2026-08-19T20:57:31.716444+00:00,posted
coinbase:1073147002,coinbase:BTC-USD,D,0.00,USD,2026-08-19T20:38:44.394336+00:00,posted
coinbase:1073147003,coinbase:BTC-USD,C,0.37,USD,2026-08-19T19:44:47.046486+00:00,posted
coinbase:1073147004,coinbase:BTC-USD,C,0.00,USD,2026-08-19T19:58:00.686448+00:00,posted
coinbase:1073147005,coinbase:BTC-USD,C,0.00,USD,2026-08-19T19:46:12.391121+00:00,posted
coinbase:1073147007,coinbase:BTC-USD,C,2.68,USD,2026-08-19T23:52:52.375271+00:00,posted
coinbase:1073147006,coinbase:BTC-USD,C,2909.63,USD,2026-08-19T22:49:08.143565+00:00,posted
coinbase:1073147008,coinbase:BTC-USD,C,7.13,USD,2026-08-19T20:05:46.044217+00:00,posted
coinbase:1073147012,coinbase:BTC-USD,C,47.11,USD,2026-08-19T20:01:31.702955+00:00,posted
coinbase:1073147011,coinbase:BTC-USD,C,1.17,USD,2026-08-19T23:21:52.821076+00:00,posted
coinbase:1073147010,coinbase:BTC-USD,C,0.08,USD,2026-08-19T23:02:56.375733+00:00,posted
coinbase:1073147009,coinbase:BTC-USD,C,1.17,USD,2026-08-19T19:11:47.447757+00:00,posted
coinbase:1073147013,coinbase:BTC-USD,D,0.52,USD,2026-08-19T21:28:28.171359+00:00,posted
coinbase:1073147015,coinbase:BTC-USD,C,0.00,USD,2026-08-20T00:02:01.713465+00:00,posted
coinbase:1073147016,coinbase:BTC-USD,C,0.17,USD,2026-08-19T20:48:23.142524+00:00,posted
coinbase:1073147017,coinbase:BTC-USD,D,0.00,USD,2026-08-19T23:42:16.260921+00:00,posted
coinbase:1073147018,coinbase:BTC-USD,C,49.44,USD,2026-08-19T21:55:28.955523+00:00,posted
coinbase:1073147019,coinbase:BTC-USD,D,213.42,USD,2026-08-19T19:46:14.354034+00:00,posted
coinbase:1073147020,coinbase:BTC-USD,D,0.00,USD,2026-08-19T21:34:33.982500+00:00,posted
coinbase:1073147022,coinbase:BTC-USD,C,98.52,USD,2026-08-19T22:53:26.908609+00:00,posted
coinbase:1073147021,coinbase:BTC-USD,C,0.52,USD,2026-08-19T21:39:23.116558+00:00,posted
coinbase:1073147023,coinbase:BTC-USD,C,0.00,USD,2026-08-19T23:55:58.815811+00:00,posted
coinbase:1073147024,coinbase:BTC-USD,C,2.19,USD,2026-08-19T21:16:46.169265+00:00,posted
coinbase:1073147028,coinbase:BTC-USD,C,1579.38,USD,2026-08-19T21:36:54.150564+00:00,posted
coinbase:1073147027,coinbase:BTC-USD,C,1.17,USD,2026-08-19T18:48:40.377177+00:00,posted
coinbase:1073147026,coinbase:BTC-USD,C,12160.78,USD,2026-08-19T20:51:06.363273+00:00,posted
coinbase:1073147029,coinbase:BTC-USD,C,47.44,USD,2026-08-19T20:12:38.252422+00:00,posted
coinbase:1073147030,coinbase:BTC-USD,C,0.00,USD,2026-08-20T00:02:12.680809+00:00,posted
kraken:105348437,kraken:XBTUSD,C,50.00,USD,2026-08-19T19:46:35.545284+00:00,posted
kraken:105348438,kraken:XBTUSD,C,68.64,USD,2026-08-19T21:04:12.094817+00:00,posted
coinbase:1073147031,coinbase:BTC-USD,D,0.00,USD,2026-08-19T21:14:38.574448+00:00,posted
coinbase:1073147032,coinbase:BTC-USD,C,4.95,USD,2026-08-20T00:09:03.738093+00:00,posted
coinbase:1073147033,coinbase:BTC-USD,D,0.01,USD,2026-08-19T23:14:35.143213+00:00,posted
coinbase:1073147039,coinbase:BTC-USD,D,1325.70,USD,2026-08-19T23:11:15.345045+00:00,posted
coinbase:1073147038,coinbase:BTC-USD,D,1373.36,USD,2026-08-19T23:28:29.323968+00:00,posted
coinbase:1073147037,coinbase:BTC-USD,D,192.26,USD,2026-08-19T23:09:55.152614+00:00,posted
coinbase:1073147036,coinbase:BTC-USD,D,2060.03,USD,2026-08-19T21:21:59.554027+00:00,posted
coinbase:1073147034,coinbase:BTC-USD,D,4660.77,USD,2026-08-19T19:30:16.950297+00:00,posted
coinbase:1073147040,coinbase:BTC-USD,D,583.06,USD,2026-08-19T22:14:01.632652+00:00,posted
kraken:105348440,kraken:XBTUSD,D,28.34,USD,2026-08-19T20:30:06.286013+00:00,posted
coinbase:1073147041,coinbase:BTC-USD,C,4.71,USD,2026-08-19T20:08:44.242246+00:00,posted
coinbase:1073147042,coinbase:BTC-USD,D,0.00,USD,2026-08-19T19:01:39.753107+00:00,posted
coinbase:1073147043,coinbase:BTC-USD,C,0.00,USD,2026-08-21T04:36:27.968971+00:00,posted
coinbase:1073147044,coinbase:BTC-USD,D,1.59,USD,2026-08-19T23:22:46.869883+00:00,posted
binance:6582449431,binance:BTCUSDT,D,6.87,USD,2026-08-21T06:44:03.376284+00:00,posted
binance:6582449432,binance:BTCUSDT,D,755.64,USD,2026-08-19T21:49:53.605467+00:00,posted
binance:6582449433,binance:BTCUSDT,D,206.08,USD,2026-08-19T20:39:29.269474+00:00,posted
binance:6582449434,binance:BTCUSDT,D,79.00,USD,2026-08-19T20:41:46.988699+00:00,posted
binance:6582449448,binance:BTCUSDT,D,27.48,USD,2026-08-19T22:05:45.802441+00:00,posted
binance:6582449453,binance:BTCUSDT,D,28.85,USD,2026-08-19T22:20:22.733566+00:00,posted
binance:6582449456,binance:BTCUSDT,D,16.49,USD,2026-08-20T00:09:06.985034+00:00,posted
binance:6582449459,binance:BTCUSDT,D,3375.66,USD,2026-08-19T20:33:12.184676+00:00,posted
binance:6582449462,binance:BTCUSDT,D,600.39,USD,2026-08-19T23:01:35.335469+00:00,posted
binance:6582449464,binance:BTCUSDT,D,401.87,USD,2026-08-19T19:11:47.865924+00:00,posted
binance:6582449466,binance:BTCUSDT,D,11.68,USD,2026-08-19T21:18:57.688199+00:00,posted
binance:6582449468,binance:BTCUSDT,D,6.18,USD,2026-08-19T23:32:26.898480+00:00,posted
binance:6582449469,binance:BTCUSDT,D,12.37,USD,2026-08-19T23:52:21.017006+00:00,posted
binance:6582449470,binance:BTCUSDT,D,504.92,USD,2026-08-19T22:07:59.137735+00:00,posted
binance:6582449472,binance:BTCUSDT,D,10.99,USD,2026-08-21T04:19:52.753027+00:00,posted
binance:6582449474,binance:BTCUSDT,D,151.13,USD,2026-08-19T20:30:29.586186+00:00,posted
binance:6582449475,binance:BTCUSDT,D,199.91,USD,2026-08-19T20:14:11.350339+00:00,posted
binance:6582449476,binance:BTCUSDT,D,17.17,USD,2026-08-19T20:15:26.109407+00:00,posted
binance:6582449479,binance:BTCUSDT,D,53.59,USD,2026-08-19T23:30:38.965376+00:00,posted
binance:6582449480,binance:BTCUSDT,D,688.37,USD,2026-08-19T21:59:36.408516+00:00,posted
binance:6582449482,binance:BTCUSDT,D,6.18,USD,2026-08-19T21:02:32.380405+00:00,posted
binance:6582449483,binance:BTCUSDT,D,16.49,USD,2026-08-19T18:53:32.798628+00:00,posted
coinbase:1073147045,coinbase:BTC-USD,C,0.00,USD,2026-08-19T22:24:23.475413+00:00,posted
coinbase:1073147046,coinbase:BTC-USD,D,0.01,USD,2026-08-19T22:37:09.355811+00:00,posted
coinbase:1073147047,coinbase:BTC-USD,C,0.00,USD,2026-08-20T23:12:35.638135+00:00,posted
binance:6582449486,binance:BTCUSDT,C,21.30,USD,2026-08-19T18:54:37.691285+00:00,posted
coinbase:1073147048,coinbase:BTC-USD,C,0.00,USD,2026-08-19T22:58:22.720245+00:00,posted
binance:6582449487,binance:BTCUSDT,D,755.70,USD,2026-08-21T01:43:07.311754+00:00,posted
binance:6582449490,binance:BTCUSDT,D,618.30,USD,2026-08-19T23:38:08.234079+00:00,posted
coinbase:1073147049,coinbase:BTC-USD,D,0.00,USD,2026-08-19T20:07:34.418826+00:00,posted
binance:6582449491,binance:BTCUSDT,D,206.10,USD,2026-08-19T22:12:40.330556+00:00,posted
binance:6582449494,binance:BTCUSDT,D,6.87,USD,2026-08-19T23:22:38.669022+00:00,posted
coinbase:1073147050,coinbase:BTC-USD,C,0.00,USD,2026-08-19T23:31:08.002002+00:00,posted
coinbase:1073147062,coinbase:BTC-USD,C,1.17,USD,2026-08-19T23:33:19.868252+00:00,posted
coinbase:1073147061,coinbase:BTC-USD,C,9647.05,USD,2026-08-19T21:46:57.278879+00:00,posted
coinbase:1073147060,coinbase:BTC-USD,C,1991.75,USD,2026-08-19T23:58:56.107861+00:00,posted
coinbase:1073147059,coinbase:BTC-USD,C,0.12,USD,2026-08-19T22:00:54.534790+00:00,posted
coinbase:1073147058,coinbase:BTC-USD,C,1.17,USD,2026-08-19T22:53:04.532155+00:00,posted
coinbase:1073147057,coinbase:BTC-USD,C,12163.05,USD,2026-08-19T21:09:28.634398+00:00,posted
coinbase:1073147056,coinbase:BTC-USD,C,686.79,USD,2026-08-19T21:42:05.008238+00:00,posted
coinbase:1073147055,coinbase:BTC-USD,C,500.96,USD,2026-08-19T21:24:52.785762+00:00,posted
coinbase:1073147054,coinbase:BTC-USD,C,1.17,USD,2026-08-19T19:15:29.252091+00:00,posted
coinbase:1073147053,coinbase:BTC-USD,C,1.17,USD,2026-08-19T21:01:57.717795+00:00,posted
coinbase:1073147052,coinbase:BTC-USD,C,0.08,USD,2026-08-19T18:49:25.087654+00:00,posted
coinbase:1073147051,coinbase:BTC-USD,C,1.17,USD,2026-08-19T22:56:10.292729+00:00,posted
coinbase:1073147064,coinbase:BTC-USD,C,11814.27,USD,2026-08-19T20:20:34.062139+00:00,posted
coinbase:1073147063,coinbase:BTC-USD,C,11969.73,USD,2026-08-19T22:32:54.014901+00:00,posted
binance:6582449495,binance:BTCUSDT,C,750.20,USD,2026-08-19T22:55:14.529477+00:00,posted
coinbase:1073147065,coinbase:BTC-USD,C,97.24,USD,2026-08-19T22:58:40.385744+00:00,posted
binance:6582449496,binance:BTCUSDT,D,15629.25,USD,2026-08-19T22:02:56.875294+00:00,posted
coinbase:1073147066,coinbase:BTC-USD,D,0.00,USD,2026-08-19T21:46:50.838472+00:00,posted
coinbase:1073147067,coinbase:BTC-USD,C,0.00,USD,2026-08-19T23:37:03.056268+00:00,posted
coinbase:1073147069,coinbase:BTC-USD,D,4793.58,USD,2026-08-19T20:08:24.222168+00:00,posted
coinbase:1073147068,coinbase:BTC-USD,D,74.99,USD,2026-08-19T22:19:06.896862+00:00,posted
coinbase:1073147070,coinbase:BTC-USD,D,75.00,USD,2026-08-19T19:58:44.016355+00:00,posted
coinbase:1073147071,coinbase:BTC-USD,D,75.00,USD,2026-08-19T20:19:52.895035+00:00,posted
binance:6582449501,binance:BTCUSDT,C,2701.28,USD,2026-08-19T23:12:50.710252+00:00,posted
coinbase:1073147072,coinbase:BTC-USD,D,75.00,USD,2026-08-19T23:27:35.244961+00:00,posted
coinbase:1073147073,coinbase:BTC-USD,D,0.00,USD,2026-08-19T20:21:30.310276+00:00,posted
coinbase:1073147074,coinbase:BTC-USD,D,400.71,USD,2026-08-19T22:09:47.374560+00:00,posted
coinbase:1073147075,coinbase:BTC-USD,D,7777.02,USD,2026-08-19T22:11:26.867877+00:00,posted
binance:6582449502,binance:BTCUSDT,D,1305.30,USD,2026-08-19T18:52:20.399865+00:00,posted
binance:6582449503,binance:BTCUSDT,D,7141.36,USD,2026-08-20T00:06:48.557579+00:00,posted
binance:6582449531,binance:BTCUSDT,D,12.37,USD,2026-08-19T19:27:12.148216+00:00,posted
binance:6582449534,binance:BTCUSDT,D,15.11,USD,2026-08-19T18:48:38.813969+00:00,posted
binance:6582449537,binance:BTCUSDT,D,10.99,USD,2026-08-21T04:41:26.474120+00:00,posted
binance:6582449539,binance:BTCUSDT,D,5.50,USD,2026-08-19T23:05:13.734707+00:00,posted
binance:6582449540,binance:BTCUSDT,D,576.40,USD,2026-08-19T20:48:30.035214+00:00,posted
binance:6582449542,binance:BTCUSDT,D,11.68,USD,2026-08-19T18:56:24.768004+00:00,posted
binance:6582449544,binance:BTCUSDT,D,6.18,USD,2026-08-21T01:16:40.349284+00:00,posted
binance:6582449545,binance:BTCUSDT,D,10.99,USD,2026-08-19T20:55:26.324147+00:00,posted
binance:6582449547,binance:BTCUSDT,D,68.70,USD,2026-08-19T19:45:52.129024+00:00,posted
binance:6582449558,binance:BTCUSDT,D,16.49,USD,2026-08-19T20:08:27.948437+00:00,posted
binance:6582449561,binance:BTCUSDT,D,16.49,USD,2026-08-19T18:50:06.161660+00:00,posted
binance:6582449564,binance:BTCUSDT,D,1236.67,USD,2026-08-19T22:41:47.095922+00:00,posted
binance:6582449565,binance:BTCUSDT,D,618.33,USD,2026-08-20T00:07:40.831840+00:00,posted
binance:6582449566,binance:BTCUSDT,D,755.74,USD,2026-08-20T00:14:08.183101+00:00,posted
binance:6582449567,binance:BTCUSDT,D,7.56,USD,2026-08-19T22:48:35.779028+00:00,posted
binance:6582449568,binance:BTCUSDT,D,206.11,USD,2026-08-22T16:52:36.595611+00:00,posted
coinbase:1073147076,coinbase:BTC-USD,C,0.00,USD,2026-08-20T00:03:08.465141+00:00,posted
binance:6582449569,binance:BTCUSDT,D,6.87,USD,2026-08-19T19:38:16.939441+00:00,posted
kraken:105348441,kraken:XBTUSD,D,21.66,USD,2026-08-19T22:51:41.983706+00:00,posted
kraken:105348442,kraken:XBTUSD,D,6.86,USD,2026-08-19T19:26:14.838988+00:00,posted
kraken:105348443,kraken:XBTUSD,D,68.64,USD,2026-08-19T20:24:32.936106+00:00,posted
kraken:105348444,kraken:XBTUSD,D,68.64,USD,2026-08-19T19:03:07.769837+00:00,posted
kraken:105348445,kraken:XBTUSD,D,13.73,USD,2026-08-20T00:07:07.275026+00:00,posted
binance:6582449570,binance:BTCUSDT,D,18079.36,USD,2026-08-19T21:09:12.852681+00:00,posted
binance:6582449589,binance:BTCUSDT,D,16.49,USD,2026-08-19T21:58:53.450828+00:00,posted
binance:6582449592,binance:BTCUSDT,D,114.05,USD,2026-08-19T20:06:09.622798+00:00,posted
binance:6582449601,binance:BTCUSDT,D,10.99,USD,2026-08-19T21:57:41.779050+00:00,posted
binance:6582449603,binance:BTCUSDT,D,10.99,USD,2026-08-19T22:33:06.903471+00:00,posted
binance:6582449605,binance:BTCUSDT,D,11.68,USD,2026-08-19T23:00:18.234600+00:00,posted
binance:6582449607,binance:BTCUSDT,D,461.02,USD,2026-08-19T21:30:54.854290+00:00,posted
binance:6582449613,binance:BTCUSDT,D,16.49,USD,2026-08-19T22:56:35.745267+00:00,posted
binance:6582449616,binance:BTCUSDT,D,6755.97,USD,2026-08-19T22:37:22.812172+00:00,posted
binance:6582449628,binance:BTCUSDT,D,10.99,USD,2026-08-19T19:27:27.898662+00:00,posted
binance:6582449630,binance:BTCUSDT,D,11.68,USD,2026-08-20T00:09:53.694077+00:00,posted
binance:6582449632,binance:BTCUSDT,D,6.18,USD,2026-08-19T22:55:39.125959+00:00,posted
binance:6582449633,binance:BTCUSDT,D,72.15,USD,2026-08-19T21:10:43.149182+00:00,posted
binance:6582449634,binance:BTCUSDT,D,10.31,USD,2026-08-20T20:31:52.411668+00:00,posted
binance:6582449635,binance:BTCUSDT,D,5.50,USD,2026-08-19T19:30:24.212040+00:00,posted
binance:6582449636,binance:BTCUSDT,D,12.37,USD,2026-08-19T21:26:05.497237+00:00,posted
binance:6582449637,binance:BTCUSDT,D,16.49,USD,2026-08-19T20:23:11.864010+00:00,posted
binance:6582449640,binance:BTCUSDT,D,17.18,USD,2026-08-19T19:48:34.076557+00:00,posted
binance:6582449643,binance:BTCUSDT,D,16.49,USD,2026-08-19T20:40:40.275645+00:00,posted
binance:6582449646,binance:BTCUSDT,D,343.56,USD,2026-08-19T20:16:47.974365+00:00,posted
binance:6582449658,binance:BTCUSDT,D,206.14,USD,2026-08-19T23:47:43.162239+00:00,posted
coinbase:1073147077,coinbase:BTC-USD,C,0.00,USD,2026-08-19T19:08:40.366918+00:00,posted
coinbase:1073147078,coinbase:BTC-USD,D,0.00,USD,2026-08-19T20:23:30.965397+00:00,posted
binance:6582449659,binance:BTCUSDT,C,5.50,USD,2026-08-19T20:47:05.500599+00:00,posted
coinbase:1073147080,coinbase:BTC-USD,C,137.36,USD,2026-08-19T20:51:02.008419+00:00,posted
coinbase:1073147081,coinbase:BTC-USD,D,0.01,USD,2026-08-19T18:52:07.651765+00:00,posted
coinbase:1073147082,coinbase:BTC-USD,C,0.00,USD,2026-08-19T23:02:02.128679+00:00,posted
binance:6582449660,binance:BTCUSDT,C,6.87,USD,2026-08-19T22:43:52.913541+00:00,posted
binance:6582449661,binance:BTCUSDT,C,27411.90,USD,2026-08-19T21:43:48.409128+00:00,posted
binance:6582449663,binance:BTCUSDT,C,27198.89,USD,2026-08-19T21:38:53.651422+00:00,posted
binance:6582449665,binance:BTCUSDT,C,8236.49,USD,2026-08-19T21:47:56.136584+00:00,posted
binance:6582449670,binance:BTCUSDT,C,8050.28,USD,2026-08-19T20:32:24.555790+00:00,posted
binance:6582449671,binance:BTCUSDT,C,10254.55,USD,2026-08-19T19:22:24.265854+00:00,posted
binance:6582449682,binance:BTCUSDT,C,1359.12,USD,2026-08-19T19:07:57.339893+00:00,posted
binance:6582449697,binance:BTCUSDT,C,5.50,USD,2026-08-19T19:28:46.609473+00:00,posted
binance:6582449698,binance:BTCUSDT,C,462.42,USD,2026-08-19T19:52:38.251768+00:00,posted
binance:6582449707,binance:BTCUSDT,C,10.99,USD,2026-08-19T19:18:32.408016+00:00,posted
binance:6582449709,binance:BTCUSDT,C,16.49,USD,2026-08-19T23:21:55.818627+00:00,posted
binance:6582449712,binance:BTCUSDT,C,5.50,USD,2026-08-19T21:39:28.350980+00:00,posted
binance:6582449713,binance:BTCUSDT,C,16.49,USD,2026-08-19T20:10:24.670901+00:00,posted
binance:6582449716,binance:BTCUSDT,C,72.15,USD,2026-08-19T22:05:54.971760+00:00,posted
binance:6582449729,binance:BTCUSDT,C,39.85,USD,2026-08-19T22:22:20.933366+00:00,posted
binance:6582449736,binance:BTCUSDT,C,5.50,USD,2026-08-19T23:20:32.234411+00:00,posted
binance:6582449737,binance:BTCUSDT,C,5.50,USD,2026-08-19T22:16:47.646985+00:00,posted
binance:6582449738,binance:BTCUSDT,C,27.48,USD,2026-08-19T22:51:17.949330+00:00,posted
binance:6582449743,binance:BTCUSDT,C,43.97,USD,2026-08-19T23:17:13.221022+00:00,posted
binance:6582449751,binance:BTCUSDT,C,6988.20,USD,2026-08-19T19:05:11.468484+00:00,posted
binance:6582449759,binance:BTCUSDT,C,278.26,USD,2026-08-19T21:40:31.742460+00:00,posted
binance:6582449775,binance:BTCUSDT,C,5.50,USD,2026-08-19T23:21:19.368664+00:00,posted
binance:6582449776,binance:BTCUSDT,C,5.50,USD,2026-08-21T12:13:49.408131+00:00,posted
binance:6582449777,binance:BTCUSDT,C,21.99,USD,2026-08-19T20:53:06.685547+00:00,posted
binance:6582449781,binance:BTCUSDT,C,5.50,USD,2026-08-19T22:22:43.284972+00:00,posted
binance:6582449782,binance:BTCUSDT,C,5.50,USD,2026-08-19T23:58:37.696222+00:00,posted
binance:6582449783,binance:BTCUSDT,C,16.49,USD,2026-08-19T21:50:08.333822+00:00,posted
coinbase:1073147085,coinbase:BTC-USD,D,6694.66,USD,2026-08-19T22:58:49.560713+00:00,posted
coinbase:1073147084,coinbase:BTC-USD,D,4793.53,USD,2026-08-19T22:28:32.101759+00:00,posted
coinbase:1073147083,coinbase:BTC-USD,D,1.22,USD,2026-08-19T21:06:53.233805+00:00,posted
coinbase:1073147086,coinbase:BTC-USD,D,431.95,USD,2026-08-21T20:39:51.181956+00:00,posted
coinbase:1073147087,coinbase:BTC-USD,D,1586.18,USD,2026-08-19T22:22:56.280930+00:00,posted
coinbase:1073147088,coinbase:BTC-USD,D,166.06,USD,2026-08-19T22:03:55.484216+00:00,posted
coinbase:1073147089,coinbase:BTC-USD,C,0.00,USD,2026-08-19T23:43:46.414022+00:00,posted
coinbase:1073147091,coinbase:BTC-USD,D,4.64,USD,2026-08-20T00:14:54.954043+00:00,posted
coinbase:1073147090,coinbase:BTC-USD,D,4396.72,USD,2026-08-19T21:02:01.714997+00:00,posted
coinbase:1073147094,coinbase:BTC-USD,D,0.83,USD,2026-08-19T23:18:35.216359+00:00,posted
coinbase:1073147093,coinbase:BTC-USD,D,1.17,USD,2026-08-19T20:05:23.654465+00:00,posted
coinbase:1073147092,coinbase:BTC-USD,D,0.08,USD,2026-08-19T20:49:43.596735+00:00,posted
coinbase:1073147095,coinbase:BTC-USD,C,0.00,USD,2026-08-19T22:51:40.058358+00:00,posted
binance:6582449786,binance:BTCUSDT,C,77.64,USD,2026-08-19T21:15:15.032789+00:00,posted
binance:6582449788,binance:BTCUSDT,C,31.60,USD,2026-08-19T18:46:01.318432+00:00,posted
binance:6582449789,binance:BTCUSDT,D,255.58,USD,2026-08-19T21:36:46.117305+00:00,posted
binance:6582449790,binance:BTCUSDT,C,194.43,USD,2026-08-19T20:25:33.967748+00:00,posted
coinbase:1073147096,coinbase:BTC-USD,D,0.01,USD,2026-08-19T19:59:10.913405+00:00,posted
coinbase:1073147097,coinbase:BTC-USD,C,0.00,USD,2026-08-19T18:53:07.335767+00:00,posted
coinbase:1073147098,coinbase:BTC-USD,D,0.00,USD,2026-08-19T22:33:34.107603+00:00,posted
binance:6582449791,binance:BTCUSDT,D,153.21,USD,2026-08-19T21:48:40.215435+00:00,posted
coinbase:1073147099,coinbase:BTC-USD,C,0.00,USD,2026-08-19T23:51:31.061905+00:00,posted
binance:6582449792,binance:BTCUSDT,C,6.87,USD,2026-08-19T18:58:25.037742+00:00,posted
binance:6582449794,binance:BTCUSDT,C,8133.97,USD,2026-08-19T19:31:38.361231+00:00,posted
binance:6582449818,binance:BTCUSDT,C,43.97,USD,2026-08-19T21:58:04.561986+00:00,posted
binance:6582449826,binance:BTCUSDT,C,302.99,USD,2026-08-19T23:13:37.148888+00:00,posted
binance:6582449829,binance:BTCUSDT,C,10.99,USD,2026-08-22T14:19:27.854618+00:00,posted
binance:6582449831,binance:BTCUSDT,C,10.99,USD,2026-08-19T22:44:44.773430+00:00,posted
binance:6582449833,binance:BTCUSDT,C,27.48,USD,2026-08-19T19:43:01.348319+00:00,posted
binance:6582449838,binance:BTCUSDT,C,38.47,USD,2026-08-19T22:33:31.862001+00:00,posted
binance:6582449845,binance:BTCUSDT,C,10.99,USD,2026-08-19T23:45:29.460715+00:00,posted
binance:6582449847,binance:BTCUSDT,C,10.99,USD,2026-08-19T20:25:05.665426+00:00,posted
binance:6582449849,binance:BTCUSDT,C,12.37,USD,2026-08-19T21:56:08.296184+00:00,posted
binance:6582449850,binance:BTCUSDT,C,27.48,USD,2026-08-19T20:40:46.897098+00:00,posted
binance:6582449855,binance:BTCUSDT,C,5.50,USD,2026-08-19T21:03:25.008910+00:00,posted
binance:6582449856,binance:BTCUSDT,C,27.48,USD,2026-08-19T23:32:59.651980+00:00,posted
binance:6582449861,binance:BTCUSDT,C,10.99,USD,2026-08-19T22:21:22.906827+00:00,posted
binance:6582449863,binance:BTCUSDT,C,21.98,USD,2026-08-19T18:49:44.279743+00:00,posted
binance:6582449867,binance:BTCUSDT,C,4282.24,USD,2026-08-19T20:52:11.120851+00:00,posted
binance:6582449869,binance:BTCUSDT,C,5.50,USD,2026-08-19T18:59:33.287593+00:00,posted
binance:6582449870,binance:BTCUSDT,C,5.50,USD,2026-08-19T19:35:19.563380+00:00,posted
binance:6582449871,binance:BTCUSDT,C,5.50,USD,2026-08-19T19:58:49.663061+00:00,posted
binance:6582449872,binance:BTCUSDT,C,11.68,USD,2026-08-20T00:06:24.475846+00:00,posted
binance:6582449874,binance:BTCUSDT,C,215.04,USD,2026-08-19T21:55:47.930106+00:00,posted
binance:6582449889,binance:BTCUSDT,C,43.97,USD,2026-08-22T08:00:42.325979+00:00,posted
binance:6582449897,binance:BTCUSDT,C,16.49,USD,2026-08-19T20:36:54.013925+00:00,posted
binance:6582449900,binance:BTCUSDT,C,1374.01,USD,2026-08-19T22:51:55.121753+00:00,posted
binance:6582449901,binance:BTCUSDT,C,32.98,USD,2026-08-19T20:12:36.531936+00:00,posted
binance:6582449902,binance:BTCUSDT,C,16.49,USD,2026-08-19T21:09:20.808001+00:00,posted
binance:6582449905,binance:BTCUSDT,C,32.98,USD,2026-08-19T22:57:26.135809+00:00,posted
binance:6582449911,binance:BTCUSDT,C,139.46,USD,2026-08-19T19:51:20.432849+00:00,posted
binance:6582449913,binance:BTCUSDT,C,2999.44,USD,2026-08-19T21:54:30.231522+00:00,posted
binance:6582449914,binance:BTCUSDT,C,16.49,USD,2026-08-20T00:15:00.043585+00:00,posted
binance:6582449917,binance:BTCUSDT,C,353.12,USD,2026-08-19T20:05:55.722816+00:00,posted
coinbase:1073147102,coinbase:BTC-USD,D,2.00,USD,2026-08-19T21:07:53.231947+00:00,posted
coinbase:1073147101,coinbase:BTC-USD,D,3574.91,USD,2026-08-19T21:56:03.091568+00:00,posted
coinbase:1073147100,coinbase:BTC-USD,D,4792.96,USD,2026-08-19T21:02:26.855110+00:00,posted
coinbase:1073147103,coinbase:BTC-USD,D,0.00,USD,2026-08-19T19:48:49.627578+00:00,posted
binance:6582449918,binance:BTCUSDT,C,68.70,USD,2026-08-19T22:22:15.097185+00:00,posted
kraken:105348446,kraken:XBTUSD,D,50.00,USD,2026-08-19T19:41:49.267550+00:00,posted
kraken:105348447,kraken:XBTUSD,D,3.50,USD,2026-08-19T23:17:05.377578+00:00,posted
kraken:105348448,kraken:XBTUSD,D,1410.20,USD,2026-08-19T22:11:37.020017+00:00,posted
coinbase:1073147104,coinbase:BTC-USD,D,497.01,USD,2026-08-19T23:50:57.629990+00:00,posted
binance:6582449922,binance:BTCUSDT,C,97.55,USD,2026-08-19T22:32:08.360704+00:00,posted
coinbase:1073147105,coinbase:BTC-USD,C,0.00,USD,2026-08-19T22:46:22.295827+00:00,posted
coinbase:1073147106,coinbase:BTC-USD,C,102.01,USD,2026-08-21T05:55:57.021168+00:00,posted
binance:6582449923,binance:BTCUSDT,C,184.12,USD,2026-08-19T19:34:42.373142+00:00,posted
coinbase:1073147107,coinbase:BTC-USD,D,0.00,USD,2026-08-19T20:20:54.674216+00:00,posted
binance:6582449924,binance:BTCUSDT,C,3257.74,USD,2026-08-19T23:11:23.282318+00:00,posted
kraken:105348449,kraken:XBTUSD,D,98.58,USD,2026-08-19T21:21:28.095161+00:00,posted
coinbase:1073147108,coinbase:BTC-USD,D,10258.73,USD,2026-08-19T22:50:10.932147+00:00,posted
coinbase:1073147109,coinbase:BTC-USD,D,67.76,USD,2026-08-19T21:46:17.876331+00:00,posted
coinbase:1073147110,coinbase:BTC-USD,D,166.57,USD,2026-08-19T21:47:04.920885+00:00,posted
coinbase:1073147111,coinbase:BTC-USD,D,23.16,USD,2026-08-20T00:13:26.262553+00:00,posted
coinbase:1073147112,coinbase:BTC-USD,D,0.00,USD,2026-08-19T22:26:30.247921+00:00,posted
coinbase:1073147113,coinbase:BTC-USD,C,0.15,USD,2026-08-19T23:44:58.499891+00:00,posted
coinbase:1073147114,coinbase:BTC-USD,D,0.01,USD,2026-08-19T20:10:16.937852+00:00,posted
coinbase:1073147115,coinbase:BTC-USD,C,0.01,USD,2026-08-19T19:03:30.000460+00:00,posted
coinbase:1073147116,coinbase:BTC-USD,D,0.01,USD,2026-08-19T18:48:44.050051+00:00,posted
binance:6582449926,binance:BTCUSDT,C,78.32,USD,2026-08-19T20:15:31.074506+00:00,posted
kraken:105348450,kraken:XBTUSD,D,5000.00,USD,2026-08-19T22:23:49.500072+00:00,posted
coinbase:1073147117,coinbase:BTC-USD,C,0.00,USD,2026-08-19T18:52:17.349599+00:00,posted
coinbase:1073147120,coinbase:BTC-USD,D,7786.73,USD,2026-08-19T22:20:17.973632+00:00,posted
coinbase:1073147119,coinbase:BTC-USD,D,2810.36,USD,2026-08-19T20:51:37.516785+00:00,posted
coinbase:1073147118,coinbase:BTC-USD,D,1.15,USD,2026-08-19T19:18:51.786460+00:00,posted
binance:6582449940,binance:BTCUSDT,C,7.56,USD,2026-08-19T23:32:01.735361+00:00,posted
coinbase:1073147121,coinbase:BTC-USD,D,227.44,USD,2026-08-19T19:47:30.710846+00:00,posted
coinbase:1073147122,coinbase:BTC-USD,D,98.65,USD,2026-08-19T21:17:07.776779+00:00,posted
coinbase:1073147123,coinbase:BTC-USD,D,49.61,USD,2026-08-19T18:53:05.121914+00:00,posted
coinbase:1073147124,coinbase:BTC-USD,D,27.33,USD,2026-08-19T21:40:42.076373+00:00,posted
coinbase:1073147125,coinbase:BTC-USD,D,142.29,USD,2026-08-19T20:55:48.969372+00:00,posted
coinbase:1073147127,coinbase:BTC-USD,D,378.47,USD,2026-08-19T22:12:19.240657+00:00,posted
coinbase:1073147128,coinbase:BTC-USD,D,184.54,USD,2026-08-20T00:08:48.907697+00:00,posted
binance:6582449942,binance:BTCUSDT,C,9.62,USD,2026-08-19T23:13:55.201630+00:00,posted
binance:6582449945,binance:BTCUSDT,C,687.00,USD,2026-08-19T23:35:57.546029+00:00,posted
binance:6582449949,binance:BTCUSDT,C,14.43,USD,2026-08-19T23:14:53.941026+00:00,posted
coinbase:1073147129,coinbase:BTC-USD,D,0.01,USD,2026-08-19T20:00:26.287154+00:00,posted
coinbase:1073147130,coinbase:BTC-USD,C,0.00,USD,2026-08-19T20:55:38.195403+00:00,posted
binance:6582449950,binance:BTCUSDT,C,10000.62,USD,2026-08-19T22:46:51.662346+00:00,posted
binance:6582449966,binance:BTCUSDT,C,6.87,USD,2026-08-19T22:29:44.146952+00:00,posted
binance:6582449968,binance:BTCUSDT,C,541.35,USD,2026-08-19T22:32:33.009588+00:00,posted
binance:6582449980,binance:BTCUSDT,C,43.97,USD,2026-08-19T21:55:03.239349+00:00,posted
binance:6582449988,binance:BTCUSDT,C,100.99,USD,2026-08-19T20:29:05.026736+00:00,posted
binance:6582449989,binance:BTCUSDT,C,41.91,USD,2026-08-19T21:14:13.397869+00:00,posted
binance:6582449990,binance:BTCUSDT,C,5.50,USD,2026-08-19T22:21:18.806392+00:00,posted
binance:6582449991,binance:BTCUSDT,C,5.50,USD,2026-08-19T22:31:44.010998+00:00,posted
binance:6582449992,binance:BTCUSDT,C,10.99,USD,2026-08-19T19:31:34.418903+00:00,posted
binance:6582449994,binance:BTCUSDT,C,16.49,USD,2026-08-19T23:42:32.982761+00:00,posted
binance:6582449997,binance:BTCUSDT,C,127.78,USD,2026-08-19T21:07:55.127104+00:00,posted
binance:6582450020,binance:BTCUSDT,C,43.97,USD,2026-08-19T23:00:06.843956+00:00,posted
binance:6582450028,binance:BTCUSDT,C,5.50,USD,2026-08-19T21:52:23.770889+00:00,posted
binance:6582450029,binance:BTCUSDT,C,12.37,USD,2026-08-19T19:08:22.572019+00:00,posted
binance:6582450030,binance:BTCUSDT,C,6.18,USD,2026-08-19T22:43:24.776015+00:00,posted
binance:6582450031,binance:BTCUSDT,C,16.49,USD,2026-08-19T23:23:02.399695+00:00,posted
binance:6582450034,binance:BTCUSDT,C,21.98,USD,2026-08-19T18:55:43.624258+00:00,posted
coinbase:1073147132,coinbase:BTC-USD,D,9717.84,USD,2026-08-20T00:07:03.250779+00:00,posted
coinbase:1073147131,coinbase:BTC-USD,D,991.29,USD,2026-08-19T20:26:06.201763+00:00,posted
coinbase:1073147133,coinbase:BTC-USD,D,49.62,USD,2026-08-19T23:17:09.540687+00:00,posted
coinbase:1073147134,coinbase:BTC-USD,D,443.37,USD,2026-08-19T22:49:39.034932+00:00,posted
coinbase:1073147135,coinbase:BTC-USD,D,1948.75,USD,2026-08-19T19:48:00.996511+00:00,posted
coinbase:1073147136,coinbase:BTC-USD,D,0.00,USD,2026-08-19T18:54:38.794694+00:00,posted
coinbase:1073147137,coinbase:BTC-USD,C,0.00,USD,2026-08-19T22:09:35.629400+00:00,posted
coinbase:1073147138,coinbase:BTC-USD,C,0.00,USD,2026-08-19T22:08:04.997086+00:00,posted
binance:6582450038,binance:BTCUSDT,C,6.87,USD,2026-08-22T07:04:10.155362+00:00,posted
coinbase:1073147141,coinbase:BTC-USD,D,0.74,USD,2026-08-19T19:30:15.202580+00:00,posted
coinbase:1073147140,coinbase:BTC-USD,D,3.08,USD,2026-08-22T12:59:57.463371+00:00,posted
coinbase:1073147139,coinbase:BTC-USD,D,1.17,USD,2026-08-19T19:46:43.021615+00:00,posted
binance:6582450040,binance:BTCUSDT,C,1662.44,USD,2026-08-19T21:22:22.466033+00:00,posted
binance:6582450076,binance:BTCUSDT,C,43.97,USD,2026-08-21T07:11:44.798678+00:00,posted
binance:6582450084,binance:BTCUSDT,C,24.73,USD,2026-08-20T00:05:42.893602+00:00,posted
coinbase:1073147143,coinbase:BTC-USD,D,2686.19,USD,2026-08-19T23:59:34.286417+00:00,posted
coinbase:1073147142,coinbase:BTC-USD,D,1.17,USD,2026-08-19T22:27:32.879101+00:00,posted
binance:6582450085,binance:BTCUSDT,D,142.20,USD,2026-08-19T19:53:30.697693+00:00,posted
coinbase:1073147144,coinbase:BTC-USD,C,0.00,USD,2026-08-20T00:01:03.440738+00:00,posted
coinbase:1073147145,coinbase:BTC-USD,C,0.00,USD,2026-08-20T19:45:25.652039+00:00,posted
coinbase:1073147146,coinbase:BTC-USD,D,0.00,USD,2026-08-19T23:32:02.764966+00:00,posted
binance:6582450086,binance:BTCUSDT,C,1030.44,USD,2026-08-21T13:27:03.380621+00:00,posted
coinbase:1073147147,coinbase:BTC-USD,D,0.01,USD,2026-08-19T22:06:37.656382+00:00,posted
binance:6582450102,binance:BTCUSDT,C,26.10,USD,2026-08-19T22:43:40.741087+00:00,posted
coinbase:1073147148,coinbase:BTC-USD,D,0.00,USD,2026-08-19T23:55:55.739563+00:00,posted
coinbase:1073147149,coinbase:BTC-USD,C,0.00,USD,2026-08-19T21:42:56.770549+00:00,posted
binance:6582450103,binance:BTCUSDT,C,6.87,USD,2026-08-19T22:38:22.253500+00:00,posted
binance:6582450104,binance:BTCUSDT,C,8389.13,USD,2026-08-19T23:18:55.654013+00:00,posted
binance:6582450122,binance:BTCUSDT,C,38.47,USD,2026-08-20T00:10:40.700745+00:00,posted
binance:6582450129,binance:BTCUSDT,C,11.68,USD,2026-08-19T19:48:39.890731+00:00,posted
binance:6582450131,binance:BTCUSDT,C,10.99,USD,2026-08-19T23:37:51.926006+00:00,posted
binance:6582450133,binance:BTCUSDT,C,10.99,USD,2026-08-19T20:20:21.962851+00:00,posted
binance:6582450135,binance:BTCUSDT,C,21.98,USD,2026-08-19T20:23:10.366562+00:00,posted
binance:6582450139,binance:BTCUSDT,C,5.50,USD,2026-08-19T22:33:41.924578+00:00,posted
binance:6582450140,binance:BTCUSDT,C,16.49,USD,2026-08-19T21:18:59.719271+00:00,posted
binance:6582450143,binance:BTCUSDT,C,3544.60,USD,2026-08-19T19:15:51.583992+00:00,posted
binance:6582450144,binance:BTCUSDT,C,736.40,USD,2026-08-19T19:45:20.329559+00:00,posted
binance:6582450148,binance:BTCUSDT,C,16.49,USD,2026-08-19T23:41:08.550761+00:00,posted
binance:6582450151,binance:BTCUSDT,C,5.50,USD,2026-08-21T14:07:21.713772+00:00,posted
binance:6582450152,binance:BTCUSDT,C,50.83,USD,2026-08-19T18:54:14.119833+00:00,posted
binance:6582450161,binance:BTCUSDT,C,5.50,USD,2026-08-19T23:41:53.886644+00:00,posted
binance:6582450162,binance:BTCUSDT,C,10.99,USD,2026-08-19T23:37:15.319258+00:00,posted
binance:6582450164,binance:BTCUSDT,C,637.47,USD,2026-08-22T01:23:54.873153+00:00,posted
binance:6582450185,binance:BTCUSDT,C,32.97,USD,2026-08-19T19:40:07.947736+00:00,posted
binance:6582450191,binance:BTCUSDT,C,118.15,USD,2026-08-19T19:16:06.452562+00:00,posted
binance:6582450192,binance:BTCUSDT,C,5.50,USD,2026-08-19T22:15:15.499881+00:00,posted
binance:6582450193,binance:BTCUSDT,C,5.50,USD,2026-08-22T05:09:24.664836+00:00,posted
binance:6582450194,binance:BTCUSDT,C,7.56,USD,2026-08-19T22:07:59.902183+00:00,posted
binance:6582450195,binance:BTCUSDT,C,5.50,USD,2026-08-19T21:47:37.714535+00:00,posted
binance:6582450196,binance:BTCUSDT,C,10.99,USD,2026-08-19T21:52:37.599255+00:00,posted
binance:6582450198,binance:BTCUSDT,C,16.49,USD,2026-08-19T19:35:32.642743+00:00,posted
binance:6582450201,binance:BTCUSDT,C,4227.92,USD,2026-08-19T19:45:02.427941+00:00,posted
binance:6582450202,binance:BTCUSDT,C,10.99,USD,2026-08-19T21:04:28.583486+00:00,posted
binance:6582450204,binance:BTCUSDT,C,27.48,USD,2026-08-19T22:59:39.748363+00:00,posted
binance:6582450209,binance:BTCUSDT,C,10.99,USD,2026-08-19T22:12:44.632423+00:00,posted
binance:6582450211,binance:BTCUSDT,C,16.49,USD,2026-08-19T19:29:25.972430+00:00,posted
binance:6582450214,binance:BTCUSDT,C,10083.69,USD,2026-08-19T22:11:27.605494+00:00,posted
binance:6582450237,binance:BTCUSDT,C,15165.38,USD,2026-08-19T21:17:22.035625+00:00,posted
binance:6582450252,binance:BTCUSDT,C,11.68,USD,2026-08-19T20:04:30.902410+00:00,posted
binance:6582450254,binance:BTCUSDT,C,5.50,USD,2026-08-19T21:23:00.008398+00:00,posted
binance:6582450255,binance:BTCUSDT,C,5.50,USD,2026-08-19T19:12:13.128364+00:00,posted
binance:6582450256,binance:BTCUSDT,C,16.49,USD,2026-08-19T20:06:46.231794+00:00,posted
binance:6582450259,binance:BTCUSDT,C,4191.32,USD,2026-08-19T22:10:32.278570+00:00,posted
binance:6582450260,binance:BTCUSDT,C,5.49,USD,2026-08-19T23:18:20.910593+00:00,posted
binance:6582450261,binance:BTCUSDT,C,16.48,USD,2026-08-19T18:58:07.987826+00:00,posted
binance:6582450264,binance:BTCUSDT,C,1373.73,USD,2026-08-19T22:26:07.442550+00:00,posted
binance:6582450265,binance:BTCUSDT,C,5.49,USD,2026-08-19T20:24:30.053624+00:00,posted
binance:6582450266,binance:BTCUSDT,C,16.48,USD,2026-08-19T19:02:11.731982+00:00,posted
binance:6582450269,binance:BTCUSDT,C,5.49,USD,2026-08-19T19:44:50.229157+00:00,posted
binance:6582450270,binance:BTCUSDT,C,5.49,USD,2026-08-22T03:42:30.542741+00:00,posted
binance:6582450271,binance:BTCUSDT,C,11.68,USD,2026-08-19T22:02:21.296929+00:00,posted
binance:6582450273,binance:BTCUSDT,C,5.49,USD,2026-08-19T19:44:33.812493+00:00,posted
coinbase:1073147153,coinbase:BTC-USD,D,528.14,USD,2026-08-19T21:57:04.474146+00:00,posted
coinbase:1073147150,coinbase:BTC-USD,D,1.15,USD,2026-08-19T19:08:20.741777+00:00,posted
coinbase:1073147154,coinbase:BTC-USD,D,417.68,USD,2026-08-19T21:47:40.271485+00:00,posted
coinbase:1073147155,coinbase:BTC-USD,D,1152.36,USD,2026-08-19T19:30:24.951099+00:00,posted
binance:6582450274,binance:BTCUSDT,C,7334.25,USD,2026-08-19T20:16:34.440146+00:00,posted
coinbase:1073147156,coinbase:BTC-USD,D,19.00,USD,2026-08-19T21:39:08.953466+00:00,posted
coinbase:1073147157,coinbase:BTC-USD,D,568.14,USD,2026-08-19T22:07:59.622882+00:00,posted
coinbase:1073147158,coinbase:BTC-USD,D,373.03,USD,2026-08-22T00:27:28.460688+00:00,posted
coinbase:1073147159,coinbase:BTC-USD,D,23.67,USD,2026-08-19T21:25:37.486848+00:00,posted
binance:6582450281,binance:BTCUSDT,C,1100.34,USD,2026-08-19T23:54:12.015161+00:00,posted
binance:6582450299,binance:BTCUSDT,C,32.97,USD,2026-08-19T20:20:47.268615+00:00,posted
binance:6582450305,binance:BTCUSDT,C,7.56,USD,2026-08-19T20:30:27.433458+00:00,posted
coinbase:1073147160,coinbase:BTC-USD,D,955.91,USD,2026-08-20T00:14:22.443222+00:00,posted
coinbase:1073147161,coinbase:BTC-USD,D,85.50,USD,2026-08-19T19:28:49.281918+00:00,posted
coinbase:1073147162,coinbase:BTC-USD,D,216.03,USD,2026-08-19T21:37:31.140267+00:00,posted
coinbase:1073147163,coinbase:BTC-USD,D,68.36,USD,2026-08-19T21:28:32.554911+00:00,posted
binance:6582450306,binance:BTCUSDT,C,4542.14,USD,2026-08-19T22:07:07.203003+00:00,posted
binance:6582450324,binance:BTCUSDT,C,43.96,USD,2026-08-20T00:09:10.270659+00:00,posted
coinbase:1073147165,coinbase:BTC-USD,D,24.47,USD,2026-08-19T22:49:22.844049+00:00,posted
coinbase:1073147166,coinbase:BTC-USD,D,21.75,USD,2026-08-19T22:09:04.068519+00:00,posted
binance:6582450332,binance:BTCUSDT,C,21.98,USD,2026-08-19T19:01:01.716355+00:00,posted
binance:6582450336,binance:BTCUSDT,C,10.99,USD,2026-08-19T23:12:00.632654+00:00,posted
binance:6582450338,binance:BTCUSDT,C,5.49,USD,2026-08-19T22:17:25.213555+00:00,posted
binance:6582450339,binance:BTCUSDT,C,6.18,USD,2026-08-19T20:09:58.437939+00:00,posted
binance:6582450340,binance:BTCUSDT,C,11.68,USD,2026-08-19T22:59:08.216500+00:00,posted
binance:6582450342,binance:BTCUSDT,C,16.48,USD,2026-08-19T20:35:59.972231+00:00,posted
coinbase:1073147167,coinbase:BTC-USD,D,90.09,USD,2026-08-19T21:53:45.618805+00:00,posted
coinbase:1073147168,coinbase:BTC-USD,D,26.81,USD,2026-08-19T23:20:35.419757+00:00,posted
binance:6582450345,binance:BTCUSDT,C,57.69,USD,2026-08-19T23:21:10.714943+00:00,posted
binance:6582450354,binance:BTCUSDT,C,5.49,USD,2026-08-19T21:24:07.317812+00:00,posted
binance:6582450355,binance:BTCUSDT,C,363.32,USD,2026-08-19T18:57:45.030368+00:00,posted
coinbase:1073147169,coinbase:BTC-USD,D,10.56,USD,2026-08-19T19:37:17.625588+00:00,posted
coinbase:1073147170,coinbase:BTC-USD,D,999.24,USD,2026-08-19T23:31:32.420061+00:00,posted
coinbase:1073147171,coinbase:BTC-USD,D,140.34,USD,2026-08-19T21:18:37.912521+00:00,posted
coinbase:1073147172,coinbase:BTC-USD,C,0.00,USD,2026-08-19T23:52:11.247862+00:00,posted
coinbase:1073147174,coinbase:BTC-USD,D,6418.02,USD,2026-08-19T21:49:13.519564+00:00,posted
coinbase:1073147175,coinbase:BTC-USD,D,4.62,USD,2026-08-19T20:35:29.053183+00:00,posted
coinbase:1073147180,coinbase:BTC-USD,D,686.50,USD,2026-08-19T23:08:37.511783+00:00,posted
coinbase:1073147179,coinbase:BTC-USD,D,1.17,USD,2026-08-19T20:37:56.230225+00:00,posted
coinbase:1073147178,coinbase:BTC-USD,D,0.08,USD,2026-08-19T21:42:19.621238+00:00,posted
coinbase:1073147177,coinbase:BTC-USD,D,0.24,USD,2026-08-19T22:05:53.656310+00:00,posted
coinbase:1073147176,coinbase:BTC-USD,D,0.08,USD,2026-08-19T19:24:34.536185+00:00,posted
coinbase:1073147182,coinbase:BTC-USD,D,32.89,USD,2026-08-19T20:27:45.005090+00:00,posted
coinbase:1073147181,coinbase:BTC-USD,D,1.17,USD,2026-08-19T22:40:15.865278+00:00,posted
coinbase:1073147183,coinbase:BTC-USD,D,602.54,USD,2026-08-19T19:14:39.634899+00:00,posted
coinbase:1073147184,coinbase:BTC-USD,D,47.96,USD,2026-08-21T22:13:41.115326+00:00,posted
coinbase:1073147185,coinbase:BTC-USD,D,40.10,USD,2026-08-19T20:25:53.088606+00:00,posted
coinbase:1073147186,coinbase:BTC-USD,D,34.33,USD,2026-08-19T19:43:46.293434+00:00,posted
coinbase:1073147187,coinbase:BTC-USD,D,1728.24,USD,2026-08-19T18:58:21.465198+00:00,posted
coinbase:1073147188,coinbase:BTC-USD,D,18.34,USD,2026-08-19T19:16:34.605493+00:00,posted
coinbase:1073147189,coinbase:BTC-USD,D,31.45,USD,2026-08-19T23:09:41.745032+00:00,posted
binance:6582450362,binance:BTCUSDT,D,50.14,USD,2026-08-19T19:36:51.784988+00:00,posted
coinbase:1073147190,coinbase:BTC-USD,D,541.05,USD,2026-08-19T21:25:33.789485+00:00,posted
binance:6582450363,binance:BTCUSDT,C,100.27,USD,2026-08-19T20:28:26.148437+00:00,posted
binance:6582450380,binance:BTCUSDT,C,10.99,USD,2026-08-19T22:59:56.777665+00:00,posted
binance:6582450382,binance:BTCUSDT,C,10.99,USD,2026-08-21T19:02:31.181969+00:00,posted
binance:6582450384,binance:BTCUSDT,C,5.49,USD,2026-08-19T19:53:43.750779+00:00,posted
binance:6582450385,binance:BTCUSDT,C,5.49,USD,2026-08-19T18:47:22.421411+00:00,posted
binance:6582450386,binance:BTCUSDT,C,10.99,USD,2026-08-19T22:32:44.682149+00:00,posted
binance:6582450388,binance:BTCUSDT,C,16.48,USD,2026-08-19T19:14:45.148654+00:00,posted
binance:6582450391,binance:BTCUSDT,D,6.87,USD,2026-08-19T19:01:14.619446+00:00,posted
coinbase:1073147191,coinbase:BTC-USD,D,1.17,USD,2026-08-19T22:23:28.942443+00:00,posted
coinbase:1073147193,coinbase:BTC-USD,D,3486.95,USD,2026-08-19T21:56:36.855326+00:00,posted
coinbase:1073147192,coinbase:BTC-USD,D,1.17,USD,2026-08-19T23:40:25.455177+00:00,posted
coinbase:1073147194,coinbase:BTC-USD,D,0.01,USD,2026-08-19T19:49:33.577730+00:00,posted
coinbase:1073147197,coinbase:BTC-USD,D,72.43,USD,2026-08-19T20:31:20.379831+00:00,posted
coinbase:1073147196,coinbase:BTC-USD,D,0.12,USD,2026-08-19T19:24:50.700586+00:00,posted
binance:6582450392,binance:BTCUSDT,C,6.87,USD,2026-08-19T21:35:39.683107+00:00,posted
binance:6582450394,binance:BTCUSDT,D,390.78,USD,2026-08-19T20:41:37.676131+00:00,posted
coinbase:1073147199,coinbase:BTC-USD,C,0.00,USD,2026-08-19T19:32:44.301234+00:00,posted
binance:6582450395,binance:BTCUSDT,C,9098.53,USD,2026-08-19T20:19:30.198381+00:00,posted
binance:6582450410,binance:BTCUSDT,C,10.99,USD,2026-08-19T19:09:32.106850+00:00,posted
binance:6582450418,binance:BTCUSDT,C,5.49,USD,2026-08-19T19:28:56.965241+00:00,posted
binance:6582450420,binance:BTCUSDT,C,11.67,USD,2026-08-21T14:44:14.780772+00:00,posted
binance:6582450422,binance:BTCUSDT,C,16.48,USD,2026-08-19T22:02:44.702978+00:00,posted
binance:6582450425,binance:BTCUSDT,C,78.29,USD,2026-08-19T23:21:57.759195+00:00,posted
binance:6582450439,binance:BTCUSDT,C,27.47,USD,2026-08-19T22:09:24.549686+00:00,posted
binance:6582450444,binance:BTCUSDT,C,5.49,USD,2026-08-19T23:15:46.857185+00:00,posted
binance:6582450445,binance:BTCUSDT,C,12.36,USD,2026-08-19T22:27:24.737256+00:00,posted
binance:6582450446,binance:BTCUSDT,C,10.99,USD,2026-08-20T00:07:20.407400+00:00,posted
binance:6582450448,binance:BTCUSDT,C,5.49,USD,2026-08-19T21:19:42.274188+00:00,posted
binance:6582450449,binance:BTCUSDT,C,4110.13,USD,2026-08-19T23:14:15.956151+00:00,posted
binance:6582450450,binance:BTCUSDT,C,5.49,USD,2026-08-19T21:20:33.368927+00:00,posted
binance:6582450451,binance:BTCUSDT,C,94.77,USD,2026-08-19T22:31:54.175901+00:00,posted
binance:6582450468,binance:BTCUSDT,C,43.95,USD,2026-08-19T21:19:36.363972+00:00,posted
coinbase:1073147201,coinbase:BTC-USD,D,3486.62,USD,2026-08-19T19:59:52.716083+00:00,posted
coinbase:1073147200,coinbase:BTC-USD,D,1.17,USD,2026-08-19T22:09:37.039223+00:00,posted
coinbase:1073147202,coinbase:BTC-USD,C,0.00,USD,2026-08-19T20:55:24.786782+00:00,posted
coinbase:1073147203,coinbase:BTC-USD,D,0.02,USD,2026-08-19T22:25:32.281964+00:00,posted
binance:6582450476,binance:BTCUSDT,D,10.99,USD,2026-08-19T23:37:13.313027+00:00,posted
coinbase:1073147204,coinbase:BTC-USD,C,0.00,USD,2026-08-19T18:56:01.056471+00:00,posted
coinbase:1073147205,coinbase:BTC-USD,D,0.00,USD,2026-08-19T20:42:00.380377+00:00,posted
binance:6582450477,binance:BTCUSDT,C,1185.96,USD,2026-08-19T19:42:23.746587+00:00,posted
binance:6582450491,binance:BTCUSDT,C,21.97,USD,2026-08-19T22:05:29.792582+00:00,posted
binance:6582450495,binance:BTCUSDT,D,91.33,USD,2026-08-19T19:19:59.956764+00:00,posted
coinbase:1073147206,coinbase:BTC-USD,C,0.00,USD,2026-08-19T23:08:57.841741+00:00,posted
binance:6582450496,binance:BTCUSDT,D,5.49,USD,2026-08-19T22:20:21.262973+00:00,posted
coinbase:1073147207,coinbase:BTC-USD,C,52.15,USD,2026-08-19T21:41:50.538057+00:00,posted
coinbase:1073147208,coinbase:BTC-USD,C,0.00,USD,2026-08-19T21:02:28.382099+00:00,posted
binance:6582450497,binance:BTCUSDT,D,999.17,USD,2026-08-19T21:46:51.708542+00:00,posted
binance:6582450498,binance:BTCUSDT,C,89.96,USD,2026-08-19T20:52:41.888884+00:00,posted
coinbase:1073147209,coinbase:BTC-USD,C,0.00,USD,2026-08-19T23:14:37.959067+00:00,posted
coinbase:1073147210,coinbase:BTC-USD,D,0.71,USD,2026-08-19T23:04:52.050968+00:00,posted
binance:6582450499,binance:BTCUSDT,C,26.78,USD,2026-08-19T23:05:51.785058+00:00,posted
coinbase:1073147211,coinbase:BTC-USD,D,0.00,USD,2026-08-19T20:03:58.583554+00:00,posted
binance:6582450500,binance:BTCUSDT,D,480.70,USD,2026-08-19T19:11:45.050171+00:00,posted
binance:6582450501,binance:BTCUSDT,C,99.57,USD,2026-08-19T21:55:31.712158+00:00,posted
coinbase:1073147212,coinbase:BTC-USD,D,0.01,USD,2026-08-19T22:01:27.676787+00:00,posted
binance:6582450502,binance:BTCUSDT,D,2746.85,USD,2026-08-19T21:49:13.608484+00:00,posted
binance:6582450503,binance:BTCUSDT,D,6.87,USD,2026-08-19T19:44:11.117244+00:00,posted
binance:6582450504,binance:BTCUSDT,D,1373.42,USD,2026-08-19T19:09:01.109170+00:00,posted
binance:6582450505,binance:BTCUSDT,D,686.71,USD,2026-08-22T07:17:31.014869+00:00,posted
binance:6582450506,binance:BTCUSDT,D,2746.85,USD,2026-08-19T21:29:09.936918+00:00,posted
coinbase:1073147213,coinbase:BTC-USD,C,926.54,USD,2026-08-19T19:15:55.474289+00:00,posted
coinbase:1073147218,coinbase:BTC-USD,C,420.01,USD,2026-08-19T23:38:50.699570+00:00,posted
coinbase:1073147217,coinbase:BTC-USD,C,1000.00,USD,2026-08-19T22:15:58.350982+00:00,posted
coinbase:1073147215,coinbase:BTC-USD,C,7.94,USD,2026-08-19T19:35:17.406495+00:00,posted
coinbase:1073147214,coinbase:BTC-USD,C,2352.40,USD,2026-08-19T20:54:44.577819+00:00,posted
coinbase:1073147219,coinbase:BTC-USD,C,420.01,USD,2026-08-19T19:50:37.128694+00:00,posted
binance:6582450514,binance:BTCUSDT,D,139.40,USD,2026-08-19T20:30:31.565802+00:00,posted
binance:6582450537,binance:BTCUSDT,D,5.49,USD,2026-08-19T23:47:24.375452+00:00,posted
binance:6582450538,binance:BTCUSDT,D,10.99,USD,2026-08-19T23:57:20.930290+00:00,posted
binance:6582450540,binance:BTCUSDT,D,21.98,USD,2026-08-20T00:10:18.021010+00:00,posted
binance:6582450544,binance:BTCUSDT,D,5.49,USD,2026-08-19T19:15:30.821611+00:00,posted
binance:6582450550,binance:BTCUSDT,D,27.47,USD,2026-08-19T20:59:26.039838+00:00,posted
binance:6582450555,binance:BTCUSDT,D,5.49,USD,2026-08-19T20:23:07.787325+00:00,posted
binance:6582450556,binance:BTCUSDT,D,21.98,USD,2026-08-19T21:47:10.856705+00:00,posted
binance:6582450560,binance:BTCUSDT,D,16.48,USD,2026-08-19T19:22:14.957675+00:00,posted
coinbase:1073147220,coinbase:BTC-USD,D,0.01,USD,2026-08-19T18:56:20.399533+00:00,posted
kraken:105348451,kraken:XBTUSD,D,50.00,USD,2026-08-19T22:00:48.243276+00:00,posted
kraken:105348452,kraken:XBTUSD,D,2243.35,USD,2026-08-19T22:40:56.116863+00:00,posted
kraken:105348453,kraken:XBTUSD,D,2706.65,USD,2026-08-19T21:09:39.761517+00:00,posted
binance:6582450563,binance:BTCUSDT,D,78.97,USD,2026-08-19T19:43:16.535104+00:00,posted
binance:6582450577,binance:BTCUSDT,D,5.49,USD,2026-08-19T21:49:20.362260+00:00,posted
binance:6582450578,binance:BTCUSDT,D,10.99,USD,2026-08-19T20:44:56.715195+00:00,posted
binance:6582450580,binance:BTCUSDT,D,199.84,USD,2026-08-19T20:21:14.738260+00:00,posted
binance:6582450581,binance:BTCUSDT,D,16.48,USD,2026-08-19T19:27:28.888239+00:00,posted
binance:6582450586,binance:BTCUSDT,D,16.48,USD,2026-08-19T19:33:34.133552+00:00,posted
binance:6582450589,binance:BTCUSDT,D,613.28,USD,2026-08-19T22:23:09.963597+00:00,posted
binance:6582450590,binance:BTCUSDT,D,1373.52,USD,2026-08-19T19:30:51.374762+00:00,posted
binance:6582450591,binance:BTCUSDT,D,686.76,USD,2026-08-19T23:12:00.658970+00:00,posted
binance:6582450592,binance:BTCUSDT,D,39.83,USD,2026-08-19T23:40:55.952889+00:00,posted
binance:6582450599,binance:BTCUSDT,D,5.49,USD,2026-08-19T23:53:03.178047+00:00,posted
binance:6582450600,binance:BTCUSDT,D,16.48,USD,2026-08-19T21:16:00.028312+00:00,posted
binance:6582450603,binance:BTCUSDT,D,16.48,USD,2026-08-19T23:16:40.434213+00:00,posted
binance:6582450606,binance:BTCUSDT,D,27.47,USD,2026-08-19T20:00:32.690185+00:00,posted
binance:6582450611,binance:BTCUSDT,D,5.49,USD,2026-08-19T18:48:30.133832+00:00,posted
binance:6582450612,binance:BTCUSDT,D,604.35,USD,2026-08-19T22:47:15.106925+00:00,posted
binance:6582450616,binance:BTCUSDT,D,43.27,USD,2026-08-19T20:14:54.182873+00:00,posted
binance:6582450624,binance:BTCUSDT,D,5.49,USD,2026-08-22T03:42:37.670481+00:00,posted
binance:6582450625,binance:BTCUSDT,D,199.85,USD,2026-08-19T22:38:39.698343+00:00,posted
binance:6582450626,binance:BTCUSDT,D,10.99,USD,2026-08-19T21:24:57.375592+00:00,posted
binance:6582450628,binance:BTCUSDT,D,16.48,USD,2026-08-19T19:32:56.356102+00:00,posted
binance:6582450631,binance:BTCUSDT,D,32.97,USD,2026-08-20T00:10:37.892143+00:00,posted
binance:6582450637,binance:BTCUSDT,D,39.83,USD,2026-08-19T23:03:04.653382+00:00,posted
binance:6582450644,binance:BTCUSDT,D,5.49,USD,2026-08-19T19:11:52.076118+00:00,posted
binance:6582450645,binance:BTCUSDT,D,27.47,USD,2026-08-19T19:15:14.268745+00:00,posted
binance:6582450650,binance:BTCUSDT,D,16.48,USD,2026-08-19T22:50:48.415991+00:00,posted
coinbase:1073147222,coinbase:BTC-USD,C,1.17,USD,2026-08-19T19:11:49.056803+00:00,posted
coinbase:1073147221,coinbase:BTC-USD,C,1940.93,USD,2026-08-19T23:09:25.379984+00:00,posted
binance:6582450653,binance:BTCUSDT,D,61.81,USD,2026-08-19T19:03:27.965588+00:00,posted
binance:6582450664,binance:BTCUSDT,D,5.49,USD,2026-08-19T23:02:57.872238+00:00,posted
binance:6582450665,binance:BTCUSDT,D,27.47,USD,2026-08-19T21:35:13.764586+00:00,posted
binance:6582450670,binance:BTCUSDT,D,72.80,USD,2026-08-19T22:48:12.563039+00:00,posted
binance:6582450683,binance:BTCUSDT,D,16.48,USD,2026-08-20T00:03:02.544789+00:00,posted
binance:6582450686,binance:BTCUSDT,D,590.64,USD,2026-08-19T20:21:29.366176+00:00,posted
binance:6582450687,binance:BTCUSDT,D,1254.09,USD,2026-08-19T22:45:57.079939+00:00,posted
binance:6582450696,binance:BTCUSDT,D,5.49,USD,2026-08-19T19:06:19.111710+00:00,posted
binance:6582450697,binance:BTCUSDT,D,11.68,USD,2026-08-19T19:41:50.808971+00:00,posted
binance:6582450699,binance:BTCUSDT,D,10.99,USD,2026-08-19T20:20:41.989957+00:00,posted
binance:6582450701,binance:BTCUSDT,D,45.33,USD,2026-08-22T11:08:12.782246+00:00,posted
binance:6582450709,binance:BTCUSDT,D,5.49,USD,2026-08-19T19:29:47.309504+00:00,posted
binance:6582450710,binance:BTCUSDT,D,16.48,USD,2026-08-19T23:29:08.638005+00:00,posted
binance:6582450720,binance:BTCUSDT,D,5.49,USD,2026-08-19T19:43:40.398184+00:00,posted
binance:6582450721,binance:BTCUSDT,D,7.55,USD,2026-08-19T19:35:55.529147+00:00,posted
binance:6582450722,binance:BTCUSDT,D,5.49,USD,2026-08-19T23:12:38.289688+00:00,posted
binance:6582450723,binance:BTCUSDT,D,50.82,USD,2026-08-19T22:37:18.394477+00:00,posted
binance:6582450732,binance:BTCUSDT,D,5.49,USD,2026-08-19T23:09:50.617727+00:00,posted
binance:6582450733,binance:BTCUSDT,D,39.84,USD,2026-08-22T15:05:48.210492+00:00,posted
binance:6582450740,binance:BTCUSDT,D,5.49,USD,2026-08-19T21:29:42.833856+00:00,posted
binance:6582450741,binance:BTCUSDT,D,39.84,USD,2026-08-19T23:00:16.345225+00:00,posted
binance:6582450748,binance:BTCUSDT,D,5.49,USD,2026-08-19T21:11:18.726166+00:00,posted
binance:6582450749,binance:BTCUSDT,D,34.34,USD,2026-08-19T19:55:38.028600+00:00,posted
binance:6582450755,binance:BTCUSDT,D,5.49,USD,2026-08-19T20:39:55.564245+00:00,posted
binance:6582450756,binance:BTCUSDT,D,16.48,USD,2026-08-19T22:55:21.646843+00:00,posted
coinbase:1073147224,coinbase:BTC-USD,C,1.17,USD,2026-08-19T19:41:21.587073+00:00,posted
kraken:105348454,kraken:XBTUSD,D,1736.93,USD,2026-08-19T20:25:30.284380+00:00,posted
kraken:105348455,kraken:XBTUSD,D,37328.15,USD,2026-08-19T22:54:21.286699+00:00,posted
kraken:105348456,kraken:XBTUSD,D,16.96,USD,2026-08-19T20:51:23.270932+00:00,posted
kraken:105348457,kraken:XBTUSD,D,11638.19,USD,2026-08-19T21:22:40.088907+00:00,posted
coinbase:1073147227,coinbase:BTC-USD,C,691.62,USD,2026-08-19T23:33:14.725914+00:00,posted
coinbase:1073147225,coinbase:BTC-USD,C,1.17,USD,2026-08-19T21:14:09.875092+00:00,posted
binance:6582450759,binance:BTCUSDT,D,295.33,USD,2026-08-20T00:03:26.349912+00:00,posted
binance:6582450761,binance:BTCUSDT,C,18.54,USD,2026-08-19T18:59:35.601778+00:00,posted
binance:6582450762,binance:BTCUSDT,D,6.87,USD,2026-08-19T22:16:24.452195+00:00,posted
binance:6582450763,binance:BTCUSDT,D,4474.67,USD,2026-08-19T21:08:32.840397+00:00,posted
binance:6582450778,binance:BTCUSDT,D,5.49,USD,2026-08-19T23:29:18.922329+00:00,posted
binance:6582450779,binance:BTCUSDT,D,11.68,USD,2026-08-19T20:14:11.818751+00:00,posted
binance:6582450781,binance:BTCUSDT,D,16.48,USD,2026-08-21T13:02:34.850366+00:00,posted
binance:6582450784,binance:BTCUSDT,C,100.28,USD,2026-08-19T22:53:15.511053+00:00,posted
binance:6582450785,binance:BTCUSDT,D,929.31,USD,2026-08-19T22:00:20.253964+00:00,posted
binance:6582450804,binance:BTCUSDT,D,5.49,USD,2026-08-19T20:37:24.163741+00:00,posted
binance:6582450805,binance:BTCUSDT,D,5.49,USD,2026-08-19T19:45:25.862717+00:00,posted
binance:6582450806,binance:BTCUSDT,D,5.49,USD,2026-08-19T22:28:04.989823+00:00,posted
binance:6582450807,binance:BTCUSDT,D,10.99,USD,2026-08-19T18:50:00.348938+00:00,posted
binance:6582450809,binance:BTCUSDT,D,16.48,USD,2026-08-21T15:40:22.325737+00:00,posted
binance:6582450812,binance:BTCUSDT,D,3921.37,USD,2026-08-19T20:19:32.793978+00:00,posted
binance:6582450813,binance:BTCUSDT,D,206.06,USD,2026-08-19T18:53:52.875363+00:00,posted
coinbase:1073147228,coinbase:BTC-USD,D,0.00,USD,2026-08-22T01:47:05.180825+00:00,posted
coinbase:1073147229,coinbase:BTC-USD,C,0.00,USD,2026-08-19T23:59:43.545878+00:00,posted
coinbase:1073147230,coinbase:BTC-USD,D,0.00,USD,2026-08-19T22:39:43.905226+00:00,posted
coinbase:1073147231,coinbase:BTC-USD,D,0.00,USD,2026-08-19T23:28:41.564544+00:00,posted
coinbase:1073147232,coinbase:BTC-USD,D,0.01,USD,2026-08-19T22:22:40.652629+00:00,posted
coinbase:1073147233,coinbase:BTC-USD,C,0.00,USD,2026-08-19T21:52:52.201397+00:00,posted
coinbase:1073147234,coinbase:BTC-USD,C,15.77,USD,2026-08-19T23:41:44.901136+00:00,posted
coinbase:1073147235,coinbase:BTC-USD,C,0.00,USD,2026-08-19T20:09:40.279992+00:00,posted
coinbase:1073147237,coinbase:BTC-USD,C,1944.58,USD,2026-08-19T23:55:00.667093+00:00,posted
coinbase:1073147236,coinbase:BTC-USD,C,3005.09,USD,2026-08-19T23:50:33.631046+00:00,posted
binance:6582450818,binance:BTCUSDT,D,2060.63,USD,2026-08-19T21:06:58.652298+00:00,posted
coinbase:1073147238,coinbase:BTC-USD,C,0.00,USD,2026-08-19T23:00:08.061658+00:00,posted
coinbase:1073147251,coinbase:BTC-USD,D,9462.35,USD,2026-08-19T19:39:31.358181+00:00,posted
coinbase:1073147250,coinbase:BTC-USD,D,31905.88,USD,2026-08-19T20:54:18.521223+00:00,posted
coinbase:1073147249,coinbase:BTC-USD,D,19047.81,USD,2026-08-19T20:11:17.555149+00:00,posted
coinbase:1073147248,coinbase:BTC-USD,D,12792.09,USD,2026-08-19T19:44:47.434589+00:00,posted
coinbase:1073147247,coinbase:BTC-USD,D,524.95,USD,2026-08-19T22:07:28.408076+00:00,posted
coinbase:1073147246,coinbase:BTC-USD,D,419.98,USD,2026-08-19T21:28:27.165184+00:00,posted
coinbase:1073147245,coinbase:BTC-USD,D,2126.38,USD,2026-08-19T22:59:44.835755+00:00,posted
coinbase:1073147244,coinbase:BTC-USD,D,1373.14,USD,2026-08-19T22:18:22.526460+00:00,posted
coinbase:1073147243,coinbase:BTC-USD,D,420.00,USD,2026-08-19T22:42:09.357045+00:00,posted
coinbase:1073147242,coinbase:BTC-USD,D,1373.14,USD,2026-08-21T21:41:32.770695+00:00,posted
coinbase:1073147241,coinbase:BTC-USD,D,1.40,USD,2026-08-19T21:13:12.895390+00:00,posted
coinbase:1073147240,coinbase:BTC-USD,D,3920.32,USD,2026-08-19T19:35:11.745408+00:00,posted
coinbase:1073147239,coinbase:BTC-USD,D,13.73,USD,2026-08-19T23:53:55.726480+00:00,posted
binance:6582450824,binance:BTCUSDT,D,686.88,USD,2026-08-19T20:13:59.936326+00:00,posted
binance:6582450825,binance:BTCUSDT,D,1373.75,USD,2026-08-19T23:44:35.921360+00:00,posted
coinbase:1073147252,coinbase:BTC-USD,D,51.59,USD,2026-08-19T21:36:09.099378+00:00,posted
coinbase:1073147253,coinbase:BTC-USD,C,0.00,USD,2026-08-19T21:28:00.154205+00:00,posted
coinbase:1073147254,coinbase:BTC-USD,C,69.22,USD,2026-08-19T23:24:36.972150+00:00,posted
binance:6582450826,binance:BTCUSDT,C,8.93,USD,2026-08-19T23:05:15.407761+00:00,posted
binance:6582450827,binance:BTCUSDT,D,206.06,USD,2026-08-19T18:47:10.361734+00:00,posted
coinbase:1073147255,coinbase:BTC-USD,C,0.00,USD,2026-08-19T23:16:00.814123+00:00,posted
binance:6582450828,binance:BTCUSDT,C,10000.24,USD,2026-08-19T21:53:16.417933+00:00,posted
binance:6582450832,binance:BTCUSDT,C,6.87,USD,2026-08-19T20:44:31.594867+00:00,posted
coinbase:1073147257,coinbase:BTC-USD,D,7840.52,USD,2026-08-19T20:58:17.222819+00:00,posted
coinbase:1073147256,coinbase:BTC-USD,D,420.00,USD,2026-08-20T00:02:29.762769+00:00,posted
coinbase:1073147258,coinbase:BTC-USD,C,0.00,USD,2026-08-22T16:23:32.996076+00:00,posted
coinbase:1073147259,coinbase:BTC-USD,D,0.00,USD,2026-08-22T07:03:37.709422+00:00,posted
coinbase:1073147260,coinbase:BTC-USD,D,0.00,USD,2026-08-19T19:44:22.158401+00:00,posted
coinbase:1073147261,coinbase:BTC-USD,C,474.08,USD,2026-08-19T20:24:42.762402+00:00,posted
binance:6582450834,binance:BTCUSDT,D,299.48,USD,2026-08-19T19:21:19.160732+00:00,posted
coinbase:1073147262,coinbase:BTC-USD,D,0.00,USD,2026-08-19T21:26:37.971456+00:00,posted
coinbase:1073147263,coinbase:BTC-USD,C,0.00,USD,2026-08-19T21:10:37.317255+00:00,posted
binance:6582450835,binance:BTCUSDT,C,13.05,USD,2026-08-20T19:48:48.332047+00:00,posted
coinbase:1073147265,coinbase:BTC-USD,D,7839.88,USD,2026-08-19T21:27:32.083031+00:00,posted
coinbase:1073147266,coinbase:BTC-USD,D,1.17,USD,2026-08-19T23:13:58.552410+00:00,posted
binance:6582450838,binance:BTCUSDT,C,4097.91,USD,2026-08-19T18:51:30.470062+00:00,posted
kraken:105348458,kraken:XBTUSD,D,418.58,USD,2026-08-19T20:37:32.269457+00:00,posted
coinbase:1073147267,coinbase:BTC-USD,C,0.00,USD,2026-08-19T20:59:54.508215+00:00,posted
binance:6582450853,binance:BTCUSDT,D,34343.85,USD,2026-08-19T22:21:51.682704+00:00,posted
binance:6582450868,binance:BTCUSDT,C,221.86,USD,2026-08-19T23:56:19.269834+00:00,posted
coinbase:1073147268,coinbase:BTC-USD,C,0.00,USD,2026-08-19T21:43:09.568969+00:00,posted
kraken:105348459,kraken:XBTUSD,C,50.00,USD,2026-08-19T20:02:58.825608+00:00,posted
kraken:105348460,kraken:XBTUSD,C,68.65,USD,2026-08-19T22:21:51.573773+00:00,posted
kraken:105348461,kraken:XBTUSD,C,250.00,USD,2026-08-19T23:49:02.487244+00:00,posted
kraken:105348462,kraken:XBTUSD,C,3.50,USD,2026-08-19T18:50:50.140601+00:00,posted
kraken:105348463,kraken:XBTUSD,C,333.12,USD,2026-08-19T23:44:38.024085+00:00,posted
kraken:105348464,kraken:XBTUSD,C,3.50,USD,2026-08-19T19:18:12.095903+00:00,posted
kraken:105348465,kraken:XBTUSD,C,3.50,USD,2026-08-19T23:21:45.682251+00:00,posted
kraken:105348466,kraken:XBTUSD,C,23.96,USD,2026-08-19T21:30:09.150774+00:00,posted
kraken:105348467,kraken:XBTUSD,C,31043.75,USD,2026-08-19T19:58:53.045523+00:00,posted
kraken:105348468,kraken:XBTUSD,C,21514.44,USD,2026-08-19T21:06:44.696529+00:00,posted
binance:6582450869,binance:BTCUSDT,C,87.92,USD,2026-08-20T00:10:13.163505+00:00,posted
coinbase:1073147269,coinbase:BTC-USD,C,0.00,USD,2026-08-19T20:33:05.695121+00:00,posted
coinbase:1073147271,coinbase:BTC-USD,D,98.05,USD,2026-08-19T21:56:10.073246+00:00,posted
coinbase:1073147270,coinbase:BTC-USD,D,1.17,USD,2026-08-19T23:22:07.182866+00:00,posted
coinbase:1073147272,coinbase:BTC-USD,D,0.00,USD,2026-08-19T22:58:17.654633+00:00,posted
binance:6582450870,binance:BTCUSDT,D,165.54,USD,2026-08-19T20:36:48.922808+00:00,posted
binance:6582450871,binance:BTCUSDT,C,590.71,USD,2026-08-19T19:32:42.474692+00:00,posted
binance:6582450872,binance:BTCUSDT,C,4016.86,USD,2026-08-19T22:35:52.642556+00:00,posted
binance:6582450873,binance:BTCUSDT,C,14732.82,USD,2026-08-19T21:10:51.477999+00:00,posted
binance:6582450889,binance:BTCUSDT,C,5.50,USD,2026-08-19T18:59:31.824108+00:00,posted
binance:6582450890,binance:BTCUSDT,C,38.46,USD,2026-08-21T23:39:55.879118+00:00,posted
binance:6582450897,binance:BTCUSDT,C,27.47,USD,2026-08-19T18:51:15.467460+00:00,posted
binance:6582450902,binance:BTCUSDT,C,16.48,USD,2026-08-19T18:48:11.708655+00:00,posted
binance:6582450905,binance:BTCUSDT,C,54.95,USD,2026-08-19T19:15:30.984552+00:00,posted
binance:6582450915,binance:BTCUSDT,C,13.74,USD,2026-08-21T21:32:31.700805+00:00,posted
binance:6582450918,binance:BTCUSDT,C,42.58,USD,2026-08-19T23:12:32.743704+00:00,posted
binance:6582450926,binance:BTCUSDT,C,10.99,USD,2026-08-19T22:34:34.684951+00:00,posted
binance:6582450928,binance:BTCUSDT,C,5.49,USD,2026-08-19T22:17:14.538934+00:00,posted
binance:6582450929,binance:BTCUSDT,C,10.99,USD,2026-08-19T21:02:04.210225+00:00,posted
binance:6582450931,binance:BTCUSDT,C,232.83,USD,2026-08-19T22:07:34.655175+00:00,posted
binance:6582450932,binance:BTCUSDT,C,330.36,USD,2026-08-19T22:08:04.596390+00:00,posted
binance:6582450939,binance:BTCUSDT,C,552.21,USD,2026-08-21T08:43:33.340669+00:00,posted
coinbase:1073147273,coinbase:BTC-USD,C,0.00,USD,2026-08-22T01:57:39.692033+00:00,posted
binance:6582450940,binance:BTCUSDT,C,847.54,USD,2026-08-20T00:11:40.777790+00:00,posted
binance:6582450954,binance:BTCUSDT,C,311.82,USD,2026-08-19T22:10:20.662610+00:00,posted
binance:6582450959,binance:BTCUSDT,C,21.98,USD,2026-08-20T00:11:44.314029+00:00,posted
binance:6582450962,binance:BTCUSDT,C,10.99,USD,2026-08-19T21:19:17.504940+00:00,posted
binance:6582450964,binance:BTCUSDT,C,10.99,USD,2026-08-19T19:54:46.580317+00:00,posted
binance:6582450966,binance:BTCUSDT,C,5.49,USD,2026-08-19T22:32:13.854337+00:00,posted
binance:6582450967,binance:BTCUSDT,C,10.99,USD,2026-08-19T21:22:39.402229+00:00,posted
binance:6582450969,binance:BTCUSDT,C,10.99,USD,2026-08-19T22:27:14.852176+00:00,posted
binance:6582450971,binance:BTCUSDT,C,16.48,USD,2026-08-19T19:55:15.905106+00:00,posted
coinbase:1073147275,coinbase:BTC-USD,D,3119.90,USD,2026-08-19T22:09:39.074173+00:00,posted
coinbase:1073147274,coinbase:BTC-USD,D,7562.92,USD,2026-08-19T21:15:38.374063+00:00,posted
coinbase:1073147276,coinbase:BTC-USD,D,18.60,USD,2026-08-21T20:03:41.969919+00:00,posted
binance:6582450974,binance:BTCUSDT,C,2060.41,USD,2026-08-19T18:55:41.641458+00:00,posted
binance:6582450975,binance:BTCUSDT,D,4.81,USD,2026-08-19T19:09:29.227070+00:00,posted
coinbase:1073147277,coinbase:BTC-USD,D,0.00,USD,2026-08-19T21:12:53.684728+00:00,posted
coinbase:1073147278,coinbase:BTC-USD,D,0.00,USD,2026-08-19T21:04:23.751564+00:00,posted
coinbase:1073147281,coinbase:BTC-USD,D,2980.93,USD,2026-08-19T23:42:34.053100+00:00,posted
coinbase:1073147280,coinbase:BTC-USD,D,2617.38,USD,2026-08-19T19:22:26.903301+00:00,posted
coinbase:1073147279,coinbase:BTC-USD,D,4548.92,USD,2026-08-19T20:04:21.216070+00:00,posted
coinbase:1073147282,coinbase:BTC-USD,D,106.20,USD,2026-08-19T19:52:05.399786+00:00,posted
coinbase:1073147283,coinbase:BTC-USD,C,971.88,USD,2026-08-19T19:10:22.192915+00:00,posted
coinbase:1073147285,coinbase:BTC-USD,D,1.17,USD,2026-08-19T19:57:26.393797+00:00,posted
coinbase:1073147286,coinbase:BTC-USD,D,69.03,USD,2026-08-19T19:44:52.031817+00:00,posted
coinbase:1073147287,coinbase:BTC-USD,C,0.00,USD,2026-08-19T21:17:09.714296+00:00,posted
coinbase:1073147288,coinbase:BTC-USD,C,0.00,USD,2026-08-19T20:44:26.700288+00:00,posted
coinbase:1073147289,coinbase:BTC-USD,D,0.00,USD,2026-08-19T20:36:57.401109+00:00,posted
binance:6582450976,binance:BTCUSDT,D,331.73,USD,2026-08-19T19:31:09.484687+00:00,posted
binance:6582450977,binance:BTCUSDT,C,1668.93,USD,2026-08-19T21:17:26.751714+00:00,posted
binance:6582450992,binance:BTCUSDT,C,590.65,USD,2026-08-19T20:39:29.693963+00:00,posted
binance:6582450993,binance:BTCUSDT,C,20055.99,USD,2026-08-19T22:05:18.881460+00:00,posted
binance:6582451001,binance:BTCUSDT,C,32.97,USD,2026-08-19T22:16:39.273435+00:00,posted
binance:6582451007,binance:BTCUSDT,C,13.74,USD,2026-08-19T19:42:11.613585+00:00,posted
binance:6582451010,binance:BTCUSDT,C,21.29,USD,2026-08-19T23:28:15.970631+00:00,posted
binance:6582451014,binance:BTCUSDT,C,6.18,USD,2026-08-21T17:45:02.966272+00:00,posted
binance:6582451015,binance:BTCUSDT,C,6.18,USD,2026-08-19T22:01:20.192252+00:00,posted
binance:6582451016,binance:BTCUSDT,C,16.48,USD,2026-08-19T20:18:14.474391+00:00,posted
binance:6582451019,binance:BTCUSDT,C,50.82,USD,2026-08-19T22:49:03.235411+00:00,posted
binance:6582451028,binance:BTCUSDT,C,5.49,USD,2026-08-19T20:34:07.353757+00:00,posted
binance:6582451029,binance:BTCUSDT,C,16.48,USD,2026-08-19T23:40:24.982037+00:00,posted
binance:6582451032,binance:BTCUSDT,C,50.13,USD,2026-08-19T19:35:16.496095+00:00,posted
binance:6582451041,binance:BTCUSDT,C,5.49,USD,2026-08-19T18:47:47.432109+00:00,posted
binance:6582451042,binance:BTCUSDT,C,5.49,USD,2026-08-19T18:59:20.057860+00:00,posted
binance:6582451043,binance:BTCUSDT,C,5.49,USD,2026-08-19T22:59:45.302539+00:00,posted
binance:6582451044,binance:BTCUSDT,C,11.67,USD,2026-08-19T23:13:19.283120+00:00,posted
binance:6582451046,binance:BTCUSDT,C,5.49,USD,2026-08-19T19:18:27.280231+00:00,posted
binance:6582451047,binance:BTCUSDT,C,10.99,USD,2026-08-19T19:13:32.108174+00:00,posted
binance:6582451049,binance:BTCUSDT,C,12.36,USD,2026-08-19T22:34:51.460812+00:00,posted
binance:6582451050,binance:BTCUSDT,C,404.50,USD,2026-08-19T19:58:03.424407+00:00,posted
binance:6582451051,binance:BTCUSDT,C,83.78,USD,2026-08-19T20:05:00.350442+00:00,posted
binance:6582451066,binance:BTCUSDT,C,43.95,USD,2026-08-19T18:51:22.332256+00:00,posted
binance:6582451074,binance:BTCUSDT,C,10.99,USD,2026-08-19T19:39:30.611104+00:00,posted
binance:6582451076,binance:BTCUSDT,C,6.87,USD,2026-08-19T21:54:20.456792+00:00,posted
binance:6582451078,binance:BTCUSDT,C,87.90,USD,2026-08-20T00:08:20.051413+00:00,posted
binance:6582451094,binance:BTCUSDT,C,54.94,USD,2026-08-19T19:31:51.673511+00:00,posted
binance:6582451104,binance:BTCUSDT,C,302.17,USD,2026-08-19T19:47:08.875617+00:00,posted
coinbase:1073147293,coinbase:BTC-USD,D,0.24,USD,2026-08-19T18:46:33.965412+00:00,posted
coinbase:1073147292,coinbase:BTC-USD,D,0.08,USD,2026-08-19T20:53:07.574668+00:00,posted
coinbase:1073147291,coinbase:BTC-USD,D,7838.69,USD,2026-08-19T21:41:19.187637+00:00,posted
coinbase:1073147290,coinbase:BTC-USD,D,2069.65,USD,2026-08-19T22:54:34.147780+00:00,posted
binance:6582451105,binance:BTCUSDT,C,2060.22,USD,2026-08-19T22:08:14.751510+00:00,posted
coinbase:1073147295,coinbase:BTC-USD,D,0.01,USD,2026-08-19T19:54:28.930540+00:00,posted
kraken:105348469,kraken:XBTUSD,C,6.09,USD,2026-08-19T22:10:52.461339+00:00,posted
binance:6582451114,binance:BTCUSDT,D,63.87,USD,2026-08-19T23:53:45.865659+00:00,posted
binance:6582451115,binance:BTCUSDT,C,85.84,USD,2026-08-19T23:46:25.543461+00:00,posted
coinbase:1073147296,coinbase:BTC-USD,D,0.01,USD,2026-08-19T19:03:08.509090+00:00,posted
binance:6582451116,binance:BTCUSDT,D,3171.36,USD,2026-08-19T21:19:41.756928+00:00,posted
coinbase:1073147297,coinbase:BTC-USD,D,0.02,USD,2026-08-19T21:51:10.847341+00:00,posted
binance:6582451117,binance:BTCUSDT,C,13.05,USD,2026-08-19T19:31:48.301982+00:00,posted
binance:6582451118,binance:BTCUSDT,D,51.51,USD,2026-08-19T21:44:12.624760+00:00,posted
coinbase:1073147298,coinbase:BTC-USD,C,0.00,USD,2026-08-19T22:49:28.161844+00:00,posted
coinbase:1073147299,coinbase:BTC-USD,C,825.86,USD,2026-08-19T23:33:36.600899+00:00,posted
coinbase:1073147300,coinbase:BTC-USD,C,0.00,USD,2026-08-19T22:54:41.079354+00:00,posted
coinbase:1073147301,coinbase:BTC-USD,D,0.00,USD,2026-08-19T20:31:53.436677+00:00,posted
binance:6582451119,binance:BTCUSDT,C,15.11,USD,2026-08-19T21:32:18.974249+00:00,posted
binance:6582451120,binance:BTCUSDT,C,971.74,USD,2026-08-19T19:04:06.727940+00:00,posted
binance:6582451134,binance:BTCUSDT,C,32.96,USD,2026-08-19T21:15:26.150858+00:00,posted
binance:6582451140,binance:BTCUSDT,C,5.49,USD,2026-08-19T23:19:53.704560+00:00,posted
binance:6582451141,binance:BTCUSDT,C,6.18,USD,2026-08-19T21:41:40.128683+00:00,posted
binance:6582451142,binance:BTCUSDT,C,16.48,USD,2026-08-19T23:42:57.553728+00:00,posted
binance:6582451145,binance:BTCUSDT,D,192.28,USD,2026-08-19T20:47:37.718865+00:00,posted
coinbase:1073147302,coinbase:BTC-USD,D,0.00,USD,2026-08-19T22:34:54.271073+00:00,posted
binance:6582451146,binance:BTCUSDT,D,10.99,USD,2026-08-19T23:37:34.435482+00:00,posted
coinbase:1073147303,coinbase:BTC-USD,C,0.00,USD,2026-08-19T23:37:51.254304+00:00,posted
binance:6582451147,binance:BTCUSDT,C,1195.57,USD,2026-08-21T02:51:07.154584+00:00,posted
binance:6582451170,binance:BTCUSDT,C,38.46,USD,2026-08-19T19:11:32.028736+00:00,posted
binance:6582451177,binance:BTCUSDT,C,7.55,USD,2026-08-19T19:23:06.558697+00:00,posted
binance:6582451178,binance:BTCUSDT,C,6.18,USD,2026-08-19T19:35:48.333764+00:00,posted
binance:6582451179,binance:BTCUSDT,C,5.49,USD,2026-08-20T00:00:20.146384+00:00,posted
binance:6582451180,binance:BTCUSDT,C,16.48,USD,2026-08-19T21:22:31.789371+00:00,posted
coinbase:1073147308,coinbase:BTC-USD,D,8465.39,USD,2026-08-19T22:49:35.123857+00:00,posted
coinbase:1073147307,coinbase:BTC-USD,D,8290.71,USD,2026-08-19T23:33:49.996102+00:00,posted
coinbase:1073147306,coinbase:BTC-USD,D,1958.55,USD,2026-08-19T23:58:47.965324+00:00,posted
coinbase:1073147305,coinbase:BTC-USD,D,4790.90,USD,2026-08-19T21:01:59.977072+00:00,posted
coinbase:1073147304,coinbase:BTC-USD,D,1.13,USD,2026-08-19T22:19:20.295111+00:00,posted
binance:6582451183,binance:BTCUSDT,C,1676.25,USD,2026-08-19T22:01:57.001650+00:00,posted
binance:6582451207,binance:BTCUSDT,C,54.94,USD,2026-08-19T23:23:58.303834+00:00,posted
binance:6582451217,binance:BTCUSDT,C,11.67,USD,2026-08-19T20:26:29.358298+00:00,posted
binance:6582451219,binance:BTCUSDT,C,5.49,USD,2026-08-19T23:06:37.623585+00:00,posted
binance:6582451220,binance:BTCUSDT,C,27.47,USD,2026-08-19T20:11:56.675661+00:00,posted
binance:6582451225,binance:BTCUSDT,C,10.99,USD,2026-08-20T00:06:28.864158+00:00,posted
binance:6582451227,binance:BTCUSDT,C,10.99,USD,2026-08-19T19:01:45.442943+00:00,posted
binance:6582451229,binance:BTCUSDT,C,5.49,USD,2026-08-19T21:16:35.873436+00:00,posted
binance:6582451230,binance:BTCUSDT,C,12.36,USD,2026-08-19T23:51:06.334482+00:00,posted
binance:6582451231,binance:BTCUSDT,C,16.48,USD,2026-08-19T20:20:16.410328+00:00,posted
binance:6582451234,binance:BTCUSDT,C,3433.41,USD,2026-08-19T23:23:07.304202+00:00,posted
coinbase:1073147309,coinbase:BTC-USD,C,0.00,USD,2026-08-19T22:26:02.482680+00:00,posted
binance:6582451236,binance:BTCUSDT,C,157.94,USD,2026-08-19T20:04:39.363423+00:00,posted
coinbase:1073147310,coinbase:BTC-USD,C,0.00,USD,2026-08-19T21:11:38.449607+00:00,posted
binance:6582451237,binance:BTCUSDT,C,39.83,USD,2026-08-19T19:53:51.115166+00:00,posted
coinbase:1073147311,coinbase:BTC-USD,C,0.00,USD,2026-08-19T22:25:46.996729+00:00,posted
kraken:105348470,kraken:XBTUSD,C,24.99,USD,2026-08-19T19:34:58.380672+00:00,posted
coinbase:1073147312,coinbase:BTC-USD,C,0.00,USD,2026-08-20T00:08:03.455584+00:00,posted
coinbase:1073147313,coinbase:BTC-USD,C,0.00,USD,2026-08-19T19:26:14.944387+00:00,posted
coinbase:1073147315,coinbase:BTC-USD,C,7.91,USD,2026-08-19T23:58:55.687567+00:00,posted
coinbase:1073147314,coinbase:BTC-USD,C,1457.37,USD,2026-08-19T19:37:39.318993+00:00,posted
kraken:105348471,kraken:XBTUSD,C,25.01,USD,2026-08-21T18:59:27.611274+00:00,posted
kraken:105348472,kraken:XBTUSD,C,5354.23,USD,2026-08-19T22:19:44.903748+00:00,posted
kraken:105348473,kraken:XBTUSD,C,3.50,USD,2026-08-19T23:41:49.827097+00:00,posted
coinbase:1073147316,coinbase:BTC-USD,D,0.01,USD,2026-08-19T22:55:01.879805+00:00,posted
coinbase:1073147317,coinbase:BTC-USD,C,0.00,USD,2026-08-19T22:26:14.034500+00:00,posted
coinbase:1073147319,coinbase:BTC-USD,D,3.93,USD,2026-08-19T22:46:34.829011+00:00,posted
coinbase:1073147320,coinbase:BTC-USD,C,0.00,USD,2026-08-22T12:25:19.483388+00:00,posted
coinbase:1073147322,coinbase:BTC-USD,C,0.39,USD,2026-08-19T20:27:50.014773+00:00,posted
coinbase:1073147321,coinbase:BTC-USD,C,0.04,USD,2026-08-19T23:23:39.350139+00:00,posted
coinbase:1073147323,coinbase:BTC-USD,D,0.01,USD,2026-08-19T19:16:41.136079+00:00,posted
coinbase:1073147324,coinbase:BTC-USD,C,0.00,USD,2026-08-19T23:03:59.429007+00:00,posted
coinbase:1073147327,coinbase:BTC-USD,D,749.03,USD,2026-08-19T19:50:45.201282+00:00,posted
coinbase:1073147326,coinbase:BTC-USD,D,1.40,USD,2026-08-22T02:46:06.584423+00:00,posted
coinbase:1073147325,coinbase:BTC-USD,D,1460.89,USD,2026-08-20T00:08:11.653185+00:00,posted
coinbase:1073147328,coinbase:BTC-USD,D,20.37,USD,2026-08-19T21:28:01.327958+00:00,posted
binance:6582451238,binance:BTCUSDT,C,685.99,USD,2026-08-19T21:34:58.955684+00:00,posted
coinbase:1073147329,coinbase:BTC-USD,C,0.00,USD,2026-08-19T19:34:59.574687+00:00,posted
coinbase:1073147330,coinbase:BTC-USD,C,14.23,USD,2026-08-19T20:48:09.025356+00:00,posted
coinbase:1073147331,coinbase:BTC-USD,C,0.00,USD,2026-08-19T20:20:06.514819+00:00,posted
coinbase:1073147332,coinbase:BTC-USD,D,0.00,USD,2026-08-20T00:08:45.436863+00:00,posted
binance:6582451239,binance:BTCUSDT,C,105.06,USD,2026-08-19T19:15:04.955892+00:00,posted
coinbase:1073147333,coinbase:BTC-USD,D,0.01,USD,2026-08-19T21:12:46.123666+00:00,posted
coinbase:1073147334,coinbase:BTC-USD,C,0.00,USD,2026-08-19T23:11:23.609733+00:00,posted
coinbase:1073147335,coinbase:BTC-USD,C,0.00,USD,2026-08-19T23:12:03.142725+00:00,posted
binance:6582451240,binance:BTCUSDT,C,17.17,USD,2026-08-19T21:06:02.860529+00:00,posted
coinbase:1073147336,coinbase:BTC-USD,C,358.27,USD,2026-08-19T19:32:14.437478+00:00,posted
coinbase:1073147337,coinbase:BTC-USD,C,0.00,USD,2026-08-19T19:14:35.355156+00:00,posted
binance:6582451241,binance:BTCUSDT,D,189.52,USD,2026-08-19T21:22:48.390974+00:00,posted
coinbase:1073147338,coinbase:BTC-USD,D,0.00,USD,2026-08-20T00:11:46.559462+00:00,posted
binance:6582451242,binance:BTCUSDT,D,10.99,USD,2026-08-19T19:15:22.619917+00:00,posted
binance:6582451243,binance:BTCUSDT,D,49.44,USD,2026-08-19T23:47:56.841827+00:00,posted
binance:6582451244,binance:BTCUSDT,C,1119.29,USD,2026-08-19T21:49:36.629130+00:00,posted
coinbase:1073147339,coinbase:BTC-USD,D,0.00,USD,2026-08-19T22:55:25.479412+00:00,posted
binance:6582451245,binance:BTCUSDT,C,10000.14,USD,2026-08-19T19:47:34.747079+00:00,posted
binance:6582451256,binance:BTCUSDT,C,1538.17,USD,2026-08-19T21:48:58.386145+00:00,posted
binance:6582451257,binance:BTCUSDT,C,27131.47,USD,2026-08-19T21:29:15.010612+00:00,posted
binance:6582451291,binance:BTCUSDT,C,43.95,USD,2026-08-19T20:00:17.321387+00:00,posted
binance:6582451299,binance:BTCUSDT,C,13.73,USD,2026-08-19T19:37:01.497599+00:00,posted
binance:6582451302,binance:BTCUSDT,C,27.47,USD,2026-08-19T22:17:34.819142+00:00,posted
binance:6582451308,binance:BTCUSDT,C,13.73,USD,2026-08-19T19:27:10.529102+00:00,posted
binance:6582451311,binance:BTCUSDT,C,13.73,USD,2026-08-19T20:21:08.069859+00:00,posted
binance:6582451315,binance:BTCUSDT,C,20.60,USD,2026-08-19T23:45:26.332304+00:00,posted
binance:6582451319,binance:BTCUSDT,C,89.95,USD,2026-08-19T18:55:34.992180+00:00,posted
binance:6582451335,binance:BTCUSDT,C,43.95,USD,2026-08-19T21:28:54.223456+00:00,posted
binance:6582451343,binance:BTCUSDT,C,11.67,USD,2026-08-19T22:03:49.877203+00:00,posted
binance:6582451345,binance:BTCUSDT,C,6.18,USD,2026-08-19T21:24:45.449928+00:00,posted
binance:6582451346,binance:BTCUSDT,C,16.48,USD,2026-08-19T20:11:18.477448+00:00,posted
binance:6582451357,binance:BTCUSDT,C,16.48,USD,2026-08-19T20:49:21.232876+00:00,posted
binance:6582451360,binance:BTCUSDT,C,16.48,USD,2026-08-19T18:51:59.221594+00:00,posted
binance:6582451363,binance:BTCUSDT,C,21.97,USD,2026-08-19T21:58:08.588039+00:00,posted
binance:6582451367,binance:BTCUSDT,C,16.48,USD,2026-08-19T21:18:20.499564+00:00,posted
binance:6582451370,binance:BTCUSDT,C,5.49,USD,2026-08-19T20:44:08.061212+00:00,posted
binance:6582451371,binance:BTCUSDT,C,692.15,USD,2026-08-19T19:02:16.384034+00:00,posted
binance:6582451373,binance:BTCUSDT,C,27.47,USD,2026-08-19T22:17:02.970201+00:00,posted
binance:6582451378,binance:BTCUSDT,C,9.61,USD,2026-08-19T22:58:32.678707+00:00,posted
binance:6582451379,binance:BTCUSDT,C,16.48,USD,2026-08-19T19:41:21.120230+00:00,posted
binance:6582451382,binance:BTCUSDT,C,2849.62,USD,2026-08-19T20:30:32.795564+00:00,posted
binance:6582451384,binance:BTCUSDT,C,89.27,USD,2026-08-19T23:10:09.404684+00:00,posted
binance:6582451400,binance:BTCUSDT,C,39.83,USD,2026-08-19T22:36:31.593739+00:00,posted
binance:6582451405,binance:BTCUSDT,C,2849.62,USD,2026-08-19T21:42:33.359400+00:00,posted
binance:6582451406,binance:BTCUSDT,C,27.47,USD,2026-08-19T19:33:37.444749+00:00,posted
binance:6582451407,binance:BTCUSDT,C,2226.82,USD,2026-08-19T20:19:03.910649+00:00,posted
binance:6582451416,binance:BTCUSDT,C,16.48,USD,2026-08-19T21:02:09.330189+00:00,posted
binance:6582451419,binance:BTCUSDT,C,16.48,USD,2026-08-19T19:39:59.816021+00:00,posted
binance:6582451422,binance:BTCUSDT,C,2752.11,USD,2026-08-19T21:32:18.820283+00:00,posted
binance:6582451424,binance:BTCUSDT,C,5.49,USD,2026-08-19T23:08:34.952413+00:00,posted
coinbase:1073147340,coinbase:BTC-USD,C,2.19,USD,2026-08-19T22:33:46.970808+00:00,posted
coinbase:1073147346,coinbase:BTC-USD,C,4513.73,USD,2026-08-19T23:25:24.026698+00:00,posted
coinbase:1073147345,coinbase:BTC-USD,C,420.01,USD,2026-08-19T22:37:56.690442+00:00,posted
coinbase:1073147344,coinbase:BTC-USD,C,2.08,USD,2026-08-19T21:03:55.301551+00:00,posted
coinbase:1073147343,coinbase:BTC-USD,C,847.28,USD,2026-08-19T19:24:39.845541+00:00,posted
coinbase:1073147342,coinbase:BTC-USD,C,8.76,USD,2026-08-19T18:51:55.957759+00:00,posted
coinbase:1073147341,coinbase:BTC-USD,C,110.57,USD,2026-08-19T22:34:14.649584+00:00,posted
binance:6582451425,binance:BTCUSDT,C,73.47,USD,2026-08-19T21:12:02.216573+00:00,posted
binance:6582451438,binance:BTCUSDT,C,38.45,USD,2026-08-19T21:38:49.643965+00:00,posted
binance:6582451445,binance:BTCUSDT,C,74.84,USD,2026-08-19T19:43:01.553761+00:00,posted
coinbase:1073147349,coinbase:BTC-USD,D,1243.46,USD,2026-08-22T06:05:34.541184+00:00,posted
coinbase:1073147348,coinbase:BTC-USD,D,4870.59,USD,2026-08-19T19:28:40.426802+00:00,posted
coinbase:1073147347,coinbase:BTC-USD,D,4619.17,USD,2026-08-19T22:33:15.213846+00:00,posted
coinbase:1073147350,coinbase:BTC-USD,D,13.70,USD,2026-08-19T19:55:26.732822+00:00,posted
coinbase:1073147351,coinbase:BTC-USD,D,30.06,USD,2026-08-19T21:06:23.021500+00:00,posted
coinbase:1073147352,coinbase:BTC-USD,D,36.60,USD,2026-08-19T19:23:03.981695+00:00,posted
coinbase:1073147354,coinbase:BTC-USD,D,15.29,USD,2026-08-19T21:08:30.586215+00:00,posted
coinbase:1073147355,coinbase:BTC-USD,D,12.17,USD,2026-08-19T18:57:01.182382+00:00,posted
coinbase:1073147356,coinbase:BTC-USD,D,15.81,USD,2026-08-19T22:01:56.775253+00:00,posted
coinbase:1073147357,coinbase:BTC-USD,D,24.19,USD,2026-08-19T23:46:00.767598+00:00,posted
coinbase:1073147358,coinbase:BTC-USD,D,11.21,USD,2026-08-19T22:55:11.983087+00:00,posted
coinbase:1073147359,coinbase:BTC-USD,D,17.14,USD,2026-08-19T23:49:49.829816+00:00,posted
coinbase:1073147360,coinbase:BTC-USD,D,50.59,USD,2026-08-19T23:43:35.153710+00:00,posted
coinbase:1073147361,coinbase:BTC-USD,D,83.88,USD,2026-08-19T20:42:12.257959+00:00,posted
coinbase:1073147367,coinbase:BTC-USD,D,686.30,USD,2026-08-22T15:28:42.704079+00:00,posted
coinbase:1073147366,coinbase:BTC-USD,D,0.08,USD,2026-08-19T20:40:59.055148+00:00,posted
coinbase:1073147365,coinbase:BTC-USD,D,0.24,USD,2026-08-19T21:31:24.453044+00:00,posted
coinbase:1073147364,coinbase:BTC-USD,D,0.08,USD,2026-08-19T20:05:59.977560+00:00,posted
coinbase:1073147363,coinbase:BTC-USD,D,1.17,USD,2026-08-19T19:18:54.184176+00:00,posted
coinbase:1073147362,coinbase:BTC-USD,D,3.43,USD,2026-08-19T18:50:48.780990+00:00,posted
coinbase:1073147368,coinbase:BTC-USD,C,3.15,USD,2026-08-19T19:49:24.585400+00:00,posted
binance:6582451458,binance:BTCUSDT,C,6354.89,USD,2026-08-19T23:43:44.857772+00:00,posted
binance:6582451478,binance:BTCUSDT,C,3.43,USD,2026-08-20T00:07:28.866097+00:00,posted
binance:6582451479,binance:BTCUSDT,C,56.99,USD,2026-08-21T18:28:16.927970+00:00,posted
binance:6582451492,binance:BTCUSDT,C,6.18,USD,2026-08-19T19:45:52.786045+00:00,posted
binance:6582451493,binance:BTCUSDT,C,11.67,USD,2026-08-19T20:51:28.363123+00:00,posted
binance:6582451495,binance:BTCUSDT,C,16.48,USD,2026-08-19T20:01:17.558409+00:00,posted
binance:6582451498,binance:BTCUSDT,C,3928.15,USD,2026-08-20T00:11:07.317457+00:00,posted
binance:6582451499,binance:BTCUSDT,C,13.73,USD,2026-08-19T19:22:36.248992+00:00,posted
binance:6582451502,binance:BTCUSDT,C,27.46,USD,2026-08-19T22:57:45.007852+00:00,posted
binance:6582451508,binance:BTCUSDT,C,20.60,USD,2026-08-19T21:50:03.206032+00:00,posted
binance:6582451512,binance:BTCUSDT,C,13.73,USD,2026-08-19T20:53:10.657114+00:00,posted
binance:6582451515,binance:BTCUSDT,C,13.73,USD,2026-08-19T22:49:08.244553+00:00,posted
binance:6582451518,binance:BTCUSDT,C,38.45,USD,2026-08-19T23:23:45.576482+00:00,posted
binance:6582451525,binance:BTCUSDT,C,12.36,USD,2026-08-19T21:00:36.178966+00:00,posted
binance:6582451526,binance:BTCUSDT,C,11.67,USD,2026-08-19T21:07:25.631944+00:00,posted
binance:6582451527,binance:BTCUSDT,C,107.11,USD,2026-08-19T23:41:28.133011+00:00,posted
binance:6582451529,binance:BTCUSDT,C,106.42,USD,2026-08-19T23:56:05.840634+00:00,posted
binance:6582451548,binance:BTCUSDT,C,49.44,USD,2026-08-19T18:50:25.176721+00:00,posted
binance:6582451557,binance:BTCUSDT,C,10.99,USD,2026-08-19T22:27:59.507472+00:00,posted
binance:6582451559,binance:BTCUSDT,C,5.49,USD,2026-08-19T21:38:40.732051+00:00,posted
binance:6582451560,binance:BTCUSDT,C,6.18,USD,2026-08-19T19:25:32.530309+00:00,posted
binance:6582451561,binance:BTCUSDT,C,21.97,USD,2026-08-19T22:35:33.751898+00:00,posted
coinbase:1073147371,coinbase:BTC-USD,D,1.17,USD,2026-08-19T22:50:52.405877+00:00,posted
coinbase:1073147370,coinbase:BTC-USD,D,686.25,USD,2026-08-19T19:41:52.768698+00:00,posted
coinbase:1073147369,coinbase:BTC-USD,D,1.17,USD,2026-08-19T19:51:53.959550+00:00,posted
coinbase:1073147372,coinbase:BTC-USD,D,0.01,USD,2026-08-22T01:38:05.234911+00:00,posted
coinbase:1073147373,coinbase:BTC-USD,C,0.00,USD,2026-08-19T20:03:03.154554+00:00,posted
binance:6582451565,binance:BTCUSDT,C,6.87,USD,2026-08-19T21:30:54.861221+00:00,posted
coinbase:1073147374,coinbase:BTC-USD,C,0.00,USD,2026-08-19T22:58:58.757283+00:00,posted
binance:6582451567,binance:BTCUSDT,C,15153.78,USD,2026-08-22T01:50:44.483368+00:00,posted
binance:6582451593,binance:BTCUSDT,C,43.94,USD,2026-08-19T23:57:28.381167+00:00,posted
binance:6582451601,binance:BTCUSDT,C,20.60,USD,2026-08-19T22:26:12.731800+00:00,posted
binance:6582451605,binance:BTCUSDT,C,35.70,USD,2026-08-20T00:12:05.486394+00:00,posted
binance:6582451612,binance:BTCUSDT,C,10.99,USD,2026-08-19T19:34:50.534165+00:00,posted
binance:6582451614,binance:BTCUSDT,C,7.55,USD,2026-08-19T19:26:31.890190+00:00,posted
binance:6582451615,binance:BTCUSDT,C,5.49,USD,2026-08-19T20:02:22.798501+00:00,posted
binance:6582451616,binance:BTCUSDT,C,6.18,USD,2026-08-19T18:56:01.052663+00:00,posted
binance:6582451617,binance:BTCUSDT,C,11.67,USD,2026-08-19T23:20:12.713879+00:00,posted
binance:6582451619,binance:BTCUSDT,C,16.48,USD,2026-08-19T18:55:02.154982+00:00,posted
binance:6582451622,binance:BTCUSDT,C,3908.63,USD,2026-08-22T05:08:50.977037+00:00,posted
binance:6582451623,binance:BTCUSDT,C,13.73,USD,2026-08-19T20:26:07.028702+00:00,posted
binance:6582451626,binance:BTCUSDT,C,13.73,USD,2026-08-19T22:57:03.921587+00:00,posted
binance:6582451629,binance:BTCUSDT,C,5.49,USD,2026-08-19T21:37:47.515476+00:00,posted
binance:6582451630,binance:BTCUSDT,C,10.98,USD,2026-08-19T21:19:59.759231+00:00,posted
binance:6582451632,binance:BTCUSDT,C,16.48,USD,2026-08-19T21:30:30.928076+00:00,posted
binance:6582451635,binance:BTCUSDT,C,5.49,USD,2026-08-19T21:45:12.801672+00:00,posted
binance:6582451636,binance:BTCUSDT,C,16.48,USD,2026-08-19T21:44:35.000942+00:00,posted
binance:6582451642,binance:BTCUSDT,C,10.98,USD,2026-08-20T00:13:08.615998+00:00,posted
binance:6582451644,binance:BTCUSDT,C,16.48,USD,2026-08-19T19:25:31.383350+00:00,posted
binance:6582451647,binance:BTCUSDT,C,12.36,USD,2026-08-19T23:27:39.438928+00:00,posted
binance:6582451648,binance:BTCUSDT,C,10.98,USD,2026-08-19T18:58:04.954155+00:00,posted
binance:6582451650,binance:BTCUSDT,C,16.48,USD,2026-08-19T22:23:48.866334+00:00,posted
binance:6582451653,binance:BTCUSDT,C,2950.76,USD,2026-08-21T22:51:34.851512+00:00,posted
binance:6582451654,binance:BTCUSDT,C,54.24,USD,2026-08-19T21:08:20.014134+00:00,posted
binance:6582451656,binance:BTCUSDT,C,5.49,USD,2026-08-19T20:54:36.321718+00:00,posted
binance:6582451657,binance:BTCUSDT,C,7.55,USD,2026-08-19T21:53:55.861428+00:00,posted
binance:6582451658,binance:BTCUSDT,C,251.27,USD,2026-08-19T21:48:57.449194+00:00,posted
binance:6582451660,binance:BTCUSDT,C,11.67,USD,2026-08-19T21:21:14.931915+00:00,posted
binance:6582451662,binance:BTCUSDT,C,11.67,USD,2026-08-19T19:37:47.484948+00:00,posted
binance:6582451665,binance:BTCUSDT,C,16.48,USD,2026-08-20T00:08:52.631301+00:00,posted
binance:6582451668,binance:BTCUSDT,C,5.49,USD,2026-08-19T18:55:29.839335+00:00,posted
binance:6582451669,binance:BTCUSDT,C,17.16,USD,2026-08-19T23:13:21.686866+00:00,posted
binance:6582451672,binance:BTCUSDT,C,6.18,USD,2026-08-19T22:58:43.372603+00:00,posted
binance:6582451685,binance:BTCUSDT,C,94.74,USD,2026-08-20T00:13:33.064350+00:00,posted
coinbase:1073147378,coinbase:BTC-USD,D,68621.00,USD,2026-08-19T19:04:50.282819+00:00,posted
coinbase:1073147377,coinbase:BTC-USD,D,2323.93,USD,2026-08-19T20:03:38.105082+00:00,posted
coinbase:1073147376,coinbase:BTC-USD,D,2062.99,USD,2026-08-19T19:14:14.434117+00:00,posted
kraken:105348475,kraken:XBTUSD,C,557.60,USD,2026-08-19T18:58:32.666420+00:00,posted
coinbase:1073147380,coinbase:BTC-USD,D,1031.34,USD,2026-08-22T07:34:56.494374+00:00,posted
coinbase:1073147379,coinbase:BTC-USD,D,686.20,USD,2026-08-19T21:05:11.810850+00:00,posted
coinbase:1073147381,coinbase:BTC-USD,D,1.17,USD,2026-08-20T00:11:30.745788+00:00,posted
kraken:105348476,kraken:XBTUSD,C,5798.62,USD,2026-08-19T20:55:00.561357+00:00,posted
kraken:105348477,kraken:XBTUSD,C,50.00,USD,2026-08-19T23:12:57.471761+00:00,posted
coinbase:1073147382,coinbase:BTC-USD,D,688.89,USD,2026-08-21T10:23:47.785726+00:00,posted
coinbase:1073147383,coinbase:BTC-USD,D,688.89,USD,2026-08-19T22:58:37.705823+00:00,posted
coinbase:1073147388,coinbase:BTC-USD,D,1.17,USD,2026-08-19T22:09:06.203832+00:00,posted
coinbase:1073147387,coinbase:BTC-USD,D,686.15,USD,2026-08-19T21:10:05.236355+00:00,posted
coinbase:1073147386,coinbase:BTC-USD,D,0.08,USD,2026-08-19T23:25:49.827000+00:00,posted
coinbase:1073147385,coinbase:BTC-USD,D,0.24,USD,2026-08-19T23:23:32.145612+00:00,posted
coinbase:1073147384,coinbase:BTC-USD,D,0.08,USD,2026-08-19T20:21:02.252005+00:00,posted
coinbase:1073147389,coinbase:BTC-USD,D,0.00,USD,2026-08-19T23:11:43.765510+00:00,posted
binance:6582451702,binance:BTCUSDT,C,20.60,USD,2026-08-20T00:02:19.882056+00:00,posted
binance:6582451706,binance:BTCUSDT,C,16617.97,USD,2026-08-19T21:57:00.875311+00:00,posted
binance:6582451722,binance:BTCUSDT,C,78.26,USD,2026-08-19T20:16:25.280651+00:00,posted
binance:6582451736,binance:BTCUSDT,C,27.46,USD,2026-08-19T21:41:27.715410+00:00,posted
binance:6582451741,binance:BTCUSDT,C,5.49,USD,2026-08-19T20:40:49.521445+00:00,posted
binance:6582451742,binance:BTCUSDT,C,5.49,USD,2026-08-19T21:09:04.282594+00:00,posted
binance:6582451743,binance:BTCUSDT,C,6.18,USD,2026-08-19T19:52:14.179312+00:00,posted
binance:6582451744,binance:BTCUSDT,C,16.48,USD,2026-08-19T22:12:26.939744+00:00,posted
coinbase:1073147391,coinbase:BTC-USD,D,5660.47,USD,2026-08-19T22:58:08.893822+00:00,posted
coinbase:1073147390,coinbase:BTC-USD,D,1.17,USD,2026-08-19T18:52:21.083744+00:00,posted
binance:6582451747,binance:BTCUSDT,C,73.46,USD,2026-08-19T19:56:29.282539+00:00,posted
binance:6582451760,binance:BTCUSDT,C,10.98,USD,2026-08-19T22:51:08.535618+00:00,posted
binance:6582451762,binance:BTCUSDT,C,5.49,USD,2026-08-19T23:55:28.642927+00:00,posted
binance:6582451763,binance:BTCUSDT,C,5.49,USD,2026-08-19T22:08:58.378498+00:00,posted
binance:6582451764,binance:BTCUSDT,C,12.36,USD,2026-08-19T21:09:20.561800+00:00,posted
coinbase:1073147393,coinbase:BTC-USD,D,1.73,USD,2026-08-19T20:46:25.519348+00:00,posted
binance:6582451768,binance:BTCUSDT,C,1203.39,USD,2026-08-19T19:35:52.287549+00:00,posted
coinbase:1073147394,coinbase:BTC-USD,C,0.00,USD,2026-08-19T20:25:18.424218+00:00,posted
coinbase:1073147395,coinbase:BTC-USD,D,0.01,USD,2026-08-19T20:31:22.325128+00:00,posted
coinbase:1073147396,coinbase:BTC-USD,D,11.46,USD,2026-08-19T19:07:28.716847+00:00,posted
coinbase:1073147397,coinbase:BTC-USD,C,0.00,USD,2026-08-19T21:02:19.416230+00:00,posted
coinbase:1073147399,coinbase:BTC-USD,D,2040.87,USD,2026-08-19T22:19:24.853533+00:00,posted
coinbase:1073147398,coinbase:BTC-USD,D,3007.42,USD,2026-08-19T22:04:37.607931+00:00,posted
coinbase:1073147400,coinbase:BTC-USD,C,0.00,USD,2026-08-19T19:23:41.800152+00:00,posted
coinbase:1073147401,coinbase:BTC-USD,D,28.47,USD,2026-08-19T20:07:15.978858+00:00,posted
binance:6582451778,binance:BTCUSDT,C,6.86,USD,2026-08-19T21:19:23.747078+00:00,posted
coinbase:1073147402,coinbase:BTC-USD,C,0.00,USD,2026-08-19T21:10:08.960073+00:00,posted
coinbase:1073147403,coinbase:BTC-USD,C,0.00,USD,2026-08-19T18:58:26.422037+00:00,posted
binance:6582451779,binance:BTCUSDT,C,509.36,USD,2026-08-19T19:31:15.098451+00:00,posted
coinbase:1073147404,coinbase:BTC-USD,C,0.00,USD,2026-08-19T23:11:23.984282+00:00,posted
coinbase:1073147405,coinbase:BTC-USD,D,0.00,USD,2026-08-19T19:44:18.552500+00:00,posted
coinbase:1073147406,coinbase:BTC-USD,C,0.00,USD,2026-08-20T00:04:17.094762+00:00,posted
coinbase:1073147410,coinbase:BTC-USD,C,1000.00,USD,2026-08-19T18:52:48.332432+00:00,posted
coinbase:1073147409,coinbase:BTC-USD,C,1000.00,USD,2026-08-19T19:13:55.944263+00:00,posted
coinbase:1073147408,coinbase:BTC-USD,C,95.46,USD,2026-08-19T23:32:24.140589+00:00,posted
coinbase:1073147407,coinbase:BTC-USD,C,424.86,USD,2026-08-19T21:00:32.875011+00:00,posted
coinbase:1073147412,coinbase:BTC-USD,C,420.02,USD,2026-08-19T22:23:11.270887+00:00,posted
coinbase:1073147411,coinbase:BTC-USD,C,424.85,USD,2026-08-22T05:02:01.858449+00:00,posted
coinbase:1073147414,coinbase:BTC-USD,C,420.01,USD,2026-08-19T19:23:10.429565+00:00,posted
coinbase:1073147413,coinbase:BTC-USD,C,420.00,USD,2026-08-19T23:54:06.290619+00:00,posted
binance:6582451780,binance:BTCUSDT,D,6.86,USD,2026-08-19T23:19:48.019337+00:00,posted
binance:6582451781,binance:BTCUSDT,D,74970.52,USD,2026-08-19T23:53:39.007380+00:00,posted
binance:6582451793,binance:BTCUSDT,D,1372.95,USD,2026-08-19T23:38:08.602274+00:00,posted
binance:6582451795,binance:BTCUSDT,D,10000.55,USD,2026-08-19T20:34:54.085037+00:00,posted
binance:6582451801,binance:BTCUSDT,D,590.37,USD,2026-08-19T20:54:55.250243+00:00,posted
binance:6582451802,binance:BTCUSDT,D,2951.84,USD,2026-08-19T20:04:05.801968+00:00,posted
binance:6582451803,binance:BTCUSDT,D,11067.34,USD,2026-08-19T19:33:50.930592+00:00,posted
binance:6582451808,binance:BTCUSDT,D,1098.36,USD,2026-08-20T00:06:18.714824+00:00,posted
binance:6582451809,binance:BTCUSDT,D,219.67,USD,2026-08-19T20:10:09.490225+00:00,posted
binance:6582451832,binance:BTCUSDT,D,10.98,USD,2026-08-19T21:28:03.334887+00:00,posted
binance:6582451834,binance:BTCUSDT,D,16.48,USD,2026-08-19T23:59:18.710611+00:00,posted
binance:6582451837,binance:BTCUSDT,D,45.31,USD,2026-08-19T21:06:05.108067+00:00,posted
binance:6582451845,binance:BTCUSDT,D,5.49,USD,2026-08-20T00:04:07.881731+00:00,posted
binance:6582451846,binance:BTCUSDT,D,5.49,USD,2026-08-19T23:55:26.289369+00:00,posted
binance:6582451847,binance:BTCUSDT,D,16.48,USD,2026-08-19T22:42:24.528337+00:00,posted
binance:6582451850,binance:BTCUSDT,D,34.33,USD,2026-08-19T18:53:11.523367+00:00,posted
binance:6582451856,binance:BTCUSDT,D,11.67,USD,2026-08-19T22:06:09.385711+00:00,posted
binance:6582451859,binance:BTCUSDT,D,5.49,USD,2026-08-19T22:24:46.279002+00:00,posted
binance:6582451860,binance:BTCUSDT,D,45.31,USD,2026-08-19T22:34:09.770615+00:00,posted
binance:6582451868,binance:BTCUSDT,D,10.98,USD,2026-08-19T20:05:19.839418+00:00,posted
binance:6582451870,binance:BTCUSDT,D,37.76,USD,2026-08-19T20:28:17.774333+00:00,posted
binance:6582451876,binance:BTCUSDT,D,27.46,USD,2026-08-19T20:45:58.788949+00:00,posted
binance:6582451881,binance:BTCUSDT,D,10.98,USD,2026-08-19T19:26:30.922621+00:00,posted
binance:6582451883,binance:BTCUSDT,D,27.46,USD,2026-08-19T23:29:15.671355+00:00,posted
binance:6582451888,binance:BTCUSDT,D,16.48,USD,2026-08-19T23:46:28.082180+00:00,posted
coinbase:1073147415,coinbase:BTC-USD,C,98.98,USD,2026-08-20T00:08:58.519004+00:00,posted
coinbase:1073147416,coinbase:BTC-USD,C,321.05,USD,2026-08-19T19:16:01.217358+00:00,posted
coinbase:1073147418,coinbase:BTC-USD,C,525.05,USD,2026-08-19T20:03:56.378977+00:00,posted
coinbase:1073147417,coinbase:BTC-USD,C,1.17,USD,2026-08-19T23:40:01.147179+00:00,posted
coinbase:1073147420,coinbase:BTC-USD,C,2.00,USD,2026-08-19T22:14:35.047634+00:00,posted
coinbase:1073147419,coinbase:BTC-USD,C,1.17,USD,2026-08-19T22:59:15.733953+00:00,posted
binance:6582451891,binance:BTCUSDT,D,56.98,USD,2026-08-19T18:57:25.123288+00:00,posted
binance:6582451901,binance:BTCUSDT,D,5.49,USD,2026-08-19T23:17:53.582052+00:00,posted
binance:6582451902,binance:BTCUSDT,D,67.97,USD,2026-08-19T21:21:41.901411+00:00,posted
coinbase:1073147421,coinbase:BTC-USD,C,0.00,USD,2026-08-19T23:23:49.367612+00:00,posted
binance:6582451914,binance:BTCUSDT,D,56.98,USD,2026-08-19T23:35:34.226299+00:00,posted
binance:6582451924,binance:BTCUSDT,D,5.49,USD,2026-08-19T23:18:17.491142+00:00,posted
binance:6582451925,binance:BTCUSDT,D,21.97,USD,2026-08-19T21:33:19.777376+00:00,posted
binance:6582451929,binance:BTCUSDT,D,5.49,USD,2026-08-19T22:04:56.249652+00:00,posted
binance:6582451930,binance:BTCUSDT,D,12.36,USD,2026-08-19T22:49:42.507308+00:00,posted
binance:6582451931,binance:BTCUSDT,D,10.98,USD,2026-08-19T18:55:15.901688+00:00,posted
binance:6582451933,binance:BTCUSDT,D,16.48,USD,2026-08-19T23:07:16.536493+00:00,posted
binance:6582451936,binance:BTCUSDT,D,20.60,USD,2026-08-19T20:58:27.472630+00:00,posted
binance:6582451940,binance:BTCUSDT,C,771.69,USD,2026-08-19T20:29:46.069692+00:00,posted
binance:6582451941,binance:BTCUSDT,C,59.04,USD,2026-08-21T19:03:22.453974+00:00,posted
binance:6582451942,binance:BTCUSDT,D,11.67,USD,2026-08-19T23:20:20.748353+00:00,posted
binance:6582451945,binance:BTCUSDT,D,196.36,USD,2026-08-19T23:25:44.321510+00:00,posted
binance:6582451959,binance:BTCUSDT,D,5.49,USD,2026-08-19T23:07:48.822439+00:00,posted
binance:6582451960,binance:BTCUSDT,D,10.99,USD,2026-08-19T21:24:06.141503+00:00,posted
binance:6582451962,binance:BTCUSDT,D,11.67,USD,2026-08-19T20:12:15.966616+00:00,posted
binance:6582451964,binance:BTCUSDT,D,16.48,USD,2026-08-19T23:19:04.523465+00:00,posted
coinbase:1073147422,coinbase:BTC-USD,C,0.00,USD,2026-08-19T19:51:48.077561+00:00,posted
binance:6582451967,binance:BTCUSDT,D,10.30,USD,2026-08-19T19:46:15.952225+00:00,posted
binance:6582451969,binance:BTCUSDT,D,101.61,USD,2026-08-19T23:58:00.841666+00:00,posted
binance:6582451987,binance:BTCUSDT,D,5.49,USD,2026-08-19T20:00:19.495243+00:00,posted
binance:6582451988,binance:BTCUSDT,D,10.99,USD,2026-08-19T23:50:52.274567+00:00,posted
binance:6582451990,binance:BTCUSDT,D,10.99,USD,2026-08-19T22:13:01.871679+00:00,posted
binance:6582451992,binance:BTCUSDT,D,10.99,USD,2026-08-20T00:07:42.375921+00:00,posted
binance:6582451994,binance:BTCUSDT,D,16.48,USD,2026-08-19T22:37:39.620853+00:00,posted
coinbase:1073147423,coinbase:BTC-USD,D,23.39,USD,2026-08-19T20:58:35.189501+00:00,posted
coinbase:1073147424,coinbase:BTC-USD,D,4.82,USD,2026-08-19T20:12:05.844301+00:00,posted
binance:6582451997,binance:BTCUSDT,D,92.69,USD,2026-08-22T15:44:18.442261+00:00,posted
coinbase:1073147425,coinbase:BTC-USD,C,0.00,USD,2026-08-19T22:43:22.717675+00:00,posted
binance:6582451998,binance:BTCUSDT,D,137.32,USD,2026-08-19T23:49:50.549168+00:00,posted
coinbase:1073147426,coinbase:BTC-USD,D,0.00,USD,2026-08-19T22:28:32.309844+00:00,posted
binance:6582451999,binance:BTCUSDT,D,208.72,USD,2026-08-19T22:41:43.423497+00:00,posted
binance:6582452000,binance:BTCUSDT,D,30.21,USD,2026-08-19T23:30:41.230141+00:00,posted
coinbase:1073147427,coinbase:BTC-USD,C,0.00,USD,2026-08-19T20:21:16.581996+00:00,posted
binance:6582452001,binance:BTCUSDT,D,20.60,USD,2026-08-19T19:29:12.894759+00:00,posted
binance:6582452005,binance:BTCUSDT,D,80.33,USD,2026-08-19T22:04:16.629173+00:00,posted
binance:6582452019,binance:BTCUSDT,D,10.99,USD,2026-08-19T20:19:37.741452+00:00,posted
binance:6582452021,binance:BTCUSDT,D,5.49,USD,2026-08-19T21:04:17.943624+00:00,posted
binance:6582452022,binance:BTCUSDT,D,10.99,USD,2026-08-19T19:34:24.658472+00:00,posted
binance:6582452024,binance:BTCUSDT,D,11.67,USD,2026-08-19T20:12:38.619385+00:00,posted
binance:6582452026,binance:BTCUSDT,D,10.99,USD,2026-08-19T23:45:40.089052+00:00,posted
binance:6582452028,binance:BTCUSDT,D,16.48,USD,2026-08-19T22:32:03.478306+00:00,posted
binance:6582452031,binance:BTCUSDT,D,6.87,USD,2026-08-19T18:49:39.342797+00:00,posted
binance:6582452033,binance:BTCUSDT,D,686.61,USD,2026-08-19T20:32:55.272397+00:00,posted
binance:6582452044,binance:BTCUSDT,D,1373.23,USD,2026-08-19T22:32:54.681496+00:00,posted
binance:6582452045,binance:BTCUSDT,D,755.27,USD,2026-08-19T22:40:02.378700+00:00,posted
binance:6582452046,binance:BTCUSDT,D,617.95,USD,2026-08-19T20:10:48.273760+00:00,posted
binance:6582452047,binance:BTCUSDT,D,617.95,USD,2026-08-21T10:14:53.654010+00:00,posted
binance:6582452048,binance:BTCUSDT,D,1235.90,USD,2026-08-19T23:45:57.893440+00:00,posted
binance:6582452049,binance:BTCUSDT,D,205.98,USD,2026-08-19T23:56:13.606415+00:00,posted
binance:6582452050,binance:BTCUSDT,D,9.61,USD,2026-08-19T22:03:40.041906+00:00,posted
binance:6582452051,binance:BTCUSDT,D,13.05,USD,2026-08-19T19:01:16.218058+00:00,posted
coinbase:1073147428,coinbase:BTC-USD,D,0.00,USD,2026-08-19T22:10:44.320215+00:00,posted
coinbase:1073147429,coinbase:BTC-USD,C,0.00,USD,2026-08-19T20:56:30.142451+00:00,posted
binance:6582452054,binance:BTCUSDT,C,1183.03,USD,2026-08-20T00:05:42.726647+00:00,posted
binance:6582452055,binance:BTCUSDT,D,146.25,USD,2026-08-19T21:57:48.824816+00:00,posted
binance:6582452062,binance:BTCUSDT,C,19.91,USD,2026-08-19T21:32:29.435092+00:00,posted
binance:6582452063,binance:BTCUSDT,D,10.30,USD,2026-08-19T23:35:57.606689+00:00,posted
binance:6582452064,binance:BTCUSDT,D,204.61,USD,2026-08-19T20:30:58.159259+00:00,posted
binance:6582452082,binance:BTCUSDT,D,32.96,USD,2026-08-19T19:33:02.830534+00:00,posted
binance:6582452088,binance:BTCUSDT,D,12.36,USD,2026-08-19T19:00:49.685797+00:00,posted
binance:6582452089,binance:BTCUSDT,D,10.99,USD,2026-08-19T23:33:54.530271+00:00,posted
binance:6582452091,binance:BTCUSDT,D,16.48,USD,2026-08-19T22:53:02.177681+00:00,posted
binance:6582452094,binance:BTCUSDT,D,10.30,USD,2026-08-19T20:19:37.275062+00:00,posted
binance:6582452095,binance:BTCUSDT,D,9.61,USD,2026-08-19T22:08:31.489098+00:00,posted
binance:6582452096,binance:BTCUSDT,D,10.30,USD,2026-08-19T20:13:17.859222+00:00,posted
binance:6582452097,binance:BTCUSDT,D,8075.44,USD,2026-08-19T23:40:50.388835+00:00,posted
binance:6582452098,binance:BTCUSDT,D,10.30,USD,2026-08-20T00:14:27.938305+00:00,posted
binance:6582452100,binance:BTCUSDT,C,468.97,USD,2026-08-19T19:36:10.592974+00:00,posted
coinbase:1073147430,coinbase:BTC-USD,D,0.11,USD,2026-08-19T22:23:12.460595+00:00,posted
binance:6582452101,binance:BTCUSDT,C,563.04,USD,2026-08-19T19:03:49.357328+00:00,posted
binance:6582452107,binance:BTCUSDT,C,6.87,USD,2026-08-19T20:02:06.798802+00:00,posted
binance:6582452108,binance:BTCUSDT,C,51.50,USD,2026-08-19T21:10:16.875357+00:00,posted
binance:6582452109,binance:BTCUSDT,C,1000.42,USD,2026-08-19T23:52:14.256555+00:00,posted
binance:6582452110,binance:BTCUSDT,C,1344.42,USD,2026-08-19T21:17:19.233147+00:00,posted
binance:6582452132,binance:BTCUSDT,C,5.49,USD,2026-08-19T22:43:46.917476+00:00,posted
binance:6582452133,binance:BTCUSDT,C,10.99,USD,2026-08-19T20:41:37.758177+00:00,posted
binance:6582452135,binance:BTCUSDT,C,5.49,USD,2026-08-19T20:20:01.098677+00:00,posted
binance:6582452136,binance:BTCUSDT,C,32.96,USD,2026-08-19T22:53:44.338700+00:00,posted
binance:6582452142,binance:BTCUSDT,C,5.49,USD,2026-08-19T21:52:07.891308+00:00,posted
binance:6582452143,binance:BTCUSDT,C,115.35,USD,2026-08-19T19:56:21.036902+00:00,posted
binance:6582452164,binance:BTCUSDT,C,5.49,USD,2026-08-19T18:47:37.282368+00:00,posted
binance:6582452165,binance:BTCUSDT,C,16.48,USD,2026-08-19T19:45:50.856174+00:00,posted
binance:6582452168,binance:BTCUSDT,D,25.40,USD,2026-08-19T20:07:29.567230+00:00,posted
coinbase:1073147435,coinbase:BTC-USD,D,3537.36,USD,2026-08-19T19:17:22.918440+00:00,posted
coinbase:1073147434,coinbase:BTC-USD,D,100.18,USD,2026-08-19T20:20:04.443786+00:00,posted
coinbase:1073147433,coinbase:BTC-USD,D,1379.03,USD,2026-08-19T19:26:31.095706+00:00,posted
coinbase:1073147432,coinbase:BTC-USD,D,1.40,USD,2026-08-19T23:52:52.814172+00:00,posted
coinbase:1073147431,coinbase:BTC-USD,D,1433.56,USD,2026-08-20T19:39:25.188985+00:00,posted
coinbase:1073147436,coinbase:BTC-USD,D,1433.56,USD,2026-08-19T22:39:48.271250+00:00,posted
coinbase:1073147438,coinbase:BTC-USD,D,424.28,USD,2026-08-19T22:13:37.143621+00:00,posted
coinbase:1073147437,coinbase:BTC-USD,D,1000.00,USD,2026-08-19T22:23:24.204979+00:00,posted
coinbase:1073147439,coinbase:BTC-USD,D,20.61,USD,2026-08-19T19:00:43.851132+00:00,posted
coinbase:1073147440,coinbase:BTC-USD,D,555.11,USD,2026-08-19T21:15:47.100508+00:00,posted
binance:6582452169,binance:BTCUSDT,D,25.40,USD,2026-08-20T00:16:12.140970+00:00,posted
binance:6582452170,binance:BTCUSDT,D,10.30,USD,2026-08-19T23:09:17.018571+00:00,posted
binance:6582452171,binance:BTCUSDT,D,153.80,USD,2026-08-19T23:31:08.693108+00:00,posted
kraken:105348478,kraken:XBTUSD,D,50.00,USD,2026-08-19T20:19:38.279795+00:00,posted
kraken:105348479,kraken:XBTUSD,D,20.11,USD,2026-08-19T22:51:43.030251+00:00,posted
kraken:105348480,kraken:XBTUSD,D,68.63,USD,2026-08-19T22:05:01.162641+00:00,posted
kraken:105348481,kraken:XBTUSD,D,89.11,USD,2026-08-21T05:47:41.637352+00:00,posted
binance:6582452173,binance:BTCUSDT,D,30.21,USD,2026-08-19T20:57:54.408717+00:00,posted
coinbase:1073147441,coinbase:BTC-USD,C,1187.33,USD,2026-08-19T23:03:29.961482+00:00,posted
binance:6582452174,binance:BTCUSDT,C,28.15,USD,2026-08-19T22:54:36.689613+00:00,posted
binance:6582452175,binance:BTCUSDT,C,16391.31,USD,2026-08-19T19:26:03.963285+00:00,posted
binance:6582452182,binance:BTCUSDT,C,12.36,USD,2026-08-19T21:08:56.745704+00:00,posted
binance:6582452183,binance:BTCUSDT,C,6.87,USD,2026-08-19T20:28:36.079883+00:00,posted
coinbase:1073147442,coinbase:BTC-USD,D,3019.32,USD,2026-08-19T19:29:35.629127+00:00,posted
binance:6582452184,binance:BTCUSDT,D,7.55,USD,2026-08-19T23:20:50.860912+00:00,posted
coinbase:1073147443,coinbase:BTC-USD,D,50.50,USD,2026-08-19T21:27:50.783697+00:00,posted
binance:6582452185,binance:BTCUSDT,D,50.12,USD,2026-08-19T21:23:29.769795+00:00,posted
binance:6582452186,binance:BTCUSDT,D,10.30,USD,2026-08-19T21:05:53.150493+00:00,posted
binance:6582452187,binance:BTCUSDT,D,80.33,USD,2026-08-19T23:13:54.071320+00:00,posted
coinbase:1073147444,coinbase:BTC-USD,D,0.01,USD,2026-08-19T21:09:31.701396+00:00,posted
binance:6582452188,binance:BTCUSDT,C,8.93,USD,2026-08-19T18:59:37.087174+00:00,posted
binance:6582452189,binance:BTCUSDT,D,700.34,USD,2026-08-19T21:19:14.241537+00:00,posted
binance:6582452190,binance:BTCUSDT,D,19.91,USD,2026-08-19T22:32:44.001410+00:00,posted
binance:6582452191,binance:BTCUSDT,D,39.14,USD,2026-08-19T21:29:43.985624+00:00,posted
binance:6582452192,binance:BTCUSDT,D,6.18,USD,2026-08-19T21:39:25.229121+00:00,posted
binance:6582452193,binance:BTCUSDT,D,28.15,USD,2026-08-19T21:10:36.291275+00:00,posted
binance:6582452194,binance:BTCUSDT,D,40.51,USD,2026-08-19T21:23:53.456030+00:00,posted
binance:6582452195,binance:BTCUSDT,D,50.12,USD,2026-08-19T19:28:27.087017+00:00,posted
binance:6582452196,binance:BTCUSDT,D,200.49,USD,2026-08-19T23:23:59.396495+00:00,posted
binance:6582452197,binance:BTCUSDT,C,57.67,USD,2026-08-19T20:23:47.482351+00:00,posted
coinbase:1073147445,coinbase:BTC-USD,D,0.00,USD,2026-08-19T21:35:42.635969+00:00,posted
binance:6582452198,binance:BTCUSDT,D,899.45,USD,2026-08-19T21:02:34.906209+00:00,posted
coinbase:1073147447,coinbase:BTC-USD,D,291.08,USD,2026-08-19T22:43:59.351377+00:00,posted
coinbase:1073147446,coinbase:BTC-USD,D,1310.57,USD,2026-08-19T20:43:35.274576+00:00,posted
coinbase:1073147451,coinbase:BTC-USD,C,1372.02,USD,2026-08-19T22:59:56.423280+00:00,posted
coinbase:1073147449,coinbase:BTC-USD,C,0.17,USD,2026-08-19T21:19:02.220263+00:00,posted
coinbase:1073147448,coinbase:BTC-USD,C,4597.00,USD,2026-08-19T23:24:26.831676+00:00,posted
binance:6582452199,binance:BTCUSDT,D,25.40,USD,2026-08-19T20:29:53.402845+00:00,posted
binance:6582452200,binance:BTCUSDT,C,78.27,USD,2026-08-19T22:56:13.057437+00:00,posted
coinbase:1073147452,coinbase:BTC-USD,C,0.00,USD,2026-08-19T23:12:52.572712+00:00,posted
coinbase:1073147453,coinbase:BTC-USD,C,97.18,USD,2026-08-19T23:49:16.087272+00:00,posted
coinbase:1073147454,coinbase:BTC-USD,D,0.00,USD,2026-08-19T19:55:56.656557+00:00,posted
binance:6582452201,binance:BTCUSDT,D,16.48,USD,2026-08-19T23:33:55.531738+00:00,posted
coinbase:1073147455,coinbase:BTC-USD,C,0.00,USD,2026-08-20T18:33:08.050982+00:00,posted
binance:6582452202,binance:BTCUSDT,D,6.87,USD,2026-08-19T19:42:58.053954+00:00,posted
binance:6582452203,binance:BTCUSDT,D,50.12,USD,2026-08-19T22:34:35.513354+00:00,posted
binance:6582452204,binance:BTCUSDT,D,8.24,USD,2026-08-20T00:05:00.756390+00:00,posted
coinbase:1073147456,coinbase:BTC-USD,C,0.00,USD,2026-08-19T21:26:54.999434+00:00,posted
coinbase:1073147457,coinbase:BTC-USD,C,464.42,USD,2026-08-20T00:07:41.632176+00:00,posted
coinbase:1073147458,coinbase:BTC-USD,C,0.00,USD,2026-08-19T20:56:39.002365+00:00,posted
binance:6582452205,binance:BTCUSDT,D,10.30,USD,2026-08-19T19:27:34.835901+00:00,posted
binance:6582452207,binance:BTCUSDT,D,7.55,USD,2026-08-19T18:51:32.710881+00:00,posted
binance:6582452208,binance:BTCUSDT,D,10.30,USD,2026-08-19T23:29:46.691199+00:00,posted
coinbase:1073147463,coinbase:BTC-USD,D,4654.64,USD,2026-08-19T22:20:21.049553+00:00,posted
coinbase:1073147462,coinbase:BTC-USD,D,4333.79,USD,2026-08-19T21:10:06.921544+00:00,posted
coinbase:1073147461,coinbase:BTC-USD,D,1151.23,USD,2026-08-19T23:07:00.538188+00:00,posted
coinbase:1073147460,coinbase:BTC-USD,D,7836.54,USD,2026-08-19T20:25:36.483581+00:00,posted
coinbase:1073147459,coinbase:BTC-USD,D,3019.33,USD,2026-08-19T21:22:43.293696+00:00,posted
coinbase:1073147464,coinbase:BTC-USD,C,0.00,USD,2026-08-19T22:50:06.185132+00:00,posted
binance:6582452209,binance:BTCUSDT,D,52.87,USD,2026-08-19T21:26:22.362378+00:00,posted
binance:6582452210,binance:BTCUSDT,C,6.87,USD,2026-08-19T20:06:22.677045+00:00,posted
binance:6582452211,binance:BTCUSDT,C,4056.46,USD,2026-08-19T23:20:01.744098+00:00,posted
binance:6582452233,binance:BTCUSDT,C,27.46,USD,2026-08-19T20:36:28.850109+00:00,posted
binance:6582452238,binance:BTCUSDT,C,73.47,USD,2026-08-21T14:59:51.585214+00:00,posted
binance:6582452251,binance:BTCUSDT,C,49.44,USD,2026-08-19T21:29:53.550577+00:00,posted
binance:6582452260,binance:BTCUSDT,C,18093.69,USD,2026-08-19T22:47:33.982229+00:00,posted
binance:6582452273,binance:BTCUSDT,C,16.48,USD,2026-08-19T18:58:31.567856+00:00,posted
binance:6582452276,binance:BTCUSDT,C,863.03,USD,2026-08-19T21:35:43.070285+00:00,posted
binance:6582452289,binance:BTCUSDT,C,16.48,USD,2026-08-19T23:54:57.189888+00:00,posted
binance:6582452292,binance:BTCUSDT,C,825.27,USD,2026-08-19T23:32:37.792076+00:00,posted
binance:6582452317,binance:BTCUSDT,C,27.46,USD,2026-08-19T19:06:20.587708+00:00,posted
binance:6582452325,binance:BTCUSDT,C,1378.64,USD,2026-08-19T21:48:53.097566+00:00,posted
binance:6582452327,binance:BTCUSDT,C,5.49,USD,2026-08-19T22:20:14.980658+00:00,posted
binance:6582452328,binance:BTCUSDT,C,5.49,USD,2026-08-19T19:24:54.061661+00:00,posted
binance:6582452329,binance:BTCUSDT,C,10.98,USD,2026-08-19T22:19:32.995292+00:00,posted
binance:6582452331,binance:BTCUSDT,C,27.46,USD,2026-08-19T21:10:15.989079+00:00,posted
binance:6582452336,binance:BTCUSDT,C,27.46,USD,2026-08-19T22:45:57.575879+00:00,posted
binance:6582452341,binance:BTCUSDT,C,16.48,USD,2026-08-19T21:10:53.226634+00:00,posted
binance:6582452344,binance:BTCUSDT,C,3876.98,USD,2026-08-19T22:00:14.277460+00:00,posted
binance:6582452345,binance:BTCUSDT,C,16.48,USD,2026-08-19T23:50:28.999814+00:00,posted
binance:6582452348,binance:BTCUSDT,C,13099.41,USD,2026-08-19T22:42:19.581417+00:00,posted
binance:6582452354,binance:BTCUSDT,C,81.01,USD,2026-08-19T23:37:45.474189+00:00,posted
binance:6582452369,binance:BTCUSDT,C,38.45,USD,2026-08-19T20:55:07.991412+00:00,posted
binance:6582452376,binance:BTCUSDT,C,13.73,USD,2026-08-19T23:56:54.344413+00:00,posted
binance:6582452379,binance:BTCUSDT,C,81.01,USD,2026-08-19T20:45:11.707240+00:00,posted
binance:6582452394,binance:BTCUSDT,C,43.94,USD,2026-08-21T16:11:52.240452+00:00,posted
binance:6582452402,binance:BTCUSDT,C,12.36,USD,2026-08-19T19:54:41.377098+00:00,posted
binance:6582452403,binance:BTCUSDT,C,5.49,USD,2026-08-19T19:14:45.246572+00:00,posted
binance:6582452404,binance:BTCUSDT,D,7.55,USD,2026-08-19T19:43:29.812850+00:00,posted
binance:6582452405,binance:BTCUSDT,C,111.22,USD,2026-08-19T21:28:43.930552+00:00,posted
binance:6582452425,binance:BTCUSDT,C,32.95,USD,2026-08-19T23:57:31.136028+00:00,posted
binance:6582452431,binance:BTCUSDT,C,10.98,USD,2026-08-19T20:03:46.087328+00:00,posted
binance:6582452433,binance:BTCUSDT,C,5.49,USD,2026-08-20T00:16:04.025214+00:00,posted
binance:6582452434,binance:BTCUSDT,C,16.48,USD,2026-08-19T20:12:22.651570+00:00,posted
binance:6582452437,binance:BTCUSDT,D,29.52,USD,2026-08-19T19:43:58.015940+00:00,posted
coinbase:1073147466,coinbase:BTC-USD,C,0.00,USD,2026-08-19T21:32:27.574357+00:00,posted
coinbase:1073147468,coinbase:BTC-USD,D,4726.70,USD,2026-08-19T20:37:45.850442+00:00,posted
coinbase:1073147467,coinbase:BTC-USD,D,6375.10,USD,2026-08-21T02:35:09.657290+00:00,posted
coinbase:1073147469,coinbase:BTC-USD,D,0.01,USD,2026-08-19T21:26:48.761091+00:00,posted
coinbase:1073147471,coinbase:BTC-USD,D,661.11,USD,2026-08-19T23:05:19.476324+00:00,posted
coinbase:1073147470,coinbase:BTC-USD,D,1.15,USD,2026-08-19T23:00:26.616285+00:00,posted
coinbase:1073147472,coinbase:BTC-USD,D,26.70,USD,2026-08-19T23:42:05.828144+00:00,posted
coinbase:1073147473,coinbase:BTC-USD,D,15.67,USD,2026-08-19T23:34:37.912833+00:00,posted
coinbase:1073147474,coinbase:BTC-USD,D,348.60,USD,2026-08-19T19:20:40.750883+00:00,posted
coinbase:1073147475,coinbase:BTC-USD,D,352.28,USD,2026-08-20T00:03:59.152083+00:00,posted
coinbase:1073147476,coinbase:BTC-USD,D,14.24,USD,2026-08-20T00:07:57.003288+00:00,posted
coinbase:1073147477,coinbase:BTC-USD,D,53.62,USD,2026-08-19T22:07:29.926441+00:00,posted
coinbase:1073147478,coinbase:BTC-USD,D,16.66,USD,2026-08-19T19:19:55.728420+00:00,posted
binance:6582452438,binance:BTCUSDT,C,6865.24,USD,2026-08-19T21:33:43.471398+00:00,posted
coinbase:1073147479,coinbase:BTC-USD,C,9.72,USD,2026-08-19T19:25:16.416003+00:00,posted
coinbase:1073147480,coinbase:BTC-USD,C,0.00,USD,2026-08-19T20:45:39.310817+00:00,posted
binance:6582452446,binance:BTCUSDT,D,6.87,USD,2026-08-19T22:40:00.617559+00:00,posted
binance:6582452447,binance:BTCUSDT,C,31.58,USD,2026-08-19T21:30:47.146808+00:00,posted
binance:6582452448,binance:BTCUSDT,D,7165.93,USD,2026-08-19T19:37:14.078502+00:00,posted
binance:6582452449,binance:BTCUSDT,D,7165.93,USD,2026-08-22T05:55:44.862942+00:00,posted
binance:6582452450,binance:BTCUSDT,D,57.67,USD,2026-08-19T19:52:56.452540+00:00,posted
binance:6582452451,binance:BTCUSDT,D,38916.28,USD,2026-08-19T23:00:09.567138+00:00,posted
binance:6582452486,binance:BTCUSDT,D,10.98,USD,2026-08-19T21:22:37.558986+00:00,posted
binance:6582452488,binance:BTCUSDT,D,10.98,USD,2026-08-19T19:42:50.008551+00:00,posted
binance:6582452490,binance:BTCUSDT,D,10.98,USD,2026-08-19T22:42:19.979938+00:00,posted
binance:6582452492,binance:BTCUSDT,D,5.49,USD,2026-08-19T22:14:01.944959+00:00,posted
binance:6582452493,binance:BTCUSDT,D,16.48,USD,2026-08-19T22:54:52.508922+00:00,posted
binance:6582452496,binance:BTCUSDT,D,4162.53,USD,2026-08-19T23:06:05.896676+00:00,posted
binance:6582452498,binance:BTCUSDT,D,10.98,USD,2026-08-19T21:07:49.717396+00:00,posted
binance:6582452500,binance:BTCUSDT,D,10.98,USD,2026-08-19T23:42:40.717099+00:00,posted
binance:6582452502,binance:BTCUSDT,D,16.48,USD,2026-08-19T21:36:38.899812+00:00,posted
binance:6582452505,binance:BTCUSDT,D,2954.92,USD,2026-08-19T23:57:45.082076+00:00,posted
binance:6582452522,binance:BTCUSDT,D,10.98,USD,2026-08-19T23:00:28.031850+00:00,posted
binance:6582452524,binance:BTCUSDT,D,5.49,USD,2026-08-19T21:37:02.529237+00:00,posted
binance:6582452525,binance:BTCUSDT,D,27.46,USD,2026-08-20T00:10:21.534503+00:00,posted
binance:6582452530,binance:BTCUSDT,D,38.45,USD,2026-08-19T19:06:36.097904+00:00,posted
binance:6582452537,binance:BTCUSDT,D,27.46,USD,2026-08-19T22:24:10.513211+00:00,posted
binance:6582452542,binance:BTCUSDT,D,6.18,USD,2026-08-19T23:44:08.745405+00:00,posted
binance:6582452543,binance:BTCUSDT,D,11.67,USD,2026-08-19T21:04:41.269895+00:00,posted
binance:6582452545,binance:BTCUSDT,D,38.45,USD,2026-08-19T22:37:34.674811+00:00,posted
binance:6582452552,binance:BTCUSDT,D,7.55,USD,2026-08-19T22:44:25.735668+00:00,posted
binance:6582452553,binance:BTCUSDT,D,30.90,USD,2026-08-19T20:39:53.340739+00:00,posted
binance:6582452557,binance:BTCUSDT,D,1071.10,USD,2026-08-19T23:43:23.153732+00:00,posted
binance:6582452570,binance:BTCUSDT,D,10.99,USD,2026-08-19T19:34:46.888872+00:00,posted
binance:6582452572,binance:BTCUSDT,D,5.49,USD,2026-08-19T22:18:47.836092+00:00,posted
binance:6582452573,binance:BTCUSDT,D,16.48,USD,2026-08-19T22:12:21.346676+00:00,posted
binance:6582452576,binance:BTCUSDT,D,10005.32,USD,2026-08-19T21:12:13.472596+00:00,posted
binance:6582452578,binance:BTCUSDT,D,10.99,USD,2026-08-19T23:14:13.280340+00:00,posted
binance:6582452580,binance:BTCUSDT,D,10.99,USD,2026-08-19T23:02:11.951625+00:00,posted
binance:6582452582,binance:BTCUSDT,D,12.36,USD,2026-08-19T19:14:07.788281+00:00,posted
binance:6582452583,binance:BTCUSDT,D,5.49,USD,2026-08-19T20:55:00.898070+00:00,posted
binance:6582452584,binance:BTCUSDT,D,16.48,USD,2026-08-19T23:36:40.563200+00:00,posted
binance:6582452587,binance:BTCUSDT,D,5.49,USD,2026-08-19T21:44:46.672449+00:00,posted
binance:6582452588,binance:BTCUSDT,D,17.17,USD,2026-08-19T21:35:10.123815+00:00,posted
binance:6582452591,binance:BTCUSDT,D,6.18,USD,2026-08-19T20:38:45.061820+00:00,posted
binance:6582452592,binance:BTCUSDT,D,32.96,USD,2026-08-19T18:54:02.776496+00:00,posted
binance:6582452593,binance:BTCUSDT,D,5.49,USD,2026-08-19T21:44:29.692328+00:00,posted
binance:6582452594,binance:BTCUSDT,D,20.60,USD,2026-08-19T23:20:57.159937+00:00,posted
binance:6582452595,binance:BTCUSDT,D,2624.37,USD,2026-08-19T21:05:49.394491+00:00,posted
coinbase:1073147482,coinbase:BTC-USD,C,8.27,USD,2026-08-19T22:47:52.372451+00:00,posted
coinbase:1073147481,coinbase:BTC-USD,C,410.28,USD,2026-08-19T20:12:02.224243+00:00,posted
binance:6582452596,binance:BTCUSDT,D,10.30,USD,2026-08-19T19:27:10.545767+00:00,posted
coinbase:1073147484,coinbase:BTC-USD,C,417.33,USD,2026-08-19T23:56:57.640100+00:00,posted
coinbase:1073147483,coinbase:BTC-USD,C,1.23,USD,2026-08-19T21:55:13.266599+00:00,posted
binance:6582452598,binance:BTCUSDT,D,1235.97,USD,2026-08-19T20:04:13.783073+00:00,posted
binance:6582452607,binance:BTCUSDT,D,755.31,USD,2026-08-19T21:58:14.613699+00:00,posted
binance:6582452608,binance:BTCUSDT,D,617.98,USD,2026-08-19T23:55:42.336629+00:00,posted
binance:6582452609,binance:BTCUSDT,D,617.98,USD,2026-08-19T23:25:00.072252+00:00,posted
binance:6582452610,binance:BTCUSDT,D,8950.46,USD,2026-08-19T20:25:03.253875+00:00,posted
binance:6582452612,binance:BTCUSDT,D,6863.05,USD,2026-08-19T23:15:17.632802+00:00,posted
binance:6582452624,binance:BTCUSDT,D,5.49,USD,2026-08-19T19:32:30.499552+00:00,posted
binance:6582452625,binance:BTCUSDT,D,54.93,USD,2026-08-19T22:49:41.809978+00:00,posted
binance:6582452635,binance:BTCUSDT,D,11.67,USD,2026-08-21T03:30:52.615329+00:00,posted
binance:6582452637,binance:BTCUSDT,D,13.05,USD,2026-08-19T21:16:14.395900+00:00,posted
binance:6582452639,binance:BTCUSDT,D,10.99,USD,2026-08-19T21:06:47.770220+00:00,posted
binance:6582452641,binance:BTCUSDT,D,53.56,USD,2026-08-19T19:16:45.588510+00:00,posted
binance:6582452642,binance:BTCUSDT,D,25.41,USD,2026-08-19T19:29:14.319761+00:00,posted
binance:6582452643,binance:BTCUSDT,D,6.18,USD,2026-08-19T19:12:04.905306+00:00,posted
binance:6582452644,binance:BTCUSDT,D,12.36,USD,2026-08-19T20:59:13.589412+00:00,posted
binance:6582452645,binance:BTCUSDT,D,5.49,USD,2026-08-19T23:03:19.795451+00:00,posted
binance:6582452646,binance:BTCUSDT,D,11.67,USD,2026-08-19T21:59:08.280798+00:00,posted
binance:6582452648,binance:BTCUSDT,D,6.18,USD,2026-08-20T00:15:09.999156+00:00,posted
binance:6582452649,binance:BTCUSDT,D,6.87,USD,2026-08-19T23:59:05.902669+00:00,posted
binance:6582452650,binance:BTCUSDT,D,6.18,USD,2026-08-19T21:03:54.128568+00:00,posted
binance:6582452651,binance:BTCUSDT,D,16.48,USD,2026-08-21T10:57:24.598880+00:00,posted
binance:6582452654,binance:BTCUSDT,D,6.18,USD,2026-08-19T21:17:21.781445+00:00,posted
binance:6582452656,binance:BTCUSDT,D,206.02,USD,2026-08-19T21:35:40.154607+00:00,posted
binance:6582452661,binance:BTCUSDT,D,686.72,USD,2026-08-22T12:28:11.723000+00:00,posted
coinbase:1073147486,coinbase:BTC-USD,C,9942.49,USD,2026-08-19T18:57:04.718214+00:00,posted
coinbase:1073147498,coinbase:BTC-USD,C,12789.38,USD,2026-08-21T03:16:25.479473+00:00,posted
coinbase:1073147497,coinbase:BTC-USD,C,1.17,USD,2026-08-19T19:25:30.660463+00:00,posted
coinbase:1073147496,coinbase:BTC-USD,C,75.02,USD,2026-08-19T19:22:43.748523+00:00,posted
coinbase:1073147495,coinbase:BTC-USD,C,1.17,USD,2026-08-19T20:21:52.985882+00:00,posted
coinbase:1073147494,coinbase:BTC-USD,C,1990.33,USD,2026-08-19T19:25:10.388320+00:00,posted
coinbase:1073147493,coinbase:BTC-USD,C,1.17,USD,2026-08-19T20:49:53.395756+00:00,posted
coinbase:1073147492,coinbase:BTC-USD,C,342.33,USD,2026-08-19T18:55:33.052646+00:00,posted
coinbase:1073147491,coinbase:BTC-USD,C,1.17,USD,2026-08-19T23:04:58.183997+00:00,posted
coinbase:1073147490,coinbase:BTC-USD,C,0.08,USD,2026-08-19T23:55:28.141469+00:00,posted
coinbase:1073147489,coinbase:BTC-USD,C,0.17,USD,2026-08-19T20:19:52.042032+00:00,posted
coinbase:1073147488,coinbase:BTC-USD,C,0.08,USD,2026-08-19T22:50:24.366956+00:00,posted
binance:6582452662,binance:BTCUSDT,D,355.04,USD,2026-08-19T19:08:36.886865+00:00,posted
binance:6582452663,binance:BTCUSDT,D,374.95,USD,2026-08-19T21:53:01.235726+00:00,posted
binance:6582452664,binance:BTCUSDT,D,348.85,USD,2026-08-19T23:04:09.826107+00:00,posted
binance:6582452665,binance:BTCUSDT,D,686.72,USD,2026-08-19T22:43:55.792209+00:00,posted
coinbase:1073147499,coinbase:BTC-USD,C,1.17,USD,2026-08-19T22:57:45.805130+00:00,posted
coinbase:1073147500,coinbase:BTC-USD,C,1.17,USD,2026-08-19T21:18:25.713539+00:00,posted
coinbase:1073147509,coinbase:BTC-USD,C,10046.80,USD,2026-08-19T21:14:30.859593+00:00,posted
coinbase:1073147508,coinbase:BTC-USD,C,7963.40,USD,2026-08-19T20:33:38.462238+00:00,posted
coinbase:1073147507,coinbase:BTC-USD,C,1.17,USD,2026-08-19T22:25:36.325550+00:00,posted
coinbase:1073147506,coinbase:BTC-USD,C,49.67,USD,2026-08-19T20:03:09.060975+00:00,posted
coinbase:1073147505,coinbase:BTC-USD,C,1.17,USD,2026-08-19T21:44:50.869890+00:00,posted
coinbase:1073147504,coinbase:BTC-USD,C,101.29,USD,2026-08-19T23:40:02.034433+00:00,posted
coinbase:1073147503,coinbase:BTC-USD,C,1.17,USD,2026-08-19T22:19:28.327051+00:00,posted
coinbase:1073147502,coinbase:BTC-USD,C,1.17,USD,2026-08-19T22:39:41.910562+00:00,posted
coinbase:1073147501,coinbase:BTC-USD,C,5.98,USD,2026-08-19T23:09:03.123636+00:00,posted
coinbase:1073147515,coinbase:BTC-USD,C,4988.32,USD,2026-08-19T21:50:54.374990+00:00,posted
coinbase:1073147514,coinbase:BTC-USD,C,7676.61,USD,2026-08-19T22:10:29.529375+00:00,posted
coinbase:1073147513,coinbase:BTC-USD,C,50.03,USD,2026-08-19T19:03:46.101933+00:00,posted
coinbase:1073147512,coinbase:BTC-USD,C,1.17,USD,2026-08-19T19:48:49.227373+00:00,posted
coinbase:1073147511,coinbase:BTC-USD,C,1373.14,USD,2026-08-19T23:42:17.101839+00:00,posted
coinbase:1073147510,coinbase:BTC-USD,C,8000.00,USD,2026-08-19T23:55:15.588928+00:00,posted
binance:6582452666,binance:BTCUSDT,D,76.23,USD,2026-08-19T18:52:34.886954+00:00,posted
binance:6582452679,binance:BTCUSDT,D,10.99,USD,2026-08-19T20:07:15.886549+00:00,posted
binance:6582452681,binance:BTCUSDT,D,10.99,USD,2026-08-19T23:39:14.795409+00:00,posted
binance:6582452683,binance:BTCUSDT,D,5.49,USD,2026-08-21T14:00:40.365629+00:00,posted
binance:6582452684,binance:BTCUSDT,D,16.48,USD,2026-08-19T20:58:54.807732+00:00,posted
coinbase:1073147517,coinbase:BTC-USD,D,0.00,USD,2026-08-19T20:38:30.380646+00:00,posted
binance:6582452687,binance:BTCUSDT,D,10.30,USD,2026-08-19T18:54:15.578416+00:00,posted
coinbase:1073147518,coinbase:BTC-USD,C,0.00,USD,2026-08-19T20:52:23.135681+00:00,posted
binance:6582452688,binance:BTCUSDT,D,206.02,USD,2026-08-21T20:16:38.951463+00:00,posted
binance:6582452689,binance:BTCUSDT,D,2000.47,USD,2026-08-19T19:46:36.389739+00:00,posted
coinbase:1073147519,coinbase:BTC-USD,D,823.81,USD,2026-08-19T19:37:13.259736+00:00,posted
coinbase:1073147520,coinbase:BTC-USD,D,0.02,USD,2026-08-19T22:30:16.149993+00:00,posted
binance:6582452690,binance:BTCUSDT,D,17310.62,USD,2026-08-19T18:55:17.711610+00:00,posted
binance:6582452706,binance:BTCUSDT,D,10.99,USD,2026-08-19T19:33:20.440899+00:00,posted
binance:6582452708,binance:BTCUSDT,D,10.99,USD,2026-08-19T20:11:26.820942+00:00,posted
binance:6582452712,binance:BTCUSDT,D,16.48,USD,2026-08-19T21:29:00.714930+00:00,posted
binance:6582452715,binance:BTCUSDT,D,2944.06,USD,2026-08-19T20:53:23.687857+00:00,posted
binance:6582452727,binance:BTCUSDT,D,5.49,USD,2026-08-19T19:06:20.237162+00:00,posted
binance:6582452728,binance:BTCUSDT,D,5.49,USD,2026-08-19T21:00:39.837979+00:00,posted
binance:6582452729,binance:BTCUSDT,D,6.18,USD,2026-08-19T21:00:48.101037+00:00,posted
binance:6582452730,binance:BTCUSDT,D,12.36,USD,2026-08-19T23:38:45.610741+00:00,posted
binance:6582452731,binance:BTCUSDT,D,16.48,USD,2026-08-20T00:04:16.522819+00:00,posted
binance:6582452734,binance:BTCUSDT,D,67.30,USD,2026-08-19T20:07:36.788699+00:00,posted
binance:6582452746,binance:BTCUSDT,D,27.47,USD,2026-08-19T23:05:26.970896+00:00,posted
binance:6582452751,binance:BTCUSDT,D,5.49,USD,2026-08-19T21:00:33.299244+00:00,posted
binance:6582452752,binance:BTCUSDT,D,6.18,USD,2026-08-21T04:02:17.083503+00:00,posted
binance:6582452754,binance:BTCUSDT,D,6.18,USD,2026-08-19T23:04:23.798521+00:00,posted
binance:6582452755,binance:BTCUSDT,D,4042.42,USD,2026-08-19T21:06:10.028641+00:00,posted
binance:6582452756,binance:BTCUSDT,D,16.48,USD,2026-08-19T21:15:24.221624+00:00,posted
coinbase:1073147522,coinbase:BTC-USD,C,0.00,USD,2026-08-19T23:20:01.439041+00:00,posted
kraken:105348483,kraken:XBTUSD,C,34.31,USD,2026-08-20T00:07:07.153905+00:00,posted
coinbase:1073147523,coinbase:BTC-USD,C,3020.65,USD,2026-08-19T21:25:27.287564+00:00,posted
coinbase:1073147524,coinbase:BTC-USD,C,0.00,USD,2026-08-19T23:23:21.921331+00:00,posted
binance:6582452760,binance:BTCUSDT,D,892.82,USD,2026-08-19T20:42:18.189822+00:00,posted
binance:6582452761,binance:BTCUSDT,D,618.11,USD,2026-08-19T21:59:26.267496+00:00,posted
binance:6582452762,binance:BTCUSDT,D,618.11,USD,2026-08-19T19:01:20.714660+00:00,posted
binance:6582452763,binance:BTCUSDT,D,755.47,USD,2026-08-19T21:52:09.133243+00:00,posted
binance:6582452764,binance:BTCUSDT,D,17.17,USD,2026-08-19T20:56:47.184043+00:00,posted
coinbase:1073147525,coinbase:BTC-USD,C,0.00,USD,2026-08-19T19:32:25.355459+00:00,posted
kraken:105348484,kraken:XBTUSD,D,50.00,USD,2026-08-19T20:18:33.566319+00:00,posted
kraken:105348485,kraken:XBTUSD,D,68.63,USD,2026-08-21T03:24:34.733791+00:00,posted
kraken:105348486,kraken:XBTUSD,D,6.86,USD,2026-08-19T20:31:22.710059+00:00,posted
kraken:105348487,kraken:XBTUSD,D,3.50,USD,2026-08-19T20:39:24.470086+00:00,posted
kraken:105348488,kraken:XBTUSD,D,11.19,USD,2026-08-19T22:54:43.633233+00:00,posted
kraken:105348489,kraken:XBTUSD,D,3.50,USD,2026-08-19T20:07:29.672054+00:00,posted
kraken:105348490,kraken:XBTUSD,D,3.50,USD,2026-08-19T20:39:04.562145+00:00,posted
kraken:105348491,kraken:XBTUSD,D,840.72,USD,2026-08-19T22:04:10.662623+00:00,posted
binance:6582452765,binance:BTCUSDT,D,94.78,USD,2026-08-19T22:19:40.238180+00:00,posted
coinbase:1073147527,coinbase:BTC-USD,D,0.00,USD,2026-08-19T23:43:49.510585+00:00,posted
binance:6582452766,binance:BTCUSDT,D,10000.31,USD,2026-08-19T21:02:41.570049+00:00,posted
binance:6582452767,binance:BTCUSDT,D,1236.22,USD,2026-08-19T22:38:26.275566+00:00,posted
binance:6582452769,binance:BTCUSDT,D,2747.15,USD,2026-08-19T22:20:33.073067+00:00,posted
binance:6582452770,binance:BTCUSDT,D,1373.57,USD,2026-08-19T22:28:11.416081+00:00,posted
binance:6582452771,binance:BTCUSDT,D,686.79,USD,2026-08-19T23:14:34.016697+00:00,posted
binance:6582452772,binance:BTCUSDT,D,206.04,USD,2026-08-19T20:44:28.697661+00:00,posted
binance:6582452781,binance:BTCUSDT,D,19872.18,USD,2026-08-19T22:59:46.700718+00:00,posted
binance:6582452799,binance:BTCUSDT,D,16.48,USD,2026-08-19T18:49:07.918244+00:00,posted
binance:6582452802,binance:BTCUSDT,D,28.85,USD,2026-08-19T23:55:18.686418+00:00,posted
binance:6582452807,binance:BTCUSDT,D,10.99,USD,2026-08-19T19:59:27.090141+00:00,posted
binance:6582452814,binance:BTCUSDT,D,27.47,USD,2026-08-19T23:50:24.675055+00:00,posted
binance:6582452819,binance:BTCUSDT,D,30.22,USD,2026-08-19T19:16:02.318082+00:00,posted
binance:6582452820,binance:BTCUSDT,D,10.99,USD,2026-08-21T05:38:12.189350+00:00,posted
binance:6582452822,binance:BTCUSDT,D,7.55,USD,2026-08-19T20:03:39.288287+00:00,posted
binance:6582452823,binance:BTCUSDT,D,5.49,USD,2026-08-19T20:46:08.364739+00:00,posted
binance:6582452824,binance:BTCUSDT,D,16.48,USD,2026-08-19T23:44:50.231284+00:00,posted
binance:6582452827,binance:BTCUSDT,D,50.82,USD,2026-08-19T19:55:20.892163+00:00,posted
binance:6582452836,binance:BTCUSDT,D,851.66,USD,2026-08-19T23:17:19.227719+00:00,posted
binance:6582452837,binance:BTCUSDT,D,46.02,USD,2026-08-19T23:33:25.327404+00:00,posted
binance:6582452845,binance:BTCUSDT,D,16.48,USD,2026-08-19T21:29:22.410165+00:00,posted
binance:6582452848,binance:BTCUSDT,D,16.48,USD,2026-08-19T22:24:05.787740+00:00,posted
binance:6582452851,binance:BTCUSDT,D,5.49,USD,2026-08-19T22:31:32.182308+00:00,posted
binance:6582452852,binance:BTCUSDT,D,27.47,USD,2026-08-19T19:07:55.127375+00:00,posted
binance:6582452857,binance:BTCUSDT,D,16.48,USD,2026-08-19T19:07:48.963564+00:00,posted
binance:6582452860,binance:BTCUSDT,C,30.91,USD,2026-08-19T21:54:25.098156+00:00,posted
coinbase:1073147528,coinbase:BTC-USD,D,0.03,USD,2026-08-19T21:38:58.039633+00:00,posted
coinbase:1073147529,coinbase:BTC-USD,C,56.95,USD,2026-08-19T19:49:39.785904+00:00,posted
binance:6582452861,binance:BTCUSDT,C,17.17,USD,2026-08-20T00:13:41.780802+00:00,posted
binance:6582452862,binance:BTCUSDT,C,20345.14,USD,2026-08-19T21:42:13.405043+00:00,posted
binance:6582452864,binance:BTCUSDT,D,2747.30,USD,2026-08-19T21:51:11.680350+00:00,posted
binance:6582452867,binance:BTCUSDT,D,1236.29,USD,2026-08-19T23:57:34.257631+00:00,posted
binance:6582452883,binance:BTCUSDT,D,755.51,USD,2026-08-19T19:26:31.400390+00:00,posted
binance:6582452884,binance:BTCUSDT,D,206.05,USD,2026-08-19T21:29:53.794366+00:00,posted
coinbase:1073147530,coinbase:BTC-USD,D,0.00,USD,2026-08-19T19:00:42.064650+00:00,posted
coinbase:1073147531,coinbase:BTC-USD,C,6.39,USD,2026-08-19T19:01:51.417679+00:00,posted
coinbase:1073147532,coinbase:BTC-USD,D,2222.07,USD,2026-08-19T21:42:03.295371+00:00,posted
coinbase:1073147534,coinbase:BTC-USD,D,42.37,USD,2026-08-19T20:55:40.401438+00:00,posted
coinbase:1073147533,coinbase:BTC-USD,D,758.02,USD,2026-08-19T23:36:47.545009+00:00,posted
coinbase:1073147535,coinbase:BTC-USD,D,44.30,USD,2026-08-20T00:13:08.862201+00:00,posted
coinbase:1073147536,coinbase:BTC-USD,D,0.36,USD,2026-08-19T22:33:54.698655+00:00,posted
coinbase:1073147537,coinbase:BTC-USD,C,130.92,USD,2026-08-19T23:48:58.151454+00:00,posted
coinbase:1073147540,coinbase:BTC-USD,D,252.95,USD,2026-08-19T20:35:00.392759+00:00,posted
coinbase:1073147538,coinbase:BTC-USD,D,56.95,USD,2026-08-19T22:01:53.854273+00:00,posted
coinbase:1073147542,coinbase:BTC-USD,D,309.99,USD,2026-08-19T20:36:40.938874+00:00,posted
coinbase:1073147541,coinbase:BTC-USD,D,490.47,USD,2026-08-19T19:21:56.993598+00:00,posted
coinbase:1073147544,coinbase:BTC-USD,D,975.35,USD,2026-08-19T20:38:49.628299+00:00,posted
coinbase:1073147543,coinbase:BTC-USD,D,625.68,USD,2026-08-19T23:57:43.991363+00:00,posted
coinbase:1073147545,coinbase:BTC-USD,C,0.00,USD,2026-08-19T22:10:49.196596+00:00,posted
binance:6582452886,binance:BTCUSDT,D,12.36,USD,2026-08-19T22:12:43.804400+00:00,posted
binance:6582452889,binance:BTCUSDT,D,12.36,USD,2026-08-19T19:14:35.486042+00:00,posted
coinbase:1073147546,coinbase:BTC-USD,D,0.00,USD,2026-08-19T23:40:05.611256+00:00,posted
coinbase:1073147547,coinbase:BTC-USD,C,0.00,USD,2026-08-19T23:04:38.360879+00:00,posted
coinbase:1073147548,coinbase:BTC-USD,C,0.00,USD,2026-08-19T20:25:51.307527+00:00,posted
coinbase:1073147549,coinbase:BTC-USD,D,420.00,USD,2026-08-19T19:08:04.830987+00:00,posted
coinbase:1073147550,coinbase:BTC-USD,D,419.98,USD,2026-08-19T21:50:55.516240+00:00,posted
coinbase:1073147551,coinbase:BTC-USD,D,0.01,USD,2026-08-19T20:52:15.032625+00:00,posted
coinbase:1073147552,coinbase:BTC-USD,D,419.98,USD,2026-08-21T05:27:43.965395+00:00,posted
binance:6582452892,binance:BTCUSDT,C,355.09,USD,2026-08-19T22:24:04.927825+00:00,posted
coinbase:1073147554,coinbase:BTC-USD,C,0.14,USD,2026-08-19T23:08:46.835757+00:00,posted
coinbase:1073147555,coinbase:BTC-USD,C,0.00,USD,2026-08-19T22:10:43.380926+00:00,posted
coinbase:1073147556,coinbase:BTC-USD,C,0.00,USD,2026-08-19T23:55:46.979539+00:00,posted
binance:6582452893,binance:BTCUSDT,C,41.90,USD,2026-08-19T21:16:13.667915+00:00,posted
coinbase:1073147557,coinbase:BTC-USD,D,0.00,USD,2026-08-19T19:49:54.093301+00:00,posted
coinbase:1073147558,coinbase:BTC-USD,C,0.00,USD,2026-08-20T21:30:54.655610+00:00,posted
binance:6582452894,binance:BTCUSDT,C,682.70,USD,2026-08-19T19:50:16.648927+00:00,posted
binance:6582452895,binance:BTCUSDT,C,79.67,USD,2026-08-19T22:16:42.886966+00:00,posted
kraken:105348493,kraken:XBTUSD,D,50.00,USD,2026-08-19T21:05:19.024172+00:00,posted
kraken:105348494,kraken:XBTUSD,D,68.65,USD,2026-08-19T21:13:06.646912+00:00,posted
kraken:105348495,kraken:XBTUSD,D,6.86,USD,2026-08-19T23:09:24.192066+00:00,posted
coinbase:1073147559,coinbase:BTC-USD,D,400.09,USD,2026-08-19T21:35:43.070398+00:00,posted
coinbase:1073147560,coinbase:BTC-USD,C,0.00,USD,2026-08-19T20:44:26.510560+00:00,posted
binance:6582452896,binance:BTCUSDT,D,17.86,USD,2026-08-19T21:44:57.853384+00:00,posted
binance:6582452899,binance:BTCUSDT,D,17.86,USD,2026-08-19T21:21:19.778448+00:00,posted
coinbase:1073147561,coinbase:BTC-USD,D,0.01,USD,2026-08-19T20:22:26.348113+00:00,posted
coinbase:1073147562,coinbase:BTC-USD,C,0.00,USD,2026-08-19T21:37:13.478969+00:00,posted
coinbase:1073147564,coinbase:BTC-USD,C,481.34,USD,2026-08-19T19:34:06.502204+00:00,posted
coinbase:1073147563,coinbase:BTC-USD,C,200.30,USD,2026-08-19T23:16:43.253596+00:00,posted
coinbase:1073147565,coinbase:BTC-USD,D,0.00,USD,2026-08-19T19:04:24.668201+00:00,posted
coinbase:1073147566,coinbase:BTC-USD,D,0.00,USD,2026-08-20T00:08:38.466021+00:00,posted
coinbase:1073147567,coinbase:BTC-USD,C,0.00,USD,2026-08-19T19:52:48.610499+00:00,posted
coinbase:1073147568,coinbase:BTC-USD,C,47.35,USD,2026-08-19T22:35:40.364754+00:00,posted
binance:6582452900,binance:BTCUSDT,C,137.37,USD,2026-08-19T22:04:19.032606+00:00,posted
coinbase:1073147569,coinbase:BTC-USD,C,0.00,USD,2026-08-22T03:43:50.261131+00:00,posted
binance:6582452901,binance:BTCUSDT,D,2027.51,USD,2026-08-19T22:09:42.674118+00:00,posted
binance:6582452930,binance:BTCUSDT,C,1042.60,USD,2026-08-19T19:39:57.012735+00:00,posted
coinbase:1073147570,coinbase:BTC-USD,C,0.00,USD,2026-08-19T23:06:49.960090+00:00,posted
coinbase:1073147571,coinbase:BTC-USD,D,0.00,USD,2026-08-21T22:21:58.373204+00:00,posted
coinbase:1073147572,coinbase:BTC-USD,D,2.11,USD,2026-08-19T21:20:21.548083+00:00,posted
coinbase:1073147573,coinbase:BTC-USD,C,0.00,USD,2026-08-19T21:25:02.937099+00:00,posted
binance:6582452931,binance:BTCUSDT,C,52.89,USD,2026-08-19T23:15:14.368845+00:00,posted
binance:6582452932,binance:BTCUSDT,C,745.89,USD,2026-08-19T20:50:27.306711+00:00,posted
binance:6582452933,binance:BTCUSDT,D,1373.65,USD,2026-08-19T23:19:00.764598+00:00,posted
binance:6582452948,binance:BTCUSDT,D,480.78,USD,2026-08-19T21:49:27.193801+00:00,posted
binance:6582452949,binance:BTCUSDT,D,480.78,USD,2026-08-19T21:11:44.380766+00:00,posted
binance:6582452950,binance:BTCUSDT,D,100.28,USD,2026-08-19T23:47:35.934547+00:00,posted
binance:6582452965,binance:BTCUSDT,D,27.47,USD,2026-08-20T00:08:15.424651+00:00,posted
binance:6582452970,binance:BTCUSDT,D,11.68,USD,2026-08-19T20:20:09.498503+00:00,posted
binance:6582452972,binance:BTCUSDT,D,6.18,USD,2026-08-19T20:12:51.879279+00:00,posted
binance:6582452973,binance:BTCUSDT,D,5.49,USD,2026-08-19T23:26:05.478840+00:00,posted
binance:6582452974,binance:BTCUSDT,D,10.99,USD,2026-08-19T19:51:04.855688+00:00,posted
binance:6582452976,binance:BTCUSDT,D,16.48,USD,2026-08-19T20:12:47.716398+00:00,posted
binance:6582452979,binance:BTCUSDT,D,100.28,USD,2026-08-21T00:51:39.987756+00:00,posted
binance:6582452997,binance:BTCUSDT,D,21.98,USD,2026-08-19T23:38:27.533191+00:00,posted
binance:6582453001,binance:BTCUSDT,D,5.49,USD,2026-08-19T19:55:47.005098+00:00,posted
binance:6582453004,binance:BTCUSDT,D,5.49,USD,2026-08-19T19:42:57.229175+00:00,posted
binance:6582453005,binance:BTCUSDT,D,7.56,USD,2026-08-19T23:10:04.957054+00:00,posted
binance:6582453006,binance:BTCUSDT,D,16.48,USD,2026-08-19T21:09:31.922628+00:00,posted
binance:6582453009,binance:BTCUSDT,D,311.84,USD,2026-08-19T19:25:30.472729+00:00,posted
binance:6582453010,binance:BTCUSDT,D,341.38,USD,2026-08-19T19:29:34.042666+00:00,posted
binance:6582453011,binance:BTCUSDT,D,206.06,USD,2026-08-19T21:42:08.906283+00:00,posted
coinbase:1073147574,coinbase:BTC-USD,C,0.00,USD,2026-08-19T20:31:19.803098+00:00,posted
coinbase:1073147575,coinbase:BTC-USD,C,0.00,USD,2026-08-19T22:16:20.269178+00:00,posted
binance:6582453032,binance:BTCUSDT,C,3167.17,USD,2026-08-19T22:58:13.875020+00:00,posted
binance:6582453033,binance:BTCUSDT,C,3482.45,USD,2026-08-19T23:28:22.855573+00:00,posted
coinbase:1073147576,coinbase:BTC-USD,D,0.01,USD,2026-08-19T19:35:26.672089+00:00,posted
coinbase:1073147577,coinbase:BTC-USD,D,0.01,USD,2026-08-19T22:14:08.350658+00:00,posted
coinbase:1073147578,coinbase:BTC-USD,D,0.00,USD,2026-08-19T19:28:09.031937+00:00,posted
binance:6582453037,binance:BTCUSDT,C,3397.28,USD,2026-08-19T21:59:10.005008+00:00,posted
binance:6582453038,binance:BTCUSDT,C,136.00,USD,2026-08-19T22:46:25.768161+00:00,posted
coinbase:1073147579,coinbase:BTC-USD,D,41.49,USD,2026-08-19T23:07:27.098278+00:00,posted
coinbase:1073147580,coinbase:BTC-USD,D,292.96,USD,2026-08-19T19:41:40.590756+00:00,posted
binance:6582453039,binance:BTCUSDT,D,2747.49,USD,2026-08-19T23:37:37.637321+00:00,posted
binance:6582453040,binance:BTCUSDT,D,1373.75,USD,2026-08-19T20:49:56.148616+00:00,posted
binance:6582453041,binance:BTCUSDT,D,10000.19,USD,2026-08-19T19:45:29.850645+00:00,posted
binance:6582453042,binance:BTCUSDT,D,686.87,USD,2026-08-22T12:59:22.506873+00:00,posted
binance:6582453043,binance:BTCUSDT,D,1480.90,USD,2026-08-20T00:01:49.568464+00:00,posted
binance:6582453066,binance:BTCUSDT,D,6.87,USD,2026-08-19T21:58:13.177362+00:00,posted
binance:6582453068,binance:BTCUSDT,D,53.58,USD,2026-08-19T23:07:20.047730+00:00,posted
binance:6582453078,binance:BTCUSDT,D,7.56,USD,2026-08-19T19:54:48.235031+00:00,posted
binance:6582453079,binance:BTCUSDT,D,43.96,USD,2026-08-19T21:15:36.868385+00:00,posted
binance:6582453087,binance:BTCUSDT,D,1236.40,USD,2026-08-19T19:58:33.845782+00:00,posted
binance:6582453088,binance:BTCUSDT,D,755.58,USD,2026-08-19T20:50:51.932669+00:00,posted
binance:6582453089,binance:BTCUSDT,D,618.20,USD,2026-08-19T23:24:25.835684+00:00,posted
binance:6582453090,binance:BTCUSDT,D,618.20,USD,2026-08-19T19:14:23.917537+00:00,posted
binance:6582453091,binance:BTCUSDT,D,206.07,USD,2026-08-19T20:23:47.649729+00:00,posted
coinbase:1073147582,coinbase:BTC-USD,C,64.86,USD,2026-08-19T20:02:23.220839+00:00,posted
coinbase:1073147581,coinbase:BTC-USD,C,5.86,USD,2026-08-19T21:07:02.531193+00:00,posted
coinbase:1073147583,coinbase:BTC-USD,C,1991.10,USD,2026-08-19T21:01:23.004135+00:00,posted
coinbase:1073147584,coinbase:BTC-USD,D,0.00,USD,2026-08-19T20:31:02.811494+00:00,posted
kraken:105348496,kraken:XBTUSD,D,50.00,USD,2026-08-19T19:45:41.223564+00:00,posted
kraken:105348497,kraken:XBTUSD,D,6.87,USD,2026-08-19T22:19:23.848172+00:00,posted
kraken:105348498,kraken:XBTUSD,D,68.63,USD,2026-08-19T19:13:37.708608+00:00,posted
kraken:105348499,kraken:XBTUSD,D,0.02,USD,2026-08-19T21:35:39.097230+00:00,posted
binance:6582453092,binance:BTCUSDT,C,58.39,USD,2026-08-19T23:05:46.136260+00:00,posted
binance:6582453093,binance:BTCUSDT,C,910.13,USD,2026-08-19T19:18:54.383372+00:00,posted
binance:6582453095,binance:BTCUSDT,D,10409.82,USD,2026-08-19T20:36:34.307263+00:00,posted
binance:6582453115,binance:BTCUSDT,D,38.47,USD,2026-08-19T20:08:56.370130+00:00,posted
binance:6582453122,binance:BTCUSDT,D,10.99,USD,2026-08-19T23:00:01.862511+00:00,posted
binance:6582453124,binance:BTCUSDT,D,11.68,USD,2026-08-19T19:49:20.622245+00:00,posted
binance:6582453126,binance:BTCUSDT,D,10.99,USD,2026-08-19T19:31:55.631497+00:00,posted
binance:6582453128,binance:BTCUSDT,D,12.36,USD,2026-08-19T22:42:46.372112+00:00,posted
binance:6582453129,binance:BTCUSDT,D,6.18,USD,2026-08-19T20:12:36.383793+00:00,posted
binance:6582453130,binance:BTCUSDT,D,5.50,USD,2026-08-19T20:19:26.438351+00:00,posted
binance:6582453131,binance:BTCUSDT,D,16.49,USD,2026-08-20T00:15:23.380237+00:00,posted
binance:6582453134,binance:BTCUSDT,D,1805.20,USD,2026-08-19T23:17:38.756059+00:00,posted
binance:6582453136,binance:BTCUSDT,D,10.99,USD,2026-08-19T18:50:21.338263+00:00,posted
binance:6582453138,binance:BTCUSDT,D,199.89,USD,2026-08-20T00:12:53.539608+00:00,posted
binance:6582453139,binance:BTCUSDT,D,5.50,USD,2026-08-19T23:32:02.131192+00:00,posted
binance:6582453140,binance:BTCUSDT,D,16.49,USD,2026-08-19T22:45:07.952624+00:00,posted
binance:6582453143,binance:BTCUSDT,D,4002.65,USD,2026-08-19T20:03:33.621158+00:00,posted
binance:6582453147,binance:BTCUSDT,D,10.99,USD,2026-08-19T21:48:47.684016+00:00,posted
binance:6582453149,binance:BTCUSDT,D,11.68,USD,2026-08-19T23:15:10.976678+00:00,posted
binance:6582453151,binance:BTCUSDT,D,315.99,USD,2026-08-19T19:14:46.243953+00:00,posted
binance:6582453152,binance:BTCUSDT,D,5.50,USD,2026-08-19T21:07:56.002888+00:00,posted
binance:6582453153,binance:BTCUSDT,D,16.49,USD,2026-08-19T21:04:16.121721+00:00,posted
binance:6582453156,binance:BTCUSDT,D,276.15,USD,2026-08-19T23:27:54.195674+00:00,posted
binance:6582453157,binance:BTCUSDT,C,8709.57,USD,2026-08-19T20:27:16.249326+00:00,posted
coinbase:1073147585,coinbase:BTC-USD,C,0.00,USD,2026-08-19T21:31:22.130791+00:00,posted
coinbase:1073147586,coinbase:BTC-USD,D,0.01,USD,2026-08-19T20:43:28.481336+00:00,posted
coinbase:1073147587,coinbase:BTC-USD,D,0.00,USD,2026-08-19T21:06:55.465339+00:00,posted
coinbase:1073147590,coinbase:BTC-USD,C,134.99,USD,2026-08-19T22:58:10.505960+00:00,posted
coinbase:1073147589,coinbase:BTC-USD,C,1.17,USD,2026-08-19T20:25:19.059388+00:00,posted
coinbase:1073147588,coinbase:BTC-USD,C,1.17,USD,2026-08-19T21:53:44.275728+00:00,posted
coinbase:1073147591,coinbase:BTC-USD,D,0.01,USD,2026-08-22T14:04:48.815426+00:00,posted
coinbase:1073147592,coinbase:BTC-USD,C,0.00,USD,2026-08-19T23:47:58.603877+00:00,posted
binance:6582453158,binance:BTCUSDT,C,137.39,USD,2026-08-19T20:55:25.980610+00:00,posted
coinbase:1073147593,coinbase:BTC-USD,C,0.00,USD,2026-08-19T23:59:30.632010+00:00,posted
coinbase:1073147594,coinbase:BTC-USD,D,580.82,USD,2026-08-19T19:22:17.623191+00:00,posted
kraken:105348500,kraken:XBTUSD,D,50.00,USD,2026-08-19T21:15:27.048291+00:00,posted
kraken:105348501,kraken:XBTUSD,D,3.50,USD,2026-08-19T19:17:12.830657+00:00,posted
kraken:105348502,kraken:XBTUSD,D,3.50,USD,2026-08-20T19:48:46.470657+00:00,posted
kraken:105348503,kraken:XBTUSD,D,138.19,USD,2026-08-19T21:27:41.192613+00:00,posted
binance:6582453159,binance:BTCUSDT,D,10.99,USD,2026-08-19T19:09:22.606504+00:00,posted
coinbase:1073147595,coinbase:BTC-USD,C,0.00,USD,2026-08-19T20:20:06.280555+00:00,posted
kraken:105348504,kraken:XBTUSD,D,849.36,USD,2026-08-19T22:24:06.252307+00:00,posted
coinbase:1073147596,coinbase:BTC-USD,C,94.76,USD,2026-08-19T19:43:09.011751+00:00,posted
coinbase:1073147597,coinbase:BTC-USD,C,0.00,USD,2026-08-19T21:02:01.927209+00:00,posted
coinbase:1073147601,coinbase:BTC-USD,C,28.93,USD,2026-08-19T19:22:59.746976+00:00,posted
coinbase:1073147600,coinbase:BTC-USD,C,1.17,USD,2026-08-19T21:24:16.389419+00:00,posted
coinbase:1073147599,coinbase:BTC-USD,C,0.50,USD,2026-08-19T19:29:19.676011+00:00,posted
coinbase:1073147598,coinbase:BTC-USD,C,68.40,USD,2026-08-19T21:09:04.590191+00:00,posted
coinbase:1073147602,coinbase:BTC-USD,C,0.00,USD,2026-08-19T21:23:07.754847+00:00,posted
coinbase:1073147603,coinbase:BTC-USD,C,94.86,USD,2026-08-19T23:56:22.419468+00:00,posted
binance:6582453160,binance:BTCUSDT,C,30.91,USD,2026-08-21T21:39:17.305606+00:00,posted
coinbase:1073147604,coinbase:BTC-USD,D,0.01,USD,2026-08-19T20:17:20.923793+00:00,posted
coinbase:1073147607,coinbase:BTC-USD,D,0.00,USD,2026-08-22T16:25:30.710295+00:00,posted
binance:6582453161,binance:BTCUSDT,C,539.93,USD,2026-08-19T23:46:51.446271+00:00,posted
coinbase:1073147608,coinbase:BTC-USD,C,0.00,USD,2026-08-19T21:18:19.581340+00:00,posted
coinbase:1073147609,coinbase:BTC-USD,C,3.83,USD,2026-08-19T22:49:45.990356+00:00,posted
binance:6582453162,binance:BTCUSDT,C,29.54,USD,2026-08-19T23:37:11.319654+00:00,posted
binance:6582453163,binance:BTCUSDT,C,16.49,USD,2026-08-19T22:37:33.958487+00:00,posted
coinbase:1073147612,coinbase:BTC-USD,D,1413.23,USD,2026-08-19T20:24:37.200842+00:00,posted
coinbase:1073147611,coinbase:BTC-USD,D,9146.02,USD,2026-08-19T23:13:45.414383+00:00,posted
coinbase:1073147610,coinbase:BTC-USD,D,419.99,USD,2026-08-19T20:08:40.585427+00:00,posted
coinbase:1073147613,coinbase:BTC-USD,C,0.00,USD,2026-08-19T22:48:25.950543+00:00,posted
binance:6582453164,binance:BTCUSDT,C,21.29,USD,2026-08-19T23:47:02.274290+00:00,posted
coinbase:1073147614,coinbase:BTC-USD,C,0.00,USD,2026-08-19T21:54:06.479340+00:00,posted
binance:6582453165,binance:BTCUSDT,C,6.87,USD,2026-08-19T23:58:32.531755+00:00,posted
binance:6582453166,binance:BTCUSDT,C,11.68,USD,2026-08-19T23:33:44.638919+00:00,posted
binance:6582453167,binance:BTCUSDT,C,11251.89,USD,2026-08-19T22:13:44.095425+00:00,posted
coinbase:1073147615,coinbase:BTC-USD,D,75.04,USD,2026-08-19T23:48:50.716109+00:00,posted
coinbase:1073147616,coinbase:BTC-USD,C,0.00,USD,2026-08-19T22:44:51.816858+00:00,posted
binance:6582453169,binance:BTCUSDT,C,18459.14,USD,2026-08-19T21:29:19.256029+00:00,posted
kraken:105348505,kraken:XBTUSD,D,178.51,USD,2026-08-19T21:48:54.187359+00:00,posted
coinbase:1073147617,coinbase:BTC-USD,D,0.00,USD,2026-08-19T19:11:43.697821+00:00,posted
coinbase:1073147618,coinbase:BTC-USD,C,92.00,USD,2026-08-21T09:55:23.410639+00:00,posted
coinbase:1073147619,coinbase:BTC-USD,C,0.00,USD,2026-08-19T20:09:53.141963+00:00,posted
coinbase:1073147620,coinbase:BTC-USD,D,0.00,USD,2026-08-19T21:18:59.287995+00:00,posted
coinbase:1073147621,coinbase:BTC-USD,D,0.01,USD,2026-08-19T20:52:15.359924+00:00,posted
coinbase:1073147622,coinbase:BTC-USD,C,0.00,USD,2026-08-19T23:28:52.821411+00:00,posted
binance:6582453173,binance:BTCUSDT,C,29991.29,USD,2026-08-19T18:50:01.146756+00:00,posted
coinbase:1073147623,coinbase:BTC-USD,C,0.00,USD,2026-08-19T23:49:08.023340+00:00,posted
binance:6582453197,binance:BTCUSDT,D,260.35,USD,2026-08-19T22:53:32.654351+00:00,posted
coinbase:1073147624,coinbase:BTC-USD,C,0.00,USD,2026-08-19T19:08:59.974656+00:00,posted
kraken:105348506,kraken:XBTUSD,C,466.30,USD,2026-08-19T20:06:26.360297+00:00,posted
binance:6582453198,binance:BTCUSDT,D,208.83,USD,2026-08-19T19:32:46.085052+00:00,posted
coinbase:1073147626,coinbase:BTC-USD,C,32.67,USD,2026-08-19T23:24:12.166938+00:00,posted
coinbase:1073147625,coinbase:BTC-USD,C,10.03,USD,2026-08-19T18:52:26.938110+00:00,posted
kraken:105348507,kraken:XBTUSD,C,48.77,USD,2026-08-21T19:56:17.484705+00:00,posted
coinbase:1073147627,coinbase:BTC-USD,D,0.00,USD,2026-08-19T19:12:05.512303+00:00,posted
binance:6582453199,binance:BTCUSDT,D,2001.02,USD,2026-08-19T22:30:01.694207+00:00,posted
binance:6582453203,binance:BTCUSDT,C,19.23,USD,2026-08-19T20:44:39.673395+00:00,posted
binance:6582453204,binance:BTCUSDT,D,9671.95,USD,2026-08-19T18:57:51.676939+00:00,posted
coinbase:1073147631,coinbase:BTC-USD,C,5378.57,USD,2026-08-19T19:57:49.830683+00:00,posted
coinbase:1073147630,coinbase:BTC-USD,C,1000.00,USD,2026-08-19T23:22:32.456587+00:00,posted
coinbase:1073147629,coinbase:BTC-USD,C,1000.00,USD,2026-08-19T22:18:01.775339+00:00,posted
coinbase:1073147628,coinbase:BTC-USD,C,2059.82,USD,2026-08-19T23:42:30.529618+00:00,posted
coinbase:1073147632,coinbase:BTC-USD,C,1331.37,USD,2026-08-19T20:28:14.637131+00:00,posted
coinbase:1073147633,coinbase:BTC-USD,D,136.49,USD,2026-08-19T22:59:38.809268+00:00,posted
binance:6582453217,binance:BTCUSDT,D,1014.59,USD,2026-08-19T20:50:08.110129+00:00,posted
binance:6582453218,binance:BTCUSDT,D,255.54,USD,2026-08-19T19:16:39.601316+00:00,posted
binance:6582453219,binance:BTCUSDT,D,30.91,USD,2026-08-20T00:12:58.129374+00:00,posted
coinbase:1073147636,coinbase:BTC-USD,D,2040.27,USD,2026-08-19T19:49:54.866850+00:00,posted
coinbase:1073147635,coinbase:BTC-USD,D,8273.84,USD,2026-08-19T19:59:17.504288+00:00,posted
coinbase:1073147634,coinbase:BTC-USD,D,200.44,USD,2026-08-19T23:09:29.359289+00:00,posted
coinbase:1073147637,coinbase:BTC-USD,D,19.61,USD,2026-08-19T19:41:54.342530+00:00,posted
coinbase:1073147638,coinbase:BTC-USD,C,0.00,USD,2026-08-19T21:03:40.737677+00:00,posted
coinbase:1073147639,coinbase:BTC-USD,D,0.00,USD,2026-08-21T21:15:13.347920+00:00,posted
coinbase:1073147640,coinbase:BTC-USD,D,954.43,USD,2026-08-19T19:54:51.367279+00:00,posted
coinbase:1073147641,coinbase:BTC-USD,D,39.39,USD,2026-08-19T23:56:21.171865+00:00,posted
coinbase:1073147642,coinbase:BTC-USD,D,0.01,USD,2026-08-19T19:57:03.347937+00:00,posted
coinbase:1073147643,coinbase:BTC-USD,C,0.00,USD,2026-08-19T19:43:48.231410+00:00,posted
coinbase:1073147644,coinbase:BTC-USD,D,0.01,USD,2026-08-19T20:30:52.112868+00:00,posted
coinbase:1073147645,coinbase:BTC-USD,D,0.00,USD,2026-08-19T21:17:54.350695+00:00,posted
coinbase:1073147646,coinbase:BTC-USD,D,0.00,USD,2026-08-19T19:01:00.629384+00:00,posted
coinbase:1073147647,coinbase:BTC-USD,C,0.00,USD,2026-08-19T21:02:10.372074+00:00,posted
binance:6582453220,binance:BTCUSDT,D,52.89,USD,2026-08-19T21:31:22.299287+00:00,posted
kraken:105348508,kraken:XBTUSD,D,42.02,USD,2026-08-19T22:41:38.901532+00:00,posted
binance:6582453221,binance:BTCUSDT,D,501.46,USD,2026-08-19T23:50:50.887410+00:00,posted
coinbase:1073147648,coinbase:BTC-USD,C,0.00,USD,2026-08-19T20:09:39.291346+00:00,posted
binance:6582453222,binance:BTCUSDT,D,599.69,USD,2026-08-22T00:33:25.965019+00:00,posted
coinbase:1073147649,coinbase:BTC-USD,C,37.83,USD,2026-08-19T23:51:37.174660+00:00,posted
coinbase:1073147650,coinbase:BTC-USD,C,0.00,USD,2026-08-19T19:30:23.116355+00:00,posted
binance:6582453223,binance:BTCUSDT,C,1508.49,USD,2026-08-19T22:57:53.112403+00:00,posted
binance:6582453224,binance:BTCUSDT,C,9.62,USD,2026-08-22T08:26:13.315552+00:00,posted
coinbase:1073147651,coinbase:BTC-USD,C,0.00,USD,2026-08-19T19:08:48.032150+00:00,posted
binance:6582453225,binance:BTCUSDT,D,192.34,USD,2026-08-19T21:14:39.903995+00:00,posted
coinbase:1073147653,coinbase:BTC-USD,C,0.00,USD,2026-08-19T22:51:19.373110+00:00,posted
coinbase:1073147655,coinbase:BTC-USD,D,513.84,USD,2026-08-19T22:39:03.121540+00:00,posted
binance:6582453226,binance:BTCUSDT,D,7.56,USD,2026-08-19T20:28:26.691848+00:00,posted
binance:6582453227,binance:BTCUSDT,C,314.61,USD,2026-08-19T22:56:25.007723+00:00,posted
coinbase:1073147656,coinbase:BTC-USD,D,0.01,USD,2026-08-19T19:06:18.115968+00:00,posted
coinbase:1073147657,coinbase:BTC-USD,C,12.87,USD,2026-08-19T20:24:24.687874+00:00,posted
coinbase:1073147658,coinbase:BTC-USD,C,0.00,USD,2026-08-19T19:53:58.556372+00:00,posted
coinbase:1073147660,coinbase:BTC-USD,D,2301.66,USD,2026-08-19T22:50:29.003060+00:00,posted
coinbase:1073147659,coinbase:BTC-USD,D,7712.86,USD,2026-08-19T20:18:18.645045+00:00,posted
binance:6582453228,binance:BTCUSDT,D,912.24,USD,2026-08-19T22:57:29.521869+00:00,posted
binance:6582453229,binance:BTCUSDT,C,153.19,USD,2026-08-20T00:09:07.589588+00:00,posted
binance:6582453230,binance:BTCUSDT,C,23.36,USD,2026-08-19T20:21:43.239068+00:00,posted
coinbase:1073147661,coinbase:BTC-USD,C,0.00,USD,2026-08-19T20:39:37.867657+00:00,posted
coinbase:1073147662,coinbase:BTC-USD,D,1433.83,USD,2026-08-19T19:04:22.546738+00:00,posted
coinbase:1073147663,coinbase:BTC-USD,D,0.00,USD,2026-08-20T00:12:41.733827+00:00,posted
coinbase:1073147664,coinbase:BTC-USD,D,12.56,USD,2026-08-19T22:36:18.196751+00:00,posted
coinbase:1073147665,coinbase:BTC-USD,C,0.00,USD,2026-08-19T23:34:31.699953+00:00,posted
kraken:105348509,kraken:XBTUSD,D,7.98,USD,2026-08-19T19:47:06.349470+00:00,posted
kraken:105348510,kraken:XBTUSD,D,12.46,USD,2026-08-19T19:07:51.563325+00:00,posted
coinbase:1073147666,coinbase:BTC-USD,D,0.01,USD,2026-08-20T00:01:14.706938+00:00,posted
coinbase:1073147667,coinbase:BTC-USD,C,0.00,USD,2026-08-19T19:27:58.377465+00:00,posted
binance:6582453231,binance:BTCUSDT,C,6.87,USD,2026-08-19T21:47:39.442587+00:00,posted
coinbase:1073147668,coinbase:BTC-USD,D,0.01,USD,2026-08-19T19:53:59.052178+00:00,posted
coinbase:1073147669,coinbase:BTC-USD,C,0.00,USD,2026-08-19T21:07:12.013205+00:00,posted
coinbase:1073147670,coinbase:BTC-USD,C,10.33,USD,2026-08-19T19:40:42.868925+00:00,posted
coinbase:1073147671,coinbase:BTC-USD,C,0.00,USD,2026-08-19T21:06:28.219646+00:00,posted
coinbase:1073147672,coinbase:BTC-USD,D,0.00,USD,2026-08-19T20:26:34.120434+00:00,posted
coinbase:1073147673,coinbase:BTC-USD,D,0.00,USD,2026-08-20T00:05:53.802186+00:00,posted
coinbase:1073147674,coinbase:BTC-USD,C,0.00,USD,2026-08-19T23:31:08.913678+00:00,posted
coinbase:1073147675,coinbase:BTC-USD,C,0.00,USD,2026-08-20T00:00:23.148992+00:00,posted
binance:6582453232,binance:BTCUSDT,C,10.99,USD,2026-08-19T20:51:12.110278+00:00,posted
binance:6582453233,binance:BTCUSDT,D,137.39,USD,2026-08-19T21:06:02.803694+00:00,posted
coinbase:1073147677,coinbase:BTC-USD,C,117.56,USD,2026-08-22T14:37:12.991512+00:00,posted
coinbase:1073147676,coinbase:BTC-USD,C,7.95,USD,2026-08-21T18:10:27.822959+00:00,posted
coinbase:1073147678,coinbase:BTC-USD,D,0.01,USD,2026-08-19T22:57:59.726296+00:00,posted
binance:6582453234,binance:BTCUSDT,D,68.69,USD,2026-08-19T19:14:01.690539+00:00,posted
binance:6582453235,binance:BTCUSDT,C,10578.70,USD,2026-08-19T20:25:38.354702+00:00,posted
coinbase:1073147679,coinbase:BTC-USD,D,0.00,USD,2026-08-19T21:49:00.264311+00:00,posted
coinbase:1073147680,coinbase:BTC-USD,D,0.01,USD,2026-08-19T20:52:06.979137+00:00,posted
coinbase:1073147681,coinbase:BTC-USD,D,3.66,USD,2026-08-19T20:20:01.994070+00:00,posted
binance:6582453254,binance:BTCUSDT,C,19.92,USD,2026-08-19T21:25:14.869819+00:00,posted
coinbase:1073147682,coinbase:BTC-USD,D,2375.06,USD,2026-08-19T22:42:28.583168+00:00,posted
binance:6582453255,binance:BTCUSDT,C,249.36,USD,2026-08-19T23:48:53.833361+00:00,posted
coinbase:1073147684,coinbase:BTC-USD,D,0.01,USD,2026-08-19T22:47:35.909857+00:00,posted
binance:6582453258,binance:BTCUSDT,D,331.10,USD,2026-08-19T21:00:04.943160+00:00,posted
coinbase:1073147685,coinbase:BTC-USD,C,0.00,USD,2026-08-19T20:56:48.825113+00:00,posted
coinbase:1073147687,coinbase:BTC-USD,D,2452.91,USD,2026-08-19T20:53:18.725322+00:00,posted
coinbase:1073147686,coinbase:BTC-USD,D,419.99,USD,2026-08-20T00:12:27.721170+00:00,posted
coinbase:1073147688,coinbase:BTC-USD,D,31.05,USD,2026-08-19T20:53:34.352613+00:00,posted
coinbase:1073147689,coinbase:BTC-USD,D,0.00,USD,2026-08-19T19:50:40.541606+00:00,posted
binance:6582453259,binance:BTCUSDT,C,2105.44,USD,2026-08-19T20:10:49.015655+00:00,posted
binance:6582453262,binance:BTCUSDT,C,48.08,USD,2026-08-19T22:44:55.409811+00:00,posted
coinbase:1073147690,coinbase:BTC-USD,C,0.00,USD,2026-08-19T21:27:49.687779+00:00,posted
binance:6582453263,binance:BTCUSDT,C,6.18,USD,2026-08-19T22:36:24.867158+00:00,posted
binance:6582453264,binance:BTCUSDT,C,6.87,USD,2026-08-19T23:52:20.169375+00:00,posted
coinbase:1073147691,coinbase:BTC-USD,D,0.00,USD,2026-08-19T20:06:33.725428+00:00,posted
coinbase:1073147692,coinbase:BTC-USD,C,0.00,USD,2026-08-19T22:36:45.174885+00:00,posted
coinbase:1073147695,coinbase:BTC-USD,D,3225.23,USD,2026-08-19T20:12:49.590975+00:00,posted
coinbase:1073147694,coinbase:BTC-USD,D,6969.14,USD,2026-08-19T22:31:20.359535+00:00,posted
coinbase:1073147693,coinbase:BTC-USD,D,388.95,USD,2026-08-19T22:05:17.799818+00:00,posted
coinbase:1073147696,coinbase:BTC-USD,D,39.97,USD,2026-08-19T23:24:17.266929+00:00,posted
coinbase:1073147698,coinbase:BTC-USD,D,112.91,USD,2026-08-19T22:19:14.320875+00:00,posted
coinbase:1073147699,coinbase:BTC-USD,D,97.79,USD,2026-08-19T20:57:49.059760+00:00,posted
coinbase:1073147700,coinbase:BTC-USD,D,39.84,USD,2026-08-19T23:43:54.969274+00:00,posted
coinbase:1073147701,coinbase:BTC-USD,D,45.35,USD,2026-08-19T19:48:53.956709+00:00,posted
coinbase:1073147702,coinbase:BTC-USD,D,11.79,USD,2026-08-19T23:20:24.297757+00:00,posted
coinbase:1073147703,coinbase:BTC-USD,D,96.75,USD,2026-08-19T20:26:19.206079+00:00,posted
coinbase:1073147704,coinbase:BTC-USD,D,65.10,USD,2026-08-19T22:23:53.283875+00:00,posted
binance:6582453265,binance:BTCUSDT,C,9855.36,USD,2026-08-21T05:57:44.153050+00:00,posted
coinbase:1073147705,coinbase:BTC-USD,D,708.78,USD,2026-08-19T23:35:47.991441+00:00,posted
coinbase:1073147706,coinbase:BTC-USD,D,309.77,USD,2026-08-19T19:15:54.962070+00:00,posted
coinbase:1073147707,coinbase:BTC-USD,D,30.30,USD,2026-08-19T23:02:53.752637+00:00,posted
coinbase:1073147708,coinbase:BTC-USD,D,1035.02,USD,2026-08-19T19:33:40.995831+00:00,posted
coinbase:1073147709,coinbase:BTC-USD,D,564.59,USD,2026-08-19T23:53:29.614132+00:00,posted
binance:6582453267,binance:BTCUSDT,C,151.12,USD,2026-08-19T20:28:15.677787+00:00,posted
coinbase:1073147710,coinbase:BTC-USD,D,15.03,USD,2026-08-19T23:15:59.845252+00:00,posted
coinbase:1073147711,coinbase:BTC-USD,D,1354.22,USD,2026-08-19T22:22:34.855730+00:00,posted
coinbase:1073147713,coinbase:BTC-USD,D,210.18,USD,2026-08-19T19:42:53.898382+00:00,posted
coinbase:1073147714,coinbase:BTC-USD,D,31.63,USD,2026-08-19T22:38:55.477432+00:00,posted
coinbase:1073147715,coinbase:BTC-USD,C,0.00,USD,2026-08-19T19:46:38.661718+00:00,posted
coinbase:1073147717,coinbase:BTC-USD,D,1000.50,USD,2026-08-19T21:15:18.515898+00:00,posted
coinbase:1073147716,coinbase:BTC-USD,D,9.43,USD,2026-08-19T19:47:51.065597+00:00,posted
coinbase:1073147718,coinbase:BTC-USD,C,0.00,USD,2026-08-19T20:12:10.742334+00:00,posted
coinbase:1073147719,coinbase:BTC-USD,D,0.00,USD,2026-08-20T21:27:39.761676+00:00,posted
binance:6582453272,binance:BTCUSDT,C,8655.30,USD,2026-08-19T22:12:39.190824+00:00,posted
binance:6582453284,binance:BTCUSDT,C,590.76,USD,2026-08-19T20:51:14.673046+00:00,posted
binance:6582453287,binance:BTCUSDT,C,1000.85,USD,2026-08-19T20:39:30.256971+00:00,posted
binance:6582453311,binance:BTCUSDT,C,49.46,USD,2026-08-19T21:24:18.011950+00:00,posted
binance:6582453320,binance:BTCUSDT,C,5.50,USD,2026-08-19T19:19:51.670013+00:00,posted
binance:6582453321,binance:BTCUSDT,C,51.52,USD,2026-08-19T22:26:09.035111+00:00,posted
binance:6582453330,binance:BTCUSDT,C,10.99,USD,2026-08-19T19:00:24.469019+00:00,posted
binance:6582453332,binance:BTCUSDT,C,10.99,USD,2026-08-19T23:07:53.027425+00:00,posted
binance:6582453334,binance:BTCUSDT,C,16.49,USD,2026-08-19T21:38:13.121607+00:00,posted
binance:6582453337,binance:BTCUSDT,C,39.84,USD,2026-08-19T20:14:19.204816+00:00,posted
binance:6582453344,binance:BTCUSDT,C,16.49,USD,2026-08-19T22:56:22.506431+00:00,posted
binance:6582453347,binance:BTCUSDT,C,56.33,USD,2026-08-19T20:37:39.352985+00:00,posted
binance:6582453357,binance:BTCUSDT,C,16.49,USD,2026-08-19T20:39:48.592530+00:00,posted
binance:6582453360,binance:BTCUSDT,C,16.49,USD,2026-08-19T20:05:39.680185+00:00,posted
binance:6582453363,binance:BTCUSDT,C,5.50,USD,2026-08-19T20:58:05.391746+00:00,posted
binance:6582453364,binance:BTCUSDT,C,5.50,USD,2026-08-20T00:08:26.699202+00:00,posted
binance:6582453365,binance:BTCUSDT,C,21.98,USD,2026-08-19T23:12:39.809064+00:00,posted
binance:6582453384,binance:BTCUSDT,C,1.37,USD,2026-08-19T20:59:11.475462+00:00,posted
binance:6582453385,binance:BTCUSDT,C,32.97,USD,2026-08-19T23:51:51.404914+00:00,posted
binance:6582453391,binance:BTCUSDT,C,5.50,USD,2026-08-20T00:00:26.697401+00:00,posted
binance:6582453392,binance:BTCUSDT,C,15.11,USD,2026-08-19T20:08:36.716273+00:00,posted
binance:6582453395,binance:BTCUSDT,C,35.72,USD,2026-08-19T22:33:02.134930+00:00,posted
binance:6582453402,binance:BTCUSDT,C,5.50,USD,2026-08-19T21:36:30.971232+00:00,posted
binance:6582453403,binance:BTCUSDT,C,16.49,USD,2026-08-19T18:47:37.630371+00:00,posted
binance:6582453406,binance:BTCUSDT,C,28.85,USD,2026-08-19T23:57:26.042578+00:00,posted
binance:6582453411,binance:BTCUSDT,C,32.97,USD,2026-08-19T22:15:44.466554+00:00,posted
binance:6582453417,binance:BTCUSDT,C,5.49,USD,2026-08-20T00:06:33.708017+00:00,posted
binance:6582453418,binance:BTCUSDT,C,27.47,USD,2026-08-19T22:30:18.681508+00:00,posted
binance:6582453423,binance:BTCUSDT,D,68.69,USD,2026-08-19T21:26:29.495654+00:00,posted
binance:6582453424,binance:BTCUSDT,C,56.32,USD,2026-08-19T23:08:36.099488+00:00,posted
binance:6582453434,binance:BTCUSDT,C,16.48,USD,2026-08-19T23:56:29.562107+00:00,posted
binance:6582453437,binance:BTCUSDT,C,16.48,USD,2026-08-19T21:23:42.897962+00:00,posted
binance:6582453440,binance:BTCUSDT,D,48.77,USD,2026-08-19T22:37:25.809714+00:00,posted
coinbase:1073147720,coinbase:BTC-USD,D,87.77,USD,2026-08-21T23:25:15.349882+00:00,posted
coinbase:1073147724,coinbase:BTC-USD,D,3677.23,USD,2026-08-19T23:33:38.918351+00:00,posted
coinbase:1073147723,coinbase:BTC-USD,D,1.63,USD,2026-08-19T23:05:35.982112+00:00,posted
coinbase:1073147722,coinbase:BTC-USD,D,6968.69,USD,2026-08-19T18:57:04.281434+00:00,posted
coinbase:1073147721,coinbase:BTC-USD,D,332.22,USD,2026-08-19T19:15:20.095472+00:00,posted
coinbase:1073147725,coinbase:BTC-USD,D,3020.91,USD,2026-08-20T00:15:22.550403+00:00,posted
coinbase:1073147727,coinbase:BTC-USD,D,1.16,USD,2026-08-19T21:20:38.417658+00:00,posted
coinbase:1073147726,coinbase:BTC-USD,D,27630.36,USD,2026-08-20T00:01:45.731552+00:00,posted
coinbase:1073147728,coinbase:BTC-USD,D,420.00,USD,2026-08-19T21:45:00.947354+00:00,posted
binance:6582453441,binance:BTCUSDT,C,95.47,USD,2026-08-19T19:42:50.310653+00:00,posted
binance:6582453457,binance:BTCUSDT,C,27.47,USD,2026-08-19T22:37:33.935245+00:00,posted
binance:6582453462,binance:BTCUSDT,C,10.99,USD,2026-08-20T19:40:45.260894+00:00,posted
coinbase:1073147731,coinbase:BTC-USD,D,684.17,USD,2026-08-19T20:34:20.463321+00:00,posted
coinbase:1073147730,coinbase:BTC-USD,D,1.17,USD,2026-08-19T20:19:06.832945+00:00,posted
coinbase:1073147729,coinbase:BTC-USD,D,1.17,USD,2026-08-19T22:26:21.214667+00:00,posted
binance:6582453464,binance:BTCUSDT,D,17.17,USD,2026-08-19T22:27:53.664186+00:00,posted
coinbase:1073147732,coinbase:BTC-USD,C,0.00,USD,2026-08-19T23:51:05.952503+00:00,posted
coinbase:1073147733,coinbase:BTC-USD,D,0.00,USD,2026-08-19T21:28:56.708748+00:00,posted
coinbase:1073147735,coinbase:BTC-USD,C,101.73,USD,2026-08-19T20:36:25.430831+00:00,posted
coinbase:1073147734,coinbase:BTC-USD,C,420.01,USD,2026-08-19T21:56:40.216006+00:00,posted
coinbase:1073147736,coinbase:BTC-USD,C,0.00,USD,2026-08-19T19:07:56.407402+00:00,posted
coinbase:1073147737,coinbase:BTC-USD,D,0.01,USD,2026-08-19T23:46:57.346910+00:00,posted
coinbase:1073147739,coinbase:BTC-USD,C,1873.97,USD,2026-08-19T22:45:51.645156+00:00,posted
coinbase:1073147738,coinbase:BTC-USD,C,162.62,USD,2026-08-19T23:05:40.710335+00:00,posted
binance:6582453465,binance:BTCUSDT,D,686.85,USD,2026-08-19T21:10:47.946608+00:00,posted
binance:6582453467,binance:BTCUSDT,D,2747.41,USD,2026-08-19T20:12:06.154182+00:00,posted
binance:6582453468,binance:BTCUSDT,D,1373.70,USD,2026-08-19T19:23:21.467943+00:00,posted
binance:6582453472,binance:BTCUSDT,D,6.87,USD,2026-08-19T22:02:01.666650+00:00,posted
binance:6582453474,binance:BTCUSDT,D,539.87,USD,2026-08-19T23:57:27.883997+00:00,posted
binance:6582453475,binance:BTCUSDT,D,180.64,USD,2026-08-19T19:28:39.013836+00:00,posted
binance:6582453496,binance:BTCUSDT,D,16.48,USD,2026-08-19T20:52:04.011136+00:00,posted
binance:6582453499,binance:BTCUSDT,D,5.49,USD,2026-08-19T20:29:09.966491+00:00,posted
binance:6582453500,binance:BTCUSDT,D,27.47,USD,2026-08-19T19:49:15.329975+00:00,posted
binance:6582453505,binance:BTCUSDT,D,10.99,USD,2026-08-19T21:06:25.378196+00:00,posted
binance:6582453507,binance:BTCUSDT,D,10.99,USD,2026-08-19T23:09:47.007156+00:00,posted
binance:6582453509,binance:BTCUSDT,D,27.47,USD,2026-08-19T19:28:17.033821+00:00,posted
binance:6582453514,binance:BTCUSDT,C,2163.63,USD,2026-08-19T22:01:33.513467+00:00,posted
binance:6582453515,binance:BTCUSDT,C,375.03,USD,2026-08-22T11:11:24.441961+00:00,posted
binance:6582453516,binance:BTCUSDT,C,65.94,USD,2026-08-19T23:15:56.140614+00:00,posted
binance:6582453517,binance:BTCUSDT,C,197.13,USD,2026-08-19T19:58:51.015916+00:00,posted
coinbase:1073147740,coinbase:BTC-USD,D,0.00,USD,2026-08-19T19:35:15.812014+00:00,posted
binance:6582453518,binance:BTCUSDT,D,2926.74,USD,2026-08-19T22:53:08.729641+00:00,posted
binance:6582453532,binance:BTCUSDT,D,6.87,USD,2026-08-19T23:19:46.472573+00:00,posted
binance:6582453534,binance:BTCUSDT,D,590.71,USD,2026-08-19T20:16:51.358345+00:00,posted
binance:6582453535,binance:BTCUSDT,D,4516.15,USD,2026-08-19T21:56:01.643671+00:00,posted
binance:6582453554,binance:BTCUSDT,D,21.98,USD,2026-08-19T19:57:47.959251+00:00,posted
binance:6582453558,binance:BTCUSDT,D,38.46,USD,2026-08-20T00:05:33.613919+00:00,posted
binance:6582453565,binance:BTCUSDT,D,6.87,USD,2026-08-19T23:19:49.115947+00:00,posted
binance:6582453567,binance:BTCUSDT,D,4.12,USD,2026-08-19T22:48:23.629432+00:00,posted
binance:6582453568,binance:BTCUSDT,D,5.50,USD,2026-08-19T22:37:45.065790+00:00,posted
binance:6582453569,binance:BTCUSDT,D,16.49,USD,2026-08-19T23:29:21.219174+00:00,posted
binance:6582453574,binance:BTCUSDT,D,38.47,USD,2026-08-19T23:47:42.054183+00:00,posted
binance:6582453581,binance:BTCUSDT,D,16.49,USD,2026-08-19T18:53:44.005263+00:00,posted
binance:6582453584,binance:BTCUSDT,D,3944.13,USD,2026-08-19T21:06:01.263940+00:00,posted
binance:6582453586,binance:BTCUSDT,D,5.50,USD,2026-08-19T20:41:33.483782+00:00,posted
binance:6582453587,binance:BTCUSDT,D,10.99,USD,2026-08-19T19:10:19.101774+00:00,posted
binance:6582453589,binance:BTCUSDT,D,10.99,USD,2026-08-19T20:19:47.812844+00:00,posted
binance:6582453591,binance:BTCUSDT,D,10.99,USD,2026-08-19T22:37:58.955679+00:00,posted
binance:6582453593,binance:BTCUSDT,D,10.99,USD,2026-08-19T19:18:43.931420+00:00,posted
binance:6582453595,binance:BTCUSDT,D,10.99,USD,2026-08-19T23:07:44.297809+00:00,posted
binance:6582453597,binance:BTCUSDT,D,27.48,USD,2026-08-19T19:04:28.645413+00:00,posted
binance:6582453602,binance:BTCUSDT,D,21.98,USD,2026-08-19T20:26:57.669352+00:00,posted
binance:6582453606,binance:BTCUSDT,D,10.99,USD,2026-08-22T00:14:40.821771+00:00,posted
binance:6582453608,binance:BTCUSDT,D,16.49,USD,2026-08-19T21:25:49.350018+00:00,posted
binance:6582453611,binance:BTCUSDT,D,16.49,USD,2026-08-19T19:55:50.377628+00:00,posted
binance:6582453614,binance:BTCUSDT,D,11.68,USD,2026-08-19T19:51:10.974352+00:00,posted
binance:6582453616,binance:BTCUSDT,D,231.49,USD,2026-08-19T20:46:09.074372+00:00,posted
binance:6582453620,binance:BTCUSDT,D,6.18,USD,2026-08-19T19:20:15.571264+00:00,posted
binance:6582453621,binance:BTCUSDT,D,16.49,USD,2026-08-19T23:29:53.933033+00:00,posted
binance:6582453624,binance:BTCUSDT,D,5.50,USD,2026-08-20T00:10:54.474787+00:00,posted
binance:6582453625,binance:BTCUSDT,D,5.50,USD,2026-08-19T19:42:07.817787+00:00,posted
binance:6582453626,binance:BTCUSDT,D,5.50,USD,2026-08-19T19:45:53.735012+00:00,posted
binance:6582453627,binance:BTCUSDT,D,47.40,USD,2026-08-19T22:02:26.173327+00:00,posted
binance:6582453628,binance:BTCUSDT,D,360.65,USD,2026-08-19T22:13:31.060423+00:00,posted
binance:6582453630,binance:BTCUSDT,D,5.50,USD,2026-08-19T18:57:50.061991+00:00,posted
binance:6582453631,binance:BTCUSDT,D,7.56,USD,2026-08-19T21:27:51.796696+00:00,posted
binance:6582453632,binance:BTCUSDT,D,10.99,USD,2026-08-20T00:01:37.200202+00:00,posted
binance:6582453634,binance:BTCUSDT,D,14.43,USD,2026-08-19T20:50:29.362487+00:00,posted
binance:6582453635,binance:BTCUSDT,D,32.97,USD,2026-08-19T23:09:04.443153+00:00,posted
binance:6582453636,binance:BTCUSDT,D,5.50,USD,2026-08-19T23:03:16.074060+00:00,posted
binance:6582453637,binance:BTCUSDT,C,1589.59,USD,2026-08-19T22:21:13.161541+00:00,posted
binance:6582453638,binance:BTCUSDT,C,56.33,USD,2026-08-19T22:22:10.275383+00:00,posted
binance:6582453639,binance:BTCUSDT,D,22.67,USD,2026-08-19T19:26:13.025635+00:00,posted
binance:6582453643,binance:BTCUSDT,D,16.49,USD,2026-08-22T02:22:44.311860+00:00,posted
binance:6582453646,binance:BTCUSDT,D,21.98,USD,2026-08-19T18:54:12.947874+00:00,posted
binance:6582453650,binance:BTCUSDT,D,1175.39,USD,2026-08-19T21:55:35.103196+00:00,posted
binance:6582453651,binance:BTCUSDT,C,1233.78,USD,2026-08-19T22:52:35.132037+00:00,posted
binance:6582453652,binance:BTCUSDT,D,755.65,USD,2026-08-19T19:46:22.734560+00:00,posted
coinbase:1073147741,coinbase:BTC-USD,D,0.01,USD,2026-08-19T22:19:20.036305+00:00,posted
binance:6582453653,binance:BTCUSDT,D,442.40,USD,2026-08-19T21:55:11.200368+00:00,posted
binance:6582453654,binance:BTCUSDT,D,13416.29,USD,2026-08-22T13:54:11.578428+00:00,posted
binance:6582453663,binance:BTCUSDT,D,5.50,USD,2026-08-19T19:47:37.843002+00:00,posted
binance:6582453664,binance:BTCUSDT,D,337.98,USD,2026-08-19T18:53:08.002491+00:00,posted
binance:6582453665,binance:BTCUSDT,D,6.18,USD,2026-08-19T21:43:38.076437+00:00,posted
binance:6582453666,binance:BTCUSDT,D,12.37,USD,2026-08-19T21:27:50.576596+00:00,posted
binance:6582453667,binance:BTCUSDT,D,504.92,USD,2026-08-19T21:59:34.510481+00:00,posted
binance:6582453669,binance:BTCUSDT,D,16.49,USD,2026-08-19T23:07:20.364311+00:00,posted
binance:6582453672,binance:BTCUSDT,D,618.27,USD,2026-08-19T22:55:06.191182+00:00,posted
binance:6582453673,binance:BTCUSDT,C,994.73,USD,2026-08-19T23:42:49.553505+00:00,posted
binance:6582453674,binance:BTCUSDT,D,206.09,USD,2026-08-19T22:04:19.259610+00:00,posted
coinbase:1073147742,coinbase:BTC-USD,D,0.01,USD,2026-08-19T21:49:40.524452+00:00,posted
coinbase:1073147745,coinbase:BTC-USD,C,1.17,USD,2026-08-19T19:27:13.345990+00:00,posted
coinbase:1073147744,coinbase:BTC-USD,C,8000.00,USD,2026-08-19T19:54:40.401010+00:00,posted
coinbase:1073147743,coinbase:BTC-USD,C,2059.85,USD,2026-08-19T21:52:14.473935+00:00,posted
coinbase:1073147746,coinbase:BTC-USD,C,1991.25,USD,2026-08-22T09:58:28.029357+00:00,posted
coinbase:1073147748,coinbase:BTC-USD,C,4418.30,USD,2026-08-19T21:33:38.793480+00:00,posted
coinbase:1073147747,coinbase:BTC-USD,C,1.17,USD,2026-08-19T21:46:16.714502+00:00,posted
coinbase:1073147753,coinbase:BTC-USD,C,41038.82,USD,2026-08-19T23:58:32.589076+00:00,posted
coinbase:1073147751,coinbase:BTC-USD,C,162.67,USD,2026-08-19T23:58:52.114474+00:00,posted
coinbase:1073147750,coinbase:BTC-USD,C,1.17,USD,2026-08-21T22:08:32.564340+00:00,posted
coinbase:1073147749,coinbase:BTC-USD,C,1.17,USD,2026-08-19T21:13:26.486773+00:00,posted
coinbase:1073147754,coinbase:BTC-USD,C,27636.18,USD,2026-08-19T22:36:00.079538+00:00,posted
coinbase:1073147758,coinbase:BTC-USD,C,5241.54,USD,2026-08-20T00:12:00.259881+00:00,posted
coinbase:1073147757,coinbase:BTC-USD,C,1.17,USD,2026-08-19T21:44:13.621186+00:00,posted
coinbase:1073147756,coinbase:BTC-USD,C,142.18,USD,2026-08-19T19:19:17.454148+00:00,posted
coinbase:1073147755,coinbase:BTC-USD,C,1.17,USD,2026-08-19T20:04:51.660388+00:00,posted
coinbase:1073147759,coinbase:BTC-USD,C,954.60,USD,2026-08-19T20:25:31.335788+00:00,posted
coinbase:1073147760,coinbase:BTC-USD,C,1.17,USD,2026-08-20T00:02:34.093362+00:00,posted
coinbase:1073147761,coinbase:BTC-USD,C,1.17,USD,2026-08-19T19:57:54.730038+00:00,posted
coinbase:1073147762,coinbase:BTC-USD,C,1497.20,USD,2026-08-19T19:29:01.304177+00:00,posted
coinbase:1073147764,coinbase:BTC-USD,D,6970.08,USD,2026-08-19T19:11:09.555884+00:00,posted
coinbase:1073147763,coinbase:BTC-USD,D,419.97,USD,2026-08-19T20:52:36.524425+00:00,posted
binance:6582453675,binance:BTCUSDT,C,20.61,USD,2026-08-19T20:58:38.439637+00:00,posted
coinbase:1073147765,coinbase:BTC-USD,C,0.00,USD,2026-08-21T14:41:36.743660+00:00,posted
coinbase:1073147766,coinbase:BTC-USD,D,0.00,USD,2026-08-19T21:43:28.325701+00:00,posted
coinbase:1073147768,coinbase:BTC-USD,D,0.00,USD,2026-08-19T22:42:23.473054+00:00,posted
coinbase:1073147767,coinbase:BTC-USD,D,419.99,USD,2026-08-19T22:20:23.330693+00:00,posted
coinbase:1073147769,coinbase:BTC-USD,D,6969.90,USD,2026-08-19T19:40:45.518634+00:00,posted
coinbase:1073147770,coinbase:BTC-USD,D,420.00,USD,2026-08-19T20:31:01.404841+00:00,posted
coinbase:1073147771,coinbase:BTC-USD,C,137.33,USD,2026-08-19T20:51:40.634258+00:00,posted
coinbase:1073147772,coinbase:BTC-USD,C,0.00,USD,2026-08-19T20:08:18.051730+00:00,posted
binance:6582453676,binance:BTCUSDT,C,1000.23,USD,2026-08-19T21:42:00.742276+00:00,posted
coinbase:1073147773,coinbase:BTC-USD,C,9.90,USD,2026-08-19T21:00:51.915275+00:00,posted
coinbase:1073147774,coinbase:BTC-USD,C,0.01,USD,2026-08-19T19:15:59.344225+00:00,posted
binance:6582453677,binance:BTCUSDT,C,127.78,USD,2026-08-19T23:03:23.474831+00:00,posted
coinbase:1073147775,coinbase:BTC-USD,C,48.59,USD,2026-08-19T23:10:00.003266+00:00,posted
binance:6582453678,binance:BTCUSDT,D,485.69,USD,2026-08-19T19:18:57.139734+00:00,posted
coinbase:1073147776,coinbase:BTC-USD,C,9.90,USD,2026-08-19T19:59:57.913150+00:00,posted
binance:6582453682,binance:BTCUSDT,D,19.24,USD,2026-08-19T23:04:55.975649+00:00,posted
coinbase:1073147777,coinbase:BTC-USD,D,0.00,USD,2026-08-19T21:40:22.069585+00:00,posted
binance:6582453683,binance:BTCUSDT,C,3995.42,USD,2026-08-19T22:00:56.643588+00:00,posted
coinbase:1073147778,coinbase:BTC-USD,C,123.76,USD,2026-08-19T19:18:09.660401+00:00,posted
coinbase:1073147779,coinbase:BTC-USD,C,9900.69,USD,2026-08-19T21:55:26.796337+00:00,posted
binance:6582453684,binance:BTCUSDT,C,6.87,USD,2026-08-19T20:16:04.939545+00:00,posted
binance:6582453685,binance:BTCUSDT,C,380.58,USD,2026-08-21T09:32:27.880151+00:00,posted
coinbase:1073147780,coinbase:BTC-USD,D,0.00,USD,2026-08-19T19:46:15.718539+00:00,posted
binance:6582453686,binance:BTCUSDT,C,1027.71,USD,2026-08-19T22:30:19.128286+00:00,posted
binance:6582453687,binance:BTCUSDT,C,44.65,USD,2026-08-19T21:48:41.556574+00:00,posted
coinbase:1073147781,coinbase:BTC-USD,D,400.62,USD,2026-08-19T20:59:31.026220+00:00,posted
coinbase:1073147782,coinbase:BTC-USD,C,971.92,USD,2026-08-19T20:12:07.940619+00:00,posted
coinbase:1073147783,coinbase:BTC-USD,D,0.01,USD,2026-08-19T22:42:00.401144+00:00,posted
coinbase:1073147784,coinbase:BTC-USD,C,18.97,USD,2026-08-19T19:33:43.482533+00:00,posted
binance:6582453688,binance:BTCUSDT,C,20.61,USD,2026-08-19T20:14:52.641100+00:00,posted
binance:6582453689,binance:BTCUSDT,C,15.11,USD,2026-08-19T22:17:34.954101+00:00,posted
coinbase:1073147785,coinbase:BTC-USD,D,0.01,USD,2026-08-19T23:03:13.998551+00:00,posted
coinbase:1073147786,coinbase:BTC-USD,C,0.00,USD,2026-08-19T21:04:40.171643+00:00,posted
coinbase:1073147787,coinbase:BTC-USD,D,10566.30,USD,2026-08-19T21:11:30.452518+00:00,posted
binance:6582453690,binance:BTCUSDT,C,60.45,USD,2026-08-19T21:21:18.661229+00:00,posted
coinbase:1073147788,coinbase:BTC-USD,C,0.00,USD,2026-08-20T00:01:00.974009+00:00,posted
coinbase:1073147789,coinbase:BTC-USD,C,16.53,USD,2026-08-19T22:43:44.875692+00:00,posted
binance:6582453691,binance:BTCUSDT,C,6.87,USD,2026-08-19T20:02:08.810262+00:00,posted
coinbase:1073147790,coinbase:BTC-USD,C,0.00,USD,2026-08-19T19:15:20.810492+00:00,posted
binance:6582453692,binance:BTCUSDT,D,2001.15,USD,2026-08-19T23:00:56.818352+00:00,posted
binance:6582453693,binance:BTCUSDT,C,1263.34,USD,2026-08-19T22:16:06.189275+00:00,posted
binance:6582453694,binance:BTCUSDT,D,17317.16,USD,2026-08-19T19:41:08.857886+00:00,posted
coinbase:1073147791,coinbase:BTC-USD,C,0.00,USD,2026-08-19T23:13:24.924740+00:00,posted
coinbase:1073147794,coinbase:BTC-USD,C,1393.90,USD,2026-08-19T22:30:04.920067+00:00,posted
coinbase:1073147793,coinbase:BTC-USD,C,7.95,USD,2026-08-19T19:31:40.947384+00:00,posted
coinbase:1073147795,coinbase:BTC-USD,C,3364.71,USD,2026-08-19T22:32:45.083013+00:00,posted
coinbase:1073147796,coinbase:BTC-USD,C,3364.71,USD,2026-08-19T21:42:21.375200+00:00,posted
coinbase:1073147797,coinbase:BTC-USD,C,1270.57,USD,2026-08-19T18:51:14.900417+00:00,posted
coinbase:1073147798,coinbase:BTC-USD,C,1991.38,USD,2026-08-21T08:05:48.255148+00:00,posted
coinbase:1073147800,coinbase:BTC-USD,C,1.17,USD,2026-08-19T21:42:59.319779+00:00,posted
coinbase:1073147799,coinbase:BTC-USD,C,1.17,USD,2026-08-20T00:14:45.282819+00:00,posted
coinbase:1073147802,coinbase:BTC-USD,C,1.17,USD,2026-08-19T23:50:24.777074+00:00,posted
coinbase:1073147803,coinbase:BTC-USD,D,419.96,USD,2026-08-19T23:58:29.654699+00:00,posted
coinbase:1073147804,coinbase:BTC-USD,D,419.96,USD,2026-08-19T19:00:38.464047+00:00,posted
coinbase:1073147805,coinbase:BTC-USD,D,419.96,USD,2026-08-19T19:42:16.756506+00:00,posted
coinbase:1073147806,coinbase:BTC-USD,D,419.96,USD,2026-08-19T22:58:41.288302+00:00,posted
coinbase:1073147807,coinbase:BTC-USD,D,419.96,USD,2026-08-19T19:44:21.146847+00:00,posted
coinbase:1073147808,coinbase:BTC-USD,D,420.00,USD,2026-08-19T19:30:39.542946+00:00,posted
coinbase:1073147822,coinbase:BTC-USD,C,1004.01,USD,2026-08-19T19:03:27.794893+00:00,posted
coinbase:1073147821,coinbase:BTC-USD,C,0.08,USD,2026-08-19T19:42:55.427414+00:00,posted
coinbase:1073147820,coinbase:BTC-USD,C,1.17,USD,2026-08-19T20:38:11.425118+00:00,posted
coinbase:1073147819,coinbase:BTC-USD,C,2747.55,USD,2026-08-19T23:21:08.027757+00:00,posted
coinbase:1073147818,coinbase:BTC-USD,C,1373.78,USD,2026-08-19T23:29:44.406923+00:00,posted
coinbase:1073147817,coinbase:BTC-USD,C,5001.80,USD,2026-08-19T21:26:05.713640+00:00,posted
coinbase:1073147816,coinbase:BTC-USD,C,914.21,USD,2026-08-19T18:47:24.084215+00:00,posted
coinbase:1073147815,coinbase:BTC-USD,C,11971.00,USD,2026-08-19T20:56:33.550144+00:00,posted
coinbase:1073147814,coinbase:BTC-USD,C,1.17,USD,2026-08-19T23:53:16.203248+00:00,posted
coinbase:1073147813,coinbase:BTC-USD,C,914.20,USD,2026-08-19T21:36:47.319372+00:00,posted
coinbase:1073147812,coinbase:BTC-USD,C,4987.83,USD,2026-08-19T23:55:21.049736+00:00,posted
coinbase:1073147811,coinbase:BTC-USD,C,729.20,USD,2026-08-19T23:26:37.210166+00:00,posted
coinbase:1073147810,coinbase:BTC-USD,C,11969.93,USD,2026-08-19T20:35:05.170582+00:00,posted
coinbase:1073147809,coinbase:BTC-USD,C,8000.00,USD,2026-08-19T18:48:21.902257+00:00,posted
coinbase:1073147823,coinbase:BTC-USD,D,3021.61,USD,2026-08-19T19:48:05.770946+00:00,posted
coinbase:1073147824,coinbase:BTC-USD,D,3021.58,USD,2026-08-19T19:20:06.337122+00:00,posted
binance:6582453713,binance:BTCUSDT,D,9.62,USD,2026-08-19T19:14:37.967832+00:00,posted
coinbase:1073147825,coinbase:BTC-USD,D,0.01,USD,2026-08-19T19:37:23.571274+00:00,posted
binance:6582453714,binance:BTCUSDT,D,50.15,USD,2026-08-19T21:27:30.871664+00:00,posted
coinbase:1073147826,coinbase:BTC-USD,C,0.00,USD,2026-08-19T22:23:21.685509+00:00,posted
coinbase:1073147831,coinbase:BTC-USD,D,1720.66,USD,2026-08-19T20:57:08.471904+00:00,posted
coinbase:1073147830,coinbase:BTC-USD,D,420.00,USD,2026-08-19T21:08:01.528252+00:00,posted
coinbase:1073147829,coinbase:BTC-USD,D,5665.46,USD,2026-08-19T23:14:28.935460+00:00,posted
coinbase:1073147828,coinbase:BTC-USD,D,2060.17,USD,2026-08-22T10:34:01.336467+00:00,posted
coinbase:1073147827,coinbase:BTC-USD,D,162.66,USD,2026-08-19T20:43:24.375135+00:00,posted
coinbase:1073147832,coinbase:BTC-USD,D,92.94,USD,2026-08-19T20:45:13.256829+00:00,posted
coinbase:1073147833,coinbase:BTC-USD,D,359.55,USD,2026-08-19T19:52:09.973932+00:00,posted
coinbase:1073147834,coinbase:BTC-USD,D,60.18,USD,2026-08-19T18:59:57.450478+00:00,posted
coinbase:1073147835,coinbase:BTC-USD,D,420.00,USD,2026-08-19T22:52:10.077374+00:00,posted
coinbase:1073147836,coinbase:BTC-USD,D,152.70,USD,2026-08-19T19:39:34.576395+00:00,posted
coinbase:1073147837,coinbase:BTC-USD,D,15.19,USD,2026-08-19T21:24:50.430165+00:00,posted
coinbase:1073147838,coinbase:BTC-USD,D,252.11,USD,2026-08-19T20:14:23.222620+00:00,posted
coinbase:1073147839,coinbase:BTC-USD,D,200.50,USD,2026-08-19T21:48:12.850450+00:00,posted
coinbase:1073147840,coinbase:BTC-USD,C,0.00,USD,2026-08-19T22:42:24.127460+00:00,posted
coinbase:1073147841,coinbase:BTC-USD,D,54.94,USD,2026-08-19T22:58:55.551917+00:00,posted
binance:6582453715,binance:BTCUSDT,D,89.31,USD,2026-08-19T21:32:17.493934+00:00,posted
coinbase:1073147843,coinbase:BTC-USD,C,0.00,USD,2026-08-19T19:22:53.639230+00:00,posted
binance:6582453717,binance:BTCUSDT,D,17.86,USD,2026-08-21T01:44:38.706663+00:00,posted
coinbase:1073147845,coinbase:BTC-USD,C,1996.40,USD,2026-08-19T22:59:55.321225+00:00,posted
coinbase:1073147844,coinbase:BTC-USD,C,200.49,USD,2026-08-19T22:30:31.643493+00:00,posted
coinbase:1073147846,coinbase:BTC-USD,D,0.01,USD,2026-08-20T00:08:54.601648+00:00,posted
coinbase:1073147847,coinbase:BTC-USD,C,0.00,USD,2026-08-19T21:10:00.843522+00:00,posted
binance:6582453718,binance:BTCUSDT,C,225.33,USD,2026-08-19T21:27:02.549029+00:00,posted
coinbase:1073147848,coinbase:BTC-USD,D,0.00,USD,2026-08-19T20:08:26.624150+00:00,posted
coinbase:1073147849,coinbase:BTC-USD,C,0.00,USD,2026-08-19T21:35:23.888973+00:00,posted
kraken:105348511,kraken:XBTUSD,C,250.26,USD,2026-08-21T10:35:33.584899+00:00,posted
coinbase:1073147850,coinbase:BTC-USD,D,0.01,USD,2026-08-20T00:14:47.699325+00:00,posted
binance:6582453719,binance:BTCUSDT,C,10000.23,USD,2026-08-19T23:17:29.632442+00:00,posted
binance:6582453721,binance:BTCUSDT,C,6.87,USD,2026-08-19T22:39:49.493800+00:00,posted
coinbase:1073147853,coinbase:BTC-USD,D,419.99,USD,2026-08-19T22:38:04.298833+00:00,posted
coinbase:1073147852,coinbase:BTC-USD,D,4793.17,USD,2026-08-19T19:46:29.156083+00:00,posted
coinbase:1073147851,coinbase:BTC-USD,D,100.24,USD,2026-08-19T22:01:47.313483+00:00,posted
coinbase:1073147854,coinbase:BTC-USD,D,1154.31,USD,2026-08-19T20:02:23.435896+00:00,posted
coinbase:1073147855,coinbase:BTC-USD,D,6869.63,USD,2026-08-19T18:59:21.286151+00:00,posted
coinbase:1073147857,coinbase:BTC-USD,D,2.66,USD,2026-08-19T23:53:17.792774+00:00,posted
coinbase:1073147856,coinbase:BTC-USD,D,419.99,USD,2026-08-19T22:10:07.699502+00:00,posted
coinbase:1073147858,coinbase:BTC-USD,D,0.00,USD,2026-08-21T13:49:42.600525+00:00,posted
coinbase:1073147859,coinbase:BTC-USD,C,0.00,USD,2026-08-19T22:15:41.234232+00:00,posted
binance:6582453722,binance:BTCUSDT,C,4064.12,USD,2026-08-19T20:37:38.040459+00:00,posted
coinbase:1073147861,coinbase:BTC-USD,D,1760.70,USD,2026-08-19T21:34:57.076503+00:00,posted
coinbase:1073147860,coinbase:BTC-USD,D,1.17,USD,2026-08-19T20:27:06.717189+00:00,posted
binance:6582453732,binance:BTCUSDT,C,1823.22,USD,2026-08-19T20:19:16.794627+00:00,posted
coinbase:1073147862,coinbase:BTC-USD,D,0.00,USD,2026-08-19T21:04:39.695563+00:00,posted
binance:6582453733,binance:BTCUSDT,C,7.56,USD,2026-08-19T19:02:23.501605+00:00,posted
binance:6582453734,binance:BTCUSDT,C,1017.40,USD,2026-08-19T19:56:39.068510+00:00,posted
binance:6582453735,binance:BTCUSDT,D,409.43,USD,2026-08-19T23:46:29.987104+00:00,posted
coinbase:1073147863,coinbase:BTC-USD,D,0.01,USD,2026-08-22T15:47:53.279773+00:00,posted
binance:6582453736,binance:BTCUSDT,C,83.12,USD,2026-08-19T20:27:08.607562+00:00,posted
coinbase:1073147864,coinbase:BTC-USD,D,0.00,USD,2026-08-21T20:45:47.946072+00:00,posted
binance:6582453737,binance:BTCUSDT,C,5.50,USD,2026-08-19T20:36:00.506324+00:00,posted
coinbase:1073147865,coinbase:BTC-USD,D,979.37,USD,2026-08-19T20:45:57.967425+00:00,posted
binance:6582453738,binance:BTCUSDT,C,27.48,USD,2026-08-19T21:41:14.107860+00:00,posted
binance:6582453739,binance:BTCUSDT,C,6.87,USD,2026-08-19T22:21:17.742198+00:00,posted
binance:6582453740,binance:BTCUSDT,C,12.37,USD,2026-08-19T20:53:27.003261+00:00,posted
coinbase:1073147866,coinbase:BTC-USD,D,0.01,USD,2026-08-19T19:29:46.479314+00:00,posted
binance:6582453741,binance:BTCUSDT,D,999.54,USD,2026-08-19T19:26:25.996075+00:00,posted
binance:6582453742,binance:BTCUSDT,D,192.35,USD,2026-08-19T23:47:44.099268+00:00,posted
binance:6582453743,binance:BTCUSDT,C,171.06,USD,2026-08-19T19:49:33.606290+00:00,posted
coinbase:1073147870,coinbase:BTC-USD,D,1510.06,USD,2026-08-21T08:31:08.640909+00:00,posted
coinbase:1073147869,coinbase:BTC-USD,D,4.65,USD,2026-08-19T20:26:12.261233+00:00,posted
coinbase:1073147868,coinbase:BTC-USD,D,4353.18,USD,2026-08-19T22:57:50.590845+00:00,posted
coinbase:1073147867,coinbase:BTC-USD,D,100.23,USD,2026-08-19T19:37:25.740763+00:00,posted
coinbase:1073147871,coinbase:BTC-USD,C,37.75,USD,2026-08-19T21:04:43.692927+00:00,posted
kraken:105348512,kraken:XBTUSD,D,56.20,USD,2026-08-19T23:40:56.547541+00:00,posted
kraken:105348513,kraken:XBTUSD,D,6.87,USD,2026-08-19T23:25:55.674929+00:00,posted
kraken:105348514,kraken:XBTUSD,D,50.00,USD,2026-08-19T20:41:20.454555+00:00,posted
kraken:105348515,kraken:XBTUSD,D,3432.90,USD,2026-08-19T22:14:34.451653+00:00,posted
kraken:105348516,kraken:XBTUSD,D,2590.23,USD,2026-08-19T21:10:38.421925+00:00,posted
kraken:105348517,kraken:XBTUSD,D,3927.24,USD,2026-08-19T21:39:33.634500+00:00,posted
kraken:105348518,kraken:XBTUSD,D,3651.61,USD,2026-08-19T23:07:42.658236+00:00,posted
kraken:105348519,kraken:XBTUSD,D,8582.26,USD,2026-08-19T20:17:11.274899+00:00,posted
kraken:105348520,kraken:XBTUSD,D,137.32,USD,2026-08-19T20:22:18.327667+00:00,posted
kraken:105348521,kraken:XBTUSD,D,50000.06,USD,2026-08-19T19:06:46.840950+00:00,posted
kraken:105348522,kraken:XBTUSD,D,99.97,USD,2026-08-19T19:49:28.911965+00:00,posted
kraken:105348523,kraken:XBTUSD,D,10084.10,USD,2026-08-19T21:30:04.644645+00:00,posted
kraken:105348524,kraken:XBTUSD,D,3.50,USD,2026-08-19T21:36:10.188201+00:00,posted
kraken:105348525,kraken:XBTUSD,D,16.75,USD,2026-08-19T21:52:20.603898+00:00,posted
kraken:105348526,kraken:XBTUSD,D,22.52,USD,2026-08-19T22:07:06.055722+00:00,posted
kraken:105348527,kraken:XBTUSD,D,17158.33,USD,2026-08-19T18:47:54.422631+00:00,posted
coinbase:1073147873,coinbase:BTC-USD,D,728.64,USD,2026-08-19T22:02:07.054886+00:00,posted
coinbase:1073147874,coinbase:BTC-USD,C,0.00,USD,2026-08-19T21:35:56.607859+00:00,posted
binance:6582453744,binance:BTCUSDT,C,36.41,USD,2026-08-19T22:44:30.738490+00:00,posted
coinbase:1073147875,coinbase:BTC-USD,D,0.02,USD,2026-08-19T23:28:02.339810+00:00,posted
binance:6582453745,binance:BTCUSDT,C,236.32,USD,2026-08-19T20:15:19.962113+00:00,posted
coinbase:1073147879,coinbase:BTC-USD,D,9956.32,USD,2026-08-19T20:00:37.247177+00:00,posted
coinbase:1073147878,coinbase:BTC-USD,D,11966.12,USD,2026-08-19T20:23:01.941311+00:00,posted
coinbase:1073147877,coinbase:BTC-USD,D,4353.13,USD,2026-08-19T23:57:35.954876+00:00,posted
coinbase:1073147876,coinbase:BTC-USD,D,3021.10,USD,2026-08-19T19:30:36.277645+00:00,posted
kraken:105348528,kraken:XBTUSD,D,25.00,USD,2026-08-19T19:03:43.552912+00:00,posted
coinbase:1073147880,coinbase:BTC-USD,C,0.00,USD,2026-08-20T00:13:16.279536+00:00,posted
coinbase:1073147881,coinbase:BTC-USD,D,0.01,USD,2026-08-19T19:25:03.941334+00:00,posted
coinbase:1073147882,coinbase:BTC-USD,D,28.49,USD,2026-08-19T22:15:30.626614+00:00,posted
binance:6582453746,binance:BTCUSDT,C,23286.25,USD,2026-08-19T20:33:49.846070+00:00,posted
binance:6582453782,binance:BTCUSDT,C,15.80,USD,2026-08-19T23:38:26.451478+00:00,posted
binance:6582453785,binance:BTCUSDT,C,44.65,USD,2026-08-19T19:30:49.031683+00:00,posted
binance:6582453794,binance:BTCUSDT,C,27.48,USD,2026-08-19T20:24:02.449701+00:00,posted
binance:6582453799,binance:BTCUSDT,C,10.99,USD,2026-08-19T22:13:17.437032+00:00,posted
binance:6582453802,binance:BTCUSDT,C,37.78,USD,2026-08-19T22:47:46.960208+00:00,posted
binance:6582453808,binance:BTCUSDT,C,5.50,USD,2026-08-19T20:11:12.068795+00:00,posted
binance:6582453814,binance:BTCUSDT,C,599.02,USD,2026-08-19T23:33:09.564389+00:00,posted
binance:6582453819,binance:BTCUSDT,C,3995.29,USD,2026-08-19T21:59:12.094057+00:00,posted
binance:6582453820,binance:BTCUSDT,C,41.22,USD,2026-08-19T22:33:48.208742+00:00,posted
binance:6582453821,binance:BTCUSDT,C,200.59,USD,2026-08-19T20:11:38.959343+00:00,posted
binance:6582453839,binance:BTCUSDT,C,21.98,USD,2026-08-19T22:06:09.490460+00:00,posted
binance:6582453843,binance:BTCUSDT,C,463.00,USD,2026-08-19T21:12:38.785812+00:00,posted
binance:6582453844,binance:BTCUSDT,C,2211.97,USD,2026-08-19T19:54:01.113928+00:00,posted
binance:6582453846,binance:BTCUSDT,C,13.74,USD,2026-08-19T23:29:56.308440+00:00,posted
binance:6582453847,binance:BTCUSDT,C,68.01,USD,2026-08-19T21:13:55.433934+00:00,posted
binance:6582453859,binance:BTCUSDT,C,17.17,USD,2026-08-19T21:09:54.818543+00:00,posted
binance:6582453862,binance:BTCUSDT,C,38.47,USD,2026-08-19T21:24:47.864366+00:00,posted
binance:6582453869,binance:BTCUSDT,C,16.49,USD,2026-08-19T21:18:19.452230+00:00,posted
binance:6582453872,binance:BTCUSDT,C,27.48,USD,2026-08-19T19:44:50.516933+00:00,posted
binance:6582453877,binance:BTCUSDT,C,5.50,USD,2026-08-19T23:58:01.959170+00:00,posted
binance:6582453878,binance:BTCUSDT,C,21.98,USD,2026-08-19T20:19:48.005090+00:00,posted
binance:6582453882,binance:BTCUSDT,C,21.98,USD,2026-08-19T23:38:51.539257+00:00,posted
binance:6582453888,binance:BTCUSDT,C,5.50,USD,2026-08-19T19:34:05.271727+00:00,posted
binance:6582453889,binance:BTCUSDT,C,10.99,USD,2026-08-19T21:16:53.007363+00:00,posted
binance:6582453891,binance:BTCUSDT,C,10.99,USD,2026-08-19T20:59:33.114058+00:00,posted
binance:6582453893,binance:BTCUSDT,C,16.49,USD,2026-08-19T19:32:01.896647+00:00,posted
binance:6582453896,binance:BTCUSDT,C,5.50,USD,2026-08-19T18:50:36.941878+00:00,posted
binance:6582453897,binance:BTCUSDT,C,49.46,USD,2026-08-20T23:33:37.665997+00:00,posted
coinbase:1073147883,coinbase:BTC-USD,C,0.00,USD,2026-08-19T23:55:10.244154+00:00,posted
kraken:105348529,kraken:XBTUSD,D,25.00,USD,2026-08-19T23:00:52.011625+00:00,posted
kraken:105348530,kraken:XBTUSD,D,210.44,USD,2026-08-19T23:56:27.930780+00:00,posted
binance:6582453908,binance:BTCUSDT,C,590.76,USD,2026-08-19T23:08:13.253600+00:00,posted
binance:6582453938,binance:BTCUSDT,C,2042.24,USD,2026-08-19T21:45:42.655334+00:00,posted
binance:6582453939,binance:BTCUSDT,C,44.65,USD,2026-08-19T23:28:07.588232+00:00,posted
binance:6582453948,binance:BTCUSDT,C,5.50,USD,2026-08-22T06:44:35.006725+00:00,posted
binance:6582453949,binance:BTCUSDT,C,27.48,USD,2026-08-19T23:15:49.933466+00:00,posted
binance:6582453954,binance:BTCUSDT,C,10.99,USD,2026-08-19T21:24:46.113993+00:00,posted
binance:6582453956,binance:BTCUSDT,C,10.99,USD,2026-08-19T21:46:05.551484+00:00,posted
binance:6582453958,binance:BTCUSDT,C,16.49,USD,2026-08-19T21:46:07.263534+00:00,posted
binance:6582453961,binance:BTCUSDT,C,1405.41,USD,2026-08-19T19:20:34.542573+00:00,posted
binance:6582453980,binance:BTCUSDT,C,16.49,USD,2026-08-19T21:03:46.370505+00:00,posted
binance:6582453986,binance:BTCUSDT,C,6.87,USD,2026-08-19T20:01:31.904793+00:00,posted
binance:6582453988,binance:BTCUSDT,C,1371.06,USD,2026-08-19T20:43:19.275256+00:00,posted
binance:6582454001,binance:BTCUSDT,C,21.98,USD,2026-08-19T23:50:53.219169+00:00,posted
binance:6582454005,binance:BTCUSDT,C,21.98,USD,2026-08-22T09:55:23.674078+00:00,posted
binance:6582454009,binance:BTCUSDT,C,5.50,USD,2026-08-19T23:44:15.709108+00:00,posted
binance:6582454010,binance:BTCUSDT,C,12.36,USD,2026-08-20T00:13:40.946458+00:00,posted
binance:6582454011,binance:BTCUSDT,C,5.50,USD,2026-08-20T00:02:21.775467+00:00,posted
binance:6582454012,binance:BTCUSDT,C,5.50,USD,2026-08-19T19:11:54.279841+00:00,posted
binance:6582454013,binance:BTCUSDT,C,10.99,USD,2026-08-19T20:45:41.512506+00:00,posted
coinbase:1073147889,coinbase:BTC-USD,D,0.08,USD,2026-08-19T21:41:47.314399+00:00,posted
coinbase:1073147888,coinbase:BTC-USD,D,0.24,USD,2026-08-19T22:30:56.577286+00:00,posted
coinbase:1073147887,coinbase:BTC-USD,D,686.55,USD,2026-08-19T22:26:55.810737+00:00,posted
coinbase:1073147886,coinbase:BTC-USD,D,0.08,USD,2026-08-19T23:16:31.536105+00:00,posted
coinbase:1073147885,coinbase:BTC-USD,D,1.17,USD,2026-08-19T19:21:01.464458+00:00,posted
coinbase:1073147890,coinbase:BTC-USD,C,0.00,USD,2026-08-19T22:25:06.121483+00:00,posted
coinbase:1073147891,coinbase:BTC-USD,D,0.01,USD,2026-08-19T23:14:16.117075+00:00,posted
coinbase:1073147895,coinbase:BTC-USD,D,0.08,USD,2026-08-21T18:25:41.871302+00:00,posted
coinbase:1073147893,coinbase:BTC-USD,D,4352.64,USD,2026-08-19T19:35:47.040882+00:00,posted
coinbase:1073147892,coinbase:BTC-USD,D,1.15,USD,2026-08-19T20:32:24.979376+00:00,posted
coinbase:1073147896,coinbase:BTC-USD,C,0.00,USD,2026-08-19T22:44:46.634629+00:00,posted
binance:6582454014,binance:BTCUSDT,D,57.01,USD,2026-08-19T21:24:37.005861+00:00,posted
coinbase:1073147897,coinbase:BTC-USD,D,0.00,USD,2026-08-19T19:34:28.574752+00:00,posted
binance:6582454015,binance:BTCUSDT,D,480.82,USD,2026-08-19T19:28:49.382788+00:00,posted
coinbase:1073147898,coinbase:BTC-USD,C,0.00,USD,2026-08-19T20:43:05.859336+00:00,posted
binance:6582454017,binance:BTCUSDT,C,52.89,USD,2026-08-19T22:05:18.736686+00:00,posted
coinbase:1073147899,coinbase:BTC-USD,D,0.00,USD,2026-08-19T19:32:21.172173+00:00,posted
binance:6582454018,binance:BTCUSDT,D,480.82,USD,2026-08-19T23:50:52.183087+00:00,posted
coinbase:1073147900,coinbase:BTC-USD,C,0.00,USD,2026-08-19T21:48:01.362224+00:00,posted
coinbase:1073147901,coinbase:BTC-USD,C,19.43,USD,2026-08-19T21:29:17.972699+00:00,posted
binance:6582454019,binance:BTCUSDT,C,6.87,USD,2026-08-19T20:02:40.889397+00:00,posted
binance:6582454021,binance:BTCUSDT,C,2083.32,USD,2026-08-21T19:34:20.881375+00:00,posted
binance:6582454046,binance:BTCUSDT,C,43.96,USD,2026-08-19T23:14:28.205335+00:00,posted
binance:6582454054,binance:BTCUSDT,C,16.48,USD,2026-08-19T19:15:32.177347+00:00,posted
binance:6582454057,binance:BTCUSDT,C,4099.88,USD,2026-08-19T19:53:49.560398+00:00,posted
binance:6582454059,binance:BTCUSDT,C,11.68,USD,2026-08-19T20:46:20.112158+00:00,posted
binance:6582454061,binance:BTCUSDT,C,10.99,USD,2026-08-19T19:30:49.759054+00:00,posted
binance:6582454063,binance:BTCUSDT,C,7.56,USD,2026-08-19T23:47:29.590173+00:00,posted
binance:6582454064,binance:BTCUSDT,C,5.49,USD,2026-08-19T23:27:01.340584+00:00,posted
binance:6582454065,binance:BTCUSDT,C,16.48,USD,2026-08-19T19:32:43.739675+00:00,posted
binance:6582454068,binance:BTCUSDT,C,16.48,USD,2026-08-19T23:22:22.620254+00:00,posted
binance:6582454071,binance:BTCUSDT,C,32.97,USD,2026-08-19T23:54:05.190980+00:00,posted
binance:6582454072,binance:BTCUSDT,C,10.99,USD,2026-08-19T19:56:17.223900+00:00,posted
binance:6582454074,binance:BTCUSDT,C,6.18,USD,2026-08-19T22:53:15.132142+00:00,posted
binance:6582454075,binance:BTCUSDT,C,199.87,USD,2026-08-19T22:36:21.082592+00:00,posted
binance:6582454076,binance:BTCUSDT,C,11.68,USD,2026-08-19T22:48:39.638092+00:00,posted
binance:6582454078,binance:BTCUSDT,C,5.49,USD,2026-08-19T21:06:53.857086+00:00,posted
binance:6582454079,binance:BTCUSDT,C,16.48,USD,2026-08-19T21:24:05.790080+00:00,posted
binance:6582454082,binance:BTCUSDT,C,80.36,USD,2026-08-19T19:38:56.453286+00:00,posted
binance:6582454089,binance:BTCUSDT,C,16.48,USD,2026-08-19T19:33:21.918354+00:00,posted
binance:6582454092,binance:BTCUSDT,C,4714.37,USD,2026-08-19T18:50:51.682464+00:00,posted
binance:6582454097,binance:BTCUSDT,C,5.49,USD,2026-08-19T21:04:11.222422+00:00,posted
binance:6582454098,binance:BTCUSDT,C,5.49,USD,2026-08-19T21:21:45.965800+00:00,posted
binance:6582454099,binance:BTCUSDT,C,3004.86,USD,2026-08-19T21:40:48.134747+00:00,posted
binance:6582454101,binance:BTCUSDT,C,5.49,USD,2026-08-19T21:21:54.277112+00:00,posted
binance:6582454102,binance:BTCUSDT,C,1804.97,USD,2026-08-19T21:13:15.302002+00:00,posted
binance:6582454106,binance:BTCUSDT,C,5.49,USD,2026-08-19T19:06:32.639814+00:00,posted
binance:6582454107,binance:BTCUSDT,C,5.49,USD,2026-08-19T22:06:07.261257+00:00,posted
binance:6582454108,binance:BTCUSDT,C,6.18,USD,2026-08-19T19:39:39.530002+00:00,posted
binance:6582454109,binance:BTCUSDT,C,0.69,USD,2026-08-19T21:06:32.315157+00:00,posted
binance:6582454110,binance:BTCUSDT,C,32.28,USD,2026-08-19T21:16:39.694919+00:00,posted
binance:6582454111,binance:BTCUSDT,C,5.49,USD,2026-08-19T20:11:54.100331+00:00,posted
binance:6582454112,binance:BTCUSDT,C,5.49,USD,2026-08-19T20:27:44.096394+00:00,posted
binance:6582454113,binance:BTCUSDT,C,6021.22,USD,2026-08-19T23:54:07.338634+00:00,posted
binance:6582454115,binance:BTCUSDT,C,4297.34,USD,2026-08-19T19:17:04.967197+00:00,posted
binance:6582454121,binance:BTCUSDT,C,5.49,USD,2026-08-20T00:00:35.870123+00:00,posted
binance:6582454122,binance:BTCUSDT,C,11.68,USD,2026-08-19T20:58:52.591993+00:00,posted
binance:6582454124,binance:BTCUSDT,C,5.49,USD,2026-08-22T18:16:14.316626+00:00,posted
binance:6582454125,binance:BTCUSDT,C,11.68,USD,2026-08-19T20:30:05.779276+00:00,posted
binance:6582454127,binance:BTCUSDT,C,1098.18,USD,2026-08-19T23:19:44.246860+00:00,posted
binance:6582454128,binance:BTCUSDT,C,6.18,USD,2026-08-22T11:59:02.841961+00:00,posted
binance:6582454129,binance:BTCUSDT,C,5.49,USD,2026-08-19T19:51:00.289668+00:00,posted
binance:6582454130,binance:BTCUSDT,C,5.49,USD,2026-08-21T23:13:55.884873+00:00,posted
binance:6582454131,binance:BTCUSDT,C,7.55,USD,2026-08-19T18:55:59.991425+00:00,posted
binance:6582454132,binance:BTCUSDT,C,1990.98,USD,2026-08-19T21:45:27.668717+00:00,posted
binance:6582454133,binance:BTCUSDT,C,1030.86,USD,2026-08-19T19:48:41.951427+00:00,posted
binance:6582454134,binance:BTCUSDT,C,1853.62,USD,2026-08-19T23:53:22.821791+00:00,posted
binance:6582454135,binance:BTCUSDT,C,6.87,USD,2026-08-19T19:14:48.404223+00:00,posted
binance:6582454136,binance:BTCUSDT,C,1023.99,USD,2026-08-19T19:01:33.140857+00:00,posted
binance:6582454137,binance:BTCUSDT,C,5.49,USD,2026-08-19T21:26:24.003410+00:00,posted
binance:6582454138,binance:BTCUSDT,C,5.49,USD,2026-08-19T18:49:32.503869+00:00,posted
binance:6582454139,binance:BTCUSDT,C,726.61,USD,2026-08-19T20:19:56.188161+00:00,posted
binance:6582454140,binance:BTCUSDT,C,1883.13,USD,2026-08-19T19:51:03.322389+00:00,posted
binance:6582454141,binance:BTCUSDT,C,906.54,USD,2026-08-19T22:46:13.249872+00:00,posted
binance:6582454142,binance:BTCUSDT,C,968.35,USD,2026-08-19T22:38:37.229849+00:00,posted
binance:6582454143,binance:BTCUSDT,C,597.49,USD,2026-08-22T05:52:07.416843+00:00,posted
binance:6582454144,binance:BTCUSDT,C,192.30,USD,2026-08-21T01:29:16.879517+00:00,posted
binance:6582454145,binance:BTCUSDT,C,2280.08,USD,2026-08-19T20:52:50.437289+00:00,posted
binance:6582454146,binance:BTCUSDT,C,6.18,USD,2026-08-19T23:27:54.761503+00:00,posted
binance:6582454147,binance:BTCUSDT,C,5.49,USD,2026-08-19T19:36:45.073655+00:00,posted
binance:6582454148,binance:BTCUSDT,C,11.67,USD,2026-08-19T23:38:51.661682+00:00,posted
binance:6582454150,binance:BTCUSDT,C,5.49,USD,2026-08-22T12:43:49.302364+00:00,posted
binance:6582454151,binance:BTCUSDT,C,15002.93,USD,2026-08-19T22:22:38.183969+00:00,posted
binance:6582454152,binance:BTCUSDT,C,9999.89,USD,2026-08-19T19:39:53.356124+00:00,posted
binance:6582454153,binance:BTCUSDT,C,802.82,USD,2026-08-19T21:37:07.380789+00:00,posted
binance:6582454154,binance:BTCUSDT,C,5.49,USD,2026-08-19T22:21:42.244317+00:00,posted
binance:6582454155,binance:BTCUSDT,C,12.36,USD,2026-08-19T20:39:24.647730+00:00,posted
binance:6582454156,binance:BTCUSDT,C,6.18,USD,2026-08-19T20:38:37.235036+00:00,posted
binance:6582454157,binance:BTCUSDT,C,1083.01,USD,2026-08-19T23:29:12.485550+00:00,posted
binance:6582454158,binance:BTCUSDT,C,131.86,USD,2026-08-19T23:40:40.087634+00:00,posted
binance:6582454159,binance:BTCUSDT,C,5.49,USD,2026-08-19T20:54:39.783579+00:00,posted
binance:6582454160,binance:BTCUSDT,C,10.30,USD,2026-08-19T22:08:10.292212+00:00,posted
binance:6582454161,binance:BTCUSDT,C,2472.28,USD,2026-08-19T19:18:53.264654+00:00,posted
binance:6582454163,binance:BTCUSDT,C,5.49,USD,2026-08-19T20:28:53.562735+00:00,posted
binance:6582454164,binance:BTCUSDT,C,2609.61,USD,2026-08-19T23:09:52.809016+00:00,posted
binance:6582454165,binance:BTCUSDT,C,2746.95,USD,2026-08-19T21:31:23.087761+00:00,posted
binance:6582454166,binance:BTCUSDT,C,4669.82,USD,2026-08-19T19:42:45.034256+00:00,posted
binance:6582454168,binance:BTCUSDT,C,9726.95,USD,2026-08-19T19:09:14.229429+00:00,posted
binance:6582454169,binance:BTCUSDT,C,6.18,USD,2026-08-19T20:43:21.320839+00:00,posted
binance:6582454170,binance:BTCUSDT,C,363.97,USD,2026-08-19T20:11:51.919170+00:00,posted
binance:6582454173,binance:BTCUSDT,C,4.12,USD,2026-08-19T20:11:13.946809+00:00,posted
binance:6582454174,binance:BTCUSDT,C,11.67,USD,2026-08-19T22:21:20.409245+00:00,posted
binance:6582454176,binance:BTCUSDT,C,863.22,USD,2026-08-19T19:27:39.157241+00:00,posted
binance:6582454177,binance:BTCUSDT,C,2306.73,USD,2026-08-19T18:59:48.560298+00:00,posted
binance:6582454180,binance:BTCUSDT,C,5.49,USD,2026-08-19T20:59:03.222443+00:00,posted
binance:6582454181,binance:BTCUSDT,C,1.37,USD,2026-08-19T23:49:24.000305+00:00,posted
binance:6582454182,binance:BTCUSDT,C,128.42,USD,2026-08-19T20:47:45.924865+00:00,posted
binance:6582454183,binance:BTCUSDT,C,6.18,USD,2026-08-20T00:00:55.116183+00:00,posted
binance:6582454184,binance:BTCUSDT,C,799.35,USD,2026-08-19T22:31:52.203757+00:00,posted
binance:6582454185,binance:BTCUSDT,C,5.49,USD,2026-08-19T20:13:28.609168+00:00,posted
binance:6582454186,binance:BTCUSDT,C,99.57,USD,2026-08-19T22:31:59.226611+00:00,posted
binance:6582454187,binance:BTCUSDT,C,10502.70,USD,2026-08-19T22:19:13.188349+00:00,posted
binance:6582454188,binance:BTCUSDT,C,41.20,USD,2026-08-19T20:07:31.998349+00:00,posted
binance:6582454189,binance:BTCUSDT,C,7.55,USD,2026-08-19T18:49:21.896329+00:00,posted
binance:6582454190,binance:BTCUSDT,C,5.49,USD,2026-08-19T20:22:39.705884+00:00,posted
binance:6582454191,binance:BTCUSDT,C,444.30,USD,2026-08-19T20:58:30.378323+00:00,posted
binance:6582454192,binance:BTCUSDT,C,2027.83,USD,2026-08-19T22:27:33.807123+00:00,posted
binance:6582454193,binance:BTCUSDT,C,17.17,USD,2026-08-19T21:21:20.702221+00:00,posted
binance:6582454196,binance:BTCUSDT,C,6.18,USD,2026-08-19T23:16:46.762958+00:00,posted
binance:6582454197,binance:BTCUSDT,C,5.49,USD,2026-08-20T23:28:47.217723+00:00,posted
binance:6582454198,binance:BTCUSDT,C,11.67,USD,2026-08-19T20:57:44.134599+00:00,posted
binance:6582454200,binance:BTCUSDT,C,804.11,USD,2026-08-19T20:59:14.731321+00:00,posted
binance:6582454201,binance:BTCUSDT,C,5.49,USD,2026-08-19T19:56:54.802704+00:00,posted
binance:6582454202,binance:BTCUSDT,C,12.36,USD,2026-08-19T19:24:28.289402+00:00,posted
binance:6582454203,binance:BTCUSDT,C,1499.71,USD,2026-08-19T21:46:37.234190+00:00,posted
binance:6582454204,binance:BTCUSDT,C,14.42,USD,2026-08-19T19:34:45.799242+00:00,posted
binance:6582454205,binance:BTCUSDT,C,5.49,USD,2026-08-19T21:54:15.116111+00:00,posted
binance:6582454206,binance:BTCUSDT,C,5.49,USD,2026-08-19T23:02:13.895367+00:00,posted
binance:6582454207,binance:BTCUSDT,C,5.49,USD,2026-08-20T00:09:40.130310+00:00,posted
binance:6582454208,binance:BTCUSDT,C,6.18,USD,2026-08-19T19:56:32.185175+00:00,posted
binance:6582454209,binance:BTCUSDT,C,6.18,USD,2026-08-19T20:15:47.618581+00:00,posted
binance:6582454210,binance:BTCUSDT,C,6.18,USD,2026-08-19T19:14:19.733412+00:00,posted
binance:6582454211,binance:BTCUSDT,C,1054.02,USD,2026-08-19T23:35:05.388618+00:00,posted
binance:6582454212,binance:BTCUSDT,C,457.31,USD,2026-08-19T21:05:15.118840+00:00,posted
binance:6582454213,binance:BTCUSDT,D,5.49,USD,2026-08-19T23:41:27.479110+00:00,posted
binance:6582454214,binance:BTCUSDT,C,9999.33,USD,2026-08-19T19:04:28.723199+00:00,posted
binance:6582454215,binance:BTCUSDT,C,6.18,USD,2026-08-19T21:08:09.605026+00:00,posted
binance:6582454216,binance:BTCUSDT,C,1383.61,USD,2026-08-19T20:24:43.344651+00:00,posted
binance:6582454219,binance:BTCUSDT,C,5.49,USD,2026-08-19T23:57:35.070559+00:00,posted
binance:6582454220,binance:BTCUSDT,C,171.66,USD,2026-08-19T21:43:27.650559+00:00,posted
binance:6582454221,binance:BTCUSDT,C,8.24,USD,2026-08-20T00:05:23.304713+00:00,posted
binance:6582454222,binance:BTCUSDT,C,7.55,USD,2026-08-19T23:47:54.062794+00:00,posted
binance:6582454223,binance:BTCUSDT,C,5.49,USD,2026-08-19T23:18:20.336808+00:00,posted
binance:6582454224,binance:BTCUSDT,C,5.49,USD,2026-08-19T23:41:41.455936+00:00,posted
binance:6582454225,binance:BTCUSDT,C,5.49,USD,2026-08-19T22:45:14.554918+00:00,posted
binance:6582454226,binance:BTCUSDT,C,6.18,USD,2026-08-19T19:34:28.047343+00:00,posted
binance:6582454227,binance:BTCUSDT,C,11.67,USD,2026-08-19T23:18:30.001668+00:00,posted
binance:6582454229,binance:BTCUSDT,C,6.18,USD,2026-08-19T23:19:04.277668+00:00,posted
binance:6582454230,binance:BTCUSDT,C,5.49,USD,2026-08-21T06:08:17.136923+00:00,posted
binance:6582454231,binance:BTCUSDT,C,12.36,USD,2026-08-19T23:54:54.250108+00:00,posted
binance:6582454232,binance:BTCUSDT,C,1105.45,USD,2026-08-19T20:31:09.501189+00:00,posted
binance:6582454233,binance:BTCUSDT,C,367.34,USD,2026-08-19T22:29:08.744153+00:00,posted
binance:6582454234,binance:BTCUSDT,C,420.21,USD,2026-08-19T22:45:05.890555+00:00,posted
binance:6582454235,binance:BTCUSDT,C,10.99,USD,2026-08-19T23:58:02.438152+00:00,posted
binance:6582454237,binance:BTCUSDT,C,6.18,USD,2026-08-19T22:16:03.631448+00:00,posted
binance:6582454239,binance:BTCUSDT,C,10.30,USD,2026-08-19T21:57:36.493929+00:00,posted
binance:6582454241,binance:BTCUSDT,C,6.18,USD,2026-08-19T21:05:24.115956+00:00,posted
binance:6582454242,binance:BTCUSDT,C,87.89,USD,2026-08-19T19:41:33.429355+00:00,posted
binance:6582454258,binance:BTCUSDT,C,384.50,USD,2026-08-19T20:41:36.722970+00:00,posted
binance:6582454259,binance:BTCUSDT,C,18.54,USD,2026-08-20T00:07:25.170202+00:00,posted
binance:6582454261,binance:BTCUSDT,C,179.20,USD,2026-08-19T18:51:29.175154+00:00,posted
binance:6582454262,binance:BTCUSDT,D,5.49,USD,2026-08-19T18:52:05.217121+00:00,posted
binance:6582454263,binance:BTCUSDT,C,365.96,USD,2026-08-19T21:32:25.916962+00:00,posted
binance:6582454272,binance:BTCUSDT,C,2609.09,USD,2026-08-19T22:37:31.109493+00:00,posted
binance:6582454273,binance:BTCUSDT,C,5.49,USD,2026-08-19T21:17:13.380204+00:00,posted
binance:6582454274,binance:BTCUSDT,C,2471.77,USD,2026-08-19T20:42:58.412171+00:00,posted
binance:6582454275,binance:BTCUSDT,C,2471.77,USD,2026-08-19T21:39:23.392491+00:00,posted
binance:6582454276,binance:BTCUSDT,C,5.49,USD,2026-08-21T02:57:19.909812+00:00,posted
binance:6582454277,binance:BTCUSDT,C,6.18,USD,2026-08-19T21:08:06.625556+00:00,posted
binance:6582454278,binance:BTCUSDT,C,6.18,USD,2026-08-19T22:03:03.487841+00:00,posted
binance:6582454279,binance:BTCUSDT,C,5.49,USD,2026-08-19T20:52:39.583793+00:00,posted
binance:6582454280,binance:BTCUSDT,C,6.18,USD,2026-08-19T22:33:57.932992+00:00,posted
binance:6582454281,binance:BTCUSDT,C,5.49,USD,2026-08-19T20:20:12.947582+00:00,posted
binance:6582454282,binance:BTCUSDT,C,274.63,USD,2026-08-21T07:31:55.769752+00:00,posted
binance:6582454283,binance:BTCUSDT,C,2471.67,USD,2026-08-20T00:15:12.821780+00:00,posted
binance:6582454284,binance:BTCUSDT,C,7.55,USD,2026-08-19T19:21:00.108383+00:00,posted
binance:6582454285,binance:BTCUSDT,C,6.18,USD,2026-08-19T22:10:06.585358+00:00,posted
binance:6582454286,binance:BTCUSDT,C,2746.28,USD,2026-08-19T21:30:33.447596+00:00,posted
binance:6582454287,binance:BTCUSDT,C,2608.96,USD,2026-08-19T23:52:43.762405+00:00,posted
binance:6582454288,binance:BTCUSDT,C,11.67,USD,2026-08-22T03:23:59.764245+00:00,posted
binance:6582454290,binance:BTCUSDT,C,5.49,USD,2026-08-19T19:56:39.678304+00:00,posted
binance:6582454291,binance:BTCUSDT,C,6.18,USD,2026-08-19T21:48:46.070664+00:00,posted
binance:6582454292,binance:BTCUSDT,C,6.18,USD,2026-08-19T23:29:20.214116+00:00,posted
binance:6582454293,binance:BTCUSDT,C,5.49,USD,2026-08-19T20:42:26.780928+00:00,posted
binance:6582454294,binance:BTCUSDT,C,274.62,USD,2026-08-19T21:19:50.783132+00:00,posted
binance:6582454295,binance:BTCUSDT,C,12.36,USD,2026-08-19T22:19:32.846438+00:00,posted
binance:6582454296,binance:BTCUSDT,C,14.42,USD,2026-08-19T20:57:21.639394+00:00,posted
binance:6582454297,binance:BTCUSDT,C,2907.49,USD,2026-08-19T23:04:52.111870+00:00,posted
binance:6582454299,binance:BTCUSDT,C,105.04,USD,2026-08-19T20:15:03.290989+00:00,posted
binance:6582454300,binance:BTCUSDT,C,343.27,USD,2026-08-19T20:28:11.084390+00:00,posted
binance:6582454301,binance:BTCUSDT,C,56390.14,USD,2026-08-19T23:46:49.516657+00:00,posted
binance:6582454302,binance:BTCUSDT,C,420.16,USD,2026-08-19T18:48:06.949635+00:00,posted
binance:6582454303,binance:BTCUSDT,C,49.44,USD,2026-08-19T18:57:31.589292+00:00,posted
binance:6582454312,binance:BTCUSDT,C,10.99,USD,2026-08-19T20:37:19.412775+00:00,posted
binance:6582454314,binance:BTCUSDT,C,5.49,USD,2026-08-20T00:14:22.648672+00:00,posted
binance:6582454315,binance:BTCUSDT,C,1075.91,USD,2026-08-20T00:07:59.740397+00:00,posted
binance:6582454316,binance:BTCUSDT,C,5.49,USD,2026-08-19T22:19:24.432291+00:00,posted
binance:6582454317,binance:BTCUSDT,C,5.49,USD,2026-08-19T23:11:10.998595+00:00,posted
binance:6582454318,binance:BTCUSDT,C,280.79,USD,2026-08-19T19:29:16.267195+00:00,posted
binance:6582454319,binance:BTCUSDT,C,5.49,USD,2026-08-20T00:09:16.273566+00:00,posted
binance:6582454320,binance:BTCUSDT,C,361.81,USD,2026-08-19T23:45:07.225172+00:00,posted
binance:6582454321,binance:BTCUSDT,D,5.49,USD,2026-08-19T21:11:05.184423+00:00,posted
binance:6582454322,binance:BTCUSDT,C,10.99,USD,2026-08-21T18:29:00.250647+00:00,posted
binance:6582454324,binance:BTCUSDT,C,409.18,USD,2026-08-19T23:05:33.402621+00:00,posted
binance:6582454325,binance:BTCUSDT,C,352.88,USD,2026-08-19T22:13:45.537957+00:00,posted
binance:6582454326,binance:BTCUSDT,C,367.99,USD,2026-08-19T21:49:12.164070+00:00,posted
binance:6582454327,binance:BTCUSDT,C,5.49,USD,2026-08-19T19:53:59.134018+00:00,posted
binance:6582454328,binance:BTCUSDT,C,974.98,USD,2026-08-22T00:27:57.564006+00:00,posted
coinbase:1073147902,coinbase:BTC-USD,C,0.00,USD,2026-08-19T18:55:55.478491+00:00,posted
coinbase:1073147921,coinbase:BTC-USD,D,92944.80,USD,2026-08-19T23:50:32.444541+00:00,posted
coinbase:1073147920,coinbase:BTC-USD,D,749.84,USD,2026-08-20T00:11:16.276530+00:00,posted
coinbase:1073147919,coinbase:BTC-USD,D,34323.00,USD,2026-08-19T23:03:20.952560+00:00,posted
coinbase:1073147918,coinbase:BTC-USD,D,4229.61,USD,2026-08-22T17:54:50.356859+00:00,posted
coinbase:1073147917,coinbase:BTC-USD,D,2092.55,USD,2026-08-19T19:50:42.488049+00:00,posted
coinbase:1073147916,coinbase:BTC-USD,D,1.50,USD,2026-08-19T22:46:25.665432+00:00,posted
coinbase:1073147915,coinbase:BTC-USD,D,1.17,USD,2026-08-19T20:51:31.193298+00:00,posted
coinbase:1073147914,coinbase:BTC-USD,D,19361.10,USD,2026-08-19T19:03:49.303095+00:00,posted
coinbase:1073147913,coinbase:BTC-USD,D,8841.24,USD,2026-08-20T19:23:23.409692+00:00,posted
coinbase:1073147912,coinbase:BTC-USD,D,913.71,USD,2026-08-19T23:32:50.068656+00:00,posted
coinbase:1073147911,coinbase:BTC-USD,D,1000.00,USD,2026-08-19T23:52:43.216243+00:00,posted
coinbase:1073147910,coinbase:BTC-USD,D,1000.00,USD,2026-08-19T19:33:33.016186+00:00,posted
coinbase:1073147909,coinbase:BTC-USD,D,499.62,USD,2026-08-19T19:46:21.103939+00:00,posted
coinbase:1073147908,coinbase:BTC-USD,D,1383.59,USD,2026-08-19T20:55:42.519670+00:00,posted
coinbase:1073147907,coinbase:BTC-USD,D,8196.47,USD,2026-08-19T18:53:59.423515+00:00,posted
coinbase:1073147906,coinbase:BTC-USD,D,1.17,USD,2026-08-19T19:56:08.535803+00:00,posted
coinbase:1073147905,coinbase:BTC-USD,D,57.18,USD,2026-08-19T23:40:21.003249+00:00,posted
coinbase:1073147904,coinbase:BTC-USD,D,4352.48,USD,2026-08-19T21:15:32.070420+00:00,posted
coinbase:1073147903,coinbase:BTC-USD,D,12158.11,USD,2026-08-19T20:25:20.024198+00:00,posted
coinbase:1073147922,coinbase:BTC-USD,D,2578.71,USD,2026-08-19T22:24:26.077365+00:00,posted
coinbase:1073147946,coinbase:BTC-USD,D,1.17,USD,2026-08-19T23:28:49.899666+00:00,posted
coinbase:1073147945,coinbase:BTC-USD,D,4260.09,USD,2026-08-19T20:39:52.329863+00:00,posted
coinbase:1073147944,coinbase:BTC-USD,D,1696.49,USD,2026-08-20T00:15:04.020680+00:00,posted
coinbase:1073147943,coinbase:BTC-USD,D,400.11,USD,2026-08-19T18:48:23.971101+00:00,posted
coinbase:1073147942,coinbase:BTC-USD,D,41985.58,USD,2026-08-19T20:10:43.803148+00:00,posted
coinbase:1073147941,coinbase:BTC-USD,D,101.21,USD,2026-08-19T22:06:45.676244+00:00,posted
coinbase:1073147940,coinbase:BTC-USD,D,686.30,USD,2026-08-19T21:37:40.982365+00:00,posted
coinbase:1073147939,coinbase:BTC-USD,D,4568.89,USD,2026-08-19T19:58:07.552188+00:00,posted
coinbase:1073147938,coinbase:BTC-USD,D,1.17,USD,2026-08-19T23:43:16.415881+00:00,posted
coinbase:1073147937,coinbase:BTC-USD,D,1601.86,USD,2026-08-19T22:46:54.012115+00:00,posted
coinbase:1073147936,coinbase:BTC-USD,D,749.65,USD,2026-08-19T20:15:02.975454+00:00,posted
coinbase:1073147935,coinbase:BTC-USD,D,2745.35,USD,2026-08-20T00:01:18.624262+00:00,posted
coinbase:1073147934,coinbase:BTC-USD,D,1.17,USD,2026-08-19T21:48:44.325774+00:00,posted
coinbase:1073147933,coinbase:BTC-USD,D,686.35,USD,2026-08-19T22:52:39.533145+00:00,posted
coinbase:1073147932,coinbase:BTC-USD,D,1372.71,USD,2026-08-19T21:35:55.282540+00:00,posted
coinbase:1073147931,coinbase:BTC-USD,D,150.00,USD,2026-08-19T19:50:27.156834+00:00,posted
coinbase:1073147930,coinbase:BTC-USD,D,1.17,USD,2026-08-19T22:33:28.420558+00:00,posted
coinbase:1073147929,coinbase:BTC-USD,D,2999.73,USD,2026-08-19T20:19:30.121642+00:00,posted
coinbase:1073147928,coinbase:BTC-USD,D,68640.00,USD,2026-08-19T21:59:20.918372+00:00,posted
coinbase:1073147927,coinbase:BTC-USD,D,686.40,USD,2026-08-19T20:29:34.068480+00:00,posted
coinbase:1073147926,coinbase:BTC-USD,D,12789.73,USD,2026-08-20T00:01:29.171995+00:00,posted
coinbase:1073147925,coinbase:BTC-USD,D,1.17,USD,2026-08-19T23:38:05.258118+00:00,posted
coinbase:1073147924,coinbase:BTC-USD,D,2361.81,USD,2026-08-19T22:53:16.852463+00:00,posted
coinbase:1073147923,coinbase:BTC-USD,D,1.17,USD,2026-08-19T22:12:18.319969+00:00,posted
binance:6582454331,binance:BTCUSDT,C,572.63,USD,2026-08-19T21:08:25.080919+00:00,posted
binance:6582454341,binance:BTCUSDT,C,5.49,USD,2026-08-19T20:50:09.101638+00:00,posted
binance:6582454342,binance:BTCUSDT,C,16.48,USD,2026-08-19T19:07:57.155807+00:00,posted
coinbase:1073147947,coinbase:BTC-USD,D,499.60,USD,2026-08-19T18:57:53.133607+00:00,posted
coinbase:1073147948,coinbase:BTC-USD,D,9814.27,USD,2026-08-19T22:00:24.701746+00:00,posted
coinbase:1073147949,coinbase:BTC-USD,D,2287.43,USD,2026-08-19T23:19:33.082502+00:00,posted
kraken:105348531,kraken:XBTUSD,C,50.00,USD,2026-08-20T00:05:14.568710+00:00,posted
kraken:105348532,kraken:XBTUSD,C,68.66,USD,2026-08-19T18:56:37.503794+00:00,posted
kraken:105348533,kraken:XBTUSD,C,1029.87,USD,2026-08-19T20:33:13.779784+00:00,posted
kraken:105348534,kraken:XBTUSD,C,5355.32,USD,2026-08-19T20:44:48.034209+00:00,posted
coinbase:1073147957,coinbase:BTC-USD,D,16839.82,USD,2026-08-19T19:34:36.478636+00:00,posted
coinbase:1073147956,coinbase:BTC-USD,D,1.17,USD,2026-08-19T18:49:55.426444+00:00,posted
coinbase:1073147955,coinbase:BTC-USD,D,99.91,USD,2026-08-19T22:43:17.384965+00:00,posted
coinbase:1073147954,coinbase:BTC-USD,D,686.25,USD,2026-08-19T21:54:00.584254+00:00,posted
coinbase:1073147953,coinbase:BTC-USD,D,101.22,USD,2026-08-19T20:03:31.138142+00:00,posted
coinbase:1073147952,coinbase:BTC-USD,D,41985.41,USD,2026-08-19T21:40:44.487809+00:00,posted
coinbase:1073147951,coinbase:BTC-USD,D,2340.33,USD,2026-08-21T23:27:30.568914+00:00,posted
coinbase:1073147950,coinbase:BTC-USD,D,712.28,USD,2026-08-19T23:30:30.963302+00:00,posted
coinbase:1073147959,coinbase:BTC-USD,D,563.55,USD,2026-08-19T22:31:50.907199+00:00,posted
coinbase:1073147958,coinbase:BTC-USD,D,2456.06,USD,2026-08-19T23:15:09.905738+00:00,posted
coinbase:1073147960,coinbase:BTC-USD,D,1498.04,USD,2026-08-19T19:03:07.958262+00:00,posted
binance:6582454345,binance:BTCUSDT,C,56.99,USD,2026-08-19T19:02:11.175511+00:00,posted
coinbase:1073147961,coinbase:BTC-USD,D,903.43,USD,2026-08-19T19:26:06.032869+00:00,posted
coinbase:1073147963,coinbase:BTC-USD,D,1062.03,USD,2026-08-19T22:05:13.032284+00:00,posted
coinbase:1073147962,coinbase:BTC-USD,D,730.24,USD,2026-08-19T20:04:45.858795+00:00,posted
coinbase:1073147965,coinbase:BTC-USD,D,13.69,USD,2026-08-19T23:47:35.239277+00:00,posted
coinbase:1073147964,coinbase:BTC-USD,D,2019.87,USD,2026-08-19T23:24:29.233740+00:00,posted
coinbase:1073147966,coinbase:BTC-USD,D,787.33,USD,2026-08-19T23:42:22.130548+00:00,posted
coinbase:1073147967,coinbase:BTC-USD,D,787.33,USD,2026-08-19T18:59:39.288195+00:00,posted
coinbase:1073147968,coinbase:BTC-USD,D,2488.60,USD,2026-08-19T19:09:39.906467+00:00,posted
coinbase:1073147969,coinbase:BTC-USD,D,100.89,USD,2026-08-22T04:59:42.961193+00:00,posted
binance:6582454355,binance:BTCUSDT,C,28112.64,USD,2026-08-19T22:55:27.838131+00:00,posted
binance:6582454372,binance:BTCUSDT,C,10.99,USD,2026-08-19T21:50:22.444987+00:00,posted
binance:6582454379,binance:BTCUSDT,C,5.49,USD,2026-08-19T22:36:34.579389+00:00,posted
binance:6582454380,binance:BTCUSDT,C,16.48,USD,2026-08-19T23:26:48.443794+00:00,posted
binance:6582454383,binance:BTCUSDT,C,5.49,USD,2026-08-19T19:26:48.708343+00:00,posted
binance:6582454384,binance:BTCUSDT,C,5.49,USD,2026-08-19T22:10:40.676630+00:00,posted
binance:6582454385,binance:BTCUSDT,C,10.98,USD,2026-08-19T19:32:31.673583+00:00,posted
kraken:105348535,kraken:XBTUSD,C,3.50,USD,2026-08-19T23:31:00.235764+00:00,posted
kraken:105348536,kraken:XBTUSD,C,3.50,USD,2026-08-19T20:01:26.297934+00:00,posted
kraken:105348537,kraken:XBTUSD,C,205.95,USD,2026-08-22T09:16:07.069158+00:00,posted
kraken:105348538,kraken:XBTUSD,C,35.97,USD,2026-08-19T21:44:08.396771+00:00,posted
kraken:105348540,kraken:XBTUSD,C,889.81,USD,2026-08-19T19:04:04.062491+00:00,posted
kraken:105348541,kraken:XBTUSD,C,27459.20,USD,2026-08-19T19:00:57.649439+00:00,posted
kraken:105348542,kraken:XBTUSD,C,3.50,USD,2026-08-19T20:35:25.454750+00:00,posted
coinbase:1073147971,coinbase:BTC-USD,D,3082.03,USD,2026-08-19T23:14:51.970441+00:00,posted
coinbase:1073147970,coinbase:BTC-USD,D,3075.32,USD,2026-08-19T19:42:57.461895+00:00,posted
binance:6582454387,binance:BTCUSDT,C,1114.94,USD,2026-08-19T21:18:46.496499+00:00,posted
binance:6582454397,binance:BTCUSDT,C,44.62,USD,2026-08-19T23:31:10.279005+00:00,posted
binance:6582454405,binance:BTCUSDT,C,38.45,USD,2026-08-19T23:39:43.168568+00:00,posted
binance:6582454415,binance:BTCUSDT,C,1373.06,USD,2026-08-19T19:27:07.751521+00:00,posted
coinbase:1073147972,coinbase:BTC-USD,D,3088.76,USD,2026-08-19T21:57:26.879887+00:00,posted
binance:6582454416,binance:BTCUSDT,C,71.40,USD,2026-08-20T00:08:56.486164+00:00,posted
binance:6582454429,binance:BTCUSDT,C,38.45,USD,2026-08-19T22:47:55.885696+00:00,posted
binance:6582454436,binance:BTCUSDT,C,10.98,USD,2026-08-19T20:13:48.245265+00:00,posted
binance:6582454438,binance:BTCUSDT,C,16.48,USD,2026-08-19T19:14:04.093626+00:00,posted
binance:6582454441,binance:BTCUSDT,C,2660.29,USD,2026-08-19T23:34:47.639175+00:00,posted
binance:6582454444,binance:BTCUSDT,C,21.97,USD,2026-08-19T22:49:23.078921+00:00,posted
coinbase:1073147973,coinbase:BTC-USD,D,3088.76,USD,2026-08-19T19:12:29.502826+00:00,posted
binance:6582454448,binance:BTCUSDT,C,6.87,USD,2026-08-19T19:06:38.071184+00:00,posted
kraken:105348543,kraken:XBTUSD,C,3.50,USD,2026-08-19T23:16:51.324717+00:00,posted
coinbase:1073147976,coinbase:BTC-USD,D,196.66,USD,2026-08-19T19:21:14.599709+00:00,posted
coinbase:1073147975,coinbase:BTC-USD,D,2885.23,USD,2026-08-19T22:01:37.169666+00:00,posted
coinbase:1073147989,coinbase:BTC-USD,C,499.65,USD,2026-08-19T23:30:02.314716+00:00,posted
coinbase:1073147988,coinbase:BTC-USD,C,728.76,USD,2026-08-19T20:29:38.973306+00:00,posted
coinbase:1073147985,coinbase:BTC-USD,C,420.02,USD,2026-08-22T18:10:04.747319+00:00,posted
coinbase:1073147984,coinbase:BTC-USD,C,3067.99,USD,2026-08-19T23:33:08.433781+00:00,posted
coinbase:1073147983,coinbase:BTC-USD,C,12155.07,USD,2026-08-19T23:04:09.246776+00:00,posted
coinbase:1073147982,coinbase:BTC-USD,C,2744.86,USD,2026-08-19T20:18:26.030800+00:00,posted
coinbase:1073147981,coinbase:BTC-USD,C,4921.95,USD,2026-08-19T20:28:06.336039+00:00,posted
coinbase:1073147980,coinbase:BTC-USD,C,4597.61,USD,2026-08-19T22:20:42.812456+00:00,posted
coinbase:1073147979,coinbase:BTC-USD,C,2058.86,USD,2026-08-19T23:35:53.515275+00:00,posted
coinbase:1073147978,coinbase:BTC-USD,C,1372.53,USD,2026-08-19T20:06:07.966535+00:00,posted
coinbase:1073147977,coinbase:BTC-USD,C,1372.45,USD,2026-08-19T19:48:28.019166+00:00,posted
binance:6582454449,binance:BTCUSDT,C,203.90,USD,2026-08-19T20:42:53.608114+00:00,posted
binance:6582454450,binance:BTCUSDT,D,2746.09,USD,2026-08-19T21:48:20.954436+00:00,posted
binance:6582454451,binance:BTCUSDT,D,686.52,USD,2026-08-19T19:56:43.840308+00:00,posted
binance:6582454452,binance:BTCUSDT,D,1373.05,USD,2026-08-19T21:08:55.732784+00:00,posted
binance:6582454454,binance:BTCUSDT,D,686.52,USD,2026-08-19T19:02:57.815137+00:00,posted
coinbase:1073147990,coinbase:BTC-USD,D,0.01,USD,2026-08-19T23:52:59.796651+00:00,posted
coinbase:1073147991,coinbase:BTC-USD,D,12154.90,USD,2026-08-19T19:49:16.109970+00:00,posted
coinbase:1073147993,coinbase:BTC-USD,C,5014.27,USD,2026-08-19T20:17:48.341740+00:00,posted
coinbase:1073147992,coinbase:BTC-USD,C,63985.49,USD,2026-08-19T21:37:53.658396+00:00,posted
binance:6582454455,binance:BTCUSDT,D,54.92,USD,2026-08-21T06:13:42.611531+00:00,posted
binance:6582454461,binance:BTCUSDT,D,6.18,USD,2026-08-19T19:24:45.774541+00:00,posted
binance:6582454462,binance:BTCUSDT,D,590.41,USD,2026-08-19T21:56:34.618971+00:00,posted
binance:6582454464,binance:BTCUSDT,D,4185.73,USD,2026-08-19T21:42:21.270151+00:00,posted
binance:6582454475,binance:BTCUSDT,D,10.98,USD,2026-08-19T23:38:00.547737+00:00,posted
binance:6582454477,binance:BTCUSDT,D,21.97,USD,2026-08-19T21:00:15.338103+00:00,posted
binance:6582454481,binance:BTCUSDT,D,5.49,USD,2026-08-19T19:59:18.850295+00:00,posted
binance:6582454482,binance:BTCUSDT,D,10.98,USD,2026-08-19T22:35:00.400965+00:00,posted
binance:6582454484,binance:BTCUSDT,D,27.46,USD,2026-08-19T19:43:11.438558+00:00,posted
binance:6582454489,binance:BTCUSDT,D,5.49,USD,2026-08-19T22:16:55.666411+00:00,posted
binance:6582454490,binance:BTCUSDT,D,10.99,USD,2026-08-19T20:21:47.038919+00:00,posted
binance:6582454496,binance:BTCUSDT,D,236.87,USD,2026-08-21T10:54:09.572774+00:00,posted
binance:6582454497,binance:BTCUSDT,D,38.45,USD,2026-08-19T22:50:39.058858+00:00,posted
binance:6582454504,binance:BTCUSDT,D,54.93,USD,2026-08-19T22:33:46.193223+00:00,posted
binance:6582454514,binance:BTCUSDT,D,5.49,USD,2026-08-19T22:31:37.623199+00:00,posted
binance:6582454515,binance:BTCUSDT,D,10.99,USD,2026-08-19T20:36:21.737263+00:00,posted
binance:6582454517,binance:BTCUSDT,D,7.55,USD,2026-08-20T00:04:17.473956+00:00,posted
binance:6582454518,binance:BTCUSDT,D,27.46,USD,2026-08-19T21:07:57.928477+00:00,posted
binance:6582454523,binance:BTCUSDT,D,10.99,USD,2026-08-19T19:43:05.419223+00:00,posted
binance:6582454525,binance:BTCUSDT,D,16.48,USD,2026-08-19T18:49:57.792726+00:00,posted
binance:6582454528,binance:BTCUSDT,D,44.63,USD,2026-08-19T21:23:06.899175+00:00,posted
binance:6582454537,binance:BTCUSDT,D,5.49,USD,2026-08-19T21:22:41.913242+00:00,posted
binance:6582454538,binance:BTCUSDT,D,17.17,USD,2026-08-19T23:22:25.170817+00:00,posted
binance:6582454541,binance:BTCUSDT,D,10.99,USD,2026-08-19T19:41:57.695803+00:00,posted
binance:6582454543,binance:BTCUSDT,D,27.46,USD,2026-08-19T19:17:44.481957+00:00,posted
binance:6582454548,binance:BTCUSDT,D,12.36,USD,2026-08-19T22:49:41.553951+00:00,posted
binance:6582454549,binance:BTCUSDT,D,5.49,USD,2026-08-19T22:49:14.399081+00:00,posted
binance:6582454550,binance:BTCUSDT,D,32.96,USD,2026-08-19T20:11:40.384343+00:00,posted
binance:6582454551,binance:BTCUSDT,D,32.96,USD,2026-08-19T20:46:57.990771+00:00,posted
binance:6582454553,binance:BTCUSDT,D,10.99,USD,2026-08-19T22:41:06.173590+00:00,posted
binance:6582454555,binance:BTCUSDT,D,5.49,USD,2026-08-19T23:02:20.682652+00:00,posted
binance:6582454556,binance:BTCUSDT,D,10.99,USD,2026-08-19T23:44:27.965182+00:00,posted
binance:6582454557,binance:BTCUSDT,D,122.91,USD,2026-08-19T19:23:57.731134+00:00,posted
binance:6582454558,binance:BTCUSDT,D,274.66,USD,2026-08-19T22:47:03.729746+00:00,posted
binance:6582454559,binance:BTCUSDT,D,499.88,USD,2026-08-19T22:24:20.526879+00:00,posted
binance:6582454560,binance:BTCUSDT,D,18820.51,USD,2026-08-19T21:31:02.140183+00:00,posted
binance:6582454561,binance:BTCUSDT,C,1279.92,USD,2026-08-19T22:51:17.261102+00:00,posted
binance:6582454562,binance:BTCUSDT,C,405.13,USD,2026-08-19T20:45:21.831585+00:00,posted
coinbase:1073147994,coinbase:BTC-USD,D,5222.77,USD,2026-08-19T19:50:43.406592+00:00,posted
coinbase:1073147995,coinbase:BTC-USD,C,0.00,USD,2026-08-19T22:17:32.367990+00:00,posted
coinbase:1073147996,coinbase:BTC-USD,D,0.01,USD,2026-08-19T23:36:12.891618+00:00,posted
coinbase:1073147998,coinbase:BTC-USD,D,4351.42,USD,2026-08-19T23:43:30.053545+00:00,posted
coinbase:1073147997,coinbase:BTC-USD,D,2059.02,USD,2026-08-20T00:02:59.931456+00:00,posted
binance:6582454563,binance:BTCUSDT,C,241.70,USD,2026-08-19T20:14:18.675796+00:00,posted
coinbase:1073147999,coinbase:BTC-USD,C,0.00,USD,2026-08-19T23:39:47.950750+00:00,posted
coinbase:1073148002,coinbase:BTC-USD,D,1.40,USD,2026-08-19T21:04:28.241792+00:00,posted
coinbase:1073148001,coinbase:BTC-USD,D,4351.39,USD,2026-08-19T20:28:50.416221+00:00,posted
coinbase:1073148000,coinbase:BTC-USD,D,3137.20,USD,2026-08-19T23:22:02.411978+00:00,posted
coinbase:1073148003,coinbase:BTC-USD,D,0.00,USD,2026-08-19T23:09:13.413672+00:00,posted
coinbase:1073148004,coinbase:BTC-USD,C,0.00,USD,2026-08-19T23:08:17.841303+00:00,posted
binance:6582454564,binance:BTCUSDT,D,6.87,USD,2026-08-22T09:56:50.743131+00:00,posted
coinbase:1073148005,coinbase:BTC-USD,D,3150.88,USD,2026-08-19T19:35:19.117386+00:00,posted
coinbase:1073148006,coinbase:BTC-USD,D,1211.56,USD,2026-08-19T21:39:25.012882+00:00,posted
coinbase:1073148010,coinbase:BTC-USD,C,201.53,USD,2026-08-19T21:50:57.117736+00:00,posted
coinbase:1073148009,coinbase:BTC-USD,C,1730.29,USD,2026-08-19T21:27:25.059920+00:00,posted
coinbase:1073148008,coinbase:BTC-USD,C,100.19,USD,2026-08-19T19:00:16.800184+00:00,posted
coinbase:1073148007,coinbase:BTC-USD,C,1372.68,USD,2026-08-19T22:02:28.746963+00:00,posted
coinbase:1073148011,coinbase:BTC-USD,D,6371.51,USD,2026-08-19T20:43:00.588998+00:00,posted
binance:6582454568,binance:BTCUSDT,D,17.17,USD,2026-08-19T19:03:14.000513+00:00,posted
coinbase:1073148013,coinbase:BTC-USD,C,2059.07,USD,2026-08-19T23:36:44.641276+00:00,posted
coinbase:1073148012,coinbase:BTC-USD,C,2059.07,USD,2026-08-19T21:32:25.409854+00:00,posted
binance:6582454569,binance:BTCUSDT,C,102.31,USD,2026-08-19T21:51:48.777471+00:00,posted
coinbase:1073148014,coinbase:BTC-USD,C,420.01,USD,2026-08-19T22:42:07.250581+00:00,posted
coinbase:1073148015,coinbase:BTC-USD,C,521.66,USD,2026-08-19T22:48:40.400104+00:00,posted
coinbase:1073148021,coinbase:BTC-USD,C,1648.33,USD,2026-08-19T23:49:47.496411+00:00,posted
coinbase:1073148020,coinbase:BTC-USD,C,11664.99,USD,2026-08-19T18:57:22.258087+00:00,posted
coinbase:1073148019,coinbase:BTC-USD,C,2050.84,USD,2026-08-19T20:08:50.776028+00:00,posted
coinbase:1073148018,coinbase:BTC-USD,C,99.94,USD,2026-08-19T20:54:13.520178+00:00,posted
coinbase:1073148017,coinbase:BTC-USD,C,1.17,USD,2026-08-22T17:26:50.130144+00:00,posted
coinbase:1073148016,coinbase:BTC-USD,C,3.37,USD,2026-08-19T23:50:25.795385+00:00,posted
coinbase:1073148022,coinbase:BTC-USD,C,418.69,USD,2026-08-19T19:43:57.332047+00:00,posted
binance:6582454570,binance:BTCUSDT,D,48468.19,USD,2026-08-19T23:35:49.433625+00:00,posted
binance:6582454601,binance:BTCUSDT,D,10.99,USD,2026-08-19T19:32:41.663906+00:00,posted
binance:6582454603,binance:BTCUSDT,D,7291.66,USD,2026-08-19T20:09:16.379819+00:00,posted
binance:6582454606,binance:BTCUSDT,D,23316.96,USD,2026-08-19T19:52:36.533875+00:00,posted
binance:6582454610,binance:BTCUSDT,D,1799.74,USD,2026-08-19T20:24:53.191096+00:00,posted
binance:6582454611,binance:BTCUSDT,D,10.99,USD,2026-08-19T21:18:56.831784+00:00,posted
binance:6582454613,binance:BTCUSDT,D,199.82,USD,2026-08-19T23:04:57.608516+00:00,posted
binance:6582454614,binance:BTCUSDT,D,5.49,USD,2026-08-19T19:18:27.612517+00:00,posted
binance:6582454615,binance:BTCUSDT,D,5.49,USD,2026-08-19T22:35:49.816089+00:00,posted
binance:6582454616,binance:BTCUSDT,D,7.55,USD,2026-08-19T22:32:52.207938+00:00,posted
coinbase:1073148023,coinbase:BTC-USD,D,0.00,USD,2026-08-19T20:43:39.015537+00:00,posted
binance:6582454617,binance:BTCUSDT,D,5493.38,USD,2026-08-20T00:04:02.641048+00:00,posted
binance:6582454623,binance:BTCUSDT,D,1373.35,USD,2026-08-19T23:47:54.647173+00:00,posted
binance:6582454625,binance:BTCUSDT,D,334.41,USD,2026-08-19T22:56:11.950817+00:00,posted
binance:6582454630,binance:BTCUSDT,D,10.99,USD,2026-08-19T20:26:33.314707+00:00,posted
binance:6582454632,binance:BTCUSDT,D,16.48,USD,2026-08-19T21:35:47.687553+00:00,posted
binance:6582454635,binance:BTCUSDT,D,324.80,USD,2026-08-19T21:46:02.730121+00:00,posted
binance:6582454636,binance:BTCUSDT,D,2746.71,USD,2026-08-19T20:23:34.188098+00:00,posted
binance:6582454637,binance:BTCUSDT,D,590.54,USD,2026-08-19T20:56:20.648583+00:00,posted
binance:6582454638,binance:BTCUSDT,D,295.27,USD,2026-08-19T18:48:43.861350+00:00,posted
binance:6582454639,binance:BTCUSDT,D,83.77,USD,2026-08-19T23:35:29.230277+00:00,posted
binance:6582454649,binance:BTCUSDT,D,16.48,USD,2026-08-19T19:04:42.050438+00:00,posted
binance:6582454652,binance:BTCUSDT,D,10014.53,USD,2026-08-19T20:36:48.968400+00:00,posted
binance:6582454655,binance:BTCUSDT,D,5.49,USD,2026-08-21T17:23:23.649181+00:00,posted
binance:6582454656,binance:BTCUSDT,D,12.36,USD,2026-08-19T19:06:51.118443+00:00,posted
binance:6582454657,binance:BTCUSDT,D,27.47,USD,2026-08-19T22:29:19.373388+00:00,posted
binance:6582454662,binance:BTCUSDT,D,11.67,USD,2026-08-19T19:04:15.797276+00:00,posted
binance:6582454664,binance:BTCUSDT,D,11.67,USD,2026-08-19T19:34:20.203628+00:00,posted
binance:6582454666,binance:BTCUSDT,D,45.32,USD,2026-08-19T21:30:13.031121+00:00,posted
binance:6582454674,binance:BTCUSDT,D,16.48,USD,2026-08-19T22:29:44.478074+00:00,posted
binance:6582454677,binance:BTCUSDT,D,46.01,USD,2026-08-19T20:26:03.693733+00:00,posted
binance:6582454685,binance:BTCUSDT,D,10.99,USD,2026-08-20T00:13:11.368872+00:00,posted
binance:6582454687,binance:BTCUSDT,D,17485.38,USD,2026-08-19T22:33:44.085000+00:00,posted
binance:6582454696,binance:BTCUSDT,D,40.52,USD,2026-08-19T18:46:46.855093+00:00,posted
binance:6582454703,binance:BTCUSDT,D,10.99,USD,2026-08-19T19:26:42.630465+00:00,posted
binance:6582454705,binance:BTCUSDT,D,16.48,USD,2026-08-21T17:01:08.836286+00:00,posted
binance:6582454708,binance:BTCUSDT,C,15.80,USD,2026-08-19T21:13:13.730325+00:00,posted
binance:6582454709,binance:BTCUSDT,D,1373.50,USD,2026-08-19T21:26:23.959646+00:00,posted
binance:6582454716,binance:BTCUSDT,D,137.35,USD,2026-08-19T20:04:17.909514+00:00,posted
coinbase:1073148025,coinbase:BTC-USD,D,0.00,USD,2026-08-19T20:12:39.904199+00:00,posted
binance:6582454717,binance:BTCUSDT,D,2060.25,USD,2026-08-19T21:11:41.352044+00:00,posted
binance:6582454718,binance:BTCUSDT,C,521.93,USD,2026-08-19T19:27:25.932306+00:00,posted
kraken:105348544,kraken:XBTUSD,D,68.63,USD,2026-08-19T18:53:55.481593+00:00,posted
kraken:105348545,kraken:XBTUSD,D,6.86,USD,2026-08-19T22:52:29.705718+00:00,posted
kraken:105348546,kraken:XBTUSD,D,68.63,USD,2026-08-19T21:35:34.652550+00:00,posted
kraken:105348547,kraken:XBTUSD,D,50.00,USD,2026-08-19T19:52:53.606213+00:00,posted
kraken:105348548,kraken:XBTUSD,D,25.19,USD,2026-08-21T06:04:48.363815+00:00,posted
kraken:105348549,kraken:XBTUSD,D,12.09,USD,2026-08-21T11:54:42.905209+00:00,posted
kraken:105348550,kraken:XBTUSD,D,344.56,USD,2026-08-19T20:54:05.907228+00:00,posted
binance:6582454719,binance:BTCUSDT,C,18.54,USD,2026-08-19T21:19:53.174220+00:00,posted
coinbase:1073148026,coinbase:BTC-USD,D,0.00,USD,2026-08-19T19:35:40.393706+00:00,posted
coinbase:1073148027,coinbase:BTC-USD,D,0.00,USD,2026-08-19T19:26:25.203370+00:00,posted
binance:6582454720,binance:BTCUSDT,D,68.67,USD,2026-08-19T21:58:21.613864+00:00,posted
binance:6582454725,binance:BTCUSDT,D,1098.80,USD,2026-08-19T19:00:51.069577+00:00,posted
binance:6582454726,binance:BTCUSDT,D,2678.32,USD,2026-08-20T00:04:30.382199+00:00,posted
binance:6582454727,binance:BTCUSDT,D,1236.15,USD,2026-08-19T22:45:23.707305+00:00,posted
binance:6582454735,binance:BTCUSDT,D,618.07,USD,2026-08-20T00:10:45.738978+00:00,posted
binance:6582454736,binance:BTCUSDT,D,755.42,USD,2026-08-19T23:29:12.640522+00:00,posted
binance:6582454737,binance:BTCUSDT,D,206.02,USD,2026-08-19T20:41:53.951819+00:00,posted
binance:6582454738,binance:BTCUSDT,C,182.68,USD,2026-08-19T20:55:41.448651+00:00,posted
binance:6582454739,binance:BTCUSDT,D,97.52,USD,2026-08-19T22:23:14.694033+00:00,posted
coinbase:1073148028,coinbase:BTC-USD,D,0.01,USD,2026-08-21T10:34:38.736965+00:00,posted
binance:6582454740,binance:BTCUSDT,D,10.30,USD,2026-08-19T19:33:00.063081+00:00,posted
binance:6582454741,binance:BTCUSDT,D,8.24,USD,2026-08-19T22:24:04.480109+00:00,posted
binance:6582454742,binance:BTCUSDT,D,30.22,USD,2026-08-19T19:09:17.870167+00:00,posted
binance:6582454743,binance:BTCUSDT,D,18.54,USD,2026-08-19T21:26:25.488294+00:00,posted
binance:6582454744,binance:BTCUSDT,C,244.48,USD,2026-08-19T22:06:43.104601+00:00,posted
coinbase:1073148029,coinbase:BTC-USD,C,0.00,USD,2026-08-19T22:40:35.839814+00:00,posted
binance:6582454746,binance:BTCUSDT,D,1304.82,USD,2026-08-19T22:24:13.951985+00:00,posted
binance:6582454747,binance:BTCUSDT,D,1373.50,USD,2026-08-19T22:37:03.460369+00:00,posted
binance:6582454748,binance:BTCUSDT,D,21.29,USD,2026-08-19T21:58:26.027432+00:00,posted
binance:6582454749,binance:BTCUSDT,D,5493.99,USD,2026-08-19T23:20:39.430109+00:00,posted
binance:6582454750,binance:BTCUSDT,D,755.42,USD,2026-08-19T20:03:15.427344+00:00,posted
binance:6582454751,binance:BTCUSDT,D,1236.15,USD,2026-08-19T21:31:36.477307+00:00,posted
binance:6582454752,binance:BTCUSDT,D,755.42,USD,2026-08-19T20:33:36.142743+00:00,posted
binance:6582454753,binance:BTCUSDT,D,618.07,USD,2026-08-19T23:01:28.204706+00:00,posted
binance:6582454754,binance:BTCUSDT,C,350.24,USD,2026-08-19T23:09:20.665636+00:00,posted
binance:6582454755,binance:BTCUSDT,D,206.02,USD,2026-08-22T05:13:54.297976+00:00,posted
binance:6582454756,binance:BTCUSDT,D,6.87,USD,2026-08-20T00:07:59.466601+00:00,posted
binance:6582454757,binance:BTCUSDT,D,487.59,USD,2026-08-19T19:07:13.899574+00:00,posted
coinbase:1073148030,coinbase:BTC-USD,C,0.00,USD,2026-08-19T18:59:08.650171+00:00,posted
coinbase:1073148031,coinbase:BTC-USD,D,2433.51,USD,2026-08-19T21:12:30.056119+00:00,posted
binance:6582454758,binance:BTCUSDT,D,19.23,USD,2026-08-19T22:15:07.483301+00:00,posted
coinbase:1073148032,coinbase:BTC-USD,D,0.00,USD,2026-08-19T22:37:22.640949+00:00,posted
binance:6582454759,binance:BTCUSDT,D,17.17,USD,2026-08-20T00:13:07.569105+00:00,posted
coinbase:1073148033,coinbase:BTC-USD,C,0.00,USD,2026-08-19T19:52:42.673981+00:00,posted
binance:6582454760,binance:BTCUSDT,D,5.49,USD,2026-08-19T21:11:10.809110+00:00,posted
binance:6582454761,binance:BTCUSDT,D,6180.74,USD,2026-08-19T19:53:11.639295+00:00,posted
binance:6582454762,binance:BTCUSDT,D,3740.04,USD,2026-08-19T23:15:22.010268+00:00,posted
binance:6582454789,binance:BTCUSDT,D,32.96,USD,2026-08-19T19:50:15.480092+00:00,posted
binance:6582454795,binance:BTCUSDT,D,16.48,USD,2026-08-19T22:14:24.513131+00:00,posted
binance:6582454798,binance:BTCUSDT,D,1704.53,USD,2026-08-19T19:53:58.107281+00:00,posted
binance:6582454799,binance:BTCUSDT,D,1286.29,USD,2026-08-19T23:41:35.185028+00:00,posted
binance:6582454800,binance:BTCUSDT,D,12.36,USD,2026-08-19T21:01:26.964927+00:00,posted
binance:6582454801,binance:BTCUSDT,D,11.67,USD,2026-08-19T19:10:32.932293+00:00,posted
binance:6582454803,binance:BTCUSDT,D,5.49,USD,2026-08-19T22:47:41.569890+00:00,posted
binance:6582454804,binance:BTCUSDT,D,10.99,USD,2026-08-19T22:18:44.224070+00:00,posted
binance:6582454806,binance:BTCUSDT,D,16.48,USD,2026-08-19T23:21:29.600595+00:00,posted
binance:6582454809,binance:BTCUSDT,D,3901.56,USD,2026-08-19T21:23:07.933828+00:00,posted
binance:6582454812,binance:BTCUSDT,D,5.49,USD,2026-08-19T22:10:53.904501+00:00,posted
binance:6582454813,binance:BTCUSDT,D,20.60,USD,2026-08-19T19:32:17.919020+00:00,posted
binance:6582454814,binance:BTCUSDT,D,6.18,USD,2026-08-19T23:35:12.765654+00:00,posted
binance:6582454815,binance:BTCUSDT,D,10.99,USD,2026-08-19T19:28:46.432201+00:00,posted
binance:6582454817,binance:BTCUSDT,D,5.49,USD,2026-08-19T19:20:06.100479+00:00,posted
binance:6582454818,binance:BTCUSDT,D,16.48,USD,2026-08-22T08:37:51.704611+00:00,posted
binance:6582454821,binance:BTCUSDT,D,184.06,USD,2026-08-19T18:54:14.364071+00:00,posted
binance:6582454822,binance:BTCUSDT,D,1615.36,USD,2026-08-19T20:22:27.973307+00:00,posted
binance:6582454823,binance:BTCUSDT,D,199.86,USD,2026-08-19T20:55:38.465918+00:00,posted
binance:6582454827,binance:BTCUSDT,D,3662.73,USD,2026-08-19T20:21:51.789110+00:00,posted
binance:6582454828,binance:BTCUSDT,D,6.18,USD,2026-08-19T20:06:27.714329+00:00,posted
coinbase:1073148034,coinbase:BTC-USD,D,0.00,USD,2026-08-19T22:08:30.729671+00:00,posted
binance:6582454830,binance:BTCUSDT,D,1236.25,USD,2026-08-19T22:10:57.202336+00:00,posted
binance:6582454840,binance:BTCUSDT,D,755.49,USD,2026-08-22T13:56:57.004350+00:00,posted
binance:6582454841,binance:BTCUSDT,D,618.12,USD,2026-08-19T23:55:59.186339+00:00,posted
binance:6582454842,binance:BTCUSDT,D,206.04,USD,2026-08-19T22:22:22.049620+00:00,posted
coinbase:1073148035,coinbase:BTC-USD,C,0.00,USD,2026-08-19T20:37:12.062614+00:00,posted
binance:6582454843,binance:BTCUSDT,D,118.82,USD,2026-08-19T19:32:46.061837+00:00,posted
coinbase:1073148036,coinbase:BTC-USD,D,0.00,USD,2026-08-19T22:48:59.021971+00:00,posted
coinbase:1073148037,coinbase:BTC-USD,C,0.00,USD,2026-08-19T22:25:42.400770+00:00,posted
binance:6582454844,binance:BTCUSDT,C,39.83,USD,2026-08-19T20:04:33.638594+00:00,posted
coinbase:1073148038,coinbase:BTC-USD,C,0.00,USD,2026-08-19T20:40:56.300084+00:00,posted
binance:6582454845,binance:BTCUSDT,C,52.20,USD,2026-08-19T23:39:41.443944+00:00,posted
binance:6582454846,binance:BTCUSDT,D,2000.66,USD,2026-08-19T19:29:32.069608+00:00,posted
binance:6582454847,binance:BTCUSDT,D,13.74,USD,2026-08-19T19:21:09.139084+00:00,posted
binance:6582454848,binance:BTCUSDT,D,2733.48,USD,2026-08-19T20:01:08.580812+00:00,posted
binance:6582454849,binance:BTCUSDT,D,59.75,USD,2026-08-19T21:24:25.069277+00:00,posted
coinbase:1073148039,coinbase:BTC-USD,D,0.00,USD,2026-08-19T23:36:02.448102+00:00,posted
binance:6582454850,binance:BTCUSDT,D,618.12,USD,2026-08-19T23:54:07.440381+00:00,posted
binance:6582454851,binance:BTCUSDT,D,755.49,USD,2026-08-19T21:43:05.639050+00:00,posted
coinbase:1073148040,coinbase:BTC-USD,C,0.00,USD,2026-08-19T22:31:51.205939+00:00,posted
binance:6582454852,binance:BTCUSDT,D,206.04,USD,2026-08-19T21:49:08.200008+00:00,posted
binance:6582454853,binance:BTCUSDT,D,1923.05,USD,2026-08-19T21:08:37.263243+00:00,posted
binance:6582454854,binance:BTCUSDT,D,618.12,USD,2026-08-19T19:32:16.691516+00:00,posted
binance:6582454855,binance:BTCUSDT,D,1236.25,USD,2026-08-19T23:42:52.343229+00:00,posted
binance:6582454856,binance:BTCUSDT,D,412.08,USD,2026-08-19T20:48:09.490681+00:00,posted
binance:6582454857,binance:BTCUSDT,D,2060.41,USD,2026-08-19T21:10:52.053637+00:00,posted
coinbase:1073148041,coinbase:BTC-USD,D,0.00,USD,2026-08-19T20:01:46.034802+00:00,posted
coinbase:1073148042,coinbase:BTC-USD,C,0.00,USD,2026-08-19T23:39:58.003205+00:00,posted
binance:6582454858,binance:BTCUSDT,C,807.68,USD,2026-08-19T21:54:16.387510+00:00,posted
binance:6582454859,binance:BTCUSDT,D,7966.93,USD,2026-08-19T18:51:44.022488+00:00,posted
coinbase:1073148043,coinbase:BTC-USD,C,0.00,USD,2026-08-19T23:14:59.031587+00:00,posted
binance:6582454873,binance:BTCUSDT,D,201.92,USD,2026-08-19T20:20:04.559355+00:00,posted
binance:6582454884,binance:BTCUSDT,D,618.12,USD,2026-08-19T22:05:37.037069+00:00,posted
binance:6582454885,binance:BTCUSDT,D,755.49,USD,2026-08-20T00:16:11.359419+00:00,posted
binance:6582454886,binance:BTCUSDT,D,1762.34,USD,2026-08-19T20:58:06.058288+00:00,posted
binance:6582454901,binance:BTCUSDT,D,32.97,USD,2026-08-19T22:23:29.736613+00:00,posted
binance:6582454907,binance:BTCUSDT,D,16.48,USD,2026-08-19T21:30:08.848187+00:00,posted
binance:6582454910,binance:BTCUSDT,D,248.63,USD,2026-08-21T04:45:51.907584+00:00,posted
coinbase:1073148044,coinbase:BTC-USD,C,0.00,USD,2026-08-19T19:59:31.047318+00:00,posted
binance:6582454911,binance:BTCUSDT,D,2060.43,USD,2026-08-21T07:45:21.546435+00:00,posted
binance:6582454922,binance:BTCUSDT,D,4045.31,USD,2026-08-19T20:23:24.635600+00:00,posted
binance:6582454936,binance:BTCUSDT,D,33.65,USD,2026-08-19T21:40:41.018918+00:00,posted
binance:6582454942,binance:BTCUSDT,D,5.49,USD,2026-08-19T22:37:05.383410+00:00,posted
binance:6582454943,binance:BTCUSDT,D,16.48,USD,2026-08-19T19:04:38.655175+00:00,posted
binance:6582454946,binance:BTCUSDT,D,19.92,USD,2026-08-19T22:39:38.437170+00:00,posted
binance:6582454947,binance:BTCUSDT,D,68.68,USD,2026-08-19T20:19:09.234142+00:00,posted
binance:6582454948,binance:BTCUSDT,D,1304.97,USD,2026-08-19T19:32:04.759475+00:00,posted
binance:6582454963,binance:BTCUSDT,D,10989.19,USD,2026-08-19T20:02:54.168349+00:00,posted
binance:6582454967,binance:BTCUSDT,D,1236.28,USD,2026-08-19T19:56:22.798711+00:00,posted
binance:6582454968,binance:BTCUSDT,D,618.14,USD,2026-08-19T23:16:13.878247+00:00,posted
binance:6582454969,binance:BTCUSDT,D,206.05,USD,2026-08-20T00:09:32.196077+00:00,posted
coinbase:1073148045,coinbase:BTC-USD,D,0.02,USD,2026-08-19T22:21:17.872320+00:00,posted
binance:6582454970,binance:BTCUSDT,C,78.30,USD,2026-08-21T12:58:21.457367+00:00,posted
binance:6582454971,binance:BTCUSDT,D,2884.66,USD,2026-08-19T18:57:58.077436+00:00,posted
binance:6582454972,binance:BTCUSDT,D,480.78,USD,2026-08-19T20:53:36.407845+00:00,posted
binance:6582454973,binance:BTCUSDT,D,480.78,USD,2026-08-22T07:57:47.192983+00:00,posted
coinbase:1073148048,coinbase:BTC-USD,C,192.05,USD,2026-08-19T22:08:02.729026+00:00,posted
coinbase:1073148047,coinbase:BTC-USD,C,1.17,USD,2026-08-19T23:31:32.625704+00:00,posted
coinbase:1073148046,coinbase:BTC-USD,C,1.16,USD,2026-08-19T19:01:29.151951+00:00,posted
binance:6582454974,binance:BTCUSDT,D,274.73,USD,2026-08-19T19:47:41.377578+00:00,posted
binance:6582454975,binance:BTCUSDT,D,2335.20,USD,2026-08-19T19:04:04.514095+00:00,posted
binance:6582454976,binance:BTCUSDT,D,618.14,USD,2026-08-19T21:45:32.450502+00:00,posted
coinbase:1073148051,coinbase:BTC-USD,D,75.00,USD,2026-08-19T18:55:24.495239+00:00,posted
coinbase:1073148050,coinbase:BTC-USD,D,1743.91,USD,2026-08-19T23:41:34.604959+00:00,posted
coinbase:1073148049,coinbase:BTC-USD,D,100.23,USD,2026-08-19T23:46:17.353351+00:00,posted
coinbase:1073148052,coinbase:BTC-USD,D,5000.54,USD,2026-08-19T22:01:50.839939+00:00,posted
coinbase:1073148053,coinbase:BTC-USD,D,75.00,USD,2026-08-19T20:39:20.558213+00:00,posted
coinbase:1073148054,coinbase:BTC-USD,D,5000.54,USD,2026-08-19T21:10:04.573997+00:00,posted
coinbase:1073148055,coinbase:BTC-USD,D,733.36,USD,2026-08-19T22:47:28.552818+00:00,posted
coinbase:1073148056,coinbase:BTC-USD,C,0.00,USD,2026-08-19T19:05:40.855390+00:00,posted
coinbase:1073148057,coinbase:BTC-USD,C,0.00,USD,2026-08-22T04:54:10.033225+00:00,posted
coinbase:1073148059,coinbase:BTC-USD,D,420.00,USD,2026-08-19T23:30:08.514948+00:00,posted
coinbase:1073148058,coinbase:BTC-USD,D,75.00,USD,2026-08-19T21:19:47.286141+00:00,posted
coinbase:1073148060,coinbase:BTC-USD,D,0.00,USD,2026-08-19T21:54:22.339056+00:00,posted
coinbase:1073148061,coinbase:BTC-USD,D,419.99,USD,2026-08-19T19:40:28.410821+00:00,posted
coinbase:1073148062,coinbase:BTC-USD,D,2022.34,USD,2026-08-19T22:52:53.499903+00:00,posted
coinbase:1073148063,coinbase:BTC-USD,D,10.71,USD,2026-08-21T09:51:44.424491+00:00,posted
coinbase:1073148065,coinbase:BTC-USD,D,13.54,USD,2026-08-20T00:00:39.101916+00:00,posted
coinbase:1073148066,coinbase:BTC-USD,D,18.25,USD,2026-08-21T20:20:06.578550+00:00,posted
coinbase:1073148067,coinbase:BTC-USD,D,38.52,USD,2026-08-19T20:57:03.055737+00:00,posted
coinbase:1073148068,coinbase:BTC-USD,D,69.53,USD,2026-08-19T20:46:11.511364+00:00,posted
coinbase:1073148069,coinbase:BTC-USD,D,10.43,USD,2026-08-19T23:05:01.993951+00:00,posted
coinbase:1073148070,coinbase:BTC-USD,D,28.45,USD,2026-08-19T22:07:28.337989+00:00,posted
coinbase:1073148071,coinbase:BTC-USD,D,37.96,USD,2026-08-19T21:54:25.088087+00:00,posted
coinbase:1073148072,coinbase:BTC-USD,D,48.38,USD,2026-08-19T20:14:07.403260+00:00,posted
coinbase:1073148073,coinbase:BTC-USD,D,22.77,USD,2026-08-19T21:19:31.900716+00:00,posted
coinbase:1073148074,coinbase:BTC-USD,D,27.14,USD,2026-08-19T21:20:45.462722+00:00,posted
coinbase:1073148075,coinbase:BTC-USD,D,121.56,USD,2026-08-19T21:25:18.077896+00:00,posted
coinbase:1073148076,coinbase:BTC-USD,D,17.46,USD,2026-08-19T19:58:43.243127+00:00,posted
coinbase:1073148077,coinbase:BTC-USD,D,57.92,USD,2026-08-19T23:42:51.438782+00:00,posted
coinbase:1073148078,coinbase:BTC-USD,D,13.79,USD,2026-08-20T00:01:25.169295+00:00,posted
coinbase:1073148079,coinbase:BTC-USD,D,44.66,USD,2026-08-19T20:11:58.500045+00:00,posted
coinbase:1073148080,coinbase:BTC-USD,D,49.82,USD,2026-08-19T20:12:28.870904+00:00,posted
coinbase:1073148081,coinbase:BTC-USD,C,0.00,USD,2026-08-19T20:01:52.922506+00:00,posted
coinbase:1073148082,coinbase:BTC-USD,D,0.01,USD,2026-08-19T23:34:20.609798+00:00,posted
binance:6582454977,binance:BTCUSDT,C,1999.34,USD,2026-08-19T20:03:37.006585+00:00,posted
coinbase:1073148083,coinbase:BTC-USD,C,0.00,USD,2026-08-19T19:47:38.420567+00:00,posted
binance:6582454978,binance:BTCUSDT,C,11.68,USD,2026-08-19T21:12:08.317837+00:00,posted
binance:6582454979,binance:BTCUSDT,C,49.45,USD,2026-08-19T21:49:27.704986+00:00,posted
binance:6582454980,binance:BTCUSDT,D,14770.15,USD,2026-08-20T00:00:54.002085+00:00,posted
coinbase:1073148084,coinbase:BTC-USD,D,5.05,USD,2026-08-20T00:08:40.899425+00:00,posted
coinbase:1073148086,coinbase:BTC-USD,C,0.00,USD,2026-08-19T23:27:08.600954+00:00,posted
coinbase:1073148088,coinbase:BTC-USD,D,2554.53,USD,2026-08-19T19:01:36.255957+00:00,posted
coinbase:1073148087,coinbase:BTC-USD,D,1859.33,USD,2026-08-19T19:22:51.978109+00:00,posted
binance:6582455000,binance:BTCUSDT,D,990.40,USD,2026-08-19T19:24:11.613756+00:00,posted
coinbase:1073148093,coinbase:BTC-USD,D,104.98,USD,2026-08-19T23:20:27.547546+00:00,posted
coinbase:1073148092,coinbase:BTC-USD,D,419.99,USD,2026-08-19T19:10:24.202907+00:00,posted
coinbase:1073148091,coinbase:BTC-USD,D,1.57,USD,2026-08-19T20:20:15.689198+00:00,posted
coinbase:1073148090,coinbase:BTC-USD,D,63.36,USD,2026-08-19T20:37:23.336600+00:00,posted
coinbase:1073148089,coinbase:BTC-USD,D,419.99,USD,2026-08-21T06:16:16.233107+00:00,posted
coinbase:1073148095,coinbase:BTC-USD,C,1743.78,USD,2026-08-20T00:08:05.955154+00:00,posted
coinbase:1073148094,coinbase:BTC-USD,C,200.46,USD,2026-08-19T19:39:44.825211+00:00,posted
binance:6582455014,binance:BTCUSDT,C,22066.97,USD,2026-08-19T19:21:54.203655+00:00,posted
binance:6582455016,binance:BTCUSDT,D,20.60,USD,2026-08-19T20:30:10.445163+00:00,posted
coinbase:1073148096,coinbase:BTC-USD,D,0.00,USD,2026-08-19T22:51:43.432636+00:00,posted
coinbase:1073148097,coinbase:BTC-USD,D,0.00,USD,2026-08-19T22:42:05.242172+00:00,posted
binance:6582455017,binance:BTCUSDT,D,1098.92,USD,2026-08-19T20:51:52.080916+00:00,posted
binance:6582455018,binance:BTCUSDT,D,443.69,USD,2026-08-19T22:23:40.833777+00:00,posted
binance:6582455037,binance:BTCUSDT,D,49.45,USD,2026-08-19T22:58:30.773356+00:00,posted
binance:6582455046,binance:BTCUSDT,D,10.99,USD,2026-08-20T00:02:03.610113+00:00,posted
binance:6582455048,binance:BTCUSDT,D,5.49,USD,2026-08-20T00:14:18.983549+00:00,posted
binance:6582455049,binance:BTCUSDT,D,16.48,USD,2026-08-20T00:16:07.755772+00:00,posted
binance:6582455052,binance:BTCUSDT,D,92.03,USD,2026-08-19T22:49:03.293777+00:00,posted
binance:6582455053,binance:BTCUSDT,D,755.51,USD,2026-08-19T19:26:51.658986+00:00,posted
binance:6582455054,binance:BTCUSDT,D,618.14,USD,2026-08-19T23:10:15.529839+00:00,posted
binance:6582455055,binance:BTCUSDT,D,206.05,USD,2026-08-19T22:24:23.202629+00:00,posted
coinbase:1073148098,coinbase:BTC-USD,D,0.01,USD,2026-08-19T20:31:26.523739+00:00,posted
kraken:105348551,kraken:XBTUSD,D,64.33,USD,2026-08-19T21:56:41.024351+00:00,posted
coinbase:1073148099,coinbase:BTC-USD,D,0.02,USD,2026-08-19T20:35:19.152263+00:00,posted
coinbase:1073148102,coinbase:BTC-USD,D,1743.97,USD,2026-08-20T00:09:25.231864+00:00,posted
coinbase:1073148101,coinbase:BTC-USD,D,420.00,USD,2026-08-19T20:30:44.595879+00:00,posted
coinbase:1073148100,coinbase:BTC-USD,D,75.00,USD,2026-08-19T22:35:34.079663+00:00,posted
binance:6582455071,binance:BTCUSDT,C,17.17,USD,2026-08-20T00:02:51.905140+00:00,posted
binance:6582455072,binance:BTCUSDT,D,1465.00,USD,2026-08-19T19:13:09.174417+00:00,posted
binance:6582455090,binance:BTCUSDT,D,60.44,USD,2026-08-19T19:12:04.897614+00:00,posted
binance:6582455101,binance:BTCUSDT,D,466.35,USD,2026-08-19T21:26:37.570486+00:00,posted
binance:6582455103,binance:BTCUSDT,D,2060.48,USD,2026-08-19T23:06:20.263006+00:00,posted
binance:6582455104,binance:BTCUSDT,D,343.41,USD,2026-08-19T23:20:02.302868+00:00,posted
binance:6582455105,binance:BTCUSDT,D,1236.29,USD,2026-08-19T23:52:20.645571+00:00,posted
coinbase:1073148105,coinbase:BTC-USD,D,273.67,USD,2026-08-19T23:46:55.077574+00:00,posted
coinbase:1073148104,coinbase:BTC-USD,D,1578.08,USD,2026-08-19T22:26:36.488503+00:00,posted
coinbase:1073148103,coinbase:BTC-USD,D,100.23,USD,2026-08-21T00:11:57.176048+00:00,posted
binance:6582455106,binance:BTCUSDT,D,436.13,USD,2026-08-19T19:25:47.333645+00:00,posted
coinbase:1073148107,coinbase:BTC-USD,D,8262.44,USD,2026-08-19T21:33:31.267673+00:00,posted
coinbase:1073148106,coinbase:BTC-USD,D,420.00,USD,2026-08-22T17:15:10.384735+00:00,posted
coinbase:1073148109,coinbase:BTC-USD,D,1430.74,USD,2026-08-19T19:52:14.224523+00:00,posted
coinbase:1073148108,coinbase:BTC-USD,D,420.00,USD,2026-08-19T21:16:42.330102+00:00,posted
binance:6582455107,binance:BTCUSDT,D,1210.87,USD,2026-08-19T21:05:00.621931+00:00,posted
binance:6582455140,binance:BTCUSDT,D,49.45,USD,2026-08-19T22:41:37.196114+00:00,posted
binance:6582455149,binance:BTCUSDT,D,16.48,USD,2026-08-19T19:20:11.543330+00:00,posted
binance:6582455152,binance:BTCUSDT,D,1372.97,USD,2026-08-19T23:22:02.234493+00:00,posted
binance:6582455156,binance:BTCUSDT,D,21.98,USD,2026-08-19T19:30:32.914549+00:00,posted
binance:6582455160,binance:BTCUSDT,D,16.48,USD,2026-08-19T23:50:00.570465+00:00,posted
binance:6582455163,binance:BTCUSDT,D,1799.49,USD,2026-08-19T20:43:48.316870+00:00,posted
binance:6582455164,binance:BTCUSDT,D,6.18,USD,2026-08-19T21:50:39.262462+00:00,posted
binance:6582455165,binance:BTCUSDT,D,5.49,USD,2026-08-19T19:26:08.621944+00:00,posted
binance:6582455166,binance:BTCUSDT,D,10.99,USD,2026-08-19T23:43:19.242063+00:00,posted
binance:6582455168,binance:BTCUSDT,D,5.49,USD,2026-08-19T22:10:21.100959+00:00,posted
coinbase:1073148110,coinbase:BTC-USD,C,0.00,USD,2026-08-19T19:01:47.579920+00:00,posted
binance:6582455169,binance:BTCUSDT,D,412.11,USD,2026-08-19T20:44:00.100120+00:00,posted
binance:6582455182,binance:BTCUSDT,D,412.11,USD,2026-08-22T09:59:20.596388+00:00,posted
binance:6582455183,binance:BTCUSDT,D,343.42,USD,2026-08-19T23:22:21.071511+00:00,posted
binance:6582455184,binance:BTCUSDT,D,412.11,USD,2026-08-19T21:24:18.639739+00:00,posted
binance:6582455185,binance:BTCUSDT,D,206.05,USD,2026-08-21T10:18:14.930615+00:00,posted
coinbase:1073148111,coinbase:BTC-USD,C,0.00,USD,2026-08-19T23:49:15.607237+00:00,posted
coinbase:1073148112,coinbase:BTC-USD,C,14.57,USD,2026-08-19T19:14:31.094733+00:00,posted
binance:6582455186,binance:BTCUSDT,C,23.35,USD,2026-08-19T22:02:44.420077+00:00,posted
coinbase:1073148114,coinbase:BTC-USD,D,420.00,USD,2026-08-19T22:21:10.289504+00:00,posted
coinbase:1073148113,coinbase:BTC-USD,D,1743.92,USD,2026-08-19T21:11:36.098666+00:00,posted
coinbase:1073148115,coinbase:BTC-USD,D,419.98,USD,2026-08-19T22:00:56.092727+00:00,posted
binance:6582455187,binance:BTCUSDT,D,1740.47,USD,2026-08-19T20:39:26.252779+00:00,posted
binance:6582455188,binance:BTCUSDT,C,213.61,USD,2026-08-19T23:42:58.791188+00:00,posted
coinbase:1073148117,coinbase:BTC-USD,C,0.00,USD,2026-08-19T23:25:24.775516+00:00,posted
coinbase:1073148118,coinbase:BTC-USD,D,0.01,USD,2026-08-19T20:33:23.744681+00:00,posted
coinbase:1073148119,coinbase:BTC-USD,D,0.01,USD,2026-08-19T19:45:44.997232+00:00,posted
coinbase:1073148120,coinbase:BTC-USD,D,0.00,USD,2026-08-19T23:15:29.342885+00:00,posted
coinbase:1073148121,coinbase:BTC-USD,C,0.00,USD,2026-08-20T00:13:18.713117+00:00,posted
binance:6582455189,binance:BTCUSDT,D,109.21,USD,2026-08-19T21:38:11.391418+00:00,posted
coinbase:1073148122,coinbase:BTC-USD,D,276.41,USD,2026-08-19T22:09:59.009842+00:00,posted
binance:6582455190,binance:BTCUSDT,C,14.42,USD,2026-08-20T23:58:18.270210+00:00,posted
coinbase:1073148123,coinbase:BTC-USD,C,0.00,USD,2026-08-19T21:11:43.199632+00:00,posted
binance:6582455191,binance:BTCUSDT,D,6.87,USD,2026-08-19T20:22:04.568657+00:00,posted
binance:6582455192,binance:BTCUSDT,D,755.53,USD,2026-08-20T00:13:11.047370+00:00,posted
binance:6582455193,binance:BTCUSDT,D,1236.32,USD,2026-08-19T23:51:58.110881+00:00,posted
binance:6582455194,binance:BTCUSDT,D,618.16,USD,2026-08-19T19:33:24.558878+00:00,posted
binance:6582455195,binance:BTCUSDT,D,618.16,USD,2026-08-19T23:23:40.739917+00:00,posted
binance:6582455196,binance:BTCUSDT,D,206.05,USD,2026-08-19T18:55:54.250469+00:00,posted
coinbase:1073148124,coinbase:BTC-USD,D,10165.76,USD,2026-08-20T00:03:37.906465+00:00,posted
coinbase:1073148133,coinbase:BTC-USD,C,1.17,USD,2026-08-19T23:10:32.801646+00:00,posted
coinbase:1073148131,coinbase:BTC-USD,C,865.75,USD,2026-08-20T18:53:06.040349+00:00,posted
coinbase:1073148130,coinbase:BTC-USD,C,865.75,USD,2026-08-19T23:57:40.517983+00:00,posted
coinbase:1073148129,coinbase:BTC-USD,C,865.75,USD,2026-08-19T22:48:28.130493+00:00,posted
coinbase:1073148128,coinbase:BTC-USD,C,865.75,USD,2026-08-19T23:21:07.308750+00:00,posted
coinbase:1073148127,coinbase:BTC-USD,C,865.75,USD,2026-08-19T19:23:03.134567+00:00,posted
coinbase:1073148126,coinbase:BTC-USD,C,100.23,USD,2026-08-19T23:25:38.693670+00:00,posted
coinbase:1073148125,coinbase:BTC-USD,C,1991.10,USD,2026-08-19T21:09:31.625786+00:00,posted
binance:6582455197,binance:BTCUSDT,D,579.01,USD,2026-08-19T23:32:09.927477+00:00,posted
binance:6582455198,binance:BTCUSDT,D,500.71,USD,2026-08-19T22:48:19.140105+00:00,posted
binance:6582455199,binance:BTCUSDT,D,500.71,USD,2026-08-19T20:43:36.492022+00:00,posted
binance:6582455200,binance:BTCUSDT,D,4.81,USD,2026-08-19T20:34:49.718171+00:00,posted
binance:6582455201,binance:BTCUSDT,D,357.16,USD,2026-08-20T20:47:18.069483+00:00,posted
binance:6582455202,binance:BTCUSDT,C,18.54,USD,2026-08-19T21:36:07.160438+00:00,posted
binance:6582455203,binance:BTCUSDT,D,500.71,USD,2026-08-19T22:40:07.712070+00:00,posted
binance:6582455204,binance:BTCUSDT,D,500.71,USD,2026-08-19T23:52:02.532620+00:00,posted
coinbase:1073148134,coinbase:BTC-USD,C,0.00,USD,2026-08-19T23:54:33.767781+00:00,posted
binance:6582455205,binance:BTCUSDT,D,500.71,USD,2026-08-19T20:31:39.960535+00:00,posted
binance:6582455206,binance:BTCUSDT,C,15.80,USD,2026-08-19T22:25:03.413457+00:00,posted
binance:6582455207,binance:BTCUSDT,C,9.62,USD,2026-08-19T18:58:38.661487+00:00,posted
binance:6582455208,binance:BTCUSDT,D,500.71,USD,2026-08-19T18:49:30.939647+00:00,posted
coinbase:1073148135,coinbase:BTC-USD,C,0.00,USD,2026-08-19T20:51:02.089988+00:00,posted
coinbase:1073148136,coinbase:BTC-USD,C,0.00,USD,2026-08-19T22:29:05.523528+00:00,posted
binance:6582455209,binance:BTCUSDT,D,8.93,USD,2026-08-19T22:48:57.875564+00:00,posted
binance:6582455210,binance:BTCUSDT,D,6.87,USD,2026-08-19T19:52:25.141770+00:00,posted
binance:6582455211,binance:BTCUSDT,D,5.49,USD,2026-08-20T00:00:39.885613+00:00,posted
binance:6582455212,binance:BTCUSDT,D,1236.32,USD,2026-08-19T22:54:12.429333+00:00,posted
binance:6582455214,binance:BTCUSDT,D,618.16,USD,2026-08-19T22:41:11.212102+00:00,posted
binance:6582455215,binance:BTCUSDT,D,755.53,USD,2026-08-19T22:15:07.722405+00:00,posted
binance:6582455216,binance:BTCUSDT,D,8.93,USD,2026-08-19T20:41:57.740754+00:00,posted
binance:6582455217,binance:BTCUSDT,D,5.49,USD,2026-08-20T00:01:49.244386+00:00,posted
binance:6582455218,binance:BTCUSDT,D,30.91,USD,2026-08-19T23:24:19.119656+00:00,posted
coinbase:1073148138,coinbase:BTC-USD,D,0.00,USD,2026-08-19T22:27:19.342376+00:00,posted
binance:6582455219,binance:BTCUSDT,D,500.71,USD,2026-08-19T22:14:47.967465+00:00,posted
binance:6582455220,binance:BTCUSDT,D,206.05,USD,2026-08-19T21:46:13.006634+00:00,posted
coinbase:1073148139,coinbase:BTC-USD,D,0.00,USD,2026-08-19T19:59:08.261383+00:00,posted
binance:6582455221,binance:BTCUSDT,D,30.22,USD,2026-08-19T23:42:50.449273+00:00,posted
binance:6582455222,binance:BTCUSDT,D,500.71,USD,2026-08-19T21:05:21.411732+00:00,posted
coinbase:1073148140,coinbase:BTC-USD,C,0.00,USD,2026-08-19T20:08:31.902728+00:00,posted
binance:6582455223,binance:BTCUSDT,D,500.71,USD,2026-08-19T19:45:02.121918+00:00,posted
coinbase:1073148141,coinbase:BTC-USD,C,9945.90,USD,2026-08-19T22:24:53.607750+00:00,posted
coinbase:1073148143,coinbase:BTC-USD,C,7.95,USD,2026-08-19T20:58:15.645669+00:00,posted
coinbase:1073148142,coinbase:BTC-USD,C,1.17,USD,2026-08-19T23:38:00.472009+00:00,posted
binance:6582455224,binance:BTCUSDT,D,8.24,USD,2026-08-19T23:32:00.902705+00:00,posted
binance:6582455225,binance:BTCUSDT,D,590.69,USD,2026-08-19T22:33:40.515237+00:00,posted
binance:6582455226,binance:BTCUSDT,D,1098.96,USD,2026-08-19T23:40:31.771141+00:00,posted
binance:6582455227,binance:BTCUSDT,D,2403.28,USD,2026-08-19T19:06:57.425570+00:00,posted
binance:6582455252,binance:BTCUSDT,D,27.47,USD,2026-08-19T20:13:13.305007+00:00,posted
binance:6582455257,binance:BTCUSDT,C,13.05,USD,2026-08-19T20:56:02.817198+00:00,posted
binance:6582455258,binance:BTCUSDT,D,753.48,USD,2026-08-19T20:58:27.382332+00:00,posted
coinbase:1073148145,coinbase:BTC-USD,C,2.79,USD,2026-08-19T20:15:26.369977+00:00,posted
coinbase:1073148144,coinbase:BTC-USD,C,1.17,USD,2026-08-19T20:39:02.551575+00:00,posted
coinbase:1073148146,coinbase:BTC-USD,C,0.00,USD,2026-08-19T20:28:42.540696+00:00,posted
binance:6582455275,binance:BTCUSDT,D,5.49,USD,2026-08-19T21:55:49.767794+00:00,posted
binance:6582455276,binance:BTCUSDT,D,618.17,USD,2026-08-19T19:54:56.984267+00:00,posted
binance:6582455284,binance:BTCUSDT,D,6.87,USD,2026-08-19T23:59:42.188326+00:00,posted
binance:6582455286,binance:BTCUSDT,D,618.17,USD,2026-08-19T18:53:28.622349+00:00,posted
binance:6582455287,binance:BTCUSDT,D,206.06,USD,2026-08-19T23:11:41.999981+00:00,posted
binance:6582455288,binance:BTCUSDT,D,11359.96,USD,2026-08-22T14:04:07.338957+00:00,posted
binance:6582455302,binance:BTCUSDT,D,16.48,USD,2026-08-19T21:49:21.547970+00:00,posted
binance:6582455305,binance:BTCUSDT,D,465.00,USD,2026-08-19T21:38:03.493171+00:00,posted
binance:6582455306,binance:BTCUSDT,D,11.68,USD,2026-08-19T19:52:23.351318+00:00,posted
binance:6582455308,binance:BTCUSDT,D,10.99,USD,2026-08-19T21:43:41.080471+00:00,posted
binance:6582455310,binance:BTCUSDT,D,27.47,USD,2026-08-19T20:02:35.066473+00:00,posted
binance:6582455315,binance:BTCUSDT,D,16.48,USD,2026-08-19T23:47:25.188848+00:00,posted
binance:6582455318,binance:BTCUSDT,D,2072.98,USD,2026-08-19T19:58:03.422937+00:00,posted
binance:6582455319,binance:BTCUSDT,D,16.49,USD,2026-08-19T23:57:06.517165+00:00,posted
binance:6582455322,binance:BTCUSDT,D,1799.62,USD,2026-08-19T21:32:23.930547+00:00,posted
binance:6582455323,binance:BTCUSDT,D,5.50,USD,2026-08-19T19:00:51.490323+00:00,posted
binance:6582455324,binance:BTCUSDT,D,45.33,USD,2026-08-19T18:54:54.284374+00:00,posted
binance:6582455332,binance:BTCUSDT,D,32.97,USD,2026-08-19T22:33:58.034611+00:00,posted
binance:6582455338,binance:BTCUSDT,D,10.99,USD,2026-08-19T22:23:08.711984+00:00,posted
binance:6582455340,binance:BTCUSDT,D,5.50,USD,2026-08-22T03:25:32.973172+00:00,posted
binance:6582455341,binance:BTCUSDT,D,16.49,USD,2026-08-19T19:14:55.597263+00:00,posted
binance:6582455344,binance:BTCUSDT,D,73.50,USD,2026-08-19T18:53:33.304729+00:00,posted
binance:6582455357,binance:BTCUSDT,D,16.49,USD,2026-08-19T21:45:39.871483+00:00,posted
binance:6582455360,binance:BTCUSDT,D,12.36,USD,2026-08-19T19:18:26.274154+00:00,posted
binance:6582455361,binance:BTCUSDT,D,6.18,USD,2026-08-19T20:55:58.505216+00:00,posted
binance:6582455362,binance:BTCUSDT,D,15.11,USD,2026-08-19T23:30:28.479578+00:00,posted
coinbase:1073148147,coinbase:BTC-USD,C,0.00,USD,2026-08-19T21:07:12.468513+00:00,posted
binance:6582455365,binance:BTCUSDT,C,39.84,USD,2026-08-19T20:26:37.096741+00:00,posted
binance:6582455366,binance:BTCUSDT,D,618.22,USD,2026-08-19T19:19:48.198530+00:00,posted
binance:6582455383,binance:BTCUSDT,D,1236.45,USD,2026-08-21T02:08:01.037958+00:00,posted
binance:6582455384,binance:BTCUSDT,D,298.12,USD,2026-08-19T21:08:39.335488+00:00,posted
binance:6582455390,binance:BTCUSDT,D,32.97,USD,2026-08-19T21:00:59.899183+00:00,posted
binance:6582455396,binance:BTCUSDT,D,29.54,USD,2026-08-19T20:20:46.126113+00:00,posted
binance:6582455397,binance:BTCUSDT,D,34.35,USD,2026-08-19T21:34:05.104397+00:00,posted
binance:6582455403,binance:BTCUSDT,D,4.81,USD,2026-08-20T00:14:39.001324+00:00,posted
binance:6582455404,binance:BTCUSDT,D,17.86,USD,2026-08-20T00:00:53.410204+00:00,posted
binance:6582455408,binance:BTCUSDT,D,10.99,USD,2026-08-19T22:42:43.212926+00:00,posted
binance:6582455410,binance:BTCUSDT,D,16.49,USD,2026-08-19T21:57:36.567868+00:00,posted
coinbase:1073148148,coinbase:BTC-USD,D,0.00,USD,2026-08-19T20:48:57.022985+00:00,posted
coinbase:1073148151,coinbase:BTC-USD,C,953.67,USD,2026-08-19T22:19:02.365114+00:00,posted
coinbase:1073148150,coinbase:BTC-USD,C,15.90,USD,2026-08-19T23:14:06.237109+00:00,posted
coinbase:1073148149,coinbase:BTC-USD,C,1.17,USD,2026-08-19T19:18:23.260421+00:00,posted
binance:6582455413,binance:BTCUSDT,D,257.60,USD,2026-08-19T23:32:18.146746+00:00,posted
coinbase:1073148152,coinbase:BTC-USD,D,0.01,USD,2026-08-19T20:09:23.950930+00:00,posted
binance:6582455414,binance:BTCUSDT,D,206.08,USD,2026-08-19T22:10:21.052714+00:00,posted
coinbase:1073148153,coinbase:BTC-USD,D,0.01,USD,2026-08-19T22:45:30.684547+00:00,posted
coinbase:1073148154,coinbase:BTC-USD,C,0.00,USD,2026-08-19T20:03:36.754003+00:00,posted
binance:6582455415,binance:BTCUSDT,D,618.24,USD,2026-08-19T20:10:04.772210+00:00,posted
binance:6582455416,binance:BTCUSDT,D,618.24,USD,2026-08-19T20:38:24.501917+00:00,posted
binance:6582455426,binance:BTCUSDT,D,1236.47,USD,2026-08-19T20:32:59.277038+00:00,posted
binance:6582455427,binance:BTCUSDT,D,9.62,USD,2026-08-19T21:01:04.167811+00:00,posted
coinbase:1073148156,coinbase:BTC-USD,C,1.17,USD,2026-08-19T22:56:04.544302+00:00,posted
coinbase:1073148155,coinbase:BTC-USD,C,2.75,USD,2026-08-19T21:46:57.450245+00:00,posted
binance:6582455428,binance:BTCUSDT,C,19.23,USD,2026-08-19T22:22:04.619768+00:00,posted
coinbase:1073148158,coinbase:BTC-USD,D,12.12,USD,2026-08-19T22:40:50.477979+00:00,posted
binance:6582455429,binance:BTCUSDT,D,618.24,USD,2026-08-19T23:30:16.361621+00:00,posted
binance:6582455430,binance:BTCUSDT,D,1236.47,USD,2026-08-19T19:13:47.433316+00:00,posted
binance:6582455431,binance:BTCUSDT,D,618.24,USD,2026-08-21T12:18:53.583511+00:00,posted
binance:6582455432,binance:BTCUSDT,D,206.08,USD,2026-08-19T19:40:24.503662+00:00,posted
coinbase:1073148161,coinbase:BTC-USD,D,420.00,USD,2026-08-19T19:41:45.765081+00:00,posted
coinbase:1073148160,coinbase:BTC-USD,D,1311.65,USD,2026-08-20T00:07:39.007231+00:00,posted
coinbase:1073148159,coinbase:BTC-USD,D,3009.49,USD,2026-08-19T22:13:33.130256+00:00,posted
coinbase:1073148162,coinbase:BTC-USD,D,3.14,USD,2026-08-19T19:33:04.403687+00:00,posted
coinbase:1073148163,coinbase:BTC-USD,D,1543.84,USD,2026-08-19T21:04:54.417385+00:00,posted
coinbase:1073148165,coinbase:BTC-USD,D,419.99,USD,2026-08-20T00:15:30.841363+00:00,posted
coinbase:1073148166,coinbase:BTC-USD,D,419.99,USD,2026-08-19T23:37:23.583790+00:00,posted
coinbase:1073148167,coinbase:BTC-USD,D,1761.52,USD,2026-08-19T20:33:18.352783+00:00,posted
coinbase:1073148168,coinbase:BTC-USD,D,3021.47,USD,2026-08-19T21:52:58.558933+00:00,posted
coinbase:1073148169,coinbase:BTC-USD,D,2120.83,USD,2026-08-19T20:22:41.011738+00:00,posted
coinbase:1073148170,coinbase:BTC-USD,D,19.79,USD,2026-08-19T23:11:50.830030+00:00,posted
coinbase:1073148171,coinbase:BTC-USD,D,174.82,USD,2026-08-19T20:49:25.937711+00:00,posted
coinbase:1073148172,coinbase:BTC-USD,D,52.66,USD,2026-08-19T21:22:42.901949+00:00,posted
coinbase:1073148173,coinbase:BTC-USD,D,61.26,USD,2026-08-19T20:35:52.632004+00:00,posted
coinbase:1073148174,coinbase:BTC-USD,D,28.41,USD,2026-08-20T00:15:39.618331+00:00,posted
coinbase:1073148175,coinbase:BTC-USD,D,45.17,USD,2026-08-19T19:41:07.042349+00:00,posted
coinbase:1073148176,coinbase:BTC-USD,D,84.59,USD,2026-08-19T21:23:17.762002+00:00,posted
coinbase:1073148177,coinbase:BTC-USD,D,167.93,USD,2026-08-19T19:46:03.801490+00:00,posted
coinbase:1073148178,coinbase:BTC-USD,D,26.50,USD,2026-08-20T00:14:42.675816+00:00,posted
coinbase:1073148180,coinbase:BTC-USD,D,98.66,USD,2026-08-19T19:52:40.641828+00:00,posted
coinbase:1073148181,coinbase:BTC-USD,D,1256.26,USD,2026-08-20T22:49:41.820002+00:00,posted
coinbase:1073148182,coinbase:BTC-USD,D,103.30,USD,2026-08-19T22:03:05.347126+00:00,posted
coinbase:1073148183,coinbase:BTC-USD,D,188.34,USD,2026-08-19T20:40:45.310161+00:00,posted
binance:6582455433,binance:BTCUSDT,C,9.62,USD,2026-08-19T20:20:42.146011+00:00,posted
coinbase:1073148185,coinbase:BTC-USD,C,39.61,USD,2026-08-19T21:07:33.419656+00:00,posted
coinbase:1073148186,coinbase:BTC-USD,D,0.00,USD,2026-08-19T20:48:07.510144+00:00,posted
coinbase:1073148189,coinbase:BTC-USD,D,420.00,USD,2026-08-19T23:55:14.833875+00:00,posted
coinbase:1073148188,coinbase:BTC-USD,D,8013.40,USD,2026-08-19T22:18:39.204283+00:00,posted
coinbase:1073148187,coinbase:BTC-USD,D,1311.62,USD,2026-08-19T22:02:29.791777+00:00,posted
coinbase:1073148191,coinbase:BTC-USD,D,1377.11,USD,2026-08-19T19:28:44.282466+00:00,posted
coinbase:1073148192,coinbase:BTC-USD,D,13.35,USD,2026-08-20T19:45:18.938793+00:00,posted
coinbase:1073148193,coinbase:BTC-USD,D,23.53,USD,2026-08-19T21:56:53.524700+00:00,posted
coinbase:1073148194,coinbase:BTC-USD,D,55.77,USD,2026-08-19T22:06:30.091903+00:00,posted
coinbase:1073148195,coinbase:BTC-USD,D,15.38,USD,2026-08-19T22:50:13.400505+00:00,posted
coinbase:1073148196,coinbase:BTC-USD,D,26.25,USD,2026-08-19T23:46:58.292673+00:00,posted
coinbase:1073148197,coinbase:BTC-USD,D,1816.60,USD,2026-08-19T18:47:48.425310+00:00,posted
coinbase:1073148198,coinbase:BTC-USD,D,45.13,USD,2026-08-19T19:58:21.124725+00:00,posted
coinbase:1073148199,coinbase:BTC-USD,D,81.96,USD,2026-08-19T22:09:51.035085+00:00,posted
coinbase:1073148200,coinbase:BTC-USD,D,576.98,USD,2026-08-19T21:23:49.733899+00:00,posted
coinbase:1073148202,coinbase:BTC-USD,D,200.50,USD,2026-08-19T21:35:47.315196+00:00,posted
coinbase:1073148203,coinbase:BTC-USD,D,1700.72,USD,2026-08-19T22:26:19.428848+00:00,posted
coinbase:1073148204,coinbase:BTC-USD,D,284.70,USD,2026-08-19T21:32:02.982687+00:00,posted
coinbase:1073148206,coinbase:BTC-USD,D,93.20,USD,2026-08-19T20:54:09.049273+00:00,posted
coinbase:1073148207,coinbase:BTC-USD,D,331.05,USD,2026-08-19T20:29:48.443035+00:00,posted
coinbase:1073148208,coinbase:BTC-USD,D,14.78,USD,2026-08-19T21:42:03.132439+00:00,posted
coinbase:1073148209,coinbase:BTC-USD,D,62.46,USD,2026-08-19T23:24:50.946484+00:00,posted
coinbase:1073148210,coinbase:BTC-USD,D,80.29,USD,2026-08-19T23:58:56.262344+00:00,posted
coinbase:1073148211,coinbase:BTC-USD,D,0.01,USD,2026-08-19T22:41:40.260868+00:00,posted
coinbase:1073148212,coinbase:BTC-USD,C,24.76,USD,2026-08-19T21:51:53.368462+00:00,posted
coinbase:1073148213,coinbase:BTC-USD,D,0.00,USD,2026-08-19T23:07:17.304138+00:00,posted
binance:6582455434,binance:BTCUSDT,D,93.42,USD,2026-08-19T21:51:02.337676+00:00,posted
coinbase:1073148214,coinbase:BTC-USD,C,9.65,USD,2026-08-19T20:41:49.833790+00:00,posted
coinbase:1073148215,coinbase:BTC-USD,C,49.51,USD,2026-08-19T23:01:16.647775+00:00,posted
binance:6582455435,binance:BTCUSDT,C,11.68,USD,2026-08-19T21:06:52.665007+00:00,posted
coinbase:1073148216,coinbase:BTC-USD,C,97.20,USD,2026-08-19T23:36:06.608390+00:00,posted
binance:6582455436,binance:BTCUSDT,D,255.54,USD,2026-08-19T23:54:53.198410+00:00,posted
binance:6582455437,binance:BTCUSDT,D,2747.71,USD,2026-08-19T19:51:33.618491+00:00,posted
binance:6582455438,binance:BTCUSDT,D,686.93,USD,2026-08-19T19:51:14.864413+00:00,posted
binance:6582455439,binance:BTCUSDT,D,1373.86,USD,2026-08-19T20:35:19.410586+00:00,posted
binance:6582455440,binance:BTCUSDT,D,618.24,USD,2026-08-19T23:49:09.066581+00:00,posted
binance:6582455441,binance:BTCUSDT,D,1236.47,USD,2026-08-19T18:51:13.377150+00:00,posted
binance:6582455442,binance:BTCUSDT,D,618.24,USD,2026-08-19T22:20:31.006730+00:00,posted
binance:6582455443,binance:BTCUSDT,D,206.08,USD,2026-08-19T20:58:22.326242+00:00,posted
coinbase:1073148218,coinbase:BTC-USD,D,530.78,USD,2026-08-22T08:43:15.085876+00:00,posted
binance:6582455444,binance:BTCUSDT,D,1218.61,USD,2026-08-19T19:05:49.429608+00:00,posted
binance:6582455462,binance:BTCUSDT,D,404.60,USD,2026-08-19T18:56:58.779576+00:00,posted
binance:6582455470,binance:BTCUSDT,D,5.50,USD,2026-08-19T21:22:18.358908+00:00,posted
binance:6582455471,binance:BTCUSDT,D,47.40,USD,2026-08-19T21:16:55.053231+00:00,posted
binance:6582455472,binance:BTCUSDT,D,10.99,USD,2026-08-19T22:54:25.067772+00:00,posted
binance:6582455474,binance:BTCUSDT,D,5.50,USD,2026-08-19T21:46:58.964274+00:00,posted
binance:6582455475,binance:BTCUSDT,D,5.50,USD,2026-08-21T23:42:08.996035+00:00,posted
coinbase:1073148219,coinbase:BTC-USD,C,6.68,USD,2026-08-19T22:39:48.019745+00:00,posted
coinbase:1073148222,coinbase:BTC-USD,D,8541.59,USD,2026-08-19T23:27:45.082266+00:00,posted
coinbase:1073148221,coinbase:BTC-USD,D,420.00,USD,2026-08-21T00:00:53.353637+00:00,posted
coinbase:1073148220,coinbase:BTC-USD,D,1311.62,USD,2026-08-19T22:41:26.107870+00:00,posted
coinbase:1073148223,coinbase:BTC-USD,D,35.39,USD,2026-08-19T23:30:02.637514+00:00,posted
coinbase:1073148224,coinbase:BTC-USD,D,155.57,USD,2026-08-19T23:28:17.415000+00:00,posted
coinbase:1073148225,coinbase:BTC-USD,D,846.90,USD,2026-08-19T22:50:17.998911+00:00,posted
coinbase:1073148226,coinbase:BTC-USD,D,123.73,USD,2026-08-19T22:28:41.837504+00:00,posted
coinbase:1073148227,coinbase:BTC-USD,D,17.80,USD,2026-08-19T23:43:11.599727+00:00,posted
coinbase:1073148228,coinbase:BTC-USD,C,4.95,USD,2026-08-20T00:12:24.657636+00:00,posted
coinbase:1073148229,coinbase:BTC-USD,C,0.00,USD,2026-08-19T20:47:48.386509+00:00,posted
binance:6582455492,binance:BTCUSDT,D,1373.90,USD,2026-08-19T21:04:20.847811+00:00,posted
binance:6582455493,binance:BTCUSDT,D,5495.62,USD,2026-08-19T19:07:13.920439+00:00,posted
binance:6582455494,binance:BTCUSDT,D,391.56,USD,2026-08-19T22:58:10.153831+00:00,posted
binance:6582455495,binance:BTCUSDT,D,10827.05,USD,2026-08-19T20:14:55.942319+00:00,posted
binance:6582455521,binance:BTCUSDT,D,32.97,USD,2026-08-19T19:01:37.817903+00:00,posted
binance:6582455527,binance:BTCUSDT,D,21.98,USD,2026-08-19T22:34:13.141777+00:00,posted
binance:6582455531,binance:BTCUSDT,D,11.68,USD,2026-08-19T22:16:35.485269+00:00,posted
binance:6582455533,binance:BTCUSDT,D,6.18,USD,2026-08-19T23:57:30.131725+00:00,posted
binance:6582455534,binance:BTCUSDT,D,56.33,USD,2026-08-19T21:51:55.629865+00:00,posted
binance:6582455544,binance:BTCUSDT,D,21.98,USD,2026-08-19T21:20:48.349125+00:00,posted
binance:6582455548,binance:BTCUSDT,D,57.70,USD,2026-08-19T19:15:21.239614+00:00,posted
binance:6582455557,binance:BTCUSDT,D,510.42,USD,2026-08-19T19:16:02.161682+00:00,posted
binance:6582455560,binance:BTCUSDT,D,32.97,USD,2026-08-19T19:47:10.074232+00:00,posted
binance:6582455561,binance:BTCUSDT,D,21.98,USD,2026-08-22T00:21:37.344903+00:00,posted
binance:6582455565,binance:BTCUSDT,D,16.49,USD,2026-08-19T19:58:43.566870+00:00,posted
binance:6582455568,binance:BTCUSDT,D,10.99,USD,2026-08-19T19:13:45.798677+00:00,posted
binance:6582455570,binance:BTCUSDT,D,3823.09,USD,2026-08-19T20:08:21.850937+00:00,posted
binance:6582455571,binance:BTCUSDT,D,11.68,USD,2026-08-19T22:18:54.439352+00:00,posted
binance:6582455573,binance:BTCUSDT,D,5.50,USD,2026-08-19T19:50:00.058976+00:00,posted
binance:6582455574,binance:BTCUSDT,D,199.91,USD,2026-08-19T19:30:44.704339+00:00,posted
binance:6582455575,binance:BTCUSDT,D,5.50,USD,2026-08-19T20:19:00.030231+00:00,posted
binance:6582455576,binance:BTCUSDT,D,10.99,USD,2026-08-19T21:03:33.413906+00:00,posted
binance:6582455579,binance:BTCUSDT,D,187.55,USD,2026-08-20T00:10:06.263539+00:00,posted
binance:6582455580,binance:BTCUSDT,D,16.49,USD,2026-08-19T21:12:00.601813+00:00,posted
binance:6582455583,binance:BTCUSDT,D,274.80,USD,2026-08-21T11:44:08.919669+00:00,posted
binance:6582455585,binance:BTCUSDT,D,274.80,USD,2026-08-19T21:39:32.805140+00:00,posted
binance:6582455587,binance:BTCUSDT,D,274.80,USD,2026-08-19T22:33:39.948490+00:00,posted
binance:6582455588,binance:BTCUSDT,D,206.10,USD,2026-08-20T00:00:19.937533+00:00,posted
coinbase:1073148230,coinbase:BTC-USD,C,4.95,USD,2026-08-19T19:38:19.514051+00:00,posted
binance:6582455589,binance:BTCUSDT,D,687.00,USD,2026-08-20T00:14:52.975600+00:00,posted
binance:6582455590,binance:BTCUSDT,D,1374.00,USD,2026-08-19T22:20:07.572073+00:00,posted
coinbase:1073148231,coinbase:BTC-USD,C,24.75,USD,2026-08-19T20:22:12.666689+00:00,posted
coinbase:1073148232,coinbase:BTC-USD,D,0.01,USD,2026-08-20T00:06:32.757650+00:00,posted
coinbase:1073148234,coinbase:BTC-USD,C,3428.93,USD,2026-08-19T22:52:10.687520+00:00,posted
coinbase:1073148233,coinbase:BTC-USD,C,2784.22,USD,2026-08-19T21:36:19.472788+00:00,posted
coinbase:1073148235,coinbase:BTC-USD,C,6518.44,USD,2026-08-19T19:58:58.131496+00:00,posted
coinbase:1073148236,coinbase:BTC-USD,D,0.01,USD,2026-08-19T23:51:10.916662+00:00,posted
coinbase:1073148237,coinbase:BTC-USD,C,0.00,USD,2026-08-19T22:15:12.989633+00:00,posted
binance:6582455591,binance:BTCUSDT,D,1236.60,USD,2026-08-19T21:21:08.448067+00:00,posted
binance:6582455592,binance:BTCUSDT,D,618.30,USD,2026-08-19T21:52:59.595621+00:00,posted
binance:6582455593,binance:BTCUSDT,D,206.10,USD,2026-08-19T23:44:22.225969+00:00,posted
binance:6582455594,binance:BTCUSDT,C,19.92,USD,2026-08-19T19:21:28.324729+00:00,posted
binance:6582455595,binance:BTCUSDT,C,1593.84,USD,2026-08-19T23:44:17.302359+00:00,posted
coinbase:1073148238,coinbase:BTC-USD,C,0.00,USD,2026-08-19T21:23:51.920303+00:00,posted
coinbase:1073148239,coinbase:BTC-USD,C,4.70,USD,2026-08-19T23:44:56.124544+00:00,posted
coinbase:1073148240,coinbase:BTC-USD,C,495.12,USD,2026-08-19T20:45:05.693699+00:00,posted
coinbase:1073148241,coinbase:BTC-USD,D,15.15,USD,2026-08-19T21:47:23.426349+00:00,posted
coinbase:1073148242,coinbase:BTC-USD,C,0.00,USD,2026-08-19T22:02:50.062878+00:00,posted
coinbase:1073148243,coinbase:BTC-USD,C,9.66,USD,2026-08-19T22:48:10.216999+00:00,posted
binance:6582455597,binance:BTCUSDT,C,84.50,USD,2026-08-19T20:07:20.427757+00:00,posted
binance:6582455598,binance:BTCUSDT,D,119.54,USD,2026-08-19T22:05:16.053042+00:00,posted
binance:6582455599,binance:BTCUSDT,C,25886.84,USD,2026-08-19T20:59:20.246474+00:00,posted
coinbase:1073148245,coinbase:BTC-USD,D,420.00,USD,2026-08-19T22:58:48.276765+00:00,posted
coinbase:1073148244,coinbase:BTC-USD,D,109.91,USD,2026-08-19T21:34:15.274547+00:00,posted
coinbase:1073148246,coinbase:BTC-USD,C,0.00,USD,2026-08-19T23:02:24.127983+00:00,posted
coinbase:1073148249,coinbase:BTC-USD,D,872.14,USD,2026-08-19T20:59:12.346257+00:00,posted
coinbase:1073148248,coinbase:BTC-USD,D,419.99,USD,2026-08-19T23:39:32.079609+00:00,posted
coinbase:1073148247,coinbase:BTC-USD,D,90.60,USD,2026-08-19T23:58:05.851107+00:00,posted
coinbase:1073148250,coinbase:BTC-USD,D,0.01,USD,2026-08-20T00:07:51.599767+00:00,posted
coinbase:1073148251,coinbase:BTC-USD,D,3021.61,USD,2026-08-19T19:29:49.378119+00:00,posted
coinbase:1073148252,coinbase:BTC-USD,D,400.11,USD,2026-08-20T00:03:43.907473+00:00,posted
coinbase:1073148253,coinbase:BTC-USD,C,0.00,USD,2026-08-19T20:29:01.336876+00:00,posted
coinbase:1073148254,coinbase:BTC-USD,D,0.01,USD,2026-08-19T23:11:27.226634+00:00,posted
coinbase:1073148255,coinbase:BTC-USD,D,0.00,USD,2026-08-19T19:41:31.588631+00:00,posted
coinbase:1073148256,coinbase:BTC-USD,C,19.80,USD,2026-08-19T23:38:20.332029+00:00,posted
coinbase:1073148257,coinbase:BTC-USD,C,0.00,USD,2026-08-19T19:13:29.326734+00:00,posted
coinbase:1073148258,coinbase:BTC-USD,C,19.81,USD,2026-08-19T19:54:03.745141+00:00,posted
coinbase:1073148259,coinbase:BTC-USD,D,0.00,USD,2026-08-22T05:36:06.518051+00:00,posted
coinbase:1073148260,coinbase:BTC-USD,C,0.00,USD,2026-08-19T20:50:28.350264+00:00,posted
binance:6582455601,binance:BTCUSDT,C,10888.26,USD,2026-08-19T20:40:43.484892+00:00,posted
binance:6582455602,binance:BTCUSDT,C,121.60,USD,2026-08-19T22:33:36.615482+00:00,posted
coinbase:1073148261,coinbase:BTC-USD,C,24.30,USD,2026-08-19T23:48:12.373404+00:00,posted
coinbase:1073148262,coinbase:BTC-USD,C,0.00,USD,2026-08-19T23:21:18.970078+00:00,posted
coinbase:1073148263,coinbase:BTC-USD,D,216.67,USD,2026-08-19T22:58:46.817778+00:00,posted
binance:6582455603,binance:BTCUSDT,D,2000.54,USD,2026-08-22T06:54:32.374558+00:00,posted
coinbase:1073148264,coinbase:BTC-USD,D,100.03,USD,2026-08-19T23:02:08.911999+00:00,posted
coinbase:1073148265,coinbase:BTC-USD,D,420.00,USD,2026-08-19T23:17:30.314462+00:00,posted
coinbase:1073148266,coinbase:BTC-USD,C,19.44,USD,2026-08-19T21:07:05.412118+00:00,posted
coinbase:1073148267,coinbase:BTC-USD,D,804.30,USD,2026-08-19T19:10:37.294980+00:00,posted
binance:6582455604,binance:BTCUSDT,D,1999.86,USD,2026-08-19T22:51:19.004537+00:00,posted
coinbase:1073148268,coinbase:BTC-USD,C,0.00,USD,2026-08-19T20:00:08.070150+00:00,posted
binance:6582455605,binance:BTCUSDT,C,14548.60,USD,2026-08-19T23:00:21.902739+00:00,posted
coinbase:1073148270,coinbase:BTC-USD,C,96.49,USD,2026-08-19T20:39:07.645472+00:00,posted
coinbase:1073148269,coinbase:BTC-USD,C,176.21,USD,2026-08-19T22:08:27.813811+00:00,posted
binance:6582455607,binance:BTCUSDT,D,4.81,USD,2026-08-19T23:48:47.433814+00:00,posted
coinbase:1073148271,coinbase:BTC-USD,C,0.00,USD,2026-08-19T19:32:32.707738+00:00,posted
coinbase:1073148272,coinbase:BTC-USD,C,0.00,USD,2026-08-19T19:56:41.158006+00:00,posted
binance:6582455608,binance:BTCUSDT,D,68.70,USD,2026-08-19T20:39:02.590782+00:00,posted
coinbase:1073148273,coinbase:BTC-USD,D,0.01,USD,2026-08-19T21:07:27.876598+00:00,posted
binance:6582455609,binance:BTCUSDT,C,1084.09,USD,2026-08-19T20:54:37.777211+00:00,posted
binance:6582455610,binance:BTCUSDT,D,2061.00,USD,2026-08-19T18:58:28.404880+00:00,posted
coinbase:1073148274,coinbase:BTC-USD,D,0.01,USD,2026-08-19T21:06:09.288815+00:00,posted
binance:6582455627,binance:BTCUSDT,D,2061.00,USD,2026-08-19T22:32:09.267573+00:00,posted
coinbase:1073148275,coinbase:BTC-USD,C,0.00,USD,2026-08-19T21:20:24.444146+00:00,posted
binance:6582455628,binance:BTCUSDT,C,16.49,USD,2026-08-20T23:09:01.859670+00:00,posted
binance:6582455629,binance:BTCUSDT,D,1305.30,USD,2026-08-19T23:12:09.365085+00:00,posted
binance:6582455631,binance:BTCUSDT,D,1236.60,USD,2026-08-19T21:56:37.781752+00:00,posted
binance:6582455632,binance:BTCUSDT,D,618.30,USD,2026-08-19T21:17:01.976903+00:00,posted
binance:6582455633,binance:BTCUSDT,D,618.30,USD,2026-08-20T00:03:45.510831+00:00,posted
binance:6582455634,binance:BTCUSDT,D,755.70,USD,2026-08-19T23:01:31.996271+00:00,posted
binance:6582455635,binance:BTCUSDT,D,206.10,USD,2026-08-19T20:12:20.349175+00:00,posted
binance:6582455636,binance:BTCUSDT,D,4999.99,USD,2026-08-19T22:06:11.152736+00:00,posted
binance:6582455637,binance:BTCUSDT,D,1374.00,USD,2026-08-19T21:15:34.515837+00:00,posted
binance:6582455644,binance:BTCUSDT,D,4122.00,USD,2026-08-19T21:23:15.449246+00:00,posted
coinbase:1073148276,coinbase:BTC-USD,D,1.72,USD,2026-08-19T21:43:32.734988+00:00,posted
binance:6582455645,binance:BTCUSDT,D,697.30,USD,2026-08-19T23:06:12.069530+00:00,posted
coinbase:1073148277,coinbase:BTC-USD,C,0.00,USD,2026-08-19T21:42:27.173621+00:00,posted
coinbase:1073148278,coinbase:BTC-USD,D,0.00,USD,2026-08-19T22:29:38.743972+00:00,posted
binance:6582455646,binance:BTCUSDT,D,206.10,USD,2026-08-19T20:38:14.238657+00:00,posted
coinbase:1073148280,coinbase:BTC-USD,D,872.17,USD,2026-08-19T22:01:44.447397+00:00,posted
coinbase:1073148279,coinbase:BTC-USD,D,420.00,USD,2026-08-19T23:15:13.552804+00:00,posted
coinbase:1073148281,coinbase:BTC-USD,D,100.24,USD,2026-08-22T16:30:27.884596+00:00,posted
coinbase:1073148282,coinbase:BTC-USD,D,420.00,USD,2026-08-19T23:33:23.780280+00:00,posted
binance:6582455647,binance:BTCUSDT,C,513.19,USD,2026-08-19T19:03:31.104519+00:00,posted
coinbase:1073148284,coinbase:BTC-USD,D,1.35,USD,2026-08-19T22:29:44.856992+00:00,posted
coinbase:1073148285,coinbase:BTC-USD,D,0.01,USD,2026-08-19T18:54:45.841706+00:00,posted
coinbase:1073148286,coinbase:BTC-USD,D,0.00,USD,2026-08-19T20:23:46.193461+00:00,posted
binance:6582455649,binance:BTCUSDT,C,153.20,USD,2026-08-19T21:14:26.135948+00:00,posted
coinbase:1073148287,coinbase:BTC-USD,D,15.06,USD,2026-08-19T18:58:45.397597+00:00,posted
coinbase:1073148288,coinbase:BTC-USD,D,0.01,USD,2026-08-19T22:48:31.936197+00:00,posted
coinbase:1073148289,coinbase:BTC-USD,D,4.99,USD,2026-08-19T20:57:45.416502+00:00,posted
coinbase:1073148291,coinbase:BTC-USD,D,872.16,USD,2026-08-19T21:43:33.104891+00:00,posted
coinbase:1073148290,coinbase:BTC-USD,D,415.00,USD,2026-08-19T19:34:44.355408+00:00,posted
coinbase:1073148293,coinbase:BTC-USD,D,8882.01,USD,2026-08-19T23:41:36.191902+00:00,posted
coinbase:1073148292,coinbase:BTC-USD,D,98.90,USD,2026-08-19T21:18:09.413045+00:00,posted
coinbase:1073148294,coinbase:BTC-USD,D,0.00,USD,2026-08-19T23:50:12.157793+00:00,posted
binance:6582455650,binance:BTCUSDT,C,311.90,USD,2026-08-19T23:54:39.289043+00:00,posted
binance:6582455651,binance:BTCUSDT,D,755.70,USD,2026-08-19T21:54:48.000920+00:00,posted
binance:6582455661,binance:BTCUSDT,D,618.30,USD,2026-08-19T22:17:29.176766+00:00,posted
binance:6582455662,binance:BTCUSDT,C,28.17,USD,2026-08-19T20:53:02.329305+00:00,posted
coinbase:1073148296,coinbase:BTC-USD,D,539.54,USD,2026-08-19T19:13:00.037258+00:00,posted
coinbase:1073148295,coinbase:BTC-USD,D,420.00,USD,2026-08-19T22:54:15.979500+00:00,posted
binance:6582455663,binance:BTCUSDT,D,1374.00,USD,2026-08-19T18:54:23.751809+00:00,posted
binance:6582455689,binance:BTCUSDT,D,4122.00,USD,2026-08-22T05:45:44.849674+00:00,posted
coinbase:1073148297,coinbase:BTC-USD,D,0.00,USD,2026-08-19T23:38:22.555565+00:00,posted
binance:6582455690,binance:BTCUSDT,D,1374.00,USD,2026-08-19T21:10:02.664610+00:00,posted
binance:6582455691,binance:BTCUSDT,D,206.10,USD,2026-08-19T19:50:15.213017+00:00,posted
binance:6582455692,binance:BTCUSDT,C,13.05,USD,2026-08-19T20:27:04.180101+00:00,posted
binance:6582455693,binance:BTCUSDT,C,239.76,USD,2026-08-19T23:28:54.818260+00:00,posted
coinbase:1073148298,coinbase:BTC-USD,D,4.99,USD,2026-08-19T23:10:40.086870+00:00,posted
coinbase:1073148299,coinbase:BTC-USD,C,0.00,USD,2026-08-19T21:23:04.618575+00:00,posted
coinbase:1073148300,coinbase:BTC-USD,D,0.01,USD,2026-08-19T21:11:12.504692+00:00,posted
coinbase:1073148301,coinbase:BTC-USD,C,0.00,USD,2026-08-19T23:03:51.533565+00:00,posted
binance:6582455694,binance:BTCUSDT,D,77.63,USD,2026-08-19T22:28:35.639883+00:00,posted
binance:6582455695,binance:BTCUSDT,C,9.62,USD,2026-08-19T23:47:14.115914+00:00,posted
binance:6582455696,binance:BTCUSDT,D,618.30,USD,2026-08-19T20:17:00.239189+00:00,posted
binance:6582455697,binance:BTCUSDT,D,755.70,USD,2026-08-19T18:53:11.822187+00:00,posted
binance:6582455698,binance:BTCUSDT,C,9.62,USD,2026-08-19T19:29:50.631474+00:00,posted
coinbase:1073148302,coinbase:BTC-USD,C,0.00,USD,2026-08-19T22:04:43.022350+00:00,posted
coinbase:1073148303,coinbase:BTC-USD,C,148.51,USD,2026-08-19T20:32:00.910997+00:00,posted
coinbase:1073148304,coinbase:BTC-USD,C,0.00,USD,2026-08-19T18:52:59.236602+00:00,posted
binance:6582455699,binance:BTCUSDT,C,70.76,USD,2026-08-19T19:08:03.100680+00:00,posted
kraken:105348553,kraken:XBTUSD,D,50.00,USD,2026-08-19T22:41:59.665486+00:00,posted
kraken:105348554,kraken:XBTUSD,D,6.86,USD,2026-08-19T22:01:02.100581+00:00,posted
kraken:105348555,kraken:XBTUSD,D,68.64,USD,2026-08-19T20:35:30.690023+00:00,posted
kraken:105348556,kraken:XBTUSD,D,3.50,USD,2026-08-22T09:01:13.490720+00:00,posted
kraken:105348558,kraken:XBTUSD,D,3.50,USD,2026-08-19T20:41:19.453156+00:00,posted
kraken:105348559,kraken:XBTUSD,D,8635.11,USD,2026-08-19T21:19:27.961649+00:00,posted
kraken:105348560,kraken:XBTUSD,D,3.50,USD,2026-08-22T03:23:17.001351+00:00,posted
kraken:105348561,kraken:XBTUSD,D,48.61,USD,2026-08-19T22:29:06.521964+00:00,posted
kraken:105348562,kraken:XBTUSD,D,12.10,USD,2026-08-19T18:57:40.277022+00:00,posted
kraken:105348563,kraken:XBTUSD,D,475.08,USD,2026-08-20T00:06:22.327574+00:00,posted
binance:6582455700,binance:BTCUSDT,D,618.30,USD,2026-08-19T21:52:15.651577+00:00,posted
binance:6582455701,binance:BTCUSDT,D,206.10,USD,2026-08-19T19:55:30.931795+00:00,posted
coinbase:1073148306,coinbase:BTC-USD,C,0.00,USD,2026-08-19T20:31:05.297250+00:00,posted
binance:6582455702,binance:BTCUSDT,D,206.10,USD,2026-08-19T18:56:47.122448+00:00,posted
binance:6582455703,binance:BTCUSDT,C,229.46,USD,2026-08-19T19:42:03.083243+00:00,posted
coinbase:1073148307,coinbase:BTC-USD,C,534.49,USD,2026-08-19T21:09:26.094728+00:00,posted
binance:6582455704,binance:BTCUSDT,D,2541.90,USD,2026-08-19T18:54:45.279212+00:00,posted
coinbase:1073148308,coinbase:BTC-USD,C,0.00,USD,2026-08-19T21:50:39.297582+00:00,posted
coinbase:1073148309,coinbase:BTC-USD,C,57.33,USD,2026-08-19T20:04:29.233372+00:00,posted
coinbase:1073148310,coinbase:BTC-USD,D,0.01,USD,2026-08-19T19:30:29.595655+00:00,posted
coinbase:1073148311,coinbase:BTC-USD,C,0.00,USD,2026-08-19T23:27:25.434687+00:00,posted
binance:6582455705,binance:BTCUSDT,C,9.62,USD,2026-08-19T19:45:58.808282+00:00,posted
binance:6582455706,binance:BTCUSDT,C,199.92,USD,2026-08-22T01:58:11.259224+00:00,posted
binance:6582455707,binance:BTCUSDT,D,37.10,USD,2026-08-19T20:59:24.239885+00:00,posted
binance:6582455708,binance:BTCUSDT,C,5079.68,USD,2026-08-19T22:54:57.548223+00:00,posted
coinbase:1073148313,coinbase:BTC-USD,C,0.00,USD,2026-08-19T22:04:47.333580+00:00,posted
binance:6582455709,binance:BTCUSDT,C,1533.38,USD,2026-08-19T20:46:53.167696+00:00,posted
coinbase:1073148314,coinbase:BTC-USD,D,0.00,USD,2026-08-22T16:22:31.710711+00:00,posted
binance:6582455710,binance:BTCUSDT,C,184.12,USD,2026-08-19T20:31:54.307916+00:00,posted
binance:6582455711,binance:BTCUSDT,C,10000.66,USD,2026-08-19T20:56:27.422655+00:00,posted
binance:6582455720,binance:BTCUSDT,C,2954.10,USD,2026-08-19T21:30:20.088642+00:00,posted
binance:6582455721,binance:BTCUSDT,C,590.82,USD,2026-08-19T23:19:39.932037+00:00,posted
binance:6582455722,binance:BTCUSDT,C,6.87,USD,2026-08-19T23:51:55.824034+00:00,posted
coinbase:1073148315,coinbase:BTC-USD,C,0.00,USD,2026-08-19T20:22:12.896879+00:00,posted
coinbase:1073148317,coinbase:BTC-USD,D,4568.87,USD,2026-08-19T20:37:16.727357+00:00,posted
coinbase:1073148316,coinbase:BTC-USD,D,6569.53,USD,2026-08-19T19:43:53.400591+00:00,posted
coinbase:1073148318,coinbase:BTC-USD,D,1148.26,USD,2026-08-19T20:53:32.840793+00:00,posted
coinbase:1073148319,coinbase:BTC-USD,D,3717.68,USD,2026-08-20T00:08:32.541551+00:00,posted
coinbase:1073148321,coinbase:BTC-USD,D,75.00,USD,2026-08-19T22:17:03.503451+00:00,posted
coinbase:1073148320,coinbase:BTC-USD,D,4500.49,USD,2026-08-19T19:32:46.175752+00:00,posted
binance:6582455723,binance:BTCUSDT,C,6996.41,USD,2026-08-20T00:16:40.874699+00:00,posted
binance:6582455762,binance:BTCUSDT,C,38.47,USD,2026-08-19T22:48:38.989295+00:00,posted
binance:6582455769,binance:BTCUSDT,C,5.50,USD,2026-08-19T20:34:17.861145+00:00,posted
binance:6582455770,binance:BTCUSDT,C,5.50,USD,2026-08-19T21:54:54.720716+00:00,posted
binance:6582455771,binance:BTCUSDT,C,5.50,USD,2026-08-19T19:17:03.594519+00:00,posted
binance:6582455772,binance:BTCUSDT,C,16.49,USD,2026-08-19T22:52:13.173423+00:00,posted
binance:6582455775,binance:BTCUSDT,C,4215.98,USD,2026-08-19T22:22:53.956688+00:00,posted
binance:6582455777,binance:BTCUSDT,C,5.50,USD,2026-08-19T23:31:58.536794+00:00,posted
binance:6582455778,binance:BTCUSDT,C,10.99,USD,2026-08-19T19:40:17.768619+00:00,posted
binance:6582455780,binance:BTCUSDT,C,5.50,USD,2026-08-19T23:35:40.532901+00:00,posted
binance:6582455781,binance:BTCUSDT,C,27.48,USD,2026-08-19T23:56:17.848569+00:00,posted
binance:6582455786,binance:BTCUSDT,C,10.99,USD,2026-08-19T20:33:32.398195+00:00,posted
binance:6582455788,binance:BTCUSDT,C,5.50,USD,2026-08-19T23:42:12.483028+00:00,posted
binance:6582455790,binance:BTCUSDT,C,21.98,USD,2026-08-19T22:06:06.788941+00:00,posted
binance:6582455794,binance:BTCUSDT,C,5.50,USD,2026-08-19T23:09:58.179426+00:00,posted
binance:6582455795,binance:BTCUSDT,C,5.50,USD,2026-08-19T21:32:06.714795+00:00,posted
coinbase:1073148323,coinbase:BTC-USD,D,4.20,USD,2026-08-19T22:06:21.793761+00:00,posted
coinbase:1073148322,coinbase:BTC-USD,D,3.15,USD,2026-08-19T23:50:41.544342+00:00,posted
coinbase:1073148324,coinbase:BTC-USD,D,1.17,USD,2026-08-19T21:19:34.318027+00:00,posted
coinbase:1073148325,coinbase:BTC-USD,D,1.17,USD,2026-08-19T18:49:18.856904+00:00,posted
coinbase:1073148326,coinbase:BTC-USD,D,0.00,USD,2026-08-19T23:31:33.513598+00:00,posted
coinbase:1073148327,coinbase:BTC-USD,D,1.17,USD,2026-08-19T23:38:33.044931+00:00,posted
coinbase:1073148329,coinbase:BTC-USD,D,116.95,USD,2026-08-19T22:43:15.325699+00:00,posted
coinbase:1073148328,coinbase:BTC-USD,D,1.17,USD,2026-08-20T00:13:28.922142+00:00,posted
coinbase:1073148330,coinbase:BTC-USD,D,50.73,USD,2026-08-19T21:11:45.306868+00:00,posted
coinbase:1073148331,coinbase:BTC-USD,D,25.85,USD,2026-08-19T19:06:46.357384+00:00,posted
coinbase:1073148332,coinbase:BTC-USD,D,55.92,USD,2026-08-19T23:20:23.084177+00:00,posted
coinbase:1073148333,coinbase:BTC-USD,C,0.00,USD,2026-08-19T19:00:12.778680+00:00,posted
coinbase:1073148334,coinbase:BTC-USD,C,0.00,USD,2026-08-19T23:53:05.169393+00:00,posted
binance:6582455796,binance:BTCUSDT,C,23142.71,USD,2026-08-19T21:12:15.785978+00:00,posted
binance:6582455817,binance:BTCUSDT,C,36.41,USD,2026-08-19T19:21:14.616624+00:00,posted
binance:6582455824,binance:BTCUSDT,C,16.49,USD,2026-08-19T22:57:10.101418+00:00,posted
binance:6582455827,binance:BTCUSDT,C,27.48,USD,2026-08-19T23:08:16.928126+00:00,posted
binance:6582455832,binance:BTCUSDT,C,5.50,USD,2026-08-19T20:47:58.878222+00:00,posted
binance:6582455833,binance:BTCUSDT,C,10.99,USD,2026-08-19T19:33:53.492980+00:00,posted
binance:6582455835,binance:BTCUSDT,C,16.49,USD,2026-08-19T21:26:18.182894+00:00,posted
binance:6582455838,binance:BTCUSDT,C,78.31,USD,2026-08-19T20:35:57.393566+00:00,posted
binance:6582455852,binance:BTCUSDT,C,16.49,USD,2026-08-19T21:18:16.077011+00:00,posted
binance:6582455855,binance:BTCUSDT,C,5.50,USD,2026-08-19T22:55:22.433966+00:00,posted
binance:6582455856,binance:BTCUSDT,C,12.36,USD,2026-08-19T20:40:03.254462+00:00,posted
binance:6582455857,binance:BTCUSDT,C,5.50,USD,2026-08-19T20:36:09.977023+00:00,posted
binance:6582455858,binance:BTCUSDT,C,10.99,USD,2026-08-22T01:44:29.207614+00:00,posted
binance:6582455860,binance:BTCUSDT,C,11.68,USD,2026-08-19T18:58:50.628930+00:00,posted
binance:6582455862,binance:BTCUSDT,C,834.56,USD,2026-08-19T21:39:14.115011+00:00,posted
binance:6582455863,binance:BTCUSDT,C,28.85,USD,2026-08-19T22:42:36.188966+00:00,posted
binance:6582455868,binance:BTCUSDT,C,5.50,USD,2026-08-19T22:43:16.453316+00:00,posted
binance:6582455869,binance:BTCUSDT,C,5.50,USD,2026-08-19T20:27:36.766003+00:00,posted
binance:6582455870,binance:BTCUSDT,C,10.99,USD,2026-08-19T22:29:13.805536+00:00,posted
binance:6582455872,binance:BTCUSDT,C,3294.30,USD,2026-08-19T23:12:45.820315+00:00,posted
binance:6582455879,binance:BTCUSDT,C,10.99,USD,2026-08-19T22:07:30.385555+00:00,posted
binance:6582455881,binance:BTCUSDT,C,17.86,USD,2026-08-19T20:11:57.541067+00:00,posted
binance:6582455884,binance:BTCUSDT,C,16.49,USD,2026-08-19T23:27:51.086198+00:00,posted
binance:6582455887,binance:BTCUSDT,C,5.50,USD,2026-08-19T19:36:00.481600+00:00,posted
binance:6582455889,binance:BTCUSDT,C,21.98,USD,2026-08-19T21:34:52.999900+00:00,posted
binance:6582455893,binance:BTCUSDT,C,5.49,USD,2026-08-19T21:37:35.882612+00:00,posted
binance:6582455894,binance:BTCUSDT,C,16.48,USD,2026-08-19T23:44:02.966362+00:00,posted
coinbase:1073148335,coinbase:BTC-USD,C,97.16,USD,2026-08-19T22:19:31.224153+00:00,posted
coinbase:1073148339,coinbase:BTC-USD,D,686.55,USD,2026-08-19T21:32:24.689728+00:00,posted
coinbase:1073148338,coinbase:BTC-USD,D,439.40,USD,2026-08-19T20:51:46.982063+00:00,posted
coinbase:1073148337,coinbase:BTC-USD,D,6296.78,USD,2026-08-19T22:21:00.857755+00:00,posted
coinbase:1073148336,coinbase:BTC-USD,D,1.17,USD,2026-08-19T21:26:07.642172+00:00,posted
coinbase:1073148340,coinbase:BTC-USD,C,0.00,USD,2026-08-19T20:52:24.491639+00:00,posted
binance:6582455897,binance:BTCUSDT,C,6.87,USD,2026-08-19T19:08:25.152405+00:00,posted
binance:6582455899,binance:BTCUSDT,D,7.56,USD,2026-08-19T19:55:10.361341+00:00,posted
coinbase:1073148341,coinbase:BTC-USD,D,0.00,USD,2026-08-19T22:07:54.171982+00:00,posted
coinbase:1073148342,coinbase:BTC-USD,D,1.16,USD,2026-08-19T19:26:31.041956+00:00,posted
coinbase:1073148343,coinbase:BTC-USD,C,0.00,USD,2026-08-19T21:31:39.267590+00:00,posted
coinbase:1073148345,coinbase:BTC-USD,D,0.15,USD,2026-08-19T22:17:48.229297+00:00,posted
binance:6582455900,binance:BTCUSDT,C,4262.00,USD,2026-08-19T23:17:17.377418+00:00,posted
binance:6582455927,binance:BTCUSDT,C,32.97,USD,2026-08-19T23:43:26.293522+00:00,posted
binance:6582455933,binance:BTCUSDT,C,11.68,USD,2026-08-19T20:47:01.721561+00:00,posted
binance:6582455935,binance:BTCUSDT,C,10.99,USD,2026-08-19T21:34:30.075742+00:00,posted
binance:6582455937,binance:BTCUSDT,C,10.99,USD,2026-08-20T00:04:24.021355+00:00,posted
binance:6582455939,binance:BTCUSDT,C,6.18,USD,2026-08-19T21:44:30.265002+00:00,posted
binance:6582455941,binance:BTCUSDT,C,78.30,USD,2026-08-19T21:54:03.934791+00:00,posted
coinbase:1073148346,coinbase:BTC-USD,D,0.01,USD,2026-08-19T20:11:33.462423+00:00,posted
binance:6582455955,binance:BTCUSDT,C,133.25,USD,2026-08-19T22:34:39.278960+00:00,posted
binance:6582455979,binance:BTCUSDT,C,43.96,USD,2026-08-19T20:07:55.961622+00:00,posted
binance:6582455987,binance:BTCUSDT,C,5.49,USD,2026-08-19T21:17:33.345809+00:00,posted
binance:6582455988,binance:BTCUSDT,D,189.57,USD,2026-08-19T19:17:12.151084+00:00,posted
binance:6582455989,binance:BTCUSDT,C,94.78,USD,2026-08-19T23:21:10.952125+00:00,posted
binance:6582456006,binance:BTCUSDT,C,43.96,USD,2026-08-19T19:07:08.372241+00:00,posted
binance:6582456014,binance:BTCUSDT,C,6.18,USD,2026-08-19T22:00:19.655342+00:00,posted
binance:6582456015,binance:BTCUSDT,C,5.49,USD,2026-08-19T21:20:15.814598+00:00,posted
binance:6582456016,binance:BTCUSDT,C,12.36,USD,2026-08-19T23:04:55.212222+00:00,posted
binance:6582456017,binance:BTCUSDT,C,16.48,USD,2026-08-19T22:16:14.575897+00:00,posted
coinbase:1073148348,coinbase:BTC-USD,D,439.36,USD,2026-08-19T19:25:28.138965+00:00,posted
coinbase:1073148347,coinbase:BTC-USD,D,1.01,USD,2026-08-21T20:19:04.626859+00:00,posted
coinbase:1073148349,coinbase:BTC-USD,C,0.00,USD,2026-08-19T21:27:50.584135+00:00,posted
binance:6582456020,binance:BTCUSDT,C,6.87,USD,2026-08-19T21:59:01.390202+00:00,posted
binance:6582456021,binance:BTCUSDT,C,125.00,USD,2026-08-19T19:23:51.660256+00:00,posted
coinbase:1073148350,coinbase:BTC-USD,D,0.00,USD,2026-08-19T23:03:35.993767+00:00,posted
coinbase:1073148351,coinbase:BTC-USD,C,0.00,USD,2026-08-19T23:12:57.754135+00:00,posted
coinbase:1073148352,coinbase:BTC-USD,D,0.00,USD,2026-08-19T21:17:37.430535+00:00,posted
kraken:105348564,kraken:XBTUSD,C,5.34,USD,2026-08-19T22:05:30.922763+00:00,posted
kraken:105348565,kraken:XBTUSD,C,50.00,USD,2026-08-19T19:45:19.471056+00:00,posted
kraken:105348566,kraken:XBTUSD,C,68.66,USD,2026-08-19T21:36:45.304563+00:00,posted
kraken:105348567,kraken:XBTUSD,C,3.50,USD,2026-08-19T20:25:56.957805+00:00,posted
kraken:105348568,kraken:XBTUSD,C,3310.80,USD,2026-08-19T20:09:14.775550+00:00,posted
binance:6582456022,binance:BTCUSDT,D,480.78,USD,2026-08-19T21:52:17.204487+00:00,posted
binance:6582456023,binance:BTCUSDT,D,84.48,USD,2026-08-19T21:12:17.046248+00:00,posted
binance:6582456024,binance:BTCUSDT,C,120.19,USD,2026-08-19T23:59:08.982964+00:00,posted
coinbase:1073148354,coinbase:BTC-USD,C,209.51,USD,2026-08-19T20:32:24.555222+00:00,posted
coinbase:1073148355,coinbase:BTC-USD,D,0.01,USD,2026-08-19T21:22:20.349954+00:00,posted
coinbase:1073148356,coinbase:BTC-USD,C,9.89,USD,2026-08-19T19:08:42.620384+00:00,posted
binance:6582456025,binance:BTCUSDT,C,10.30,USD,2026-08-19T20:27:36.442390+00:00,posted
coinbase:1073148357,coinbase:BTC-USD,D,0.01,USD,2026-08-19T21:13:19.901700+00:00,posted
coinbase:1073148358,coinbase:BTC-USD,D,0.01,USD,2026-08-19T21:44:48.779814+00:00,posted
binance:6582456026,binance:BTCUSDT,D,10000.16,USD,2026-08-19T23:04:05.233511+00:00,posted
binance:6582456027,binance:BTCUSDT,D,6.87,USD,2026-08-19T19:57:26.841683+00:00,posted
coinbase:1073148359,coinbase:BTC-USD,C,3074.19,USD,2026-08-19T20:32:41.489246+00:00,posted
binance:6582456028,binance:BTCUSDT,D,590.67,USD,2026-08-19T19:21:02.934927+00:00,posted
binance:6582456038,binance:BTCUSDT,D,686.82,USD,2026-08-19T22:08:13.805421+00:00,posted
coinbase:1073148360,coinbase:BTC-USD,C,418.76,USD,2026-08-22T16:40:14.959407+00:00,posted
binance:6582456039,binance:BTCUSDT,D,511.68,USD,2026-08-19T22:59:59.847169+00:00,posted
binance:6582456059,binance:BTCUSDT,D,5.49,USD,2026-08-19T23:28:21.853231+00:00,posted
binance:6582456060,binance:BTCUSDT,D,13.74,USD,2026-08-19T19:38:56.406625+00:00,posted
binance:6582456063,binance:BTCUSDT,D,37.09,USD,2026-08-20T00:10:52.038281+00:00,posted
binance:6582456070,binance:BTCUSDT,D,10.99,USD,2026-08-19T23:07:22.404923+00:00,posted
binance:6582456072,binance:BTCUSDT,D,10.99,USD,2026-08-19T20:15:58.969089+00:00,posted
binance:6582456074,binance:BTCUSDT,D,32.97,USD,2026-08-19T21:22:50.419144+00:00,posted
binance:6582456080,binance:BTCUSDT,D,27.47,USD,2026-08-19T20:27:16.820794+00:00,posted
binance:6582456085,binance:BTCUSDT,D,27.47,USD,2026-08-19T20:37:12.880861+00:00,posted
binance:6582456090,binance:BTCUSDT,D,67.31,USD,2026-08-19T22:53:00.426926+00:00,posted
binance:6582456102,binance:BTCUSDT,D,16.48,USD,2026-08-19T21:07:26.089671+00:00,posted
binance:6582456105,binance:BTCUSDT,D,50.83,USD,2026-08-19T21:04:44.243035+00:00,posted
binance:6582456114,binance:BTCUSDT,D,27.47,USD,2026-08-19T21:00:26.000911+00:00,posted
binance:6582456119,binance:BTCUSDT,D,10.99,USD,2026-08-19T20:43:46.711776+00:00,posted
binance:6582456121,binance:BTCUSDT,D,5.49,USD,2026-08-20T00:08:49.913036+00:00,posted
binance:6582456122,binance:BTCUSDT,D,38.46,USD,2026-08-19T18:53:30.891547+00:00,posted
binance:6582456128,binance:BTCUSDT,D,5.49,USD,2026-08-19T19:55:55.654032+00:00,posted
binance:6582456129,binance:BTCUSDT,D,39.84,USD,2026-08-19T20:24:22.179427+00:00,posted
binance:6582456136,binance:BTCUSDT,D,5.50,USD,2026-08-19T20:33:17.747749+00:00,posted
binance:6582456137,binance:BTCUSDT,D,49.46,USD,2026-08-19T20:34:33.770628+00:00,posted
coinbase:1073148362,coinbase:BTC-USD,C,12.56,USD,2026-08-19T19:52:54.369847+00:00,posted
coinbase:1073148361,coinbase:BTC-USD,C,1.17,USD,2026-08-19T21:33:03.497128+00:00,posted
binance:6582456139,binance:BTCUSDT,D,56.32,USD,2026-08-19T19:22:20.579607+00:00,posted
binance:6582456148,binance:BTCUSDT,D,5.50,USD,2026-08-19T20:34:29.819132+00:00,posted
binance:6582456149,binance:BTCUSDT,D,12.36,USD,2026-08-19T22:45:06.281791+00:00,posted
binance:6582456150,binance:BTCUSDT,D,16.49,USD,2026-08-20T00:07:33.691808+00:00,posted
binance:6582456153,binance:BTCUSDT,D,28.85,USD,2026-08-19T20:09:32.212280+00:00,posted
binance:6582456158,binance:BTCUSDT,D,62.51,USD,2026-08-19T22:00:30.323421+00:00,posted
binance:6582456159,binance:BTCUSDT,D,5.50,USD,2026-08-19T20:18:10.974166+00:00,posted
binance:6582456160,binance:BTCUSDT,D,17.17,USD,2026-08-19T23:51:52.659629+00:00,posted
binance:6582456163,binance:BTCUSDT,D,1288.68,USD,2026-08-19T19:31:24.096730+00:00,posted
binance:6582456164,binance:BTCUSDT,D,23.36,USD,2026-08-19T20:34:11.262244+00:00,posted
binance:6582456168,binance:BTCUSDT,D,216.38,USD,2026-08-19T21:03:38.053121+00:00,posted
binance:6582456169,binance:BTCUSDT,D,5.50,USD,2026-08-19T19:36:43.568583+00:00,posted
binance:6582456170,binance:BTCUSDT,D,274.78,USD,2026-08-19T19:53:05.148288+00:00,posted
binance:6582456171,binance:BTCUSDT,D,7.56,USD,2026-08-21T21:46:33.552414+00:00,posted
binance:6582456172,binance:BTCUSDT,D,1194.62,USD,2026-08-19T20:13:07.499816+00:00,posted
coinbase:1073148363,coinbase:BTC-USD,C,0.00,USD,2026-08-20T18:23:36.967414+00:00,posted
coinbase:1073148365,coinbase:BTC-USD,C,1.17,USD,2026-08-19T23:34:25.693725+00:00,posted
coinbase:1073148364,coinbase:BTC-USD,C,0.58,USD,2026-08-19T22:50:58.685520+00:00,posted
binance:6582456196,binance:BTCUSDT,D,6.18,USD,2026-08-19T20:46:17.701332+00:00,posted
binance:6582456176,binance:BTCUSDT,D,2451.06,USD,2026-08-19T22:53:41.364328+00:00,posted
binance:6582456197,binance:BTCUSDT,D,111.29,USD,2026-08-19T20:33:06.506203+00:00,posted
binance:6582456216,binance:BTCUSDT,D,27.48,USD,2026-08-19T20:46:37.052126+00:00,posted
binance:6582456221,binance:BTCUSDT,D,10.99,USD,2026-08-20T00:07:39.902596+00:00,posted
binance:6582456223,binance:BTCUSDT,D,6.18,USD,2026-08-19T22:06:17.031450+00:00,posted
binance:6582456224,binance:BTCUSDT,D,12.37,USD,2026-08-19T19:33:22.761733+00:00,posted
binance:6582456225,binance:BTCUSDT,D,10.99,USD,2026-08-19T21:08:06.569394+00:00,posted
binance:6582456227,binance:BTCUSDT,D,10.99,USD,2026-08-19T23:10:27.737598+00:00,posted
binance:6582456229,binance:BTCUSDT,D,16.49,USD,2026-08-19T19:06:59.086876+00:00,posted
coinbase:1073148366,coinbase:BTC-USD,D,0.00,USD,2026-08-19T20:50:20.227096+00:00,posted
coinbase:1073148367,coinbase:BTC-USD,D,0.00,USD,2026-08-20T00:15:39.394718+00:00,posted
binance:6582456232,binance:BTCUSDT,D,131.90,USD,2026-08-19T23:35:12.448531+00:00,posted
coinbase:1073148368,coinbase:BTC-USD,C,0.00,USD,2026-08-19T21:44:53.941543+00:00,posted
binance:6582456241,binance:BTCUSDT,C,53.58,USD,2026-08-19T20:37:13.843882+00:00,posted
binance:6582456242,binance:BTCUSDT,C,17.17,USD,2026-08-20T00:08:35.269231+00:00,posted
binance:6582456243,binance:BTCUSDT,D,10.30,USD,2026-08-19T21:42:34.536257+00:00,posted
coinbase:1073148369,coinbase:BTC-USD,C,0.00,USD,2026-08-19T23:26:22.416410+00:00,posted
coinbase:1073148372,coinbase:BTC-USD,C,1991.44,USD,2026-08-21T23:33:59.276927+00:00,posted
coinbase:1073148371,coinbase:BTC-USD,C,1.17,USD,2026-08-19T22:55:13.602187+00:00,posted
coinbase:1073148370,coinbase:BTC-USD,C,1.17,USD,2026-08-19T21:09:18.581902+00:00,posted
coinbase:1073148373,coinbase:BTC-USD,D,0.01,USD,2026-08-19T21:16:01.357226+00:00,posted
binance:6582456244,binance:BTCUSDT,D,9.62,USD,2026-08-19T22:50:56.788468+00:00,posted
binance:6582456245,binance:BTCUSDT,D,122.28,USD,2026-08-19T19:11:11.788577+00:00,posted
binance:6582456266,binance:BTCUSDT,D,27.48,USD,2026-08-19T20:39:14.110439+00:00,posted
binance:6582456271,binance:BTCUSDT,D,27.48,USD,2026-08-19T22:35:39.084101+00:00,posted
binance:6582456276,binance:BTCUSDT,D,10.99,USD,2026-08-19T21:09:47.341986+00:00,posted
binance:6582456278,binance:BTCUSDT,D,5.50,USD,2026-08-19T22:12:54.934992+00:00,posted
binance:6582456279,binance:BTCUSDT,D,526.24,USD,2026-08-19T18:49:54.928521+00:00,posted
binance:6582456283,binance:BTCUSDT,D,16.49,USD,2026-08-19T19:36:45.677419+00:00,posted
binance:6582456287,binance:BTCUSDT,D,128.47,USD,2026-08-19T21:42:46.709645+00:00,posted
coinbase:1073148374,coinbase:BTC-USD,C,0.00,USD,2026-08-19T19:53:12.496786+00:00,posted
binance:6582456310,binance:BTCUSDT,D,68.70,USD,2026-08-19T23:52:28.027634+00:00,posted
binance:6582456323,binance:BTCUSDT,C,59.77,USD,2026-08-19T22:43:01.130383+00:00,posted
binance:6582456324,binance:BTCUSDT,D,68.70,USD,2026-08-19T19:49:25.220049+00:00,posted
binance:6582456328,binance:BTCUSDT,C,82.44,USD,2026-08-19T20:28:53.993963+00:00,posted
binance:6582456329,binance:BTCUSDT,D,6.87,USD,2026-08-22T15:37:14.750442+00:00,posted
coinbase:1073148375,coinbase:BTC-USD,C,0.00,USD,2026-08-20T00:02:08.461968+00:00,posted
coinbase:1073148376,coinbase:BTC-USD,C,1.17,USD,2026-08-19T20:31:09.896025+00:00,posted
coinbase:1073148377,coinbase:BTC-USD,C,2225.08,USD,2026-08-19T19:56:00.743721+00:00,posted
coinbase:1073148378,coinbase:BTC-USD,C,0.00,USD,2026-08-19T21:07:07.181351+00:00,posted
binance:6582456330,binance:BTCUSDT,D,55.65,USD,2026-08-19T23:56:05.208875+00:00,posted
binance:6582456331,binance:BTCUSDT,D,489.83,USD,2026-08-22T05:52:01.205003+00:00,posted
binance:6582456350,binance:BTCUSDT,D,27.48,USD,2026-08-19T23:43:44.245712+00:00,posted
binance:6582456355,binance:BTCUSDT,D,289.23,USD,2026-08-19T23:22:22.743411+00:00,posted
binance:6582456356,binance:BTCUSDT,D,38.47,USD,2026-08-19T21:13:36.689759+00:00,posted
binance:6582456363,binance:BTCUSDT,D,16.49,USD,2026-08-19T22:51:16.703743+00:00,posted
binance:6582456366,binance:BTCUSDT,D,1236.63,USD,2026-08-19T21:14:33.316265+00:00,posted
binance:6582456367,binance:BTCUSDT,D,192.36,USD,2026-08-19T19:54:57.949900+00:00,posted
binance:6582456368,binance:BTCUSDT,D,46.72,USD,2026-08-19T23:15:53.521444+00:00,posted
binance:6582456371,binance:BTCUSDT,D,17.18,USD,2026-08-22T14:07:21.771832+00:00,posted
binance:6582456374,binance:BTCUSDT,D,6.18,USD,2026-08-19T19:27:16.167301+00:00,posted
binance:6582456375,binance:BTCUSDT,D,16.49,USD,2026-08-19T19:26:49.527837+00:00,posted
binance:6582456378,binance:BTCUSDT,D,852.60,USD,2026-08-19T22:06:42.434516+00:00,posted
binance:6582456385,binance:BTCUSDT,D,755.73,USD,2026-08-19T20:31:40.656704+00:00,posted
binance:6582456386,binance:BTCUSDT,D,1236.65,USD,2026-08-20T00:12:12.452653+00:00,posted
binance:6582456387,binance:BTCUSDT,D,618.33,USD,2026-08-19T20:45:51.639888+00:00,posted
binance:6582456388,binance:BTCUSDT,D,618.33,USD,2026-08-19T19:24:03.891703+00:00,posted
binance:6582456389,binance:BTCUSDT,D,1856.35,USD,2026-08-19T18:49:30.116767+00:00,posted
binance:6582456409,binance:BTCUSDT,D,89.31,USD,2026-08-19T20:59:12.566289+00:00,posted
binance:6582456425,binance:BTCUSDT,D,21.98,USD,2026-08-19T20:44:09.146773+00:00,posted
binance:6582456429,binance:BTCUSDT,D,12.37,USD,2026-08-19T23:23:09.846767+00:00,posted
binance:6582456430,binance:BTCUSDT,D,5.50,USD,2026-08-19T23:26:53.062514+00:00,posted
binance:6582456431,binance:BTCUSDT,D,5.50,USD,2026-08-20T00:17:00.650969+00:00,posted
binance:6582456432,binance:BTCUSDT,D,206.12,USD,2026-08-21T12:59:24.240264+00:00,posted
binance:6582456433,binance:BTCUSDT,D,3674.34,USD,2026-08-20T00:01:02.388056+00:00,posted
binance:6582456444,binance:BTCUSDT,D,16.49,USD,2026-08-19T22:20:44.187403+00:00,posted
binance:6582456447,binance:BTCUSDT,D,10.99,USD,2026-08-19T19:33:33.036212+00:00,posted
binance:6582456449,binance:BTCUSDT,D,5.50,USD,2026-08-19T21:53:25.136120+00:00,posted
coinbase:1073148379,coinbase:BTC-USD,C,0.00,USD,2026-08-19T19:38:30.508081+00:00,posted
coinbase:1073148380,coinbase:BTC-USD,D,0.01,USD,2026-08-19T22:58:39.835678+00:00,posted
coinbase:1073148381,coinbase:BTC-USD,D,0.01,USD,2026-08-19T20:49:46.291665+00:00,posted
kraken:105348569,kraken:XBTUSD,D,50.00,USD,2026-08-19T19:39:04.824440+00:00,posted
kraken:105348570,kraken:XBTUSD,D,68.66,USD,2026-08-19T23:56:05.240512+00:00,posted
kraken:105348571,kraken:XBTUSD,D,3.50,USD,2026-08-19T22:51:57.607176+00:00,posted
kraken:105348572,kraken:XBTUSD,D,3.50,USD,2026-08-19T19:47:02.638001+00:00,posted
kraken:105348573,kraken:XBTUSD,D,68.66,USD,2026-08-19T19:23:12.620298+00:00,posted
kraken:105348574,kraken:XBTUSD,D,6.87,USD,2026-08-19T21:31:18.263846+00:00,posted
kraken:105348575,kraken:XBTUSD,D,302.49,USD,2026-08-19T22:13:27.854348+00:00,posted
coinbase:1073148382,coinbase:BTC-USD,C,0.00,USD,2026-08-19T20:14:37.294103+00:00,posted
binance:6582456450,binance:BTCUSDT,D,299.56,USD,2026-08-19T23:05:35.622199+00:00,posted
coinbase:1073148383,coinbase:BTC-USD,D,0.01,USD,2026-08-19T23:40:25.557601+00:00,posted
coinbase:1073148384,coinbase:BTC-USD,C,0.00,USD,2026-08-19T19:02:27.604988+00:00,posted
binance:6582456460,binance:BTCUSDT,D,137.41,USD,2026-08-19T22:04:37.408040+00:00,posted
binance:6582456461,binance:BTCUSDT,D,137.41,USD,2026-08-19T19:39:18.781052+00:00,posted
binance:6582456465,binance:BTCUSDT,D,137.41,USD,2026-08-19T19:17:31.018200+00:00,posted
coinbase:1073148385,coinbase:BTC-USD,C,0.00,USD,2026-08-19T19:24:12.846001+00:00,posted
coinbase:1073148386,coinbase:BTC-USD,C,0.00,USD,2026-08-20T00:11:38.049824+00:00,posted
coinbase:1073148387,coinbase:BTC-USD,C,0.00,USD,2026-08-19T21:44:14.755935+00:00,posted
coinbase:1073148388,coinbase:BTC-USD,D,0.00,USD,2026-08-19T22:06:12.347118+00:00,posted
binance:6582456466,binance:BTCUSDT,D,2000.73,USD,2026-08-19T20:29:53.916473+00:00,posted
coinbase:1073148389,coinbase:BTC-USD,D,0.00,USD,2026-08-19T23:45:04.690977+00:00,posted
coinbase:1073148390,coinbase:BTC-USD,C,0.00,USD,2026-08-19T22:23:43.895935+00:00,posted
kraken:105348576,kraken:XBTUSD,C,4.16,USD,2026-08-19T22:09:37.174857+00:00,posted
kraken:105348577,kraken:XBTUSD,C,3429.08,USD,2026-08-19T21:24:47.944262+00:00,posted
kraken:105348578,kraken:XBTUSD,C,3433.24,USD,2026-08-19T23:28:16.681062+00:00,posted
binance:6582456467,binance:BTCUSDT,D,1236.72,USD,2026-08-19T19:59:30.101362+00:00,posted
binance:6582456468,binance:BTCUSDT,D,6.87,USD,2026-08-19T23:58:05.079773+00:00,posted
binance:6582456469,binance:BTCUSDT,D,2748.26,USD,2026-08-19T19:14:15.097890+00:00,posted
binance:6582456470,binance:BTCUSDT,D,1236.72,USD,2026-08-22T12:51:27.175181+00:00,posted
binance:6582456471,binance:BTCUSDT,D,1374.13,USD,2026-08-21T03:08:51.301452+00:00,posted
binance:6582456472,binance:BTCUSDT,D,687.07,USD,2026-08-19T20:35:34.588025+00:00,posted
binance:6582456473,binance:BTCUSDT,C,232.92,USD,2026-08-19T22:27:41.305995+00:00,posted
coinbase:1073148391,coinbase:BTC-USD,C,0.00,USD,2026-08-19T21:57:35.816497+00:00,posted
kraken:105348579,kraken:XBTUSD,C,1029.97,USD,2026-08-19T22:57:53.803294+00:00,posted
binance:6582456474,binance:BTCUSDT,C,2065.32,USD,2026-08-19T21:06:24.002854+00:00,posted
coinbase:1073148392,coinbase:BTC-USD,D,0.00,USD,2026-08-19T21:58:19.514779+00:00,posted
coinbase:1073148393,coinbase:BTC-USD,C,47.42,USD,2026-08-19T18:58:25.692292+00:00,posted
binance:6582456475,binance:BTCUSDT,C,5.50,USD,2026-08-19T20:54:11.646268+00:00,posted
coinbase:1073148394,coinbase:BTC-USD,C,2.19,USD,2026-08-19T18:51:51.685996+00:00,posted
coinbase:1073148395,coinbase:BTC-USD,C,0.00,USD,2026-08-19T23:22:48.634545+00:00,posted
binance:6582456476,binance:BTCUSDT,C,10374.69,USD,2026-08-19T20:58:04.285188+00:00,posted
binance:6582456478,binance:BTCUSDT,D,107.18,USD,2026-08-19T23:30:10.533909+00:00,posted
binance:6582456479,binance:BTCUSDT,D,618.36,USD,2026-08-19T23:34:05.112652+00:00,posted
binance:6582456480,binance:BTCUSDT,D,755.77,USD,2026-08-19T21:01:00.506733+00:00,posted
binance:6582456481,binance:BTCUSDT,D,1374.13,USD,2026-08-19T21:16:41.860175+00:00,posted
binance:6582456482,binance:BTCUSDT,D,618.36,USD,2026-08-19T21:12:17.918345+00:00,posted
binance:6582456483,binance:BTCUSDT,D,1236.72,USD,2026-08-19T22:23:26.748998+00:00,posted
coinbase:1073148396,coinbase:BTC-USD,D,0.02,USD,2026-08-19T20:38:28.246829+00:00,posted
coinbase:1073148399,coinbase:BTC-USD,C,9947.96,USD,2026-08-19T19:48:37.908037+00:00,posted
coinbase:1073148398,coinbase:BTC-USD,C,7.95,USD,2026-08-19T23:34:53.811972+00:00,posted
coinbase:1073148397,coinbase:BTC-USD,C,7673.27,USD,2026-08-19T21:17:43.840893+00:00,posted
binance:6582456484,binance:BTCUSDT,D,2748.26,USD,2026-08-22T06:55:21.793187+00:00,posted
binance:6582456485,binance:BTCUSDT,D,1374.13,USD,2026-08-19T23:05:11.548523+00:00,posted
binance:6582456498,binance:BTCUSDT,D,618.36,USD,2026-08-19T18:55:32.055997+00:00,posted
binance:6582456499,binance:BTCUSDT,C,4192.47,USD,2026-08-19T19:18:21.612706+00:00,posted
binance:6582456500,binance:BTCUSDT,D,755.77,USD,2026-08-19T23:21:04.403498+00:00,posted
coinbase:1073148400,coinbase:BTC-USD,D,0.02,USD,2026-08-19T22:42:20.248842+00:00,posted
coinbase:1073148403,coinbase:BTC-USD,C,0.04,USD,2026-08-19T20:41:51.852462+00:00,posted
coinbase:1073148402,coinbase:BTC-USD,C,1.17,USD,2026-08-19T21:49:44.203517+00:00,posted
coinbase:1073148401,coinbase:BTC-USD,C,1.17,USD,2026-08-20T00:06:01.484942+00:00,posted
binance:6582456509,binance:BTCUSDT,C,448.65,USD,2026-08-19T19:47:24.675072+00:00,posted
binance:6582456510,binance:BTCUSDT,D,1236.72,USD,2026-08-19T23:39:24.331637+00:00,posted
binance:6582456515,binance:BTCUSDT,D,687.07,USD,2026-08-19T19:33:54.852815+00:00,posted
binance:6582456516,binance:BTCUSDT,D,618.36,USD,2026-08-21T23:09:23.720131+00:00,posted
binance:6582456518,binance:BTCUSDT,D,125.05,USD,2026-08-19T21:42:14.322501+00:00,posted
binance:6582456519,binance:BTCUSDT,C,15.12,USD,2026-08-19T22:36:04.729002+00:00,posted
binance:6582456520,binance:BTCUSDT,C,171.77,USD,2026-08-19T19:42:11.320631+00:00,posted
binance:6582456521,binance:BTCUSDT,D,2748.26,USD,2026-08-19T22:31:41.534636+00:00,posted
binance:6582456522,binance:BTCUSDT,D,1374.13,USD,2026-08-19T23:30:36.704129+00:00,posted
binance:6582456523,binance:BTCUSDT,D,10000.24,USD,2026-08-19T23:54:16.524752+00:00,posted
binance:6582456524,binance:BTCUSDT,D,6.87,USD,2026-08-19T21:45:37.944022+00:00,posted
binance:6582456525,binance:BTCUSDT,D,693.94,USD,2026-08-19T21:07:05.188740+00:00,posted
binance:6582456556,binance:BTCUSDT,D,43.97,USD,2026-08-19T19:03:18.138206+00:00,posted
binance:6582456564,binance:BTCUSDT,D,5.50,USD,2026-08-19T20:59:26.959305+00:00,posted
binance:6582456565,binance:BTCUSDT,D,16.49,USD,2026-08-19T21:39:20.298586+00:00,posted
binance:6582456568,binance:BTCUSDT,D,10.99,USD,2026-08-19T21:24:25.284416+00:00,posted
binance:6582456570,binance:BTCUSDT,D,11.68,USD,2026-08-19T22:45:16.320427+00:00,posted
binance:6582456572,binance:BTCUSDT,D,5.50,USD,2026-08-19T19:11:52.112582+00:00,posted
binance:6582456573,binance:BTCUSDT,D,16.49,USD,2026-08-19T22:27:38.456375+00:00,posted
binance:6582456576,binance:BTCUSDT,D,16.49,USD,2026-08-19T22:49:12.194712+00:00,posted
binance:6582456579,binance:BTCUSDT,D,1291.04,USD,2026-08-19T19:09:12.610100+00:00,posted
binance:6582456580,binance:BTCUSDT,D,105.81,USD,2026-08-19T19:33:27.687748+00:00,posted
binance:6582456599,binance:BTCUSDT,D,38.48,USD,2026-08-19T19:40:02.691544+00:00,posted
binance:6582456606,binance:BTCUSDT,D,16.49,USD,2026-08-20T00:09:23.493823+00:00,posted
binance:6582456609,binance:BTCUSDT,D,79.02,USD,2026-08-19T20:56:16.202758+00:00,posted
binance:6582456623,binance:BTCUSDT,D,10.99,USD,2026-08-19T21:05:26.068717+00:00,posted
binance:6582456625,binance:BTCUSDT,D,12.37,USD,2026-08-19T20:09:11.436379+00:00,posted
binance:6582456626,binance:BTCUSDT,D,16.49,USD,2026-08-19T20:01:50.525332+00:00,posted
binance:6582456629,binance:BTCUSDT,D,1117.93,USD,2026-08-19T19:33:30.403664+00:00,posted
binance:6582456630,binance:BTCUSDT,D,618.40,USD,2026-08-19T22:46:44.070431+00:00,posted
binance:6582456631,binance:BTCUSDT,D,755.83,USD,2026-08-19T22:29:01.571931+00:00,posted
binance:6582456635,binance:BTCUSDT,D,618.40,USD,2026-08-19T19:34:09.376025+00:00,posted
binance:6582456636,binance:BTCUSDT,D,259.04,USD,2026-08-19T20:35:13.584028+00:00,posted
binance:6582456637,binance:BTCUSDT,D,414.33,USD,2026-08-19T21:38:57.970570+00:00,posted
binance:6582456638,binance:BTCUSDT,D,468.61,USD,2026-08-19T23:01:48.519001+00:00,posted
binance:6582456639,binance:BTCUSDT,D,5.50,USD,2026-08-19T20:03:46.878245+00:00,posted
binance:6582456640,binance:BTCUSDT,D,345.62,USD,2026-08-19T23:18:30.050296+00:00,posted
binance:6582456641,binance:BTCUSDT,D,601.91,USD,2026-08-19T22:08:28.398831+00:00,posted
binance:6582456642,binance:BTCUSDT,D,757.89,USD,2026-08-19T23:37:38.184227+00:00,posted
binance:6582456643,binance:BTCUSDT,D,298.21,USD,2026-08-19T22:44:45.828009+00:00,posted
binance:6582456644,binance:BTCUSDT,D,718.03,USD,2026-08-20T00:00:29.553610+00:00,posted
binance:6582456656,binance:BTCUSDT,D,490.60,USD,2026-08-19T19:24:23.876937+00:00,posted
binance:6582456657,binance:BTCUSDT,D,1214.13,USD,2026-08-19T22:00:12.269771+00:00,posted
binance:6582456658,binance:BTCUSDT,D,294.77,USD,2026-08-22T17:19:29.110815+00:00,posted
binance:6582456659,binance:BTCUSDT,D,501.59,USD,2026-08-19T22:57:27.194752+00:00,posted
binance:6582456660,binance:BTCUSDT,D,206.13,USD,2026-08-19T19:21:10.091278+00:00,posted
binance:6582456661,binance:BTCUSDT,D,7257.99,USD,2026-08-19T22:06:15.373153+00:00,posted
binance:6582456678,binance:BTCUSDT,D,21.99,USD,2026-08-19T20:46:48.192749+00:00,posted
binance:6582456682,binance:BTCUSDT,D,10.99,USD,2026-08-19T22:26:34.945092+00:00,posted
binance:6582456684,binance:BTCUSDT,D,11.68,USD,2026-08-20T00:05:01.954497+00:00,posted
binance:6582456686,binance:BTCUSDT,D,16.49,USD,2026-08-19T22:17:43.301167+00:00,posted
coinbase:1073148406,coinbase:BTC-USD,C,1.17,USD,2026-08-19T20:19:37.770579+00:00,posted
coinbase:1073148405,coinbase:BTC-USD,C,1991.79,USD,2026-08-19T20:18:11.879590+00:00,posted
coinbase:1073148408,coinbase:BTC-USD,C,1000.00,USD,2026-08-19T21:34:44.647397+00:00,posted
coinbase:1073148407,coinbase:BTC-USD,C,1000.00,USD,2026-08-19T23:23:08.406771+00:00,posted
coinbase:1073148409,coinbase:BTC-USD,D,0.00,USD,2026-08-19T19:14:35.026950+00:00,posted
binance:6582456689,binance:BTCUSDT,D,40.54,USD,2026-08-21T05:56:16.049077+00:00,posted
coinbase:1073148410,coinbase:BTC-USD,D,0.41,USD,2026-08-20T23:01:31.680952+00:00,posted
binance:6582456691,binance:BTCUSDT,C,673.38,USD,2026-08-19T19:21:28.451985+00:00,posted
coinbase:1073148411,coinbase:BTC-USD,C,0.00,USD,2026-08-19T22:40:58.826186+00:00,posted
coinbase:1073148412,coinbase:BTC-USD,C,0.00,USD,2026-08-19T23:23:30.929567+00:00,posted
binance:6582456692,binance:BTCUSDT,D,68.71,USD,2026-08-19T21:38:25.759355+00:00,posted
binance:6582456693,binance:BTCUSDT,D,137.42,USD,2026-08-19T20:53:25.454046+00:00,posted
binance:6582456694,binance:BTCUSDT,D,68.71,USD,2026-08-19T22:01:59.024084+00:00,posted
binance:6582456695,binance:BTCUSDT,D,68.71,USD,2026-08-20T00:02:00.847260+00:00,posted
binance:6582456696,binance:BTCUSDT,C,6545.49,USD,2026-08-19T19:25:56.208600+00:00,posted
coinbase:1073148414,coinbase:BTC-USD,C,1.17,USD,2026-08-19T20:46:12.112735+00:00,posted
coinbase:1073148413,coinbase:BTC-USD,C,1.17,USD,2026-08-19T23:45:25.270560+00:00,posted
binance:6582456697,binance:BTCUSDT,D,206.14,USD,2026-08-19T20:57:06.391978+00:00,posted
binance:6582456698,binance:BTCUSDT,D,1236.81,USD,2026-08-19T20:41:47.056175+00:00,posted
binance:6582456699,binance:BTCUSDT,D,618.41,USD,2026-08-19T23:28:24.643060+00:00,posted
binance:6582456700,binance:BTCUSDT,D,755.83,USD,2026-08-19T21:39:41.184739+00:00,posted
coinbase:1073148415,coinbase:BTC-USD,D,23.70,USD,2026-08-19T23:15:31.012221+00:00,posted
coinbase:1073148416,coinbase:BTC-USD,D,0.01,USD,2026-08-19T23:03:47.530421+00:00,posted
binance:6582456701,binance:BTCUSDT,D,6.87,USD,2026-08-19T18:55:38.134310+00:00,posted
binance:6582456702,binance:BTCUSDT,D,618.41,USD,2026-08-19T18:55:08.513580+00:00,posted
binance:6582456703,binance:BTCUSDT,D,206.14,USD,2026-08-19T19:19:46.779168+00:00,posted
binance:6582456704,binance:BTCUSDT,D,121.62,USD,2026-08-19T23:11:48.038873+00:00,posted
binance:6582456705,binance:BTCUSDT,D,343.56,USD,2026-08-19T23:27:29.229652+00:00,posted
binance:6582456706,binance:BTCUSDT,D,359.36,USD,2026-08-19T23:17:14.208964+00:00,posted
binance:6582456707,binance:BTCUSDT,D,360.05,USD,2026-08-20T00:08:27.389346+00:00,posted
binance:6582456708,binance:BTCUSDT,C,171.78,USD,2026-08-19T21:14:21.463389+00:00,posted
binance:6582456709,binance:BTCUSDT,D,2000.89,USD,2026-08-19T23:00:49.036552+00:00,posted
coinbase:1073148417,coinbase:BTC-USD,D,0.00,USD,2026-08-19T21:51:28.423471+00:00,posted
binance:6582456710,binance:BTCUSDT,D,499.54,USD,2026-08-19T22:21:06.744843+00:00,posted
coinbase:1073148420,coinbase:BTC-USD,D,360.82,USD,2026-08-19T22:55:46.438483+00:00,posted
coinbase:1073148418,coinbase:BTC-USD,D,420.00,USD,2026-08-19T19:16:30.334436+00:00,posted
binance:6582456711,binance:BTCUSDT,D,8.93,USD,2026-08-19T21:44:47.829414+00:00,posted
coinbase:1073148421,coinbase:BTC-USD,C,0.00,USD,2026-08-20T00:05:56.033615+00:00,posted
coinbase:1073148422,coinbase:BTC-USD,D,0.01,USD,2026-08-19T20:28:06.739586+00:00,posted
coinbase:1073148423,coinbase:BTC-USD,C,0.00,USD,2026-08-19T19:17:01.928949+00:00,posted
coinbase:1073148424,coinbase:BTC-USD,C,4.70,USD,2026-08-19T22:12:23.026227+00:00,posted
coinbase:1073148426,coinbase:BTC-USD,D,173.48,USD,2026-08-19T22:56:51.382696+00:00,posted
coinbase:1073148425,coinbase:BTC-USD,D,420.00,USD,2026-08-19T23:29:39.730788+00:00,posted
binance:6582456712,binance:BTCUSDT,D,151.17,USD,2026-08-19T20:38:24.153705+00:00,posted
coinbase:1073148427,coinbase:BTC-USD,C,0.00,USD,2026-08-19T20:46:28.523866+00:00,posted
coinbase:1073148429,coinbase:BTC-USD,D,590.23,USD,2026-08-19T19:42:48.758276+00:00,posted
coinbase:1073148430,coinbase:BTC-USD,D,0.01,USD,2026-08-19T20:29:40.115414+00:00,posted
coinbase:1073148431,coinbase:BTC-USD,C,0.00,USD,2026-08-19T22:19:09.449280+00:00,posted
binance:6582456713,binance:BTCUSDT,D,755.83,USD,2026-08-19T21:51:58.394972+00:00,posted
binance:6582456714,binance:BTCUSDT,D,618.41,USD,2026-08-19T22:11:17.680393+00:00,posted
binance:6582456715,binance:BTCUSDT,D,618.41,USD,2026-08-19T23:28:25.689439+00:00,posted
binance:6582456716,binance:BTCUSDT,C,13646.17,USD,2026-08-19T20:39:27.217212+00:00,posted
coinbase:1073148432,coinbase:BTC-USD,C,0.00,USD,2026-08-19T19:31:06.018566+00:00,posted
binance:6582456717,binance:BTCUSDT,D,206.14,USD,2026-08-19T23:26:03.170912+00:00,posted
coinbase:1073148433,coinbase:BTC-USD,C,0.00,USD,2026-08-19T23:36:26.182815+00:00,posted
coinbase:1073148434,coinbase:BTC-USD,D,0.00,USD,2026-08-19T22:09:37.920080+00:00,posted
coinbase:1073148435,coinbase:BTC-USD,D,0.01,USD,2026-08-19T20:34:04.253223+00:00,posted
binance:6582456718,binance:BTCUSDT,D,6.87,USD,2026-08-19T23:19:49.751869+00:00,posted
coinbase:1073148436,coinbase:BTC-USD,C,0.00,USD,2026-08-19T19:38:21.577365+00:00,posted
binance:6582456719,binance:BTCUSDT,C,65.96,USD,2026-08-19T18:55:54.404947+00:00,posted
coinbase:1073148437,coinbase:BTC-USD,C,99.05,USD,2026-08-19T22:36:35.107299+00:00,posted
binance:6582456720,binance:BTCUSDT,C,60.47,USD,2026-08-19T23:36:00.244858+00:00,posted
coinbase:1073148438,coinbase:BTC-USD,C,0.00,USD,2026-08-19T23:15:00.793190+00:00,posted
coinbase:1073148440,coinbase:BTC-USD,D,5224.86,USD,2026-08-19T20:25:09.127543+00:00,posted
coinbase:1073148439,coinbase:BTC-USD,D,420.00,USD,2026-08-19T23:30:11.744074+00:00,posted
coinbase:1073148441,coinbase:BTC-USD,D,4642.11,USD,2026-08-19T21:12:03.831953+00:00,posted
coinbase:1073148442,coinbase:BTC-USD,D,42.03,USD,2026-08-20T00:16:40.402990+00:00,posted
coinbase:1073148443,coinbase:BTC-USD,D,21.81,USD,2026-08-19T19:48:36.575253+00:00,posted
coinbase:1073148444,coinbase:BTC-USD,D,178.50,USD,2026-08-19T20:59:05.040395+00:00,posted
coinbase:1073148445,coinbase:BTC-USD,D,97.64,USD,2026-08-19T23:44:59.012603+00:00,posted
coinbase:1073148446,coinbase:BTC-USD,D,420.00,USD,2026-08-19T20:13:30.178354+00:00,posted
coinbase:1073148447,coinbase:BTC-USD,D,419.99,USD,2026-08-19T20:47:19.239711+00:00,posted
coinbase:1073148448,coinbase:BTC-USD,D,2122.50,USD,2026-08-19T21:09:32.705538+00:00,posted
coinbase:1073148449,coinbase:BTC-USD,D,70.68,USD,2026-08-19T23:52:37.691535+00:00,posted
binance:6582456721,binance:BTCUSDT,D,618.41,USD,2026-08-19T21:45:31.992397+00:00,posted
binance:6582456722,binance:BTCUSDT,D,618.41,USD,2026-08-19T23:30:59.590058+00:00,posted
binance:6582456723,binance:BTCUSDT,D,755.83,USD,2026-08-19T20:08:41.213058+00:00,posted
binance:6582456724,binance:BTCUSDT,D,206.14,USD,2026-08-19T19:29:42.247561+00:00,posted
coinbase:1073148451,coinbase:BTC-USD,D,4245.84,USD,2026-08-19T23:06:00.375070+00:00,posted
coinbase:1073148450,coinbase:BTC-USD,D,420.00,USD,2026-08-19T21:24:12.453261+00:00,posted
coinbase:1073148452,coinbase:BTC-USD,D,420.00,USD,2026-08-19T23:13:36.471559+00:00,posted
coinbase:1073148453,coinbase:BTC-USD,D,0.01,USD,2026-08-19T22:44:51.162402+00:00,posted
coinbase:1073148454,coinbase:BTC-USD,C,9.90,USD,2026-08-19T22:20:03.401680+00:00,posted
coinbase:1073148455,coinbase:BTC-USD,C,156.59,USD,2026-08-20T00:12:17.686214+00:00,posted
binance:6582456725,binance:BTCUSDT,C,5674.91,USD,2026-08-19T21:56:43.531235+00:00,posted
binance:6582456728,binance:BTCUSDT,C,109.25,USD,2026-08-19T22:02:16.326994+00:00,posted
binance:6582456729,binance:BTCUSDT,C,67.34,USD,2026-08-19T21:52:00.481844+00:00,posted
coinbase:1073148456,coinbase:BTC-USD,D,28.50,USD,2026-08-19T19:06:12.729391+00:00,posted
binance:6582456730,binance:BTCUSDT,C,68.02,USD,2026-08-19T23:33:31.363536+00:00,posted
coinbase:1073148457,coinbase:BTC-USD,C,19.44,USD,2026-08-19T22:32:17.084296+00:00,posted
coinbase:1073148458,coinbase:BTC-USD,D,0.00,USD,2026-08-19T23:59:50.905605+00:00,posted
binance:6582456731,binance:BTCUSDT,C,60.47,USD,2026-08-19T22:42:42.896330+00:00,posted
binance:6582456732,binance:BTCUSDT,C,109.25,USD,2026-08-19T22:39:36.912828+00:00,posted
coinbase:1073148459,coinbase:BTC-USD,D,124.62,USD,2026-08-20T00:12:40.331173+00:00,posted
binance:6582456733,binance:BTCUSDT,C,67.34,USD,2026-08-19T21:16:25.286122+00:00,posted
binance:6582456734,binance:BTCUSDT,C,68.02,USD,2026-08-19T22:29:51.970904+00:00,posted
binance:6582456735,binance:BTCUSDT,C,60.47,USD,2026-08-19T21:55:16.746825+00:00,posted
binance:6582456736,binance:BTCUSDT,C,105.13,USD,2026-08-19T23:59:29.695176+00:00,posted
coinbase:1073148460,coinbase:BTC-USD,C,19.81,USD,2026-08-19T21:45:18.067897+00:00,posted
binance:6582456737,binance:BTCUSDT,C,32.29,USD,2026-08-19T20:31:00.176136+00:00,posted
coinbase:1073148462,coinbase:BTC-USD,C,0.00,USD,2026-08-19T22:42:13.874805+00:00,posted
coinbase:1073148463,coinbase:BTC-USD,C,23.72,USD,2026-08-19T19:26:43.763371+00:00,posted
coinbase:1073148464,coinbase:BTC-USD,C,0.00,USD,2026-08-19T22:09:48.469560+00:00,posted
binance:6582456738,binance:BTCUSDT,C,3339.39,USD,2026-08-19T22:48:15.791784+00:00,posted
binance:6582456739,binance:BTCUSDT,C,151.85,USD,2026-08-19T20:09:20.599744+00:00,posted
kraken:105348581,kraken:XBTUSD,D,4.65,USD,2026-08-19T22:57:39.071870+00:00,posted
coinbase:1073148465,coinbase:BTC-USD,D,0.00,USD,2026-08-21T04:32:52.896956+00:00,posted
coinbase:1073148466,coinbase:BTC-USD,C,0.00,USD,2026-08-19T21:30:34.975691+00:00,posted
binance:6582456740,binance:BTCUSDT,C,6.87,USD,2026-08-19T19:16:38.818375+00:00,posted
binance:6582456741,binance:BTCUSDT,C,1620.91,USD,2026-08-19T21:56:39.866213+00:00,posted
coinbase:1073148467,coinbase:BTC-USD,C,0.00,USD,2026-08-19T20:55:06.164728+00:00,posted
coinbase:1073148468,coinbase:BTC-USD,C,494.07,USD,2026-08-19T22:37:03.726951+00:00,posted
binance:6582456742,binance:BTCUSDT,C,10993.89,USD,2026-08-19T20:40:31.960675+00:00,posted
binance:6582456743,binance:BTCUSDT,C,10000.32,USD,2026-08-22T04:14:09.836995+00:00,posted
binance:6582456745,binance:BTCUSDT,C,6.87,USD,2026-08-19T21:32:08.521108+00:00,posted
coinbase:1073148469,coinbase:BTC-USD,C,0.00,USD,2026-08-19T20:59:43.103364+00:00,posted
coinbase:1073148471,coinbase:BTC-USD,D,7901.05,USD,2026-08-20T00:12:30.447463+00:00,posted
coinbase:1073148470,coinbase:BTC-USD,D,1744.63,USD,2026-08-19T20:39:21.313585+00:00,posted
coinbase:1073148473,coinbase:BTC-USD,D,859.80,USD,2026-08-19T21:40:07.427157+00:00,posted
coinbase:1073148472,coinbase:BTC-USD,D,1000.00,USD,2026-08-19T22:32:32.514803+00:00,posted
coinbase:1073148474,coinbase:BTC-USD,D,2668.70,USD,2026-08-22T17:34:25.101435+00:00,posted
coinbase:1073148476,coinbase:BTC-USD,D,2165.97,USD,2026-08-19T20:28:18.884331+00:00,posted
binance:6582456746,binance:BTCUSDT,C,687.12,USD,2026-08-19T21:54:42.843393+00:00,posted
binance:6582456756,binance:BTCUSDT,C,122.99,USD,2026-08-19T19:10:08.793777+00:00,posted
binance:6582456757,binance:BTCUSDT,C,100.32,USD,2026-08-19T22:17:17.235830+00:00,posted
coinbase:1073148478,coinbase:BTC-USD,D,3331.60,USD,2026-08-19T21:43:52.239448+00:00,posted
coinbase:1073148477,coinbase:BTC-USD,D,1.17,USD,2026-08-19T19:19:14.924846+00:00,posted
coinbase:1073148479,coinbase:BTC-USD,C,0.00,USD,2026-08-19T19:38:17.493859+00:00,posted
binance:6582456758,binance:BTCUSDT,C,14.43,USD,2026-08-19T19:45:38.210111+00:00,posted
coinbase:1073148480,coinbase:BTC-USD,C,90.80,USD,2026-08-19T23:26:25.345330+00:00,posted
coinbase:1073148481,coinbase:BTC-USD,D,0.01,USD,2026-08-19T21:34:40.223730+00:00,posted
binance:6582456759,binance:BTCUSDT,D,1077.40,USD,2026-08-19T21:14:08.266650+00:00,posted
coinbase:1073148482,coinbase:BTC-USD,C,0.00,USD,2026-08-19T23:55:53.993139+00:00,posted
binance:6582456760,binance:BTCUSDT,D,83.14,USD,2026-08-19T23:09:09.489007+00:00,posted
binance:6582456761,binance:BTCUSDT,C,1005.25,USD,2026-08-19T23:55:33.393716+00:00,posted
coinbase:1073148483,coinbase:BTC-USD,D,0.00,USD,2026-08-19T19:22:49.236369+00:00,posted
binance:6582456762,binance:BTCUSDT,C,24.74,USD,2026-08-19T22:01:59.440279+00:00,posted
binance:6582456763,binance:BTCUSDT,C,46.04,USD,2026-08-19T19:20:09.851077+00:00,posted
coinbase:1073148484,coinbase:BTC-USD,C,0.00,USD,2026-08-19T19:38:29.409518+00:00,posted
coinbase:1073148485,coinbase:BTC-USD,C,0.00,USD,2026-08-19T20:38:36.093754+00:00,posted
binance:6582456764,binance:BTCUSDT,C,893.25,USD,2026-08-19T22:24:33.813440+00:00,posted
binance:6582456765,binance:BTCUSDT,C,10.99,USD,2026-08-19T23:06:00.193463+00:00,posted
binance:6582456766,binance:BTCUSDT,C,68.02,USD,2026-08-19T22:27:56.170586+00:00,posted
coinbase:1073148486,coinbase:BTC-USD,C,0.00,USD,2026-08-19T20:06:16.962591+00:00,posted
binance:6582456767,binance:BTCUSDT,D,503.66,USD,2026-08-19T19:49:24.963674+00:00,posted
binance:6582456768,binance:BTCUSDT,C,408.84,USD,2026-08-19T20:45:30.653846+00:00,posted
binance:6582456769,binance:BTCUSDT,C,50.16,USD,2026-08-19T23:51:14.172034+00:00,posted
coinbase:1073148487,coinbase:BTC-USD,C,0.00,USD,2026-08-19T23:47:27.451769+00:00,posted
binance:6582456770,binance:BTCUSDT,C,1671.07,USD,2026-08-19T23:24:09.576627+00:00,posted
coinbase:1073148488,coinbase:BTC-USD,C,0.00,USD,2026-08-22T02:08:11.172599+00:00,posted
binance:6582456778,binance:BTCUSDT,D,239.12,USD,2026-08-19T21:41:17.489267+00:00,posted
binance:6582456779,binance:BTCUSDT,D,68.71,USD,2026-08-19T21:42:48.352506+00:00,posted
binance:6582456780,binance:BTCUSDT,C,470.68,USD,2026-08-22T14:05:09.608990+00:00,posted
coinbase:1073148489,coinbase:BTC-USD,C,0.00,USD,2026-08-19T20:32:58.690703+00:00,posted
coinbase:1073148491,coinbase:BTC-USD,D,566.56,USD,2026-08-19T19:52:37.684973+00:00,posted
coinbase:1073148490,coinbase:BTC-USD,D,679.97,USD,2026-08-19T21:07:57.583118+00:00,posted
coinbase:1073148492,coinbase:BTC-USD,C,948.67,USD,2026-08-19T19:14:27.795192+00:00,posted
binance:6582456781,binance:BTCUSDT,D,1999.51,USD,2026-08-19T22:08:27.901074+00:00,posted
coinbase:1073148493,coinbase:BTC-USD,C,0.00,USD,2026-08-20T00:14:43.914050+00:00,posted
coinbase:1073148494,coinbase:BTC-USD,D,0.01,USD,2026-08-19T23:01:39.339760+00:00,posted
binance:6582456782,binance:BTCUSDT,C,6.87,USD,2026-08-19T21:41:22.148571+00:00,posted
coinbase:1073148495,coinbase:BTC-USD,D,0.01,USD,2026-08-19T23:41:40.117760+00:00,posted
binance:6582456783,binance:BTCUSDT,C,3553.78,USD,2026-08-19T21:55:47.983227+00:00,posted
coinbase:1073148496,coinbase:BTC-USD,C,0.00,USD,2026-08-19T20:30:47.129143+00:00,posted
binance:6582456788,binance:BTCUSDT,D,2000.89,USD,2026-08-19T20:54:17.844539+00:00,posted
kraken:105348582,kraken:XBTUSD,D,630.98,USD,2026-08-19T21:44:44.593737+00:00,posted
binance:6582456789,binance:BTCUSDT,D,189.64,USD,2026-08-19T22:33:03.482376+00:00,posted
coinbase:1073148497,coinbase:BTC-USD,D,0.00,USD,2026-08-19T21:35:02.860498+00:00,posted
binance:6582456790,binance:BTCUSDT,C,7.56,USD,2026-08-19T21:35:10.407557+00:00,posted
coinbase:1073148498,coinbase:BTC-USD,C,316.84,USD,2026-08-19T19:02:02.786187+00:00,posted
binance:6582456791,binance:BTCUSDT,D,68.71,USD,2026-08-19T21:18:10.546377+00:00,posted
binance:6582456792,binance:BTCUSDT,C,5318.98,USD,2026-08-19T20:00:24.402458+00:00,posted
binance:6582456799,binance:BTCUSDT,C,25.42,USD,2026-08-19T22:42:55.520560+00:00,posted
binance:6582456800,binance:BTCUSDT,D,192.39,USD,2026-08-19T21:55:46.355547+00:00,posted
binance:6582456801,binance:BTCUSDT,D,99.63,USD,2026-08-19T19:02:13.367871+00:00,posted
binance:6582456802,binance:BTCUSDT,C,447.31,USD,2026-08-19T23:44:24.102840+00:00,posted
binance:6582456803,binance:BTCUSDT,C,289.28,USD,2026-08-19T20:23:08.705205+00:00,posted
binance:6582456804,binance:BTCUSDT,D,49.47,USD,2026-08-19T22:24:57.938996+00:00,posted
binance:6582456805,binance:BTCUSDT,C,33.67,USD,2026-08-19T20:36:26.856786+00:00,posted
coinbase:1073148499,coinbase:BTC-USD,C,98.99,USD,2026-08-19T20:55:58.381241+00:00,posted
coinbase:1073148500,coinbase:BTC-USD,C,97.18,USD,2026-08-19T23:50:06.268076+00:00,posted
coinbase:1073148501,coinbase:BTC-USD,C,0.00,USD,2026-08-19T19:38:45.595507+00:00,posted
coinbase:1073148505,coinbase:BTC-USD,C,552.91,USD,2026-08-19T22:12:29.129658+00:00,posted
coinbase:1073148504,coinbase:BTC-USD,C,7.95,USD,2026-08-19T23:51:37.327480+00:00,posted
coinbase:1073148503,coinbase:BTC-USD,C,499.97,USD,2026-08-19T22:41:39.621527+00:00,posted
coinbase:1073148502,coinbase:BTC-USD,C,1854.54,USD,2026-08-21T02:44:20.460916+00:00,posted
coinbase:1073148506,coinbase:BTC-USD,D,0.01,USD,2026-08-19T22:22:54.360391+00:00,posted
binance:6582456806,binance:BTCUSDT,C,499.53,USD,2026-08-19T21:02:20.553475+00:00,posted
coinbase:1073148508,coinbase:BTC-USD,C,0.98,USD,2026-08-19T20:51:45.791462+00:00,posted
binance:6582456807,binance:BTCUSDT,D,79.71,USD,2026-08-19T19:49:50.637013+00:00,posted
coinbase:1073148510,coinbase:BTC-USD,C,0.00,USD,2026-08-19T19:01:06.463471+00:00,posted
coinbase:1073148512,coinbase:BTC-USD,D,1311.90,USD,2026-08-19T19:29:50.841496+00:00,posted
coinbase:1073148511,coinbase:BTC-USD,D,4.75,USD,2026-08-19T19:10:35.236428+00:00,posted
kraken:105348583,kraken:XBTUSD,C,1281.04,USD,2026-08-19T19:39:45.604507+00:00,posted
binance:6582456809,binance:BTCUSDT,C,13.74,USD,2026-08-19T19:09:15.656236+00:00,posted
binance:6582456810,binance:BTCUSDT,D,24.74,USD,2026-08-21T11:45:28.785985+00:00,posted
coinbase:1073148513,coinbase:BTC-USD,C,0.00,USD,2026-08-20T00:02:34.324820+00:00,posted
coinbase:1073148514,coinbase:BTC-USD,D,1009.84,USD,2026-08-19T22:36:40.541090+00:00,posted
coinbase:1073148515,coinbase:BTC-USD,C,0.00,USD,2026-08-19T20:21:50.714766+00:00,posted
coinbase:1073148516,coinbase:BTC-USD,D,0.00,USD,2026-08-19T20:13:36.958511+00:00,posted
binance:6582456811,binance:BTCUSDT,D,316.07,USD,2026-08-19T20:57:38.495628+00:00,posted
coinbase:1073148517,coinbase:BTC-USD,C,0.00,USD,2026-08-19T19:54:01.529157+00:00,posted
coinbase:1073148518,coinbase:BTC-USD,D,0.01,USD,2026-08-21T03:55:35.693800+00:00,posted
coinbase:1073148519,coinbase:BTC-USD,C,0.00,USD,2026-08-19T18:59:06.403967+00:00,posted
coinbase:1073148520,coinbase:BTC-USD,D,15.09,USD,2026-08-19T19:24:05.508513+00:00,posted
coinbase:1073148522,coinbase:BTC-USD,D,51.48,USD,2026-08-19T22:58:58.039521+00:00,posted
coinbase:1073148521,coinbase:BTC-USD,D,104.13,USD,2026-08-19T20:07:06.406123+00:00,posted
binance:6582456812,binance:BTCUSDT,C,2729.23,USD,2026-08-19T21:11:54.336517+00:00,posted
coinbase:1073148523,coinbase:BTC-USD,C,0.00,USD,2026-08-21T22:30:14.322438+00:00,posted
binance:6582456813,binance:BTCUSDT,D,687.12,USD,2026-08-19T23:00:57.175415+00:00,posted
binance:6582456814,binance:BTCUSDT,D,803.93,USD,2026-08-19T19:01:46.307368+00:00,posted
binance:6582456816,binance:BTCUSDT,D,6.87,USD,2026-08-19T23:30:57.758600+00:00,posted
binance:6582456818,binance:BTCUSDT,D,15122.79,USD,2026-08-19T23:44:50.869732+00:00,posted
binance:6582456819,binance:BTCUSDT,D,33396.01,USD,2026-08-19T21:34:10.699015+00:00,posted
binance:6582456820,binance:BTCUSDT,D,22015.96,USD,2026-08-21T13:03:41.121629+00:00,posted
binance:6582456821,binance:BTCUSDT,D,105373.71,USD,2026-08-19T22:45:19.311444+00:00,posted
coinbase:1073148526,coinbase:BTC-USD,C,1991.88,USD,2026-08-19T22:05:52.838514+00:00,posted
coinbase:1073148525,coinbase:BTC-USD,C,3195.05,USD,2026-08-19T19:40:29.709778+00:00,posted
coinbase:1073148524,coinbase:BTC-USD,C,200.54,USD,2026-08-19T20:32:07.529883+00:00,posted
coinbase:1073148528,coinbase:BTC-USD,C,4852.88,USD,2026-08-19T19:08:49.596589+00:00,posted
coinbase:1073148527,coinbase:BTC-USD,C,6.97,USD,2026-08-19T18:53:05.739780+00:00,posted
coinbase:1073148531,coinbase:BTC-USD,C,1000.00,USD,2026-08-19T22:46:16.767397+00:00,posted
coinbase:1073148530,coinbase:BTC-USD,C,1000.00,USD,2026-08-19T19:00:00.910440+00:00,posted
coinbase:1073148529,coinbase:BTC-USD,C,5096.74,USD,2026-08-19T22:33:09.464839+00:00,posted
coinbase:1073148535,coinbase:BTC-USD,C,74.39,USD,2026-08-19T23:30:08.669005+00:00,posted
coinbase:1073148534,coinbase:BTC-USD,C,1.17,USD,2026-08-19T18:58:56.874729+00:00,posted
coinbase:1073148536,coinbase:BTC-USD,C,0.00,USD,2026-08-19T18:53:51.951232+00:00,posted
binance:6582456822,binance:BTCUSDT,C,51.53,USD,2026-08-19T21:24:33.325153+00:00,posted
coinbase:1073148537,coinbase:BTC-USD,C,26.64,USD,2026-08-19T20:54:43.932492+00:00,posted
binance:6582456823,binance:BTCUSDT,C,85.20,USD,2026-08-19T20:54:58.045321+00:00,posted
coinbase:1073148538,coinbase:BTC-USD,C,0.00,USD,2026-08-19T20:05:46.067590+00:00,posted
coinbase:1073148540,coinbase:BTC-USD,D,580.26,USD,2026-08-19T20:09:51.058328+00:00,posted
coinbase:1073148539,coinbase:BTC-USD,D,420.00,USD,2026-08-19T22:17:26.832417+00:00,posted
binance:6582456824,binance:BTCUSDT,C,167.66,USD,2026-08-19T23:43:52.135699+00:00,posted
kraken:105348584,kraken:XBTUSD,D,50.00,USD,2026-08-21T03:35:43.906984+00:00,posted
kraken:105348585,kraken:XBTUSD,D,6.87,USD,2026-08-19T20:22:00.218799+00:00,posted
kraken:105348586,kraken:XBTUSD,D,68.66,USD,2026-08-20T00:05:08.507122+00:00,posted
kraken:105348587,kraken:XBTUSD,D,3.50,USD,2026-08-19T20:12:13.098181+00:00,posted
kraken:105348588,kraken:XBTUSD,D,3.50,USD,2026-08-19T22:51:32.431679+00:00,posted
kraken:105348589,kraken:XBTUSD,D,51282.22,USD,2026-08-19T20:26:17.503001+00:00,posted
kraken:105348590,kraken:XBTUSD,D,13562.31,USD,2026-08-20T00:13:12.612255+00:00,posted
kraken:105348591,kraken:XBTUSD,D,41176.09,USD,2026-08-19T22:14:05.021042+00:00,posted
kraken:105348592,kraken:XBTUSD,D,15711.06,USD,2026-08-19T21:01:15.011606+00:00,posted
kraken:105348593,kraken:XBTUSD,D,8387.93,USD,2026-08-19T21:19:19.837455+00:00,posted
binance:6582456825,binance:BTCUSDT,C,5.50,USD,2026-08-20T00:01:37.342988+00:00,posted
binance:6582456826,binance:BTCUSDT,C,6572.29,USD,2026-08-19T20:38:48.858378+00:00,posted
coinbase:1073148541,coinbase:BTC-USD,C,0.00,USD,2026-08-19T19:31:16.094383+00:00,posted
coinbase:1073148542,coinbase:BTC-USD,C,55.56,USD,2026-08-19T20:08:31.463620+00:00,posted
coinbase:1073148543,coinbase:BTC-USD,C,0.00,USD,2026-08-19T21:54:54.682398+00:00,posted
kraken:105348594,kraken:XBTUSD,C,4.17,USD,2026-08-19T22:48:01.026329+00:00,posted
kraken:105348595,kraken:XBTUSD,C,27015.17,USD,2026-08-19T20:47:16.366820+00:00,posted
binance:6582456829,binance:BTCUSDT,C,12.37,USD,2026-08-19T20:56:58.810304+00:00,posted
coinbase:1073148544,coinbase:BTC-USD,D,8.60,USD,2026-08-19T21:46:28.798327+00:00,posted
coinbase:1073148545,coinbase:BTC-USD,C,0.00,USD,2026-08-19T23:45:53.393782+00:00,posted
binance:6582456830,binance:BTCUSDT,C,14265.26,USD,2026-08-19T23:34:29.160191+00:00,posted
binance:6582456835,binance:BTCUSDT,C,5.50,USD,2026-08-19T19:53:09.304996+00:00,posted
coinbase:1073148546,coinbase:BTC-USD,D,0.01,USD,2026-08-19T23:41:01.516675+00:00,posted
coinbase:1073148547,coinbase:BTC-USD,C,0.00,USD,2026-08-19T23:56:36.030463+00:00,posted
coinbase:1073148548,coinbase:BTC-USD,D,0.01,USD,2026-08-19T23:58:36.435801+00:00,posted
coinbase:1073148549,coinbase:BTC-USD,D,0.00,USD,2026-08-19T20:17:32.858250+00:00,posted
coinbase:1073148551,coinbase:BTC-USD,D,1311.99,USD,2026-08-19T21:53:15.731555+00:00,posted
coinbase:1073148550,coinbase:BTC-USD,D,411.37,USD,2026-08-19T20:59:58.278636+00:00,posted
coinbase:1073148553,coinbase:BTC-USD,D,1000.00,USD,2026-08-19T19:52:37.758957+00:00,posted
coinbase:1073148552,coinbase:BTC-USD,D,1000.00,USD,2026-08-19T21:21:59.005235+00:00,posted
coinbase:1073148554,coinbase:BTC-USD,D,419.99,USD,2026-08-19T19:30:26.117400+00:00,posted
coinbase:1073148556,coinbase:BTC-USD,D,4928.03,USD,2026-08-19T20:31:42.179488+00:00,posted
coinbase:1073148555,coinbase:BTC-USD,D,200.54,USD,2026-08-19T22:09:25.163312+00:00,posted
coinbase:1073148558,coinbase:BTC-USD,C,19.80,USD,2026-08-19T23:07:03.013741+00:00,posted
binance:6582456836,binance:BTCUSDT,D,54.28,USD,2026-08-22T11:40:37.878702+00:00,posted
coinbase:1073148559,coinbase:BTC-USD,C,15.85,USD,2026-08-19T23:54:46.199053+00:00,posted
coinbase:1073148560,coinbase:BTC-USD,C,56.63,USD,2026-08-19T22:52:44.324395+00:00,posted
coinbase:1073148561,coinbase:BTC-USD,D,1.17,USD,2026-08-19T21:59:53.640792+00:00,posted
binance:6582456837,binance:BTCUSDT,C,8.93,USD,2026-08-19T21:24:08.193179+00:00,posted
coinbase:1073148563,coinbase:BTC-USD,C,388.71,USD,2026-08-19T20:22:58.491565+00:00,posted
coinbase:1073148564,coinbase:BTC-USD,D,412.09,USD,2026-08-22T13:31:42.818547+00:00,posted
binance:6582456838,binance:BTCUSDT,C,96.88,USD,2026-08-19T21:04:22.539219+00:00,posted
coinbase:1073148565,coinbase:BTC-USD,D,0.01,USD,2026-08-19T21:49:38.153327+00:00,posted
binance:6582456840,binance:BTCUSDT,D,7999.43,USD,2026-08-20T00:11:51.618796+00:00,posted
binance:6582456841,binance:BTCUSDT,D,8.25,USD,2026-08-19T23:45:34.525915+00:00,posted
coinbase:1073148566,coinbase:BTC-USD,C,0.00,USD,2026-08-19T22:26:27.179957+00:00,posted
coinbase:1073148567,coinbase:BTC-USD,D,0.01,USD,2026-08-19T21:14:11.670940+00:00,posted
coinbase:1073148568,coinbase:BTC-USD,C,971.94,USD,2026-08-19T19:32:07.447995+00:00,posted
binance:6582456842,binance:BTCUSDT,C,140.86,USD,2026-08-19T20:52:34.184133+00:00,posted
binance:6582456843,binance:BTCUSDT,D,19.93,USD,2026-08-19T18:53:57.895566+00:00,posted
binance:6582456844,binance:BTCUSDT,C,6572.29,USD,2026-08-19T23:17:18.248745+00:00,posted
coinbase:1073148569,coinbase:BTC-USD,C,0.00,USD,2026-08-19T22:00:23.652215+00:00,posted
binance:6582456845,binance:BTCUSDT,C,13.06,USD,2026-08-19T23:42:23.880256+00:00,posted
coinbase:1073148570,coinbase:BTC-USD,C,0.00,USD,2026-08-19T23:59:45.763497+00:00,posted
coinbase:1073148571,coinbase:BTC-USD,D,101.00,USD,2026-08-19T23:39:38.003854+00:00,posted
binance:6582456846,binance:BTCUSDT,D,2061.35,USD,2026-08-19T23:39:55.578967+00:00,posted
kraken:105348597,kraken:XBTUSD,D,99920.95,USD,2026-08-19T22:30:55.087605+00:00,posted
coinbase:1073148572,coinbase:BTC-USD,C,0.00,USD,2026-08-19T19:24:00.396077+00:00,posted
binance:6582456847,binance:BTCUSDT,D,687.12,USD,2026-08-20T00:04:19.391114+00:00,posted
binance:6582456848,binance:BTCUSDT,C,48.10,USD,2026-08-19T22:16:40.800711+00:00,posted
coinbase:1073148573,coinbase:BTC-USD,D,0.02,USD,2026-08-19T23:09:00.348882+00:00,posted
binance:6582456849,binance:BTCUSDT,D,1236.81,USD,2026-08-19T20:44:26.624630+00:00,posted
binance:6582456850,binance:BTCUSDT,D,618.41,USD,2026-08-19T21:30:39.378948+00:00,posted
binance:6582456851,binance:BTCUSDT,D,618.41,USD,2026-08-19T22:02:11.721174+00:00,posted
binance:6582456852,binance:BTCUSDT,D,6.87,USD,2026-08-19T20:47:54.620372+00:00,posted
binance:6582456853,binance:BTCUSDT,D,206.14,USD,2026-08-19T21:36:49.122375+00:00,posted
coinbase:1073148574,coinbase:BTC-USD,C,0.00,USD,2026-08-19T23:45:48.112428+00:00,posted
coinbase:1073148575,coinbase:BTC-USD,D,0.00,USD,2026-08-19T19:04:33.193311+00:00,posted
binance:6582456854,binance:BTCUSDT,C,21.30,USD,2026-08-19T20:28:34.868163+00:00,posted
coinbase:1073148576,coinbase:BTC-USD,D,0.00,USD,2026-08-19T21:10:15.990754+00:00,posted
coinbase:1073148577,coinbase:BTC-USD,C,0.00,USD,2026-08-19T22:24:59.920052+00:00,posted
coinbase:1073148578,coinbase:BTC-USD,C,252.42,USD,2026-08-19T18:57:44.885034+00:00,posted
coinbase:1073148579,coinbase:BTC-USD,C,0.00,USD,2026-08-19T23:53:09.406890+00:00,posted
kraken:105348599,kraken:XBTUSD,C,4.72,USD,2026-08-19T20:27:17.502791+00:00,posted
binance:6582456855,binance:BTCUSDT,C,999.76,USD,2026-08-19T21:22:32.274191+00:00,posted
coinbase:1073148580,coinbase:BTC-USD,C,0.00,USD,2026-08-19T22:36:50.711627+00:00,posted
binance:6582456856,binance:BTCUSDT,C,483.04,USD,2026-08-19T20:51:11.991777+00:00,posted
coinbase:1073148581,coinbase:BTC-USD,C,0.00,USD,2026-08-19T21:36:33.381309+00:00,posted
coinbase:1073148582,coinbase:BTC-USD,D,0.02,USD,2026-08-19T21:07:29.737710+00:00,posted
coinbase:1073148583,coinbase:BTC-USD,C,0.00,USD,2026-08-19T19:31:04.738263+00:00,posted
binance:6582456857,binance:BTCUSDT,C,18.55,USD,2026-08-19T20:13:43.874149+00:00,posted
binance:6582456858,binance:BTCUSDT,C,1023.12,USD,2026-08-19T20:20:20.961475+00:00,posted
coinbase:1073148584,coinbase:BTC-USD,C,22.76,USD,2026-08-22T02:32:12.896343+00:00,posted
coinbase:1073148585,coinbase:BTC-USD,C,0.00,USD,2026-08-19T23:48:48.775403+00:00,posted
binance:6582456859,binance:BTCUSDT,C,1402.41,USD,2026-08-19T23:43:01.838037+00:00,posted
coinbase:1073148586,coinbase:BTC-USD,D,0.01,USD,2026-08-19T20:07:35.249206+00:00,posted
kraken:105348600,kraken:XBTUSD,D,240.20,USD,2026-08-19T19:08:50.819788+00:00,posted
coinbase:1073148588,coinbase:BTC-USD,D,5.49,USD,2026-08-19T20:05:36.220448+00:00,posted
coinbase:1073148587,coinbase:BTC-USD,D,1.37,USD,2026-08-22T04:59:57.612317+00:00,posted
coinbase:1073148589,coinbase:BTC-USD,C,0.00,USD,2026-08-19T20:39:59.231246+00:00,posted
binance:6582456863,binance:BTCUSDT,C,239.80,USD,2026-08-19T19:10:38.475946+00:00,posted
coinbase:1073148590,coinbase:BTC-USD,C,0.00,USD,2026-08-20T00:06:04.728489+00:00,posted
coinbase:1073148591,coinbase:BTC-USD,D,0.00,USD,2026-08-19T22:26:50.809910+00:00,posted
coinbase:1073148592,coinbase:BTC-USD,C,0.00,USD,2026-08-19T19:05:57.256135+00:00,posted
binance:6582456865,binance:BTCUSDT,D,13.06,USD,2026-08-19T23:50:21.661994+00:00,posted
coinbase:1073148593,coinbase:BTC-USD,C,0.00,USD,2026-08-19T19:48:39.732889+00:00,posted
binance:6582456866,binance:BTCUSDT,C,30.23,USD,2026-08-19T19:17:38.949349+00:00,posted
binance:6582456867,binance:BTCUSDT,C,5.50,USD,2026-08-19T22:33:40.478756+00:00,posted
binance:6582456868,binance:BTCUSDT,C,997.70,USD,2026-08-19T22:44:01.801693+00:00,posted
coinbase:1073148594,coinbase:BTC-USD,D,0.01,USD,2026-08-19T22:13:49.576749+00:00,posted
coinbase:1073148595,coinbase:BTC-USD,D,0.00,USD,2026-08-19T23:17:13.162460+00:00,posted
coinbase:1073148597,coinbase:BTC-USD,C,23.41,USD,2026-08-19T21:30:52.714406+00:00,posted
coinbase:1073148596,coinbase:BTC-USD,C,71.46,USD,2026-08-19T21:22:16.133911+00:00,posted
binance:6582456869,binance:BTCUSDT,C,1622.97,USD,2026-08-19T22:02:43.904606+00:00,posted
binance:6582456870,binance:BTCUSDT,C,43.29,USD,2026-08-19T21:13:27.873300+00:00,posted
binance:6582456871,binance:BTCUSDT,C,1499.98,USD,2026-08-19T19:13:41.316326+00:00,posted
binance:6582456872,binance:BTCUSDT,D,2000.89,USD,2026-08-19T20:14:18.799580+00:00,posted
binance:6582456873,binance:BTCUSDT,D,1236.81,USD,2026-08-19T21:57:19.836805+00:00,posted
binance:6582456874,binance:BTCUSDT,D,618.41,USD,2026-08-19T19:28:21.646086+00:00,posted
binance:6582456875,binance:BTCUSDT,D,206.14,USD,2026-08-19T19:49:32.587610+00:00,posted
binance:6582456876,binance:BTCUSDT,D,39.17,USD,2026-08-19T22:57:01.080573+00:00,posted
coinbase:1073148598,coinbase:BTC-USD,C,2.19,USD,2026-08-19T20:57:41.161612+00:00,posted
coinbase:1073148600,coinbase:BTC-USD,C,5392.67,USD,2026-08-19T20:25:21.781863+00:00,posted
coinbase:1073148599,coinbase:BTC-USD,C,2975.24,USD,2026-08-19T22:18:50.516373+00:00,posted
coinbase:1073148601,coinbase:BTC-USD,C,0.00,USD,2026-08-19T20:10:15.628701+00:00,posted
coinbase:1073148602,coinbase:BTC-USD,C,0.00,USD,2026-08-19T20:06:54.229366+00:00,posted
coinbase:1073148604,coinbase:BTC-USD,D,0.00,USD,2026-08-19T22:33:00.945884+00:00,posted
binance:6582456877,binance:BTCUSDT,D,202.70,USD,2026-08-19T19:40:40.211501+00:00,posted
coinbase:1073148605,coinbase:BTC-USD,C,0.00,USD,2026-08-19T22:12:00.126718+00:00,posted
coinbase:1073148606,coinbase:BTC-USD,D,0.00,USD,2026-08-19T19:13:50.296281+00:00,posted
coinbase:1073148607,coinbase:BTC-USD,C,0.00,USD,2026-08-19T22:43:46.310140+00:00,posted
kraken:105348601,kraken:XBTUSD,C,48.81,USD,2026-08-19T19:16:34.501668+00:00,posted
coinbase:1073148609,coinbase:BTC-USD,C,0.00,USD,2026-08-19T23:49:50.973564+00:00,posted
binance:6582456878,binance:BTCUSDT,D,6.87,USD,2026-08-19T22:32:12.992142+00:00,posted
binance:6582456879,binance:BTCUSDT,D,1374.24,USD,2026-08-19T19:09:11.993492+00:00,posted
binance:6582456880,binance:BTCUSDT,D,261.10,USD,2026-08-19T23:24:34.160492+00:00,posted
coinbase:1073148612,coinbase:BTC-USD,C,3000.84,USD,2026-08-19T22:52:23.064325+00:00,posted
coinbase:1073148611,coinbase:BTC-USD,C,695.34,USD,2026-08-19T21:32:21.609545+00:00,posted
coinbase:1073148610,coinbase:BTC-USD,C,1586.42,USD,2026-08-19T20:30:54.448464+00:00,posted
coinbase:1073148617,coinbase:BTC-USD,C,199.99,USD,2026-08-19T19:50:15.296759+00:00,posted
coinbase:1073148616,coinbase:BTC-USD,C,1000.00,USD,2026-08-19T19:01:33.102526+00:00,posted
coinbase:1073148615,coinbase:BTC-USD,C,1000.00,USD,2026-08-19T21:20:53.560109+00:00,posted
coinbase:1073148614,coinbase:BTC-USD,C,1991.85,USD,2026-08-19T23:52:11.883953+00:00,posted
coinbase:1073148613,coinbase:BTC-USD,C,439.58,USD,2026-08-20T00:08:18.718831+00:00,posted
coinbase:1073148618,coinbase:BTC-USD,C,2.19,USD,2026-08-19T23:44:09.629194+00:00,posted
coinbase:1073148621,coinbase:BTC-USD,C,5774.42,USD,2026-08-19T19:34:20.897554+00:00,posted
coinbase:1073148620,coinbase:BTC-USD,C,1.17,USD,2026-08-19T21:05:55.680160+00:00,posted
coinbase:1073148619,coinbase:BTC-USD,C,198.36,USD,2026-08-19T20:53:20.511875+00:00,posted
coinbase:1073148622,coinbase:BTC-USD,C,2.19,USD,2026-08-19T19:36:45.458114+00:00,posted
coinbase:1073148631,coinbase:BTC-USD,C,25603.63,USD,2026-08-19T21:10:48.405467+00:00,posted
coinbase:1073148630,coinbase:BTC-USD,C,12166.70,USD,2026-08-19T23:46:13.830097+00:00,posted
coinbase:1073148629,coinbase:BTC-USD,C,1.17,USD,2026-08-19T23:59:39.306465+00:00,posted
coinbase:1073148628,coinbase:BTC-USD,C,1.17,USD,2026-08-19T18:52:52.165809+00:00,posted
coinbase:1073148627,coinbase:BTC-USD,C,75.01,USD,2026-08-19T20:16:51.279996+00:00,posted
coinbase:1073148626,coinbase:BTC-USD,C,1.17,USD,2026-08-19T21:31:34.640598+00:00,posted
coinbase:1073148625,coinbase:BTC-USD,C,686.91,USD,2026-08-19T23:21:17.264026+00:00,posted
coinbase:1073148624,coinbase:BTC-USD,C,3.46,USD,2026-08-19T20:19:05.514362+00:00,posted
coinbase:1073148623,coinbase:BTC-USD,C,4091.41,USD,2026-08-19T22:07:42.791363+00:00,posted
coinbase:1073148632,coinbase:BTC-USD,C,2.19,USD,2026-08-19T21:11:02.786431+00:00,posted
coinbase:1073148639,coinbase:BTC-USD,C,4340.68,USD,2026-08-19T21:28:17.030878+00:00,posted
coinbase:1073148638,coinbase:BTC-USD,C,687.04,USD,2026-08-19T20:44:04.370739+00:00,posted
coinbase:1073148637,coinbase:BTC-USD,C,1.17,USD,2026-08-22T04:10:48.622068+00:00,posted
coinbase:1073148636,coinbase:BTC-USD,C,8537.77,USD,2026-08-19T19:34:08.916824+00:00,posted
coinbase:1073148635,coinbase:BTC-USD,C,152.70,USD,2026-08-19T21:30:33.441915+00:00,posted
coinbase:1073148634,coinbase:BTC-USD,C,104.42,USD,2026-08-19T21:29:19.692557+00:00,posted
coinbase:1073148633,coinbase:BTC-USD,C,16405.18,USD,2026-08-19T22:15:51.526855+00:00,posted
coinbase:1073148645,coinbase:BTC-USD,C,11177.41,USD,2026-08-19T20:29:57.772929+00:00,posted
coinbase:1073148644,coinbase:BTC-USD,C,2748.23,USD,2026-08-19T22:09:17.866690+00:00,posted
coinbase:1073148643,coinbase:BTC-USD,C,1374.11,USD,2026-08-19T21:42:14.463905+00:00,posted
coinbase:1073148642,coinbase:BTC-USD,C,4847.15,USD,2026-08-19T20:50:40.079787+00:00,posted
coinbase:1073148641,coinbase:BTC-USD,C,1.17,USD,2026-08-19T19:29:44.700453+00:00,posted
coinbase:1073148640,coinbase:BTC-USD,C,6811.45,USD,2026-08-19T21:23:43.413103+00:00,posted
coinbase:1073148647,coinbase:BTC-USD,C,0.00,USD,2026-08-19T20:08:40.954348+00:00,posted
binance:6582456881,binance:BTCUSDT,D,6.87,USD,2026-08-19T22:34:36.011170+00:00,posted
coinbase:1073148648,coinbase:BTC-USD,D,0.01,USD,2026-08-19T23:45:18.645697+00:00,posted
binance:6582456882,binance:BTCUSDT,C,6572.29,USD,2026-08-19T23:45:04.534580+00:00,posted
binance:6582456883,binance:BTCUSDT,D,10.99,USD,2026-08-19T20:20:02.626601+00:00,posted
binance:6582456884,binance:BTCUSDT,D,10.99,USD,2026-08-19T23:09:25.702684+00:00,posted
binance:6582456885,binance:BTCUSDT,D,10.99,USD,2026-08-19T23:45:04.851086+00:00,posted
binance:6582456886,binance:BTCUSDT,D,99.63,USD,2026-08-19T23:05:23.693437+00:00,posted
coinbase:1073148649,coinbase:BTC-USD,C,0.00,USD,2026-08-19T23:48:13.508262+00:00,posted
coinbase:1073148650,coinbase:BTC-USD,D,1.70,USD,2026-08-19T22:08:34.115597+00:00,posted
binance:6582456887,binance:BTCUSDT,C,13.06,USD,2026-08-19T20:09:40.540478+00:00,posted
coinbase:1073148651,coinbase:BTC-USD,D,0.00,USD,2026-08-19T23:41:21.411936+00:00,posted
coinbase:1073148652,coinbase:BTC-USD,C,0.00,USD,2026-08-19T23:38:06.801538+00:00,posted
coinbase:1073148653,coinbase:BTC-USD,C,1422.72,USD,2026-08-19T19:36:25.865674+00:00,posted
binance:6582456888,binance:BTCUSDT,C,206.14,USD,2026-08-19T21:42:07.313096+00:00,posted
binance:6582456889,binance:BTCUSDT,C,3480.94,USD,2026-08-19T22:47:39.560199+00:00,posted
coinbase:1073148655,coinbase:BTC-USD,C,128.15,USD,2026-08-19T23:08:36.004603+00:00,posted
coinbase:1073148656,coinbase:BTC-USD,D,0.00,USD,2026-08-19T19:34:41.740780+00:00,posted
coinbase:1073148657,coinbase:BTC-USD,C,0.00,USD,2026-08-19T19:06:57.391001+00:00,posted
binance:6582456893,binance:BTCUSDT,D,7.56,USD,2026-08-19T22:16:23.615450+00:00,posted
coinbase:1073148658,coinbase:BTC-USD,C,0.00,USD,2026-08-19T23:19:40.761740+00:00,posted
binance:6582456894,binance:BTCUSDT,C,10.99,USD,2026-08-19T19:35:42.337890+00:00,posted
coinbase:1073148659,coinbase:BTC-USD,C,0.00,USD,2026-08-19T20:33:05.870648+00:00,posted
coinbase:1073148660,coinbase:BTC-USD,D,0.00,USD,2026-08-19T22:07:03.636667+00:00,posted
coinbase:1073148661,coinbase:BTC-USD,C,0.00,USD,2026-08-19T23:19:27.263463+00:00,posted
binance:6582456895,binance:BTCUSDT,D,1956.23,USD,2026-08-20T00:03:32.394775+00:00,posted
coinbase:1073148662,coinbase:BTC-USD,D,0.00,USD,2026-08-19T19:27:12.714627+00:00,posted
binance:6582456896,binance:BTCUSDT,D,89435.32,USD,2026-08-19T22:50:12.357644+00:00,posted
binance:6582456897,binance:BTCUSDT,D,101938.12,USD,2026-08-19T23:11:06.759273+00:00,posted
binance:6582456898,binance:BTCUSDT,D,97914.36,USD,2026-08-19T23:08:25.603232+00:00,posted
binance:6582456899,binance:BTCUSDT,D,21324.03,USD,2026-08-19T23:17:37.572386+00:00,posted
binance:6582456901,binance:BTCUSDT,D,68230.85,USD,2026-08-19T19:35:01.940093+00:00,posted
binance:6582456902,binance:BTCUSDT,D,3412.23,USD,2026-08-19T19:13:28.012509+00:00,posted
binance:6582456903,binance:BTCUSDT,D,26344.80,USD,2026-08-19T23:47:43.732155+00:00,posted
binance:6582456904,binance:BTCUSDT,D,8453.62,USD,2026-08-19T22:14:02.180434+00:00,posted
binance:6582456905,binance:BTCUSDT,D,14781.29,USD,2026-08-19T22:03:27.694292+00:00,posted
binance:6582456906,binance:BTCUSDT,D,12539.91,USD,2026-08-19T19:23:02.910468+00:00,posted
binance:6582456907,binance:BTCUSDT,D,274.85,USD,2026-08-19T20:18:33.362106+00:00,posted
binance:6582456908,binance:BTCUSDT,D,308.52,USD,2026-08-19T21:17:05.565989+00:00,posted
binance:6582456909,binance:BTCUSDT,D,2235.20,USD,2026-08-19T19:29:54.569521+00:00,posted
binance:6582456910,binance:BTCUSDT,D,261.10,USD,2026-08-19T19:28:23.079862+00:00,posted
binance:6582456911,binance:BTCUSDT,D,6.87,USD,2026-08-19T21:49:50.551423+00:00,posted
binance:6582456912,binance:BTCUSDT,D,755.83,USD,2026-08-19T20:31:31.886881+00:00,posted
binance:6582456913,binance:BTCUSDT,D,1236.81,USD,2026-08-19T21:49:02.082957+00:00,posted
binance:6582456914,binance:BTCUSDT,D,618.41,USD,2026-08-19T22:20:46.867688+00:00,posted
binance:6582456915,binance:BTCUSDT,D,618.41,USD,2026-08-19T20:35:16.454216+00:00,posted
binance:6582456916,binance:BTCUSDT,D,9564.00,USD,2026-08-19T18:58:53.346997+00:00,posted
binance:6582456917,binance:BTCUSDT,D,15636.75,USD,2026-08-19T21:54:08.789402+00:00,posted
binance:6582456918,binance:BTCUSDT,D,12902.71,USD,2026-08-19T23:38:58.115340+00:00,posted
coinbase:1073148663,coinbase:BTC-USD,C,148.49,USD,2026-08-19T21:31:23.773055+00:00,posted
binance:6582456919,binance:BTCUSDT,D,206.14,USD,2026-08-19T19:33:39.833446+00:00,posted
coinbase:1073148664,coinbase:BTC-USD,C,0.00,USD,2026-08-22T04:33:23.526374+00:00,posted
binance:6582456920,binance:BTCUSDT,D,50.16,USD,2026-08-21T11:25:53.314988+00:00,posted
binance:6582456921,binance:BTCUSDT,D,10.31,USD,2026-08-20T21:37:52.548015+00:00,posted
coinbase:1073148665,coinbase:BTC-USD,D,0.00,USD,2026-08-19T19:08:00.418138+00:00,posted
binance:6582456922,binance:BTCUSDT,D,31.61,USD,2026-08-19T21:48:22.402891+00:00,posted
binance:6582456923,binance:BTCUSDT,D,6.18,USD,2026-08-21T01:55:35.794921+00:00,posted
binance:6582456924,binance:BTCUSDT,D,19.93,USD,2026-08-19T23:34:09.732116+00:00,posted
binance:6582456925,binance:BTCUSDT,D,6.87,USD,2026-08-21T05:19:23.537857+00:00,posted
kraken:105348602,kraken:XBTUSD,D,18.54,USD,2026-08-19T18:55:29.825109+00:00,posted
binance:6582456926,binance:BTCUSDT,D,1236.81,USD,2026-08-19T22:37:36.465842+00:00,posted
binance:6582456927,binance:BTCUSDT,D,618.41,USD,2026-08-19T19:01:25.250340+00:00,posted
binance:6582456928,binance:BTCUSDT,D,618.41,USD,2026-08-21T06:49:29.811166+00:00,posted
binance:6582456929,binance:BTCUSDT,D,755.83,USD,2026-08-19T19:32:56.095647+00:00,posted
binance:6582456930,binance:BTCUSDT,D,162.16,USD,2026-08-19T20:55:23.180268+00:00,posted
binance:6582456931,binance:BTCUSDT,D,206.14,USD,2026-08-19T20:58:07.196821+00:00,posted
coinbase:1073148667,coinbase:BTC-USD,D,0.01,USD,2026-08-19T20:23:05.093938+00:00,posted
binance:6582456932,binance:BTCUSDT,C,6987.30,USD,2026-08-19T21:49:00.862411+00:00,posted
binance:6582456944,binance:BTCUSDT,C,10890.14,USD,2026-08-19T20:03:14.486608+00:00,posted
binance:6582456947,binance:BTCUSDT,D,61.84,USD,2026-08-19T20:42:48.086374+00:00,posted
binance:6582456948,binance:BTCUSDT,D,20.61,USD,2026-08-21T18:43:51.335992+00:00,posted
binance:6582456949,binance:BTCUSDT,D,21.30,USD,2026-08-19T20:58:34.686505+00:00,posted
binance:6582456950,binance:BTCUSDT,D,192.39,USD,2026-08-19T18:49:56.224910+00:00,posted
coinbase:1073148668,coinbase:BTC-USD,C,48.59,USD,2026-08-19T22:13:02.007386+00:00,posted
binance:6582456951,binance:BTCUSDT,C,70.77,USD,2026-08-19T20:51:01.880495+00:00,posted
binance:6582456952,binance:BTCUSDT,D,10.31,USD,2026-08-19T23:23:00.220397+00:00,posted
coinbase:1073148669,coinbase:BTC-USD,C,0.00,USD,2026-08-21T18:06:05.945509+00:00,posted
coinbase:1073148670,coinbase:BTC-USD,C,0.00,USD,2026-08-19T23:43:50.117597+00:00,posted
binance:6582456953,binance:BTCUSDT,D,1071.90,USD,2026-08-19T22:22:10.336212+00:00,posted
coinbase:1073148671,coinbase:BTC-USD,D,0.01,USD,2026-08-19T21:14:33.062822+00:00,posted
coinbase:1073148672,coinbase:BTC-USD,C,0.00,USD,2026-08-19T22:29:13.914184+00:00,posted
coinbase:1073148673,coinbase:BTC-USD,D,0.01,USD,2026-08-19T19:55:02.345514+00:00,posted
coinbase:1073148674,coinbase:BTC-USD,D,0.00,USD,2026-08-19T20:55:23.086243+00:00,posted
coinbase:1073148675,coinbase:BTC-USD,D,24.19,USD,2026-08-21T04:09:36.310890+00:00,posted
coinbase:1073148676,coinbase:BTC-USD,C,0.00,USD,2026-08-19T22:50:18.450115+00:00,posted
binance:6582456954,binance:BTCUSDT,D,755.83,USD,2026-08-19T22:35:08.625428+00:00,posted
binance:6582456955,binance:BTCUSDT,D,618.41,USD,2026-08-19T22:03:18.091784+00:00,posted
binance:6582456956,binance:BTCUSDT,D,206.14,USD,2026-08-19T21:20:34.438451+00:00,posted
binance:6582456957,binance:BTCUSDT,D,618.41,USD,2026-08-19T20:03:21.927958+00:00,posted
binance:6582456958,binance:BTCUSDT,D,1236.81,USD,2026-08-19T23:25:54.221430+00:00,posted
binance:6582456959,binance:BTCUSDT,C,14551.79,USD,2026-08-19T18:55:23.250040+00:00,posted
binance:6582456964,binance:BTCUSDT,C,579.24,USD,2026-08-19T23:31:26.887593+00:00,posted
coinbase:1073148678,coinbase:BTC-USD,D,0.00,USD,2026-08-19T23:59:58.350860+00:00,posted
coinbase:1073148679,coinbase:BTC-USD,C,0.00,USD,2026-08-19T20:35:33.649357+00:00,posted
binance:6582456965,binance:BTCUSDT,C,200.64,USD,2026-08-19T22:06:07.963989+00:00,posted
coinbase:1073148680,coinbase:BTC-USD,C,0.00,USD,2026-08-19T21:29:47.460592+00:00,posted
binance:6582456967,binance:BTCUSDT,C,29.55,USD,2026-08-19T20:21:41.963020+00:00,posted
binance:6582456968,binance:BTCUSDT,C,49.47,USD,2026-08-19T23:30:27.994772+00:00,posted
coinbase:1073148681,coinbase:BTC-USD,D,0.00,USD,2026-08-19T22:10:56.495319+00:00,posted
kraken:105348603,kraken:XBTUSD,C,49.48,USD,2026-08-19T23:28:55.475941+00:00,posted
coinbase:1073148682,coinbase:BTC-USD,C,0.00,USD,2026-08-19T23:54:29.543480+00:00,posted
coinbase:1073148683,coinbase:BTC-USD,C,10.35,USD,2026-08-19T20:53:24.590621+00:00,posted
coinbase:1073148684,coinbase:BTC-USD,D,0.00,USD,2026-08-19T19:40:10.324322+00:00,posted
binance:6582456969,binance:BTCUSDT,C,30.92,USD,2026-08-20T00:07:57.146924+00:00,posted
coinbase:1073148685,coinbase:BTC-USD,C,0.00,USD,2026-08-19T20:50:34.421160+00:00,posted
binance:6582456970,binance:BTCUSDT,D,49.47,USD,2026-08-19T22:23:14.446260+00:00,posted
coinbase:1073148687,coinbase:BTC-USD,D,1927.48,USD,2026-08-19T18:59:05.511788+00:00,posted
coinbase:1073148686,coinbase:BTC-USD,D,395.75,USD,2026-08-22T09:31:14.343274+00:00,posted
binance:6582456971,binance:BTCUSDT,C,46.72,USD,2026-08-19T23:55:11.132694+00:00,posted
binance:6582456972,binance:BTCUSDT,C,3175.17,USD,2026-08-22T15:21:26.666048+00:00,posted
binance:6582456973,binance:BTCUSDT,C,580.61,USD,2026-08-19T22:17:39.593744+00:00,posted
binance:6582456974,binance:BTCUSDT,C,219.19,USD,2026-08-19T23:09:09.447007+00:00,posted
coinbase:1073148688,coinbase:BTC-USD,C,0.00,USD,2026-08-19T23:55:07.215636+00:00,posted
coinbase:1073148689,coinbase:BTC-USD,D,0.01,USD,2026-08-19T19:24:42.026743+00:00,posted
coinbase:1073148690,coinbase:BTC-USD,D,0.25,USD,2026-08-19T21:17:46.761243+00:00,posted
binance:6582456975,binance:BTCUSDT,D,1009.38,USD,2026-08-19T22:36:52.309826+00:00,posted
coinbase:1073148691,coinbase:BTC-USD,C,0.00,USD,2026-08-19T18:54:59.615176+00:00,posted
binance:6582456976,binance:BTCUSDT,C,19.93,USD,2026-08-19T19:08:26.006107+00:00,posted
kraken:105348605,kraken:XBTUSD,C,10000.00,USD,2026-08-19T19:58:39.499533+00:00,posted
coinbase:1073148692,coinbase:BTC-USD,C,0.00,USD,2026-08-19T20:52:06.183633+00:00,posted
coinbase:1073148695,coinbase:BTC-USD,C,369.42,USD,2026-08-19T21:03:39.172693+00:00,posted
coinbase:1073148694,coinbase:BTC-USD,C,10.11,USD,2026-08-19T21:57:53.034075+00:00,posted
coinbase:1073148693,coinbase:BTC-USD,C,140.26,USD,2026-08-19T22:41:49.227035+00:00,posted
coinbase:1073148696,coinbase:BTC-USD,D,1.07,USD,2026-08-19T19:54:26.605666+00:00,posted
coinbase:1073148697,coinbase:BTC-USD,C,0.00,USD,2026-08-19T22:29:03.942524+00:00,posted
binance:6582456977,binance:BTCUSDT,D,355635.25,USD,2026-08-19T19:49:37.237331+00:00,posted
binance:6582456978,binance:BTCUSDT,D,75468.95,USD,2026-08-19T23:14:58.462761+00:00,posted
binance:6582457015,binance:BTCUSDT,D,3103.03,USD,2026-08-19T19:02:07.094474+00:00,posted
binance:6582457035,binance:BTCUSDT,D,27.48,USD,2026-08-19T23:30:22.021674+00:00,posted
binance:6582457040,binance:BTCUSDT,D,50.16,USD,2026-08-19T22:39:31.810308+00:00,posted
binance:6582457049,binance:BTCUSDT,D,5.50,USD,2026-08-19T22:43:41.733609+00:00,posted
binance:6582457051,binance:BTCUSDT,D,96.20,USD,2026-08-19T20:22:06.513752+00:00,posted
binance:6582457069,binance:BTCUSDT,D,32.98,USD,2026-08-22T09:41:12.889032+00:00,posted
binance:6582457075,binance:BTCUSDT,D,5.50,USD,2026-08-19T20:50:44.170744+00:00,posted
binance:6582457076,binance:BTCUSDT,D,16.49,USD,2026-08-19T22:47:12.207336+00:00,posted
binance:6582457077,binance:BTCUSDT,D,61.16,USD,2026-08-19T20:33:23.557516+00:00,posted
binance:6582457078,binance:BTCUSDT,D,10.99,USD,2026-08-19T21:01:52.107584+00:00,posted
binance:6582457080,binance:BTCUSDT,D,199.96,USD,2026-08-19T20:50:21.251333+00:00,posted
binance:6582457081,binance:BTCUSDT,D,16.49,USD,2026-08-19T23:00:46.278119+00:00,posted
binance:6582457084,binance:BTCUSDT,D,1421.70,USD,2026-08-19T22:29:32.102260+00:00,posted
binance:6582457088,binance:BTCUSDT,D,5.50,USD,2026-08-19T22:30:32.546801+00:00,posted
binance:6582457089,binance:BTCUSDT,D,16.49,USD,2026-08-20T00:04:48.926029+00:00,posted
binance:6582457092,binance:BTCUSDT,D,3843.91,USD,2026-08-21T00:53:57.924815+00:00,posted
binance:6582457093,binance:BTCUSDT,D,11.68,USD,2026-08-19T22:20:33.664985+00:00,posted
binance:6582457095,binance:BTCUSDT,D,5.50,USD,2026-08-19T21:45:29.868515+00:00,posted
binance:6582457096,binance:BTCUSDT,D,6.18,USD,2026-08-19T23:41:10.344958+00:00,posted
binance:6582457097,binance:BTCUSDT,D,8.25,USD,2026-08-19T23:50:35.788924+00:00,posted
binance:6582457098,binance:BTCUSDT,D,6.87,USD,2026-08-19T19:35:25.474759+00:00,posted
binance:6582457099,binance:BTCUSDT,D,5.50,USD,2026-08-19T22:16:20.884448+00:00,posted
binance:6582457100,binance:BTCUSDT,D,5.50,USD,2026-08-20T19:00:13.299334+00:00,posted
binance:6582457101,binance:BTCUSDT,D,12.37,USD,2026-08-20T00:10:02.668164+00:00,posted
binance:6582457102,binance:BTCUSDT,D,16.49,USD,2026-08-19T23:19:42.247984+00:00,posted
binance:6582457105,binance:BTCUSDT,D,687.17,USD,2026-08-19T23:19:17.665750+00:00,posted
binance:6582457113,binance:BTCUSDT,D,5497.38,USD,2026-08-20T00:14:25.464879+00:00,posted
binance:6582457124,binance:BTCUSDT,D,8246.07,USD,2026-08-19T21:39:00.950159+00:00,posted
binance:6582457125,binance:BTCUSDT,D,1236.91,USD,2026-08-21T13:23:50.162491+00:00,posted
binance:6582457126,binance:BTCUSDT,D,618.46,USD,2026-08-19T23:58:30.837234+00:00,posted
binance:6582457127,binance:BTCUSDT,D,618.46,USD,2026-08-19T22:33:16.910658+00:00,posted
binance:6582457128,binance:BTCUSDT,D,206.15,USD,2026-08-19T21:28:59.277843+00:00,posted
coinbase:1073148698,coinbase:BTC-USD,C,0.00,USD,2026-08-19T23:23:35.646419+00:00,posted
coinbase:1073148699,coinbase:BTC-USD,D,0.01,USD,2026-08-19T23:56:44.740641+00:00,posted
binance:6582457129,binance:BTCUSDT,D,412.30,USD,2026-08-19T23:17:56.911817+00:00,posted
binance:6582457130,binance:BTCUSDT,D,13.06,USD,2026-08-19T20:43:26.050288+00:00,posted
coinbase:1073148700,coinbase:BTC-USD,D,0.01,USD,2026-08-19T22:55:34.657212+00:00,posted
coinbase:1073148703,coinbase:BTC-USD,D,3942.90,USD,2026-08-21T16:04:05.121070+00:00,posted
coinbase:1073148702,coinbase:BTC-USD,D,6535.29,USD,2026-08-19T23:42:59.334619+00:00,posted
coinbase:1073148701,coinbase:BTC-USD,D,1817.39,USD,2026-08-21T06:46:37.369960+00:00,posted
coinbase:1073148704,coinbase:BTC-USD,C,0.00,USD,2026-08-22T08:51:32.931980+00:00,posted
binance:6582457131,binance:BTCUSDT,C,352.52,USD,2026-08-20T21:45:31.117221+00:00,posted
coinbase:1073148705,coinbase:BTC-USD,C,8.53,USD,2026-08-19T20:07:22.143357+00:00,posted
coinbase:1073148706,coinbase:BTC-USD,D,0.00,USD,2026-08-19T23:19:53.533274+00:00,posted
binance:6582457132,binance:BTCUSDT,C,511.26,USD,2026-08-19T19:19:26.374064+00:00,posted
binance:6582457133,binance:BTCUSDT,C,99.64,USD,2026-08-19T18:55:19.389144+00:00,posted
binance:6582457134,binance:BTCUSDT,C,8.25,USD,2026-08-19T23:20:41.588733+00:00,posted
coinbase:1073148707,coinbase:BTC-USD,D,0.00,USD,2026-08-19T19:09:41.065496+00:00,posted
binance:6582457135,binance:BTCUSDT,C,48.79,USD,2026-08-19T19:26:49.394076+00:00,posted
coinbase:1073148708,coinbase:BTC-USD,C,1538.52,USD,2026-08-19T22:25:53.529353+00:00,posted
coinbase:1073148710,coinbase:BTC-USD,C,383.83,USD,2026-08-19T20:40:48.995576+00:00,posted
binance:6582457136,binance:BTCUSDT,C,105.14,USD,2026-08-19T20:27:49.342854+00:00,posted
kraken:105348606,kraken:XBTUSD,C,24.42,USD,2026-08-19T23:51:01.666984+00:00,posted
coinbase:1073148711,coinbase:BTC-USD,D,0.00,USD,2026-08-19T22:03:22.670637+00:00,posted
coinbase:1073148712,coinbase:BTC-USD,C,137.41,USD,2026-08-20T00:09:59.656045+00:00,posted
binance:6582457137,binance:BTCUSDT,D,2748.69,USD,2026-08-19T20:43:34.491758+00:00,posted
binance:6582457156,binance:BTCUSDT,D,7303.96,USD,2026-08-19T21:23:52.082268+00:00,posted
binance:6582457160,binance:BTCUSDT,D,128.50,USD,2026-08-19T22:56:02.640546+00:00,posted
binance:6582457183,binance:BTCUSDT,D,19.24,USD,2026-08-19T21:07:04.359054+00:00,posted
coinbase:1073148716,coinbase:BTC-USD,C,3001.14,USD,2026-08-19T23:38:11.499566+00:00,posted
coinbase:1073148715,coinbase:BTC-USD,C,0.01,USD,2026-08-19T22:33:34.905526+00:00,posted
coinbase:1073148714,coinbase:BTC-USD,C,10.28,USD,2026-08-19T20:52:58.264186+00:00,posted
coinbase:1073148713,coinbase:BTC-USD,C,9428.91,USD,2026-08-19T22:58:04.091342+00:00,posted
binance:6582457187,binance:BTCUSDT,C,206.84,USD,2026-08-20T22:42:41.021440+00:00,posted
coinbase:1073148717,coinbase:BTC-USD,D,16.58,USD,2026-08-19T23:21:41.469601+00:00,posted
coinbase:1073148718,coinbase:BTC-USD,D,0.01,USD,2026-08-19T19:18:36.317960+00:00,posted
coinbase:1073148719,coinbase:BTC-USD,D,0.01,USD,2026-08-19T20:38:55.260599+00:00,posted
coinbase:1073148720,coinbase:BTC-USD,C,0.00,USD,2026-08-19T21:22:27.077564+00:00,posted
binance:6582457188,binance:BTCUSDT,D,7.56,USD,2026-08-19T21:49:57.349171+00:00,posted
coinbase:1073148721,coinbase:BTC-USD,D,0.02,USD,2026-08-19T21:16:29.203170+00:00,posted
coinbase:1073148722,coinbase:BTC-USD,C,0.00,USD,2026-08-19T19:18:55.597629+00:00,posted
coinbase:1073148725,coinbase:BTC-USD,C,3001.21,USD,2026-08-19T22:03:25.424396+00:00,posted
coinbase:1073148723,coinbase:BTC-USD,C,1318.56,USD,2026-08-19T19:10:23.701160+00:00,posted
binance:6582457190,binance:BTCUSDT,C,17.18,USD,2026-08-19T20:18:15.419734+00:00,posted
binance:6582457191,binance:BTCUSDT,D,121.63,USD,2026-08-19T23:12:01.461018+00:00,posted
binance:6582457212,binance:BTCUSDT,D,27.49,USD,2026-08-19T22:46:37.321311+00:00,posted
binance:6582457217,binance:BTCUSDT,D,8.25,USD,2026-08-19T19:26:25.406623+00:00,posted
binance:6582457218,binance:BTCUSDT,D,46.04,USD,2026-08-19T19:44:59.161837+00:00,posted
binance:6582457226,binance:BTCUSDT,D,10.99,USD,2026-08-19T23:29:15.962230+00:00,posted
binance:6582457228,binance:BTCUSDT,D,5.50,USD,2026-08-19T19:23:47.128498+00:00,posted
binance:6582457229,binance:BTCUSDT,D,9.62,USD,2026-08-19T23:23:55.585802+00:00,posted
binance:6582457230,binance:BTCUSDT,D,16.49,USD,2026-08-19T21:28:03.271549+00:00,posted
binance:6582457235,binance:BTCUSDT,D,16.49,USD,2026-08-19T23:13:50.264621+00:00,posted
binance:6582457238,binance:BTCUSDT,D,315.42,USD,2026-08-19T23:02:30.332843+00:00,posted
binance:6582457242,binance:BTCUSDT,D,11.68,USD,2026-08-19T23:33:13.774646+00:00,posted
coinbase:1073148728,coinbase:BTC-USD,C,1992.19,USD,2026-08-19T21:30:23.986516+00:00,posted
coinbase:1073148727,coinbase:BTC-USD,C,3001.36,USD,2026-08-19T23:14:22.322345+00:00,posted
coinbase:1073148726,coinbase:BTC-USD,C,1.17,USD,2026-08-19T19:25:54.208707+00:00,posted
coinbase:1073148730,coinbase:BTC-USD,C,1.02,USD,2026-08-19T19:31:09.216205+00:00,posted
coinbase:1073148729,coinbase:BTC-USD,C,1.17,USD,2026-08-19T22:07:18.714128+00:00,posted
coinbase:1073148740,coinbase:BTC-USD,C,1612.70,USD,2026-08-19T18:54:22.281885+00:00,posted
coinbase:1073148739,coinbase:BTC-USD,C,35045.13,USD,2026-08-19T22:36:33.116682+00:00,posted
coinbase:1073148738,coinbase:BTC-USD,C,1.17,USD,2026-08-19T19:22:40.933891+00:00,posted
coinbase:1073148737,coinbase:BTC-USD,C,5378.23,USD,2026-08-19T20:19:37.900983+00:00,posted
coinbase:1073148736,coinbase:BTC-USD,C,990.50,USD,2026-08-19T21:06:56.290924+00:00,posted
coinbase:1073148735,coinbase:BTC-USD,C,1.17,USD,2026-08-19T21:24:13.222518+00:00,posted
coinbase:1073148734,coinbase:BTC-USD,C,8000.00,USD,2026-08-19T20:07:51.630089+00:00,posted
coinbase:1073148733,coinbase:BTC-USD,C,1.17,USD,2026-08-19T19:32:58.677308+00:00,posted
coinbase:1073148732,coinbase:BTC-USD,C,500.08,USD,2026-08-19T22:26:55.528105+00:00,posted
coinbase:1073148731,coinbase:BTC-USD,C,10303.98,USD,2026-08-20T00:16:26.742041+00:00,posted
coinbase:1073148751,coinbase:BTC-USD,C,6236.08,USD,2026-08-19T20:14:23.169778+00:00,posted
coinbase:1073148750,coinbase:BTC-USD,C,406.80,USD,2026-08-19T21:59:41.623567+00:00,posted
coinbase:1073148749,coinbase:BTC-USD,C,1.17,USD,2026-08-19T19:00:42.801563+00:00,posted
coinbase:1073148747,coinbase:BTC-USD,C,1374.28,USD,2026-08-19T20:56:31.690655+00:00,posted
coinbase:1073148746,coinbase:BTC-USD,C,5497.12,USD,2026-08-19T21:35:57.518815+00:00,posted
coinbase:1073148744,coinbase:BTC-USD,C,10000.00,USD,2026-08-19T20:15:20.210308+00:00,posted
coinbase:1073148743,coinbase:BTC-USD,C,1.50,USD,2026-08-19T20:27:41.851511+00:00,posted
coinbase:1073148742,coinbase:BTC-USD,C,1.17,USD,2026-08-22T08:23:09.712668+00:00,posted
coinbase:1073148741,coinbase:BTC-USD,C,2792.30,USD,2026-08-19T21:26:07.342993+00:00,posted
binance:6582457243,binance:BTCUSDT,D,2000.44,USD,2026-08-19T22:26:43.585770+00:00,posted
coinbase:1073148752,coinbase:BTC-USD,D,0.00,USD,2026-08-19T19:58:15.305156+00:00,posted
binance:6582457253,binance:BTCUSDT,D,687.20,USD,2026-08-19T21:50:05.733381+00:00,posted
binance:6582457254,binance:BTCUSDT,D,1374.40,USD,2026-08-19T23:30:57.807460+00:00,posted
binance:6582457256,binance:BTCUSDT,D,3504.72,USD,2026-08-19T21:54:25.606704+00:00,posted
binance:6582457257,binance:BTCUSDT,D,5497.60,USD,2026-08-19T22:56:13.282198+00:00,posted
binance:6582457258,binance:BTCUSDT,D,1917.98,USD,2026-08-19T20:46:57.798769+00:00,posted
binance:6582457284,binance:BTCUSDT,D,38.48,USD,2026-08-19T20:14:12.568365+00:00,posted
binance:6582457291,binance:BTCUSDT,D,35.05,USD,2026-08-19T23:05:12.210593+00:00,posted
binance:6582457297,binance:BTCUSDT,D,56.35,USD,2026-08-19T20:56:33.066310+00:00,posted
binance:6582457306,binance:BTCUSDT,D,11.00,USD,2026-08-19T23:33:41.018438+00:00,posted
binance:6582457308,binance:BTCUSDT,D,16.49,USD,2026-08-19T19:29:36.758740+00:00,posted
binance:6582457311,binance:BTCUSDT,D,130.57,USD,2026-08-19T23:08:26.955359+00:00,posted
binance:6582457312,binance:BTCUSDT,D,130.57,USD,2026-08-19T22:20:47.308012+00:00,posted
binance:6582457313,binance:BTCUSDT,D,151.19,USD,2026-08-19T19:39:29.942492+00:00,posted
binance:6582457314,binance:BTCUSDT,D,123.70,USD,2026-08-19T20:22:30.725031+00:00,posted
binance:6582457316,binance:BTCUSDT,D,174.55,USD,2026-08-19T22:40:04.291602+00:00,posted
binance:6582457331,binance:BTCUSDT,D,5.50,USD,2026-08-19T23:02:39.476838+00:00,posted
binance:6582457332,binance:BTCUSDT,D,6.18,USD,2026-08-19T21:20:52.939440+00:00,posted
binance:6582457333,binance:BTCUSDT,D,6.19,USD,2026-08-19T23:50:14.492167+00:00,posted
binance:6582457334,binance:BTCUSDT,D,16.49,USD,2026-08-19T21:44:14.459880+00:00,posted
binance:6582457337,binance:BTCUSDT,D,249.46,USD,2026-08-19T20:29:16.907902+00:00,posted
binance:6582457338,binance:BTCUSDT,D,5.50,USD,2026-08-19T21:36:22.210215+00:00,posted
binance:6582457339,binance:BTCUSDT,D,12.37,USD,2026-08-19T23:35:04.648252+00:00,posted
binance:6582457340,binance:BTCUSDT,D,11.00,USD,2026-08-19T22:37:01.640321+00:00,posted
binance:6582457342,binance:BTCUSDT,D,16.49,USD,2026-08-19T22:07:18.754389+00:00,posted
binance:6582457345,binance:BTCUSDT,D,114.77,USD,2026-08-19T21:57:00.663595+00:00,posted
binance:6582457346,binance:BTCUSDT,D,1237.04,USD,2026-08-19T19:17:37.255360+00:00,posted
binance:6582457347,binance:BTCUSDT,D,618.52,USD,2026-08-19T20:40:35.418485+00:00,posted
kraken:105348607,kraken:XBTUSD,D,44257.53,USD,2026-08-21T05:44:51.179157+00:00,posted
kraken:105348608,kraken:XBTUSD,D,50.00,USD,2026-08-19T20:16:06.302006+00:00,posted
kraken:105348609,kraken:XBTUSD,D,68.67,USD,2026-08-19T20:22:56.861654+00:00,posted
kraken:105348610,kraken:XBTUSD,D,6.87,USD,2026-08-19T20:30:54.134163+00:00,posted
binance:6582457348,binance:BTCUSDT,D,206.17,USD,2026-08-19T23:46:58.625095+00:00,posted
binance:6582457349,binance:BTCUSDT,D,20.62,USD,2026-08-19T20:42:36.309668+00:00,posted
binance:6582457350,binance:BTCUSDT,C,123.02,USD,2026-08-19T23:20:05.321235+00:00,posted
coinbase:1073148753,coinbase:BTC-USD,D,0.36,USD,2026-08-19T21:03:24.382133+00:00,posted
coinbase:1073148754,coinbase:BTC-USD,C,0.00,USD,2026-08-19T21:07:28.155200+00:00,posted
coinbase:1073148755,coinbase:BTC-USD,C,0.00,USD,2026-08-19T23:01:08.779107+00:00,posted
coinbase:1073148756,coinbase:BTC-USD,D,0.00,USD,2026-08-19T19:33:33.918009+00:00,posted
coinbase:1073148757,coinbase:BTC-USD,C,0.00,USD,2026-08-19T20:24:57.677613+00:00,posted
coinbase:1073148758,coinbase:BTC-USD,D,0.00,USD,2026-08-19T20:46:53.910238+00:00,posted
binance:6582457351,binance:BTCUSDT,C,697.55,USD,2026-08-19T20:33:35.166277+00:00,posted
coinbase:1073148759,coinbase:BTC-USD,C,0.00,USD,2026-08-19T21:59:35.192012+00:00,posted
binance:6582457352,binance:BTCUSDT,D,21.99,USD,2026-08-19T22:46:43.521431+00:00,posted
binance:6582457353,binance:BTCUSDT,D,68.72,USD,2026-08-19T22:18:20.868116+00:00,posted
binance:6582457354,binance:BTCUSDT,C,3933.11,USD,2026-08-19T23:08:17.611515+00:00,posted
binance:6582457356,binance:BTCUSDT,D,57.73,USD,2026-08-19T19:48:01.705107+00:00,posted
coinbase:1073148760,coinbase:BTC-USD,C,0.00,USD,2026-08-19T21:31:36.536365+00:00,posted
coinbase:1073148761,coinbase:BTC-USD,D,0.00,USD,2026-08-19T21:27:26.821476+00:00,posted
coinbase:1073148762,coinbase:BTC-USD,C,0.00,USD,2026-08-19T21:55:07.103937+00:00,posted
binance:6582457357,binance:BTCUSDT,D,19.93,USD,2026-08-19T19:35:54.517368+00:00,posted
coinbase:1073148763,coinbase:BTC-USD,D,6.48,USD,2026-08-19T20:10:57.220146+00:00,posted
binance:6582457358,binance:BTCUSDT,C,143.63,USD,2026-08-20T23:43:59.786409+00:00,posted
binance:6582457359,binance:BTCUSDT,C,15.12,USD,2026-08-19T18:48:41.827038+00:00,posted
coinbase:1073148764,coinbase:BTC-USD,C,0.00,USD,2026-08-19T23:55:52.765592+00:00,posted
coinbase:1073148765,coinbase:BTC-USD,D,0.00,USD,2026-08-19T21:17:41.490751+00:00,posted
binance:6582457360,binance:BTCUSDT,D,2267.91,USD,2026-08-19T22:00:12.193417+00:00,posted
binance:6582457373,binance:BTCUSDT,D,5497.96,USD,2026-08-19T21:54:52.820089+00:00,posted
binance:6582457374,binance:BTCUSDT,D,618.52,USD,2026-08-19T19:04:26.904193+00:00,posted
binance:6582457375,binance:BTCUSDT,D,618.52,USD,2026-08-20T00:11:34.836897+00:00,posted
binance:6582457376,binance:BTCUSDT,D,618.52,USD,2026-08-19T21:24:49.332466+00:00,posted
binance:6582457377,binance:BTCUSDT,D,618.52,USD,2026-08-20T18:19:11.635883+00:00,posted
binance:6582457378,binance:BTCUSDT,D,206.17,USD,2026-08-19T20:46:51.697674+00:00,posted
binance:6582457379,binance:BTCUSDT,D,49.48,USD,2026-08-19T19:05:36.416466+00:00,posted
coinbase:1073148766,coinbase:BTC-USD,D,0.00,USD,2026-08-19T20:19:08.929714+00:00,posted
binance:6582457380,binance:BTCUSDT,D,2061.74,USD,2026-08-19T20:16:11.950936+00:00,posted
binance:6582457389,binance:BTCUSDT,D,1580.66,USD,2026-08-19T23:53:07.202636+00:00,posted
coinbase:1073148767,coinbase:BTC-USD,C,0.00,USD,2026-08-19T19:55:14.284320+00:00,posted
coinbase:1073148768,coinbase:BTC-USD,C,0.00,USD,2026-08-22T12:40:28.350570+00:00,posted
binance:6582457390,binance:BTCUSDT,C,332.63,USD,2026-08-19T22:13:40.179452+00:00,posted
coinbase:1073148770,coinbase:BTC-USD,C,0.00,USD,2026-08-21T04:31:41.865635+00:00,posted
binance:6582457391,binance:BTCUSDT,D,5497.96,USD,2026-08-19T22:11:40.542648+00:00,posted
binance:6582457392,binance:BTCUSDT,D,1237.04,USD,2026-08-19T20:15:39.339379+00:00,posted
binance:6582457393,binance:BTCUSDT,C,1999.88,USD,2026-08-19T23:25:05.177326+00:00,posted
binance:6582457394,binance:BTCUSDT,D,618.52,USD,2026-08-19T21:50:21.434929+00:00,posted
binance:6582457395,binance:BTCUSDT,D,755.97,USD,2026-08-19T20:00:11.443631+00:00,posted
binance:6582457396,binance:BTCUSDT,D,5497.96,USD,2026-08-19T23:19:55.337557+00:00,posted
binance:6582457397,binance:BTCUSDT,D,618.52,USD,2026-08-19T22:11:00.649357+00:00,posted
binance:6582457398,binance:BTCUSDT,D,1384.80,USD,2026-08-19T19:17:43.295468+00:00,posted
binance:6582457428,binance:BTCUSDT,D,43.98,USD,2026-08-20T00:10:35.691436+00:00,posted
binance:6582457436,binance:BTCUSDT,D,11.00,USD,2026-08-19T21:28:05.866128+00:00,posted
binance:6582457438,binance:BTCUSDT,D,11.68,USD,2026-08-21T04:54:02.194384+00:00,posted
binance:6582457440,binance:BTCUSDT,D,16.49,USD,2026-08-19T19:42:17.698663+00:00,posted
binance:6582457443,binance:BTCUSDT,D,206.17,USD,2026-08-19T20:00:20.752026+00:00,posted
binance:6582457444,binance:BTCUSDT,D,1694.07,USD,2026-08-21T09:06:05.793953+00:00,posted
binance:6582457463,binance:BTCUSDT,D,32.99,USD,2026-08-19T22:05:32.373421+00:00,posted
binance:6582457469,binance:BTCUSDT,D,28.18,USD,2026-08-19T19:58:03.068666+00:00,posted
binance:6582457470,binance:BTCUSDT,D,28.18,USD,2026-08-22T04:29:25.032026+00:00,posted
binance:6582457471,binance:BTCUSDT,D,8.25,USD,2026-08-19T22:51:33.444899+00:00,posted
binance:6582457472,binance:BTCUSDT,D,11.00,USD,2026-08-19T22:10:36.037850+00:00,posted
binance:6582457474,binance:BTCUSDT,D,11.00,USD,2026-08-19T21:46:15.029509+00:00,posted
binance:6582457476,binance:BTCUSDT,D,16.49,USD,2026-08-19T23:38:37.754821+00:00,posted
binance:6582457479,binance:BTCUSDT,D,2749.02,USD,2026-08-19T23:08:11.830600+00:00,posted
binance:6582457481,binance:BTCUSDT,D,1374.51,USD,2026-08-19T20:33:55.266323+00:00,posted
coinbase:1073148771,coinbase:BTC-USD,D,0.03,USD,2026-08-19T22:10:47.752640+00:00,posted
binance:6582457498,binance:BTCUSDT,D,618.53,USD,2026-08-19T22:07:47.920934+00:00,posted
binance:6582457499,binance:BTCUSDT,D,618.53,USD,2026-08-21T23:44:10.497570+00:00,posted
kraken:105348611,kraken:XBTUSD,C,1.03,USD,2026-08-19T22:38:16.962317+00:00,posted
binance:6582457500,binance:BTCUSDT,D,206.18,USD,2026-08-19T23:07:41.962041+00:00,posted
coinbase:1073148772,coinbase:BTC-USD,C,0.00,USD,2026-08-19T20:31:19.575616+00:00,posted
binance:6582457501,binance:BTCUSDT,D,1663.16,USD,2026-08-19T20:09:43.747072+00:00,posted
binance:6582457520,binance:BTCUSDT,D,32.99,USD,2026-08-19T20:03:49.917452+00:00,posted
binance:6582457526,binance:BTCUSDT,D,5.50,USD,2026-08-19T21:22:38.504885+00:00,posted
binance:6582457527,binance:BTCUSDT,D,16.49,USD,2026-08-19T22:20:38.636657+00:00,posted
binance:6582457528,binance:BTCUSDT,D,183.50,USD,2026-08-19T20:55:57.811593+00:00,posted
binance:6582457529,binance:BTCUSDT,D,19.93,USD,2026-08-19T20:53:21.412467+00:00,posted
binance:6582457530,binance:BTCUSDT,D,16.49,USD,2026-08-19T22:46:36.922080+00:00,posted
binance:6582457533,binance:BTCUSDT,D,1154.61,USD,2026-08-22T02:39:36.815112+00:00,posted
binance:6582457534,binance:BTCUSDT,D,343.63,USD,2026-08-19T20:03:03.613356+00:00,posted
binance:6582457535,binance:BTCUSDT,D,323.70,USD,2026-08-20T00:16:40.750806+00:00,posted
binance:6582457540,binance:BTCUSDT,D,11.00,USD,2026-08-19T19:43:15.313800+00:00,posted
binance:6582457542,binance:BTCUSDT,D,16.49,USD,2026-08-19T22:20:29.366167+00:00,posted
binance:6582457545,binance:BTCUSDT,D,691.40,USD,2026-08-19T23:14:59.003639+00:00,posted
binance:6582457546,binance:BTCUSDT,D,108.59,USD,2026-08-20T00:10:45.586627+00:00,posted
binance:6582457547,binance:BTCUSDT,D,17.18,USD,2026-08-19T22:58:40.251774+00:00,posted
binance:6582457550,binance:BTCUSDT,D,16.49,USD,2026-08-20T22:43:40.896692+00:00,posted
binance:6582457553,binance:BTCUSDT,D,1564.25,USD,2026-08-19T19:04:09.477431+00:00,posted
binance:6582457554,binance:BTCUSDT,D,756.01,USD,2026-08-19T19:36:48.975913+00:00,posted
binance:6582457557,binance:BTCUSDT,D,1237.11,USD,2026-08-22T00:43:33.136328+00:00,posted
coinbase:1073148773,coinbase:BTC-USD,C,194.39,USD,2026-08-19T19:49:01.408207+00:00,posted
binance:6582457558,binance:BTCUSDT,C,46.74,USD,2026-08-19T19:42:37.529176+00:00,posted
coinbase:1073148774,coinbase:BTC-USD,D,0.00,USD,2026-08-19T21:56:35.971650+00:00,posted
coinbase:1073148776,coinbase:BTC-USD,D,21.55,USD,2026-08-19T23:35:20.577832+00:00,posted
coinbase:1073148775,coinbase:BTC-USD,D,68.12,USD,2026-08-19T22:52:12.065385+00:00,posted
coinbase:1073148777,coinbase:BTC-USD,D,0.00,USD,2026-08-19T21:22:49.334947+00:00,posted
coinbase:1073148778,coinbase:BTC-USD,C,29.70,USD,2026-08-19T19:43:03.366616+00:00,posted
kraken:105348613,kraken:XBTUSD,D,50.00,USD,2026-08-19T22:06:30.708536+00:00,posted
kraken:105348614,kraken:XBTUSD,D,6.87,USD,2026-08-19T23:17:20.885896+00:00,posted
kraken:105348615,kraken:XBTUSD,D,68.68,USD,2026-08-19T19:28:36.466794+00:00,posted
kraken:105348616,kraken:XBTUSD,D,3.50,USD,2026-08-19T22:58:43.582219+00:00,posted
kraken:105348617,kraken:XBTUSD,D,3.50,USD,2026-08-19T19:38:02.377066+00:00,posted
kraken:105348618,kraken:XBTUSD,D,260.18,USD,2026-08-21T19:10:27.628791+00:00,posted
coinbase:1073148779,coinbase:BTC-USD,C,0.99,USD,2026-08-19T23:00:32.292001+00:00,posted
binance:6582457559,binance:BTCUSDT,C,2199.99,USD,2026-08-19T19:06:24.414410+00:00,posted
coinbase:1073148781,coinbase:BTC-USD,D,0.00,USD,2026-08-19T19:03:36.031213+00:00,posted
coinbase:1073148782,coinbase:BTC-USD,C,4.86,USD,2026-08-19T19:31:18.266277+00:00,posted
coinbase:1073148783,coinbase:BTC-USD,D,0.00,USD,2026-08-19T23:22:57.863330+00:00,posted
coinbase:1073148784,coinbase:BTC-USD,C,9.65,USD,2026-08-19T20:19:48.842793+00:00,posted
binance:6582457560,binance:BTCUSDT,D,542.95,USD,2026-08-19T19:45:27.099109+00:00,posted
binance:6582457573,binance:BTCUSDT,D,1038.48,USD,2026-08-22T01:01:14.752496+00:00,posted
binance:6582457574,binance:BTCUSDT,D,1374.56,USD,2026-08-19T19:09:47.326804+00:00,posted
binance:6582457575,binance:BTCUSDT,D,1374.56,USD,2026-08-19T18:47:50.614149+00:00,posted
binance:6582457583,binance:BTCUSDT,D,34393.61,USD,2026-08-19T23:11:16.254446+00:00,posted
binance:6582457607,binance:BTCUSDT,D,54.98,USD,2026-08-21T07:13:33.043699+00:00,posted
binance:6582457617,binance:BTCUSDT,D,38.49,USD,2026-08-19T21:00:56.450544+00:00,posted
binance:6582457624,binance:BTCUSDT,D,1388.32,USD,2026-08-20T00:05:08.938001+00:00,posted
binance:6582457625,binance:BTCUSDT,D,11.00,USD,2026-08-19T20:44:27.183622+00:00,posted
binance:6582457627,binance:BTCUSDT,D,21.99,USD,2026-08-19T22:44:42.706941+00:00,posted
binance:6582457631,binance:BTCUSDT,D,6.19,USD,2026-08-19T22:55:41.559983+00:00,posted
binance:6582457632,binance:BTCUSDT,D,34.37,USD,2026-08-19T21:02:11.291190+00:00,posted
binance:6582457633,binance:BTCUSDT,D,16.50,USD,2026-08-19T21:32:33.849635+00:00,posted
binance:6582457636,binance:BTCUSDT,D,3770.57,USD,2026-08-19T19:55:55.742647+00:00,posted
binance:6582457641,binance:BTCUSDT,D,38.49,USD,2026-08-22T16:22:31.867260+00:00,posted
binance:6582457642,binance:BTCUSDT,D,60.48,USD,2026-08-19T22:07:06.296928+00:00,posted
binance:6582457643,binance:BTCUSDT,D,12.37,USD,2026-08-19T20:51:42.956591+00:00,posted
binance:6582457644,binance:BTCUSDT,D,11.68,USD,2026-08-19T20:31:27.255575+00:00,posted
binance:6582457646,binance:BTCUSDT,D,5.50,USD,2026-08-19T18:52:56.883516+00:00,posted
binance:6582457647,binance:BTCUSDT,D,683.19,USD,2026-08-19T22:18:20.643774+00:00,posted
binance:6582457648,binance:BTCUSDT,D,6.19,USD,2026-08-19T23:33:10.165137+00:00,posted
binance:6582457649,binance:BTCUSDT,D,5.50,USD,2026-08-19T22:54:53.922178+00:00,posted
binance:6582457650,binance:BTCUSDT,D,11.68,USD,2026-08-19T20:27:18.309349+00:00,posted
binance:6582457651,binance:BTCUSDT,D,5.50,USD,2026-08-19T18:53:03.546278+00:00,posted
binance:6582457652,binance:BTCUSDT,D,5.50,USD,2026-08-19T21:12:31.976538+00:00,posted
binance:6582457653,binance:BTCUSDT,D,165.65,USD,2026-08-19T21:21:32.972156+00:00,posted
binance:6582457655,binance:BTCUSDT,D,5.50,USD,2026-08-19T23:38:50.453062+00:00,posted
binance:6582457656,binance:BTCUSDT,D,16.50,USD,2026-08-19T21:04:52.101540+00:00,posted
binance:6582457659,binance:BTCUSDT,D,643.34,USD,2026-08-19T20:25:08.539112+00:00,posted
binance:6582457660,binance:BTCUSDT,D,5498.63,USD,2026-08-19T23:40:22.783260+00:00,posted
binance:6582457661,binance:BTCUSDT,D,3857.97,USD,2026-08-19T19:13:26.106846+00:00,posted
binance:6582457662,binance:BTCUSDT,D,6.87,USD,2026-08-19T23:18:36.927531+00:00,posted
binance:6582457663,binance:BTCUSDT,D,16.50,USD,2026-08-19T19:01:01.645421+00:00,posted
binance:6582457666,binance:BTCUSDT,D,3917.78,USD,2026-08-22T04:58:15.046153+00:00,posted
binance:6582457670,binance:BTCUSDT,D,5.50,USD,2026-08-20T00:15:02.833319+00:00,posted
binance:6582457671,binance:BTCUSDT,D,11.68,USD,2026-08-19T22:42:19.141456+00:00,posted
binance:6582457673,binance:BTCUSDT,D,14.43,USD,2026-08-19T18:55:47.995480+00:00,posted
binance:6582457674,binance:BTCUSDT,D,5.50,USD,2026-08-19T21:39:36.864430+00:00,posted
binance:6582457675,binance:BTCUSDT,D,4813.51,USD,2026-08-19T20:42:08.391802+00:00,posted
binance:6582457677,binance:BTCUSDT,D,1559.60,USD,2026-08-19T20:49:05.019123+00:00,posted
binance:6582457678,binance:BTCUSDT,D,274.94,USD,2026-08-19T22:00:54.561051+00:00,posted
binance:6582457679,binance:BTCUSDT,D,6.19,USD,2026-08-19T22:57:57.413121+00:00,posted
binance:6582457680,binance:BTCUSDT,D,5.50,USD,2026-08-19T21:37:15.900510+00:00,posted
binance:6582457681,binance:BTCUSDT,D,1388.46,USD,2026-08-19T21:48:29.458979+00:00,posted
binance:6582457682,binance:BTCUSDT,D,5.50,USD,2026-08-19T21:34:37.027240+00:00,posted
binance:6582457683,binance:BTCUSDT,D,16.50,USD,2026-08-19T19:38:15.196103+00:00,posted
binance:6582457684,binance:BTCUSDT,D,5.50,USD,2026-08-19T20:36:36.272828+00:00,posted
binance:6582457685,binance:BTCUSDT,D,24.06,USD,2026-08-19T22:49:01.968692+00:00,posted
binance:6582457686,binance:BTCUSDT,D,6.19,USD,2026-08-19T19:35:09.501238+00:00,posted
binance:6582457687,binance:BTCUSDT,D,9.62,USD,2026-08-19T19:52:26.680022+00:00,posted
binance:6582457688,binance:BTCUSDT,D,6.19,USD,2026-08-19T20:18:39.306566+00:00,posted
binance:6582457689,binance:BTCUSDT,D,5.50,USD,2026-08-19T19:02:10.727726+00:00,posted
binance:6582457692,binance:BTCUSDT,D,5.50,USD,2026-08-22T07:58:05.734922+00:00,posted
binance:6582457693,binance:BTCUSDT,D,12.37,USD,2026-08-19T23:11:28.801019+00:00,posted
binance:6582457694,binance:BTCUSDT,D,12.37,USD,2026-08-22T00:51:11.030865+00:00,posted
binance:6582457696,binance:BTCUSDT,D,5.50,USD,2026-08-20T00:14:29.702619+00:00,posted
binance:6582457697,binance:BTCUSDT,D,8.25,USD,2026-08-21T03:18:17.944226+00:00,posted
binance:6582457698,binance:BTCUSDT,D,274.95,USD,2026-08-19T19:00:00.989646+00:00,posted
binance:6582457699,binance:BTCUSDT,D,8.94,USD,2026-08-19T23:07:22.102627+00:00,posted
binance:6582457700,binance:BTCUSDT,D,8.25,USD,2026-08-19T23:49:38.915596+00:00,posted
binance:6582457701,binance:BTCUSDT,C,5.50,USD,2026-08-19T22:29:36.977621+00:00,posted
binance:6582457702,binance:BTCUSDT,D,34.37,USD,2026-08-19T22:28:33.725349+00:00,posted
binance:6582457703,binance:BTCUSDT,D,307.95,USD,2026-08-22T09:47:14.946384+00:00,posted
binance:6582457704,binance:BTCUSDT,D,618.65,USD,2026-08-19T20:50:27.174438+00:00,posted
binance:6582457705,binance:BTCUSDT,D,1237.30,USD,2026-08-20T00:03:18.441361+00:00,posted
binance:6582457706,binance:BTCUSDT,D,756.13,USD,2026-08-19T21:48:28.193122+00:00,posted
binance:6582457712,binance:BTCUSDT,D,6.87,USD,2026-08-19T22:52:33.076584+00:00,posted
binance:6582457713,binance:BTCUSDT,D,618.65,USD,2026-08-19T20:35:24.628750+00:00,posted
coinbase:1073148786,coinbase:BTC-USD,C,1308.21,USD,2026-08-19T22:32:42.033684+00:00,posted
coinbase:1073148785,coinbase:BTC-USD,C,2727.42,USD,2026-08-19T21:39:16.235332+00:00,posted
coinbase:1073148787,coinbase:BTC-USD,C,1883.26,USD,2026-08-19T22:03:37.516943+00:00,posted
coinbase:1073148789,coinbase:BTC-USD,C,1992.39,USD,2026-08-19T20:02:18.018960+00:00,posted
coinbase:1073148788,coinbase:BTC-USD,C,6760.50,USD,2026-08-19T23:57:50.093753+00:00,posted
binance:6582457717,binance:BTCUSDT,D,20.62,USD,2026-08-20T00:08:39.959664+00:00,posted
binance:6582457718,binance:BTCUSDT,D,206.22,USD,2026-08-19T19:04:34.766093+00:00,posted
coinbase:1073148793,coinbase:BTC-USD,C,687.16,USD,2026-08-19T23:12:12.464979+00:00,posted
coinbase:1073148792,coinbase:BTC-USD,C,729.55,USD,2026-08-19T23:19:35.889854+00:00,posted
coinbase:1073148791,coinbase:BTC-USD,C,1.17,USD,2026-08-19T23:26:20.190014+00:00,posted
coinbase:1073148790,coinbase:BTC-USD,C,1.17,USD,2026-08-20T00:03:11.624343+00:00,posted
binance:6582457720,binance:BTCUSDT,D,116.86,USD,2026-08-21T11:43:04.572529+00:00,posted
binance:6582457740,binance:BTCUSDT,D,22.00,USD,2026-08-19T21:06:01.371300+00:00,posted
binance:6582457744,binance:BTCUSDT,D,68.74,USD,2026-08-19T19:14:25.757211+00:00,posted
binance:6582457745,binance:BTCUSDT,D,16.50,USD,2026-08-19T21:26:26.637694+00:00,posted
binance:6582457748,binance:BTCUSDT,D,580.16,USD,2026-08-19T19:09:32.546810+00:00,posted
binance:6582457749,binance:BTCUSDT,D,549.92,USD,2026-08-19T23:41:07.667719+00:00,posted
binance:6582457750,binance:BTCUSDT,D,1652.50,USD,2026-08-19T23:16:37.605530+00:00,posted
binance:6582457757,binance:BTCUSDT,D,12.37,USD,2026-08-19T21:23:48.248966+00:00,posted
binance:6582457758,binance:BTCUSDT,D,103.11,USD,2026-08-19T20:29:17.947786+00:00,posted
binance:6582457760,binance:BTCUSDT,D,11.69,USD,2026-08-20T00:16:55.811716+00:00,posted
binance:6582457762,binance:BTCUSDT,D,75.62,USD,2026-08-21T15:40:22.336193+00:00,posted
binance:6582457763,binance:BTCUSDT,D,344.39,USD,2026-08-19T21:09:35.492532+00:00,posted
binance:6582457764,binance:BTCUSDT,D,212.41,USD,2026-08-19T20:07:55.475340+00:00,posted
binance:6582457775,binance:BTCUSDT,D,33.00,USD,2026-08-19T20:38:34.408462+00:00,posted
binance:6582457781,binance:BTCUSDT,D,33.00,USD,2026-08-19T22:03:29.636621+00:00,posted
binance:6582457787,binance:BTCUSDT,D,70.12,USD,2026-08-19T19:20:52.469693+00:00,posted
binance:6582457788,binance:BTCUSDT,D,6.19,USD,2026-08-21T01:29:47.396704+00:00,posted
binance:6582457789,binance:BTCUSDT,D,6.19,USD,2026-08-19T23:43:31.714893+00:00,posted
binance:6582457790,binance:BTCUSDT,D,11.00,USD,2026-08-19T23:09:32.474762+00:00,posted
binance:6582457792,binance:BTCUSDT,D,6.19,USD,2026-08-19T19:37:46.781015+00:00,posted
binance:6582457793,binance:BTCUSDT,D,6.19,USD,2026-08-21T18:49:50.258211+00:00,posted
binance:6582457794,binance:BTCUSDT,D,72.18,USD,2026-08-19T20:48:41.391339+00:00,posted
binance:6582457795,binance:BTCUSDT,D,16.50,USD,2026-08-19T23:20:29.201057+00:00,posted
binance:6582457798,binance:BTCUSDT,D,283.22,USD,2026-08-19T21:56:24.950664+00:00,posted
binance:6582457799,binance:BTCUSDT,D,618.68,USD,2026-08-19T19:20:38.837930+00:00,posted
binance:6582457800,binance:BTCUSDT,D,96.93,USD,2026-08-19T19:14:49.852663+00:00,posted
binance:6582457801,binance:BTCUSDT,D,5.50,USD,2026-08-19T23:08:12.351138+00:00,posted
binance:6582457802,binance:BTCUSDT,D,132.67,USD,2026-08-19T23:19:38.386256+00:00,posted
binance:6582457804,binance:BTCUSDT,D,11.00,USD,2026-08-19T20:15:52.545807+00:00,posted
binance:6582457806,binance:BTCUSDT,D,16.50,USD,2026-08-19T23:23:49.032585+00:00,posted
binance:6582457809,binance:BTCUSDT,D,974.77,USD,2026-08-19T19:09:05.267893+00:00,posted
binance:6582457810,binance:BTCUSDT,D,413.83,USD,2026-08-22T09:01:24.912761+00:00,posted
binance:6582457811,binance:BTCUSDT,D,37.81,USD,2026-08-19T22:38:38.272990+00:00,posted
binance:6582457812,binance:BTCUSDT,D,11.00,USD,2026-08-22T03:22:04.141395+00:00,posted
binance:6582457814,binance:BTCUSDT,D,27.50,USD,2026-08-19T22:36:58.600675+00:00,posted
binance:6582457819,binance:BTCUSDT,D,5.50,USD,2026-08-19T20:46:02.695065+00:00,posted
binance:6582457820,binance:BTCUSDT,D,11.69,USD,2026-08-19T20:24:33.741736+00:00,posted
binance:6582457822,binance:BTCUSDT,D,36.43,USD,2026-08-19T21:00:01.068794+00:00,posted
binance:6582457823,binance:BTCUSDT,D,5.50,USD,2026-08-20T21:36:37.817683+00:00,posted
binance:6582457824,binance:BTCUSDT,D,24.75,USD,2026-08-19T20:29:44.063679+00:00,posted
binance:6582457827,binance:BTCUSDT,D,12.37,USD,2026-08-21T10:14:56.280202+00:00,posted
binance:6582457828,binance:BTCUSDT,D,11.69,USD,2026-08-19T19:38:52.744751+00:00,posted
binance:6582457829,binance:BTCUSDT,D,5.50,USD,2026-08-19T19:36:23.470415+00:00,posted
binance:6582457830,binance:BTCUSDT,D,5.50,USD,2026-08-19T19:29:16.379906+00:00,posted
binance:6582457831,binance:BTCUSDT,D,5.50,USD,2026-08-19T20:20:52.417171+00:00,posted
binance:6582457832,binance:BTCUSDT,D,4.12,USD,2026-08-19T20:33:14.424746+00:00,posted
coinbase:1073148794,coinbase:BTC-USD,D,0.01,USD,2026-08-19T21:26:35.026978+00:00,posted
binance:6582457833,binance:BTCUSDT,D,20.62,USD,2026-08-19T23:54:30.935749+00:00,posted
binance:6582457837,binance:BTCUSDT,D,20.62,USD,2026-08-19T22:29:17.932678+00:00,posted
binance:6582457840,binance:BTCUSDT,D,6.19,USD,2026-08-21T00:52:34.885086+00:00,posted
coinbase:1073148796,coinbase:BTC-USD,D,325.21,USD,2026-08-19T23:43:12.251899+00:00,posted
coinbase:1073148795,coinbase:BTC-USD,D,74.99,USD,2026-08-19T20:47:50.921849+00:00,posted
coinbase:1073148797,coinbase:BTC-USD,D,30.02,USD,2026-08-19T20:41:32.292629+00:00,posted
binance:6582457841,binance:BTCUSDT,C,7.56,USD,2026-08-19T20:56:12.885570+00:00,posted
binance:6582457842,binance:BTCUSDT,D,137.49,USD,2026-08-19T21:20:37.029147+00:00,posted
coinbase:1073148798,coinbase:BTC-USD,C,0.00,USD,2026-08-19T23:06:17.409868+00:00,posted
coinbase:1073148800,coinbase:BTC-USD,C,136.27,USD,2026-08-19T21:16:02.148786+00:00,posted
coinbase:1073148799,coinbase:BTC-USD,C,1.17,USD,2026-08-19T22:53:36.395194+00:00,posted
coinbase:1073148803,coinbase:BTC-USD,C,33.87,USD,2026-08-19T22:24:56.244664+00:00,posted
coinbase:1073148802,coinbase:BTC-USD,C,1.17,USD,2026-08-19T22:55:39.808738+00:00,posted
coinbase:1073148801,coinbase:BTC-USD,C,239.85,USD,2026-08-19T19:48:22.274624+00:00,posted
coinbase:1073148804,coinbase:BTC-USD,C,1.02,USD,2026-08-19T19:41:50.578626+00:00,posted
coinbase:1073148805,coinbase:BTC-USD,C,0.00,USD,2026-08-19T19:18:25.547475+00:00,posted
binance:6582457849,binance:BTCUSDT,C,485.35,USD,2026-08-19T20:38:04.252102+00:00,posted
binance:6582457850,binance:BTCUSDT,D,1237.43,USD,2026-08-20T00:03:29.896709+00:00,posted
binance:6582457851,binance:BTCUSDT,D,618.71,USD,2026-08-19T22:45:31.589919+00:00,posted
binance:6582457852,binance:BTCUSDT,D,756.21,USD,2026-08-19T23:02:03.085850+00:00,posted
binance:6582457853,binance:BTCUSDT,D,9.62,USD,2026-08-19T22:42:25.096317+00:00,posted
coinbase:1073148806,coinbase:BTC-USD,C,0.00,USD,2026-08-19T20:50:45.941959+00:00,posted
coinbase:1073148808,coinbase:BTC-USD,D,0.01,USD,2026-08-19T23:19:41.778985+00:00,posted
coinbase:1073148809,coinbase:BTC-USD,C,8.54,USD,2026-08-19T19:57:19.200389+00:00,posted
binance:6582457854,binance:BTCUSDT,D,9397.59,USD,2026-08-19T22:25:01.775693+00:00,posted
binance:6582457855,binance:BTCUSDT,D,206.24,USD,2026-08-19T21:34:18.837569+00:00,posted
binance:6582457856,binance:BTCUSDT,D,5213.02,USD,2026-08-19T23:41:14.025139+00:00,posted
binance:6582457870,binance:BTCUSDT,D,27.50,USD,2026-08-19T22:09:46.997976+00:00,posted
binance:6582457875,binance:BTCUSDT,D,10.31,USD,2026-08-19T21:11:11.980701+00:00,posted
binance:6582457876,binance:BTCUSDT,D,152.62,USD,2026-08-19T23:11:45.748036+00:00,posted
binance:6582457877,binance:BTCUSDT,D,11.69,USD,2026-08-19T22:44:58.537710+00:00,posted
binance:6582457879,binance:BTCUSDT,D,39.87,USD,2026-08-19T21:45:28.301600+00:00,posted
binance:6582457880,binance:BTCUSDT,D,5.50,USD,2026-08-19T19:02:21.585464+00:00,posted
binance:6582457881,binance:BTCUSDT,D,8.25,USD,2026-08-19T21:02:05.473721+00:00,posted
binance:6582457882,binance:BTCUSDT,D,6.19,USD,2026-08-19T23:08:58.612970+00:00,posted
binance:6582457883,binance:BTCUSDT,D,22.69,USD,2026-08-19T23:37:29.255618+00:00,posted
coinbase:1073148810,coinbase:BTC-USD,C,0.00,USD,2026-08-19T23:49:19.510366+00:00,posted
coinbase:1073148811,coinbase:BTC-USD,D,1.66,USD,2026-08-19T20:03:53.057507+00:00,posted
coinbase:1073148812,coinbase:BTC-USD,C,0.00,USD,2026-08-19T22:02:40.129625+00:00,posted
kraken:105348620,kraken:XBTUSD,D,9.85,USD,2026-08-19T20:26:46.038529+00:00,posted
binance:6582457887,binance:BTCUSDT,C,1035.35,USD,2026-08-19T19:00:26.914377+00:00,posted
coinbase:1073148813,coinbase:BTC-USD,C,19.65,USD,2026-08-19T23:46:07.286742+00:00,posted
coinbase:1073148816,coinbase:BTC-USD,D,111.22,USD,2026-08-19T20:15:14.833388+00:00,posted
coinbase:1073148815,coinbase:BTC-USD,D,420.00,USD,2026-08-19T19:01:03.362400+00:00,posted
coinbase:1073148814,coinbase:BTC-USD,D,73.33,USD,2026-08-19T21:15:55.736963+00:00,posted
coinbase:1073148818,coinbase:BTC-USD,D,8182.87,USD,2026-08-19T21:09:34.802348+00:00,posted
coinbase:1073148817,coinbase:BTC-USD,D,1312.62,USD,2026-08-19T23:12:27.934639+00:00,posted
coinbase:1073148819,coinbase:BTC-USD,D,858.89,USD,2026-08-19T23:16:26.199647+00:00,posted
coinbase:1073148820,coinbase:BTC-USD,D,918.26,USD,2026-08-19T21:05:12.344728+00:00,posted
coinbase:1073148821,coinbase:BTC-USD,D,189.65,USD,2026-08-20T00:02:02.021103+00:00,posted
coinbase:1073148822,coinbase:BTC-USD,D,1097.49,USD,2026-08-19T22:18:52.985201+00:00,posted
binance:6582457888,binance:BTCUSDT,C,5003.51,USD,2026-08-19T22:05:45.471487+00:00,posted
coinbase:1073148823,coinbase:BTC-USD,D,419.99,USD,2026-08-19T21:43:55.619230+00:00,posted
coinbase:1073148824,coinbase:BTC-USD,C,0.00,USD,2026-08-19T23:04:58.200910+00:00,posted
coinbase:1073148825,coinbase:BTC-USD,D,0.00,USD,2026-08-19T23:53:08.151920+00:00,posted
coinbase:1073148826,coinbase:BTC-USD,D,3.03,USD,2026-08-19T22:47:10.081571+00:00,posted
coinbase:1073148827,coinbase:BTC-USD,C,0.00,USD,2026-08-19T22:24:11.704677+00:00,posted
coinbase:1073148828,coinbase:BTC-USD,C,58.34,USD,2026-08-19T20:36:10.632143+00:00,posted
coinbase:1073148829,coinbase:BTC-USD,C,0.00,USD,2026-08-19T21:26:02.356030+00:00,posted
coinbase:1073148830,coinbase:BTC-USD,D,0.01,USD,2026-08-22T05:23:00.772348+00:00,posted
coinbase:1073148831,coinbase:BTC-USD,D,0.00,USD,2026-08-19T20:24:09.080169+00:00,posted
binance:6582457890,binance:BTCUSDT,D,1099.98,USD,2026-08-20T20:11:30.756746+00:00,posted
coinbase:1073148832,coinbase:BTC-USD,C,0.00,USD,2026-08-19T22:48:18.652142+00:00,posted
coinbase:1073148833,coinbase:BTC-USD,D,0.00,USD,2026-08-19T23:00:10.100222+00:00,posted
binance:6582457891,binance:BTCUSDT,D,412.49,USD,2026-08-20T00:16:59.434628+00:00,posted
binance:6582457892,binance:BTCUSDT,D,9487.29,USD,2026-08-19T22:18:34.015562+00:00,posted
binance:6582457893,binance:BTCUSDT,D,206.25,USD,2026-08-19T23:29:11.386668+00:00,posted
coinbase:1073148834,coinbase:BTC-USD,C,0.00,USD,2026-08-19T23:04:38.998687+00:00,posted
binance:6582457895,binance:BTCUSDT,C,7999.57,USD,2026-08-19T23:59:19.881251+00:00,posted
coinbase:1073148835,coinbase:BTC-USD,C,0.00,USD,2026-08-19T19:25:06.375564+00:00,posted
binance:6582457897,binance:BTCUSDT,D,7.56,USD,2026-08-19T19:27:46.134060+00:00,posted
binance:6582457898,binance:BTCUSDT,D,68.75,USD,2026-08-19T23:04:56.523001+00:00,posted
coinbase:1073148836,coinbase:BTC-USD,D,0.00,USD,2026-08-19T19:27:59.237740+00:00,posted
binance:6582457899,binance:BTCUSDT,C,15.81,USD,2026-08-19T20:19:32.160224+00:00,posted
coinbase:1073148837,coinbase:BTC-USD,C,0.00,USD,2026-08-21T11:15:01.724468+00:00,posted
binance:6582457900,binance:BTCUSDT,C,395.99,USD,2026-08-19T19:50:09.982192+00:00,posted
binance:6582457901,binance:BTCUSDT,C,224.12,USD,2026-08-19T22:47:03.143814+00:00,posted
binance:6582457902,binance:BTCUSDT,C,320.37,USD,2026-08-19T22:12:24.712007+00:00,posted
binance:6582457903,binance:BTCUSDT,D,618.74,USD,2026-08-19T23:00:38.403733+00:00,posted
binance:6582457904,binance:BTCUSDT,D,756.23,USD,2026-08-19T19:41:15.408201+00:00,posted
coinbase:1073148838,coinbase:BTC-USD,D,0.72,USD,2026-08-19T21:39:59.343011+00:00,posted
coinbase:1073148839,coinbase:BTC-USD,C,0.00,USD,2026-08-19T19:51:46.610955+00:00,posted
coinbase:1073148840,coinbase:BTC-USD,C,297.09,USD,2026-08-19T22:57:36.877640+00:00,posted
coinbase:1073148841,coinbase:BTC-USD,C,0.00,USD,2026-08-19T20:39:57.821450+00:00,posted
binance:6582457905,binance:BTCUSDT,C,105.87,USD,2026-08-19T22:57:26.022064+00:00,posted
coinbase:1073148842,coinbase:BTC-USD,D,0.04,USD,2026-08-22T09:15:42.940938+00:00,posted
coinbase:1073148843,coinbase:BTC-USD,D,0.01,USD,2026-08-19T19:50:27.171426+00:00,posted
binance:6582457906,binance:BTCUSDT,D,165.68,USD,2026-08-19T23:02:56.982929+00:00,posted
coinbase:1073148844,coinbase:BTC-USD,C,0.00,USD,2026-08-21T05:54:53.677454+00:00,posted
coinbase:1073148845,coinbase:BTC-USD,D,400.21,USD,2026-08-19T20:02:32.373998+00:00,posted
coinbase:1073148847,coinbase:BTC-USD,D,55.51,USD,2026-08-19T23:48:57.852462+00:00,posted
coinbase:1073148846,coinbase:BTC-USD,D,19.79,USD,2026-08-19T23:02:05.386371+00:00,posted
binance:6582457907,binance:BTCUSDT,D,9.62,USD,2026-08-19T22:19:44.865161+00:00,posted
coinbase:1073148848,coinbase:BTC-USD,D,0.01,USD,2026-08-19T19:01:33.732991+00:00,posted
binance:6582457908,binance:BTCUSDT,C,89.37,USD,2026-08-19T18:48:56.540464+00:00,posted
coinbase:1073148851,coinbase:BTC-USD,D,872.77,USD,2026-08-20T00:13:38.623971+00:00,posted
coinbase:1073148850,coinbase:BTC-USD,D,420.00,USD,2026-08-19T22:21:47.501684+00:00,posted
coinbase:1073148849,coinbase:BTC-USD,D,18.76,USD,2026-08-19T23:24:05.787065+00:00,posted
kraken:105348621,kraken:XBTUSD,D,40.15,USD,2026-08-19T23:32:10.845989+00:00,posted
kraken:105348622,kraken:XBTUSD,D,6.87,USD,2026-08-21T22:50:18.369800+00:00,posted
kraken:105348623,kraken:XBTUSD,D,68.69,USD,2026-08-19T19:26:09.689501+00:00,posted
kraken:105348624,kraken:XBTUSD,D,4464.76,USD,2026-08-19T21:30:51.149512+00:00,posted
binance:6582457909,binance:BTCUSDT,C,22.00,USD,2026-08-19T22:47:16.031877+00:00,posted
binance:6582457910,binance:BTCUSDT,D,299.74,USD,2026-08-19T22:13:57.113653+00:00,posted
binance:6582457911,binance:BTCUSDT,D,189.06,USD,2026-08-19T20:08:54.815984+00:00,posted
binance:6582457912,binance:BTCUSDT,C,10000.15,USD,2026-08-19T21:08:11.007030+00:00,posted
binance:6582457913,binance:BTCUSDT,C,6.87,USD,2026-08-19T22:27:06.838586+00:00,posted
coinbase:1073148852,coinbase:BTC-USD,D,0.00,USD,2026-08-19T22:37:22.341868+00:00,posted
coinbase:1073148854,coinbase:BTC-USD,D,3.26,USD,2026-08-20T00:17:29.151888+00:00,posted
coinbase:1073148853,coinbase:BTC-USD,D,4196.74,USD,2026-08-19T23:28:08.185729+00:00,posted
binance:6582457915,binance:BTCUSDT,D,30.94,USD,2026-08-20T00:09:31.022212+00:00,posted
binance:6582457916,binance:BTCUSDT,C,56245.88,USD,2026-08-19T21:32:09.561526+00:00,posted
binance:6582457963,binance:BTCUSDT,C,38.50,USD,2026-08-19T21:01:59.521412+00:00,posted
binance:6582457970,binance:BTCUSDT,C,101.75,USD,2026-08-19T22:42:37.124093+00:00,posted
binance:6582457971,binance:BTCUSDT,C,5.50,USD,2026-08-19T23:55:05.402268+00:00,posted
binance:6582457972,binance:BTCUSDT,C,5.50,USD,2026-08-19T23:28:44.561856+00:00,posted
binance:6582457973,binance:BTCUSDT,C,16.50,USD,2026-08-19T19:19:07.591856+00:00,posted
binance:6582457976,binance:BTCUSDT,C,4274.64,USD,2026-08-19T20:37:52.424095+00:00,posted
binance:6582457978,binance:BTCUSDT,C,16.50,USD,2026-08-19T19:47:59.333360+00:00,posted
binance:6582457981,binance:BTCUSDT,C,7823.31,USD,2026-08-19T23:11:50.835440+00:00,posted
binance:6582457991,binance:BTCUSDT,C,158.12,USD,2026-08-19T20:18:58.472972+00:00,posted
binance:6582457999,binance:BTCUSDT,C,15.81,USD,2026-08-19T21:49:17.604081+00:00,posted
binance:6582458002,binance:BTCUSDT,C,173.24,USD,2026-08-19T23:31:16.681086+00:00,posted
binance:6582458005,binance:BTCUSDT,C,5.50,USD,2026-08-19T21:48:52.422713+00:00,posted
binance:6582458006,binance:BTCUSDT,C,38.50,USD,2026-08-19T22:35:35.027920+00:00,posted
binance:6582458013,binance:BTCUSDT,C,16.50,USD,2026-08-19T21:50:00.341569+00:00,posted
binance:6582458016,binance:BTCUSDT,C,5.50,USD,2026-08-19T23:43:10.932092+00:00,posted
binance:6582458017,binance:BTCUSDT,C,11.00,USD,2026-08-19T19:01:10.082116+00:00,posted
binance:6582458019,binance:BTCUSDT,C,351.28,USD,2026-08-19T21:06:22.869913+00:00,posted
binance:6582458020,binance:BTCUSDT,C,18.56,USD,2026-08-19T20:16:30.635156+00:00,posted
binance:6582458024,binance:BTCUSDT,C,27.50,USD,2026-08-19T19:22:58.689185+00:00,posted
binance:6582458029,binance:BTCUSDT,C,16.50,USD,2026-08-19T21:22:34.098734+00:00,posted
binance:6582458032,binance:BTCUSDT,C,5.50,USD,2026-08-19T21:46:34.376368+00:00,posted
binance:6582458033,binance:BTCUSDT,C,49.49,USD,2026-08-19T22:02:42.387320+00:00,posted
binance:6582458042,binance:BTCUSDT,C,5.50,USD,2026-08-19T23:09:46.801948+00:00,posted
binance:6582458043,binance:BTCUSDT,C,6.19,USD,2026-08-22T01:25:21.819775+00:00,posted
binance:6582458044,binance:BTCUSDT,C,16.50,USD,2026-08-19T23:33:43.986434+00:00,posted
binance:6582458047,binance:BTCUSDT,C,222.03,USD,2026-08-19T18:53:17.021713+00:00,posted
binance:6582458049,binance:BTCUSDT,C,2806.70,USD,2026-08-19T22:41:25.111632+00:00,posted
binance:6582458070,binance:BTCUSDT,C,38.50,USD,2026-08-20T00:03:37.886830+00:00,posted
binance:6582458077,binance:BTCUSDT,C,5.50,USD,2026-08-19T21:35:55.266163+00:00,posted
binance:6582458078,binance:BTCUSDT,C,7.56,USD,2026-08-19T18:49:28.186503+00:00,posted
binance:6582458079,binance:BTCUSDT,C,11.00,USD,2026-08-19T20:17:55.139382+00:00,posted
coinbase:1073148856,coinbase:BTC-USD,D,27.35,USD,2026-08-19T23:03:53.519412+00:00,posted
coinbase:1073148855,coinbase:BTC-USD,D,1.17,USD,2026-08-19T21:48:25.288295+00:00,posted
coinbase:1073148857,coinbase:BTC-USD,D,2020.20,USD,2026-08-19T19:51:14.478353+00:00,posted
coinbase:1073148864,coinbase:BTC-USD,D,16495.98,USD,2026-08-19T20:41:20.041184+00:00,posted
coinbase:1073148863,coinbase:BTC-USD,D,12802.59,USD,2026-08-19T22:02:40.785930+00:00,posted
coinbase:1073148862,coinbase:BTC-USD,D,687.10,USD,2026-08-19T20:22:39.259916+00:00,posted
coinbase:1073148861,coinbase:BTC-USD,D,524.95,USD,2026-08-19T23:30:15.108980+00:00,posted
coinbase:1073148860,coinbase:BTC-USD,D,1.17,USD,2026-08-19T21:06:23.976234+00:00,posted
coinbase:1073148859,coinbase:BTC-USD,D,419.99,USD,2026-08-19T21:31:57.546676+00:00,posted
coinbase:1073148858,coinbase:BTC-USD,D,1.06,USD,2026-08-19T21:01:33.327663+00:00,posted
coinbase:1073148865,coinbase:BTC-USD,D,419.99,USD,2026-08-19T20:11:11.679145+00:00,posted
binance:6582458081,binance:BTCUSDT,C,12312.64,USD,2026-08-19T19:48:33.908060+00:00,posted
binance:6582458109,binance:BTCUSDT,C,38.49,USD,2026-08-19T19:27:19.170264+00:00,posted
binance:6582458116,binance:BTCUSDT,C,11.00,USD,2026-08-19T19:31:26.102770+00:00,posted
binance:6582458118,binance:BTCUSDT,C,497.67,USD,2026-08-19T22:49:02.420194+00:00,posted
binance:6582458122,binance:BTCUSDT,C,12.37,USD,2026-08-19T19:31:36.269989+00:00,posted
binance:6582458123,binance:BTCUSDT,C,5.50,USD,2026-08-20T00:04:19.737293+00:00,posted
binance:6582458124,binance:BTCUSDT,C,5.50,USD,2026-08-19T22:22:50.310335+00:00,posted
binance:6582458125,binance:BTCUSDT,C,27.49,USD,2026-08-19T23:21:37.041013+00:00,posted
coinbase:1073148869,coinbase:BTC-USD,D,4.91,USD,2026-08-21T01:13:33.197120+00:00,posted
coinbase:1073148868,coinbase:BTC-USD,D,687.05,USD,2026-08-19T23:06:58.523934+00:00,posted
coinbase:1073148867,coinbase:BTC-USD,D,1.17,USD,2026-08-19T20:35:00.903723+00:00,posted
coinbase:1073148866,coinbase:BTC-USD,D,1.17,USD,2026-08-19T22:25:22.194302+00:00,posted
coinbase:1073148870,coinbase:BTC-USD,D,0.00,USD,2026-08-19T21:14:03.262366+00:00,posted
binance:6582458133,binance:BTCUSDT,D,1374.75,USD,2026-08-19T22:17:17.756124+00:00,posted
coinbase:1073148871,coinbase:BTC-USD,D,0.01,USD,2026-08-19T20:44:16.829587+00:00,posted
coinbase:1073148872,coinbase:BTC-USD,D,33.71,USD,2026-08-19T23:30:54.674380+00:00,posted
coinbase:1073148873,coinbase:BTC-USD,C,0.00,USD,2026-08-19T21:29:24.318317+00:00,posted
coinbase:1073148874,coinbase:BTC-USD,C,0.00,USD,2026-08-19T21:12:05.809911+00:00,posted
binance:6582458134,binance:BTCUSDT,C,716.24,USD,2026-08-19T21:10:43.545137+00:00,posted
coinbase:1073148875,coinbase:BTC-USD,C,0.00,USD,2026-08-19T23:05:35.941575+00:00,posted
coinbase:1073148876,coinbase:BTC-USD,D,0.00,USD,2026-08-19T22:54:41.244972+00:00,posted
coinbase:1073148877,coinbase:BTC-USD,D,0.00,USD,2026-08-19T19:55:00.488868+00:00,posted
coinbase:1073148878,coinbase:BTC-USD,C,0.00,USD,2026-08-19T20:22:31.308564+00:00,posted
kraken:105348625,kraken:XBTUSD,D,44.17,USD,2026-08-19T19:46:10.381993+00:00,posted
binance:6582458137,binance:BTCUSDT,C,1500.54,USD,2026-08-19T21:23:54.694535+00:00,posted
binance:6582458144,binance:BTCUSDT,C,100.36,USD,2026-08-19T19:09:17.532596+00:00,posted
binance:6582458145,binance:BTCUSDT,C,19.25,USD,2026-08-19T20:27:48.007661+00:00,posted
coinbase:1073148879,coinbase:BTC-USD,C,0.00,USD,2026-08-19T19:54:03.028538+00:00,posted
binance:6582458146,binance:BTCUSDT,D,19.25,USD,2026-08-19T23:24:46.318779+00:00,posted
coinbase:1073148880,coinbase:BTC-USD,C,0.00,USD,2026-08-19T20:16:43.789605+00:00,posted
coinbase:1073148881,coinbase:BTC-USD,D,0.00,USD,2026-08-19T21:12:19.940926+00:00,posted
binance:6582458147,binance:BTCUSDT,C,2422.30,USD,2026-08-19T23:05:28.961701+00:00,posted
binance:6582458149,binance:BTCUSDT,C,31.62,USD,2026-08-19T20:54:39.800659+00:00,posted
binance:6582458150,binance:BTCUSDT,D,192.46,USD,2026-08-19T21:49:49.676858+00:00,posted
binance:6582458151,binance:BTCUSDT,C,92.11,USD,2026-08-19T19:35:30.028935+00:00,posted
coinbase:1073148882,coinbase:BTC-USD,C,0.00,USD,2026-08-19T20:50:07.659378+00:00,posted
coinbase:1073148885,coinbase:BTC-USD,C,1521.33,USD,2026-08-19T19:20:22.155198+00:00,posted
coinbase:1073148884,coinbase:BTC-USD,C,2061.17,USD,2026-08-19T21:38:11.544567+00:00,posted
coinbase:1073148883,coinbase:BTC-USD,C,3366.21,USD,2026-08-19T21:00:58.781977+00:00,posted
binance:6582458152,binance:BTCUSDT,C,280.45,USD,2026-08-19T20:07:21.502263+00:00,posted
binance:6582458153,binance:BTCUSDT,C,158.78,USD,2026-08-19T23:14:57.505054+00:00,posted
binance:6582458154,binance:BTCUSDT,D,39.87,USD,2026-08-19T22:28:20.536169+00:00,posted
binance:6582458155,binance:BTCUSDT,C,52.24,USD,2026-08-19T22:10:14.499557+00:00,posted
binance:6582458156,binance:BTCUSDT,D,2000.94,USD,2026-08-19T21:42:37.776502+00:00,posted
coinbase:1073148886,coinbase:BTC-USD,C,0.00,USD,2026-08-19T21:31:46.701537+00:00,posted
coinbase:1073148887,coinbase:BTC-USD,D,1.48,USD,2026-08-19T19:36:57.557795+00:00,posted
binance:6582458157,binance:BTCUSDT,C,10804.13,USD,2026-08-19T23:01:45.250327+00:00,posted
coinbase:1073148889,coinbase:BTC-USD,D,0.01,USD,2026-08-19T20:40:23.129036+00:00,posted
coinbase:1073148890,coinbase:BTC-USD,C,0.00,USD,2026-08-19T19:49:35.563833+00:00,posted
coinbase:1073148891,coinbase:BTC-USD,C,0.00,USD,2026-08-19T22:45:39.205790+00:00,posted
coinbase:1073148892,coinbase:BTC-USD,D,0.02,USD,2026-08-19T22:37:27.150154+00:00,posted
binance:6582458160,binance:BTCUSDT,C,99.67,USD,2026-08-19T19:53:35.274858+00:00,posted
coinbase:1073148893,coinbase:BTC-USD,C,0.00,USD,2026-08-19T23:25:35.777833+00:00,posted
coinbase:1073148894,coinbase:BTC-USD,D,0.00,USD,2026-08-19T21:53:53.694930+00:00,posted
coinbase:1073148895,coinbase:BTC-USD,C,0.00,USD,2026-08-21T03:43:01.375163+00:00,posted
coinbase:1073148896,coinbase:BTC-USD,D,0.00,USD,2026-08-22T09:09:45.874697+00:00,posted
binance:6582458161,binance:BTCUSDT,C,101.04,USD,2026-08-19T21:23:19.576846+00:00,posted
kraken:105348626,kraken:XBTUSD,D,55.78,USD,2026-08-19T20:37:48.136899+00:00,posted
kraken:105348627,kraken:XBTUSD,D,44.27,USD,2026-08-20T00:03:44.774614+00:00,posted
coinbase:1073148898,coinbase:BTC-USD,D,0.00,USD,2026-08-19T20:04:06.260713+00:00,posted
coinbase:1073148899,coinbase:BTC-USD,C,0.00,USD,2026-08-19T19:55:24.759331+00:00,posted
binance:6582458162,binance:BTCUSDT,D,623.45,USD,2026-08-20T00:16:26.528867+00:00,posted
coinbase:1073148900,coinbase:BTC-USD,C,22.77,USD,2026-08-19T22:44:51.653907+00:00,posted
coinbase:1073148901,coinbase:BTC-USD,C,0.00,USD,2026-08-19T19:58:34.532170+00:00,posted
coinbase:1073148902,coinbase:BTC-USD,D,0.00,USD,2026-08-19T18:59:51.912941+00:00,posted
coinbase:1073148912,coinbase:BTC-USD,D,1000.00,USD,2026-08-19T19:27:28.737841+00:00,posted
coinbase:1073148911,coinbase:BTC-USD,D,1000.00,USD,2026-08-19T22:02:02.043498+00:00,posted
coinbase:1073148910,coinbase:BTC-USD,D,25.14,USD,2026-08-19T19:56:47.115899+00:00,posted
coinbase:1073148909,coinbase:BTC-USD,D,3785.84,USD,2026-08-19T20:05:54.092343+00:00,posted
coinbase:1073148908,coinbase:BTC-USD,D,75.00,USD,2026-08-19T23:13:34.476958+00:00,posted
coinbase:1073148907,coinbase:BTC-USD,D,17223.26,USD,2026-08-19T21:44:57.687550+00:00,posted
coinbase:1073148906,coinbase:BTC-USD,D,9107.85,USD,2026-08-19T22:58:53.276626+00:00,posted
coinbase:1073148905,coinbase:BTC-USD,D,1.40,USD,2026-08-19T22:24:41.725059+00:00,posted
coinbase:1073148904,coinbase:BTC-USD,D,872.58,USD,2026-08-19T18:49:53.104803+00:00,posted
binance:6582458163,binance:BTCUSDT,D,349.87,USD,2026-08-19T23:17:25.176271+00:00,posted
binance:6582458164,binance:BTCUSDT,C,11.00,USD,2026-08-19T21:03:41.167132+00:00,posted
binance:6582458165,binance:BTCUSDT,C,6.87,USD,2026-08-19T19:17:03.818666+00:00,posted
coinbase:1073148913,coinbase:BTC-USD,C,23.71,USD,2026-08-19T23:52:58.659414+00:00,posted
coinbase:1073148916,coinbase:BTC-USD,D,10.57,USD,2026-08-19T21:08:44.114784+00:00,posted
coinbase:1073148915,coinbase:BTC-USD,D,2.77,USD,2026-08-19T20:45:34.035227+00:00,posted
coinbase:1073148914,coinbase:BTC-USD,D,87.66,USD,2026-08-19T22:37:27.013937+00:00,posted
binance:6582458166,binance:BTCUSDT,C,2997.63,USD,2026-08-19T22:28:00.075175+00:00,posted
binance:6582458168,binance:BTCUSDT,C,7111.56,USD,2026-08-19T23:19:09.380698+00:00,posted
binance:6582458186,binance:BTCUSDT,C,8363.27,USD,2026-08-19T19:02:42.755527+00:00,posted
binance:6582458187,binance:BTCUSDT,C,6999.52,USD,2026-08-19T23:20:47.825723+00:00,posted
coinbase:1073148918,coinbase:BTC-USD,D,685.83,USD,2026-08-19T20:25:08.738351+00:00,posted
coinbase:1073148917,coinbase:BTC-USD,D,1.17,USD,2026-08-19T18:58:11.258815+00:00,posted
binance:6582458188,binance:BTCUSDT,C,25569.59,USD,2026-08-19T22:46:44.196481+00:00,posted
binance:6582458214,binance:BTCUSDT,C,22.00,USD,2026-08-19T22:57:28.240911+00:00,posted
binance:6582458218,binance:BTCUSDT,C,5.50,USD,2026-08-19T23:23:15.750635+00:00,posted
binance:6582458219,binance:BTCUSDT,C,6.19,USD,2026-08-19T22:34:48.531148+00:00,posted
binance:6582458220,binance:BTCUSDT,C,16.50,USD,2026-08-19T19:40:17.335648+00:00,posted
binance:6582458229,binance:BTCUSDT,C,11.68,USD,2026-08-19T19:23:36.555516+00:00,posted
binance:6582458231,binance:BTCUSDT,C,5.50,USD,2026-08-19T19:57:41.118474+00:00,posted
binance:6582458232,binance:BTCUSDT,C,16.50,USD,2026-08-19T19:23:34.878543+00:00,posted
binance:6582458235,binance:BTCUSDT,C,6008.01,USD,2026-08-19T23:15:57.243059+00:00,posted
binance:6582458237,binance:BTCUSDT,C,16.50,USD,2026-08-19T21:39:28.956961+00:00,posted
binance:6582458240,binance:BTCUSDT,C,1380.17,USD,2026-08-19T22:31:15.178548+00:00,posted
binance:6582458242,binance:BTCUSDT,C,20.62,USD,2026-08-19T23:55:22.408353+00:00,posted
binance:6582458248,binance:BTCUSDT,C,5.50,USD,2026-08-19T23:40:18.259378+00:00,posted
binance:6582458249,binance:BTCUSDT,C,11.00,USD,2026-08-21T22:51:48.275450+00:00,posted
binance:6582458251,binance:BTCUSDT,C,11.00,USD,2026-08-19T21:55:00.186739+00:00,posted
binance:6582458253,binance:BTCUSDT,C,5.50,USD,2026-08-19T21:08:00.522083+00:00,posted
binance:6582458254,binance:BTCUSDT,C,11.00,USD,2026-08-19T23:10:03.160498+00:00,posted
binance:6582458256,binance:BTCUSDT,C,11.68,USD,2026-08-19T20:13:40.300630+00:00,posted
binance:6582458258,binance:BTCUSDT,C,12.37,USD,2026-08-21T04:57:12.400057+00:00,posted
binance:6582458259,binance:BTCUSDT,C,5.50,USD,2026-08-19T18:54:24.322316+00:00,posted
binance:6582458260,binance:BTCUSDT,C,11.00,USD,2026-08-19T20:51:43.190344+00:00,posted
binance:6582458262,binance:BTCUSDT,C,6.19,USD,2026-08-19T23:53:47.274879+00:00,posted
binance:6582458263,binance:BTCUSDT,C,5.50,USD,2026-08-19T19:25:51.653856+00:00,posted
binance:6582458264,binance:BTCUSDT,C,6.19,USD,2026-08-19T23:45:04.225608+00:00,posted
binance:6582458265,binance:BTCUSDT,C,5.50,USD,2026-08-19T22:38:53.110613+00:00,posted
binance:6582458266,binance:BTCUSDT,C,282.48,USD,2026-08-19T19:25:08.438842+00:00,posted
binance:6582458267,binance:BTCUSDT,C,975.97,USD,2026-08-19T23:47:52.567016+00:00,posted
coinbase:1073148919,coinbase:BTC-USD,D,0.03,USD,2026-08-19T22:51:12.505455+00:00,posted
binance:6582458268,binance:BTCUSDT,C,2444.69,USD,2026-08-19T21:38:43.289770+00:00,posted
binance:6582458290,binance:BTCUSDT,C,43.99,USD,2026-08-19T20:04:17.440475+00:00,posted
binance:6582458298,binance:BTCUSDT,C,6.19,USD,2026-08-19T23:47:26.216935+00:00,posted
binance:6582458299,binance:BTCUSDT,C,16.49,USD,2026-08-19T22:08:04.439649+00:00,posted
binance:6582458302,binance:BTCUSDT,C,16.49,USD,2026-08-19T20:07:29.387736+00:00,posted
binance:6582458305,binance:BTCUSDT,C,27.49,USD,2026-08-19T20:39:42.208766+00:00,posted
binance:6582458310,binance:BTCUSDT,C,32.30,USD,2026-08-19T20:13:29.024744+00:00,posted
binance:6582458311,binance:BTCUSDT,C,32.99,USD,2026-08-19T19:32:44.155060+00:00,posted
binance:6582458312,binance:BTCUSDT,C,5.50,USD,2026-08-19T21:08:56.661995+00:00,posted
binance:6582458313,binance:BTCUSDT,C,11.68,USD,2026-08-19T19:55:32.739314+00:00,posted
binance:6582458315,binance:BTCUSDT,C,16.49,USD,2026-08-19T20:00:33.846850+00:00,posted
binance:6582458318,binance:BTCUSDT,C,5.50,USD,2026-08-19T21:38:43.302304+00:00,posted
binance:6582458319,binance:BTCUSDT,C,129.90,USD,2026-08-19T19:11:22.209576+00:00,posted
binance:6582458320,binance:BTCUSDT,C,3415.71,USD,2026-08-19T21:48:12.972335+00:00,posted
binance:6582458321,binance:BTCUSDT,C,46.05,USD,2026-08-19T20:34:00.276779+00:00,posted
binance:6582458329,binance:BTCUSDT,C,5.50,USD,2026-08-19T20:18:58.760163+00:00,posted
binance:6582458330,binance:BTCUSDT,C,5.50,USD,2026-08-19T18:57:41.007346+00:00,posted
binance:6582458331,binance:BTCUSDT,C,11.00,USD,2026-08-19T23:05:12.738657+00:00,posted
binance:6582458333,binance:BTCUSDT,C,7.56,USD,2026-08-19T22:35:47.291088+00:00,posted
binance:6582458334,binance:BTCUSDT,C,11.00,USD,2026-08-19T22:46:24.979456+00:00,posted
binance:6582458336,binance:BTCUSDT,C,11.68,USD,2026-08-22T05:55:19.618509+00:00,posted
binance:6582458338,binance:BTCUSDT,C,17.87,USD,2026-08-19T19:14:32.854294+00:00,posted
binance:6582458341,binance:BTCUSDT,C,16.49,USD,2026-08-19T21:26:27.244593+00:00,posted
binance:6582458344,binance:BTCUSDT,C,442.59,USD,2026-08-19T21:12:39.588345+00:00,posted
binance:6582458345,binance:BTCUSDT,C,137.45,USD,2026-08-19T22:21:29.248800+00:00,posted
binance:6582458346,binance:BTCUSDT,C,6.87,USD,2026-08-19T22:45:08.479074+00:00,posted
coinbase:1073148922,coinbase:BTC-USD,D,686.95,USD,2026-08-19T20:31:02.150215+00:00,posted
coinbase:1073148921,coinbase:BTC-USD,D,1.17,USD,2026-08-21T05:55:58.591672+00:00,posted
coinbase:1073148920,coinbase:BTC-USD,D,1.14,USD,2026-08-19T20:23:27.102072+00:00,posted
coinbase:1073148923,coinbase:BTC-USD,D,11797.95,USD,2026-08-19T19:40:21.473315+00:00,posted
coinbase:1073148924,coinbase:BTC-USD,D,719.11,USD,2026-08-19T19:36:37.126731+00:00,posted
coinbase:1073148926,coinbase:BTC-USD,D,27765.06,USD,2026-08-19T21:46:00.121482+00:00,posted
coinbase:1073148925,coinbase:BTC-USD,D,1.17,USD,2026-08-19T21:40:07.855851+00:00,posted
coinbase:1073148927,coinbase:BTC-USD,D,652.56,USD,2026-08-19T19:37:29.286707+00:00,posted
coinbase:1073148928,coinbase:BTC-USD,D,1717.26,USD,2026-08-19T20:23:09.606484+00:00,posted
coinbase:1073148929,coinbase:BTC-USD,D,382.31,USD,2026-08-19T19:01:48.567878+00:00,posted
coinbase:1073148930,coinbase:BTC-USD,D,2376.49,USD,2026-08-19T19:01:07.451112+00:00,posted
coinbase:1073148931,coinbase:BTC-USD,D,4195.61,USD,2026-08-19T18:56:27.643196+00:00,posted
coinbase:1073148932,coinbase:BTC-USD,D,2558.36,USD,2026-08-19T18:48:43.219805+00:00,posted
coinbase:1073148933,coinbase:BTC-USD,D,7601.41,USD,2026-08-19T20:08:51.001660+00:00,posted
coinbase:1073148934,coinbase:BTC-USD,D,1127.16,USD,2026-08-19T20:40:29.360996+00:00,posted
coinbase:1073148935,coinbase:BTC-USD,D,5743.15,USD,2026-08-19T21:38:02.512281+00:00,posted
coinbase:1073148936,coinbase:BTC-USD,D,1975.72,USD,2026-08-19T21:01:30.507932+00:00,posted
binance:6582458347,binance:BTCUSDT,C,7439.43,USD,2026-08-19T20:05:36.768132+00:00,posted
binance:6582458361,binance:BTCUSDT,C,11.00,USD,2026-08-19T20:16:42.196751+00:00,posted
binance:6582458363,binance:BTCUSDT,C,12.37,USD,2026-08-19T20:33:56.373311+00:00,posted
binance:6582458364,binance:BTCUSDT,C,5.50,USD,2026-08-19T20:48:38.864707+00:00,posted
binance:6582458365,binance:BTCUSDT,C,16.49,USD,2026-08-19T23:06:53.664173+00:00,posted
binance:6582458368,binance:BTCUSDT,C,1373.07,USD,2026-08-19T19:01:36.985443+00:00,posted
binance:6582458381,binance:BTCUSDT,C,5.50,USD,2026-08-19T22:14:03.231796+00:00,posted
binance:6582458382,binance:BTCUSDT,C,270.08,USD,2026-08-19T22:06:29.529837+00:00,posted
binance:6582458393,binance:BTCUSDT,C,1149.04,USD,2026-08-19T21:19:36.371342+00:00,posted
binance:6582458404,binance:BTCUSDT,C,21.99,USD,2026-08-20T00:17:22.975263+00:00,posted
binance:6582458408,binance:BTCUSDT,C,5.50,USD,2026-08-19T23:04:44.456301+00:00,posted
binance:6582458409,binance:BTCUSDT,C,5.50,USD,2026-08-19T23:30:19.798703+00:00,posted
binance:6582458410,binance:BTCUSDT,C,4086.09,USD,2026-08-19T19:29:18.083266+00:00,posted
binance:6582458411,binance:BTCUSDT,C,5.50,USD,2026-08-19T23:33:19.879294+00:00,posted
binance:6582458412,binance:BTCUSDT,C,5.50,USD,2026-08-19T21:42:13.703865+00:00,posted
coinbase:1073148937,coinbase:BTC-USD,D,4832.32,USD,2026-08-19T23:49:49.612499+00:00,posted
coinbase:1073148938,coinbase:BTC-USD,D,4537.04,USD,2026-08-19T20:14:07.796112+00:00,posted
coinbase:1073148939,coinbase:BTC-USD,D,20102.46,USD,2026-08-20T00:05:18.575041+00:00,posted
coinbase:1073148940,coinbase:BTC-USD,D,1008.87,USD,2026-08-19T21:48:28.023080+00:00,posted
coinbase:1073148941,coinbase:BTC-USD,D,2054.45,USD,2026-08-19T23:38:20.954241+00:00,posted
coinbase:1073148942,coinbase:BTC-USD,D,1765.52,USD,2026-08-19T19:51:46.318333+00:00,posted
coinbase:1073148943,coinbase:BTC-USD,D,1261.08,USD,2026-08-19T19:49:44.109236+00:00,posted
coinbase:1073148944,coinbase:BTC-USD,D,2054.45,USD,2026-08-19T20:59:42.198679+00:00,posted
coinbase:1073148945,coinbase:BTC-USD,D,3916.93,USD,2026-08-19T22:29:53.363475+00:00,posted
coinbase:1073148946,coinbase:BTC-USD,D,4903.25,USD,2026-08-19T20:59:49.604463+00:00,posted
coinbase:1073148947,coinbase:BTC-USD,D,424.11,USD,2026-08-19T22:47:22.563970+00:00,posted
coinbase:1073148949,coinbase:BTC-USD,D,872.37,USD,2026-08-19T22:20:42.654721+00:00,posted
coinbase:1073148948,coinbase:BTC-USD,D,628.68,USD,2026-08-19T20:29:16.402945+00:00,posted
binance:6582458413,binance:BTCUSDT,C,1450.64,USD,2026-08-19T18:54:38.020622+00:00,posted
binance:6582458439,binance:BTCUSDT,C,32.98,USD,2026-08-19T22:57:26.268207+00:00,posted
binance:6582458445,binance:BTCUSDT,C,5.50,USD,2026-08-19T22:46:08.514626+00:00,posted
binance:6582458446,binance:BTCUSDT,C,99.64,USD,2026-08-19T21:09:59.578028+00:00,posted
binance:6582458447,binance:BTCUSDT,C,12.37,USD,2026-08-21T06:23:07.642493+00:00,posted
binance:6582458448,binance:BTCUSDT,C,5.50,USD,2026-08-19T19:01:15.396411+00:00,posted
binance:6582458449,binance:BTCUSDT,C,6.18,USD,2026-08-19T23:59:47.941360+00:00,posted
binance:6582458450,binance:BTCUSDT,C,16.49,USD,2026-08-19T19:39:30.080817+00:00,posted
binance:6582458453,binance:BTCUSDT,C,2710.15,USD,2026-08-19T20:51:06.549177+00:00,posted
binance:6582458474,binance:BTCUSDT,C,43.98,USD,2026-08-19T23:36:02.628541+00:00,posted
binance:6582458482,binance:BTCUSDT,C,5.50,USD,2026-08-19T23:08:03.431507+00:00,posted
binance:6582458483,binance:BTCUSDT,C,16.49,USD,2026-08-19T20:49:35.125767+00:00,posted
binance:6582458486,binance:BTCUSDT,C,1401.10,USD,2026-08-19T19:49:29.711189+00:00,posted
binance:6582458504,binance:BTCUSDT,C,43.98,USD,2026-08-19T23:33:24.263034+00:00,posted
binance:6582458512,binance:BTCUSDT,C,10.99,USD,2026-08-19T22:28:27.550607+00:00,posted
binance:6582458514,binance:BTCUSDT,C,7.56,USD,2026-08-19T20:29:21.039522+00:00,posted
binance:6582458515,binance:BTCUSDT,C,16.49,USD,2026-08-19T23:32:37.062849+00:00,posted
binance:6582458518,binance:BTCUSDT,C,4062.29,USD,2026-08-20T00:04:35.435704+00:00,posted
binance:6582458523,binance:BTCUSDT,C,16.49,USD,2026-08-19T20:49:21.757520+00:00,posted
kraken:105348628,kraken:XBTUSD,C,50.00,USD,2026-08-19T21:33:07.233504+00:00,posted
kraken:105348629,kraken:XBTUSD,C,68.69,USD,2026-08-20T00:11:57.569678+00:00,posted
kraken:105348630,kraken:XBTUSD,C,5358.02,USD,2026-08-20T00:08:43.057992+00:00,posted
coinbase:1073148952,coinbase:BTC-USD,D,686.85,USD,2026-08-19T23:22:16.779185+00:00,posted
coinbase:1073148951,coinbase:BTC-USD,D,1.17,USD,2026-08-19T20:23:24.047189+00:00,posted
coinbase:1073148950,coinbase:BTC-USD,D,1.17,USD,2026-08-20T00:15:31.957908+00:00,posted
coinbase:1073148954,coinbase:BTC-USD,C,4740.45,USD,2026-08-22T08:37:08.246984+00:00,posted
coinbase:1073148953,coinbase:BTC-USD,C,4601.48,USD,2026-08-20T00:07:48.764889+00:00,posted
binance:6582458526,binance:BTCUSDT,C,27.48,USD,2026-08-19T19:51:55.844572+00:00,posted
coinbase:1073148955,coinbase:BTC-USD,D,0.00,USD,2026-08-19T22:01:33.171231+00:00,posted
binance:6582458527,binance:BTCUSDT,C,144.30,USD,2026-08-19T19:28:07.378318+00:00,posted
binance:6582458552,binance:BTCUSDT,C,38.48,USD,2026-08-19T23:14:00.964834+00:00,posted
binance:6582458559,binance:BTCUSDT,C,16.49,USD,2026-08-19T19:17:31.347016+00:00,posted
binance:6582458562,binance:BTCUSDT,C,2005.70,USD,2026-08-19T21:17:52.135433+00:00,posted
binance:6582458564,binance:BTCUSDT,C,28.86,USD,2026-08-19T23:37:44.417398+00:00,posted
binance:6582458565,binance:BTCUSDT,C,5.50,USD,2026-08-19T19:03:45.146611+00:00,posted
binance:6582458566,binance:BTCUSDT,C,16.49,USD,2026-08-19T20:07:21.913179+00:00,posted
binance:6582458569,binance:BTCUSDT,C,21.99,USD,2026-08-21T17:56:26.212508+00:00,posted
binance:6582458573,binance:BTCUSDT,C,1549.44,USD,2026-08-19T22:20:19.965031+00:00,posted
binance:6582458575,binance:BTCUSDT,C,10.99,USD,2026-08-19T19:00:44.586684+00:00,posted
binance:6582458577,binance:BTCUSDT,C,34.36,USD,2026-08-19T18:59:16.405916+00:00,posted
binance:6582458582,binance:BTCUSDT,C,171.77,USD,2026-08-19T22:58:04.495405+00:00,posted
binance:6582458583,binance:BTCUSDT,C,16.49,USD,2026-08-19T20:56:17.153259+00:00,posted
binance:6582458586,binance:BTCUSDT,C,5.50,USD,2026-08-19T21:33:01.741454+00:00,posted
binance:6582458587,binance:BTCUSDT,C,16.49,USD,2026-08-19T21:50:08.694476+00:00,posted
binance:6582458590,binance:BTCUSDT,C,4022.26,USD,2026-08-19T23:42:06.321128+00:00,posted
binance:6582458595,binance:BTCUSDT,D,13.05,USD,2026-08-19T23:18:31.119409+00:00,posted
binance:6582458596,binance:BTCUSDT,C,48.78,USD,2026-08-19T18:57:30.299799+00:00,posted
binance:6582458605,binance:BTCUSDT,C,1.37,USD,2026-08-20T23:40:24.342302+00:00,posted
binance:6582458606,binance:BTCUSDT,C,27.48,USD,2026-08-19T22:04:52.708964+00:00,posted
binance:6582458611,binance:BTCUSDT,C,50.16,USD,2026-08-19T20:08:27.055557+00:00,posted
binance:6582458620,binance:BTCUSDT,C,5.50,USD,2026-08-19T21:23:39.221633+00:00,posted
binance:6582458621,binance:BTCUSDT,C,10.99,USD,2026-08-19T20:14:53.181571+00:00,posted
binance:6582458623,binance:BTCUSDT,C,50.84,USD,2026-08-20T00:10:52.456503+00:00,posted
binance:6582458632,binance:BTCUSDT,C,10.99,USD,2026-08-19T22:46:58.819237+00:00,posted
binance:6582458634,binance:BTCUSDT,C,1297.19,USD,2026-08-19T18:48:49.095352+00:00,posted
binance:6582458648,binance:BTCUSDT,C,43.97,USD,2026-08-19T19:58:19.522951+00:00,posted
binance:6582458656,binance:BTCUSDT,C,250.78,USD,2026-08-19T23:09:11.463209+00:00,posted
binance:6582458658,binance:BTCUSDT,C,80.39,USD,2026-08-19T19:06:55.547860+00:00,posted
binance:6582458672,binance:BTCUSDT,C,21.99,USD,2026-08-19T19:11:12.307213+00:00,posted
binance:6582458676,binance:BTCUSDT,C,5.50,USD,2026-08-19T21:41:22.272091+00:00,posted
binance:6582458677,binance:BTCUSDT,C,5.50,USD,2026-08-19T20:22:27.592175+00:00,posted
binance:6582458678,binance:BTCUSDT,C,5.50,USD,2026-08-19T20:02:19.948921+00:00,posted
binance:6582458679,binance:BTCUSDT,C,16.49,USD,2026-08-19T21:25:19.704319+00:00,posted
binance:6582458682,binance:BTCUSDT,C,10040.48,USD,2026-08-19T22:01:22.066261+00:00,posted
binance:6582458690,binance:BTCUSDT,C,10.99,USD,2026-08-19T21:02:12.360665+00:00,posted
binance:6582458692,binance:BTCUSDT,C,16.49,USD,2026-08-19T22:46:22.726207+00:00,posted
binance:6582458695,binance:BTCUSDT,C,17.86,USD,2026-08-19T22:07:58.294004+00:00,posted
binance:6582458698,binance:BTCUSDT,C,5.50,USD,2026-08-19T19:12:03.571719+00:00,posted
binance:6582458699,binance:BTCUSDT,C,41.22,USD,2026-08-19T20:38:25.029092+00:00,posted
coinbase:1073148956,coinbase:BTC-USD,C,1550.79,USD,2026-08-19T19:18:14.301212+00:00,posted
coinbase:1073148957,coinbase:BTC-USD,C,0.32,USD,2026-08-19T22:37:17.520831+00:00,posted
coinbase:1073148959,coinbase:BTC-USD,D,686.80,USD,2026-08-19T20:24:48.445040+00:00,posted
coinbase:1073148958,coinbase:BTC-USD,D,1.16,USD,2026-08-19T21:02:11.776074+00:00,posted
binance:6582458706,binance:BTCUSDT,C,94.12,USD,2026-08-19T23:21:34.012863+00:00,posted
binance:6582458723,binance:BTCUSDT,C,32.98,USD,2026-08-19T23:04:33.033176+00:00,posted
binance:6582458729,binance:BTCUSDT,C,17.86,USD,2026-08-19T21:30:17.303490+00:00,posted
binance:6582458732,binance:BTCUSDT,C,6.18,USD,2026-08-19T21:11:28.618743+00:00,posted
binance:6582458733,binance:BTCUSDT,C,5.50,USD,2026-08-19T19:03:06.164379+00:00,posted
coinbase:1073148964,coinbase:BTC-USD,D,8087.59,USD,2026-08-19T19:26:15.219500+00:00,posted
coinbase:1073148963,coinbase:BTC-USD,D,686.75,USD,2026-08-19T23:05:18.342996+00:00,posted
coinbase:1073148961,coinbase:BTC-USD,D,1.17,USD,2026-08-19T21:39:29.349043+00:00,posted
coinbase:1073148960,coinbase:BTC-USD,D,1.17,USD,2026-08-19T20:56:41.945931+00:00,posted
coinbase:1073148965,coinbase:BTC-USD,C,0.01,USD,2026-08-19T19:16:58.191847+00:00,posted
kraken:105348631,kraken:XBTUSD,C,4120.67,USD,2026-08-19T18:56:48.226438+00:00,posted
coinbase:1073148967,coinbase:BTC-USD,D,42.09,USD,2026-08-19T21:18:09.768357+00:00,posted
coinbase:1073148966,coinbase:BTC-USD,D,1.17,USD,2026-08-19T22:53:42.512714+00:00,posted
coinbase:1073148968,coinbase:BTC-USD,D,243.48,USD,2026-08-21T04:47:23.104503+00:00,posted
coinbase:1073148969,coinbase:BTC-USD,D,66.05,USD,2026-08-19T20:45:13.069204+00:00,posted
coinbase:1073148970,coinbase:BTC-USD,D,1.17,USD,2026-08-19T21:35:48.026572+00:00,posted
coinbase:1073148971,coinbase:BTC-USD,D,3503.34,USD,2026-08-19T21:56:34.755025+00:00,posted
coinbase:1073148972,coinbase:BTC-USD,C,0.00,USD,2026-08-19T23:27:27.506429+00:00,posted
binance:6582458734,binance:BTCUSDT,C,100.99,USD,2026-08-19T21:53:03.503065+00:00,posted
binance:6582458752,binance:BTCUSDT,C,38.47,USD,2026-08-19T22:12:47.697584+00:00,posted
binance:6582458759,binance:BTCUSDT,C,10.99,USD,2026-08-19T23:22:09.912446+00:00,posted
binance:6582458761,binance:BTCUSDT,C,68.70,USD,2026-08-20T00:05:38.315364+00:00,posted
binance:6582458762,binance:BTCUSDT,C,10.99,USD,2026-08-19T20:28:07.682677+00:00,posted
binance:6582458764,binance:BTCUSDT,C,618.99,USD,2026-08-19T23:09:45.825124+00:00,posted
binance:6582458769,binance:BTCUSDT,C,7516.47,USD,2026-08-19T23:05:17.176629+00:00,posted
binance:6582458773,binance:BTCUSDT,C,16.49,USD,2026-08-19T20:06:09.388337+00:00,posted
binance:6582458776,binance:BTCUSDT,C,3981.14,USD,2026-08-19T23:49:00.300655+00:00,posted
binance:6582458780,binance:BTCUSDT,C,5.50,USD,2026-08-19T21:42:14.797570+00:00,posted
binance:6582458781,binance:BTCUSDT,C,100.99,USD,2026-08-19T19:57:45.224842+00:00,posted
binance:6582458799,binance:BTCUSDT,C,122.28,USD,2026-08-19T22:10:35.686188+00:00,posted
binance:6582458821,binance:BTCUSDT,C,32.98,USD,2026-08-19T19:21:37.416835+00:00,posted
binance:6582458827,binance:BTCUSDT,C,21.98,USD,2026-08-19T22:35:52.350994+00:00,posted
binance:6582458832,binance:BTCUSDT,C,12.37,USD,2026-08-19T21:35:14.926553+00:00,posted
binance:6582458833,binance:BTCUSDT,C,6.18,USD,2026-08-19T21:59:29.120780+00:00,posted
binance:6582458835,binance:BTCUSDT,C,16.49,USD,2026-08-19T21:17:19.954175+00:00,posted
binance:6582458838,binance:BTCUSDT,C,94.80,USD,2026-08-19T23:14:13.455036+00:00,posted
binance:6582458855,binance:BTCUSDT,C,32.97,USD,2026-08-19T22:05:05.860232+00:00,posted
binance:6582458861,binance:BTCUSDT,C,5.50,USD,2026-08-19T23:58:51.723793+00:00,posted
binance:6582458862,binance:BTCUSDT,C,5.50,USD,2026-08-19T22:13:53.204270+00:00,posted
binance:6582458863,binance:BTCUSDT,C,3916.88,USD,2026-08-19T23:34:46.106833+00:00,posted
binance:6582458864,binance:BTCUSDT,C,5.50,USD,2026-08-19T23:21:48.010275+00:00,posted
binance:6582458865,binance:BTCUSDT,C,7.56,USD,2026-08-19T22:58:26.416959+00:00,posted
binance:6582458866,binance:BTCUSDT,C,16.49,USD,2026-08-19T22:30:51.413583+00:00,posted
binance:6582458869,binance:BTCUSDT,C,5.50,USD,2026-08-19T23:29:41.625811+00:00,posted
binance:6582458870,binance:BTCUSDT,C,27.48,USD,2026-08-21T01:15:55.708254+00:00,posted
binance:6582458875,binance:BTCUSDT,C,28.16,USD,2026-08-22T06:13:56.444655+00:00,posted
binance:6582458880,binance:BTCUSDT,C,5.50,USD,2026-08-19T21:55:29.894791+00:00,posted
binance:6582458881,binance:BTCUSDT,C,5.50,USD,2026-08-19T21:54:22.152456+00:00,posted
binance:6582458882,binance:BTCUSDT,C,10.99,USD,2026-08-19T23:02:39.953141+00:00,posted
binance:6582458884,binance:BTCUSDT,C,6.18,USD,2026-08-19T21:55:44.157371+00:00,posted
binance:6582458885,binance:BTCUSDT,C,6.18,USD,2026-08-19T23:30:33.748804+00:00,posted
binance:6582458886,binance:BTCUSDT,C,12.36,USD,2026-08-19T23:41:41.108612+00:00,posted
binance:6582458887,binance:BTCUSDT,C,16.49,USD,2026-08-22T09:02:11.400129+00:00,posted
binance:6582458890,binance:BTCUSDT,C,1285.87,USD,2026-08-19T23:05:22.879663+00:00,posted
binance:6582458891,binance:BTCUSDT,C,6.18,USD,2026-08-19T21:09:39.942972+00:00,posted
coinbase:1073148974,coinbase:BTC-USD,D,872.05,USD,2026-08-20T00:04:48.862782+00:00,posted
coinbase:1073148973,coinbase:BTC-USD,D,1.17,USD,2026-08-20T00:14:30.876185+00:00,posted
coinbase:1073148976,coinbase:BTC-USD,D,686.65,USD,2026-08-19T20:59:08.706233+00:00,posted
coinbase:1073148975,coinbase:BTC-USD,D,0.00,USD,2026-08-19T22:59:51.503286+00:00,posted
coinbase:1073148979,coinbase:BTC-USD,D,70.12,USD,2026-08-19T18:57:52.771415+00:00,posted
coinbase:1073148978,coinbase:BTC-USD,D,1.17,USD,2026-08-19T22:55:04.144680+00:00,posted
coinbase:1073148977,coinbase:BTC-USD,D,1.17,USD,2026-08-19T23:59:00.492779+00:00,posted
coinbase:1073148980,coinbase:BTC-USD,D,0.00,USD,2026-08-19T21:39:24.348594+00:00,posted
coinbase:1073148981,coinbase:BTC-USD,C,95.18,USD,2026-08-19T22:28:57.411764+00:00,posted
coinbase:1073148983,coinbase:BTC-USD,D,1.17,USD,2026-08-19T20:47:12.226845+00:00,posted
coinbase:1073148982,coinbase:BTC-USD,D,12159.25,USD,2026-08-20T00:01:19.846717+00:00,posted
coinbase:1073148986,coinbase:BTC-USD,D,2088.27,USD,2026-08-19T23:43:50.455790+00:00,posted
coinbase:1073148985,coinbase:BTC-USD,D,5296.70,USD,2026-08-19T23:23:40.784431+00:00,posted
coinbase:1073148984,coinbase:BTC-USD,D,1.17,USD,2026-08-19T23:21:03.223092+00:00,posted
coinbase:1073148987,coinbase:BTC-USD,C,0.00,USD,2026-08-20T00:04:36.963427+00:00,posted
coinbase:1073148988,coinbase:BTC-USD,D,0.00,USD,2026-08-19T19:26:41.126316+00:00,posted
binance:6582458893,binance:BTCUSDT,C,1611.45,USD,2026-08-19T22:37:12.433355+00:00,posted
binance:6582458916,binance:BTCUSDT,C,16.49,USD,2026-08-19T20:40:27.127653+00:00,posted
binance:6582458919,binance:BTCUSDT,C,11.68,USD,2026-08-19T23:27:58.241261+00:00,posted
binance:6582458921,binance:BTCUSDT,C,16.49,USD,2026-08-19T22:02:40.741221+00:00,posted
binance:6582458924,binance:BTCUSDT,C,316.65,USD,2026-08-19T22:31:04.373947+00:00,posted
binance:6582458925,binance:BTCUSDT,C,781.67,USD,2026-08-19T20:15:36.164194+00:00,posted
binance:6582458927,binance:BTCUSDT,C,5.50,USD,2026-08-19T20:54:00.791985+00:00,posted
binance:6582458928,binance:BTCUSDT,C,5.50,USD,2026-08-19T21:02:05.714918+00:00,posted
binance:6582458929,binance:BTCUSDT,C,5.49,USD,2026-08-19T21:53:12.123409+00:00,posted
binance:6582458930,binance:BTCUSDT,C,16.48,USD,2026-08-19T19:20:14.006010+00:00,posted
binance:6582458933,binance:BTCUSDT,C,10.99,USD,2026-08-19T23:38:57.881175+00:00,posted
binance:6582458935,binance:BTCUSDT,C,16.48,USD,2026-08-19T23:14:11.803823+00:00,posted
binance:6582458938,binance:BTCUSDT,C,787.15,USD,2026-08-19T20:38:58.280317+00:00,posted
binance:6582458940,binance:BTCUSDT,C,16.48,USD,2026-08-19T19:27:28.282531+00:00,posted
binance:6582458943,binance:BTCUSDT,C,5.49,USD,2026-08-19T23:04:17.529518+00:00,posted
binance:6582458944,binance:BTCUSDT,C,5.49,USD,2026-08-19T19:36:57.851370+00:00,posted
binance:6582458945,binance:BTCUSDT,C,6.18,USD,2026-08-19T23:02:56.869049+00:00,posted
binance:6582458946,binance:BTCUSDT,C,16.48,USD,2026-08-19T20:17:32.250823+00:00,posted
binance:6582458949,binance:BTCUSDT,C,1032.34,USD,2026-08-19T23:29:50.413069+00:00,posted
binance:6582458951,binance:BTCUSDT,C,5.49,USD,2026-08-19T19:42:00.662108+00:00,posted
binance:6582458952,binance:BTCUSDT,C,6.18,USD,2026-08-19T18:48:07.969951+00:00,posted
binance:6582458955,binance:BTCUSDT,C,16.48,USD,2026-08-19T23:47:13.914610+00:00,posted
binance:6582458958,binance:BTCUSDT,C,1373.68,USD,2026-08-20T00:17:17.783145+00:00,posted
binance:6582458959,binance:BTCUSDT,C,20.61,USD,2026-08-20T00:11:05.682847+00:00,posted
binance:6582458960,binance:BTCUSDT,C,11.68,USD,2026-08-19T19:54:29.363735+00:00,posted
binance:6582458962,binance:BTCUSDT,C,820.76,USD,2026-08-21T23:40:03.170502+00:00,posted
binance:6582458964,binance:BTCUSDT,C,5.49,USD,2026-08-19T23:19:30.432714+00:00,posted
binance:6582458965,binance:BTCUSDT,C,11.68,USD,2026-08-19T21:41:59.287065+00:00,posted
binance:6582458967,binance:BTCUSDT,C,12.36,USD,2026-08-19T20:19:57.694103+00:00,posted
binance:6582458968,binance:BTCUSDT,C,5.49,USD,2026-08-19T22:07:57.968951+00:00,posted
binance:6582458969,binance:BTCUSDT,C,22030.61,USD,2026-08-19T20:33:52.179092+00:00,posted
binance:6582458972,binance:BTCUSDT,C,5001.45,USD,2026-08-19T23:03:06.957549+00:00,posted
binance:6582458975,binance:BTCUSDT,C,17.17,USD,2026-08-19T21:40:00.394792+00:00,posted
binance:6582458976,binance:BTCUSDT,C,5.49,USD,2026-08-20T00:01:07.191484+00:00,posted
binance:6582458977,binance:BTCUSDT,C,5.49,USD,2026-08-19T22:14:42.759980+00:00,posted
binance:6582458978,binance:BTCUSDT,C,105.08,USD,2026-08-19T20:16:57.007848+00:00,posted
binance:6582458979,binance:BTCUSDT,C,5.49,USD,2026-08-19T21:13:13.463090+00:00,posted
binance:6582458980,binance:BTCUSDT,C,1114.01,USD,2026-08-22T01:59:16.061559+00:00,posted
binance:6582458981,binance:BTCUSDT,C,63.19,USD,2026-08-19T22:47:23.821975+00:00,posted
binance:6582458982,binance:BTCUSDT,C,1199.86,USD,2026-08-19T21:03:39.196837+00:00,posted
coinbase:1073148989,coinbase:BTC-USD,C,499.87,USD,2026-08-19T19:33:05.063012+00:00,posted
coinbase:1073148995,coinbase:BTC-USD,D,11997.76,USD,2026-08-19T22:53:56.785190+00:00,posted
coinbase:1073148994,coinbase:BTC-USD,D,12156.69,USD,2026-08-19T22:14:11.413195+00:00,posted
coinbase:1073148993,coinbase:BTC-USD,D,1.17,USD,2026-08-19T20:54:41.266401+00:00,posted
coinbase:1073148992,coinbase:BTC-USD,D,4430.05,USD,2026-08-19T23:01:37.137510+00:00,posted
coinbase:1073148991,coinbase:BTC-USD,D,1.17,USD,2026-08-19T20:58:54.819712+00:00,posted
coinbase:1073148990,coinbase:BTC-USD,D,1.17,USD,2026-08-19T21:43:52.710726+00:00,posted
coinbase:1073148999,coinbase:BTC-USD,D,22276.94,USD,2026-08-19T21:17:35.252994+00:00,posted
coinbase:1073148998,coinbase:BTC-USD,D,30000.00,USD,2026-08-22T15:00:12.305813+00:00,posted
coinbase:1073148997,coinbase:BTC-USD,D,16360.59,USD,2026-08-19T23:54:54.796206+00:00,posted
coinbase:1073149006,coinbase:BTC-USD,D,7943.35,USD,2026-08-19T23:50:01.921492+00:00,posted
coinbase:1073149005,coinbase:BTC-USD,D,11996.72,USD,2026-08-19T21:21:59.114894+00:00,posted
coinbase:1073149004,coinbase:BTC-USD,D,9996.93,USD,2026-08-19T21:21:00.947384+00:00,posted
coinbase:1073149003,coinbase:BTC-USD,D,12155.17,USD,2026-08-20T00:16:31.692783+00:00,posted
coinbase:1073149002,coinbase:BTC-USD,D,18815.17,USD,2026-08-19T22:31:33.745092+00:00,posted
coinbase:1073149001,coinbase:BTC-USD,D,0.58,USD,2026-08-19T19:24:58.574236+00:00,posted
coinbase:1073149007,coinbase:BTC-USD,D,2.19,USD,2026-08-19T22:28:47.428802+00:00,posted
coinbase:1073149011,coinbase:BTC-USD,D,2602.46,USD,2026-08-19T21:31:24.510349+00:00,posted
coinbase:1073149010,coinbase:BTC-USD,D,4998.28,USD,2026-08-19T20:41:39.009680+00:00,posted
coinbase:1073149009,coinbase:BTC-USD,D,150.00,USD,2026-08-19T19:59:50.121937+00:00,posted
coinbase:1073149008,coinbase:BTC-USD,D,40288.16,USD,2026-08-19T20:29:09.243610+00:00,posted
coinbase:1073149014,coinbase:BTC-USD,D,26490.91,USD,2026-08-19T22:47:23.233886+00:00,posted
coinbase:1073149013,coinbase:BTC-USD,D,12153.64,USD,2026-08-19T21:58:49.067462+00:00,posted
coinbase:1073149012,coinbase:BTC-USD,D,9393.26,USD,2026-08-19T21:36:12.017033+00:00,posted
binance:6582458987,binance:BTCUSDT,C,2037.78,USD,2026-08-19T19:19:00.149617+00:00,posted
binance:6582459008,binance:BTCUSDT,C,5.49,USD,2026-08-20T00:16:08.319272+00:00,posted
binance:6582459009,binance:BTCUSDT,C,21.98,USD,2026-08-19T19:55:25.556254+00:00,posted
binance:6582459013,binance:BTCUSDT,C,10.99,USD,2026-08-19T19:21:20.713699+00:00,posted
binance:6582459015,binance:BTCUSDT,C,6.18,USD,2026-08-19T19:23:32.723830+00:00,posted
binance:6582459016,binance:BTCUSDT,C,171.70,USD,2026-08-19T21:20:40.188629+00:00,posted
binance:6582459017,binance:BTCUSDT,C,5.49,USD,2026-08-19T22:28:00.799858+00:00,posted
binance:6582459018,binance:BTCUSDT,C,16.48,USD,2026-08-19T19:49:24.364829+00:00,posted
binance:6582459021,binance:BTCUSDT,C,884.57,USD,2026-08-19T19:18:15.675103+00:00,posted
binance:6582459036,binance:BTCUSDT,C,5.49,USD,2026-08-19T23:18:37.328399+00:00,posted
binance:6582459037,binance:BTCUSDT,C,6.18,USD,2026-08-19T19:48:00.119785+00:00,posted
kraken:105348632,kraken:XBTUSD,C,99.97,USD,2026-08-19T20:13:58.513878+00:00,posted
kraken:105348633,kraken:XBTUSD,C,50.00,USD,2026-08-19T21:06:22.147188+00:00,posted
kraken:105348634,kraken:XBTUSD,C,50.00,USD,2026-08-19T20:40:03.489798+00:00,posted
binance:6582459038,binance:BTCUSDT,C,858.46,USD,2026-08-19T23:06:39.781998+00:00,posted
binance:6582459048,binance:BTCUSDT,C,10.99,USD,2026-08-19T21:12:19.804858+00:00,posted
binance:6582459050,binance:BTCUSDT,C,2.75,USD,2026-08-19T23:33:47.124939+00:00,posted
binance:6582459051,binance:BTCUSDT,C,2.75,USD,2026-08-19T23:19:15.144661+00:00,posted
binance:6582459052,binance:BTCUSDT,C,10.99,USD,2026-08-19T19:25:45.483204+00:00,posted
binance:6582459054,binance:BTCUSDT,C,0.69,USD,2026-08-19T21:47:10.303717+00:00,posted
binance:6582459055,binance:BTCUSDT,C,5.49,USD,2026-08-21T15:23:53.184329+00:00,posted
binance:6582459056,binance:BTCUSDT,C,5.49,USD,2026-08-19T21:56:42.793199+00:00,posted
binance:6582459057,binance:BTCUSDT,C,2.06,USD,2026-08-19T22:51:36.723271+00:00,posted
binance:6582459070,binance:BTCUSDT,C,787.70,USD,2026-08-19T22:39:44.594575+00:00,posted
binance:6582459072,binance:BTCUSDT,C,5.49,USD,2026-08-19T22:17:54.445083+00:00,posted
binance:6582459073,binance:BTCUSDT,C,11.67,USD,2026-08-19T23:53:45.459302+00:00,posted
binance:6582459075,binance:BTCUSDT,C,16.48,USD,2026-08-19T21:25:39.532790+00:00,posted
binance:6582459078,binance:BTCUSDT,C,1124.88,USD,2026-08-19T20:05:40.580374+00:00,posted
binance:6582459080,binance:BTCUSDT,C,8.93,USD,2026-08-19T23:05:10.512113+00:00,posted
binance:6582459058,binance:BTCUSDT,C,21.29,USD,2026-08-19T23:09:18.371418+00:00,posted
binance:6582459061,binance:BTCUSDT,C,5.49,USD,2026-08-19T18:48:33.350986+00:00,posted
binance:6582459062,binance:BTCUSDT,C,16.48,USD,2026-08-19T19:15:38.951612+00:00,posted
binance:6582459065,binance:BTCUSDT,C,1126.26,USD,2026-08-19T19:47:21.661672+00:00,posted
binance:6582459081,binance:BTCUSDT,C,59.75,USD,2026-08-19T20:36:01.006926+00:00,posted
binance:6582459082,binance:BTCUSDT,C,5.49,USD,2026-08-20T00:15:13.358867+00:00,posted
binance:6582459091,binance:BTCUSDT,D,87.90,USD,2026-08-20T00:14:08.467792+00:00,posted
binance:6582459092,binance:BTCUSDT,D,87.90,USD,2026-08-19T22:34:26.375368+00:00,posted
binance:6582459093,binance:BTCUSDT,D,87.90,USD,2026-08-19T19:37:25.517253+00:00,posted
binance:6582459094,binance:BTCUSDT,D,87.90,USD,2026-08-19T19:11:49.289949+00:00,posted
binance:6582459095,binance:BTCUSDT,D,87.90,USD,2026-08-19T20:35:51.147393+00:00,posted
binance:6582459096,binance:BTCUSDT,D,98.89,USD,2026-08-19T21:18:31.944300+00:00,posted
binance:6582459097,binance:BTCUSDT,D,87.90,USD,2026-08-19T19:00:49.584379+00:00,posted
binance:6582459098,binance:BTCUSDT,D,87.90,USD,2026-08-19T23:02:45.678638+00:00,posted
binance:6582459099,binance:BTCUSDT,D,87.90,USD,2026-08-19T21:09:42.004286+00:00,posted
binance:6582459100,binance:BTCUSDT,D,87.90,USD,2026-08-19T20:23:07.095980+00:00,posted
binance:6582459101,binance:BTCUSDT,D,87.90,USD,2026-08-19T18:53:08.867430+00:00,posted
binance:6582459102,binance:BTCUSDT,D,87.90,USD,2026-08-19T23:42:13.870897+00:00,posted
binance:6582459103,binance:BTCUSDT,D,998.50,USD,2026-08-20T00:01:46.494732+00:00,posted
binance:6582459104,binance:BTCUSDT,C,12.36,USD,2026-08-19T20:03:38.797526+00:00,posted
binance:6582459106,binance:BTCUSDT,C,39.83,USD,2026-08-19T21:10:45.163274+00:00,posted
binance:6582459113,binance:BTCUSDT,C,7.55,USD,2026-08-19T22:44:20.446970+00:00,posted
binance:6582459114,binance:BTCUSDT,C,16.48,USD,2026-08-20T00:07:36.275201+00:00,posted
binance:6582459117,binance:BTCUSDT,C,775.30,USD,2026-08-19T20:26:11.893927+00:00,posted
binance:6582459118,binance:BTCUSDT,D,87.90,USD,2026-08-19T23:27:02.259541+00:00,posted
binance:6582459119,binance:BTCUSDT,D,87.90,USD,2026-08-19T21:50:28.885182+00:00,posted
binance:6582459120,binance:BTCUSDT,D,87.90,USD,2026-08-19T21:16:55.676441+00:00,posted
binance:6582459121,binance:BTCUSDT,D,87.90,USD,2026-08-19T21:18:54.907936+00:00,posted
binance:6582459122,binance:BTCUSDT,D,17040.04,USD,2026-08-19T23:49:04.566595+00:00,posted
binance:6582459124,binance:BTCUSDT,D,2745.47,USD,2026-08-19T21:13:28.606044+00:00,posted
binance:6582459125,binance:BTCUSDT,D,19056.97,USD,2026-08-19T19:46:53.813468+00:00,posted
binance:6582459126,binance:BTCUSDT,C,50.82,USD,2026-08-19T21:00:21.511942+00:00,posted
binance:6582459130,binance:BTCUSDT,C,6.18,USD,2026-08-19T19:52:29.353221+00:00,posted
binance:6582459131,binance:BTCUSDT,C,11.67,USD,2026-08-19T22:24:31.965338+00:00,posted
binance:6582459133,binance:BTCUSDT,C,5.49,USD,2026-08-19T20:53:21.652242+00:00,posted
binance:6582459134,binance:BTCUSDT,C,5.49,USD,2026-08-19T21:31:07.761483+00:00,posted
binance:6582459135,binance:BTCUSDT,C,11.67,USD,2026-08-19T20:54:41.369135+00:00,posted
binance:6582459137,binance:BTCUSDT,C,16.48,USD,2026-08-19T22:13:36.872737+00:00,posted
binance:6582459140,binance:BTCUSDT,C,1265.58,USD,2026-08-19T21:34:43.724823+00:00,posted
binance:6582459141,binance:BTCUSDT,D,25.41,USD,2026-08-19T19:38:36.299378+00:00,posted
binance:6582459142,binance:BTCUSDT,D,20111.23,USD,2026-08-19T20:33:27.078303+00:00,posted
binance:6582459144,binance:BTCUSDT,D,1420.09,USD,2026-08-19T21:30:48.137788+00:00,posted
binance:6582459145,binance:BTCUSDT,D,8622.88,USD,2026-08-19T23:08:41.230631+00:00,posted
binance:6582459146,binance:BTCUSDT,D,8411.55,USD,2026-08-19T22:32:43.718115+00:00,posted
binance:6582459149,binance:BTCUSDT,D,87.90,USD,2026-08-19T22:32:59.082789+00:00,posted
binance:6582459150,binance:BTCUSDT,D,13252.92,USD,2026-08-19T20:49:28.658159+00:00,posted
binance:6582459153,binance:BTCUSDT,D,9244.04,USD,2026-08-19T23:39:12.581124+00:00,posted
binance:6582459155,binance:BTCUSDT,D,1812.93,USD,2026-08-19T23:34:10.968902+00:00,posted
binance:6582459156,binance:BTCUSDT,D,8879.39,USD,2026-08-19T20:56:33.833746+00:00,posted
binance:6582459157,binance:BTCUSDT,D,87.90,USD,2026-08-19T20:37:19.939238+00:00,posted
binance:6582459158,binance:BTCUSDT,D,99.57,USD,2026-08-19T19:00:27.428753+00:00,posted
binance:6582459159,binance:BTCUSDT,D,147.64,USD,2026-08-19T19:43:13.585272+00:00,posted
binance:6582459161,binance:BTCUSDT,D,2850.61,USD,2026-08-19T19:45:51.738716+00:00,posted
binance:6582459162,binance:BTCUSDT,D,12888.97,USD,2026-08-19T23:29:07.911659+00:00,posted
binance:6582459163,binance:BTCUSDT,D,8111.62,USD,2026-08-19T19:48:03.385594+00:00,posted
binance:6582459164,binance:BTCUSDT,D,15576.35,USD,2026-08-19T21:19:50.356164+00:00,posted
binance:6582459167,binance:BTCUSDT,D,1076.77,USD,2026-08-19T19:34:07.789351+00:00,posted
binance:6582459168,binance:BTCUSDT,D,13263.45,USD,2026-08-19T22:09:34.247894+00:00,posted
binance:6582459169,binance:BTCUSDT,D,6886.50,USD,2026-08-19T20:09:11.947938+00:00,posted
binance:6582459176,binance:BTCUSDT,D,7124.11,USD,2026-08-19T22:33:22.583654+00:00,posted
binance:6582459177,binance:BTCUSDT,D,21843.43,USD,2026-08-19T23:27:14.290703+00:00,posted
binance:6582459178,binance:BTCUSDT,D,7124.11,USD,2026-08-21T12:13:32.404795+00:00,posted
binance:6582459179,binance:BTCUSDT,D,87.90,USD,2026-08-19T23:58:12.760448+00:00,posted
binance:6582459180,binance:BTCUSDT,C,5.49,USD,2026-08-19T23:45:18.831219+00:00,posted
binance:6582459181,binance:BTCUSDT,C,5.49,USD,2026-08-19T19:21:50.208719+00:00,posted
binance:6582459182,binance:BTCUSDT,C,118.80,USD,2026-08-19T20:13:51.199409+00:00,posted
binance:6582459185,binance:BTCUSDT,C,16.48,USD,2026-08-19T23:50:05.520127+00:00,posted
binance:6582459188,binance:BTCUSDT,C,5.49,USD,2026-08-19T22:59:06.441516+00:00,posted
binance:6582459189,binance:BTCUSDT,C,5.49,USD,2026-08-19T23:55:25.567003+00:00,posted
binance:6582459190,binance:BTCUSDT,C,12.36,USD,2026-08-19T23:59:40.259894+00:00,posted
binance:6582459191,binance:BTCUSDT,D,56.31,USD,2026-08-20T00:07:27.611273+00:00,posted
binance:6582459192,binance:BTCUSDT,D,6497.40,USD,2026-08-20T00:00:00.859800+00:00,posted
binance:6582459193,binance:BTCUSDT,D,2901.92,USD,2026-08-19T22:37:01.812025+00:00,posted
binance:6582459194,binance:BTCUSDT,D,3595.50,USD,2026-08-19T22:08:25.941941+00:00,posted
binance:6582459195,binance:BTCUSDT,C,34.33,USD,2026-08-19T19:21:32.748320+00:00,posted
binance:6582459200,binance:BTCUSDT,D,6497.40,USD,2026-08-19T23:57:52.450881+00:00,posted
binance:6582459201,binance:BTCUSDT,D,3555.65,USD,2026-08-21T12:01:11.968750+00:00,posted
binance:6582459202,binance:BTCUSDT,D,3568.03,USD,2026-08-20T00:03:22.705761+00:00,posted
binance:6582459203,binance:BTCUSDT,D,6485.07,USD,2026-08-19T21:52:10.739076+00:00,posted
binance:6582459205,binance:BTCUSDT,D,7805.58,USD,2026-08-19T21:28:46.592927+00:00,posted
binance:6582459206,binance:BTCUSDT,D,12179.11,USD,2026-08-19T23:20:01.046409+00:00,posted
binance:6582459208,binance:BTCUSDT,D,6497.45,USD,2026-08-19T19:51:53.137889+00:00,posted
binance:6582459209,binance:BTCUSDT,D,20229.84,USD,2026-08-19T19:27:24.339020+00:00,posted
binance:6582459211,binance:BTCUSDT,D,18495.27,USD,2026-08-19T21:36:52.520923+00:00,posted
binance:6582459213,binance:BTCUSDT,D,123.60,USD,2026-08-19T23:53:29.887713+00:00,posted
binance:6582459214,binance:BTCUSDT,D,903.69,USD,2026-08-19T21:26:36.882413+00:00,posted
binance:6582459215,binance:BTCUSDT,D,18894.41,USD,2026-08-19T19:03:17.197745+00:00,posted
binance:6582459219,binance:BTCUSDT,D,5.49,USD,2026-08-19T22:40:21.564081+00:00,posted
binance:6582459220,binance:BTCUSDT,D,37.08,USD,2026-08-19T20:16:37.627890+00:00,posted
binance:6582459221,binance:BTCUSDT,D,51.50,USD,2026-08-19T20:58:00.487911+00:00,posted
binance:6582459222,binance:BTCUSDT,D,9367.25,USD,2026-08-20T23:27:28.689747+00:00,posted
binance:6582459223,binance:BTCUSDT,D,9455.83,USD,2026-08-19T19:54:34.263345+00:00,posted
binance:6582459224,binance:BTCUSDT,D,3673.15,USD,2026-08-19T19:45:04.270270+00:00,posted
binance:6582459225,binance:BTCUSDT,D,5782.69,USD,2026-08-19T19:58:35.237453+00:00,posted
binance:6582459226,binance:BTCUSDT,D,9455.86,USD,2026-08-19T22:48:00.044000+00:00,posted
binance:6582459227,binance:BTCUSDT,D,5137.93,USD,2026-08-19T19:19:56.861235+00:00,posted
binance:6582459228,binance:BTCUSDT,D,123.61,USD,2026-08-19T21:15:25.850832+00:00,posted
binance:6582459229,binance:BTCUSDT,D,21003.73,USD,2026-08-19T18:53:06.702865+00:00,posted
binance:6582459233,binance:BTCUSDT,D,2976.20,USD,2026-08-20T00:02:12.844927+00:00,posted
binance:6582459234,binance:BTCUSDT,D,4147.74,USD,2026-08-19T23:33:01.103845+00:00,posted
binance:6582459235,binance:BTCUSDT,D,5.49,USD,2026-08-19T20:21:21.659311+00:00,posted
binance:6582459236,binance:BTCUSDT,D,1002.60,USD,2026-08-19T19:16:34.092171+00:00,posted
binance:6582459237,binance:BTCUSDT,D,10.99,USD,2026-08-19T19:46:19.809108+00:00,posted
binance:6582459239,binance:BTCUSDT,D,9783.64,USD,2026-08-19T21:42:27.178913+00:00,posted
binance:6582459240,binance:BTCUSDT,D,11881.55,USD,2026-08-19T22:37:31.140648+00:00,posted
binance:6582459241,binance:BTCUSDT,D,7051.54,USD,2026-08-19T21:53:06.194810+00:00,posted
binance:6582459242,binance:BTCUSDT,D,20.60,USD,2026-08-19T23:23:20.040611+00:00,posted
binance:6582459243,binance:BTCUSDT,D,6894.42,USD,2026-08-19T18:50:01.965249+00:00,posted
binance:6582459244,binance:BTCUSDT,D,20.60,USD,2026-08-19T20:05:21.976759+00:00,posted
binance:6582459245,binance:BTCUSDT,D,6389.20,USD,2026-08-19T21:51:53.315325+00:00,posted
binance:6582459246,binance:BTCUSDT,D,13433.53,USD,2026-08-19T21:00:32.213421+00:00,posted
binance:6582459247,binance:BTCUSDT,D,1799.83,USD,2026-08-19T23:56:25.224723+00:00,posted
binance:6582459248,binance:BTCUSDT,D,13776.20,USD,2026-08-19T23:49:04.058515+00:00,posted
binance:6582459249,binance:BTCUSDT,D,5.49,USD,2026-08-19T21:05:07.225486+00:00,posted
binance:6582459250,binance:BTCUSDT,D,4159.27,USD,2026-08-19T23:32:56.661517+00:00,posted
binance:6582459251,binance:BTCUSDT,D,8.24,USD,2026-08-19T21:04:55.931906+00:00,posted
binance:6582459252,binance:BTCUSDT,C,23.35,USD,2026-08-19T21:45:39.297017+00:00,posted
binance:6582459256,binance:BTCUSDT,C,10.99,USD,2026-08-19T23:32:28.117133+00:00,posted
binance:6582459258,binance:BTCUSDT,C,28.84,USD,2026-08-19T22:40:49.594690+00:00,posted
binance:6582459263,binance:BTCUSDT,C,16.48,USD,2026-08-20T00:12:15.229811+00:00,posted
binance:6582459266,binance:BTCUSDT,C,817.83,USD,2026-08-19T20:20:05.134294+00:00,posted
binance:6582459267,binance:BTCUSDT,C,6.18,USD,2026-08-19T22:49:39.960469+00:00,posted
binance:6582459268,binance:BTCUSDT,C,5.49,USD,2026-08-19T20:47:50.235271+00:00,posted
binance:6582459269,binance:BTCUSDT,C,6.18,USD,2026-08-19T23:07:43.416181+00:00,posted
binance:6582459270,binance:BTCUSDT,C,10.99,USD,2026-08-19T20:22:51.827925+00:00,posted
binance:6582459272,binance:BTCUSDT,C,21.97,USD,2026-08-19T20:28:18.707941+00:00,posted
binance:6582459276,binance:BTCUSDT,C,27.47,USD,2026-08-19T19:26:58.205945+00:00,posted
coinbase:1073149016,coinbase:BTC-USD,D,0.00,USD,2026-08-22T17:35:43.513273+00:00,posted
binance:6582459281,binance:BTCUSDT,C,1387.05,USD,2026-08-19T23:39:02.098890+00:00,posted
binance:6582459285,binance:BTCUSDT,C,19.23,USD,2026-08-19T22:18:44.264754+00:00,posted
binance:6582459289,binance:BTCUSDT,C,10.99,USD,2026-08-19T23:37:41.269973+00:00,posted
binance:6582459291,binance:BTCUSDT,C,16.48,USD,2026-08-19T23:11:35.176624+00:00,posted
binance:6582459294,binance:BTCUSDT,C,4959.01,USD,2026-08-19T19:10:39.800001+00:00,posted
binance:6582459302,binance:BTCUSDT,C,27.47,USD,2026-08-19T18:58:57.832206+00:00,posted
binance:6582459303,binance:BTCUSDT,C,38.45,USD,2026-08-19T22:16:42.338731+00:00,posted
coinbase:1073149017,coinbase:BTC-USD,D,9011.75,USD,2026-08-19T19:47:55.390745+00:00,posted
coinbase:1073149018,coinbase:BTC-USD,D,1364.58,USD,2026-08-22T11:09:02.743712+00:00,posted
coinbase:1073149022,coinbase:BTC-USD,D,23992.55,USD,2026-08-19T20:54:13.579314+00:00,posted
coinbase:1073149021,coinbase:BTC-USD,D,6444.02,USD,2026-08-20T00:16:11.830001+00:00,posted
coinbase:1073149020,coinbase:BTC-USD,D,12154.50,USD,2026-08-19T21:32:40.614080+00:00,posted
coinbase:1073149019,coinbase:BTC-USD,D,9996.70,USD,2026-08-20T00:14:40.009999+00:00,posted
binance:6582459310,binance:BTCUSDT,C,36254.81,USD,2026-08-19T21:15:59.153304+00:00,posted
kraken:105348635,kraken:XBTUSD,C,99.95,USD,2026-08-19T21:13:21.935778+00:00,posted
kraken:105348636,kraken:XBTUSD,C,6014.41,USD,2026-08-19T22:20:03.154773+00:00,posted
coinbase:1073149026,coinbase:BTC-USD,C,7412.86,USD,2026-08-19T18:49:54.908894+00:00,posted
coinbase:1073149025,coinbase:BTC-USD,C,3454.62,USD,2026-08-19T21:37:52.091925+00:00,posted
coinbase:1073149024,coinbase:BTC-USD,C,12155.69,USD,2026-08-19T19:43:09.511491+00:00,posted
coinbase:1073149023,coinbase:BTC-USD,C,3370.70,USD,2026-08-19T19:56:50.060427+00:00,posted
binance:6582459317,binance:BTCUSDT,C,16.48,USD,2026-08-19T21:41:20.263723+00:00,posted
binance:6582459320,binance:BTCUSDT,C,7.55,USD,2026-08-19T19:44:51.779459+00:00,posted
binance:6582459321,binance:BTCUSDT,C,10.99,USD,2026-08-19T23:17:12.725323+00:00,posted
binance:6582459323,binance:BTCUSDT,C,5.49,USD,2026-08-19T19:50:39.265624+00:00,posted
binance:6582459324,binance:BTCUSDT,C,6.18,USD,2026-08-19T23:37:46.423655+00:00,posted
binance:6582459325,binance:BTCUSDT,C,6.18,USD,2026-08-19T22:14:41.732864+00:00,posted
binance:6582459326,binance:BTCUSDT,C,11.67,USD,2026-08-19T19:07:16.768923+00:00,posted
binance:6582459328,binance:BTCUSDT,C,27.47,USD,2026-08-19T23:40:01.422235+00:00,posted
binance:6582459333,binance:BTCUSDT,C,10.99,USD,2026-08-19T21:04:53.162403+00:00,posted
binance:6582459335,binance:BTCUSDT,C,16.48,USD,2026-08-19T19:55:07.225274+00:00,posted
binance:6582459338,binance:BTCUSDT,C,1363.62,USD,2026-08-19T20:41:40.016568+00:00,posted
binance:6582459339,binance:BTCUSDT,C,42.57,USD,2026-08-19T23:00:54.194332+00:00,posted
binance:6582459346,binance:BTCUSDT,C,13.73,USD,2026-08-19T22:40:50.983516+00:00,posted
kraken:105348637,kraken:XBTUSD,C,3985.59,USD,2026-08-19T19:46:12.323573+00:00,posted
kraken:105348638,kraken:XBTUSD,C,823.59,USD,2026-08-19T20:43:20.625136+00:00,posted
kraken:105348639,kraken:XBTUSD,C,78.93,USD,2026-08-19T20:13:43.633754+00:00,posted
kraken:105348640,kraken:XBTUSD,C,53.42,USD,2026-08-19T21:53:17.306344+00:00,posted
kraken:105348641,kraken:XBTUSD,C,100.00,USD,2026-08-19T19:32:35.088060+00:00,posted
kraken:105348642,kraken:XBTUSD,C,34.31,USD,2026-08-19T21:56:19.021156+00:00,posted
coinbase:1073149027,coinbase:BTC-USD,C,0.00,USD,2026-08-19T21:36:25.322031+00:00,posted
binance:6582459348,binance:BTCUSDT,C,8601.95,USD,2026-08-19T22:28:50.674775+00:00,posted
binance:6582459352,binance:BTCUSDT,C,5.49,USD,2026-08-19T23:44:42.075864+00:00,posted
coinbase:1073149028,coinbase:BTC-USD,C,374.77,USD,2026-08-19T22:48:34.201191+00:00,posted
binance:6582459353,binance:BTCUSDT,C,10940.56,USD,2026-08-19T21:49:06.596788+00:00,posted
coinbase:1073149029,coinbase:BTC-USD,C,0.00,USD,2026-08-19T21:12:52.001786+00:00,posted
coinbase:1073149030,coinbase:BTC-USD,D,0.01,USD,2026-08-19T21:22:30.898553+00:00,posted
binance:6582459362,binance:BTCUSDT,D,34.33,USD,2026-08-19T21:13:58.720521+00:00,posted
coinbase:1073149031,coinbase:BTC-USD,C,0.00,USD,2026-08-19T19:59:31.284294+00:00,posted
binance:6582459366,binance:BTCUSDT,D,549.98,USD,2026-08-19T22:00:04.077705+00:00,posted
binance:6582459367,binance:BTCUSDT,C,6.87,USD,2026-08-19T23:24:19.199114+00:00,posted
binance:6582459369,binance:BTCUSDT,C,1002.46,USD,2026-08-19T21:58:07.182807+00:00,posted
binance:6582459374,binance:BTCUSDT,C,7813.02,USD,2026-08-19T22:10:42.773195+00:00,posted
binance:6582459384,binance:BTCUSDT,C,12937.94,USD,2026-08-21T22:00:25.179178+00:00,posted
binance:6582459389,binance:BTCUSDT,C,27.46,USD,2026-08-19T22:49:39.093546+00:00,posted
binance:6582459394,binance:BTCUSDT,C,10.30,USD,2026-08-19T22:24:43.044633+00:00,posted
binance:6582459395,binance:BTCUSDT,C,5.49,USD,2026-08-19T22:19:08.630728+00:00,posted
binance:6582459396,binance:BTCUSDT,C,5.49,USD,2026-08-19T21:49:32.598763+00:00,posted
binance:6582459397,binance:BTCUSDT,C,16.48,USD,2026-08-19T19:42:47.515760+00:00,posted
binance:6582459400,binance:BTCUSDT,C,16.48,USD,2026-08-19T22:39:38.462953+00:00,posted
coinbase:1073149032,coinbase:BTC-USD,D,12154.56,USD,2026-08-19T21:58:26.185001+00:00,posted
binance:6582459403,binance:BTCUSDT,C,14006.64,USD,2026-08-19T19:54:52.697837+00:00,posted
coinbase:1073149033,coinbase:BTC-USD,C,0.00,USD,2026-08-19T20:29:29.242119+00:00,posted
coinbase:1073149034,coinbase:BTC-USD,C,0.00,USD,2026-08-19T21:29:14.015161+00:00,posted
coinbase:1073149035,coinbase:BTC-USD,D,0.01,USD,2026-08-19T22:51:04.702383+00:00,posted
binance:6582459404,binance:BTCUSDT,C,61754.18,USD,2026-08-19T20:00:03.429229+00:00,posted
binance:6582459405,binance:BTCUSDT,C,88269.30,USD,2026-08-19T20:23:28.769315+00:00,posted
binance:6582459417,binance:BTCUSDT,C,10.99,USD,2026-08-19T21:56:16.548604+00:00,posted
binance:6582459419,binance:BTCUSDT,C,5.49,USD,2026-08-19T20:11:37.028714+00:00,posted
binance:6582459420,binance:BTCUSDT,C,16.48,USD,2026-08-19T23:03:33.515962+00:00,posted
binance:6582459423,binance:BTCUSDT,C,6268.63,USD,2026-08-19T22:47:05.472543+00:00,posted
binance:6582459428,binance:BTCUSDT,C,5.49,USD,2026-08-19T21:15:17.052120+00:00,posted
binance:6582459429,binance:BTCUSDT,C,13.73,USD,2026-08-19T23:31:50.044894+00:00,posted
binance:6582459432,binance:BTCUSDT,C,2.75,USD,2026-08-19T19:49:28.419552+00:00,posted
binance:6582459433,binance:BTCUSDT,C,5.49,USD,2026-08-19T19:10:53.557026+00:00,posted
binance:6582459435,binance:BTCUSDT,C,33.64,USD,2026-08-19T22:45:01.424454+00:00,posted
binance:6582459440,binance:BTCUSDT,C,6.18,USD,2026-08-19T22:41:26.675282+00:00,posted
binance:6582459441,binance:BTCUSDT,C,11.67,USD,2026-08-19T19:33:27.738264+00:00,posted
binance:6582459443,binance:BTCUSDT,C,17.85,USD,2026-08-19T23:59:56.811939+00:00,posted
binance:6582459446,binance:BTCUSDT,C,27.46,USD,2026-08-19T19:30:57.120901+00:00,posted
binance:6582459451,binance:BTCUSDT,C,13.73,USD,2026-08-19T19:32:17.271605+00:00,posted
binance:6582459453,binance:BTCUSDT,C,27.46,USD,2026-08-19T22:48:28.111153+00:00,posted
binance:6582459458,binance:BTCUSDT,C,36.39,USD,2026-08-19T19:05:44.851258+00:00,posted
binance:6582459464,binance:BTCUSDT,C,10.98,USD,2026-08-19T19:00:15.507798+00:00,posted
binance:6582459466,binance:BTCUSDT,C,16.48,USD,2026-08-19T22:08:00.180316+00:00,posted
binance:6582459469,binance:BTCUSDT,C,10709.98,USD,2026-08-19T23:39:49.462304+00:00,posted
coinbase:1073149037,coinbase:BTC-USD,D,367.65,USD,2026-08-19T21:34:47.068544+00:00,posted
coinbase:1073149036,coinbase:BTC-USD,D,2894.05,USD,2026-08-19T20:43:06.339571+00:00,posted
coinbase:1073149038,coinbase:BTC-USD,D,595.44,USD,2026-08-19T22:52:01.571113+00:00,posted
coinbase:1073149039,coinbase:BTC-USD,D,138.53,USD,2026-08-19T20:50:39.366665+00:00,posted
coinbase:1073149040,coinbase:BTC-USD,D,260.80,USD,2026-08-19T19:48:46.141090+00:00,posted
coinbase:1073149041,coinbase:BTC-USD,D,676.38,USD,2026-08-19T20:57:57.994628+00:00,posted
coinbase:1073149043,coinbase:BTC-USD,D,1.17,USD,2026-08-19T19:54:29.453672+00:00,posted
coinbase:1073149042,coinbase:BTC-USD,D,19.96,USD,2026-08-19T20:27:31.598696+00:00,posted
coinbase:1073149045,coinbase:BTC-USD,D,116.71,USD,2026-08-19T22:20:49.017154+00:00,posted
coinbase:1073149044,coinbase:BTC-USD,D,1.17,USD,2026-08-19T23:30:02.637069+00:00,posted
coinbase:1073149046,coinbase:BTC-USD,D,390.89,USD,2026-08-21T08:41:13.032445+00:00,posted
coinbase:1073149047,coinbase:BTC-USD,D,109.72,USD,2026-08-20T00:02:41.033989+00:00,posted
coinbase:1073149048,coinbase:BTC-USD,C,0.00,USD,2026-08-19T21:56:06.193541+00:00,posted
coinbase:1073149049,coinbase:BTC-USD,D,738.46,USD,2026-08-19T19:18:42.646009+00:00,posted
coinbase:1073149050,coinbase:BTC-USD,D,31.72,USD,2026-08-19T22:19:59.626158+00:00,posted
coinbase:1073149051,coinbase:BTC-USD,D,2523.91,USD,2026-08-19T23:53:41.845546+00:00,posted
coinbase:1073149052,coinbase:BTC-USD,D,174.42,USD,2026-08-19T22:55:05.695240+00:00,posted
coinbase:1073149053,coinbase:BTC-USD,D,1092.76,USD,2026-08-19T19:18:20.994627+00:00,posted
coinbase:1073149054,coinbase:BTC-USD,D,20.55,USD,2026-08-19T20:19:18.235569+00:00,posted
coinbase:1073149055,coinbase:BTC-USD,D,124.91,USD,2026-08-19T21:36:35.408024+00:00,posted
coinbase:1073149056,coinbase:BTC-USD,D,500.31,USD,2026-08-19T21:58:05.747612+00:00,posted
coinbase:1073149057,coinbase:BTC-USD,D,438.51,USD,2026-08-19T19:15:06.509069+00:00,posted
binance:6582459470,binance:BTCUSDT,C,349.45,USD,2026-08-19T21:32:47.417792+00:00,posted
coinbase:1073149058,coinbase:BTC-USD,D,318.06,USD,2026-08-19T19:25:50.457765+00:00,posted
coinbase:1073149059,coinbase:BTC-USD,D,323.60,USD,2026-08-19T22:16:49.263186+00:00,posted
coinbase:1073149060,coinbase:BTC-USD,D,306.16,USD,2026-08-19T19:25:58.203579+00:00,posted
coinbase:1073149061,coinbase:BTC-USD,D,229.49,USD,2026-08-19T23:33:51.400031+00:00,posted
coinbase:1073149062,coinbase:BTC-USD,D,114.13,USD,2026-08-20T00:04:40.388414+00:00,posted
coinbase:1073149063,coinbase:BTC-USD,D,338.23,USD,2026-08-19T22:56:12.796867+00:00,posted
coinbase:1073149064,coinbase:BTC-USD,C,0.00,USD,2026-08-19T19:25:50.418810+00:00,posted
coinbase:1073149065,coinbase:BTC-USD,D,31.60,USD,2026-08-19T22:30:04.201809+00:00,posted
coinbase:1073149066,coinbase:BTC-USD,D,0.01,USD,2026-08-19T20:54:05.447730+00:00,posted
coinbase:1073149073,coinbase:BTC-USD,C,8000.00,USD,2026-08-20T20:18:22.227634+00:00,posted
coinbase:1073149072,coinbase:BTC-USD,C,1990.04,USD,2026-08-19T18:58:22.317966+00:00,posted
coinbase:1073149071,coinbase:BTC-USD,C,525.03,USD,2026-08-19T20:41:00.545160+00:00,posted
coinbase:1073149070,coinbase:BTC-USD,C,261.07,USD,2026-08-19T21:42:27.627515+00:00,posted
coinbase:1073149069,coinbase:BTC-USD,C,420.01,USD,2026-08-19T20:09:54.096488+00:00,posted
coinbase:1073149068,coinbase:BTC-USD,C,1950.38,USD,2026-08-19T22:54:16.461472+00:00,posted
coinbase:1073149067,coinbase:BTC-USD,C,2997.96,USD,2026-08-19T20:24:43.876280+00:00,posted
coinbase:1073149074,coinbase:BTC-USD,C,0.00,USD,2026-08-19T20:53:19.970194+00:00,posted
coinbase:1073149076,coinbase:BTC-USD,C,0.00,USD,2026-08-21T13:07:24.691369+00:00,posted
binance:6582459471,binance:BTCUSDT,D,962.53,USD,2026-08-19T20:27:19.639305+00:00,posted
binance:6582459472,binance:BTCUSDT,D,53.55,USD,2026-08-19T19:37:13.354128+00:00,posted
coinbase:1073149077,coinbase:BTC-USD,D,0.00,USD,2026-08-19T19:45:58.252660+00:00,posted
coinbase:1073149078,coinbase:BTC-USD,C,0.00,USD,2026-08-21T21:05:59.966586+00:00,posted
binance:6582459473,binance:BTCUSDT,C,5330.96,USD,2026-08-19T21:41:02.129324+00:00,posted
coinbase:1073149079,coinbase:BTC-USD,D,0.00,USD,2026-08-19T23:31:35.775700+00:00,posted
coinbase:1073149080,coinbase:BTC-USD,C,0.00,USD,2026-08-19T20:35:38.503518+00:00,posted
coinbase:1073149081,coinbase:BTC-USD,C,0.01,USD,2026-08-19T22:04:38.264134+00:00,posted
coinbase:1073149082,coinbase:BTC-USD,C,0.00,USD,2026-08-19T18:53:30.023918+00:00,posted
coinbase:1073149087,coinbase:BTC-USD,C,2011.75,USD,2026-08-19T19:51:45.497441+00:00,posted
coinbase:1073149086,coinbase:BTC-USD,C,2998.22,USD,2026-08-20T00:16:03.578688+00:00,posted
coinbase:1073149085,coinbase:BTC-USD,C,871.52,USD,2026-08-19T20:53:24.963642+00:00,posted
coinbase:1073149084,coinbase:BTC-USD,C,2058.70,USD,2026-08-19T23:15:18.349637+00:00,posted
coinbase:1073149083,coinbase:BTC-USD,C,2058.70,USD,2026-08-19T18:48:15.624713+00:00,posted
coinbase:1073149089,coinbase:BTC-USD,C,2452.81,USD,2026-08-19T22:44:01.482338+00:00,posted
coinbase:1073149088,coinbase:BTC-USD,C,46.95,USD,2026-08-19T20:41:46.878120+00:00,posted
binance:6582459474,binance:BTCUSDT,C,396.82,USD,2026-08-19T22:00:23.677712+00:00,posted
binance:6582459475,binance:BTCUSDT,C,33.64,USD,2026-08-19T23:04:03.242125+00:00,posted
coinbase:1073149090,coinbase:BTC-USD,D,0.00,USD,2026-08-19T21:17:35.307369+00:00,posted
binance:6582459476,binance:BTCUSDT,D,10000.10,USD,2026-08-19T19:50:48.350430+00:00,posted
coinbase:1073149091,coinbase:BTC-USD,D,0.01,USD,2026-08-19T20:55:41.493059+00:00,posted
binance:6582459477,binance:BTCUSDT,D,6.87,USD,2026-08-19T19:30:52.322359+00:00,posted
binance:6582459487,binance:BTCUSDT,D,686.54,USD,2026-08-19T18:56:19.498844+00:00,posted
binance:6582459489,binance:BTCUSDT,D,1373.07,USD,2026-08-19T23:54:49.384534+00:00,posted
binance:6582459497,binance:BTCUSDT,D,1925.05,USD,2026-08-19T20:47:15.806082+00:00,posted
binance:6582459511,binance:BTCUSDT,D,5.49,USD,2026-08-19T20:04:01.693530+00:00,posted
binance:6582459512,binance:BTCUSDT,D,10.98,USD,2026-08-19T19:07:45.836493+00:00,posted
binance:6582459514,binance:BTCUSDT,D,21.97,USD,2026-08-19T19:08:09.786501+00:00,posted
binance:6582459518,binance:BTCUSDT,D,16.48,USD,2026-08-20T00:05:58.800584+00:00,posted
binance:6582459521,binance:BTCUSDT,D,480.59,USD,2026-08-19T23:32:18.617938+00:00,posted
binance:6582459525,binance:BTCUSDT,D,68.66,USD,2026-08-19T23:31:39.940854+00:00,posted
binance:6582459526,binance:BTCUSDT,D,2196.99,USD,2026-08-19T23:59:45.743281+00:00,posted
binance:6582459527,binance:BTCUSDT,D,2746.24,USD,2026-08-22T16:02:15.347771+00:00,posted
binance:6582459528,binance:BTCUSDT,D,10984.96,USD,2026-08-19T23:37:47.756243+00:00,posted
binance:6582459529,binance:BTCUSDT,D,2746.24,USD,2026-08-19T18:50:21.773967+00:00,posted
binance:6582459534,binance:BTCUSDT,D,333.67,USD,2026-08-19T23:33:47.537542+00:00,posted
binance:6582459545,binance:BTCUSDT,D,5.49,USD,2026-08-19T22:11:11.258596+00:00,posted
binance:6582459546,binance:BTCUSDT,D,16.48,USD,2026-08-19T21:01:41.434080+00:00,posted
binance:6582459549,binance:BTCUSDT,D,5.49,USD,2026-08-19T23:49:33.031794+00:00,posted
binance:6582459550,binance:BTCUSDT,D,45.31,USD,2026-08-19T20:49:29.352760+00:00,posted
binance:6582459558,binance:BTCUSDT,D,39.82,USD,2026-08-19T20:29:35.283692+00:00,posted
binance:6582459565,binance:BTCUSDT,D,5.49,USD,2026-08-19T20:50:36.751017+00:00,posted
binance:6582459566,binance:BTCUSDT,D,5.49,USD,2026-08-19T19:44:46.902600+00:00,posted
binance:6582459567,binance:BTCUSDT,D,5.49,USD,2026-08-19T21:26:07.264655+00:00,posted
binance:6582459568,binance:BTCUSDT,D,10.99,USD,2026-08-21T06:21:01.751702+00:00,posted
binance:6582459570,binance:BTCUSDT,D,10.99,USD,2026-08-19T19:24:20.841579+00:00,posted
binance:6582459572,binance:BTCUSDT,D,16.48,USD,2026-08-19T23:01:41.055107+00:00,posted
binance:6582459575,binance:BTCUSDT,D,16.48,USD,2026-08-19T21:37:32.572855+00:00,posted
binance:6582459578,binance:BTCUSDT,D,2744.97,USD,2026-08-19T21:50:37.847348+00:00,posted
binance:6582459584,binance:BTCUSDT,D,199.80,USD,2026-08-22T06:56:34.914439+00:00,posted
binance:6582459585,binance:BTCUSDT,D,4145.62,USD,2026-08-21T19:04:44.918105+00:00,posted
binance:6582459586,binance:BTCUSDT,D,5.49,USD,2026-08-19T21:38:25.417117+00:00,posted
coinbase:1073149093,coinbase:BTC-USD,C,985.30,USD,2026-08-19T22:29:01.621250+00:00,posted
coinbase:1073149092,coinbase:BTC-USD,C,2998.22,USD,2026-08-19T19:36:44.787121+00:00,posted
coinbase:1073149095,coinbase:BTC-USD,C,525.03,USD,2026-08-19T22:40:16.987660+00:00,posted
coinbase:1073149094,coinbase:BTC-USD,C,420.01,USD,2026-08-19T19:52:22.390872+00:00,posted
coinbase:1073149098,coinbase:BTC-USD,C,1990.26,USD,2026-08-19T19:05:38.658614+00:00,posted
coinbase:1073149096,coinbase:BTC-USD,C,105.24,USD,2026-08-19T23:16:09.117295+00:00,posted
coinbase:1073149099,coinbase:BTC-USD,C,12222.98,USD,2026-08-20T00:07:57.165446+00:00,posted
coinbase:1073149101,coinbase:BTC-USD,C,2069.03,USD,2026-08-19T21:30:14.032400+00:00,posted
coinbase:1073149100,coinbase:BTC-USD,C,1.17,USD,2026-08-19T21:00:03.995703+00:00,posted
coinbase:1073149102,coinbase:BTC-USD,D,480.38,USD,2026-08-19T19:52:43.538885+00:00,posted
coinbase:1073149103,coinbase:BTC-USD,C,525.03,USD,2026-08-19T20:43:00.666698+00:00,posted
coinbase:1073149105,coinbase:BTC-USD,C,7547.52,USD,2026-08-19T22:31:03.831543+00:00,posted
coinbase:1073149106,coinbase:BTC-USD,C,1946.22,USD,2026-08-19T22:39:59.257162+00:00,posted
binance:6582459587,binance:BTCUSDT,D,59.73,USD,2026-08-19T21:31:36.044011+00:00,posted
binance:6582459588,binance:BTCUSDT,D,3599.82,USD,2026-08-19T21:53:04.729660+00:00,posted
binance:6582459589,binance:BTCUSDT,D,3542.83,USD,2026-08-20T00:17:47.056910+00:00,posted
binance:6582459601,binance:BTCUSDT,D,2662.62,USD,2026-08-19T23:04:16.529527+00:00,posted
binance:6582459613,binance:BTCUSDT,D,21.97,USD,2026-08-19T19:39:32.206509+00:00,posted
binance:6582459617,binance:BTCUSDT,D,16.48,USD,2026-08-19T23:57:38.894624+00:00,posted
binance:6582459620,binance:BTCUSDT,D,6263.14,USD,2026-08-19T23:24:30.782092+00:00,posted
binance:6582459624,binance:BTCUSDT,D,27.46,USD,2026-08-19T21:12:00.650290+00:00,posted
binance:6582459629,binance:BTCUSDT,D,16.48,USD,2026-08-19T20:44:25.862986+00:00,posted
binance:6582459632,binance:BTCUSDT,D,1023.72,USD,2026-08-22T12:37:59.128589+00:00,posted
binance:6582459636,binance:BTCUSDT,D,5.49,USD,2026-08-19T18:58:27.110661+00:00,posted
binance:6582459637,binance:BTCUSDT,D,63.17,USD,2026-08-22T04:20:15.161398+00:00,posted
binance:6582459647,binance:BTCUSDT,D,975.00,USD,2026-08-19T20:30:21.749469+00:00,posted
binance:6582459668,binance:BTCUSDT,D,21.97,USD,2026-08-19T22:02:20.265016+00:00,posted
binance:6582459672,binance:BTCUSDT,D,16.48,USD,2026-08-19T23:10:14.891208+00:00,posted
binance:6582459675,binance:BTCUSDT,D,16.48,USD,2026-08-19T19:28:53.447708+00:00,posted
binance:6582459678,binance:BTCUSDT,D,2999.15,USD,2026-08-19T18:54:20.871572+00:00,posted
binance:6582459679,binance:BTCUSDT,D,27.46,USD,2026-08-19T22:01:06.023084+00:00,posted
binance:6582459684,binance:BTCUSDT,D,10.99,USD,2026-08-19T23:58:33.080729+00:00,posted
binance:6582459686,binance:BTCUSDT,D,4074.53,USD,2026-08-19T21:57:20.387299+00:00,posted
binance:6582459687,binance:BTCUSDT,D,10.99,USD,2026-08-19T22:28:12.495780+00:00,posted
binance:6582459689,binance:BTCUSDT,D,5.49,USD,2026-08-19T20:32:21.828990+00:00,posted
binance:6582459690,binance:BTCUSDT,D,32.96,USD,2026-08-19T20:12:11.173451+00:00,posted
binance:6582459691,binance:BTCUSDT,D,10.99,USD,2026-08-19T19:00:22.220616+00:00,posted
coinbase:1073149107,coinbase:BTC-USD,C,525.03,USD,2026-08-19T22:21:14.290570+00:00,posted
binance:6582459693,binance:BTCUSDT,C,54.93,USD,2026-08-19T21:31:50.752345+00:00,posted
binance:6582459694,binance:BTCUSDT,D,824.00,USD,2026-08-19T23:06:22.081086+00:00,posted
binance:6582459699,binance:BTCUSDT,D,755.34,USD,2026-08-19T21:30:30.158617+00:00,posted
binance:6582459700,binance:BTCUSDT,D,2060.01,USD,2026-08-21T14:46:35.856444+00:00,posted
binance:6582459701,binance:BTCUSDT,C,6.18,USD,2026-08-19T21:12:44.969444+00:00,posted
coinbase:1073149108,coinbase:BTC-USD,D,0.00,USD,2026-08-19T21:04:41.049902+00:00,posted
binance:6582459702,binance:BTCUSDT,D,6042.69,USD,2026-08-19T22:55:20.656812+00:00,posted
binance:6582459703,binance:BTCUSDT,D,343.33,USD,2026-08-22T16:09:34.616900+00:00,posted
binance:6582459704,binance:BTCUSDT,D,5493.35,USD,2026-08-19T21:27:54.620409+00:00,posted
binance:6582459714,binance:BTCUSDT,C,927.00,USD,2026-08-19T21:27:55.969593+00:00,posted
binance:6582459715,binance:BTCUSDT,D,7.55,USD,2026-08-19T20:09:47.766764+00:00,posted
binance:6582459716,binance:BTCUSDT,C,26.78,USD,2026-08-19T22:59:24.112084+00:00,posted
coinbase:1073149109,coinbase:BTC-USD,D,0.01,USD,2026-08-19T19:57:29.208885+00:00,posted
binance:6582459717,binance:BTCUSDT,D,39.83,USD,2026-08-19T21:37:57.468653+00:00,posted
coinbase:1073149110,coinbase:BTC-USD,D,0.00,USD,2026-08-19T20:23:17.086551+00:00,posted
binance:6582459718,binance:BTCUSDT,C,10000.64,USD,2026-08-19T19:25:28.871178+00:00,posted
binance:6582459721,binance:BTCUSDT,C,3096.88,USD,2026-08-19T23:14:11.760468+00:00,posted
binance:6582459722,binance:BTCUSDT,C,6.87,USD,2026-08-19T19:42:22.721034+00:00,posted
binance:6582459723,binance:BTCUSDT,C,3543.21,USD,2026-08-20T00:13:56.190935+00:00,posted
binance:6582459724,binance:BTCUSDT,C,9202.74,USD,2026-08-19T18:56:33.776633+00:00,posted
binance:6582459729,binance:BTCUSDT,C,16239.72,USD,2026-08-19T21:38:01.209700+00:00,posted
coinbase:1073149111,coinbase:BTC-USD,C,0.00,USD,2026-08-19T21:46:15.796453+00:00,posted
binance:6582459734,binance:BTCUSDT,C,30549.89,USD,2026-08-19T19:17:15.551802+00:00,posted
binance:6582459750,binance:BTCUSDT,C,27.47,USD,2026-08-19T22:16:03.228703+00:00,posted
binance:6582459755,binance:BTCUSDT,C,5.49,USD,2026-08-19T20:13:30.832336+00:00,posted
binance:6582459756,binance:BTCUSDT,C,16.48,USD,2026-08-19T23:45:31.241355+00:00,posted
binance:6582459759,binance:BTCUSDT,C,2765.89,USD,2026-08-20T00:09:03.042998+00:00,posted
binance:6582459760,binance:BTCUSDT,C,54.25,USD,2026-08-22T03:59:06.881007+00:00,posted
binance:6582459767,binance:BTCUSDT,C,16.48,USD,2026-08-19T21:37:09.418710+00:00,posted
binance:6582459770,binance:BTCUSDT,C,45.32,USD,2026-08-20T00:15:35.328815+00:00,posted
coinbase:1073149112,coinbase:BTC-USD,D,0.00,USD,2026-08-19T23:45:09.396267+00:00,posted
coinbase:1073149115,coinbase:BTC-USD,D,14567.09,USD,2026-08-19T19:15:26.267775+00:00,posted
coinbase:1073149114,coinbase:BTC-USD,D,7248.76,USD,2026-08-19T18:55:16.732651+00:00,posted
coinbase:1073149113,coinbase:BTC-USD,D,1.66,USD,2026-08-19T21:34:05.212583+00:00,posted
coinbase:1073149116,coinbase:BTC-USD,D,1352.81,USD,2026-08-19T20:23:30.334473+00:00,posted
coinbase:1073149117,coinbase:BTC-USD,D,796.83,USD,2026-08-19T18:57:57.565571+00:00,posted
coinbase:1073149120,coinbase:BTC-USD,D,113.70,USD,2026-08-19T19:11:11.022991+00:00,posted
coinbase:1073149119,coinbase:BTC-USD,D,3.51,USD,2026-08-19T20:59:33.189871+00:00,posted
coinbase:1073149118,coinbase:BTC-USD,D,744.15,USD,2026-08-19T21:44:28.015228+00:00,posted
coinbase:1073149121,coinbase:BTC-USD,C,16.44,USD,2026-08-19T19:27:33.825645+00:00,posted
coinbase:1073149122,coinbase:BTC-USD,C,0.00,USD,2026-08-19T23:39:25.193990+00:00,posted
binance:6582459778,binance:BTCUSDT,C,48.07,USD,2026-08-19T22:51:14.574286+00:00,posted
kraken:105348644,kraken:XBTUSD,D,14.93,USD,2026-08-20T00:12:13.719999+00:00,posted
coinbase:1073149124,coinbase:BTC-USD,D,1213.81,USD,2026-08-19T20:51:14.409213+00:00,posted
coinbase:1073149123,coinbase:BTC-USD,D,1.17,USD,2026-08-19T21:45:47.358551+00:00,posted
coinbase:1073149125,coinbase:BTC-USD,C,0.00,USD,2026-08-19T21:06:05.269501+00:00,posted
binance:6582459782,binance:BTCUSDT,D,598.75,USD,2026-08-19T22:27:51.752804+00:00,posted
binance:6582459783,binance:BTCUSDT,C,990.14,USD,2026-08-19T19:47:14.059383+00:00,posted
binance:6582459784,binance:BTCUSDT,C,37.77,USD,2026-08-19T21:53:49.344091+00:00,posted
binance:6582459785,binance:BTCUSDT,C,2036.59,USD,2026-08-19T21:00:57.393209+00:00,posted
binance:6582459798,binance:BTCUSDT,C,10.99,USD,2026-08-19T22:28:19.527223+00:00,posted
binance:6582459800,binance:BTCUSDT,C,5.49,USD,2026-08-19T21:36:29.235019+00:00,posted
binance:6582459801,binance:BTCUSDT,C,16.48,USD,2026-08-19T23:17:32.863683+00:00,posted
binance:6582459804,binance:BTCUSDT,C,194.31,USD,2026-08-19T19:42:27.449829+00:00,posted
coinbase:1073149126,coinbase:BTC-USD,C,0.00,USD,2026-08-19T21:52:35.378282+00:00,posted
binance:6582459806,binance:BTCUSDT,D,8.93,USD,2026-08-19T21:20:48.164454+00:00,posted
coinbase:1073149127,coinbase:BTC-USD,C,0.00,USD,2026-08-21T11:04:16.082610+00:00,posted
binance:6582459807,binance:BTCUSDT,C,92.69,USD,2026-08-19T23:54:51.963999+00:00,posted
coinbase:1073149128,coinbase:BTC-USD,D,0.00,USD,2026-08-19T22:17:34.405790+00:00,posted
binance:6582459808,binance:BTCUSDT,C,9.61,USD,2026-08-19T22:02:12.810251+00:00,posted
coinbase:1073149129,coinbase:BTC-USD,D,0.00,USD,2026-08-19T19:26:48.577215+00:00,posted
coinbase:1073149130,coinbase:BTC-USD,C,0.00,USD,2026-08-19T19:17:04.937118+00:00,posted
coinbase:1073149134,coinbase:BTC-USD,D,1190.63,USD,2026-08-19T19:25:01.287829+00:00,posted
coinbase:1073149133,coinbase:BTC-USD,D,6712.94,USD,2026-08-19T21:31:02.164944+00:00,posted
coinbase:1073149132,coinbase:BTC-USD,D,2579.26,USD,2026-08-19T20:09:46.534554+00:00,posted
coinbase:1073149131,coinbase:BTC-USD,D,845.02,USD,2026-08-19T22:30:22.937166+00:00,posted
coinbase:1073149135,coinbase:BTC-USD,C,0.00,USD,2026-08-19T21:50:27.661611+00:00,posted
binance:6582459809,binance:BTCUSDT,C,50.12,USD,2026-08-19T22:46:26.862111+00:00,posted
coinbase:1073149136,coinbase:BTC-USD,C,0.00,USD,2026-08-19T23:04:59.092238+00:00,posted
binance:6582459810,binance:BTCUSDT,C,151.06,USD,2026-08-19T23:11:12.184818+00:00,posted
coinbase:1073149137,coinbase:BTC-USD,C,0.00,USD,2026-08-19T22:29:01.074258+00:00,posted
coinbase:1073149138,coinbase:BTC-USD,D,0.01,USD,2026-08-19T20:24:32.979619+00:00,posted
coinbase:1073149139,coinbase:BTC-USD,C,15.84,USD,2026-08-19T22:39:34.378306+00:00,posted
binance:6582459811,binance:BTCUSDT,D,49.44,USD,2026-08-19T22:09:09.168076+00:00,posted
coinbase:1073149140,coinbase:BTC-USD,C,0.00,USD,2026-08-19T20:09:58.024952+00:00,posted
coinbase:1073149143,coinbase:BTC-USD,D,1572.67,USD,2026-08-19T22:09:48.386133+00:00,posted
coinbase:1073149142,coinbase:BTC-USD,D,17256.65,USD,2026-08-19T19:37:58.118214+00:00,posted
coinbase:1073149141,coinbase:BTC-USD,D,1372.55,USD,2026-08-19T19:38:23.063434+00:00,posted
coinbase:1073149144,coinbase:BTC-USD,D,0.00,USD,2026-08-19T20:55:16.256116+00:00,posted
kraken:105348645,kraken:XBTUSD,D,35.07,USD,2026-08-19T23:55:56.417464+00:00,posted
kraken:105348646,kraken:XBTUSD,D,37.11,USD,2026-08-19T20:08:09.278374+00:00,posted
coinbase:1073149145,coinbase:BTC-USD,C,0.00,USD,2026-08-19T20:18:44.182424+00:00,posted
coinbase:1073149146,coinbase:BTC-USD,D,0.01,USD,2026-08-19T18:48:01.707632+00:00,posted
binance:6582459812,binance:BTCUSDT,D,499.86,USD,2026-08-20T00:04:46.038879+00:00,posted
coinbase:1073149147,coinbase:BTC-USD,C,137.26,USD,2026-08-19T20:15:40.213724+00:00,posted
coinbase:1073149148,coinbase:BTC-USD,C,0.00,USD,2026-08-19T22:37:49.459573+00:00,posted
binance:6582459813,binance:BTCUSDT,D,26.78,USD,2026-08-19T19:01:28.589201+00:00,posted
binance:6582459814,binance:BTCUSDT,D,10000.63,USD,2026-08-20T00:12:58.313240+00:00,posted
binance:6582459815,binance:BTCUSDT,D,428.45,USD,2026-08-19T19:37:51.577189+00:00,posted
binance:6582459816,binance:BTCUSDT,D,480.63,USD,2026-08-19T21:41:53.816143+00:00,posted
binance:6582459817,binance:BTCUSDT,D,556.16,USD,2026-08-19T19:10:24.439236+00:00,posted
binance:6582459818,binance:BTCUSDT,D,506.73,USD,2026-08-19T20:26:53.085722+00:00,posted
binance:6582459819,binance:BTCUSDT,D,456.60,USD,2026-08-19T23:21:43.057825+00:00,posted
binance:6582459820,binance:BTCUSDT,D,2000.81,USD,2026-08-19T22:57:37.509324+00:00,posted
coinbase:1073149149,coinbase:BTC-USD,C,35.83,USD,2026-08-19T20:45:58.483674+00:00,posted
binance:6582459821,binance:BTCUSDT,D,6.87,USD,2026-08-19T22:05:48.955230+00:00,posted
coinbase:1073149150,coinbase:BTC-USD,D,0.00,USD,2026-08-20T00:17:26.970843+00:00,posted
binance:6582459823,binance:BTCUSDT,D,3722.86,USD,2026-08-19T22:43:46.863513+00:00,posted
binance:6582459853,binance:BTCUSDT,D,5.49,USD,2026-08-22T04:50:41.772114+00:00,posted
binance:6582459854,binance:BTCUSDT,D,5.49,USD,2026-08-19T20:40:41.349527+00:00,posted
binance:6582459855,binance:BTCUSDT,D,5.49,USD,2026-08-19T19:02:22.174055+00:00,posted
binance:6582459856,binance:BTCUSDT,D,10.99,USD,2026-08-19T21:51:29.731735+00:00,posted
binance:6582459858,binance:BTCUSDT,D,5.49,USD,2026-08-22T10:08:29.273655+00:00,posted
binance:6582459859,binance:BTCUSDT,D,5.49,USD,2026-08-19T22:55:34.548897+00:00,posted
binance:6582459860,binance:BTCUSDT,D,16.48,USD,2026-08-19T20:14:26.333170+00:00,posted
coinbase:1073149155,coinbase:BTC-USD,C,2058.84,USD,2026-08-19T21:09:27.690409+00:00,posted
coinbase:1073149154,coinbase:BTC-USD,C,7.94,USD,2026-08-19T23:36:01.349245+00:00,posted
coinbase:1073149153,coinbase:BTC-USD,C,2998.41,USD,2026-08-19T20:18:12.401354+00:00,posted
coinbase:1073149152,coinbase:BTC-USD,C,420.00,USD,2026-08-19T21:05:19.658695+00:00,posted
coinbase:1073149157,coinbase:BTC-USD,C,420.01,USD,2026-08-19T23:43:47.319629+00:00,posted
coinbase:1073149156,coinbase:BTC-USD,C,439.23,USD,2026-08-19T19:09:28.725598+00:00,posted
coinbase:1073149158,coinbase:BTC-USD,C,2998.41,USD,2026-08-19T22:38:58.976145+00:00,posted
coinbase:1073149159,coinbase:BTC-USD,C,1990.30,USD,2026-08-19T21:57:05.180331+00:00,posted
coinbase:1073149163,coinbase:BTC-USD,C,186.04,USD,2026-08-19T19:01:43.441780+00:00,posted
coinbase:1073149162,coinbase:BTC-USD,C,1.17,USD,2026-08-19T23:47:24.741549+00:00,posted
coinbase:1073149160,coinbase:BTC-USD,C,1.17,USD,2026-08-19T23:22:55.083109+00:00,posted
coinbase:1073149164,coinbase:BTC-USD,C,0.00,USD,2026-08-19T20:17:30.982771+00:00,posted
coinbase:1073149165,coinbase:BTC-USD,C,194.38,USD,2026-08-19T21:04:26.627122+00:00,posted
binance:6582459863,binance:BTCUSDT,C,9.61,USD,2026-08-19T19:22:26.214183+00:00,posted
coinbase:1073149166,coinbase:BTC-USD,C,0.00,USD,2026-08-19T20:35:39.161456+00:00,posted
binance:6582459864,binance:BTCUSDT,D,74.84,USD,2026-08-19T20:58:07.016004+00:00,posted
binance:6582459877,binance:BTCUSDT,D,5.49,USD,2026-08-19T20:15:23.050794+00:00,posted
binance:6582459878,binance:BTCUSDT,D,27.47,USD,2026-08-19T22:26:46.252411+00:00,posted
binance:6582459885,binance:BTCUSDT,D,10.99,USD,2026-08-19T21:59:54.564853+00:00,posted
binance:6582459887,binance:BTCUSDT,D,10.99,USD,2026-08-19T21:49:16.658899+00:00,posted
binance:6582459889,binance:BTCUSDT,D,16.48,USD,2026-08-19T21:35:08.646028+00:00,posted
binance:6582459892,binance:BTCUSDT,D,3004.85,USD,2026-08-19T22:35:11.572005+00:00,posted
binance:6582459894,binance:BTCUSDT,D,38.45,USD,2026-08-19T20:35:56.594089+00:00,posted
binance:6582459901,binance:BTCUSDT,D,10.99,USD,2026-08-20T00:10:57.671524+00:00,posted
binance:6582459903,binance:BTCUSDT,D,27.47,USD,2026-08-19T19:04:11.677492+00:00,posted
binance:6582459908,binance:BTCUSDT,D,5.49,USD,2026-08-19T19:32:23.927197+00:00,posted
binance:6582459909,binance:BTCUSDT,D,686.67,USD,2026-08-19T19:47:31.041138+00:00,posted
binance:6582459912,binance:BTCUSDT,D,852.84,USD,2026-08-19T23:05:40.243784+00:00,posted
binance:6582459930,binance:BTCUSDT,D,32.96,USD,2026-08-19T20:09:14.183741+00:00,posted
binance:6582459936,binance:BTCUSDT,D,255.44,USD,2026-08-19T23:41:20.778655+00:00,posted
binance:6582459937,binance:BTCUSDT,D,37.77,USD,2026-08-19T19:13:51.938246+00:00,posted
binance:6582459943,binance:BTCUSDT,D,10.99,USD,2026-08-19T19:08:20.501968+00:00,posted
binance:6582459945,binance:BTCUSDT,D,12.36,USD,2026-08-19T21:45:24.318884+00:00,posted
binance:6582459946,binance:BTCUSDT,D,5.49,USD,2026-08-19T23:14:24.110306+00:00,posted
binance:6582459947,binance:BTCUSDT,D,16.48,USD,2026-08-19T20:31:40.415574+00:00,posted
binance:6582459950,binance:BTCUSDT,D,38.45,USD,2026-08-19T22:42:00.794190+00:00,posted
binance:6582459957,binance:BTCUSDT,D,110.56,USD,2026-08-19T21:37:45.955114+00:00,posted
binance:6582459958,binance:BTCUSDT,D,38.45,USD,2026-08-19T20:50:48.825821+00:00,posted
binance:6582459965,binance:BTCUSDT,D,442.23,USD,2026-08-19T18:56:06.045356+00:00,posted
binance:6582459966,binance:BTCUSDT,D,686.69,USD,2026-08-19T21:56:49.059019+00:00,posted
binance:6582459967,binance:BTCUSDT,D,765.66,USD,2026-08-19T20:26:30.068827+00:00,posted
binance:6582459985,binance:BTCUSDT,D,32.96,USD,2026-08-19T20:10:29.855490+00:00,posted
binance:6582459991,binance:BTCUSDT,D,16.48,USD,2026-08-19T22:33:07.230593+00:00,posted
binance:6582459994,binance:BTCUSDT,D,199.83,USD,2026-08-19T23:45:55.530598+00:00,posted
binance:6582459995,binance:BTCUSDT,D,5.49,USD,2026-08-19T22:10:20.675184+00:00,posted
binance:6582459996,binance:BTCUSDT,D,206.01,USD,2026-08-19T21:03:22.668962+00:00,posted
coinbase:1073149167,coinbase:BTC-USD,C,271.13,USD,2026-08-19T21:11:44.497144+00:00,posted
coinbase:1073149171,coinbase:BTC-USD,C,1.45,USD,2026-08-19T23:18:35.421062+00:00,posted
coinbase:1073149170,coinbase:BTC-USD,C,1.17,USD,2026-08-19T20:31:47.634427+00:00,posted
coinbase:1073149169,coinbase:BTC-USD,C,1.17,USD,2026-08-19T21:29:38.212057+00:00,posted
coinbase:1073149168,coinbase:BTC-USD,C,1.17,USD,2026-08-19T21:45:18.487390+00:00,posted
binance:6582459998,binance:BTCUSDT,D,1373.40,USD,2026-08-19T23:01:22.145690+00:00,posted
binance:6582460007,binance:BTCUSDT,D,3543.37,USD,2026-08-19T19:51:22.931855+00:00,posted
binance:6582460008,binance:BTCUSDT,D,1236.06,USD,2026-08-19T22:08:46.134249+00:00,posted
binance:6582460009,binance:BTCUSDT,D,755.37,USD,2026-08-19T20:07:57.473389+00:00,posted
binance:6582460010,binance:BTCUSDT,D,206.01,USD,2026-08-19T20:13:05.812142+00:00,posted
coinbase:1073149172,coinbase:BTC-USD,C,0.00,USD,2026-08-19T20:53:44.664064+00:00,posted
binance:6582460011,binance:BTCUSDT,C,34.33,USD,2026-08-19T22:16:59.724084+00:00,posted
binance:6582460012,binance:BTCUSDT,D,1236.06,USD,2026-08-19T20:38:58.743195+00:00,posted
binance:6582460013,binance:BTCUSDT,D,755.37,USD,2026-08-19T19:23:42.192137+00:00,posted
binance:6582460014,binance:BTCUSDT,D,8644.17,USD,2026-08-19T22:07:08.183161+00:00,posted
binance:6582460029,binance:BTCUSDT,D,21.97,USD,2026-08-22T13:03:12.033597+00:00,posted
binance:6582460034,binance:BTCUSDT,D,10.99,USD,2026-08-19T21:08:20.717685+00:00,posted
binance:6582460036,binance:BTCUSDT,D,27.47,USD,2026-08-19T19:27:00.506825+00:00,posted
binance:6582460041,binance:BTCUSDT,D,32.96,USD,2026-08-19T19:47:40.575258+00:00,posted
binance:6582460047,binance:BTCUSDT,D,5.49,USD,2026-08-19T21:17:04.046657+00:00,posted
binance:6582460048,binance:BTCUSDT,D,16.48,USD,2026-08-19T21:25:47.529970+00:00,posted
binance:6582460064,binance:BTCUSDT,D,10.99,USD,2026-08-19T20:32:12.811791+00:00,posted
binance:6582460066,binance:BTCUSDT,D,11.67,USD,2026-08-19T19:46:18.082809+00:00,posted
binance:6582460068,binance:BTCUSDT,D,16.48,USD,2026-08-19T19:20:54.219070+00:00,posted
binance:6582460071,binance:BTCUSDT,D,3956.99,USD,2026-08-20T00:08:49.675809+00:00,posted
binance:6582460086,binance:BTCUSDT,D,16.48,USD,2026-08-20T00:03:35.510845+00:00,posted
binance:6582460089,binance:BTCUSDT,D,206.03,USD,2026-08-19T21:38:33.892119+00:00,posted
coinbase:1073149173,coinbase:BTC-USD,D,0.00,USD,2026-08-19T19:07:43.323820+00:00,posted
coinbase:1073149174,coinbase:BTC-USD,C,19.81,USD,2026-08-20T00:11:08.663427+00:00,posted
coinbase:1073149176,coinbase:BTC-USD,D,0.00,USD,2026-08-19T21:38:18.198216+00:00,posted
coinbase:1073149177,coinbase:BTC-USD,D,0.01,USD,2026-08-19T22:42:33.233362+00:00,posted
coinbase:1073149178,coinbase:BTC-USD,D,0.01,USD,2026-08-19T19:30:07.581260+00:00,posted
binance:6582460091,binance:BTCUSDT,D,10.30,USD,2026-08-19T19:44:59.324269+00:00,posted
binance:6582460093,binance:BTCUSDT,D,19.92,USD,2026-08-19T23:58:43.254773+00:00,posted
binance:6582460098,binance:BTCUSDT,C,75.54,USD,2026-08-19T23:07:11.195886+00:00,posted
binance:6582460100,binance:BTCUSDT,D,12.36,USD,2026-08-19T21:15:09.651289+00:00,posted
coinbase:1073149180,coinbase:BTC-USD,D,871.84,USD,2026-08-19T19:42:06.048453+00:00,posted
coinbase:1073149179,coinbase:BTC-USD,D,1128.35,USD,2026-08-19T19:13:04.237443+00:00,posted
coinbase:1073149183,coinbase:BTC-USD,D,524.97,USD,2026-08-19T23:51:23.206901+00:00,posted
coinbase:1073149182,coinbase:BTC-USD,D,100.21,USD,2026-08-19T22:50:37.908341+00:00,posted
coinbase:1073149181,coinbase:BTC-USD,D,419.99,USD,2026-08-19T20:40:51.252677+00:00,posted
kraken:105348647,kraken:XBTUSD,C,0.04,USD,2026-08-19T22:37:46.142545+00:00,posted
kraken:105348648,kraken:XBTUSD,C,28.04,USD,2026-08-19T23:33:51.431404+00:00,posted
coinbase:1073149186,coinbase:BTC-USD,D,1.17,USD,2026-08-19T21:20:08.624089+00:00,posted
coinbase:1073149185,coinbase:BTC-USD,D,2332.50,USD,2026-08-19T23:18:12.999032+00:00,posted
coinbase:1073149184,coinbase:BTC-USD,D,437.22,USD,2026-08-20T00:12:28.120677+00:00,posted
coinbase:1073149187,coinbase:BTC-USD,C,14.85,USD,2026-08-19T22:29:37.483381+00:00,posted
coinbase:1073149189,coinbase:BTC-USD,D,9.02,USD,2026-08-19T20:04:41.591502+00:00,posted
coinbase:1073149188,coinbase:BTC-USD,D,1.17,USD,2026-08-19T20:11:30.601467+00:00,posted
coinbase:1073149190,coinbase:BTC-USD,D,3332.31,USD,2026-08-20T00:11:20.019633+00:00,posted
coinbase:1073149191,coinbase:BTC-USD,D,0.01,USD,2026-08-19T18:58:19.483156+00:00,posted
binance:6582460109,binance:BTCUSDT,C,999.91,USD,2026-08-19T20:11:55.486679+00:00,posted
binance:6582460117,binance:BTCUSDT,C,6.87,USD,2026-08-19T20:22:04.184582+00:00,posted
binance:6582460118,binance:BTCUSDT,C,10000.49,USD,2026-08-19T22:52:04.483802+00:00,posted
coinbase:1073149192,coinbase:BTC-USD,D,0.00,USD,2026-08-19T23:26:58.222028+00:00,posted
coinbase:1073149193,coinbase:BTC-USD,C,0.00,USD,2026-08-19T19:38:49.609757+00:00,posted
binance:6582460119,binance:BTCUSDT,D,4917.84,USD,2026-08-19T21:15:36.673182+00:00,posted
binance:6582460120,binance:BTCUSDT,C,171.69,USD,2026-08-19T22:10:49.758017+00:00,posted
binance:6582460121,binance:BTCUSDT,C,30.90,USD,2026-08-20T00:10:24.823411+00:00,posted
coinbase:1073149195,coinbase:BTC-USD,C,0.00,USD,2026-08-19T19:15:57.787739+00:00,posted
binance:6582460122,binance:BTCUSDT,D,9.61,USD,2026-08-19T23:03:13.798271+00:00,posted
binance:6582460123,binance:BTCUSDT,C,55.63,USD,2026-08-19T20:08:06.955843+00:00,posted
coinbase:1073149196,coinbase:BTC-USD,C,0.00,USD,2026-08-19T22:19:39.622479+00:00,posted
binance:6582460124,binance:BTCUSDT,D,7.55,USD,2026-08-19T21:29:25.500149+00:00,posted
coinbase:1073149198,coinbase:BTC-USD,D,684.80,USD,2026-08-19T22:34:02.384589+00:00,posted
coinbase:1073149197,coinbase:BTC-USD,D,1.54,USD,2026-08-19T23:44:12.978425+00:00,posted
binance:6582460125,binance:BTCUSDT,C,6.87,USD,2026-08-19T18:52:07.560657+00:00,posted
coinbase:1073149199,coinbase:BTC-USD,C,0.00,USD,2026-08-19T23:12:21.481967+00:00,posted
binance:6582460126,binance:BTCUSDT,C,10362.41,USD,2026-08-19T20:55:32.843420+00:00,posted
binance:6582460127,binance:BTCUSDT,C,2646.74,USD,2026-08-20T00:10:59.351965+00:00,posted
binance:6582460128,binance:BTCUSDT,C,1676.36,USD,2026-08-19T21:47:55.216604+00:00,posted
binance:6582460129,binance:BTCUSDT,C,3543.64,USD,2026-08-19T20:15:59.860552+00:00,posted
binance:6582460138,binance:BTCUSDT,C,1612.49,USD,2026-08-19T20:37:12.184772+00:00,posted
binance:6582460146,binance:BTCUSDT,C,38.46,USD,2026-08-19T20:28:48.464977+00:00,posted
binance:6582460153,binance:BTCUSDT,C,32.96,USD,2026-08-19T21:37:49.011883+00:00,posted
binance:6582460159,binance:BTCUSDT,C,16.48,USD,2026-08-19T20:58:45.420693+00:00,posted
binance:6582460162,binance:BTCUSDT,C,3981.65,USD,2026-08-19T20:22:32.701543+00:00,posted
binance:6582460163,binance:BTCUSDT,C,21.98,USD,2026-08-19T23:26:00.601322+00:00,posted
binance:6582460167,binance:BTCUSDT,C,5.49,USD,2026-08-19T19:44:48.459503+00:00,posted
binance:6582460168,binance:BTCUSDT,C,10.99,USD,2026-08-19T23:50:30.349400+00:00,posted
binance:6582460170,binance:BTCUSDT,C,5.49,USD,2026-08-19T20:14:18.637691+00:00,posted
binance:6582460172,binance:BTCUSDT,C,5.49,USD,2026-08-22T01:17:18.437211+00:00,posted
binance:6582460174,binance:BTCUSDT,C,37.77,USD,2026-08-19T21:44:32.503275+00:00,posted
binance:6582460182,binance:BTCUSDT,C,10.99,USD,2026-08-19T19:09:43.871240+00:00,posted
binance:6582460184,binance:BTCUSDT,C,27.47,USD,2026-08-19T19:59:43.280355+00:00,posted
binance:6582460189,binance:BTCUSDT,C,65.24,USD,2026-08-19T21:50:16.842084+00:00,posted
binance:6582460201,binance:BTCUSDT,C,27.47,USD,2026-08-19T22:57:19.819925+00:00,posted
binance:6582460206,binance:BTCUSDT,C,10.99,USD,2026-08-19T22:28:54.373540+00:00,posted
binance:6582460208,binance:BTCUSDT,C,16.48,USD,2026-08-19T22:04:33.892114+00:00,posted
binance:6582460211,binance:BTCUSDT,C,3947.79,USD,2026-08-19T21:18:36.482840+00:00,posted
binance:6582460212,binance:BTCUSDT,C,27.47,USD,2026-08-19T22:26:07.110413+00:00,posted
binance:6582460217,binance:BTCUSDT,C,27.47,USD,2026-08-19T22:50:37.669612+00:00,posted
binance:6582460222,binance:BTCUSDT,C,10.99,USD,2026-08-19T21:55:22.306063+00:00,posted
binance:6582460224,binance:BTCUSDT,C,11.67,USD,2026-08-19T22:01:27.166693+00:00,posted
binance:6582460226,binance:BTCUSDT,C,5.49,USD,2026-08-19T19:39:06.985374+00:00,posted
binance:6582460227,binance:BTCUSDT,C,5.49,USD,2026-08-19T22:35:51.793324+00:00,posted
binance:6582460228,binance:BTCUSDT,C,5.49,USD,2026-08-19T21:26:46.483988+00:00,posted
binance:6582460229,binance:BTCUSDT,C,6.18,USD,2026-08-19T23:24:20.621719+00:00,posted
binance:6582460230,binance:BTCUSDT,C,10.99,USD,2026-08-22T02:59:18.817324+00:00,posted
binance:6582460232,binance:BTCUSDT,C,585.71,USD,2026-08-19T20:04:42.428661+00:00,posted
binance:6582460235,binance:BTCUSDT,C,5.49,USD,2026-08-19T23:32:22.503230+00:00,posted
binance:6582460236,binance:BTCUSDT,C,16.48,USD,2026-08-19T21:46:18.766087+00:00,posted
binance:6582460239,binance:BTCUSDT,C,2059.93,USD,2026-08-19T22:42:25.275491+00:00,posted
coinbase:1073149202,coinbase:BTC-USD,C,97.19,USD,2026-08-19T19:31:35.505972+00:00,posted
coinbase:1073149204,coinbase:BTC-USD,D,158.87,USD,2026-08-19T21:51:41.514994+00:00,posted
coinbase:1073149203,coinbase:BTC-USD,D,100.19,USD,2026-08-19T21:16:18.626310+00:00,posted
coinbase:1073149205,coinbase:BTC-USD,D,13065.45,USD,2026-08-19T20:06:35.662367+00:00,posted
coinbase:1073149206,coinbase:BTC-USD,D,27.16,USD,2026-08-19T19:37:46.740719+00:00,posted
coinbase:1073149207,coinbase:BTC-USD,C,9.90,USD,2026-08-21T01:08:48.978036+00:00,posted
coinbase:1073149208,coinbase:BTC-USD,C,0.00,USD,2026-08-19T18:57:53.675456+00:00,posted
coinbase:1073149209,coinbase:BTC-USD,D,0.00,USD,2026-08-19T19:39:48.943117+00:00,posted
coinbase:1073149210,coinbase:BTC-USD,C,24.75,USD,2026-08-19T19:57:17.861281+00:00,posted
coinbase:1073149211,coinbase:BTC-USD,D,0.01,USD,2026-08-19T23:34:03.423503+00:00,posted
coinbase:1073149212,coinbase:BTC-USD,C,4.95,USD,2026-08-19T22:42:49.642882+00:00,posted
coinbase:1073149213,coinbase:BTC-USD,C,0.00,USD,2026-08-19T19:57:57.578105+00:00,posted
coinbase:1073149214,coinbase:BTC-USD,D,0.00,USD,2026-08-19T19:02:44.935693+00:00,posted
binance:6582460242,binance:BTCUSDT,D,228.65,USD,2026-08-19T19:49:03.529618+00:00,posted
coinbase:1073149216,coinbase:BTC-USD,D,151.49,USD,2026-08-19T21:11:10.965315+00:00,posted
coinbase:1073149217,coinbase:BTC-USD,C,0.00,USD,2026-08-19T23:48:17.161400+00:00,posted
coinbase:1073149218,coinbase:BTC-USD,D,0.01,USD,2026-08-19T22:16:19.666380+00:00,posted
coinbase:1073149219,coinbase:BTC-USD,C,2.72,USD,2026-08-19T21:52:08.970924+00:00,posted
coinbase:1073149220,coinbase:BTC-USD,D,0.01,USD,2026-08-19T21:26:39.227750+00:00,posted
kraken:105348649,kraken:XBTUSD,D,9.79,USD,2026-08-19T18:51:40.398625+00:00,posted
coinbase:1073149221,coinbase:BTC-USD,C,0.00,USD,2026-08-21T12:11:16.181403+00:00,posted
coinbase:1073149222,coinbase:BTC-USD,C,0.00,USD,2026-08-19T20:23:16.319564+00:00,posted
binance:6582460243,binance:BTCUSDT,D,4.81,USD,2026-08-19T20:05:36.412662+00:00,posted
coinbase:1073149223,coinbase:BTC-USD,C,1.73,USD,2026-08-19T23:54:24.247618+00:00,posted
coinbase:1073149224,coinbase:BTC-USD,C,24.70,USD,2026-08-19T22:19:33.833013+00:00,posted
coinbase:1073149226,coinbase:BTC-USD,C,0.00,USD,2026-08-19T21:06:57.783504+00:00,posted
coinbase:1073149227,coinbase:BTC-USD,D,0.02,USD,2026-08-19T23:30:32.264079+00:00,posted
binance:6582460244,binance:BTCUSDT,D,15.11,USD,2026-08-19T19:52:19.970741+00:00,posted
binance:6582460245,binance:BTCUSDT,C,319.98,USD,2026-08-19T23:33:53.149479+00:00,posted
coinbase:1073149228,coinbase:BTC-USD,D,0.00,USD,2026-08-19T23:22:34.194365+00:00,posted
coinbase:1073149229,coinbase:BTC-USD,C,148.49,USD,2026-08-19T18:59:29.871726+00:00,posted
coinbase:1073149230,coinbase:BTC-USD,C,0.00,USD,2026-08-19T23:03:06.770626+00:00,posted
coinbase:1073149232,coinbase:BTC-USD,D,3.14,USD,2026-08-19T21:01:24.195875+00:00,posted
coinbase:1073149231,coinbase:BTC-USD,D,1518.42,USD,2026-08-19T20:50:06.651316+00:00,posted
coinbase:1073149234,coinbase:BTC-USD,D,0.01,USD,2026-08-19T23:59:20.003519+00:00,posted
binance:6582460246,binance:BTCUSDT,D,99.56,USD,2026-08-19T22:02:08.416603+00:00,posted
coinbase:1073149235,coinbase:BTC-USD,C,0.00,USD,2026-08-19T19:12:35.343046+00:00,posted
coinbase:1073149237,coinbase:BTC-USD,D,569.71,USD,2026-08-19T21:11:50.789373+00:00,posted
coinbase:1073149236,coinbase:BTC-USD,D,439.25,USD,2026-08-19T22:28:34.889372+00:00,posted
coinbase:1073149238,coinbase:BTC-USD,C,0.00,USD,2026-08-19T19:18:21.930728+00:00,posted
coinbase:1073149240,coinbase:BTC-USD,C,0.00,USD,2026-08-19T23:50:19.556069+00:00,posted
binance:6582460248,binance:BTCUSDT,D,192.26,USD,2026-08-19T19:16:33.603598+00:00,posted
kraken:105348650,kraken:XBTUSD,C,54.89,USD,2026-08-22T17:58:10.796934+00:00,posted
binance:6582460249,binance:BTCUSDT,D,137.33,USD,2026-08-22T07:48:33.137877+00:00,posted
coinbase:1073149243,coinbase:BTC-USD,C,2058.97,USD,2026-08-19T21:46:44.939785+00:00,posted
coinbase:1073149242,coinbase:BTC-USD,C,548.48,USD,2026-08-22T14:34:30.019670+00:00,posted
coinbase:1073149241,coinbase:BTC-USD,C,2058.97,USD,2026-08-19T23:02:54.226974+00:00,posted
binance:6582460250,binance:BTCUSDT,D,137.33,USD,2026-08-19T21:40:31.525376+00:00,posted
kraken:105348652,kraken:XBTUSD,D,6.86,USD,2026-08-19T22:58:52.439824+00:00,posted
kraken:105348653,kraken:XBTUSD,D,68.63,USD,2026-08-19T21:48:55.354135+00:00,posted
kraken:105348654,kraken:XBTUSD,D,50.00,USD,2026-08-19T19:34:28.674747+00:00,posted
kraken:105348655,kraken:XBTUSD,D,2776.80,USD,2026-08-19T21:55:16.173259+00:00,posted
coinbase:1073149244,coinbase:BTC-USD,D,0.00,USD,2026-08-19T19:40:34.578824+00:00,posted
binance:6582460251,binance:BTCUSDT,D,70.72,USD,2026-08-19T23:07:01.636474+00:00,posted
binance:6582460252,binance:BTCUSDT,C,68.66,USD,2026-08-19T21:46:11.131165+00:00,posted
binance:6582460254,binance:BTCUSDT,D,28.84,USD,2026-08-19T19:27:03.031920+00:00,posted
coinbase:1073149245,coinbase:BTC-USD,D,0.00,USD,2026-08-19T22:33:06.656100+00:00,posted
coinbase:1073149246,coinbase:BTC-USD,C,20.87,USD,2026-08-19T23:05:56.031752+00:00,posted
coinbase:1073149247,coinbase:BTC-USD,D,0.00,USD,2026-08-19T19:47:36.645004+00:00,posted
binance:6582460255,binance:BTCUSDT,D,2999.25,USD,2026-08-19T19:13:35.776465+00:00,posted
binance:6582460256,binance:BTCUSDT,C,68905.18,USD,2026-08-19T20:52:26.353384+00:00,posted
coinbase:1073149248,coinbase:BTC-USD,D,1957.12,USD,2026-08-19T20:06:08.361783+00:00,posted
binance:6582460275,binance:BTCUSDT,C,11.67,USD,2026-08-19T23:38:48.144580+00:00,posted
binance:6582460276,binance:BTCUSDT,D,686.64,USD,2026-08-19T20:46:19.309469+00:00,posted
binance:6582460277,binance:BTCUSDT,D,5493.13,USD,2026-08-19T22:16:15.859850+00:00,posted
binance:6582460278,binance:BTCUSDT,D,1373.28,USD,2026-08-19T23:22:15.409873+00:00,posted
binance:6582460281,binance:BTCUSDT,D,2746.57,USD,2026-08-19T18:52:51.789287+00:00,posted
binance:6582460282,binance:BTCUSDT,D,372.85,USD,2026-08-19T21:50:36.143216+00:00,posted
binance:6582460284,binance:BTCUSDT,D,707.24,USD,2026-08-19T23:44:07.865452+00:00,posted
binance:6582460285,binance:BTCUSDT,D,1476.28,USD,2026-08-19T19:33:57.047161+00:00,posted
coinbase:1073149249,coinbase:BTC-USD,C,29.16,USD,2026-08-19T21:36:28.798740+00:00,posted
binance:6582460327,binance:BTCUSDT,D,16.48,USD,2026-08-19T20:23:58.563125+00:00,posted
binance:6582460331,binance:BTCUSDT,D,5.49,USD,2026-08-19T19:49:01.562777+00:00,posted
binance:6582460332,binance:BTCUSDT,D,16.48,USD,2026-08-19T20:20:31.525467+00:00,posted
coinbase:1073149250,coinbase:BTC-USD,D,0.00,USD,2026-08-19T22:03:27.225122+00:00,posted
kraken:105348656,kraken:XBTUSD,D,80.06,USD,2026-08-19T21:11:48.997508+00:00,posted
coinbase:1073149251,coinbase:BTC-USD,C,48.59,USD,2026-08-19T19:34:31.431123+00:00,posted
coinbase:1073149252,coinbase:BTC-USD,C,0.00,USD,2026-08-19T20:38:19.981196+00:00,posted
coinbase:1073149253,coinbase:BTC-USD,C,2351.92,USD,2026-08-19T21:16:17.282736+00:00,posted
coinbase:1073149254,coinbase:BTC-USD,C,94.86,USD,2026-08-19T23:38:58.058285+00:00,posted
binance:6582460335,binance:BTCUSDT,C,1896.57,USD,2026-08-19T20:15:15.372484+00:00,posted
coinbase:1073149255,coinbase:BTC-USD,D,0.00,USD,2026-08-19T20:15:56.363654+00:00,posted
coinbase:1073149256,coinbase:BTC-USD,D,0.00,USD,2026-08-19T23:19:43.125688+00:00,posted
coinbase:1073149257,coinbase:BTC-USD,C,0.00,USD,2026-08-19T20:24:55.884890+00:00,posted
binance:6582460336,binance:BTCUSDT,C,10882.96,USD,2026-08-19T23:23:34.815806+00:00,posted
coinbase:1073149258,coinbase:BTC-USD,C,28.42,USD,2026-08-19T23:05:15.801321+00:00,posted
binance:6582460337,binance:BTCUSDT,D,6.87,USD,2026-08-19T23:26:51.108414+00:00,posted
coinbase:1073149259,coinbase:BTC-USD,C,0.00,USD,2026-08-19T23:26:44.219268+00:00,posted
binance:6582460339,binance:BTCUSDT,D,480.67,USD,2026-08-19T23:22:06.017825+00:00,posted
coinbase:1073149260,coinbase:BTC-USD,C,0.00,USD,2026-08-19T18:53:59.692894+00:00,posted
coinbase:1073149261,coinbase:BTC-USD,C,100.42,USD,2026-08-19T19:08:56.817984+00:00,posted
coinbase:1073149262,coinbase:BTC-USD,C,0.00,USD,2026-08-19T23:53:24.026659+00:00,posted
coinbase:1073149263,coinbase:BTC-USD,D,0.00,USD,2026-08-19T21:03:20.472064+00:00,posted
coinbase:1073149264,coinbase:BTC-USD,C,9.65,USD,2026-08-19T21:19:37.724803+00:00,posted
coinbase:1073149265,coinbase:BTC-USD,C,0.00,USD,2026-08-19T19:32:55.537042+00:00,posted
coinbase:1073149266,coinbase:BTC-USD,D,0.00,USD,2026-08-19T21:23:08.624807+00:00,posted
coinbase:1073149267,coinbase:BTC-USD,C,0.00,USD,2026-08-19T19:41:49.201682+00:00,posted
coinbase:1073149268,coinbase:BTC-USD,D,0.00,USD,2026-08-19T20:36:19.070168+00:00,posted
coinbase:1073149269,coinbase:BTC-USD,D,0.01,USD,2026-08-19T23:07:56.227878+00:00,posted
binance:6582460340,binance:BTCUSDT,C,20496.95,USD,2026-08-22T15:40:34.273186+00:00,posted
coinbase:1073149271,coinbase:BTC-USD,C,0.00,USD,2026-08-19T19:48:21.862649+00:00,posted
kraken:105348657,kraken:XBTUSD,D,4692.11,USD,2026-08-19T22:44:41.256401+00:00,posted
kraken:105348658,kraken:XBTUSD,D,50.00,USD,2026-08-19T19:33:00.881040+00:00,posted
kraken:105348659,kraken:XBTUSD,D,3647.33,USD,2026-08-19T20:56:34.960829+00:00,posted
kraken:105348660,kraken:XBTUSD,D,68.63,USD,2026-08-19T23:53:02.217008+00:00,posted
kraken:105348661,kraken:XBTUSD,D,4948.01,USD,2026-08-19T20:51:11.340721+00:00,posted
kraken:105348662,kraken:XBTUSD,D,6.86,USD,2026-08-19T19:07:29.702149+00:00,posted
kraken:105348663,kraken:XBTUSD,D,9131.40,USD,2026-08-19T21:53:39.810243+00:00,posted
kraken:105348664,kraken:XBTUSD,D,3.50,USD,2026-08-20T00:01:09.205695+00:00,posted
kraken:105348665,kraken:XBTUSD,D,8997.24,USD,2026-08-22T17:05:15.541989+00:00,posted
kraken:105348666,kraken:XBTUSD,D,3.50,USD,2026-08-19T23:26:31.178576+00:00,posted
kraken:105348667,kraken:XBTUSD,D,13.59,USD,2026-08-19T19:24:05.441147+00:00,posted
kraken:105348668,kraken:XBTUSD,D,34.39,USD,2026-08-19T19:16:29.374804+00:00,posted
kraken:105348669,kraken:XBTUSD,D,3.50,USD,2026-08-19T19:14:44.378951+00:00,posted
kraken:105348670,kraken:XBTUSD,D,27455.36,USD,2026-08-19T22:53:31.726426+00:00,posted
kraken:105348671,kraken:XBTUSD,D,20523.52,USD,2026-08-19T23:17:38.557732+00:00,posted
kraken:105348672,kraken:XBTUSD,D,15321.98,USD,2026-08-19T19:05:37.290774+00:00,posted
binance:6582460341,binance:BTCUSDT,D,14.42,USD,2026-08-19T19:53:55.535497+00:00,posted
coinbase:1073149272,coinbase:BTC-USD,C,0.00,USD,2026-08-19T22:03:57.515545+00:00,posted
coinbase:1073149273,coinbase:BTC-USD,D,0.00,USD,2026-08-19T18:49:34.482792+00:00,posted
coinbase:1073149274,coinbase:BTC-USD,C,32.67,USD,2026-08-19T23:47:03.151875+00:00,posted
coinbase:1073149275,coinbase:BTC-USD,C,0.00,USD,2026-08-19T22:23:45.650776+00:00,posted
binance:6582460342,binance:BTCUSDT,C,230.03,USD,2026-08-19T21:57:28.900407+00:00,posted
coinbase:1073149276,coinbase:BTC-USD,C,0.00,USD,2026-08-19T22:42:48.964671+00:00,posted
binance:6582460343,binance:BTCUSDT,C,1069.14,USD,2026-08-19T20:02:58.381171+00:00,posted
coinbase:1073149277,coinbase:BTC-USD,D,0.00,USD,2026-08-19T23:11:13.234253+00:00,posted
coinbase:1073149278,coinbase:BTC-USD,D,0.51,USD,2026-08-19T21:04:25.231599+00:00,posted
coinbase:1073149280,coinbase:BTC-USD,D,548.53,USD,2026-08-19T19:58:27.939689+00:00,posted
coinbase:1073149279,coinbase:BTC-USD,D,473.81,USD,2026-08-19T20:41:47.189265+00:00,posted
coinbase:1073149281,coinbase:BTC-USD,D,0.00,USD,2026-08-19T20:20:08.615952+00:00,posted
kraken:105348673,kraken:XBTUSD,D,19.37,USD,2026-08-19T19:26:12.080173+00:00,posted
coinbase:1073149282,coinbase:BTC-USD,C,0.00,USD,2026-08-19T19:17:08.069378+00:00,posted
coinbase:1073149283,coinbase:BTC-USD,D,949.01,USD,2026-08-19T22:45:58.888673+00:00,posted
coinbase:1073149284,coinbase:BTC-USD,C,0.00,USD,2026-08-20T00:10:36.719718+00:00,posted
binance:6582460344,binance:BTCUSDT,C,1564.91,USD,2026-08-19T20:30:39.090620+00:00,posted
coinbase:1073149285,coinbase:BTC-USD,C,0.00,USD,2026-08-19T19:58:26.006650+00:00,posted
coinbase:1073149286,coinbase:BTC-USD,D,0.01,USD,2026-08-19T23:03:18.642769+00:00,posted
binance:6582460345,binance:BTCUSDT,C,28.84,USD,2026-08-19T20:44:09.951170+00:00,posted
kraken:105348674,kraken:XBTUSD,C,50.00,USD,2026-08-19T22:09:37.826724+00:00,posted
kraken:105348675,kraken:XBTUSD,C,3.50,USD,2026-08-21T15:06:45.261892+00:00,posted
kraken:105348676,kraken:XBTUSD,C,3.50,USD,2026-08-19T20:26:00.548449+00:00,posted
kraken:105348677,kraken:XBTUSD,C,472.99,USD,2026-08-19T23:06:41.200877+00:00,posted
binance:6582460346,binance:BTCUSDT,C,21.29,USD,2026-08-19T21:12:33.962826+00:00,posted
coinbase:1073149287,coinbase:BTC-USD,D,425.58,USD,2026-08-19T23:38:54.449847+00:00,posted
binance:6582460347,binance:BTCUSDT,D,8.93,USD,2026-08-19T23:35:37.478828+00:00,posted
binance:6582460348,binance:BTCUSDT,C,8.24,USD,2026-08-19T21:42:57.455698+00:00,posted
coinbase:1073149288,coinbase:BTC-USD,D,0.00,USD,2026-08-19T20:18:10.372007+00:00,posted
coinbase:1073149289,coinbase:BTC-USD,D,0.00,USD,2026-08-19T19:00:55.596783+00:00,posted
coinbase:1073149292,coinbase:BTC-USD,C,30.42,USD,2026-08-19T19:52:01.415312+00:00,posted
coinbase:1073149291,coinbase:BTC-USD,C,203.28,USD,2026-08-20T00:14:41.627239+00:00,posted
coinbase:1073149290,coinbase:BTC-USD,C,18.20,USD,2026-08-19T23:42:06.759647+00:00,posted
binance:6582460349,binance:BTCUSDT,C,498.52,USD,2026-08-19T21:34:12.145500+00:00,posted
binance:6582460350,binance:BTCUSDT,D,18.54,USD,2026-08-20T00:07:25.219499+00:00,posted
coinbase:1073149293,coinbase:BTC-USD,D,618.13,USD,2026-08-19T20:03:16.865420+00:00,posted
binance:6582460351,binance:BTCUSDT,D,6.87,USD,2026-08-21T00:43:08.227276+00:00,posted
binance:6582460352,binance:BTCUSDT,D,371.49,USD,2026-08-19T23:28:31.732194+00:00,posted
binance:6582460394,binance:BTCUSDT,D,32.96,USD,2026-08-19T19:33:35.915962+00:00,posted
binance:6582460400,binance:BTCUSDT,D,5.49,USD,2026-08-19T23:17:28.328197+00:00,posted
binance:6582460401,binance:BTCUSDT,D,16.48,USD,2026-08-19T22:40:38.321887+00:00,posted
binance:6582460404,binance:BTCUSDT,D,260.25,USD,2026-08-19T21:16:15.416689+00:00,posted
binance:6582460405,binance:BTCUSDT,D,1373.35,USD,2026-08-19T19:14:30.721169+00:00,posted
binance:6582460406,binance:BTCUSDT,D,171.67,USD,2026-08-19T19:40:42.725104+00:00,posted
binance:6582460408,binance:BTCUSDT,D,199.82,USD,2026-08-19T22:48:43.394365+00:00,posted
binance:6582460410,binance:BTCUSDT,D,16.48,USD,2026-08-19T19:23:26.875606+00:00,posted
binance:6582460413,binance:BTCUSDT,D,2353.28,USD,2026-08-19T22:39:02.277022+00:00,posted
binance:6582460414,binance:BTCUSDT,D,72.79,USD,2026-08-19T22:27:53.936756+00:00,posted
binance:6582460427,binance:BTCUSDT,D,5.49,USD,2026-08-19T23:41:37.272660+00:00,posted
binance:6582460428,binance:BTCUSDT,D,16.48,USD,2026-08-20T23:06:25.733142+00:00,posted
binance:6582460431,binance:BTCUSDT,D,1353.46,USD,2026-08-19T23:58:45.301978+00:00,posted
binance:6582460437,binance:BTCUSDT,D,56.31,USD,2026-08-21T10:52:42.907358+00:00,posted
binance:6582460447,binance:BTCUSDT,D,17.85,USD,2026-08-19T20:25:25.162383+00:00,posted
binance:6582460450,binance:BTCUSDT,D,10.99,USD,2026-08-19T22:33:08.657831+00:00,posted
binance:6582460452,binance:BTCUSDT,D,5.49,USD,2026-08-19T22:17:15.658883+00:00,posted
binance:6582460453,binance:BTCUSDT,D,16.48,USD,2026-08-20T21:20:51.339278+00:00,posted
binance:6582460456,binance:BTCUSDT,D,22.66,USD,2026-08-19T20:32:05.027462+00:00,posted
binance:6582460460,binance:BTCUSDT,D,5.49,USD,2026-08-19T20:16:32.887205+00:00,posted
binance:6582460461,binance:BTCUSDT,D,10.99,USD,2026-08-19T22:33:20.753022+00:00,posted
binance:6582460463,binance:BTCUSDT,D,5.49,USD,2026-08-19T23:42:46.294472+00:00,posted
binance:6582460464,binance:BTCUSDT,D,5.49,USD,2026-08-19T19:48:13.881509+00:00,posted
binance:6582460465,binance:BTCUSDT,D,5.49,USD,2026-08-19T23:07:07.196745+00:00,posted
binance:6582460466,binance:BTCUSDT,D,5.49,USD,2026-08-19T20:46:00.931030+00:00,posted
binance:6582460470,binance:BTCUSDT,D,38.46,USD,2026-08-19T22:58:44.533773+00:00,posted
binance:6582460477,binance:BTCUSDT,D,16.48,USD,2026-08-20T21:52:45.562740+00:00,posted
binance:6582460480,binance:BTCUSDT,D,1181.15,USD,2026-08-19T20:39:23.271841+00:00,posted
binance:6582460481,binance:BTCUSDT,D,618.04,USD,2026-08-19T23:55:09.439775+00:00,posted
binance:6582460482,binance:BTCUSDT,D,755.38,USD,2026-08-19T20:42:36.598545+00:00,posted
binance:6582460483,binance:BTCUSDT,D,1891.21,USD,2026-08-19T22:34:35.953590+00:00,posted
binance:6582460501,binance:BTCUSDT,D,21.97,USD,2026-08-19T21:13:20.583085+00:00,posted
binance:6582460505,binance:BTCUSDT,D,10.99,USD,2026-08-19T20:40:13.251886+00:00,posted
binance:6582460507,binance:BTCUSDT,D,32.96,USD,2026-08-19T19:02:33.275559+00:00,posted
binance:6582460513,binance:BTCUSDT,D,27.47,USD,2026-08-19T19:21:03.405619+00:00,posted
binance:6582460518,binance:BTCUSDT,D,11.67,USD,2026-08-19T19:51:12.527086+00:00,posted
binance:6582460520,binance:BTCUSDT,D,16.48,USD,2026-08-19T22:04:25.740014+00:00,posted
binance:6582460523,binance:BTCUSDT,D,3005.15,USD,2026-08-19T22:20:35.006321+00:00,posted
binance:6582460525,binance:BTCUSDT,D,7.55,USD,2026-08-19T22:28:00.778918+00:00,posted
binance:6582460526,binance:BTCUSDT,D,10.99,USD,2026-08-19T19:03:58.784042+00:00,posted
binance:6582460528,binance:BTCUSDT,D,5.49,USD,2026-08-19T20:23:04.866398+00:00,posted
binance:6582460529,binance:BTCUSDT,D,16.48,USD,2026-08-19T19:59:26.912648+00:00,posted
binance:6582460532,binance:BTCUSDT,D,1594.63,USD,2026-08-19T22:46:08.603794+00:00,posted
binance:6582460533,binance:BTCUSDT,D,206.02,USD,2026-08-19T23:44:11.329790+00:00,posted
binance:6582460535,binance:BTCUSDT,C,199.84,USD,2026-08-19T20:19:38.730180+00:00,posted
binance:6582460536,binance:BTCUSDT,D,686.75,USD,2026-08-19T18:58:27.912947+00:00,posted
binance:6582460549,binance:BTCUSDT,D,1373.50,USD,2026-08-19T19:03:08.566194+00:00,posted
coinbase:1073149295,coinbase:BTC-USD,C,340.87,USD,2026-08-20T00:08:57.184241+00:00,posted
coinbase:1073149294,coinbase:BTC-USD,C,2.32,USD,2026-08-19T19:11:51.337519+00:00,posted
coinbase:1073149296,coinbase:BTC-USD,C,9601.74,USD,2026-08-19T22:10:31.499468+00:00,posted
coinbase:1073149297,coinbase:BTC-USD,C,850.93,USD,2026-08-22T01:41:26.620459+00:00,posted
coinbase:1073149307,coinbase:BTC-USD,C,171.27,USD,2026-08-19T22:11:34.258634+00:00,posted
coinbase:1073149306,coinbase:BTC-USD,C,150.00,USD,2026-08-19T21:48:05.367787+00:00,posted
coinbase:1073149305,coinbase:BTC-USD,C,1.17,USD,2026-08-19T22:55:36.435946+00:00,posted
coinbase:1073149304,coinbase:BTC-USD,C,0.08,USD,2026-08-19T22:34:28.878046+00:00,posted
coinbase:1073149303,coinbase:BTC-USD,C,0.17,USD,2026-08-19T19:03:10.540481+00:00,posted
coinbase:1073149302,coinbase:BTC-USD,C,0.08,USD,2026-08-19T18:59:04.091025+00:00,posted
coinbase:1073149301,coinbase:BTC-USD,C,1.17,USD,2026-08-19T21:28:46.066160+00:00,posted
coinbase:1073149300,coinbase:BTC-USD,C,1990.69,USD,2026-08-19T18:52:23.944070+00:00,posted
coinbase:1073149298,coinbase:BTC-USD,C,1.17,USD,2026-08-19T23:59:15.100184+00:00,posted
binance:6582460550,binance:BTCUSDT,D,2746.99,USD,2026-08-19T21:48:46.095904+00:00,posted
coinbase:1073149309,coinbase:BTC-USD,C,353.14,USD,2026-08-19T21:25:40.161613+00:00,posted
coinbase:1073149308,coinbase:BTC-USD,C,12004.43,USD,2026-08-20T00:16:48.743955+00:00,posted
binance:6582460551,binance:BTCUSDT,C,34.34,USD,2026-08-19T22:37:14.535231+00:00,posted
binance:6582460552,binance:BTCUSDT,D,206.02,USD,2026-08-19T23:41:42.969198+00:00,posted
binance:6582460553,binance:BTCUSDT,D,2000.50,USD,2026-08-19T19:52:03.797274+00:00,posted
binance:6582460554,binance:BTCUSDT,D,11937.74,USD,2026-08-19T20:29:19.520878+00:00,posted
binance:6582460570,binance:BTCUSDT,D,27.47,USD,2026-08-20T00:13:39.435972+00:00,posted
binance:6582460575,binance:BTCUSDT,D,39.83,USD,2026-08-19T18:54:51.860663+00:00,posted
binance:6582460582,binance:BTCUSDT,D,2190.74,USD,2026-08-19T21:19:23.569157+00:00,posted
coinbase:1073149310,coinbase:BTC-USD,D,0.02,USD,2026-08-19T23:27:26.663219+00:00,posted
binance:6582460583,binance:BTCUSDT,D,401.75,USD,2026-08-19T18:50:45.130895+00:00,posted
binance:6582460586,binance:BTCUSDT,D,89.28,USD,2026-08-19T20:42:54.933215+00:00,posted
binance:6582460607,binance:BTCUSDT,D,27.47,USD,2026-08-20T00:13:16.034409+00:00,posted
binance:6582460612,binance:BTCUSDT,D,12.36,USD,2026-08-19T19:30:59.900116+00:00,posted
binance:6582460613,binance:BTCUSDT,D,11.67,USD,2026-08-19T20:22:25.951442+00:00,posted
binance:6582460615,binance:BTCUSDT,D,6.18,USD,2026-08-19T20:12:10.213105+00:00,posted
binance:6582460616,binance:BTCUSDT,D,10.99,USD,2026-08-19T22:15:14.923510+00:00,posted
binance:6582460618,binance:BTCUSDT,D,5.49,USD,2026-08-19T21:57:04.850963+00:00,posted
binance:6582460619,binance:BTCUSDT,D,784.30,USD,2026-08-19T20:00:18.679697+00:00,posted
binance:6582460620,binance:BTCUSDT,D,3239.52,USD,2026-08-19T20:37:20.138610+00:00,posted
binance:6582460621,binance:BTCUSDT,D,16.48,USD,2026-08-22T08:05:57.954876+00:00,posted
binance:6582460624,binance:BTCUSDT,D,5.49,USD,2026-08-19T22:20:20.135525+00:00,posted
binance:6582460625,binance:BTCUSDT,D,5.49,USD,2026-08-19T23:24:56.564182+00:00,posted
binance:6582460626,binance:BTCUSDT,D,5.49,USD,2026-08-19T21:36:32.392559+00:00,posted
binance:6582460627,binance:BTCUSDT,D,10.99,USD,2026-08-19T19:38:04.787806+00:00,posted
binance:6582460629,binance:BTCUSDT,D,27.47,USD,2026-08-19T19:17:15.792709+00:00,posted
binance:6582460634,binance:BTCUSDT,D,5.49,USD,2026-08-19T20:00:40.637207+00:00,posted
binance:6582460635,binance:BTCUSDT,D,5.49,USD,2026-08-19T23:54:10.609125+00:00,posted
binance:6582460636,binance:BTCUSDT,D,2678.51,USD,2026-08-19T22:31:56.853029+00:00,posted
binance:6582460637,binance:BTCUSDT,D,68.68,USD,2026-08-19T23:52:51.643413+00:00,posted
binance:6582460638,binance:BTCUSDT,D,1373.60,USD,2026-08-19T22:56:59.651424+00:00,posted
binance:6582460639,binance:BTCUSDT,D,10.30,USD,2026-08-19T21:51:44.181296+00:00,posted
binance:6582460641,binance:BTCUSDT,D,106.45,USD,2026-08-19T21:16:58.578695+00:00,posted
binance:6582460659,binance:BTCUSDT,D,27.47,USD,2026-08-19T23:32:07.790306+00:00,posted
binance:6582460664,binance:BTCUSDT,D,10.99,USD,2026-08-21T22:47:39.364922+00:00,posted
binance:6582460666,binance:BTCUSDT,D,10.99,USD,2026-08-19T19:43:22.100486+00:00,posted
binance:6582460670,binance:BTCUSDT,D,5.49,USD,2026-08-19T19:47:13.638631+00:00,posted
binance:6582460672,binance:BTCUSDT,D,16.48,USD,2026-08-19T21:19:05.803895+00:00,posted
binance:6582460675,binance:BTCUSDT,D,72.80,USD,2026-08-21T23:37:37.308996+00:00,posted
binance:6582460688,binance:BTCUSDT,D,21.98,USD,2026-08-20T00:12:35.267609+00:00,posted
binance:6582460692,binance:BTCUSDT,D,12.36,USD,2026-08-19T22:37:24.941397+00:00,posted
binance:6582460693,binance:BTCUSDT,D,5.49,USD,2026-08-19T23:47:31.012894+00:00,posted
binance:6582460694,binance:BTCUSDT,D,6.18,USD,2026-08-19T23:12:28.692451+00:00,posted
binance:6582460695,binance:BTCUSDT,D,10003.13,USD,2026-08-21T16:30:08.962129+00:00,posted
binance:6582460696,binance:BTCUSDT,D,3963.79,USD,2026-08-19T18:50:07.021169+00:00,posted
binance:6582460697,binance:BTCUSDT,D,5.49,USD,2026-08-19T22:39:14.256944+00:00,posted
binance:6582460698,binance:BTCUSDT,D,16.48,USD,2026-08-19T22:21:37.152548+00:00,posted
binance:6582460701,binance:BTCUSDT,D,5.49,USD,2026-08-19T22:25:58.875210+00:00,posted
binance:6582460702,binance:BTCUSDT,D,5.49,USD,2026-08-19T21:40:26.489647+00:00,posted
binance:6582460703,binance:BTCUSDT,D,5.49,USD,2026-08-19T22:46:37.091107+00:00,posted
binance:6582460704,binance:BTCUSDT,D,6.18,USD,2026-08-19T21:54:43.620152+00:00,posted
binance:6582460705,binance:BTCUSDT,D,7.56,USD,2026-08-19T23:03:07.351587+00:00,posted
binance:6582460706,binance:BTCUSDT,D,5.49,USD,2026-08-19T19:57:52.293800+00:00,posted
binance:6582460707,binance:BTCUSDT,D,16.48,USD,2026-08-19T21:49:40.574924+00:00,posted
binance:6582460710,binance:BTCUSDT,D,6.18,USD,2026-08-21T09:19:23.165425+00:00,posted
coinbase:1073149311,coinbase:BTC-USD,C,3001.24,USD,2026-08-19T22:35:53.194730+00:00,posted
coinbase:1073149312,coinbase:BTC-USD,D,0.00,USD,2026-08-19T22:40:24.666195+00:00,posted
coinbase:1073149313,coinbase:BTC-USD,C,3207.68,USD,2026-08-20T20:26:08.096701+00:00,posted
coinbase:1073149314,coinbase:BTC-USD,C,4628.82,USD,2026-08-19T23:50:45.839563+00:00,posted
coinbase:1073149315,coinbase:BTC-USD,D,0.00,USD,2026-08-19T23:00:44.570525+00:00,posted
binance:6582460712,binance:BTCUSDT,D,618.18,USD,2026-08-19T23:31:15.944091+00:00,posted
binance:6582460713,binance:BTCUSDT,D,755.55,USD,2026-08-19T21:35:54.661324+00:00,posted
binance:6582460714,binance:BTCUSDT,D,1236.36,USD,2026-08-19T23:44:50.445788+00:00,posted
coinbase:1073149316,coinbase:BTC-USD,C,0.00,USD,2026-08-19T20:19:13.005700+00:00,posted
binance:6582460715,binance:BTCUSDT,C,1175.23,USD,2026-08-19T19:43:35.168892+00:00,posted
coinbase:1073149318,coinbase:BTC-USD,D,0.00,USD,2026-08-19T19:41:44.150137+00:00,posted
coinbase:1073149319,coinbase:BTC-USD,C,0.00,USD,2026-08-19T21:45:12.170963+00:00,posted
coinbase:1073149320,coinbase:BTC-USD,C,52.18,USD,2026-08-19T23:24:52.478353+00:00,posted
binance:6582460716,binance:BTCUSDT,C,713.65,USD,2026-08-19T22:26:43.819142+00:00,posted
coinbase:1073149321,coinbase:BTC-USD,C,0.00,USD,2026-08-19T20:11:15.483623+00:00,posted
binance:6582460717,binance:BTCUSDT,C,14424.19,USD,2026-08-19T21:28:54.687889+00:00,posted
coinbase:1073149322,coinbase:BTC-USD,C,0.00,USD,2026-08-19T19:57:52.980345+00:00,posted
coinbase:1073149323,coinbase:BTC-USD,D,0.00,USD,2026-08-21T04:31:19.771632+00:00,posted
coinbase:1073149324,coinbase:BTC-USD,D,0.00,USD,2026-08-19T19:24:19.114736+00:00,posted
coinbase:1073149325,coinbase:BTC-USD,C,0.00,USD,2026-08-20T00:02:46.003385+00:00,posted
binance:6582460719,binance:BTCUSDT,D,1373.73,USD,2026-08-19T22:06:55.436694+00:00,posted
binance:6582460723,binance:BTCUSDT,D,686.87,USD,2026-08-19T18:51:29.172055+00:00,posted
binance:6582460724,binance:BTCUSDT,D,2747.46,USD,2026-08-19T22:15:07.651020+00:00,posted
coinbase:1073149328,coinbase:BTC-USD,C,3001.30,USD,2026-08-19T20:19:31.673837+00:00,posted
coinbase:1073149327,coinbase:BTC-USD,C,15.89,USD,2026-08-19T19:37:22.609463+00:00,posted
coinbase:1073149326,coinbase:BTC-USD,C,1702.93,USD,2026-08-19T19:31:12.682273+00:00,posted
binance:6582460726,binance:BTCUSDT,C,41.21,USD,2026-08-19T20:46:38.877074+00:00,posted
coinbase:1073149329,coinbase:BTC-USD,C,0.00,USD,2026-08-19T22:37:37.176327+00:00,posted
coinbase:1073149330,coinbase:BTC-USD,D,225.95,USD,2026-08-21T03:36:44.086692+00:00,posted
coinbase:1073149331,coinbase:BTC-USD,C,0.00,USD,2026-08-19T22:58:41.640845+00:00,posted
binance:6582460727,binance:BTCUSDT,D,17.17,USD,2026-08-19T21:06:02.438076+00:00,posted
coinbase:1073149332,coinbase:BTC-USD,D,0.00,USD,2026-08-19T21:02:29.218445+00:00,posted
binance:6582460728,binance:BTCUSDT,C,62.50,USD,2026-08-21T03:33:51.552375+00:00,posted
coinbase:1073149333,coinbase:BTC-USD,C,0.00,USD,2026-08-19T19:07:05.022818+00:00,posted
coinbase:1073149334,coinbase:BTC-USD,C,0.00,USD,2026-08-19T22:04:26.273878+00:00,posted
binance:6582460729,binance:BTCUSDT,C,1958.26,USD,2026-08-21T13:02:18.973412+00:00,posted
coinbase:1073149336,coinbase:BTC-USD,C,0.78,USD,2026-08-19T20:59:25.993061+00:00,posted
coinbase:1073149335,coinbase:BTC-USD,C,1.16,USD,2026-08-19T22:09:47.780435+00:00,posted
coinbase:1073149337,coinbase:BTC-USD,D,0.01,USD,2026-08-19T23:01:32.459255+00:00,posted
coinbase:1073149338,coinbase:BTC-USD,C,0.00,USD,2026-08-19T22:23:12.893259+00:00,posted
binance:6582460731,binance:BTCUSDT,C,6.87,USD,2026-08-19T19:17:43.325123+00:00,posted
coinbase:1073149339,coinbase:BTC-USD,D,0.00,USD,2026-08-19T23:16:24.595633+00:00,posted
binance:6582460733,binance:BTCUSDT,C,2230.25,USD,2026-08-19T19:12:33.845180+00:00,posted
binance:6582460769,binance:BTCUSDT,C,10.99,USD,2026-08-19T23:33:38.844669+00:00,posted
binance:6582460771,binance:BTCUSDT,C,10.99,USD,2026-08-19T19:27:30.866375+00:00,posted
binance:6582460773,binance:BTCUSDT,C,5793.66,USD,2026-08-19T20:15:08.788821+00:00,posted
binance:6582460780,binance:BTCUSDT,C,1942.44,USD,2026-08-19T22:52:57.216203+00:00,posted
binance:6582460783,binance:BTCUSDT,C,50.83,USD,2026-08-19T19:10:12.353518+00:00,posted
binance:6582460792,binance:BTCUSDT,C,10.99,USD,2026-08-19T19:41:39.719716+00:00,posted
binance:6582460794,binance:BTCUSDT,C,16.48,USD,2026-08-19T23:12:36.990107+00:00,posted
binance:6582460797,binance:BTCUSDT,C,57.01,USD,2026-08-19T19:27:14.720761+00:00,posted
binance:6582460807,binance:BTCUSDT,C,16.48,USD,2026-08-19T21:33:29.641787+00:00,posted
binance:6582460810,binance:BTCUSDT,C,5.49,USD,2026-08-19T21:52:00.279914+00:00,posted
binance:6582460811,binance:BTCUSDT,C,27.47,USD,2026-08-19T23:25:44.638516+00:00,posted
binance:6582460816,binance:BTCUSDT,C,5.49,USD,2026-08-19T23:47:34.856283+00:00,posted
binance:6582460817,binance:BTCUSDT,C,48.76,USD,2026-08-19T22:56:40.344860+00:00,posted
binance:6582460825,binance:BTCUSDT,C,6.18,USD,2026-08-19T20:54:34.776318+00:00,posted
binance:6582460826,binance:BTCUSDT,C,21.98,USD,2026-08-19T23:54:59.373772+00:00,posted
binance:6582460830,binance:BTCUSDT,C,11.68,USD,2026-08-21T13:12:02.307218+00:00,posted
binance:6582460832,binance:BTCUSDT,C,16.48,USD,2026-08-19T20:28:11.409567+00:00,posted
coinbase:1073149344,coinbase:BTC-USD,D,5392.37,USD,2026-08-19T22:59:56.878075+00:00,posted
coinbase:1073149343,coinbase:BTC-USD,D,420.00,USD,2026-08-19T22:24:37.486497+00:00,posted
coinbase:1073149342,coinbase:BTC-USD,D,2045.13,USD,2026-08-19T21:10:31.556731+00:00,posted
coinbase:1073149341,coinbase:BTC-USD,D,2176.32,USD,2026-08-19T22:34:08.334832+00:00,posted
coinbase:1073149340,coinbase:BTC-USD,D,74.99,USD,2026-08-19T19:50:21.727574+00:00,posted
coinbase:1073149345,coinbase:BTC-USD,D,634.49,USD,2026-08-19T21:05:41.429803+00:00,posted
coinbase:1073149347,coinbase:BTC-USD,D,956.27,USD,2026-08-19T20:52:31.341992+00:00,posted
coinbase:1073149348,coinbase:BTC-USD,D,15.88,USD,2026-08-19T19:30:51.772489+00:00,posted
coinbase:1073149349,coinbase:BTC-USD,D,917.86,USD,2026-08-19T19:32:35.007923+00:00,posted
coinbase:1073149352,coinbase:BTC-USD,D,419.99,USD,2026-08-19T19:26:54.083186+00:00,posted
coinbase:1073149351,coinbase:BTC-USD,D,1000.00,USD,2026-08-19T19:36:35.943986+00:00,posted
coinbase:1073149350,coinbase:BTC-USD,D,1000.00,USD,2026-08-19T21:03:44.680602+00:00,posted
coinbase:1073149353,coinbase:BTC-USD,C,0.00,USD,2026-08-19T23:21:37.435443+00:00,posted
binance:6582460835,binance:BTCUSDT,C,10018.25,USD,2026-08-19T22:24:08.324326+00:00,posted
binance:6582460842,binance:BTCUSDT,C,286.39,USD,2026-08-19T20:16:06.104060+00:00,posted
binance:6582460860,binance:BTCUSDT,C,16.48,USD,2026-08-19T22:32:16.034483+00:00,posted
binance:6582460863,binance:BTCUSDT,C,45.33,USD,2026-08-19T22:18:05.713932+00:00,posted
binance:6582460871,binance:BTCUSDT,C,21.98,USD,2026-08-19T21:44:17.574666+00:00,posted
binance:6582460875,binance:BTCUSDT,C,16.48,USD,2026-08-20T00:13:37.623879+00:00,posted
binance:6582460878,binance:BTCUSDT,C,83.79,USD,2026-08-19T22:11:58.765176+00:00,posted
binance:6582460893,binance:BTCUSDT,C,38.46,USD,2026-08-19T23:55:08.362092+00:00,posted
binance:6582460900,binance:BTCUSDT,C,5.49,USD,2026-08-19T20:07:22.341193+00:00,posted
binance:6582460901,binance:BTCUSDT,C,11.67,USD,2026-08-19T23:18:57.400104+00:00,posted
binance:6582460903,binance:BTCUSDT,C,12.36,USD,2026-08-22T03:04:18.583208+00:00,posted
binance:6582460904,binance:BTCUSDT,C,27.47,USD,2026-08-19T19:54:28.381295+00:00,posted
binance:6582460909,binance:BTCUSDT,C,10.99,USD,2026-08-19T20:07:08.874422+00:00,posted
binance:6582460911,binance:BTCUSDT,C,655.15,USD,2026-08-20T00:06:49.056382+00:00,posted
binance:6582460912,binance:BTCUSDT,C,89.96,USD,2026-08-20T00:00:43.574081+00:00,posted
binance:6582460928,binance:BTCUSDT,C,32.96,USD,2026-08-19T19:49:44.175052+00:00,posted
binance:6582460934,binance:BTCUSDT,C,11.67,USD,2026-08-19T19:07:08.870173+00:00,posted
binance:6582460936,binance:BTCUSDT,C,10.99,USD,2026-08-19T20:02:21.601359+00:00,posted
binance:6582460938,binance:BTCUSDT,C,1354.90,USD,2026-08-19T19:54:54.003247+00:00,posted
binance:6582460939,binance:BTCUSDT,C,2658.30,USD,2026-08-19T23:15:04.879884+00:00,posted
binance:6582460940,binance:BTCUSDT,C,10.99,USD,2026-08-19T19:14:06.301474+00:00,posted
binance:6582460942,binance:BTCUSDT,C,16.48,USD,2026-08-19T23:28:05.448865+00:00,posted
binance:6582460945,binance:BTCUSDT,C,16.48,USD,2026-08-19T21:02:00.549232+00:00,posted
coinbase:1073149355,coinbase:BTC-USD,D,75.00,USD,2026-08-19T21:22:13.070443+00:00,posted
coinbase:1073149354,coinbase:BTC-USD,D,1.17,USD,2026-08-19T23:50:27.886249+00:00,posted
coinbase:1073149356,coinbase:BTC-USD,D,75.00,USD,2026-08-19T20:16:45.916093+00:00,posted
coinbase:1073149357,coinbase:BTC-USD,D,200.42,USD,2026-08-19T21:17:48.303981+00:00,posted
coinbase:1073149358,coinbase:BTC-USD,C,0.00,USD,2026-08-19T23:43:27.723490+00:00,posted
coinbase:1073149361,coinbase:BTC-USD,D,10413.07,USD,2026-08-19T20:16:39.849743+00:00,posted
coinbase:1073149360,coinbase:BTC-USD,D,3.08,USD,2026-08-19T23:45:37.934785+00:00,posted
binance:6582460949,binance:BTCUSDT,C,6.87,USD,2026-08-19T20:07:19.123471+00:00,posted
binance:6582460951,binance:BTCUSDT,C,128.42,USD,2026-08-22T02:34:30.096265+00:00,posted
binance:6582460974,binance:BTCUSDT,C,21.97,USD,2026-08-19T20:57:50.483806+00:00,posted
binance:6582460978,binance:BTCUSDT,C,5.49,USD,2026-08-19T22:04:22.555243+00:00,posted
binance:6582460979,binance:BTCUSDT,C,10.99,USD,2026-08-20T00:05:41.587596+00:00,posted
binance:6582460981,binance:BTCUSDT,C,6.18,USD,2026-08-19T19:29:52.708552+00:00,posted
binance:6582460982,binance:BTCUSDT,C,5.49,USD,2026-08-19T20:22:22.444035+00:00,posted
binance:6582460983,binance:BTCUSDT,C,10.99,USD,2026-08-19T21:57:07.733208+00:00,posted
binance:6582460985,binance:BTCUSDT,C,16.48,USD,2026-08-19T23:57:18.100686+00:00,posted
binance:6582460988,binance:BTCUSDT,C,3978.69,USD,2026-08-22T07:37:56.273413+00:00,posted
binance:6582460989,binance:BTCUSDT,C,10.99,USD,2026-08-22T06:48:08.739641+00:00,posted
binance:6582460991,binance:BTCUSDT,C,5.49,USD,2026-08-19T20:34:45.850793+00:00,posted
binance:6582460992,binance:BTCUSDT,C,35.02,USD,2026-08-19T21:58:07.735290+00:00,posted
coinbase:1073149363,coinbase:BTC-USD,D,2001.94,USD,2026-08-19T23:26:44.542965+00:00,posted
coinbase:1073149362,coinbase:BTC-USD,D,1.17,USD,2026-08-19T23:29:46.882407+00:00,posted
coinbase:1073149364,coinbase:BTC-USD,D,0.00,USD,2026-08-19T21:17:41.968437+00:00,posted
binance:6582460994,binance:BTCUSDT,C,144.89,USD,2026-08-19T22:44:53.240442+00:00,posted
binance:6582461020,binance:BTCUSDT,C,32.96,USD,2026-08-19T20:15:49.394761+00:00,posted
binance:6582461026,binance:BTCUSDT,C,10.99,USD,2026-08-19T23:56:04.510596+00:00,posted
binance:6582461028,binance:BTCUSDT,C,5.49,USD,2026-08-20T00:17:23.017714+00:00,posted
binance:6582461029,binance:BTCUSDT,C,16.48,USD,2026-08-19T22:22:51.802032+00:00,posted
binance:6582461032,binance:BTCUSDT,C,5.49,USD,2026-08-19T20:09:55.317003+00:00,posted
binance:6582461033,binance:BTCUSDT,C,512.25,USD,2026-08-19T23:58:39.613015+00:00,posted
binance:6582461037,binance:BTCUSDT,C,16.48,USD,2026-08-19T20:27:28.381053+00:00,posted
binance:6582461040,binance:BTCUSDT,C,78.28,USD,2026-08-19T20:30:05.775114+00:00,posted
binance:6582461054,binance:BTCUSDT,C,32.96,USD,2026-08-19T19:06:34.202479+00:00,posted
binance:6582461060,binance:BTCUSDT,C,10.99,USD,2026-08-19T20:00:44.851209+00:00,posted
binance:6582461062,binance:BTCUSDT,C,27.47,USD,2026-08-19T20:02:43.547366+00:00,posted
binance:6582461067,binance:BTCUSDT,C,16.48,USD,2026-08-19T22:32:45.897474+00:00,posted
binance:6582461071,binance:BTCUSDT,C,10.99,USD,2026-08-19T22:34:36.556126+00:00,posted
binance:6582461073,binance:BTCUSDT,C,16.48,USD,2026-08-19T23:58:23.543287+00:00,posted
binance:6582461077,binance:BTCUSDT,C,68.66,USD,2026-08-19T19:27:49.534607+00:00,posted
binance:6582461078,binance:BTCUSDT,C,7.55,USD,2026-08-19T21:49:18.498340+00:00,posted
binance:6582461079,binance:BTCUSDT,C,55.62,USD,2026-08-21T07:46:59.747408+00:00,posted
binance:6582461080,binance:BTCUSDT,C,3944.74,USD,2026-08-19T20:47:51.051527+00:00,posted
binance:6582461081,binance:BTCUSDT,C,1373.27,USD,2026-08-19T20:20:19.969987+00:00,posted
binance:6582461082,binance:BTCUSDT,C,6.18,USD,2026-08-19T21:11:00.961306+00:00,posted
coinbase:1073149367,coinbase:BTC-USD,D,2175.73,USD,2026-08-19T23:11:19.418748+00:00,posted
coinbase:1073149366,coinbase:BTC-USD,D,3.14,USD,2026-08-19T23:26:42.713632+00:00,posted
binance:6582461083,binance:BTCUSDT,C,255.43,USD,2026-08-19T23:35:08.674959+00:00,posted
coinbase:1073149369,coinbase:BTC-USD,C,0.00,USD,2026-08-19T22:31:27.538610+00:00,posted
binance:6582461086,binance:BTCUSDT,C,26.09,USD,2026-08-19T21:03:45.044340+00:00,posted
binance:6582461087,binance:BTCUSDT,C,13.73,USD,2026-08-19T22:52:59.843054+00:00,posted
coinbase:1073149370,coinbase:BTC-USD,D,0.02,USD,2026-08-19T23:46:46.599559+00:00,posted
coinbase:1073149373,coinbase:BTC-USD,D,0.24,USD,2026-08-19T19:31:43.669730+00:00,posted
coinbase:1073149372,coinbase:BTC-USD,D,2175.65,USD,2026-08-19T22:33:11.921209+00:00,posted
coinbase:1073149371,coinbase:BTC-USD,D,0.06,USD,2026-08-19T19:52:29.531675+00:00,posted
coinbase:1073149375,coinbase:BTC-USD,D,0.00,USD,2026-08-19T19:08:35.485805+00:00,posted
coinbase:1073149376,coinbase:BTC-USD,C,3.00,USD,2026-08-19T23:53:23.995010+00:00,posted
coinbase:1073149377,coinbase:BTC-USD,C,3.16,USD,2026-08-19T20:45:59.818904+00:00,posted
binance:6582461088,binance:BTCUSDT,C,12413.65,USD,2026-08-19T21:13:07.814060+00:00,posted
coinbase:1073149378,coinbase:BTC-USD,D,0.00,USD,2026-08-19T18:56:15.959747+00:00,posted
binance:6582461104,binance:BTCUSDT,D,9.61,USD,2026-08-19T20:35:33.782218+00:00,posted
binance:6582461105,binance:BTCUSDT,C,1678.13,USD,2026-08-22T04:43:56.719083+00:00,posted
binance:6582461107,binance:BTCUSDT,C,25.41,USD,2026-08-19T23:30:44.917282+00:00,posted
kraken:105348678,kraken:XBTUSD,C,2951.02,USD,2026-08-19T19:30:24.404923+00:00,posted
binance:6582461108,binance:BTCUSDT,C,26.09,USD,2026-08-19T20:33:41.354447+00:00,posted
binance:6582461109,binance:BTCUSDT,C,661.23,USD,2026-08-20T00:00:07.952167+00:00,posted
binance:6582461110,binance:BTCUSDT,C,156.55,USD,2026-08-19T18:56:54.031183+00:00,posted
coinbase:1073149379,coinbase:BTC-USD,D,0.00,USD,2026-08-20T00:07:29.613680+00:00,posted
coinbase:1073149380,coinbase:BTC-USD,D,0.01,USD,2026-08-19T19:28:53.660106+00:00,posted
binance:6582461111,binance:BTCUSDT,D,28.84,USD,2026-08-19T22:59:58.668807+00:00,posted
coinbase:1073149381,coinbase:BTC-USD,C,21.82,USD,2026-08-19T22:15:15.530872+00:00,posted
coinbase:1073149382,coinbase:BTC-USD,C,80.85,USD,2026-08-22T13:54:27.398273+00:00,posted
coinbase:1073149383,coinbase:BTC-USD,D,0.00,USD,2026-08-19T19:53:32.952001+00:00,posted
binance:6582461112,binance:BTCUSDT,C,5.49,USD,2026-08-19T20:44:01.344645+00:00,posted
binance:6582461113,binance:BTCUSDT,C,394.13,USD,2026-08-19T23:04:06.525877+00:00,posted
coinbase:1073149384,coinbase:BTC-USD,C,0.00,USD,2026-08-19T22:46:03.129853+00:00,posted
coinbase:1073149385,coinbase:BTC-USD,C,0.00,USD,2026-08-19T19:49:43.016489+00:00,posted
coinbase:1073149386,coinbase:BTC-USD,C,3.19,USD,2026-08-19T23:30:38.440266+00:00,posted
coinbase:1073149387,coinbase:BTC-USD,C,0.00,USD,2026-08-19T20:41:41.378687+00:00,posted
coinbase:1073149388,coinbase:BTC-USD,C,0.00,USD,2026-08-20T00:07:04.907226+00:00,posted
binance:6582461114,binance:BTCUSDT,C,7.55,USD,2026-08-19T23:42:57.373012+00:00,posted
kraken:105348679,kraken:XBTUSD,D,50.00,USD,2026-08-19T19:58:32.679682+00:00,posted
kraken:105348680,kraken:XBTUSD,D,264.76,USD,2026-08-19T19:43:56.872331+00:00,posted
coinbase:1073149389,coinbase:BTC-USD,D,0.00,USD,2026-08-19T23:02:34.136772+00:00,posted
binance:6582461115,binance:BTCUSDT,C,8.93,USD,2026-08-19T22:38:57.512216+00:00,posted
coinbase:1073149390,coinbase:BTC-USD,C,0.00,USD,2026-08-19T21:40:30.994803+00:00,posted
binance:6582461116,binance:BTCUSDT,D,275.34,USD,2026-08-19T18:48:39.491629+00:00,posted
coinbase:1073149392,coinbase:BTC-USD,C,167.84,USD,2026-08-19T21:24:30.187843+00:00,posted
coinbase:1073149391,coinbase:BTC-USD,C,803.65,USD,2026-08-19T23:43:20.454401+00:00,posted
coinbase:1073149394,coinbase:BTC-USD,D,0.02,USD,2026-08-19T20:02:58.779443+00:00,posted
coinbase:1073149395,coinbase:BTC-USD,C,0.00,USD,2026-08-19T21:35:35.468441+00:00,posted
coinbase:1073149396,coinbase:BTC-USD,C,473.92,USD,2026-08-19T21:23:08.433229+00:00,posted
coinbase:1073149397,coinbase:BTC-USD,D,0.00,USD,2026-08-22T17:09:25.586077+00:00,posted
binance:6582461117,binance:BTCUSDT,C,19.23,USD,2026-08-19T23:08:12.210503+00:00,posted
coinbase:1073149398,coinbase:BTC-USD,C,0.00,USD,2026-08-19T21:35:03.798677+00:00,posted
binance:6582461118,binance:BTCUSDT,C,205.99,USD,2026-08-19T23:29:51.844898+00:00,posted
coinbase:1073149399,coinbase:BTC-USD,C,0.00,USD,2026-08-19T19:20:45.453415+00:00,posted
binance:6582461119,binance:BTCUSDT,D,10.99,USD,2026-08-19T19:39:40.122198+00:00,posted
binance:6582461120,binance:BTCUSDT,C,23.35,USD,2026-08-22T16:00:23.482901+00:00,posted
coinbase:1073149400,coinbase:BTC-USD,C,0.00,USD,2026-08-19T20:01:32.748460+00:00,posted
coinbase:1073149401,coinbase:BTC-USD,C,418.64,USD,2026-08-19T22:31:51.862064+00:00,posted
coinbase:1073149403,coinbase:BTC-USD,C,417.29,USD,2026-08-19T19:48:33.154152+00:00,posted
coinbase:1073149402,coinbase:BTC-USD,C,1.36,USD,2026-08-22T02:16:54.957855+00:00,posted
coinbase:1073149404,coinbase:BTC-USD,C,2.19,USD,2026-08-19T21:11:39.921538+00:00,posted
coinbase:1073149412,coinbase:BTC-USD,C,14904.93,USD,2026-08-19T20:14:42.373838+00:00,posted
coinbase:1073149411,coinbase:BTC-USD,C,100.23,USD,2026-08-19T23:05:23.177979+00:00,posted
coinbase:1073149410,coinbase:BTC-USD,C,3000.45,USD,2026-08-19T20:35:13.408695+00:00,posted
coinbase:1073149409,coinbase:BTC-USD,C,525.03,USD,2026-08-19T19:31:26.311888+00:00,posted
coinbase:1073149408,coinbase:BTC-USD,C,0.08,USD,2026-08-20T00:08:15.352572+00:00,posted
coinbase:1073149407,coinbase:BTC-USD,C,0.17,USD,2026-08-19T22:36:10.897231+00:00,posted
coinbase:1073149406,coinbase:BTC-USD,C,0.08,USD,2026-08-20T00:02:27.258077+00:00,posted
coinbase:1073149405,coinbase:BTC-USD,C,0.53,USD,2026-08-19T21:35:57.527846+00:00,posted
coinbase:1073149413,coinbase:BTC-USD,C,2.19,USD,2026-08-19T22:57:08.784615+00:00,posted
coinbase:1073149415,coinbase:BTC-USD,C,41178.21,USD,2026-08-20T00:15:01.748012+00:00,posted
coinbase:1073149422,coinbase:BTC-USD,C,8694.76,USD,2026-08-19T21:55:00.291899+00:00,posted
coinbase:1073149421,coinbase:BTC-USD,C,1.17,USD,2026-08-22T14:41:49.063533+00:00,posted
coinbase:1073149420,coinbase:BTC-USD,C,760.42,USD,2026-08-19T23:32:04.637057+00:00,posted
coinbase:1073149419,coinbase:BTC-USD,C,1.17,USD,2026-08-20T00:04:27.451515+00:00,posted
coinbase:1073149418,coinbase:BTC-USD,C,1990.50,USD,2026-08-19T20:52:37.169538+00:00,posted
coinbase:1073149417,coinbase:BTC-USD,C,1.17,USD,2026-08-19T22:12:07.098282+00:00,posted
coinbase:1073149416,coinbase:BTC-USD,C,29730.51,USD,2026-08-19T19:57:51.094169+00:00,posted
binance:6582461121,binance:BTCUSDT,D,1373.27,USD,2026-08-19T23:45:16.413900+00:00,posted
binance:6582461122,binance:BTCUSDT,D,686.63,USD,2026-08-19T23:44:14.453990+00:00,posted
binance:6582461123,binance:BTCUSDT,D,201.18,USD,2026-08-19T21:26:12.107445+00:00,posted
binance:6582461158,binance:BTCUSDT,D,43.94,USD,2026-08-19T19:10:12.144139+00:00,posted
binance:6582461166,binance:BTCUSDT,D,27.47,USD,2026-08-19T21:43:37.234279+00:00,posted
binance:6582461171,binance:BTCUSDT,D,5.49,USD,2026-08-19T22:33:48.845304+00:00,posted
binance:6582461172,binance:BTCUSDT,D,105.75,USD,2026-08-19T19:22:42.022519+00:00,posted
binance:6582461191,binance:BTCUSDT,D,433.97,USD,2026-08-19T21:28:26.341227+00:00,posted
binance:6582461195,binance:BTCUSDT,D,6.87,USD,2026-08-19T23:30:56.202695+00:00,posted
binance:6582461197,binance:BTCUSDT,D,93.39,USD,2026-08-19T23:03:01.092144+00:00,posted
binance:6582461213,binance:BTCUSDT,D,21.97,USD,2026-08-19T20:35:06.507575+00:00,posted
binance:6582461219,binance:BTCUSDT,D,38.45,USD,2026-08-19T20:00:43.202544+00:00,posted
binance:6582461226,binance:BTCUSDT,D,5.49,USD,2026-08-19T21:00:37.716162+00:00,posted
binance:6582461227,binance:BTCUSDT,D,16.48,USD,2026-08-19T20:03:51.046355+00:00,posted
binance:6582461230,binance:BTCUSDT,D,122.92,USD,2026-08-19T21:24:27.967423+00:00,posted
binance:6582461252,binance:BTCUSDT,D,27.47,USD,2026-08-19T19:09:04.640442+00:00,posted
binance:6582461257,binance:BTCUSDT,D,54.93,USD,2026-08-19T23:09:09.073326+00:00,posted
binance:6582461267,binance:BTCUSDT,D,5.49,USD,2026-08-19T23:11:57.927861+00:00,posted
binance:6582461268,binance:BTCUSDT,D,10.99,USD,2026-08-19T22:25:53.968050+00:00,posted
binance:6582461270,binance:BTCUSDT,D,5.49,USD,2026-08-19T21:09:28.898452+00:00,posted
coinbase:1073149431,coinbase:BTC-USD,C,1585.04,USD,2026-08-19T19:11:58.175676+00:00,posted
coinbase:1073149430,coinbase:BTC-USD,C,75.01,USD,2026-08-19T23:51:14.739740+00:00,posted
coinbase:1073149429,coinbase:BTC-USD,C,1.17,USD,2026-08-19T21:09:31.813352+00:00,posted
coinbase:1073149427,coinbase:BTC-USD,C,0.08,USD,2026-08-19T19:18:20.377096+00:00,posted
coinbase:1073149426,coinbase:BTC-USD,C,1.17,USD,2026-08-19T22:03:42.178621+00:00,posted
coinbase:1073149425,coinbase:BTC-USD,C,420.05,USD,2026-08-19T20:34:08.765148+00:00,posted
coinbase:1073149424,coinbase:BTC-USD,C,728.79,USD,2026-08-19T20:46:15.665716+00:00,posted
coinbase:1073149423,coinbase:BTC-USD,C,420.04,USD,2026-08-19T21:25:39.937704+00:00,posted
coinbase:1073149433,coinbase:BTC-USD,C,32011.47,USD,2026-08-19T20:11:53.857258+00:00,posted
coinbase:1073149432,coinbase:BTC-USD,C,10419.26,USD,2026-08-19T19:40:26.417746+00:00,posted
binance:6582461272,binance:BTCUSDT,D,133.22,USD,2026-08-19T22:23:22.408688+00:00,posted
binance:6582461295,binance:BTCUSDT,D,43.95,USD,2026-08-20T22:36:50.606059+00:00,posted
binance:6582461303,binance:BTCUSDT,D,10.99,USD,2026-08-19T23:58:40.090150+00:00,posted
binance:6582461305,binance:BTCUSDT,D,16.48,USD,2026-08-19T22:56:19.810748+00:00,posted
binance:6582461308,binance:BTCUSDT,D,686.72,USD,2026-08-20T00:00:35.644329+00:00,posted
binance:6582461311,binance:BTCUSDT,D,121.55,USD,2026-08-19T21:43:45.575993+00:00,posted
coinbase:1073149435,coinbase:BTC-USD,D,0.01,USD,2026-08-19T21:02:10.851290+00:00,posted
coinbase:1073149436,coinbase:BTC-USD,D,0.01,USD,2026-08-19T21:40:52.167486+00:00,posted
coinbase:1073149437,coinbase:BTC-USD,C,0.00,USD,2026-08-19T19:42:38.910245+00:00,posted
binance:6582461312,binance:BTCUSDT,D,183.36,USD,2026-08-19T21:27:53.149020+00:00,posted
coinbase:1073149438,coinbase:BTC-USD,D,0.01,USD,2026-08-19T19:31:43.131275+00:00,posted
binance:6582461323,binance:BTCUSDT,C,860.47,USD,2026-08-19T22:30:56.548660+00:00,posted
binance:6582461324,binance:BTCUSDT,C,21.29,USD,2026-08-19T22:22:17.811177+00:00,posted
coinbase:1073149439,coinbase:BTC-USD,C,0.00,USD,2026-08-19T20:06:29.787506+00:00,posted
binance:6582461325,binance:BTCUSDT,C,3409.59,USD,2026-08-19T19:56:51.104408+00:00,posted
coinbase:1073149440,coinbase:BTC-USD,C,137.30,USD,2026-08-19T21:56:51.683414+00:00,posted
coinbase:1073149441,coinbase:BTC-USD,C,0.00,USD,2026-08-19T22:36:53.612796+00:00,posted
coinbase:1073149442,coinbase:BTC-USD,D,46.41,USD,2026-08-19T22:07:04.675168+00:00,posted
binance:6582461327,binance:BTCUSDT,C,24.72,USD,2026-08-19T18:58:24.229755+00:00,posted
coinbase:1073149443,coinbase:BTC-USD,D,1372.43,USD,2026-08-19T22:47:29.536280+00:00,posted
coinbase:1073149444,coinbase:BTC-USD,C,0.00,USD,2026-08-19T20:38:43.453073+00:00,posted
coinbase:1073149448,coinbase:BTC-USD,D,860.99,USD,2026-08-19T19:35:58.713174+00:00,posted
coinbase:1073149447,coinbase:BTC-USD,D,100.24,USD,2026-08-19T22:01:37.676667+00:00,posted
coinbase:1073149446,coinbase:BTC-USD,D,524.97,USD,2026-08-19T18:55:58.700966+00:00,posted
coinbase:1073149445,coinbase:BTC-USD,D,419.99,USD,2026-08-19T23:14:42.598721+00:00,posted
coinbase:1073149449,coinbase:BTC-USD,C,47.43,USD,2026-08-19T20:21:32.350090+00:00,posted
coinbase:1073149450,coinbase:BTC-USD,C,0.00,USD,2026-08-19T23:12:04.118716+00:00,posted
binance:6582461328,binance:BTCUSDT,C,8.93,USD,2026-08-19T18:50:29.622762+00:00,posted
coinbase:1073149451,coinbase:BTC-USD,D,0.01,USD,2026-08-19T20:58:47.146329+00:00,posted
coinbase:1073149452,coinbase:BTC-USD,D,28.49,USD,2026-08-19T22:27:48.028488+00:00,posted
coinbase:1073149453,coinbase:BTC-USD,D,0.00,USD,2026-08-19T21:00:31.572982+00:00,posted
binance:6582461329,binance:BTCUSDT,C,6.87,USD,2026-08-19T22:03:56.610000+00:00,posted
coinbase:1073149454,coinbase:BTC-USD,C,6.33,USD,2026-08-19T23:40:12.853858+00:00,posted
binance:6582461330,binance:BTCUSDT,C,10000.08,USD,2026-08-21T12:48:55.072163+00:00,posted
coinbase:1073149455,coinbase:BTC-USD,D,10104.81,USD,2026-08-19T22:36:08.031672+00:00,posted
coinbase:1073149456,coinbase:BTC-USD,D,268.89,USD,2026-08-19T18:55:50.094509+00:00,posted
coinbase:1073149457,coinbase:BTC-USD,D,584.62,USD,2026-08-19T20:32:05.381936+00:00,posted
coinbase:1073149458,coinbase:BTC-USD,D,373.69,USD,2026-08-19T19:53:57.401600+00:00,posted
coinbase:1073149459,coinbase:BTC-USD,D,51.89,USD,2026-08-19T20:55:38.836148+00:00,posted
coinbase:1073149460,coinbase:BTC-USD,D,116.74,USD,2026-08-19T21:09:00.811728+00:00,posted
coinbase:1073149461,coinbase:BTC-USD,D,52.55,USD,2026-08-19T21:21:28.825172+00:00,posted
coinbase:1073149462,coinbase:BTC-USD,D,46.89,USD,2026-08-19T19:33:33.238654+00:00,posted
coinbase:1073149463,coinbase:BTC-USD,D,594.38,USD,2026-08-19T20:01:43.901371+00:00,posted
coinbase:1073149464,coinbase:BTC-USD,D,46.70,USD,2026-08-19T22:37:29.132714+00:00,posted
coinbase:1073149465,coinbase:BTC-USD,D,36.60,USD,2026-08-19T22:45:30.161742+00:00,posted
coinbase:1073149466,coinbase:BTC-USD,D,128.14,USD,2026-08-19T20:43:38.988888+00:00,posted
coinbase:1073149467,coinbase:BTC-USD,D,725.12,USD,2026-08-19T19:41:23.476899+00:00,posted
coinbase:1073149468,coinbase:BTC-USD,D,57.85,USD,2026-08-19T19:56:19.779203+00:00,posted
coinbase:1073149469,coinbase:BTC-USD,D,238.24,USD,2026-08-20T00:14:05.133507+00:00,posted
coinbase:1073149470,coinbase:BTC-USD,D,118.94,USD,2026-08-19T22:10:52.476932+00:00,posted
coinbase:1073149471,coinbase:BTC-USD,D,45.93,USD,2026-08-19T22:13:04.809482+00:00,posted
coinbase:1073149472,coinbase:BTC-USD,D,39.93,USD,2026-08-19T21:56:18.016735+00:00,posted
coinbase:1073149473,coinbase:BTC-USD,D,52.39,USD,2026-08-19T20:58:04.390210+00:00,posted
coinbase:1073149474,coinbase:BTC-USD,D,116.11,USD,2026-08-19T21:04:49.828733+00:00,posted
coinbase:1073149475,coinbase:BTC-USD,D,79.80,USD,2026-08-19T20:26:44.704224+00:00,posted
coinbase:1073149477,coinbase:BTC-USD,D,164.06,USD,2026-08-19T20:14:35.861251+00:00,posted
coinbase:1073149476,coinbase:BTC-USD,D,188.95,USD,2026-08-19T23:52:55.947904+00:00,posted
coinbase:1073149478,coinbase:BTC-USD,D,190.21,USD,2026-08-19T20:29:40.058020+00:00,posted
coinbase:1073149481,coinbase:BTC-USD,D,75.00,USD,2026-08-19T19:12:18.985529+00:00,posted
coinbase:1073149480,coinbase:BTC-USD,D,1.40,USD,2026-08-19T22:10:11.042571+00:00,posted
coinbase:1073149479,coinbase:BTC-USD,D,1447.96,USD,2026-08-19T23:54:28.165707+00:00,posted
coinbase:1073149482,coinbase:BTC-USD,D,1.17,USD,2026-08-19T22:56:42.744550+00:00,posted
coinbase:1073149483,coinbase:BTC-USD,D,0.00,USD,2026-08-19T22:41:06.524328+00:00,posted
kraken:105348681,kraken:XBTUSD,C,105.78,USD,2026-08-19T20:19:14.535696+00:00,posted
binance:6582461331,binance:BTCUSDT,C,3233.10,USD,2026-08-19T20:02:56.987069+00:00,posted
coinbase:1073149484,coinbase:BTC-USD,D,0.00,USD,2026-08-19T23:37:40.038812+00:00,posted
binance:6582461337,binance:BTCUSDT,C,6.87,USD,2026-08-19T21:41:45.401844+00:00,posted
binance:6582461338,binance:BTCUSDT,C,13685.04,USD,2026-08-19T22:25:10.320764+00:00,posted
binance:6582461359,binance:BTCUSDT,C,5.49,USD,2026-08-19T19:36:27.006046+00:00,posted
binance:6582461360,binance:BTCUSDT,C,54.94,USD,2026-08-19T19:30:34.557333+00:00,posted
binance:6582461370,binance:BTCUSDT,C,5.49,USD,2026-08-19T22:47:00.355643+00:00,posted
binance:6582461371,binance:BTCUSDT,C,20.60,USD,2026-08-19T21:58:11.409980+00:00,posted
binance:6582461372,binance:BTCUSDT,C,16.48,USD,2026-08-19T22:20:16.539829+00:00,posted
binance:6582461375,binance:BTCUSDT,C,1373.36,USD,2026-08-19T22:00:30.354604+00:00,posted
binance:6582461376,binance:BTCUSDT,C,265.75,USD,2026-08-19T19:21:09.371451+00:00,posted
binance:6582461389,binance:BTCUSDT,C,16.48,USD,2026-08-20T00:07:27.439858+00:00,posted
binance:6582461392,binance:BTCUSDT,C,3471.79,USD,2026-08-19T22:59:07.070523+00:00,posted
coinbase:1073149485,coinbase:BTC-USD,C,49.51,USD,2026-08-19T19:08:26.103939+00:00,posted
binance:6582461393,binance:BTCUSDT,D,18.54,USD,2026-08-19T23:32:10.744072+00:00,posted
binance:6582461394,binance:BTCUSDT,C,69.35,USD,2026-08-19T21:26:17.279667+00:00,posted
coinbase:1073149486,coinbase:BTC-USD,D,0.01,USD,2026-08-19T23:29:16.669615+00:00,posted
binance:6582461395,binance:BTCUSDT,C,46.01,USD,2026-08-19T20:22:58.457046+00:00,posted
coinbase:1073149487,coinbase:BTC-USD,D,0.00,USD,2026-08-19T21:04:27.989193+00:00,posted
coinbase:1073149488,coinbase:BTC-USD,C,24.74,USD,2026-08-19T23:12:21.573707+00:00,posted
coinbase:1073149489,coinbase:BTC-USD,D,30.34,USD,2026-08-21T19:41:46.445439+00:00,posted
binance:6582461396,binance:BTCUSDT,D,818.51,USD,2026-08-19T20:20:01.783782+00:00,posted
coinbase:1073149490,coinbase:BTC-USD,C,0.00,USD,2026-08-19T20:28:41.593618+00:00,posted
coinbase:1073149491,coinbase:BTC-USD,C,1237.64,USD,2026-08-19T19:37:12.719696+00:00,posted
binance:6582461397,binance:BTCUSDT,D,59.74,USD,2026-08-19T21:55:12.996911+00:00,posted
binance:6582461398,binance:BTCUSDT,D,6.87,USD,2026-08-19T19:34:55.287882+00:00,posted
binance:6582461399,binance:BTCUSDT,C,2943.74,USD,2026-08-19T20:45:39.158654+00:00,posted
coinbase:1073149492,coinbase:BTC-USD,C,0.00,USD,2026-08-19T19:26:07.911283+00:00,posted
binance:6582461400,binance:BTCUSDT,D,50.13,USD,2026-08-19T21:20:32.088498+00:00,posted
binance:6582461401,binance:BTCUSDT,D,236.21,USD,2026-08-19T23:33:28.491137+00:00,posted
binance:6582461432,binance:BTCUSDT,D,27.47,USD,2026-08-19T22:04:34.102789+00:00,posted
binance:6582461437,binance:BTCUSDT,D,16.48,USD,2026-08-19T22:00:25.507523+00:00,posted
binance:6582461440,binance:BTCUSDT,C,10228.24,USD,2026-08-19T23:25:18.718149+00:00,posted
binance:6582461443,binance:BTCUSDT,D,1373.38,USD,2026-08-19T23:14:17.062698+00:00,posted
binance:6582461444,binance:BTCUSDT,D,100.94,USD,2026-08-19T22:09:22.796092+00:00,posted
binance:6582461462,binance:BTCUSDT,D,27.47,USD,2026-08-21T18:24:20.928276+00:00,posted
coinbase:1073149493,coinbase:BTC-USD,C,418.68,USD,2026-08-19T20:26:42.249783+00:00,posted
binance:6582461467,binance:BTCUSDT,D,73.48,USD,2026-08-19T20:36:14.700364+00:00,posted
binance:6582461480,binance:BTCUSDT,D,16.48,USD,2026-08-19T19:16:10.942948+00:00,posted
binance:6582461483,binance:BTCUSDT,D,5.49,USD,2026-08-19T21:47:07.417171+00:00,posted
binance:6582461484,binance:BTCUSDT,D,16.48,USD,2026-08-20T23:26:27.674594+00:00,posted
coinbase:1073149494,coinbase:BTC-USD,C,0.00,USD,2026-08-19T19:48:49.690474+00:00,posted
binance:6582461487,binance:BTCUSDT,C,9.61,USD,2026-08-19T19:40:15.041337+00:00,posted
coinbase:1073149495,coinbase:BTC-USD,D,0.00,USD,2026-08-19T19:33:02.620281+00:00,posted
binance:6582461488,binance:BTCUSDT,D,24.03,USD,2026-08-19T19:52:34.223486+00:00,posted
binance:6582461489,binance:BTCUSDT,D,10.30,USD,2026-08-19T19:48:40.773583+00:00,posted
kraken:105348682,kraken:XBTUSD,C,1.61,USD,2026-08-19T22:24:44.448156+00:00,posted
binance:6582461491,binance:BTCUSDT,D,10.30,USD,2026-08-19T21:17:00.342499+00:00,posted
coinbase:1073149496,coinbase:BTC-USD,C,0.00,USD,2026-08-19T21:34:43.073175+00:00,posted
coinbase:1073149497,coinbase:BTC-USD,C,23.11,USD,2026-08-19T23:12:35.049708+00:00,posted
binance:6582461492,binance:BTCUSDT,C,5.49,USD,2026-08-19T23:19:22.180200+00:00,posted
coinbase:1073149498,coinbase:BTC-USD,C,0.00,USD,2026-08-19T18:59:02.298006+00:00,posted
coinbase:1073149499,coinbase:BTC-USD,D,0.00,USD,2026-08-20T00:14:29.291121+00:00,posted
binance:6582461493,binance:BTCUSDT,D,10.30,USD,2026-08-21T05:35:43.142376+00:00,posted
kraken:105348683,kraken:XBTUSD,D,11.05,USD,2026-08-19T21:56:03.372212+00:00,posted
binance:6582461494,binance:BTCUSDT,D,25.41,USD,2026-08-19T22:56:50.262141+00:00,posted
coinbase:1073149500,coinbase:BTC-USD,C,0.00,USD,2026-08-19T19:38:44.886468+00:00,posted
binance:6582461495,binance:BTCUSDT,D,10.30,USD,2026-08-19T19:17:51.192503+00:00,posted
binance:6582461496,binance:BTCUSDT,C,458.72,USD,2026-08-19T21:29:04.186868+00:00,posted
coinbase:1073149501,coinbase:BTC-USD,C,0.00,USD,2026-08-19T19:09:31.224250+00:00,posted
binance:6582461497,binance:BTCUSDT,D,15.11,USD,2026-08-20T00:16:08.114458+00:00,posted
binance:6582461498,binance:BTCUSDT,D,100.26,USD,2026-08-19T23:25:57.138316+00:00,posted
binance:6582461499,binance:BTCUSDT,D,20.60,USD,2026-08-20T00:00:51.547802+00:00,posted
binance:6582461500,binance:BTCUSDT,D,45.32,USD,2026-08-19T23:17:14.366385+00:00,posted
binance:6582461501,binance:BTCUSDT,C,28.84,USD,2026-08-19T20:20:46.604253+00:00,posted
binance:6582461502,binance:BTCUSDT,D,192.28,USD,2026-08-19T19:48:03.300760+00:00,posted
coinbase:1073149502,coinbase:BTC-USD,C,0.00,USD,2026-08-19T22:49:06.744393+00:00,posted
binance:6582461503,binance:BTCUSDT,D,30.22,USD,2026-08-19T22:58:39.837266+00:00,posted
binance:6582461504,binance:BTCUSDT,D,65.92,USD,2026-08-19T19:32:18.940020+00:00,posted
binance:6582461505,binance:BTCUSDT,D,500.61,USD,2026-08-19T22:14:03.600970+00:00,posted
coinbase:1073149503,coinbase:BTC-USD,D,0.00,USD,2026-08-19T19:33:14.775539+00:00,posted
coinbase:1073149504,coinbase:BTC-USD,C,0.00,USD,2026-08-19T21:00:41.452899+00:00,posted
coinbase:1073149505,coinbase:BTC-USD,D,0.00,USD,2026-08-19T19:59:23.697744+00:00,posted
coinbase:1073149506,coinbase:BTC-USD,D,0.00,USD,2026-08-19T20:04:04.847719+00:00,posted
coinbase:1073149507,coinbase:BTC-USD,C,0.00,USD,2026-08-19T20:11:58.499410+00:00,posted
kraken:105348684,kraken:XBTUSD,D,57.58,USD,2026-08-19T19:10:37.382219+00:00,posted
kraken:105348685,kraken:XBTUSD,D,6.86,USD,2026-08-19T22:29:28.995029+00:00,posted
kraken:105348686,kraken:XBTUSD,D,50.00,USD,2026-08-19T21:18:51.136236+00:00,posted
kraken:105348687,kraken:XBTUSD,D,418.89,USD,2026-08-19T18:51:48.492222+00:00,posted
binance:6582461506,binance:BTCUSDT,D,30.22,USD,2026-08-19T19:35:08.043155+00:00,posted
coinbase:1073149508,coinbase:BTC-USD,D,0.00,USD,2026-08-19T22:09:33.836736+00:00,posted
binance:6582461507,binance:BTCUSDT,D,50.13,USD,2026-08-19T20:32:17.376266+00:00,posted
coinbase:1073149509,coinbase:BTC-USD,C,0.00,USD,2026-08-19T19:06:58.650306+00:00,posted
kraken:105348688,kraken:XBTUSD,D,400.00,USD,2026-08-19T20:50:26.586264+00:00,posted
binance:6582461508,binance:BTCUSDT,D,500.61,USD,2026-08-19T23:48:39.406627+00:00,posted
binance:6582461509,binance:BTCUSDT,C,686.71,USD,2026-08-19T21:51:48.109516+00:00,posted
binance:6582461510,binance:BTCUSDT,D,9618.79,USD,2026-08-19T21:29:12.045692+00:00,posted
binance:6582461513,binance:BTCUSDT,D,100.26,USD,2026-08-19T19:59:49.189475+00:00,posted
coinbase:1073149510,coinbase:BTC-USD,C,0.00,USD,2026-08-20T00:02:01.927554+00:00,posted
binance:6582461514,binance:BTCUSDT,C,39.83,USD,2026-08-19T19:30:12.607801+00:00,posted
binance:6582461515,binance:BTCUSDT,D,6.87,USD,2026-08-19T19:10:45.343243+00:00,posted
binance:6582461516,binance:BTCUSDT,D,25.41,USD,2026-08-19T22:00:11.196039+00:00,posted
binance:6582461517,binance:BTCUSDT,D,1236.08,USD,2026-08-20T00:18:05.176159+00:00,posted
coinbase:1073149511,coinbase:BTC-USD,C,0.00,USD,2026-08-19T19:18:16.192319+00:00,posted
binance:6582461518,binance:BTCUSDT,D,135.28,USD,2026-08-20T00:04:17.775387+00:00,posted
binance:6582461542,binance:BTCUSDT,D,16.48,USD,2026-08-19T19:31:58.635451+00:00,posted
binance:6582461545,binance:BTCUSDT,D,10.30,USD,2026-08-19T23:17:00.680293+00:00,posted
binance:6582461546,binance:BTCUSDT,D,49.44,USD,2026-08-19T23:50:39.639119+00:00,posted
binance:6582461555,binance:BTCUSDT,D,10.99,USD,2026-08-19T23:39:42.397916+00:00,posted
binance:6582461556,binance:BTCUSDT,D,5.49,USD,2026-08-19T23:04:25.581644+00:00,posted
binance:6582461557,binance:BTCUSDT,D,20.60,USD,2026-08-22T01:07:48.117019+00:00,posted
binance:6582461558,binance:BTCUSDT,D,686.74,USD,2026-08-19T20:34:15.237539+00:00,posted
binance:6582461559,binance:BTCUSDT,D,1373.47,USD,2026-08-19T19:23:13.412782+00:00,posted
binance:6582461560,binance:BTCUSDT,D,1373.47,USD,2026-08-19T22:06:31.430185+00:00,posted
binance:6582461561,binance:BTCUSDT,D,274.69,USD,2026-08-19T23:53:45.228305+00:00,posted
binance:6582461562,binance:BTCUSDT,D,412.04,USD,2026-08-19T21:45:26.268142+00:00,posted
binance:6582461563,binance:BTCUSDT,D,94.77,USD,2026-08-19T19:39:08.106038+00:00,posted
binance:6582461579,binance:BTCUSDT,D,38.46,USD,2026-08-19T22:15:49.861681+00:00,posted
binance:6582461586,binance:BTCUSDT,D,10.99,USD,2026-08-19T23:36:06.954960+00:00,posted
binance:6582461588,binance:BTCUSDT,D,10.99,USD,2026-08-21T21:11:31.250510+00:00,posted
binance:6582461590,binance:BTCUSDT,D,12.36,USD,2026-08-19T22:35:21.433320+00:00,posted
binance:6582461591,binance:BTCUSDT,D,16.48,USD,2026-08-19T22:58:30.539124+00:00,posted
binance:6582461594,binance:BTCUSDT,D,111.26,USD,2026-08-19T20:12:20.710717+00:00,posted
binance:6582461614,binance:BTCUSDT,D,38.46,USD,2026-08-19T22:52:19.258394+00:00,posted
binance:6582461621,binance:BTCUSDT,D,5.49,USD,2026-08-21T10:30:37.763293+00:00,posted
binance:6582461622,binance:BTCUSDT,D,6.18,USD,2026-08-22T15:57:08.916182+00:00,posted
binance:6582461623,binance:BTCUSDT,D,10.99,USD,2026-08-19T19:13:28.127031+00:00,posted
binance:6582461625,binance:BTCUSDT,D,10.99,USD,2026-08-19T19:31:11.022401+00:00,posted
binance:6582461628,binance:BTCUSDT,D,6404.94,USD,2026-08-19T19:02:08.094897+00:00,posted
binance:6582461646,binance:BTCUSDT,D,38.46,USD,2026-08-20T00:12:31.115215+00:00,posted
binance:6582461653,binance:BTCUSDT,D,6.18,USD,2026-08-19T23:14:42.594855+00:00,posted
binance:6582461654,binance:BTCUSDT,D,5.49,USD,2026-08-19T19:04:47.148065+00:00,posted
binance:6582461655,binance:BTCUSDT,D,5.49,USD,2026-08-20T00:10:21.974781+00:00,posted
binance:6582461656,binance:BTCUSDT,D,27.47,USD,2026-08-19T20:24:25.906296+00:00,posted
binance:6582461661,binance:BTCUSDT,D,41.89,USD,2026-08-19T22:05:42.846821+00:00,posted
binance:6582461667,binance:BTCUSDT,D,11.68,USD,2026-08-19T22:02:14.802688+00:00,posted
binance:6582461669,binance:BTCUSDT,D,5.49,USD,2026-08-19T20:11:23.234246+00:00,posted
binance:6582461670,binance:BTCUSDT,D,10.99,USD,2026-08-19T22:05:41.131909+00:00,posted
binance:6582461672,binance:BTCUSDT,D,10.99,USD,2026-08-19T23:44:25.732737+00:00,posted
binance:6582461674,binance:BTCUSDT,D,5.49,USD,2026-08-21T02:43:44.114378+00:00,posted
binance:6582461675,binance:BTCUSDT,D,38.46,USD,2026-08-20T00:00:15.074665+00:00,posted
binance:6582461682,binance:BTCUSDT,D,206.04,USD,2026-08-19T20:10:42.730134+00:00,posted
binance:6582461683,binance:BTCUSDT,D,10.30,USD,2026-08-19T19:48:16.648457+00:00,posted
binance:6582461685,binance:BTCUSDT,D,180.63,USD,2026-08-19T19:35:55.253836+00:00,posted
coinbase:1073149512,coinbase:BTC-USD,C,0.00,USD,2026-08-19T20:52:39.605573+00:00,posted
binance:6582461690,binance:BTCUSDT,C,10524.54,USD,2026-08-19T23:15:53.378643+00:00,posted
coinbase:1073149513,coinbase:BTC-USD,D,0.01,USD,2026-08-19T22:21:29.185066+00:00,posted
binance:6582461691,binance:BTCUSDT,D,15.80,USD,2026-08-19T19:51:46.099346+00:00,posted
binance:6582461692,binance:BTCUSDT,D,10.30,USD,2026-08-19T22:51:09.061250+00:00,posted
binance:6582461693,binance:BTCUSDT,D,10.30,USD,2026-08-19T23:17:43.240654+00:00,posted
coinbase:1073149514,coinbase:BTC-USD,D,0.02,USD,2026-08-19T20:23:57.411595+00:00,posted
coinbase:1073149515,coinbase:BTC-USD,C,0.00,USD,2026-08-19T23:37:46.199079+00:00,posted
binance:6582461694,binance:BTCUSDT,D,150.41,USD,2026-08-19T20:28:51.272504+00:00,posted
binance:6582461695,binance:BTCUSDT,D,100.27,USD,2026-08-19T21:32:59.659834+00:00,posted
binance:6582461696,binance:BTCUSDT,D,59.75,USD,2026-08-19T23:52:42.089876+00:00,posted
coinbase:1073149516,coinbase:BTC-USD,C,1.16,USD,2026-08-19T23:13:45.552354+00:00,posted
binance:6582461698,binance:BTCUSDT,D,2060.40,USD,2026-08-19T22:33:43.409849+00:00,posted
binance:6582461699,binance:BTCUSDT,D,20.60,USD,2026-08-21T22:04:57.147931+00:00,posted
coinbase:1073149520,coinbase:BTC-USD,C,100.00,USD,2026-08-21T08:21:51.072462+00:00,posted
coinbase:1073149519,coinbase:BTC-USD,C,3001.08,USD,2026-08-19T21:32:15.088325+00:00,posted
coinbase:1073149518,coinbase:BTC-USD,C,1.17,USD,2026-08-19T23:46:32.471660+00:00,posted
binance:6582461700,binance:BTCUSDT,D,20.60,USD,2026-08-19T22:17:44.047582+00:00,posted
binance:6582461701,binance:BTCUSDT,D,686.80,USD,2026-08-20T00:01:00.857194+00:00,posted
binance:6582461702,binance:BTCUSDT,D,68.68,USD,2026-08-19T20:32:45.151645+00:00,posted
binance:6582461703,binance:BTCUSDT,D,30.22,USD,2026-08-19T19:49:20.578248+00:00,posted
binance:6582461704,binance:BTCUSDT,D,50.14,USD,2026-08-19T21:24:46.621948+00:00,posted
binance:6582461706,binance:BTCUSDT,D,20.60,USD,2026-08-20T21:49:56.622014+00:00,posted
binance:6582461707,binance:BTCUSDT,D,30.22,USD,2026-08-19T23:40:37.725637+00:00,posted
binance:6582461708,binance:BTCUSDT,D,137.36,USD,2026-08-19T19:15:56.032121+00:00,posted
kraken:105348689,kraken:XBTUSD,D,47.79,USD,2026-08-19T19:32:28.140699+00:00,posted
coinbase:1073149521,coinbase:BTC-USD,D,0.00,USD,2026-08-19T21:57:18.034838+00:00,posted
coinbase:1073149522,coinbase:BTC-USD,D,0.00,USD,2026-08-19T19:38:06.510489+00:00,posted
coinbase:1073149527,coinbase:BTC-USD,D,124.32,USD,2026-08-21T07:19:58.361744+00:00,posted
coinbase:1073149526,coinbase:BTC-USD,D,1373.01,USD,2026-08-20T00:03:28.531002+00:00,posted
coinbase:1073149524,coinbase:BTC-USD,D,3.14,USD,2026-08-19T20:33:09.909193+00:00,posted
coinbase:1073149523,coinbase:BTC-USD,D,75.00,USD,2026-08-19T22:39:40.938332+00:00,posted
binance:6582461709,binance:BTCUSDT,D,30.22,USD,2026-08-19T21:12:09.207571+00:00,posted
binance:6582461710,binance:BTCUSDT,D,686.80,USD,2026-08-19T22:45:58.574700+00:00,posted
binance:6582461711,binance:BTCUSDT,D,1167.56,USD,2026-08-19T21:03:08.973831+00:00,posted
binance:6582461712,binance:BTCUSDT,C,72.11,USD,2026-08-19T22:46:48.482332+00:00,posted
coinbase:1073149529,coinbase:BTC-USD,C,47.37,USD,2026-08-20T00:03:07.028741+00:00,posted
coinbase:1073149528,coinbase:BTC-USD,C,1.17,USD,2026-08-19T22:27:10.970267+00:00,posted
coinbase:1073149530,coinbase:BTC-USD,D,0.01,USD,2026-08-19T18:57:14.675692+00:00,posted
coinbase:1073149531,coinbase:BTC-USD,D,0.02,USD,2026-08-19T20:40:23.710651+00:00,posted
coinbase:1073149532,coinbase:BTC-USD,C,152.40,USD,2026-08-19T22:47:11.096043+00:00,posted
binance:6582461713,binance:BTCUSDT,D,20.60,USD,2026-08-19T21:45:57.397515+00:00,posted
binance:6582461714,binance:BTCUSDT,D,26.10,USD,2026-08-19T19:02:42.374926+00:00,posted
coinbase:1073149533,coinbase:BTC-USD,C,0.00,USD,2026-08-19T23:29:22.078297+00:00,posted
coinbase:1073149534,coinbase:BTC-USD,C,0.00,USD,2026-08-22T07:50:48.042996+00:00,posted
binance:6582461717,binance:BTCUSDT,D,10.30,USD,2026-08-19T20:26:01.585978+00:00,posted
coinbase:1073149535,coinbase:BTC-USD,C,500.00,USD,2026-08-19T23:39:51.386130+00:00,posted
coinbase:1073149536,coinbase:BTC-USD,C,0.00,USD,2026-08-19T21:47:39.568706+00:00,posted
coinbase:1073149537,coinbase:BTC-USD,C,5.00,USD,2026-08-20T00:15:29.912043+00:00,posted
coinbase:1073149538,coinbase:BTC-USD,D,0.01,USD,2026-08-19T18:51:06.595973+00:00,posted
binance:6582461719,binance:BTCUSDT,D,21.29,USD,2026-08-19T19:24:32.402480+00:00,posted
binance:6582461720,binance:BTCUSDT,D,10.30,USD,2026-08-19T21:51:53.834976+00:00,posted
coinbase:1073149539,coinbase:BTC-USD,C,0.00,USD,2026-08-19T22:55:51.201350+00:00,posted
binance:6582461721,binance:BTCUSDT,D,508.23,USD,2026-08-19T22:30:39.347766+00:00,posted
binance:6582461722,binance:BTCUSDT,D,3000.63,USD,2026-08-19T21:14:16.178554+00:00,posted
coinbase:1073149540,coinbase:BTC-USD,C,9.90,USD,2026-08-19T20:09:01.874427+00:00,posted
binance:6582461723,binance:BTCUSDT,D,9999.83,USD,2026-08-19T20:36:20.140194+00:00,posted
coinbase:1073149541,coinbase:BTC-USD,D,0.01,USD,2026-08-19T20:56:16.593820+00:00,posted
coinbase:1073149542,coinbase:BTC-USD,D,0.01,USD,2026-08-20T00:00:25.291136+00:00,posted
coinbase:1073149543,coinbase:BTC-USD,C,0.00,USD,2026-08-19T20:30:53.521763+00:00,posted
binance:6582461729,binance:BTCUSDT,D,20.60,USD,2026-08-19T22:04:56.658129+00:00,posted
binance:6582461730,binance:BTCUSDT,D,686.80,USD,2026-08-19T20:00:10.677203+00:00,posted
binance:6582461731,binance:BTCUSDT,D,1373.60,USD,2026-08-19T19:25:13.492601+00:00,posted
binance:6582461732,binance:BTCUSDT,D,755.48,USD,2026-08-19T23:55:17.201471+00:00,posted
binance:6582461733,binance:BTCUSDT,D,618.12,USD,2026-08-19T19:47:25.099419+00:00,posted
binance:6582461734,binance:BTCUSDT,D,6.87,USD,2026-08-19T18:53:58.729445+00:00,posted
binance:6582461735,binance:BTCUSDT,D,2067.96,USD,2026-08-19T19:03:20.345219+00:00,posted
binance:6582461770,binance:BTCUSDT,D,27.47,USD,2026-08-19T20:11:48.122761+00:00,posted
binance:6582461775,binance:BTCUSDT,D,10.99,USD,2026-08-20T00:09:17.085900+00:00,posted
binance:6582461777,binance:BTCUSDT,D,206.04,USD,2026-08-19T21:28:34.844498+00:00,posted
coinbase:1073149544,coinbase:BTC-USD,C,0.00,USD,2026-08-19T23:38:43.528468+00:00,posted
coinbase:1073149545,coinbase:BTC-USD,C,282.44,USD,2026-08-19T22:39:20.437146+00:00,posted
binance:6582461779,binance:BTCUSDT,C,6310.41,USD,2026-08-19T21:23:47.124923+00:00,posted
binance:6582461780,binance:BTCUSDT,D,14.42,USD,2026-08-19T19:38:57.964087+00:00,posted
coinbase:1073149546,coinbase:BTC-USD,C,0.00,USD,2026-08-19T22:02:25.239856+00:00,posted
binance:6582461783,binance:BTCUSDT,D,50.14,USD,2026-08-19T22:10:37.079877+00:00,posted
coinbase:1073149547,coinbase:BTC-USD,C,0.00,USD,2026-08-19T21:42:12.004416+00:00,posted
binance:6582461788,binance:BTCUSDT,D,6.87,USD,2026-08-19T21:37:51.472860+00:00,posted
coinbase:1073149550,coinbase:BTC-USD,D,8880.15,USD,2026-08-19T22:51:00.524779+00:00,posted
coinbase:1073149548,coinbase:BTC-USD,D,605.67,USD,2026-08-19T21:10:53.900424+00:00,posted
binance:6582461789,binance:BTCUSDT,D,1957.41,USD,2026-08-19T22:51:42.997336+00:00,posted
binance:6582461790,binance:BTCUSDT,D,199.17,USD,2026-08-19T22:41:23.884370+00:00,posted
coinbase:1073149551,coinbase:BTC-USD,C,0.00,USD,2026-08-19T22:55:10.913069+00:00,posted
binance:6582461805,binance:BTCUSDT,D,21.98,USD,2026-08-19T23:36:25.375870+00:00,posted
binance:6582461810,binance:BTCUSDT,D,17.17,USD,2026-08-19T20:36:08.027715+00:00,posted
binance:6582461813,binance:BTCUSDT,D,6.18,USD,2026-08-19T20:08:57.187474+00:00,posted
binance:6582461814,binance:BTCUSDT,D,16.48,USD,2026-08-19T20:05:52.483578+00:00,posted
coinbase:1073149552,coinbase:BTC-USD,D,0.00,USD,2026-08-19T23:56:59.895573+00:00,posted
coinbase:1073149553,coinbase:BTC-USD,C,218.81,USD,2026-08-19T19:41:45.033542+00:00,posted
coinbase:1073149554,coinbase:BTC-USD,D,0.00,USD,2026-08-19T23:15:44.927958+00:00,posted
binance:6582461817,binance:BTCUSDT,C,158.66,USD,2026-08-19T23:05:12.165561+00:00,posted
coinbase:1073149555,coinbase:BTC-USD,C,0.00,USD,2026-08-22T16:01:12.227319+00:00,posted
coinbase:1073149556,coinbase:BTC-USD,D,0.01,USD,2026-08-19T21:44:33.697777+00:00,posted
binance:6582461818,binance:BTCUSDT,C,203.99,USD,2026-08-19T23:19:49.033083+00:00,posted
coinbase:1073149557,coinbase:BTC-USD,C,0.00,USD,2026-08-19T23:56:25.601573+00:00,posted
coinbase:1073149558,coinbase:BTC-USD,C,3350.08,USD,2026-08-19T19:46:51.867969+00:00,posted
coinbase:1073149559,coinbase:BTC-USD,D,0.01,USD,2026-08-19T23:41:53.929007+00:00,posted
coinbase:1073149560,coinbase:BTC-USD,C,0.00,USD,2026-08-19T21:33:52.968354+00:00,posted
binance:6582461819,binance:BTCUSDT,C,33.65,USD,2026-08-19T22:30:30.160929+00:00,posted
coinbase:1073149561,coinbase:BTC-USD,C,0.00,USD,2026-08-19T19:55:37.611038+00:00,posted
binance:6582461820,binance:BTCUSDT,C,77.61,USD,2026-08-19T21:02:50.157053+00:00,posted
coinbase:1073149562,coinbase:BTC-USD,C,0.00,USD,2026-08-19T21:35:13.687006+00:00,posted
coinbase:1073149563,coinbase:BTC-USD,D,0.01,USD,2026-08-19T23:39:50.595188+00:00,posted
coinbase:1073149565,coinbase:BTC-USD,C,680.13,USD,2026-08-19T23:49:40.238594+00:00,posted
coinbase:1073149564,coinbase:BTC-USD,C,2850.24,USD,2026-08-19T23:01:47.509665+00:00,posted
coinbase:1073149566,coinbase:BTC-USD,C,0.00,USD,2026-08-19T21:18:28.379640+00:00,posted
binance:6582461821,binance:BTCUSDT,C,3155.32,USD,2026-08-19T21:50:34.433526+00:00,posted
binance:6582461822,binance:BTCUSDT,C,8349.15,USD,2026-08-19T19:24:13.338198+00:00,posted
binance:6582461823,binance:BTCUSDT,C,29.53,USD,2026-08-19T19:51:01.343934+00:00,posted
coinbase:1073149567,coinbase:BTC-USD,D,0.01,USD,2026-08-19T23:09:25.794975+00:00,posted
binance:6582461824,binance:BTCUSDT,C,791.23,USD,2026-08-19T20:02:49.261854+00:00,posted
coinbase:1073149568,coinbase:BTC-USD,C,500.00,USD,2026-08-19T19:21:05.383845+00:00,posted
binance:6582461825,binance:BTCUSDT,C,6.87,USD,2026-08-19T21:36:02.738868+00:00,posted
binance:6582461826,binance:BTCUSDT,D,9.62,USD,2026-08-19T20:43:39.130790+00:00,posted
coinbase:1073149569,coinbase:BTC-USD,C,379.48,USD,2026-08-19T22:51:38.616672+00:00,posted
coinbase:1073149571,coinbase:BTC-USD,C,194.36,USD,2026-08-21T21:17:18.083758+00:00,posted
kraken:105348690,kraken:XBTUSD,C,24.56,USD,2026-08-19T23:58:54.335402+00:00,posted
kraken:105348691,kraken:XBTUSD,D,2.21,USD,2026-08-19T21:27:32.256461+00:00,posted
kraken:105348692,kraken:XBTUSD,D,46.55,USD,2026-08-19T22:23:05.866315+00:00,posted
kraken:105348693,kraken:XBTUSD,D,22.08,USD,2026-08-19T22:16:00.306230+00:00,posted
kraken:105348694,kraken:XBTUSD,D,6.86,USD,2026-08-19T22:00:26.766076+00:00,posted
coinbase:1073149574,coinbase:BTC-USD,C,9.90,USD,2026-08-19T21:46:00.059418+00:00,posted
coinbase:1073149575,coinbase:BTC-USD,D,0.00,USD,2026-08-21T07:05:37.323534+00:00,posted
coinbase:1073149576,coinbase:BTC-USD,C,0.00,USD,2026-08-19T22:13:22.518636+00:00,posted
binance:6582461828,binance:BTCUSDT,C,1058.41,USD,2026-08-19T21:15:06.370683+00:00,posted
binance:6582461833,binance:BTCUSDT,C,1002.09,USD,2026-08-19T21:20:24.224370+00:00,posted
coinbase:1073149577,coinbase:BTC-USD,C,48.59,USD,2026-08-19T19:24:54.741362+00:00,posted
binance:6582461834,binance:BTCUSDT,D,9.62,USD,2026-08-19T21:06:39.705181+00:00,posted
coinbase:1073149578,coinbase:BTC-USD,C,0.00,USD,2026-08-19T22:20:39.951780+00:00,posted
coinbase:1073149579,coinbase:BTC-USD,C,0.00,USD,2026-08-19T20:27:02.144895+00:00,posted
coinbase:1073149580,coinbase:BTC-USD,D,0.01,USD,2026-08-19T19:47:12.066289+00:00,posted
binance:6582461837,binance:BTCUSDT,C,26.10,USD,2026-08-20T00:15:19.243904+00:00,posted
coinbase:1073149581,coinbase:BTC-USD,C,0.00,USD,2026-08-19T19:38:07.371739+00:00,posted
coinbase:1073149583,coinbase:BTC-USD,D,871.10,USD,2026-08-20T21:01:56.748478+00:00,posted
coinbase:1073149582,coinbase:BTC-USD,D,175.09,USD,2026-08-19T21:00:09.268559+00:00,posted
coinbase:1073149584,coinbase:BTC-USD,C,99.02,USD,2026-08-19T19:44:46.231186+00:00,posted
binance:6582461838,binance:BTCUSDT,C,137.37,USD,2026-08-19T21:58:04.094681+00:00,posted
coinbase:1073149585,coinbase:BTC-USD,C,0.00,USD,2026-08-21T06:59:10.393000+00:00,posted
binance:6582461839,binance:BTCUSDT,C,206.05,USD,2026-08-19T22:04:09.072977+00:00,posted
coinbase:1073149586,coinbase:BTC-USD,D,0.01,USD,2026-08-19T19:42:01.872067+00:00,posted
coinbase:1073149587,coinbase:BTC-USD,C,0.00,USD,2026-08-19T22:07:10.753486+00:00,posted
binance:6582461840,binance:BTCUSDT,D,299.46,USD,2026-08-19T22:15:44.298676+00:00,posted
binance:6582461843,binance:BTCUSDT,C,6.87,USD,2026-08-19T20:26:42.187157+00:00,posted
coinbase:1073149588,coinbase:BTC-USD,C,0.00,USD,2026-08-19T23:32:45.293991+00:00,posted
coinbase:1073149599,coinbase:BTC-USD,D,23440.67,USD,2026-08-19T19:35:30.488302+00:00,posted
coinbase:1073149598,coinbase:BTC-USD,D,32010.50,USD,2026-08-19T21:08:01.061415+00:00,posted
coinbase:1073149597,coinbase:BTC-USD,D,12003.94,USD,2026-08-19T20:28:53.997879+00:00,posted
coinbase:1073149596,coinbase:BTC-USD,D,1373.01,USD,2026-08-19T21:57:51.711744+00:00,posted
coinbase:1073149595,coinbase:BTC-USD,D,3431.51,USD,2026-08-19T18:55:32.199450+00:00,posted
coinbase:1073149593,coinbase:BTC-USD,D,3487.44,USD,2026-08-19T21:19:18.874112+00:00,posted
coinbase:1073149592,coinbase:BTC-USD,D,2.10,USD,2026-08-19T21:32:45.648807+00:00,posted
coinbase:1073149591,coinbase:BTC-USD,D,12939.45,USD,2026-08-19T22:34:39.206295+00:00,posted
coinbase:1073149590,coinbase:BTC-USD,D,1914.63,USD,2026-08-19T20:22:12.331712+00:00,posted
coinbase:1073149589,coinbase:BTC-USD,D,6.28,USD,2026-08-20T00:03:06.089249+00:00,posted
binance:6582461844,binance:BTCUSDT,C,605.79,USD,2026-08-19T22:09:08.300126+00:00,posted
coinbase:1073149600,coinbase:BTC-USD,C,0.00,USD,2026-08-19T20:28:09.654986+00:00,posted
binance:6582461845,binance:BTCUSDT,D,8.93,USD,2026-08-19T20:08:26.924986+00:00,posted
coinbase:1073149601,coinbase:BTC-USD,D,0.01,USD,2026-08-19T21:39:40.855912+00:00,posted
binance:6582461846,binance:BTCUSDT,C,10.99,USD,2026-08-19T19:56:28.842078+00:00,posted
coinbase:1073149602,coinbase:BTC-USD,C,0.00,USD,2026-08-19T21:45:26.416009+00:00,posted
coinbase:1073149603,coinbase:BTC-USD,D,14.47,USD,2026-08-20T00:17:30.515203+00:00,posted
binance:6582461847,binance:BTCUSDT,D,499.33,USD,2026-08-19T22:01:13.903849+00:00,posted
coinbase:1073149604,coinbase:BTC-USD,C,0.00,USD,2026-08-19T23:09:53.422989+00:00,posted
coinbase:1073149605,coinbase:BTC-USD,D,0.01,USD,2026-08-19T22:19:37.442408+00:00,posted
binance:6582461848,binance:BTCUSDT,D,19.92,USD,2026-08-19T23:37:26.943940+00:00,posted
coinbase:1073149606,coinbase:BTC-USD,C,0.00,USD,2026-08-19T19:44:49.215143+00:00,posted
coinbase:1073149607,coinbase:BTC-USD,D,0.01,USD,2026-08-20T00:13:59.769984+00:00,posted
coinbase:1073149608,coinbase:BTC-USD,C,0.00,USD,2026-08-19T19:34:28.402561+00:00,posted
binance:6582461849,binance:BTCUSDT,D,29.53,USD,2026-08-19T20:59:20.541871+00:00,posted
coinbase:1073149609,coinbase:BTC-USD,C,0.00,USD,2026-08-19T22:07:01.954060+00:00,posted
binance:6582461850,binance:BTCUSDT,D,1373.67,USD,2026-08-19T20:17:42.852598+00:00,posted
binance:6582461851,binance:BTCUSDT,D,686.83,USD,2026-08-19T20:46:45.444365+00:00,posted
binance:6582461852,binance:BTCUSDT,D,1373.67,USD,2026-08-21T21:00:31.304789+00:00,posted
binance:6582461853,binance:BTCUSDT,D,6.87,USD,2026-08-19T21:51:45.566188+00:00,posted
binance:6582461854,binance:BTCUSDT,D,755.52,USD,2026-08-22T12:45:47.885910+00:00,posted
kraken:105348695,kraken:XBTUSD,D,50.00,USD,2026-08-19T20:29:07.191270+00:00,posted
kraken:105348696,kraken:XBTUSD,D,68.64,USD,2026-08-19T21:50:16.881685+00:00,posted
kraken:105348697,kraken:XBTUSD,D,6.86,USD,2026-08-19T22:51:36.278339+00:00,posted
kraken:105348698,kraken:XBTUSD,D,3.50,USD,2026-08-19T23:30:27.076854+00:00,posted
kraken:105348700,kraken:XBTUSD,D,421.09,USD,2026-08-21T15:29:54.665975+00:00,posted
binance:6582461889,binance:BTCUSDT,D,38.46,USD,2026-08-19T21:15:57.947145+00:00,posted
binance:6582461896,binance:BTCUSDT,D,10.30,USD,2026-08-19T18:52:37.761149+00:00,posted
binance:6582461898,binance:BTCUSDT,D,83.11,USD,2026-08-19T22:59:09.293359+00:00,posted
binance:6582461913,binance:BTCUSDT,D,32.97,USD,2026-08-19T22:03:50.844696+00:00,posted
binance:6582461919,binance:BTCUSDT,D,66.62,USD,2026-08-19T22:05:15.318377+00:00,posted
binance:6582461931,binance:BTCUSDT,D,16.48,USD,2026-08-19T18:54:08.092426+00:00,posted
binance:6582461934,binance:BTCUSDT,D,32.97,USD,2026-08-19T20:46:23.042554+00:00,posted
coinbase:1073149616,coinbase:BTC-USD,C,1.17,USD,2026-08-19T21:52:33.428883+00:00,posted
coinbase:1073149615,coinbase:BTC-USD,C,9944.82,USD,2026-08-19T19:51:39.179050+00:00,posted
coinbase:1073149614,coinbase:BTC-USD,C,6.03,USD,2026-08-19T21:47:04.831154+00:00,posted
coinbase:1073149613,coinbase:BTC-USD,C,1000.00,USD,2026-08-20T00:15:18.300637+00:00,posted
coinbase:1073149612,coinbase:BTC-USD,C,1000.00,USD,2026-08-19T21:56:21.605513+00:00,posted
coinbase:1073149611,coinbase:BTC-USD,C,663.52,USD,2026-08-19T21:26:46.934437+00:00,posted
coinbase:1073149610,coinbase:BTC-USD,C,1331.30,USD,2026-08-19T18:54:52.069911+00:00,posted
coinbase:1073149617,coinbase:BTC-USD,C,300.00,USD,2026-08-19T21:24:13.533603+00:00,posted
binance:6582461940,binance:BTCUSDT,C,1111.32,USD,2026-08-19T22:20:32.149310+00:00,posted
coinbase:1073149618,coinbase:BTC-USD,D,0.00,USD,2026-08-19T21:09:34.920001+00:00,posted
coinbase:1073149619,coinbase:BTC-USD,C,0.00,USD,2026-08-19T19:28:58.873752+00:00,posted
coinbase:1073149637,coinbase:BTC-USD,C,10101.61,USD,2026-08-19T23:51:40.857196+00:00,posted
coinbase:1073149636,coinbase:BTC-USD,C,12161.43,USD,2026-08-20T00:08:10.757259+00:00,posted
coinbase:1073149635,coinbase:BTC-USD,C,1.17,USD,2026-08-19T22:04:53.023168+00:00,posted
coinbase:1073149634,coinbase:BTC-USD,C,300.09,USD,2026-08-20T00:03:28.868637+00:00,posted
coinbase:1073149633,coinbase:BTC-USD,C,8000.00,USD,2026-08-19T23:55:02.651571+00:00,posted
coinbase:1073149632,coinbase:BTC-USD,C,32018.59,USD,2026-08-19T20:51:55.624052+00:00,posted
coinbase:1073149631,coinbase:BTC-USD,C,12006.87,USD,2026-08-19T19:01:10.627618+00:00,posted
coinbase:1073149630,coinbase:BTC-USD,C,12794.79,USD,2026-08-19T23:05:12.715653+00:00,posted
coinbase:1073149629,coinbase:BTC-USD,C,1.17,USD,2026-08-19T23:48:47.155806+00:00,posted
coinbase:1073149628,coinbase:BTC-USD,C,0.08,USD,2026-08-19T21:12:22.485791+00:00,posted
coinbase:1073149627,coinbase:BTC-USD,C,0.17,USD,2026-08-19T20:32:31.406501+00:00,posted
coinbase:1073149626,coinbase:BTC-USD,C,1.17,USD,2026-08-19T19:47:15.520753+00:00,posted
coinbase:1073149625,coinbase:BTC-USD,C,1991.22,USD,2026-08-19T19:48:05.804921+00:00,posted
coinbase:1073149624,coinbase:BTC-USD,C,200.47,USD,2026-08-22T03:25:01.151744+00:00,posted
coinbase:1073149623,coinbase:BTC-USD,C,1.17,USD,2026-08-19T22:18:02.969166+00:00,posted
coinbase:1073149622,coinbase:BTC-USD,C,3000.75,USD,2026-08-22T07:01:24.744328+00:00,posted
coinbase:1073149621,coinbase:BTC-USD,C,1.17,USD,2026-08-19T23:45:41.142418+00:00,posted
coinbase:1073149620,coinbase:BTC-USD,C,150.00,USD,2026-08-19T20:23:39.723504+00:00,posted
binance:6582461942,binance:BTCUSDT,D,618.17,USD,2026-08-19T20:51:18.805307+00:00,posted
binance:6582461943,binance:BTCUSDT,D,1236.33,USD,2026-08-19T21:12:40.023410+00:00,posted
binance:6582461944,binance:BTCUSDT,D,1092.09,USD,2026-08-19T23:28:18.414653+00:00,posted
binance:6582461958,binance:BTCUSDT,D,16.48,USD,2026-08-21T02:54:21.236563+00:00,posted
binance:6582461961,binance:BTCUSDT,D,11.68,USD,2026-08-19T21:29:50.130472+00:00,posted
binance:6582461963,binance:BTCUSDT,D,5.49,USD,2026-08-21T10:17:31.298790+00:00,posted
binance:6582461964,binance:BTCUSDT,D,10.99,USD,2026-08-19T19:21:58.194142+00:00,posted
binance:6582461966,binance:BTCUSDT,D,16.48,USD,2026-08-19T23:32:50.656734+00:00,posted
binance:6582461969,binance:BTCUSDT,D,29.54,USD,2026-08-19T18:49:31.799250+00:00,posted
coinbase:1073149638,coinbase:BTC-USD,C,39.60,USD,2026-08-19T19:30:34.967758+00:00,posted
binance:6582461975,binance:BTCUSDT,D,206.06,USD,2026-08-19T19:18:35.808665+00:00,posted
coinbase:1073149641,coinbase:BTC-USD,C,727.93,USD,2026-08-19T23:55:06.094494+00:00,posted
coinbase:1073149640,coinbase:BTC-USD,C,1.17,USD,2026-08-19T20:06:35.244746+00:00,posted
coinbase:1073149639,coinbase:BTC-USD,C,2961.37,USD,2026-08-19T19:35:41.129782+00:00,posted
binance:6582461978,binance:BTCUSDT,C,483.56,USD,2026-08-19T21:31:40.234893+00:00,posted
coinbase:1073149642,coinbase:BTC-USD,C,0.00,USD,2026-08-19T20:17:46.029906+00:00,posted
coinbase:1073149651,coinbase:BTC-USD,D,3676.78,USD,2026-08-19T21:51:48.950803+00:00,posted
coinbase:1073149650,coinbase:BTC-USD,D,524.97,USD,2026-08-19T20:34:26.719181+00:00,posted
coinbase:1073149649,coinbase:BTC-USD,D,419.99,USD,2026-08-19T19:48:09.090638+00:00,posted
coinbase:1073149648,coinbase:BTC-USD,D,1000.00,USD,2026-08-19T19:44:38.548121+00:00,posted
coinbase:1073149647,coinbase:BTC-USD,D,1000.00,USD,2026-08-19T19:34:37.260245+00:00,posted
coinbase:1073149646,coinbase:BTC-USD,D,75.00,USD,2026-08-19T19:21:54.169120+00:00,posted
coinbase:1073149645,coinbase:BTC-USD,D,3048.63,USD,2026-08-19T21:34:13.056994+00:00,posted
coinbase:1073149644,coinbase:BTC-USD,D,200.47,USD,2026-08-19T22:11:22.352826+00:00,posted
coinbase:1073149652,coinbase:BTC-USD,D,0.01,USD,2026-08-19T19:06:30.266151+00:00,posted
binance:6582461979,binance:BTCUSDT,D,824.25,USD,2026-08-19T21:43:02.571620+00:00,posted
binance:6582461980,binance:BTCUSDT,D,618.19,USD,2026-08-19T20:48:19.331654+00:00,posted
binance:6582461981,binance:BTCUSDT,D,755.56,USD,2026-08-19T20:13:41.392829+00:00,posted
kraken:105348701,kraken:XBTUSD,D,11.22,USD,2026-08-19T20:17:17.638527+00:00,posted
coinbase:1073149653,coinbase:BTC-USD,D,0.00,USD,2026-08-19T20:49:15.820464+00:00,posted
coinbase:1073149654,coinbase:BTC-USD,C,160.87,USD,2026-08-19T23:03:19.775127+00:00,posted
coinbase:1073149656,coinbase:BTC-USD,D,2946.08,USD,2026-08-19T23:36:48.878564+00:00,posted
coinbase:1073149655,coinbase:BTC-USD,D,75.00,USD,2026-08-19T23:29:59.608528+00:00,posted
coinbase:1073149658,coinbase:BTC-USD,D,316.36,USD,2026-08-19T23:23:25.430218+00:00,posted
coinbase:1073149657,coinbase:BTC-USD,D,102.46,USD,2026-08-19T19:27:44.580294+00:00,posted
binance:6582461982,binance:BTCUSDT,D,17.86,USD,2026-08-19T22:40:12.941204+00:00,posted
coinbase:1073149659,coinbase:BTC-USD,D,0.01,USD,2026-08-19T21:20:04.369786+00:00,posted
coinbase:1073149660,coinbase:BTC-USD,D,0.00,USD,2026-08-19T23:28:06.028683+00:00,posted
coinbase:1073149661,coinbase:BTC-USD,C,0.00,USD,2026-08-19T19:00:33.152619+00:00,posted
coinbase:1073149662,coinbase:BTC-USD,D,0.01,USD,2026-08-19T21:36:56.389331+00:00,posted
binance:6582461983,binance:BTCUSDT,C,522.71,USD,2026-08-19T21:07:29.155686+00:00,posted
coinbase:1073149665,coinbase:BTC-USD,D,3.57,USD,2026-08-19T23:20:52.682798+00:00,posted
coinbase:1073149664,coinbase:BTC-USD,D,1.16,USD,2026-08-19T22:06:45.149176+00:00,posted
binance:6582461984,binance:BTCUSDT,C,4774.46,USD,2026-08-19T23:57:27.351944+00:00,posted
binance:6582461985,binance:BTCUSDT,C,1040.61,USD,2026-08-19T21:35:27.217444+00:00,posted
coinbase:1073149666,coinbase:BTC-USD,C,0.00,USD,2026-08-19T23:16:27.229769+00:00,posted
binance:6582461986,binance:BTCUSDT,D,192.32,USD,2026-08-19T20:44:50.040212+00:00,posted
coinbase:1073149667,coinbase:BTC-USD,D,0.00,USD,2026-08-19T21:47:45.537716+00:00,posted
binance:6582461987,binance:BTCUSDT,C,10886.27,USD,2026-08-19T20:22:35.901077+00:00,posted
coinbase:1073149668,coinbase:BTC-USD,C,0.00,USD,2026-08-19T19:49:10.460586+00:00,posted
coinbase:1073149669,coinbase:BTC-USD,D,305.66,USD,2026-08-19T20:31:54.750451+00:00,posted
binance:6582461988,binance:BTCUSDT,D,755.56,USD,2026-08-19T22:36:40.196148+00:00,posted
coinbase:1073149670,coinbase:BTC-USD,C,49.50,USD,2026-08-19T23:22:56.610696+00:00,posted
coinbase:1073149671,coinbase:BTC-USD,C,0.00,USD,2026-08-19T20:36:31.606651+00:00,posted
binance:6582461989,binance:BTCUSDT,C,4983.96,USD,2026-08-19T23:16:29.368430+00:00,posted
binance:6582461991,binance:BTCUSDT,C,95.48,USD,2026-08-19T19:04:58.546261+00:00,posted
binance:6582461992,binance:BTCUSDT,D,1236.37,USD,2026-08-19T23:33:25.377451+00:00,posted
binance:6582461993,binance:BTCUSDT,D,965.75,USD,2026-08-19T22:34:42.613688+00:00,posted
coinbase:1073149672,coinbase:BTC-USD,C,0.00,USD,2026-08-19T20:20:37.066690+00:00,posted
coinbase:1073149673,coinbase:BTC-USD,D,0.01,USD,2026-08-19T19:17:23.555152+00:00,posted
binance:6582461994,binance:BTCUSDT,D,8.24,USD,2026-08-19T22:53:26.308785+00:00,posted
coinbase:1073149674,coinbase:BTC-USD,C,0.00,USD,2026-08-19T22:04:00.039733+00:00,posted
coinbase:1073149675,coinbase:BTC-USD,D,0.02,USD,2026-08-19T23:56:05.209371+00:00,posted
binance:6582461995,binance:BTCUSDT,C,21049.95,USD,2026-08-19T20:02:33.622099+00:00,posted
coinbase:1073149676,coinbase:BTC-USD,C,0.00,USD,2026-08-19T19:33:32.687618+00:00,posted
coinbase:1073149677,coinbase:BTC-USD,D,0.00,USD,2026-08-19T20:13:16.761062+00:00,posted
binance:6582461996,binance:BTCUSDT,C,213.62,USD,2026-08-19T23:10:27.673227+00:00,posted
coinbase:1073149678,coinbase:BTC-USD,C,0.00,USD,2026-08-19T23:47:28.663792+00:00,posted
binance:6582461997,binance:BTCUSDT,C,8.93,USD,2026-08-19T22:36:01.179873+00:00,posted
binance:6582461998,binance:BTCUSDT,C,2645.84,USD,2026-08-19T21:44:08.128414+00:00,posted
coinbase:1073149679,coinbase:BTC-USD,C,0.00,USD,2026-08-19T21:26:47.241744+00:00,posted
coinbase:1073149680,coinbase:BTC-USD,D,0.02,USD,2026-08-19T21:43:48.977159+00:00,posted
coinbase:1073149681,coinbase:BTC-USD,C,0.00,USD,2026-08-19T23:55:45.804573+00:00,posted
coinbase:1073149682,coinbase:BTC-USD,D,0.00,USD,2026-08-19T19:42:31.538796+00:00,posted
coinbase:1073149683,coinbase:BTC-USD,D,0.00,USD,2026-08-19T21:46:47.788242+00:00,posted
coinbase:1073149684,coinbase:BTC-USD,C,0.00,USD,2026-08-19T21:40:46.731670+00:00,posted
binance:6582461999,binance:BTCUSDT,C,10230.99,USD,2026-08-19T19:44:39.831507+00:00,posted
coinbase:1073149685,coinbase:BTC-USD,C,0.00,USD,2026-08-19T20:19:53.309759+00:00,posted
binance:6582462002,binance:BTCUSDT,D,6.87,USD,2026-08-19T23:04:44.310949+00:00,posted
binance:6582462003,binance:BTCUSDT,D,618.19,USD,2026-08-19T22:56:21.467012+00:00,posted
binance:6582462004,binance:BTCUSDT,D,755.56,USD,2026-08-19T22:29:35.888508+00:00,posted
binance:6582462025,binance:BTCUSDT,C,27342.40,USD,2026-08-19T22:00:50.321725+00:00,posted
coinbase:1073149686,coinbase:BTC-USD,C,0.00,USD,2026-08-19T21:53:38.738393+00:00,posted
binance:6582462038,binance:BTCUSDT,C,16.48,USD,2026-08-19T23:20:23.141270+00:00,posted
binance:6582462039,binance:BTCUSDT,D,1236.37,USD,2026-08-19T20:36:56.380623+00:00,posted
coinbase:1073149687,coinbase:BTC-USD,C,0.00,USD,2026-08-19T20:43:31.264878+00:00,posted
binance:6582462040,binance:BTCUSDT,D,48.77,USD,2026-08-21T04:41:26.708835+00:00,posted
coinbase:1073149688,coinbase:BTC-USD,C,12.78,USD,2026-08-19T23:26:33.816184+00:00,posted
binance:6582462041,binance:BTCUSDT,D,408.00,USD,2026-08-19T22:54:25.489776+00:00,posted
coinbase:1073149689,coinbase:BTC-USD,D,0.00,USD,2026-08-19T21:46:19.306258+00:00,posted
coinbase:1073149690,coinbase:BTC-USD,D,0.01,USD,2026-08-19T22:27:09.845755+00:00,posted
binance:6582462046,binance:BTCUSDT,D,500.73,USD,2026-08-19T19:12:55.730081+00:00,posted
binance:6582462047,binance:BTCUSDT,C,6.87,USD,2026-08-19T21:43:01.546331+00:00,posted
binance:6582462048,binance:BTCUSDT,C,19560.12,USD,2026-08-19T22:09:18.037639+00:00,posted
binance:6582462074,binance:BTCUSDT,C,2953.56,USD,2026-08-19T23:45:05.537986+00:00,posted
binance:6582462075,binance:BTCUSDT,C,1436.94,USD,2026-08-19T23:54:10.368181+00:00,posted
binance:6582462095,binance:BTCUSDT,C,38.46,USD,2026-08-19T21:43:07.602859+00:00,posted
binance:6582462102,binance:BTCUSDT,C,5.49,USD,2026-08-19T20:15:12.313185+00:00,posted
binance:6582462103,binance:BTCUSDT,C,5.49,USD,2026-08-19T19:21:08.863367+00:00,posted
binance:6582462104,binance:BTCUSDT,C,16.48,USD,2026-08-19T23:54:05.112858+00:00,posted
binance:6582462107,binance:BTCUSDT,C,34.34,USD,2026-08-19T22:59:29.890765+00:00,posted
binance:6582462113,binance:BTCUSDT,C,111.27,USD,2026-08-21T10:25:11.438774+00:00,posted
binance:6582462133,binance:BTCUSDT,C,32.97,USD,2026-08-19T19:23:06.277868+00:00,posted
binance:6582462139,binance:BTCUSDT,C,5.49,USD,2026-08-19T20:00:20.245528+00:00,posted
binance:6582462140,binance:BTCUSDT,C,54.26,USD,2026-08-19T22:56:40.329920+00:00,posted
binance:6582462143,binance:BTCUSDT,C,16.48,USD,2026-08-19T19:26:09.740423+00:00,posted
binance:6582462146,binance:BTCUSDT,C,1037.12,USD,2026-08-22T17:38:24.171698+00:00,posted
binance:6582462161,binance:BTCUSDT,C,5.49,USD,2026-08-19T21:46:18.674620+00:00,posted
binance:6582462162,binance:BTCUSDT,C,16.48,USD,2026-08-19T23:50:56.441769+00:00,posted
binance:6582462165,binance:BTCUSDT,C,2472.55,USD,2026-08-19T23:41:23.674733+00:00,posted
binance:6582462166,binance:BTCUSDT,C,5.49,USD,2026-08-19T23:23:32.228364+00:00,posted
binance:6582462167,binance:BTCUSDT,C,16.48,USD,2026-08-19T21:58:57.442430+00:00,posted
coinbase:1073149692,coinbase:BTC-USD,D,2945.98,USD,2026-08-19T19:37:17.643579+00:00,posted
coinbase:1073149691,coinbase:BTC-USD,D,74.96,USD,2026-08-19T23:53:38.376777+00:00,posted
coinbase:1073149694,coinbase:BTC-USD,D,14121.01,USD,2026-08-19T20:01:27.086727+00:00,posted
coinbase:1073149693,coinbase:BTC-USD,D,974.38,USD,2026-08-19T19:18:01.785091+00:00,posted
coinbase:1073149698,coinbase:BTC-USD,D,2.80,USD,2026-08-19T20:31:50.069298+00:00,posted
coinbase:1073149697,coinbase:BTC-USD,D,2459.67,USD,2026-08-19T22:56:18.054040+00:00,posted
coinbase:1073149696,coinbase:BTC-USD,D,17223.12,USD,2026-08-19T21:21:51.719152+00:00,posted
coinbase:1073149695,coinbase:BTC-USD,D,1974.91,USD,2026-08-19T23:02:13.349652+00:00,posted
coinbase:1073149702,coinbase:BTC-USD,D,277.86,USD,2026-08-19T19:52:55.215332+00:00,posted
coinbase:1073149701,coinbase:BTC-USD,D,3.14,USD,2026-08-19T18:55:06.578488+00:00,posted
coinbase:1073149700,coinbase:BTC-USD,D,74.49,USD,2026-08-19T19:28:43.908364+00:00,posted
coinbase:1073149699,coinbase:BTC-USD,D,1.17,USD,2026-08-19T22:01:24.031636+00:00,posted
coinbase:1073149705,coinbase:BTC-USD,D,150.05,USD,2026-08-19T21:44:17.404465+00:00,posted
coinbase:1073149704,coinbase:BTC-USD,D,1.17,USD,2026-08-20T00:13:29.392586+00:00,posted
coinbase:1073149706,coinbase:BTC-USD,C,141.60,USD,2026-08-19T22:21:48.360426+00:00,posted
coinbase:1073149707,coinbase:BTC-USD,D,0.00,USD,2026-08-19T19:28:32.421613+00:00,posted
coinbase:1073149708,coinbase:BTC-USD,C,386.65,USD,2026-08-19T19:02:28.551677+00:00,posted
binance:6582462170,binance:BTCUSDT,D,1234.89,USD,2026-08-19T23:30:52.357118+00:00,posted
coinbase:1073149709,coinbase:BTC-USD,D,0.00,USD,2026-08-19T19:02:37.675158+00:00,posted
coinbase:1073149717,coinbase:BTC-USD,D,24304.68,USD,2026-08-19T23:38:42.438947+00:00,posted
coinbase:1073149716,coinbase:BTC-USD,D,2029.33,USD,2026-08-19T22:44:21.656896+00:00,posted
coinbase:1073149715,coinbase:BTC-USD,D,5001.08,USD,2026-08-19T19:11:31.550877+00:00,posted
coinbase:1073149714,coinbase:BTC-USD,D,410.32,USD,2026-08-19T22:38:35.678617+00:00,posted
coinbase:1073149713,coinbase:BTC-USD,D,6537.07,USD,2026-08-19T21:32:16.459813+00:00,posted
coinbase:1073149712,coinbase:BTC-USD,D,8284.99,USD,2026-08-19T21:01:12.639000+00:00,posted
coinbase:1073149711,coinbase:BTC-USD,D,3919.57,USD,2026-08-19T19:14:33.455401+00:00,posted
coinbase:1073149710,coinbase:BTC-USD,D,1.16,USD,2026-08-19T21:36:43.119302+00:00,posted
coinbase:1073149718,coinbase:BTC-USD,D,99.98,USD,2026-08-19T21:56:05.254876+00:00,posted
coinbase:1073149719,coinbase:BTC-USD,C,0.00,USD,2026-08-19T20:08:23.444530+00:00,posted
coinbase:1073149720,coinbase:BTC-USD,D,0.01,USD,2026-08-19T22:40:57.384047+00:00,posted
coinbase:1073149721,coinbase:BTC-USD,D,2.52,USD,2026-08-19T21:48:14.101122+00:00,posted
coinbase:1073149722,coinbase:BTC-USD,D,0.01,USD,2026-08-20T00:10:48.207570+00:00,posted
coinbase:1073149723,coinbase:BTC-USD,C,0.00,USD,2026-08-19T21:10:30.176965+00:00,posted
coinbase:1073149724,coinbase:BTC-USD,D,3.03,USD,2026-08-20T00:03:53.629683+00:00,posted
coinbase:1073149725,coinbase:BTC-USD,C,0.00,USD,2026-08-19T20:09:49.187743+00:00,posted
binance:6582462171,binance:BTCUSDT,C,31.59,USD,2026-08-19T23:32:35.708709+00:00,posted
coinbase:1073149726,coinbase:BTC-USD,C,0.00,USD,2026-08-19T20:07:32.674355+00:00,posted
coinbase:1073149727,coinbase:BTC-USD,C,0.00,USD,2026-08-19T19:49:54.125849+00:00,posted
coinbase:1073149728,coinbase:BTC-USD,D,2374.54,USD,2026-08-19T23:38:01.554841+00:00,posted
binance:6582462175,binance:BTCUSDT,C,26.10,USD,2026-08-21T13:10:03.576847+00:00,posted
coinbase:1073149729,coinbase:BTC-USD,C,0.00,USD,2026-08-19T19:02:36.019343+00:00,posted
coinbase:1073149730,coinbase:BTC-USD,D,0.00,USD,2026-08-19T21:36:12.508498+00:00,posted
coinbase:1073149731,coinbase:BTC-USD,C,0.00,USD,2026-08-19T21:28:58.916838+00:00,posted
coinbase:1073149732,coinbase:BTC-USD,D,0.00,USD,2026-08-19T23:30:47.214245+00:00,posted
binance:6582462176,binance:BTCUSDT,C,6.87,USD,2026-08-19T21:07:45.206345+00:00,posted
binance:6582462177,binance:BTCUSDT,C,17871.56,USD,2026-08-19T20:53:21.660270+00:00,posted
binance:6582462195,binance:BTCUSDT,C,27.47,USD,2026-08-19T20:25:53.807264+00:00,posted
binance:6582462200,binance:BTCUSDT,C,12.36,USD,2026-08-19T20:53:11.777586+00:00,posted
binance:6582462203,binance:BTCUSDT,C,15.80,USD,2026-08-19T19:11:13.122476+00:00,posted
binance:6582462205,binance:BTCUSDT,C,10.99,USD,2026-08-19T21:04:34.831508+00:00,posted
binance:6582462207,binance:BTCUSDT,C,20.60,USD,2026-08-20T00:04:59.314708+00:00,posted
binance:6582462210,binance:BTCUSDT,C,11.68,USD,2026-08-19T23:42:47.646612+00:00,posted
binance:6582462212,binance:BTCUSDT,C,22.66,USD,2026-08-19T23:36:22.511300+00:00,posted
binance:6582462217,binance:BTCUSDT,C,23.35,USD,2026-08-19T20:27:25.443210+00:00,posted
binance:6582462221,binance:BTCUSDT,C,15.80,USD,2026-08-19T19:02:41.607219+00:00,posted
binance:6582462240,binance:BTCUSDT,C,10.99,USD,2026-08-19T19:29:37.015537+00:00,posted
binance:6582462224,binance:BTCUSDT,C,241.06,USD,2026-08-19T21:53:25.395955+00:00,posted
binance:6582462242,binance:BTCUSDT,C,20.60,USD,2026-08-19T19:59:10.177640+00:00,posted
binance:6582462246,binance:BTCUSDT,C,63.87,USD,2026-08-19T21:29:07.918717+00:00,posted
binance:6582462258,binance:BTCUSDT,C,38.46,USD,2026-08-19T19:32:52.665955+00:00,posted
binance:6582462265,binance:BTCUSDT,C,10.99,USD,2026-08-19T23:36:25.889111+00:00,posted
binance:6582462267,binance:BTCUSDT,C,82.41,USD,2026-08-19T20:14:04.542526+00:00,posted
binance:6582462274,binance:BTCUSDT,C,12.36,USD,2026-08-19T19:26:51.086955+00:00,posted
binance:6582462275,binance:BTCUSDT,C,15.11,USD,2026-08-19T20:04:25.465322+00:00,posted
binance:6582462276,binance:BTCUSDT,C,63.18,USD,2026-08-19T19:58:19.125323+00:00,posted
binance:6582462285,binance:BTCUSDT,C,32.96,USD,2026-08-19T21:06:37.219896+00:00,posted
binance:6582462286,binance:BTCUSDT,C,5.49,USD,2026-08-19T22:37:57.531978+00:00,posted
binance:6582462287,binance:BTCUSDT,C,67.30,USD,2026-08-19T22:26:06.776574+00:00,posted
binance:6582462299,binance:BTCUSDT,C,5.49,USD,2026-08-20T00:07:03.881561+00:00,posted
binance:6582462300,binance:BTCUSDT,C,72.79,USD,2026-08-19T21:56:32.547491+00:00,posted
binance:6582462313,binance:BTCUSDT,C,21.98,USD,2026-08-19T21:45:37.429841+00:00,posted
binance:6582462317,binance:BTCUSDT,C,10.99,USD,2026-08-19T23:58:15.117696+00:00,posted
binance:6582462319,binance:BTCUSDT,C,10.99,USD,2026-08-19T23:01:05.288156+00:00,posted
binance:6582462321,binance:BTCUSDT,C,10.99,USD,2026-08-19T22:57:30.221243+00:00,posted
binance:6582462323,binance:BTCUSDT,C,5.49,USD,2026-08-19T23:30:55.561740+00:00,posted
binance:6582462324,binance:BTCUSDT,C,6.18,USD,2026-08-19T23:22:55.491544+00:00,posted
binance:6582462325,binance:BTCUSDT,C,16.48,USD,2026-08-19T22:55:35.733783+00:00,posted
binance:6582462328,binance:BTCUSDT,C,5.49,USD,2026-08-19T23:27:41.119378+00:00,posted
binance:6582462329,binance:BTCUSDT,C,59.74,USD,2026-08-19T20:16:17.589623+00:00,posted
binance:6582462332,binance:BTCUSDT,C,18.54,USD,2026-08-19T22:20:20.834208+00:00,posted
binance:6582462335,binance:BTCUSDT,C,5.49,USD,2026-08-19T21:50:58.481786+00:00,posted
binance:6582462336,binance:BTCUSDT,C,11.67,USD,2026-08-19T19:28:05.524359+00:00,posted
binance:6582462338,binance:BTCUSDT,C,2999.50,USD,2026-08-22T10:15:00.074976+00:00,posted
binance:6582462339,binance:BTCUSDT,C,5.49,USD,2026-08-19T22:46:25.822310+00:00,posted
binance:6582462340,binance:BTCUSDT,C,16.48,USD,2026-08-19T19:55:34.407451+00:00,posted
coinbase:1073149734,coinbase:BTC-USD,D,10043.27,USD,2026-08-19T22:03:27.999298+00:00,posted
coinbase:1073149733,coinbase:BTC-USD,D,3.15,USD,2026-08-19T23:45:55.864486+00:00,posted
coinbase:1073149735,coinbase:BTC-USD,D,28.43,USD,2026-08-19T19:56:22.996512+00:00,posted
coinbase:1073149736,coinbase:BTC-USD,D,27.45,USD,2026-08-19T22:23:40.789106+00:00,posted
coinbase:1073149737,coinbase:BTC-USD,D,260.99,USD,2026-08-19T21:37:30.169771+00:00,posted
coinbase:1073149738,coinbase:BTC-USD,D,492.80,USD,2026-08-19T19:59:19.270366+00:00,posted
coinbase:1073149739,coinbase:BTC-USD,D,1533.50,USD,2026-08-19T21:25:16.126442+00:00,posted
coinbase:1073149741,coinbase:BTC-USD,D,2287.52,USD,2026-08-19T20:05:17.634351+00:00,posted
coinbase:1073149744,coinbase:BTC-USD,D,3444.59,USD,2026-08-19T23:59:26.356191+00:00,posted
coinbase:1073149745,coinbase:BTC-USD,C,0.00,USD,2026-08-19T21:37:43.689955+00:00,posted
coinbase:1073149746,coinbase:BTC-USD,C,945.08,USD,2026-08-19T21:06:52.013044+00:00,posted
binance:6582462343,binance:BTCUSDT,C,361.89,USD,2026-08-19T19:32:31.379203+00:00,posted
binance:6582462373,binance:BTCUSDT,C,38.45,USD,2026-08-19T19:43:37.025198+00:00,posted
binance:6582462380,binance:BTCUSDT,C,16.48,USD,2026-08-19T23:33:07.879625+00:00,posted
binance:6582462383,binance:BTCUSDT,C,1539.56,USD,2026-08-19T19:16:36.073849+00:00,posted
binance:6582462384,binance:BTCUSDT,C,12.36,USD,2026-08-19T21:20:57.362739+00:00,posted
binance:6582462388,binance:BTCUSDT,C,1373.36,USD,2026-08-19T19:10:25.660120+00:00,posted
binance:6582462389,binance:BTCUSDT,C,5.49,USD,2026-08-19T19:21:27.376721+00:00,posted
binance:6582462390,binance:BTCUSDT,C,10.99,USD,2026-08-19T20:17:53.529344+00:00,posted
binance:6582462392,binance:BTCUSDT,C,5.49,USD,2026-08-19T20:07:49.142844+00:00,posted
binance:6582462393,binance:BTCUSDT,C,16.48,USD,2026-08-19T19:13:23.832458+00:00,posted
binance:6582462396,binance:BTCUSDT,D,6.18,USD,2026-08-19T22:44:22.067455+00:00,posted
coinbase:1073149748,coinbase:BTC-USD,D,3047.65,USD,2026-08-20T00:03:37.382780+00:00,posted
coinbase:1073149747,coinbase:BTC-USD,D,1.17,USD,2026-08-19T19:36:08.431197+00:00,posted
coinbase:1073149749,coinbase:BTC-USD,D,1.17,USD,2026-08-20T00:02:45.239947+00:00,posted
binance:6582462397,binance:BTCUSDT,D,20.60,USD,2026-08-19T19:38:23.568453+00:00,posted
binance:6582462398,binance:BTCUSDT,C,2833.87,USD,2026-08-19T20:12:57.370539+00:00,posted
binance:6582462416,binance:BTCUSDT,C,16.48,USD,2026-08-19T21:02:49.438005+00:00,posted
binance:6582462420,binance:BTCUSDT,C,5.49,USD,2026-08-19T23:26:24.577718+00:00,posted
binance:6582462421,binance:BTCUSDT,C,7.55,USD,2026-08-19T19:49:46.674986+00:00,posted
binance:6582462423,binance:BTCUSDT,C,54.93,USD,2026-08-19T22:37:32.500854+00:00,posted
binance:6582462433,binance:BTCUSDT,C,6.18,USD,2026-08-19T19:45:26.684597+00:00,posted
binance:6582462434,binance:BTCUSDT,C,5.49,USD,2026-08-22T00:09:30.219640+00:00,posted
binance:6582462435,binance:BTCUSDT,C,199.81,USD,2026-08-19T19:21:17.827934+00:00,posted
coinbase:1073149750,coinbase:BTC-USD,C,0.00,USD,2026-08-19T19:05:08.571191+00:00,posted
coinbase:1073149751,coinbase:BTC-USD,D,1.17,USD,2026-08-19T21:16:36.704059+00:00,posted
coinbase:1073149753,coinbase:BTC-USD,D,1.19,USD,2026-08-19T19:07:04.029917+00:00,posted
binance:6582462436,binance:BTCUSDT,D,20.60,USD,2026-08-19T23:05:38.402403+00:00,posted
coinbase:1073149755,coinbase:BTC-USD,D,400.37,USD,2026-08-19T20:57:33.854356+00:00,posted
coinbase:1073149754,coinbase:BTC-USD,D,1.17,USD,2026-08-19T22:46:38.110198+00:00,posted
coinbase:1073149756,coinbase:BTC-USD,C,0.00,USD,2026-08-20T00:04:50.613839+00:00,posted
coinbase:1073149757,coinbase:BTC-USD,C,90.26,USD,2026-08-19T22:08:11.014352+00:00,posted
binance:6582462438,binance:BTCUSDT,D,20.60,USD,2026-08-19T19:33:37.625563+00:00,posted
coinbase:1073149758,coinbase:BTC-USD,D,0.00,USD,2026-08-19T21:54:22.859803+00:00,posted
binance:6582462439,binance:BTCUSDT,D,20.60,USD,2026-08-19T19:59:54.352104+00:00,posted
binance:6582462440,binance:BTCUSDT,D,101.62,USD,2026-08-19T19:51:06.106863+00:00,posted
binance:6582462441,binance:BTCUSDT,D,20.60,USD,2026-08-19T22:24:29.983221+00:00,posted
coinbase:1073149760,coinbase:BTC-USD,C,474.12,USD,2026-08-19T19:19:25.733173+00:00,posted
coinbase:1073149761,coinbase:BTC-USD,D,0.00,USD,2026-08-19T23:16:51.308306+00:00,posted
binance:6582462442,binance:BTCUSDT,D,20.60,USD,2026-08-19T22:53:50.212237+00:00,posted
coinbase:1073149762,coinbase:BTC-USD,C,0.00,USD,2026-08-19T19:13:30.276553+00:00,posted
coinbase:1073149763,coinbase:BTC-USD,C,149.99,USD,2026-08-19T19:35:36.176672+00:00,posted
binance:6582462443,binance:BTCUSDT,D,20.60,USD,2026-08-19T23:13:58.539530+00:00,posted
binance:6582462444,binance:BTCUSDT,D,48.75,USD,2026-08-19T23:35:42.896818+00:00,posted
coinbase:1073149764,coinbase:BTC-USD,C,0.00,USD,2026-08-19T20:20:44.842258+00:00,posted
coinbase:1073149765,coinbase:BTC-USD,D,0.01,USD,2026-08-19T19:25:29.397683+00:00,posted
coinbase:1073149767,coinbase:BTC-USD,C,0.00,USD,2026-08-20T00:16:11.990850+00:00,posted
binance:6582462445,binance:BTCUSDT,D,480.64,USD,2026-08-19T20:13:19.833363+00:00,posted
coinbase:1073149768,coinbase:BTC-USD,D,15.41,USD,2026-08-19T19:06:19.620064+00:00,posted
coinbase:1073149769,coinbase:BTC-USD,C,0.00,USD,2026-08-19T23:20:50.650179+00:00,posted
binance:6582462446,binance:BTCUSDT,D,20.60,USD,2026-08-19T20:25:18.777071+00:00,posted
binance:6582462447,binance:BTCUSDT,C,176.46,USD,2026-08-19T23:46:22.088145+00:00,posted
coinbase:1073149770,coinbase:BTC-USD,D,0.00,USD,2026-08-19T19:36:10.696772+00:00,posted
kraken:105348702,kraken:XBTUSD,D,88.73,USD,2026-08-19T18:53:39.927966+00:00,posted
kraken:105348703,kraken:XBTUSD,D,50.00,USD,2026-08-19T19:59:25.614128+00:00,posted
kraken:105348704,kraken:XBTUSD,D,6.86,USD,2026-08-19T22:57:50.582750+00:00,posted
kraken:105348705,kraken:XBTUSD,D,68.65,USD,2026-08-19T22:50:19.926241+00:00,posted
kraken:105348706,kraken:XBTUSD,D,283.12,USD,2026-08-19T22:49:37.494501+00:00,posted
binance:6582462452,binance:BTCUSDT,C,8239.49,USD,2026-08-19T20:29:15.924013+00:00,posted
binance:6582462454,binance:BTCUSDT,D,20.60,USD,2026-08-19T23:11:52.459790+00:00,posted
coinbase:1073149771,coinbase:BTC-USD,D,0.00,USD,2026-08-19T19:57:18.655140+00:00,posted
binance:6582462456,binance:BTCUSDT,D,20.60,USD,2026-08-19T22:20:18.293354+00:00,posted
coinbase:1073149772,coinbase:BTC-USD,C,98.98,USD,2026-08-19T19:19:44.185544+00:00,posted
coinbase:1073149773,coinbase:BTC-USD,D,0.00,USD,2026-08-19T21:23:48.078939+00:00,posted
coinbase:1073149774,coinbase:BTC-USD,C,326.57,USD,2026-08-19T22:46:15.681986+00:00,posted
binance:6582462457,binance:BTCUSDT,D,76.22,USD,2026-08-19T20:17:48.646162+00:00,posted
coinbase:1073149776,coinbase:BTC-USD,C,72.76,USD,2026-08-19T22:36:58.319107+00:00,posted
coinbase:1073149775,coinbase:BTC-USD,C,24.40,USD,2026-08-19T20:44:20.851921+00:00,posted
binance:6582462458,binance:BTCUSDT,D,20.60,USD,2026-08-19T19:31:57.886094+00:00,posted
coinbase:1073149777,coinbase:BTC-USD,D,0.01,USD,2026-08-21T09:39:15.046924+00:00,posted
coinbase:1073149778,coinbase:BTC-USD,D,0.00,USD,2026-08-19T22:00:28.877063+00:00,posted
coinbase:1073149779,coinbase:BTC-USD,C,0.00,USD,2026-08-19T19:44:56.926173+00:00,posted
binance:6582462459,binance:BTCUSDT,D,122.91,USD,2026-08-19T23:39:17.162943+00:00,posted
binance:6582462460,binance:BTCUSDT,D,20.60,USD,2026-08-19T22:40:38.248091+00:00,posted
coinbase:1073149780,coinbase:BTC-USD,D,0.01,USD,2026-08-19T23:13:22.872356+00:00,posted
coinbase:1073149781,coinbase:BTC-USD,C,0.00,USD,2026-08-19T20:12:51.633656+00:00,posted
coinbase:1073149782,coinbase:BTC-USD,C,49.49,USD,2026-08-19T23:09:41.751168+00:00,posted
coinbase:1073149783,coinbase:BTC-USD,C,0.00,USD,2026-08-19T21:38:08.034539+00:00,posted
coinbase:1073149784,coinbase:BTC-USD,C,0.00,USD,2026-08-19T19:59:12.175262+00:00,posted
kraken:105348707,kraken:XBTUSD,C,3494.03,USD,2026-08-19T19:08:01.092336+00:00,posted
kraken:105348709,kraken:XBTUSD,C,50.00,USD,2026-08-19T20:31:33.943058+00:00,posted
kraken:105348710,kraken:XBTUSD,C,68.58,USD,2026-08-19T21:37:18.306914+00:00,posted
binance:6582462461,binance:BTCUSDT,D,20.60,USD,2026-08-19T23:19:30.221662+00:00,posted
kraken:105348711,kraken:XBTUSD,D,477.07,USD,2026-08-19T19:17:50.810399+00:00,posted
coinbase:1073149785,coinbase:BTC-USD,C,9.90,USD,2026-08-19T21:57:20.536517+00:00,posted
binance:6582462462,binance:BTCUSDT,D,50.12,USD,2026-08-19T22:13:07.480286+00:00,posted
coinbase:1073149788,coinbase:BTC-USD,C,0.00,USD,2026-08-19T22:48:14.048556+00:00,posted
binance:6582462463,binance:BTCUSDT,C,7.55,USD,2026-08-19T23:20:30.194873+00:00,posted
coinbase:1073149789,coinbase:BTC-USD,C,0.00,USD,2026-08-20T00:10:12.280208+00:00,posted
binance:6582462464,binance:BTCUSDT,D,120.16,USD,2026-08-22T12:51:29.229250+00:00,posted
coinbase:1073149790,coinbase:BTC-USD,C,33.65,USD,2026-08-19T23:23:42.958166+00:00,posted
binance:6582462465,binance:BTCUSDT,D,20.60,USD,2026-08-20T00:11:54.720809+00:00,posted
coinbase:1073149791,coinbase:BTC-USD,C,0.00,USD,2026-08-19T20:17:24.226905+00:00,posted
coinbase:1073149792,coinbase:BTC-USD,D,0.00,USD,2026-08-19T21:16:48.895044+00:00,posted
coinbase:1073149793,coinbase:BTC-USD,C,0.00,USD,2026-08-19T21:35:00.432207+00:00,posted
binance:6582462466,binance:BTCUSDT,C,1991.21,USD,2026-08-19T21:58:04.755334+00:00,posted
coinbase:1073149794,coinbase:BTC-USD,C,437.22,USD,2026-08-22T14:19:44.163379+00:00,posted
binance:6582462467,binance:BTCUSDT,D,6866.24,USD,2026-08-19T19:37:29.110267+00:00,posted
coinbase:1073149795,coinbase:BTC-USD,C,0.00,USD,2026-08-19T19:44:07.898894+00:00,posted
coinbase:1073149796,coinbase:BTC-USD,C,194.32,USD,2026-08-19T19:54:24.328224+00:00,posted
coinbase:1073149797,coinbase:BTC-USD,C,0.00,USD,2026-08-19T22:35:07.369064+00:00,posted
coinbase:1073149798,coinbase:BTC-USD,C,8.54,USD,2026-08-19T23:34:29.450220+00:00,posted
binance:6582462468,binance:BTCUSDT,D,20.60,USD,2026-08-19T20:37:09.610767+00:00,posted
coinbase:1073149799,coinbase:BTC-USD,D,0.00,USD,2026-08-19T22:59:53.314004+00:00,posted
binance:6582462469,binance:BTCUSDT,C,255.42,USD,2026-08-19T22:44:22.004790+00:00,posted
coinbase:1073149802,coinbase:BTC-USD,D,0.01,USD,2026-08-19T20:07:36.131448+00:00,posted
coinbase:1073149805,coinbase:BTC-USD,C,3.68,USD,2026-08-19T18:50:14.173364+00:00,posted
coinbase:1073149804,coinbase:BTC-USD,C,502.88,USD,2026-08-19T21:57:18.952504+00:00,posted
coinbase:1073149803,coinbase:BTC-USD,C,9130.67,USD,2026-08-20T00:18:24.146239+00:00,posted
coinbase:1073149806,coinbase:BTC-USD,C,521.61,USD,2026-08-19T19:27:56.951178+00:00,posted
coinbase:1073149810,coinbase:BTC-USD,C,1100.86,USD,2026-08-19T18:56:16.778957+00:00,posted
coinbase:1073149809,coinbase:BTC-USD,C,420.01,USD,2026-08-19T23:29:16.369971+00:00,posted
coinbase:1073149808,coinbase:BTC-USD,C,1000.00,USD,2026-08-19T22:57:07.332076+00:00,posted
coinbase:1073149807,coinbase:BTC-USD,C,478.39,USD,2026-08-19T23:19:22.473972+00:00,posted
binance:6582462470,binance:BTCUSDT,C,398.93,USD,2026-08-19T21:31:49.103931+00:00,posted
coinbase:1073149811,coinbase:BTC-USD,C,521.63,USD,2026-08-19T22:53:33.416089+00:00,posted
coinbase:1073149812,coinbase:BTC-USD,C,3.40,USD,2026-08-19T21:44:10.822733+00:00,posted
binance:6582462471,binance:BTCUSDT,D,6.87,USD,2026-08-19T22:48:28.366653+00:00,posted
binance:6582462473,binance:BTCUSDT,D,1235.92,USD,2026-08-19T22:12:30.567164+00:00,posted
binance:6582462482,binance:BTCUSDT,D,2457.43,USD,2026-08-19T21:47:25.791009+00:00,posted
binance:6582462521,binance:BTCUSDT,D,43.94,USD,2026-08-19T20:27:42.597068+00:00,posted
binance:6582462529,binance:BTCUSDT,D,27.47,USD,2026-08-20T00:02:27.512574+00:00,posted
binance:6582462534,binance:BTCUSDT,D,10.99,USD,2026-08-19T23:34:37.301464+00:00,posted
binance:6582462536,binance:BTCUSDT,D,5.49,USD,2026-08-19T21:27:03.178318+00:00,posted
binance:6582462537,binance:BTCUSDT,D,16.48,USD,2026-08-19T20:09:28.494231+00:00,posted
binance:6582462540,binance:BTCUSDT,D,302.12,USD,2026-08-19T22:34:27.721066+00:00,posted
binance:6582462541,binance:BTCUSDT,D,302.12,USD,2026-08-19T19:27:49.708847+00:00,posted
binance:6582462542,binance:BTCUSDT,D,295.26,USD,2026-08-22T16:03:32.986186+00:00,posted
binance:6582462543,binance:BTCUSDT,D,302.12,USD,2026-08-22T12:39:53.989435+00:00,posted
binance:6582462544,binance:BTCUSDT,D,302.12,USD,2026-08-19T22:27:09.269469+00:00,posted
coinbase:1073149813,coinbase:BTC-USD,D,0.00,USD,2026-08-19T20:50:32.389159+00:00,posted
binance:6582462545,binance:BTCUSDT,D,5287.15,USD,2026-08-19T21:34:03.399345+00:00,posted
binance:6582462546,binance:BTCUSDT,D,205.99,USD,2026-08-20T00:06:23.165494+00:00,posted
binance:6582462547,binance:BTCUSDT,D,94.76,USD,2026-08-21T09:12:52.266837+00:00,posted
binance:6582462563,binance:BTCUSDT,D,32.96,USD,2026-08-19T20:14:22.212881+00:00,posted
binance:6582462569,binance:BTCUSDT,D,16.48,USD,2026-08-19T18:52:37.041162+00:00,posted
binance:6582462580,binance:BTCUSDT,D,54.93,USD,2026-08-19T21:04:53.570279+00:00,posted
binance:6582462590,binance:BTCUSDT,D,5.49,USD,2026-08-19T20:22:09.680341+00:00,posted
binance:6582462591,binance:BTCUSDT,D,16.48,USD,2026-08-19T20:18:50.783198+00:00,posted
binance:6582462594,binance:BTCUSDT,D,27.47,USD,2026-08-19T21:14:22.697697+00:00,posted
coinbase:1073149814,coinbase:BTC-USD,C,0.00,USD,2026-08-19T19:20:09.400238+00:00,posted
binance:6582462599,binance:BTCUSDT,D,39.14,USD,2026-08-19T20:16:45.219920+00:00,posted
binance:6582462606,binance:BTCUSDT,D,27.47,USD,2026-08-19T18:53:56.123186+00:00,posted
binance:6582462611,binance:BTCUSDT,D,78.28,USD,2026-08-19T23:02:44.515234+00:00,posted
binance:6582462625,binance:BTCUSDT,D,16.48,USD,2026-08-21T11:19:21.746074+00:00,posted
binance:6582462628,binance:BTCUSDT,D,34.33,USD,2026-08-19T19:34:06.595917+00:00,posted
binance:6582462634,binance:BTCUSDT,D,10.99,USD,2026-08-19T21:16:04.114514+00:00,posted
binance:6582462636,binance:BTCUSDT,D,27.47,USD,2026-08-19T20:24:00.617154+00:00,posted
binance:6582462643,binance:BTCUSDT,D,89.27,USD,2026-08-19T20:57:42.128432+00:00,posted
binance:6582462659,binance:BTCUSDT,D,32.96,USD,2026-08-19T21:32:36.941066+00:00,posted
binance:6582462665,binance:BTCUSDT,D,5.49,USD,2026-08-19T23:47:14.427149+00:00,posted
binance:6582462666,binance:BTCUSDT,D,10.99,USD,2026-08-19T23:09:14.142803+00:00,posted
binance:6582462667,binance:BTCUSDT,D,43.95,USD,2026-08-20T00:09:03.298434+00:00,posted
binance:6582462675,binance:BTCUSDT,D,111.25,USD,2026-08-19T19:41:22.145722+00:00,posted
binance:6582462695,binance:BTCUSDT,D,32.96,USD,2026-08-19T20:42:18.639045+00:00,posted
binance:6582462701,binance:BTCUSDT,D,5.49,USD,2026-08-19T18:51:25.452082+00:00,posted
binance:6582462702,binance:BTCUSDT,D,211.51,USD,2026-08-22T17:57:01.045681+00:00,posted
binance:6582462705,binance:BTCUSDT,D,590.58,USD,2026-08-19T19:34:40.599757+00:00,posted
binance:6582462706,binance:BTCUSDT,D,6198.98,USD,2026-08-19T19:24:00.934864+00:00,posted
binance:6582462715,binance:BTCUSDT,D,40.52,USD,2026-08-19T21:06:48.442350+00:00,posted
binance:6582462722,binance:BTCUSDT,D,5.49,USD,2026-08-19T20:42:48.560063+00:00,posted
binance:6582462725,binance:BTCUSDT,D,6.18,USD,2026-08-19T23:43:05.354322+00:00,posted
binance:6582462727,binance:BTCUSDT,D,27.47,USD,2026-08-19T18:59:06.521485+00:00,posted
binance:6582462732,binance:BTCUSDT,D,5.49,USD,2026-08-19T19:45:42.002222+00:00,posted
binance:6582462733,binance:BTCUSDT,D,10.99,USD,2026-08-19T19:06:23.606700+00:00,posted
binance:6582462735,binance:BTCUSDT,D,7.55,USD,2026-08-19T20:08:36.319423+00:00,posted
binance:6582462736,binance:BTCUSDT,D,5.49,USD,2026-08-19T19:17:14.706238+00:00,posted
binance:6582462737,binance:BTCUSDT,D,5.49,USD,2026-08-22T13:51:53.183097+00:00,posted
binance:6582462738,binance:BTCUSDT,D,27.47,USD,2026-08-19T23:46:59.495499+00:00,posted
binance:6582462743,binance:BTCUSDT,D,27.47,USD,2026-08-20T00:15:24.783772+00:00,posted
binance:6582462748,binance:BTCUSDT,D,12.36,USD,2026-08-19T19:11:17.867867+00:00,posted
binance:6582462749,binance:BTCUSDT,D,10.99,USD,2026-08-22T13:43:27.582091+00:00,posted
binance:6582462751,binance:BTCUSDT,D,5.49,USD,2026-08-19T22:44:42.257508+00:00,posted
binance:6582462754,binance:BTCUSDT,D,6.18,USD,2026-08-19T21:12:16.199763+00:00,posted
binance:6582462755,binance:BTCUSDT,D,5.49,USD,2026-08-20T00:04:01.982725+00:00,posted
binance:6582462756,binance:BTCUSDT,D,5.49,USD,2026-08-19T22:49:42.881760+00:00,posted
binance:6582462757,binance:BTCUSDT,D,78.98,USD,2026-08-19T20:13:57.995210+00:00,posted
coinbase:1073149816,coinbase:BTC-USD,C,3110.13,USD,2026-08-19T19:03:49.627076+00:00,posted
coinbase:1073149815,coinbase:BTC-USD,C,1.17,USD,2026-08-19T22:24:49.570758+00:00,posted
coinbase:1073149818,coinbase:BTC-USD,C,1990.76,USD,2026-08-20T00:11:32.484589+00:00,posted
coinbase:1073149817,coinbase:BTC-USD,C,1.17,USD,2026-08-19T20:00:50.298218+00:00,posted
coinbase:1073149821,coinbase:BTC-USD,C,2.53,USD,2026-08-19T20:54:58.635304+00:00,posted
coinbase:1073149820,coinbase:BTC-USD,C,1.17,USD,2026-08-19T19:23:58.816474+00:00,posted
coinbase:1073149819,coinbase:BTC-USD,C,1.17,USD,2026-08-21T11:52:35.135537+00:00,posted
binance:6582462771,binance:BTCUSDT,C,1229.33,USD,2026-08-19T23:12:10.108729+00:00,posted
coinbase:1073149822,coinbase:BTC-USD,C,97.19,USD,2026-08-20T00:06:46.854387+00:00,posted
binance:6582462772,binance:BTCUSDT,D,20.60,USD,2026-08-19T23:27:36.716967+00:00,posted
coinbase:1073149823,coinbase:BTC-USD,D,3432.60,USD,2026-08-19T20:44:03.412079+00:00,posted
coinbase:1073149824,coinbase:BTC-USD,C,0.99,USD,2026-08-19T19:16:03.821384+00:00,posted
coinbase:1073149825,coinbase:BTC-USD,D,3.03,USD,2026-08-19T21:45:07.192964+00:00,posted
coinbase:1073149833,coinbase:BTC-USD,D,3216.01,USD,2026-08-19T20:33:32.502507+00:00,posted
coinbase:1073149832,coinbase:BTC-USD,D,524.97,USD,2026-08-22T09:57:40.533528+00:00,posted
coinbase:1073149831,coinbase:BTC-USD,D,419.99,USD,2026-08-19T19:49:07.869177+00:00,posted
coinbase:1073149830,coinbase:BTC-USD,D,99.72,USD,2026-08-19T18:49:54.174461+00:00,posted
coinbase:1073149829,coinbase:BTC-USD,D,819.86,USD,2026-08-19T21:06:41.515945+00:00,posted
coinbase:1073149828,coinbase:BTC-USD,D,75.00,USD,2026-08-19T23:57:11.024774+00:00,posted
coinbase:1073149827,coinbase:BTC-USD,D,3048.15,USD,2026-08-19T23:07:05.865275+00:00,posted
coinbase:1073149826,coinbase:BTC-USD,D,1566.13,USD,2026-08-19T23:31:06.395530+00:00,posted
coinbase:1073149834,coinbase:BTC-USD,C,9.90,USD,2026-08-19T19:13:55.625909+00:00,posted
coinbase:1073149835,coinbase:BTC-USD,C,247.03,USD,2026-08-19T23:38:49.828072+00:00,posted
binance:6582462773,binance:BTCUSDT,C,6.87,USD,2026-08-19T21:03:32.971453+00:00,posted
coinbase:1073149836,coinbase:BTC-USD,D,0.00,USD,2026-08-19T21:37:09.960815+00:00,posted
coinbase:1073149837,coinbase:BTC-USD,C,36.64,USD,2026-08-22T01:41:57.564329+00:00,posted
coinbase:1073149841,coinbase:BTC-USD,D,3048.15,USD,2026-08-19T21:22:47.653539+00:00,posted
coinbase:1073149839,coinbase:BTC-USD,D,420.00,USD,2026-08-19T18:53:37.325116+00:00,posted
coinbase:1073149838,coinbase:BTC-USD,D,74.99,USD,2026-08-19T23:56:25.897001+00:00,posted
binance:6582462774,binance:BTCUSDT,C,936.07,USD,2026-08-19T20:28:44.989707+00:00,posted
coinbase:1073149842,coinbase:BTC-USD,D,418.76,USD,2026-08-20T00:16:29.319257+00:00,posted
coinbase:1073149843,coinbase:BTC-USD,C,0.00,USD,2026-08-19T19:30:05.817941+00:00,posted
kraken:105348712,kraken:XBTUSD,C,0.07,USD,2026-08-19T20:18:23.045640+00:00,posted
kraken:105348713,kraken:XBTUSD,C,50.00,USD,2026-08-19T19:06:22.138003+00:00,posted
kraken:105348714,kraken:XBTUSD,C,133.40,USD,2026-08-19T23:38:38.277729+00:00,posted
coinbase:1073149844,coinbase:BTC-USD,D,0.00,USD,2026-08-19T21:49:24.115561+00:00,posted
binance:6582462775,binance:BTCUSDT,D,37.77,USD,2026-08-22T13:08:05.385726+00:00,posted
binance:6582462776,binance:BTCUSDT,D,29.53,USD,2026-08-19T22:18:56.697617+00:00,posted
coinbase:1073149845,coinbase:BTC-USD,D,0.00,USD,2026-08-19T22:08:11.329560+00:00,posted
binance:6582462777,binance:BTCUSDT,D,561.10,USD,2026-08-19T19:42:40.064594+00:00,posted
coinbase:1073149846,coinbase:BTC-USD,C,971.97,USD,2026-08-19T23:07:56.354227+00:00,posted
coinbase:1073149849,coinbase:BTC-USD,D,16.51,USD,2026-08-19T22:36:41.630657+00:00,posted
coinbase:1073149848,coinbase:BTC-USD,D,2.38,USD,2026-08-19T22:20:48.492583+00:00,posted
coinbase:1073149847,coinbase:BTC-USD,D,1.16,USD,2026-08-22T02:29:57.024794+00:00,posted
binance:6582462779,binance:BTCUSDT,D,69.36,USD,2026-08-19T23:04:08.204294+00:00,posted
coinbase:1073149850,coinbase:BTC-USD,D,0.00,USD,2026-08-19T19:15:11.014721+00:00,posted
coinbase:1073149851,coinbase:BTC-USD,D,2.02,USD,2026-08-19T20:10:52.662253+00:00,posted
coinbase:1073149852,coinbase:BTC-USD,D,0.01,USD,2026-08-19T21:10:15.819208+00:00,posted
coinbase:1073149853,coinbase:BTC-USD,D,0.00,USD,2026-08-19T20:40:00.759006+00:00,posted
binance:6582462780,binance:BTCUSDT,D,4.81,USD,2026-08-19T20:23:33.510234+00:00,posted
binance:6582462781,binance:BTCUSDT,D,8.93,USD,2026-08-19T21:34:34.305148+00:00,posted
coinbase:1073149854,coinbase:BTC-USD,C,0.00,USD,2026-08-19T19:10:03.629624+00:00,posted
coinbase:1073149855,coinbase:BTC-USD,D,1.48,USD,2026-08-19T22:02:17.598400+00:00,posted
coinbase:1073149856,coinbase:BTC-USD,D,0.01,USD,2026-08-19T18:56:20.557895+00:00,posted
coinbase:1073149857,coinbase:BTC-USD,D,98.19,USD,2026-08-19T20:14:22.702674+00:00,posted
coinbase:1073149858,coinbase:BTC-USD,C,0.00,USD,2026-08-19T20:43:18.223306+00:00,posted
coinbase:1073149859,coinbase:BTC-USD,C,0.00,USD,2026-08-20T20:24:40.205900+00:00,posted
coinbase:1073149860,coinbase:BTC-USD,D,0.01,USD,2026-08-21T12:07:22.425135+00:00,posted
coinbase:1073149862,coinbase:BTC-USD,C,0.00,USD,2026-08-21T06:10:26.580655+00:00,posted
coinbase:1073149866,coinbase:BTC-USD,C,4097.50,USD,2026-08-21T08:18:10.734973+00:00,posted
coinbase:1073149865,coinbase:BTC-USD,C,1372.93,USD,2026-08-19T21:42:54.005864+00:00,posted
coinbase:1073149863,coinbase:BTC-USD,C,3000.07,USD,2026-08-19T21:32:35.823633+00:00,posted
binance:6582462782,binance:BTCUSDT,D,616.72,USD,2026-08-22T12:10:54.543604+00:00,posted
coinbase:1073149867,coinbase:BTC-USD,C,0.00,USD,2026-08-20T00:14:33.624776+00:00,posted
coinbase:1073149868,coinbase:BTC-USD,D,0.02,USD,2026-08-19T19:09:19.179641+00:00,posted
coinbase:1073149869,coinbase:BTC-USD,C,0.00,USD,2026-08-19T19:23:21.796651+00:00,posted
coinbase:1073149870,coinbase:BTC-USD,D,0.01,USD,2026-08-19T23:21:57.963947+00:00,posted
binance:6582462783,binance:BTCUSDT,C,24.72,USD,2026-08-19T23:49:48.060825+00:00,posted
binance:6582462788,binance:BTCUSDT,D,5211.94,USD,2026-08-19T18:59:24.356911+00:00,posted
coinbase:1073149872,coinbase:BTC-USD,C,29.16,USD,2026-08-19T23:57:50.663704+00:00,posted
binance:6582462789,binance:BTCUSDT,C,112.63,USD,2026-08-19T20:08:08.195877+00:00,posted
binance:6582462793,binance:BTCUSDT,C,5576.62,USD,2026-08-19T21:32:30.684377+00:00,posted
coinbase:1073149873,coinbase:BTC-USD,C,0.00,USD,2026-08-22T06:53:03.419077+00:00,posted
coinbase:1073149874,coinbase:BTC-USD,D,74.88,USD,2026-08-19T19:03:45.081873+00:00,posted
coinbase:1073149875,coinbase:BTC-USD,C,0.00,USD,2026-08-19T23:40:38.145416+00:00,posted
coinbase:1073149876,coinbase:BTC-USD,D,10.90,USD,2026-08-19T23:40:27.974557+00:00,posted
coinbase:1073149877,coinbase:BTC-USD,C,0.00,USD,2026-08-20T00:14:39.096457+00:00,posted
coinbase:1073149878,coinbase:BTC-USD,C,0.00,USD,2026-08-19T22:44:45.677114+00:00,posted
coinbase:1073149879,coinbase:BTC-USD,C,0.01,USD,2026-08-20T00:15:37.371284+00:00,posted
coinbase:1073149880,coinbase:BTC-USD,D,0.01,USD,2026-08-19T20:13:58.766092+00:00,posted
coinbase:1073149881,coinbase:BTC-USD,D,0.00,USD,2026-08-19T20:22:43.998684+00:00,posted
coinbase:1073149882,coinbase:BTC-USD,C,0.00,USD,2026-08-19T21:22:43.017216+00:00,posted
kraken:105348715,kraken:XBTUSD,D,2727.14,USD,2026-08-19T23:34:56.411068+00:00,posted
kraken:105348716,kraken:XBTUSD,D,274.58,USD,2026-08-19T22:16:11.153245+00:00,posted
kraken:105348717,kraken:XBTUSD,D,50.00,USD,2026-08-19T20:02:27.610329+00:00,posted
kraken:105348718,kraken:XBTUSD,D,6.86,USD,2026-08-19T22:41:45.306433+00:00,posted
kraken:105348719,kraken:XBTUSD,D,68.65,USD,2026-08-19T21:41:10.371705+00:00,posted
kraken:105348721,kraken:XBTUSD,D,5354.37,USD,2026-08-19T21:23:09.207884+00:00,posted
kraken:105348722,kraken:XBTUSD,D,784.87,USD,2026-08-19T22:44:41.329836+00:00,posted
kraken:105348723,kraken:XBTUSD,D,7551.04,USD,2026-08-20T00:00:43.933695+00:00,posted
kraken:105348724,kraken:XBTUSD,D,68.65,USD,2026-08-22T03:26:39.991205+00:00,posted
kraken:105348725,kraken:XBTUSD,D,20.00,USD,2026-08-19T22:11:51.439490+00:00,posted
kraken:105348726,kraken:XBTUSD,D,50000.03,USD,2026-08-19T19:39:44.812916+00:00,posted
kraken:105348727,kraken:XBTUSD,D,29690.68,USD,2026-08-19T22:32:04.717069+00:00,posted
coinbase:1073149883,coinbase:BTC-USD,D,0.00,USD,2026-08-19T22:02:47.122244+00:00,posted
coinbase:1073149884,coinbase:BTC-USD,D,7.07,USD,2026-08-19T20:11:39.198378+00:00,posted
binance:6582462794,binance:BTCUSDT,C,75.55,USD,2026-08-19T19:28:31.494419+00:00,posted
coinbase:1073149885,coinbase:BTC-USD,C,0.00,USD,2026-08-19T20:40:32.575328+00:00,posted
binance:6582462795,binance:BTCUSDT,C,868.77,USD,2026-08-19T21:16:22.093212+00:00,posted
coinbase:1073149886,coinbase:BTC-USD,D,28.49,USD,2026-08-19T23:33:36.607844+00:00,posted
coinbase:1073149887,coinbase:BTC-USD,C,0.00,USD,2026-08-19T18:51:01.636757+00:00,posted
coinbase:1073149888,coinbase:BTC-USD,D,1.69,USD,2026-08-19T21:49:14.785746+00:00,posted
binance:6582462796,binance:BTCUSDT,C,17916.60,USD,2026-08-19T22:45:06.720999+00:00,posted
binance:6582462805,binance:BTCUSDT,D,499.29,USD,2026-08-19T20:44:51.230167+00:00,posted
coinbase:1073149889,coinbase:BTC-USD,C,0.00,USD,2026-08-19T21:33:53.681013+00:00,posted
coinbase:1073149891,coinbase:BTC-USD,C,0.00,USD,2026-08-19T22:29:32.718560+00:00,posted
coinbase:1073149892,coinbase:BTC-USD,D,0.00,USD,2026-08-19T23:12:12.427015+00:00,posted
coinbase:1073149893,coinbase:BTC-USD,D,0.01,USD,2026-08-19T23:37:55.678189+00:00,posted
binance:6582462806,binance:BTCUSDT,C,101.64,USD,2026-08-19T19:42:17.190432+00:00,posted
coinbase:1073149894,coinbase:BTC-USD,C,529.59,USD,2026-08-19T20:57:40.310438+00:00,posted
coinbase:1073149897,coinbase:BTC-USD,D,420.00,USD,2026-08-19T21:50:44.087611+00:00,posted
coinbase:1073149896,coinbase:BTC-USD,D,75.00,USD,2026-08-19T20:14:24.379814+00:00,posted
coinbase:1073149895,coinbase:BTC-USD,D,3047.90,USD,2026-08-19T18:55:19.141566+00:00,posted
coinbase:1073149898,coinbase:BTC-USD,D,0.00,USD,2026-08-19T21:12:56.470670+00:00,posted
binance:6582462810,binance:BTCUSDT,C,1438.11,USD,2026-08-19T20:09:54.288789+00:00,posted
binance:6582462814,binance:BTCUSDT,D,40.52,USD,2026-08-19T23:50:30.345517+00:00,posted
coinbase:1073149899,coinbase:BTC-USD,C,0.00,USD,2026-08-19T22:55:47.229515+00:00,posted
coinbase:1073149900,coinbase:BTC-USD,C,0.00,USD,2026-08-19T19:35:38.173185+00:00,posted
coinbase:1073149901,coinbase:BTC-USD,D,0.01,USD,2026-08-19T22:51:34.788300+00:00,posted
coinbase:1073149902,coinbase:BTC-USD,C,0.00,USD,2026-08-19T23:44:00.020709+00:00,posted
coinbase:1073149903,coinbase:BTC-USD,C,0.00,USD,2026-08-19T20:56:56.430877+00:00,posted
binance:6582462815,binance:BTCUSDT,D,343.39,USD,2026-08-19T20:00:34.559222+00:00,posted
binance:6582462816,binance:BTCUSDT,C,61.12,USD,2026-08-20T00:11:55.118543+00:00,posted
binance:6582462826,binance:BTCUSDT,D,6.87,USD,2026-08-19T22:22:52.332146+00:00,posted
binance:6582462828,binance:BTCUSDT,D,274.71,USD,2026-08-19T23:43:23.737113+00:00,posted
coinbase:1073149905,coinbase:BTC-USD,C,0.00,USD,2026-08-19T23:28:47.555882+00:00,posted
binance:6582462833,binance:BTCUSDT,D,686.78,USD,2026-08-19T22:38:04.413266+00:00,posted
binance:6582462834,binance:BTCUSDT,D,2747.10,USD,2026-08-19T23:34:27.528171+00:00,posted
binance:6582462835,binance:BTCUSDT,D,1098.84,USD,2026-08-19T20:24:00.074276+00:00,posted
coinbase:1073149906,coinbase:BTC-USD,D,15.87,USD,2026-08-19T21:34:53.727588+00:00,posted
binance:6582462836,binance:BTCUSDT,D,686.78,USD,2026-08-19T18:52:08.965185+00:00,posted
binance:6582462837,binance:BTCUSDT,C,17357.56,USD,2026-08-19T22:52:30.725087+00:00,posted
coinbase:1073149908,coinbase:BTC-USD,C,2998.89,USD,2026-08-19T23:15:54.583084+00:00,posted
coinbase:1073149907,coinbase:BTC-USD,C,7.95,USD,2026-08-19T20:33:11.267618+00:00,posted
coinbase:1073149910,coinbase:BTC-USD,C,369.28,USD,2026-08-19T19:37:24.423473+00:00,posted
coinbase:1073149909,coinbase:BTC-USD,C,26823.51,USD,2026-08-19T19:12:17.804918+00:00,posted
coinbase:1073149911,coinbase:BTC-USD,C,7092.11,USD,2026-08-19T20:49:08.320502+00:00,posted
coinbase:1073149912,coinbase:BTC-USD,C,3226.60,USD,2026-08-19T21:50:17.678747+00:00,posted
binance:6582462839,binance:BTCUSDT,D,270.59,USD,2026-08-19T20:24:44.637617+00:00,posted
binance:6582462869,binance:BTCUSDT,D,43.95,USD,2026-08-19T20:09:39.112000+00:00,posted
binance:6582462877,binance:BTCUSDT,D,5.49,USD,2026-08-19T23:57:33.983997+00:00,posted
binance:6582462878,binance:BTCUSDT,D,10.99,USD,2026-08-19T20:05:33.681384+00:00,posted
binance:6582462880,binance:BTCUSDT,D,153.16,USD,2026-08-19T19:19:37.524497+00:00,posted
coinbase:1073149913,coinbase:BTC-USD,C,0.00,USD,2026-08-19T23:19:26.442817+00:00,posted
coinbase:1073149914,coinbase:BTC-USD,C,0.00,USD,2026-08-19T20:19:54.469746+00:00,posted
coinbase:1073149915,coinbase:BTC-USD,D,0.00,USD,2026-08-19T20:14:26.599601+00:00,posted
binance:6582462881,binance:BTCUSDT,D,1991.71,USD,2026-08-19T21:30:40.566703+00:00,posted
binance:6582462882,binance:BTCUSDT,D,139.42,USD,2026-08-19T22:01:54.184508+00:00,posted
binance:6582462907,binance:BTCUSDT,D,21.98,USD,2026-08-20T00:05:18.362931+00:00,posted
binance:6582462911,binance:BTCUSDT,D,10.99,USD,2026-08-19T20:10:13.351712+00:00,posted
binance:6582462914,binance:BTCUSDT,D,5.49,USD,2026-08-19T19:25:28.178366+00:00,posted
binance:6582462915,binance:BTCUSDT,D,16.48,USD,2026-08-19T19:13:58.998471+00:00,posted
binance:6582462918,binance:BTCUSDT,C,104.40,USD,2026-08-19T21:31:22.138000+00:00,posted
coinbase:1073149916,coinbase:BTC-USD,C,0.00,USD,2026-08-19T19:33:00.083802+00:00,posted
binance:6582462919,binance:BTCUSDT,D,755.50,USD,2026-08-19T23:01:15.691779+00:00,posted
binance:6582462921,binance:BTCUSDT,D,206.05,USD,2026-08-19T19:21:16.750036+00:00,posted
binance:6582462922,binance:BTCUSDT,D,2747.28,USD,2026-08-19T19:39:51.553630+00:00,posted
binance:6582462923,binance:BTCUSDT,D,1373.64,USD,2026-08-19T22:19:49.154872+00:00,posted
binance:6582462924,binance:BTCUSDT,D,686.82,USD,2026-08-19T23:16:46.760959+00:00,posted
binance:6582462925,binance:BTCUSDT,D,6.87,USD,2026-08-19T20:03:43.457444+00:00,posted
binance:6582462927,binance:BTCUSDT,D,1236.28,USD,2026-08-19T19:39:26.684051+00:00,posted
binance:6582462935,binance:BTCUSDT,D,618.14,USD,2026-08-19T21:12:22.828306+00:00,posted
coinbase:1073149918,coinbase:BTC-USD,C,3000.52,USD,2026-08-20T00:15:44.628902+00:00,posted
coinbase:1073149917,coinbase:BTC-USD,C,1.17,USD,2026-08-19T21:08:19.738476+00:00,posted
coinbase:1073149919,coinbase:BTC-USD,C,3000.52,USD,2026-08-19T19:35:25.944759+00:00,posted
coinbase:1073149920,coinbase:BTC-USD,C,1.94,USD,2026-08-19T21:14:29.878030+00:00,posted
coinbase:1073149921,coinbase:BTC-USD,C,0.00,USD,2026-08-19T19:29:12.942575+00:00,posted
binance:6582462936,binance:BTCUSDT,D,48.76,USD,2026-08-19T20:15:46.183950+00:00,posted
coinbase:1073149922,coinbase:BTC-USD,D,0.00,USD,2026-08-19T21:44:12.362054+00:00,posted
binance:6582462937,binance:BTCUSDT,C,116.07,USD,2026-08-19T20:04:39.136828+00:00,posted
binance:6582462938,binance:BTCUSDT,C,221504.35,USD,2026-08-19T19:08:59.328363+00:00,posted
coinbase:1073149923,coinbase:BTC-USD,C,0.00,USD,2026-08-22T17:17:26.994573+00:00,posted
binance:6582462957,binance:BTCUSDT,D,1236.28,USD,2026-08-19T23:04:58.733439+00:00,posted
binance:6582462958,binance:BTCUSDT,D,755.50,USD,2026-08-19T20:26:38.499641+00:00,posted
binance:6582462959,binance:BTCUSDT,D,206.05,USD,2026-08-19T22:41:40.100948+00:00,posted
binance:6582462960,binance:BTCUSDT,D,618.14,USD,2026-08-19T20:55:17.502304+00:00,posted
coinbase:1073149924,coinbase:BTC-USD,C,0.00,USD,2026-08-19T19:45:48.360053+00:00,posted
coinbase:1073149925,coinbase:BTC-USD,D,0.01,USD,2026-08-19T22:56:52.270710+00:00,posted
binance:6582462961,binance:BTCUSDT,C,425.14,USD,2026-08-19T21:01:43.858558+00:00,posted
coinbase:1073149926,coinbase:BTC-USD,D,0.00,USD,2026-08-19T21:17:35.102888+00:00,posted
coinbase:1073149927,coinbase:BTC-USD,C,0.00,USD,2026-08-19T23:23:59.294188+00:00,posted
coinbase:1073149928,coinbase:BTC-USD,D,0.02,USD,2026-08-19T21:16:52.173699+00:00,posted
binance:6582462962,binance:BTCUSDT,C,1068.69,USD,2026-08-19T19:33:43.028541+00:00,posted
coinbase:1073149935,coinbase:BTC-USD,D,1367.51,USD,2026-08-19T23:43:17.001841+00:00,posted
coinbase:1073149934,coinbase:BTC-USD,D,5001.88,USD,2026-08-19T19:36:15.689034+00:00,posted
coinbase:1073149933,coinbase:BTC-USD,D,419.99,USD,2026-08-19T23:32:29.518114+00:00,posted
coinbase:1073149932,coinbase:BTC-USD,D,200.42,USD,2026-08-20T00:00:01.082408+00:00,posted
coinbase:1073149931,coinbase:BTC-USD,D,420.00,USD,2026-08-19T21:49:48.214706+00:00,posted
coinbase:1073149930,coinbase:BTC-USD,D,2615.77,USD,2026-08-19T21:25:50.697900+00:00,posted
coinbase:1073149929,coinbase:BTC-USD,D,74.96,USD,2026-08-19T20:46:59.179400+00:00,posted
coinbase:1073149936,coinbase:BTC-USD,C,0.00,USD,2026-08-19T23:43:31.891530+00:00,posted
coinbase:1073149937,coinbase:BTC-USD,C,54.46,USD,2026-08-19T21:35:06.484979+00:00,posted
coinbase:1073149938,coinbase:BTC-USD,C,6.68,USD,2026-08-19T19:06:00.222035+00:00,posted
coinbase:1073149939,coinbase:BTC-USD,C,0.00,USD,2026-08-19T22:37:51.199922+00:00,posted
coinbase:1073149942,coinbase:BTC-USD,C,18.93,USD,2026-08-19T21:39:25.225059+00:00,posted
coinbase:1073149941,coinbase:BTC-USD,C,1.17,USD,2026-08-20T00:16:42.611438+00:00,posted
coinbase:1073149940,coinbase:BTC-USD,C,7.95,USD,2026-08-19T20:05:56.745788+00:00,posted
binance:6582462963,binance:BTCUSDT,C,89.29,USD,2026-08-19T23:05:21.387362+00:00,posted
coinbase:1073149943,coinbase:BTC-USD,C,15.77,USD,2026-08-19T20:43:16.499783+00:00,posted
binance:6582462964,binance:BTCUSDT,D,299.45,USD,2026-08-19T21:25:19.267292+00:00,posted
binance:6582462965,binance:BTCUSDT,C,100.28,USD,2026-08-19T22:53:44.524372+00:00,posted
binance:6582462966,binance:BTCUSDT,C,123.63,USD,2026-08-19T20:36:50.878320+00:00,posted
coinbase:1073149944,coinbase:BTC-USD,D,0.00,USD,2026-08-19T21:10:24.405818+00:00,posted
coinbase:1073149945,coinbase:BTC-USD,C,189.72,USD,2026-08-19T18:51:43.949376+00:00,posted
coinbase:1073149946,coinbase:BTC-USD,D,9.17,USD,2026-08-19T22:25:22.634757+00:00,posted
binance:6582462967,binance:BTCUSDT,C,98.90,USD,2026-08-19T21:17:23.738494+00:00,posted
binance:6582462968,binance:BTCUSDT,C,10000.10,USD,2026-08-19T21:33:53.071193+00:00,posted
binance:6582462974,binance:BTCUSDT,C,6.87,USD,2026-08-22T13:35:50.550146+00:00,posted
coinbase:1073149954,coinbase:BTC-USD,D,418.49,USD,2026-08-19T20:12:52.219665+00:00,posted
coinbase:1073149953,coinbase:BTC-USD,D,2.66,USD,2026-08-19T19:14:13.430794+00:00,posted
coinbase:1073149952,coinbase:BTC-USD,D,1000.00,USD,2026-08-19T18:57:56.237586+00:00,posted
coinbase:1073149951,coinbase:BTC-USD,D,1000.00,USD,2026-08-19T21:42:43.317951+00:00,posted
coinbase:1073149950,coinbase:BTC-USD,D,420.00,USD,2026-08-19T19:48:31.704828+00:00,posted
coinbase:1073149949,coinbase:BTC-USD,D,75.00,USD,2026-08-19T21:01:37.672656+00:00,posted
coinbase:1073149948,coinbase:BTC-USD,D,2905.24,USD,2026-08-19T21:19:07.081861+00:00,posted
coinbase:1073149947,coinbase:BTC-USD,D,2176.18,USD,2026-08-19T19:08:30.135604+00:00,posted
binance:6582462975,binance:BTCUSDT,C,388.74,USD,2026-08-20T00:00:14.457257+00:00,posted
coinbase:1073149960,coinbase:BTC-USD,D,663.19,USD,2026-08-19T19:22:54.428516+00:00,posted
coinbase:1073149959,coinbase:BTC-USD,D,4078.21,USD,2026-08-19T23:24:40.486037+00:00,posted
coinbase:1073149958,coinbase:BTC-USD,D,686.45,USD,2026-08-19T22:23:44.063888+00:00,posted
coinbase:1073149957,coinbase:BTC-USD,D,524.97,USD,2026-08-19T22:09:02.933371+00:00,posted
coinbase:1073149956,coinbase:BTC-USD,D,1.17,USD,2026-08-19T19:24:00.174616+00:00,posted
coinbase:1073149955,coinbase:BTC-USD,D,1.50,USD,2026-08-19T23:06:02.205804+00:00,posted
coinbase:1073149961,coinbase:BTC-USD,D,3020.46,USD,2026-08-19T23:40:13.550964+00:00,posted
coinbase:1073149962,coinbase:BTC-USD,D,1980.92,USD,2026-08-19T20:24:10.553914+00:00,posted
coinbase:1073149964,coinbase:BTC-USD,D,401.85,USD,2026-08-19T21:02:11.478493+00:00,posted
coinbase:1073149963,coinbase:BTC-USD,D,3.15,USD,2026-08-19T18:59:30.504267+00:00,posted
binance:6582462976,binance:BTCUSDT,C,401.10,USD,2026-08-19T19:22:59.942057+00:00,posted
coinbase:1073149965,coinbase:BTC-USD,C,94.85,USD,2026-08-19T21:59:45.340121+00:00,posted
binance:6582462977,binance:BTCUSDT,C,590.67,USD,2026-08-19T23:31:27.638270+00:00,posted
binance:6582462978,binance:BTCUSDT,C,254.12,USD,2026-08-19T18:58:35.218922+00:00,posted
binance:6582462979,binance:BTCUSDT,C,2650.44,USD,2026-08-19T21:05:10.908683+00:00,posted
binance:6582462980,binance:BTCUSDT,C,1153.86,USD,2026-08-19T21:56:28.427159+00:00,posted
binance:6582462981,binance:BTCUSDT,C,3626.41,USD,2026-08-19T19:20:23.355114+00:00,posted
binance:6582462982,binance:BTCUSDT,C,2346.86,USD,2026-08-19T20:16:38.972251+00:00,posted
binance:6582463009,binance:BTCUSDT,C,21.98,USD,2026-08-19T20:17:28.403947+00:00,posted
binance:6582463013,binance:BTCUSDT,C,9.62,USD,2026-08-19T19:08:48.269441+00:00,posted
coinbase:1073149966,coinbase:BTC-USD,D,0.02,USD,2026-08-19T23:35:22.742310+00:00,posted
binance:6582463014,binance:BTCUSDT,C,65.25,USD,2026-08-19T23:40:23.435864+00:00,posted
binance:6582463025,binance:BTCUSDT,C,16.48,USD,2026-08-19T23:52:56.886758+00:00,posted
binance:6582463028,binance:BTCUSDT,C,17.17,USD,2026-08-19T19:15:21.008377+00:00,posted
binance:6582463031,binance:BTCUSDT,C,83.79,USD,2026-08-19T21:15:53.220802+00:00,posted
binance:6582463046,binance:BTCUSDT,C,16.48,USD,2026-08-19T23:41:55.196679+00:00,posted
binance:6582463049,binance:BTCUSDT,C,39.83,USD,2026-08-19T23:59:28.359526+00:00,posted
binance:6582463056,binance:BTCUSDT,C,2242.32,USD,2026-08-19T19:54:15.425265+00:00,posted
binance:6582463077,binance:BTCUSDT,C,38.46,USD,2026-08-19T23:24:24.980498+00:00,posted
binance:6582463084,binance:BTCUSDT,C,16.48,USD,2026-08-21T07:05:55.749082+00:00,posted
binance:6582463087,binance:BTCUSDT,C,10.99,USD,2026-08-19T20:02:42.151815+00:00,posted
binance:6582463089,binance:BTCUSDT,C,5.49,USD,2026-08-19T23:15:34.522258+00:00,posted
binance:6582463090,binance:BTCUSDT,C,5.49,USD,2026-08-19T20:20:46.405737+00:00,posted
binance:6582463091,binance:BTCUSDT,C,16.48,USD,2026-08-20T00:11:51.372765+00:00,posted
coinbase:1073149968,coinbase:BTC-USD,D,1.17,USD,2026-08-19T18:50:34.968356+00:00,posted
coinbase:1073149967,coinbase:BTC-USD,D,1.42,USD,2026-08-19T21:54:33.315248+00:00,posted
coinbase:1073149969,coinbase:BTC-USD,C,589.59,USD,2026-08-19T22:58:22.903258+00:00,posted
coinbase:1073149972,coinbase:BTC-USD,D,25.56,USD,2026-08-19T19:08:54.678533+00:00,posted
coinbase:1073149971,coinbase:BTC-USD,D,1.17,USD,2026-08-19T22:12:02.028289+00:00,posted
coinbase:1073149970,coinbase:BTC-USD,D,1.17,USD,2026-08-20T00:14:25.025636+00:00,posted
coinbase:1073149973,coinbase:BTC-USD,D,0.00,USD,2026-08-19T22:39:27.395030+00:00,posted
binance:6582463094,binance:BTCUSDT,C,4227.58,USD,2026-08-22T07:48:07.374196+00:00,posted
binance:6582463111,binance:BTCUSDT,C,27.47,USD,2026-08-19T22:40:03.718853+00:00,posted
binance:6582463116,binance:BTCUSDT,C,11.67,USD,2026-08-19T21:31:36.049485+00:00,posted
binance:6582463118,binance:BTCUSDT,C,10.99,USD,2026-08-19T19:17:32.306416+00:00,posted
binance:6582463120,binance:BTCUSDT,C,16.48,USD,2026-08-19T19:27:43.459304+00:00,posted
binance:6582463123,binance:BTCUSDT,C,2999.62,USD,2026-08-19T20:43:41.196228+00:00,posted
binance:6582463124,binance:BTCUSDT,C,27.47,USD,2026-08-19T19:08:27.668702+00:00,posted
binance:6582463129,binance:BTCUSDT,C,16.48,USD,2026-08-19T22:45:56.395729+00:00,posted
binance:6582463133,binance:BTCUSDT,D,48.07,USD,2026-08-19T21:18:31.360168+00:00,posted
coinbase:1073149974,coinbase:BTC-USD,C,0.00,USD,2026-08-19T22:21:31.324076+00:00,posted
kraken:105348728,kraken:XBTUSD,C,50.00,USD,2026-08-19T19:56:36.995823+00:00,posted
kraken:105348729,kraken:XBTUSD,C,123.56,USD,2026-08-19T22:14:33.785849+00:00,posted
kraken:105348730,kraken:XBTUSD,C,68.65,USD,2026-08-19T20:52:07.865891+00:00,posted
kraken:105348731,kraken:XBTUSD,C,3.50,USD,2026-08-19T18:49:01.194555+00:00,posted
kraken:105348733,kraken:XBTUSD,C,250.00,USD,2026-08-19T21:07:00.075710+00:00,posted
kraken:105348734,kraken:XBTUSD,C,3.50,USD,2026-08-19T20:48:44.978948+00:00,posted
kraken:105348735,kraken:XBTUSD,C,3.50,USD,2026-08-21T10:49:38.731587+00:00,posted
coinbase:1073149975,coinbase:BTC-USD,C,0.00,USD,2026-08-19T21:48:53.680906+00:00,posted
coinbase:1073149977,coinbase:BTC-USD,D,1008.69,USD,2026-08-19T23:53:12.859162+00:00,posted
coinbase:1073149976,coinbase:BTC-USD,D,1.16,USD,2026-08-19T23:26:49.623616+00:00,posted
coinbase:1073149978,coinbase:BTC-USD,D,0.00,USD,2026-08-19T19:04:09.875737+00:00,posted
coinbase:1073149979,coinbase:BTC-USD,C,0.00,USD,2026-08-19T19:14:29.702613+00:00,posted
coinbase:1073149980,coinbase:BTC-USD,D,2.02,USD,2026-08-19T23:21:10.743126+00:00,posted
coinbase:1073149981,coinbase:BTC-USD,D,0.01,USD,2026-08-19T23:17:24.410215+00:00,posted
coinbase:1073149982,coinbase:BTC-USD,D,0.00,USD,2026-08-19T20:21:04.279935+00:00,posted
coinbase:1073149983,coinbase:BTC-USD,C,0.00,USD,2026-08-19T23:50:24.992210+00:00,posted
coinbase:1073149984,coinbase:BTC-USD,C,9882.59,USD,2026-08-19T19:46:02.841414+00:00,posted
binance:6582463134,binance:BTCUSDT,C,11.67,USD,2026-08-20T00:04:41.477632+00:00,posted
coinbase:1073149985,coinbase:BTC-USD,C,0.00,USD,2026-08-19T19:46:02.188670+00:00,posted
coinbase:1073149986,coinbase:BTC-USD,D,0.01,USD,2026-08-19T20:09:35.263506+00:00,posted
coinbase:1073149987,coinbase:BTC-USD,D,51.31,USD,2026-08-19T23:47:46.827979+00:00,posted
binance:6582463135,binance:BTCUSDT,C,226.62,USD,2026-08-19T20:42:23.002761+00:00,posted
coinbase:1073149988,coinbase:BTC-USD,C,0.00,USD,2026-08-19T19:26:18.517586+00:00,posted
coinbase:1073149989,coinbase:BTC-USD,C,59.43,USD,2026-08-19T20:03:30.418848+00:00,posted
coinbase:1073149991,coinbase:BTC-USD,C,997.30,USD,2026-08-22T09:52:29.810161+00:00,posted
coinbase:1073149990,coinbase:BTC-USD,C,1000.00,USD,2026-08-19T23:45:00.575487+00:00,posted
coinbase:1073149992,coinbase:BTC-USD,C,2.70,USD,2026-08-19T21:51:47.629781+00:00,posted
coinbase:1073149994,coinbase:BTC-USD,C,4.03,USD,2026-08-19T22:38:14.652652+00:00,posted
binance:6582463136,binance:BTCUSDT,C,556.92,USD,2026-08-19T19:52:44.956639+00:00,posted
coinbase:1073149995,coinbase:BTC-USD,C,0.00,USD,2026-08-19T19:52:27.386340+00:00,posted
coinbase:1073149996,coinbase:BTC-USD,D,0.00,USD,2026-08-19T23:29:17.109713+00:00,posted
binance:6582463137,binance:BTCUSDT,D,5.49,USD,2026-08-19T19:42:42.671322+00:00,posted
coinbase:1073149997,coinbase:BTC-USD,D,0.00,USD,2026-08-19T18:51:14.512784+00:00,posted
coinbase:1073149998,coinbase:BTC-USD,C,0.00,USD,2026-08-19T20:43:18.274352+00:00,posted
coinbase:1073149999,coinbase:BTC-USD,C,0.00,USD,2026-08-19T21:46:31.014780+00:00,posted
coinbase:1073150000,coinbase:BTC-USD,D,50.23,USD,2026-08-19T19:29:16.028662+00:00,posted
binance:6582463138,binance:BTCUSDT,C,3974.69,USD,2026-08-19T23:09:07.035789+00:00,posted
binance:6582463139,binance:BTCUSDT,D,1999.02,USD,2026-08-19T19:18:42.808171+00:00,posted
coinbase:1073150001,coinbase:BTC-USD,C,0.00,USD,2026-08-19T19:07:50.742463+00:00,posted
binance:6582463140,binance:BTCUSDT,C,99.57,USD,2026-08-19T22:56:48.627523+00:00,posted
binance:6582463141,binance:BTCUSDT,C,210.13,USD,2026-08-19T23:48:23.730734+00:00,posted
coinbase:1073150002,coinbase:BTC-USD,C,0.00,USD,2026-08-19T22:11:44.638051+00:00,posted
coinbase:1073150003,coinbase:BTC-USD,D,50.49,USD,2026-08-19T19:27:46.383096+00:00,posted
coinbase:1073150004,coinbase:BTC-USD,D,50.91,USD,2026-08-19T21:32:40.922889+00:00,posted
coinbase:1073150005,coinbase:BTC-USD,C,0.00,USD,2026-08-19T21:27:38.225110+00:00,posted
coinbase:1073150006,coinbase:BTC-USD,C,0.00,USD,2026-08-19T20:51:31.754964+00:00,posted
coinbase:1073150007,coinbase:BTC-USD,C,0.99,USD,2026-08-19T23:47:59.248353+00:00,posted
kraken:105348736,kraken:XBTUSD,D,48.89,USD,2026-08-19T22:05:19.173679+00:00,posted
coinbase:1073150008,coinbase:BTC-USD,C,0.00,USD,2026-08-19T22:20:22.529187+00:00,posted
coinbase:1073150009,coinbase:BTC-USD,D,0.01,USD,2026-08-19T23:46:25.803910+00:00,posted
binance:6582463142,binance:BTCUSDT,C,119278.61,USD,2026-08-20T00:14:14.979779+00:00,posted
binance:6582463196,binance:BTCUSDT,D,59.74,USD,2026-08-21T13:17:58.915755+00:00,posted
coinbase:1073150010,coinbase:BTC-USD,D,1009.91,USD,2026-08-19T20:51:45.601463+00:00,posted
coinbase:1073150011,coinbase:BTC-USD,C,0.00,USD,2026-08-20T00:02:38.244005+00:00,posted
coinbase:1073150012,coinbase:BTC-USD,D,0.00,USD,2026-08-19T19:38:45.302973+00:00,posted
binance:6582463198,binance:BTCUSDT,C,70.73,USD,2026-08-19T22:16:38.110221+00:00,posted
coinbase:1073150013,coinbase:BTC-USD,D,0.01,USD,2026-08-19T20:55:18.227744+00:00,posted
coinbase:1073150014,coinbase:BTC-USD,D,0.02,USD,2026-08-19T19:35:42.246739+00:00,posted
binance:6582463202,binance:BTCUSDT,D,183.35,USD,2026-08-19T21:16:55.077659+00:00,posted
coinbase:1073150015,coinbase:BTC-USD,D,0.02,USD,2026-08-19T18:57:37.220951+00:00,posted
coinbase:1073150016,coinbase:BTC-USD,D,148.61,USD,2026-08-19T19:41:08.739733+00:00,posted
binance:6582463203,binance:BTCUSDT,C,894.79,USD,2026-08-19T21:44:48.161845+00:00,posted
coinbase:1073150017,coinbase:BTC-USD,C,4.95,USD,2026-08-19T23:37:30.201920+00:00,posted
coinbase:1073150018,coinbase:BTC-USD,C,97.16,USD,2026-08-19T19:51:56.825862+00:00,posted
binance:6582463204,binance:BTCUSDT,C,39.83,USD,2026-08-19T19:09:37.332052+00:00,posted
coinbase:1073150019,coinbase:BTC-USD,D,0.01,USD,2026-08-19T23:32:43.184127+00:00,posted
coinbase:1073150020,coinbase:BTC-USD,D,202.01,USD,2026-08-19T20:33:46.446718+00:00,posted
coinbase:1073150021,coinbase:BTC-USD,C,0.00,USD,2026-08-19T22:46:26.056837+00:00,posted
coinbase:1073150022,coinbase:BTC-USD,D,128.06,USD,2026-08-19T22:00:55.487083+00:00,posted
coinbase:1073150023,coinbase:BTC-USD,C,0.00,USD,2026-08-22T16:44:19.977314+00:00,posted
coinbase:1073150024,coinbase:BTC-USD,C,0.00,USD,2026-08-19T21:14:38.522140+00:00,posted
coinbase:1073150025,coinbase:BTC-USD,D,0.01,USD,2026-08-19T21:21:02.278473+00:00,posted
binance:6582463205,binance:BTCUSDT,C,305.59,USD,2026-08-19T21:22:44.161725+00:00,posted
coinbase:1073150026,coinbase:BTC-USD,C,0.00,USD,2026-08-19T20:52:27.049665+00:00,posted
coinbase:1073150027,coinbase:BTC-USD,D,0.00,USD,2026-08-19T23:32:42.097332+00:00,posted
binance:6582463206,binance:BTCUSDT,C,1784.08,USD,2026-08-19T19:19:44.584467+00:00,posted
binance:6582463207,binance:BTCUSDT,C,306.27,USD,2026-08-19T22:42:37.130464+00:00,posted
coinbase:1073150028,coinbase:BTC-USD,C,0.00,USD,2026-08-19T23:12:13.234549+00:00,posted
binance:6582463209,binance:BTCUSDT,D,24.03,USD,2026-08-19T22:03:50.840084+00:00,posted
coinbase:1073150030,coinbase:BTC-USD,C,0.00,USD,2026-08-20T00:08:43.801507+00:00,posted
binance:6582463210,binance:BTCUSDT,C,54.25,USD,2026-08-19T21:48:01.315532+00:00,posted
binance:6582463211,binance:BTCUSDT,D,184.73,USD,2026-08-19T21:11:17.406757+00:00,posted
binance:6582463212,binance:BTCUSDT,D,132.54,USD,2026-08-19T23:22:39.646302+00:00,posted
coinbase:1073150031,coinbase:BTC-USD,C,0.00,USD,2026-08-19T19:57:52.862780+00:00,posted
binance:6582463213,binance:BTCUSDT,D,192.28,USD,2026-08-19T19:45:04.474486+00:00,posted
binance:6582463214,binance:BTCUSDT,D,68.67,USD,2026-08-19T21:53:07.572419+00:00,posted
coinbase:1073150032,coinbase:BTC-USD,C,0.00,USD,2026-08-19T20:47:03.232699+00:00,posted
coinbase:1073150033,coinbase:BTC-USD,D,10.10,USD,2026-08-19T19:07:47.262533+00:00,posted
binance:6582463215,binance:BTCUSDT,C,2613.63,USD,2026-08-19T22:45:20.477606+00:00,posted
binance:6582463216,binance:BTCUSDT,C,65.92,USD,2026-08-20T00:05:44.248138+00:00,posted
coinbase:1073150034,coinbase:BTC-USD,D,0.01,USD,2026-08-19T23:40:27.359933+00:00,posted
coinbase:1073150035,coinbase:BTC-USD,C,0.00,USD,2026-08-19T21:35:04.094824+00:00,posted
binance:6582463217,binance:BTCUSDT,D,68.67,USD,2026-08-19T22:51:33.449583+00:00,posted
binance:6582463218,binance:BTCUSDT,D,892.73,USD,2026-08-19T23:22:40.628123+00:00,posted
coinbase:1073150036,coinbase:BTC-USD,D,0.00,USD,2026-08-20T00:09:54.442835+00:00,posted
coinbase:1073150037,coinbase:BTC-USD,C,0.00,USD,2026-08-19T21:13:13.298179+00:00,posted
binance:6582463219,binance:BTCUSDT,D,686.71,USD,2026-08-19T19:33:28.407508+00:00,posted
binance:6582463220,binance:BTCUSDT,D,137.34,USD,2026-08-19T18:54:52.080351+00:00,posted
binance:6582463221,binance:BTCUSDT,D,1785.45,USD,2026-08-19T21:00:14.280899+00:00,posted
binance:6582463222,binance:BTCUSDT,D,1236.08,USD,2026-08-19T22:01:49.022061+00:00,posted
binance:6582463223,binance:BTCUSDT,D,3364.89,USD,2026-08-19T20:29:37.743575+00:00,posted
binance:6582463224,binance:BTCUSDT,D,137.34,USD,2026-08-19T23:06:22.702278+00:00,posted
binance:6582463225,binance:BTCUSDT,C,2056.02,USD,2026-08-19T22:52:10.802662+00:00,posted
binance:6582463226,binance:BTCUSDT,D,1991.47,USD,2026-08-21T02:24:59.932620+00:00,posted
binance:6582463227,binance:BTCUSDT,D,102.32,USD,2026-08-19T19:49:30.587711+00:00,posted
coinbase:1073150038,coinbase:BTC-USD,C,1052.42,USD,2026-08-19T22:58:04.676734+00:00,posted
coinbase:1073150039,coinbase:BTC-USD,C,0.00,USD,2026-08-19T20:45:18.926853+00:00,posted
coinbase:1073150040,coinbase:BTC-USD,D,0.01,USD,2026-08-19T23:57:05.949249+00:00,posted
coinbase:1073150041,coinbase:BTC-USD,C,56.91,USD,2026-08-19T22:58:43.523758+00:00,posted
coinbase:1073150042,coinbase:BTC-USD,C,0.00,USD,2026-08-19T21:16:31.289087+00:00,posted
binance:6582463228,binance:BTCUSDT,D,137.34,USD,2026-08-19T19:51:12.695318+00:00,posted
coinbase:1073150043,coinbase:BTC-USD,C,0.00,USD,2026-08-19T23:39:36.591026+00:00,posted
binance:6582463229,binance:BTCUSDT,D,6078.78,USD,2026-08-19T19:18:51.197507+00:00,posted
coinbase:1073150044,coinbase:BTC-USD,C,0.00,USD,2026-08-19T23:10:36.467652+00:00,posted
coinbase:1073150045,coinbase:BTC-USD,D,0.31,USD,2026-08-19T20:19:12.606876+00:00,posted
binance:6582463230,binance:BTCUSDT,C,3009.18,USD,2026-08-19T21:58:10.192964+00:00,posted
coinbase:1073150046,coinbase:BTC-USD,D,0.00,USD,2026-08-19T23:09:00.533804+00:00,posted
binance:6582463231,binance:BTCUSDT,D,10.30,USD,2026-08-19T22:25:08.405301+00:00,posted
coinbase:1073150047,coinbase:BTC-USD,C,49.50,USD,2026-08-19T23:23:20.174806+00:00,posted
binance:6582463232,binance:BTCUSDT,D,1236.08,USD,2026-08-19T19:33:17.749742+00:00,posted
coinbase:1073150048,coinbase:BTC-USD,C,0.00,USD,2026-08-19T20:15:30.226254+00:00,posted
coinbase:1073150049,coinbase:BTC-USD,D,0.00,USD,2026-08-19T20:42:02.603959+00:00,posted
coinbase:1073150050,coinbase:BTC-USD,C,99.01,USD,2026-08-20T00:06:42.246711+00:00,posted
coinbase:1073150051,coinbase:BTC-USD,C,9.65,USD,2026-08-19T19:53:02.715783+00:00,posted
coinbase:1073150052,coinbase:BTC-USD,C,48.59,USD,2026-08-19T18:55:09.029301+00:00,posted
coinbase:1073150053,coinbase:BTC-USD,D,0.01,USD,2026-08-19T19:13:39.993120+00:00,posted
coinbase:1073150054,coinbase:BTC-USD,C,0.99,USD,2026-08-19T19:16:48.760063+00:00,posted
binance:6582463234,binance:BTCUSDT,D,56.31,USD,2026-08-19T20:51:18.211677+00:00,posted
binance:6582463235,binance:BTCUSDT,C,82414.48,USD,2026-08-19T22:13:17.702690+00:00,posted
binance:6582463263,binance:BTCUSDT,D,511.60,USD,2026-08-21T17:51:29.730680+00:00,posted
coinbase:1073150056,coinbase:BTC-USD,D,149.88,USD,2026-08-19T19:17:37.633313+00:00,posted
coinbase:1073150055,coinbase:BTC-USD,D,1.63,USD,2026-08-19T20:55:08.097723+00:00,posted
coinbase:1073150058,coinbase:BTC-USD,C,0.00,USD,2026-08-19T21:21:14.341043+00:00,posted
coinbase:1073150059,coinbase:BTC-USD,C,29.70,USD,2026-08-19T20:34:41.898609+00:00,posted
coinbase:1073150060,coinbase:BTC-USD,D,551.21,USD,2026-08-19T19:25:34.348706+00:00,posted
coinbase:1073150063,coinbase:BTC-USD,D,7582.28,USD,2026-08-19T21:06:54.700086+00:00,posted
coinbase:1073150062,coinbase:BTC-USD,D,5100.80,USD,2026-08-19T21:25:23.823066+00:00,posted
coinbase:1073150061,coinbase:BTC-USD,D,2467.25,USD,2026-08-19T19:31:48.613115+00:00,posted
coinbase:1073150064,coinbase:BTC-USD,D,0.01,USD,2026-08-19T22:42:51.103216+00:00,posted
binance:6582463264,binance:BTCUSDT,C,9.61,USD,2026-08-19T20:45:47.632894+00:00,posted
coinbase:1073150066,coinbase:BTC-USD,C,299.62,USD,2026-08-21T20:47:50.787217+00:00,posted
coinbase:1073150067,coinbase:BTC-USD,C,0.00,USD,2026-08-19T21:08:47.337338+00:00,posted
coinbase:1073150068,coinbase:BTC-USD,C,99.01,USD,2026-08-19T21:09:26.125861+00:00,posted
coinbase:1073150069,coinbase:BTC-USD,C,0.00,USD,2026-08-19T20:02:33.127996+00:00,posted
coinbase:1073150070,coinbase:BTC-USD,D,0.00,USD,2026-08-20T00:13:23.284013+00:00,posted
coinbase:1073150071,coinbase:BTC-USD,C,14.85,USD,2026-08-19T23:08:31.900940+00:00,posted
coinbase:1073150072,coinbase:BTC-USD,C,0.00,USD,2026-08-19T22:21:08.982586+00:00,posted
coinbase:1073150073,coinbase:BTC-USD,D,411.86,USD,2026-08-19T20:14:27.158261+00:00,posted
binance:6582463265,binance:BTCUSDT,D,499.24,USD,2026-08-20T00:07:26.413486+00:00,posted
coinbase:1073150074,coinbase:BTC-USD,D,0.00,USD,2026-08-19T23:58:45.553939+00:00,posted
coinbase:1073150075,coinbase:BTC-USD,C,0.00,USD,2026-08-19T20:57:23.458177+00:00,posted
coinbase:1073150076,coinbase:BTC-USD,D,0.00,USD,2026-08-19T23:18:38.624099+00:00,posted
binance:6582463266,binance:BTCUSDT,D,169.62,USD,2026-08-19T22:56:07.052832+00:00,posted
binance:6582463267,binance:BTCUSDT,C,46.01,USD,2026-08-19T21:22:05.172845+00:00,posted
binance:6582463268,binance:BTCUSDT,C,10884.40,USD,2026-08-19T20:57:09.149604+00:00,posted
coinbase:1073150077,coinbase:BTC-USD,D,0.00,USD,2026-08-20T00:02:49.840262+00:00,posted
coinbase:1073150078,coinbase:BTC-USD,C,9.90,USD,2026-08-19T22:57:10.256087+00:00,posted
binance:6582463284,binance:BTCUSDT,C,68671.29,USD,2026-08-19T22:37:32.126061+00:00,posted
coinbase:1073150079,coinbase:BTC-USD,C,0.00,USD,2026-08-19T22:08:26.929061+00:00,posted
binance:6582463296,binance:BTCUSDT,D,175.11,USD,2026-08-20T00:10:38.369337+00:00,posted
binance:6582463297,binance:BTCUSDT,C,70402.49,USD,2026-08-19T23:39:23.767232+00:00,posted
binance:6582463326,binance:BTCUSDT,C,240.35,USD,2026-08-19T21:25:12.737098+00:00,posted
coinbase:1073150080,coinbase:BTC-USD,C,4.74,USD,2026-08-19T19:22:01.537592+00:00,posted
coinbase:1073150081,coinbase:BTC-USD,C,4.95,USD,2026-08-19T18:55:31.391829+00:00,posted
coinbase:1073150082,coinbase:BTC-USD,C,0.00,USD,2026-08-22T00:03:47.955395+00:00,posted
binance:6582463331,binance:BTCUSDT,C,2809.34,USD,2026-08-19T19:45:54.232381+00:00,posted
coinbase:1073150083,coinbase:BTC-USD,C,0.00,USD,2026-08-19T19:02:35.381140+00:00,posted
coinbase:1073150084,coinbase:BTC-USD,C,5.22,USD,2026-08-19T21:53:55.259770+00:00,posted
coinbase:1073150085,coinbase:BTC-USD,D,1.72,USD,2026-08-19T20:16:59.004958+00:00,posted
binance:6582463338,binance:BTCUSDT,D,229.36,USD,2026-08-19T23:02:38.160256+00:00,posted
binance:6582463339,binance:BTCUSDT,D,6.87,USD,2026-08-19T20:17:39.886091+00:00,posted
binance:6582463340,binance:BTCUSDT,D,686.71,USD,2026-08-19T20:39:38.031078+00:00,posted
binance:6582463343,binance:BTCUSDT,D,1373.43,USD,2026-08-19T23:20:53.768693+00:00,posted
binance:6582463344,binance:BTCUSDT,D,2746.85,USD,2026-08-19T21:17:03.235188+00:00,posted
binance:6582463345,binance:BTCUSDT,D,1236.08,USD,2026-08-19T18:52:33.710319+00:00,posted
binance:6582463352,binance:BTCUSDT,D,618.04,USD,2026-08-19T20:25:50.014621+00:00,posted
binance:6582463353,binance:BTCUSDT,D,755.38,USD,2026-08-19T22:54:58.336078+00:00,posted
binance:6582463362,binance:BTCUSDT,D,1628.20,USD,2026-08-19T23:00:09.353799+00:00,posted
binance:6582463389,binance:BTCUSDT,D,541.13,USD,2026-08-19T21:56:23.100370+00:00,posted
binance:6582463394,binance:BTCUSDT,D,686.71,USD,2026-08-19T21:23:18.958498+00:00,posted
coinbase:1073150086,coinbase:BTC-USD,C,0.00,USD,2026-08-19T21:12:10.970974+00:00,posted
binance:6582463395,binance:BTCUSDT,D,590.57,USD,2026-08-19T19:09:52.018674+00:00,posted
binance:6582463419,binance:BTCUSDT,D,60.43,USD,2026-08-22T10:47:53.461399+00:00,posted
binance:6582463430,binance:BTCUSDT,D,150.39,USD,2026-08-19T23:37:33.338070+00:00,posted
binance:6582463437,binance:BTCUSDT,D,5.49,USD,2026-08-19T20:32:16.734511+00:00,posted
binance:6582463438,binance:BTCUSDT,D,100.26,USD,2026-08-19T20:17:25.041408+00:00,posted
binance:6582463456,binance:BTCUSDT,D,155.20,USD,2026-08-21T05:34:14.261071+00:00,posted
binance:6582463484,binance:BTCUSDT,D,38.46,USD,2026-08-19T22:08:07.729533+00:00,posted
binance:6582463491,binance:BTCUSDT,D,5.49,USD,2026-08-19T18:59:43.820354+00:00,posted
binance:6582463492,binance:BTCUSDT,D,96.14,USD,2026-08-19T21:26:24.019665+00:00,posted
binance:6582463507,binance:BTCUSDT,D,21.98,USD,2026-08-19T20:29:33.848147+00:00,posted
binance:6582463511,binance:BTCUSDT,D,83.78,USD,2026-08-19T22:18:35.106994+00:00,posted
binance:6582463526,binance:BTCUSDT,D,27.47,USD,2026-08-19T20:25:53.585337+00:00,posted
binance:6582463531,binance:BTCUSDT,D,16.48,USD,2026-08-20T00:04:32.768982+00:00,posted
binance:6582463534,binance:BTCUSDT,D,2207.87,USD,2026-08-19T20:20:01.290874+00:00,posted
coinbase:1073150087,coinbase:BTC-USD,C,521.69,USD,2026-08-19T20:59:44.676662+00:00,posted
coinbase:1073150091,coinbase:BTC-USD,C,221.25,USD,2026-08-19T21:47:56.524501+00:00,posted
coinbase:1073150090,coinbase:BTC-USD,C,1.17,USD,2026-08-19T22:24:06.465716+00:00,posted
coinbase:1073150089,coinbase:BTC-USD,C,1415.95,USD,2026-08-19T23:38:54.038116+00:00,posted
coinbase:1073150088,coinbase:BTC-USD,C,359.16,USD,2026-08-19T21:05:39.384921+00:00,posted
binance:6582463543,binance:BTCUSDT,D,100.27,USD,2026-08-19T22:33:13.219548+00:00,posted
binance:6582463560,binance:BTCUSDT,D,27.47,USD,2026-08-19T20:06:10.408016+00:00,posted
binance:6582463565,binance:BTCUSDT,D,10.99,USD,2026-08-19T23:16:01.251918+00:00,posted
binance:6582463567,binance:BTCUSDT,D,10.99,USD,2026-08-19T19:11:09.817531+00:00,posted
binance:6582463569,binance:BTCUSDT,D,5.49,USD,2026-08-19T23:40:09.282322+00:00,posted
binance:6582463570,binance:BTCUSDT,D,10.99,USD,2026-08-21T19:09:29.419922+00:00,posted
binance:6582463572,binance:BTCUSDT,D,5.49,USD,2026-08-19T19:00:04.824790+00:00,posted
binance:6582463573,binance:BTCUSDT,D,27.47,USD,2026-08-19T21:59:22.295536+00:00,posted
binance:6582463578,binance:BTCUSDT,D,16.48,USD,2026-08-21T09:06:14.081619+00:00,posted
binance:6582463581,binance:BTCUSDT,D,4067.82,USD,2026-08-19T18:55:44.965579+00:00,posted
binance:6582463583,binance:BTCUSDT,D,5.49,USD,2026-08-19T20:48:54.525310+00:00,posted
binance:6582463584,binance:BTCUSDT,D,17.17,USD,2026-08-19T21:10:22.787549+00:00,posted
binance:6582463587,binance:BTCUSDT,D,10.99,USD,2026-08-19T19:01:03.173567+00:00,posted
binance:6582463589,binance:BTCUSDT,D,27.47,USD,2026-08-19T21:15:35.674185+00:00,posted
binance:6582463594,binance:BTCUSDT,D,27.47,USD,2026-08-19T22:04:24.749663+00:00,posted
binance:6582463599,binance:BTCUSDT,D,10.99,USD,2026-08-19T18:57:55.960553+00:00,posted
binance:6582463601,binance:BTCUSDT,D,21.98,USD,2026-08-19T21:14:13.000985+00:00,posted
binance:6582463605,binance:BTCUSDT,D,5.49,USD,2026-08-19T23:18:45.357707+00:00,posted
binance:6582463606,binance:BTCUSDT,D,21.98,USD,2026-08-19T23:10:11.252594+00:00,posted
binance:6582463610,binance:BTCUSDT,D,755.49,USD,2026-08-19T21:49:50.661163+00:00,posted
binance:6582463620,binance:BTCUSDT,D,618.13,USD,2026-08-19T22:51:31.320059+00:00,posted
binance:6582463621,binance:BTCUSDT,D,206.04,USD,2026-08-19T23:41:59.907755+00:00,posted
coinbase:1073150093,coinbase:BTC-USD,C,0.25,USD,2026-08-19T21:58:38.232292+00:00,posted
coinbase:1073150092,coinbase:BTC-USD,C,100.00,USD,2026-08-19T19:15:49.826921+00:00,posted
coinbase:1073150095,coinbase:BTC-USD,C,2684.66,USD,2026-08-19T21:36:40.530933+00:00,posted
coinbase:1073150094,coinbase:BTC-USD,C,1.17,USD,2026-08-19T20:37:36.560164+00:00,posted
coinbase:1073150097,coinbase:BTC-USD,C,16007.57,USD,2026-08-19T20:37:44.353201+00:00,posted
coinbase:1073150098,coinbase:BTC-USD,C,1796.53,USD,2026-08-19T23:21:44.185737+00:00,posted
coinbase:1073150102,coinbase:BTC-USD,C,161.41,USD,2026-08-19T22:56:58.756705+00:00,posted
coinbase:1073150101,coinbase:BTC-USD,C,1.17,USD,2026-08-19T19:56:26.581812+00:00,posted
coinbase:1073150100,coinbase:BTC-USD,C,7.95,USD,2026-08-19T19:44:49.812471+00:00,posted
coinbase:1073150099,coinbase:BTC-USD,C,2747.07,USD,2026-08-19T22:12:55.208625+00:00,posted
coinbase:1073150103,coinbase:BTC-USD,C,96.11,USD,2026-08-19T22:58:28.035467+00:00,posted
coinbase:1073150105,coinbase:BTC-USD,C,277.80,USD,2026-08-19T18:56:57.043364+00:00,posted
coinbase:1073150104,coinbase:BTC-USD,C,2742.87,USD,2026-08-19T23:12:37.084879+00:00,posted
binance:6582463624,binance:BTCUSDT,C,97.53,USD,2026-08-22T08:52:11.181378+00:00,posted
binance:6582463625,binance:BTCUSDT,C,252.06,USD,2026-08-19T22:19:09.143408+00:00,posted
coinbase:1073150106,coinbase:BTC-USD,C,0.00,USD,2026-08-19T19:34:52.705112+00:00,posted
coinbase:1073150108,coinbase:BTC-USD,C,1.02,USD,2026-08-19T21:19:17.673010+00:00,posted
coinbase:1073150107,coinbase:BTC-USD,C,1.17,USD,2026-08-19T23:31:38.192262+00:00,posted
coinbase:1073150113,coinbase:BTC-USD,C,7188.31,USD,2026-08-19T22:40:03.675015+00:00,posted
coinbase:1073150112,coinbase:BTC-USD,C,1.17,USD,2026-08-19T18:58:49.373892+00:00,posted
coinbase:1073150111,coinbase:BTC-USD,C,1716.46,USD,2026-08-19T19:50:39.547524+00:00,posted
coinbase:1073150110,coinbase:BTC-USD,C,1.17,USD,2026-08-19T21:59:42.563462+00:00,posted
coinbase:1073150109,coinbase:BTC-USD,C,2999.57,USD,2026-08-19T23:44:47.538952+00:00,posted
coinbase:1073150115,coinbase:BTC-USD,D,45.01,USD,2026-08-19T23:16:10.318627+00:00,posted
coinbase:1073150117,coinbase:BTC-USD,C,4.95,USD,2026-08-19T22:12:11.652934+00:00,posted
coinbase:1073150118,coinbase:BTC-USD,C,48.60,USD,2026-08-19T21:56:00.321245+00:00,posted
coinbase:1073150119,coinbase:BTC-USD,C,1.98,USD,2026-08-19T19:41:43.474815+00:00,posted
binance:6582463626,binance:BTCUSDT,D,72.12,USD,2026-08-19T19:39:48.250422+00:00,posted
coinbase:1073150120,coinbase:BTC-USD,C,0.00,USD,2026-08-20T00:07:43.046947+00:00,posted
binance:6582463627,binance:BTCUSDT,D,49.45,USD,2026-08-19T23:03:58.469278+00:00,posted
binance:6582463628,binance:BTCUSDT,C,4963.57,USD,2026-08-19T19:18:51.444012+00:00,posted
binance:6582463629,binance:BTCUSDT,C,12.36,USD,2026-08-19T23:53:17.483530+00:00,posted
binance:6582463630,binance:BTCUSDT,C,10.99,USD,2026-08-19T23:20:23.574943+00:00,posted
coinbase:1073150121,coinbase:BTC-USD,C,0.00,USD,2026-08-19T20:15:36.684901+00:00,posted
coinbase:1073150122,coinbase:BTC-USD,D,0.01,USD,2026-08-19T20:25:21.228646+00:00,posted
binance:6582463631,binance:BTCUSDT,C,1326.23,USD,2026-08-20T00:09:55.920696+00:00,posted
coinbase:1073150123,coinbase:BTC-USD,C,48.60,USD,2026-08-22T16:17:01.356507+00:00,posted
coinbase:1073150124,coinbase:BTC-USD,C,0.00,USD,2026-08-20T00:15:34.570049+00:00,posted
coinbase:1073150125,coinbase:BTC-USD,C,24.30,USD,2026-08-19T18:55:22.932997+00:00,posted
coinbase:1073150126,coinbase:BTC-USD,C,0.00,USD,2026-08-19T23:04:48.026395+00:00,posted
binance:6582463632,binance:BTCUSDT,C,192.31,USD,2026-08-19T21:07:08.528477+00:00,posted
coinbase:1073150127,coinbase:BTC-USD,D,0.01,USD,2026-08-19T19:09:58.814805+00:00,posted
coinbase:1073150129,coinbase:BTC-USD,D,3261.81,USD,2026-08-19T21:46:45.846576+00:00,posted
coinbase:1073150128,coinbase:BTC-USD,D,67.51,USD,2026-08-19T20:50:25.119296+00:00,posted
coinbase:1073150130,coinbase:BTC-USD,C,9.90,USD,2026-08-19T21:44:05.511518+00:00,posted
coinbase:1073150131,coinbase:BTC-USD,D,903.53,USD,2026-08-19T20:18:38.368500+00:00,posted
coinbase:1073150132,coinbase:BTC-USD,D,0.00,USD,2026-08-19T21:38:11.724518+00:00,posted
coinbase:1073150133,coinbase:BTC-USD,D,0.00,USD,2026-08-19T22:26:23.868810+00:00,posted
binance:6582463633,binance:BTCUSDT,C,6410.68,USD,2026-08-19T19:06:57.083197+00:00,posted
coinbase:1073150134,coinbase:BTC-USD,D,0.00,USD,2026-08-19T23:36:38.934596+00:00,posted
coinbase:1073150135,coinbase:BTC-USD,D,505.11,USD,2026-08-19T22:53:21.518748+00:00,posted
binance:6582463634,binance:BTCUSDT,C,16188.79,USD,2026-08-19T21:46:49.846476+00:00,posted
coinbase:1073150136,coinbase:BTC-USD,C,9.65,USD,2026-08-19T21:34:41.713551+00:00,posted
coinbase:1073150137,coinbase:BTC-USD,D,0.01,USD,2026-08-19T20:56:32.386717+00:00,posted
binance:6582463636,binance:BTCUSDT,C,203.98,USD,2026-08-19T22:20:32.333453+00:00,posted
coinbase:1073150138,coinbase:BTC-USD,D,0.01,USD,2026-08-19T22:32:43.198123+00:00,posted
coinbase:1073150139,coinbase:BTC-USD,C,0.00,USD,2026-08-19T22:21:57.867510+00:00,posted
binance:6582463637,binance:BTCUSDT,D,279.53,USD,2026-08-19T22:58:23.895779+00:00,posted
binance:6582463638,binance:BTCUSDT,D,2000.68,USD,2026-08-19T19:06:08.656841+00:00,posted
binance:6582463639,binance:BTCUSDT,D,806.31,USD,2026-08-19T23:29:51.036741+00:00,posted
coinbase:1073150140,coinbase:BTC-USD,C,2.97,USD,2026-08-19T22:00:45.205725+00:00,posted
coinbase:1073150141,coinbase:BTC-USD,C,0.00,USD,2026-08-19T19:35:53.057540+00:00,posted
coinbase:1073150142,coinbase:BTC-USD,C,48.60,USD,2026-08-19T21:37:40.974027+00:00,posted
kraken:105348737,kraken:XBTUSD,D,20.00,USD,2026-08-19T19:54:57.457672+00:00,posted
kraken:105348738,kraken:XBTUSD,D,50.00,USD,2026-08-19T19:04:21.487885+00:00,posted
kraken:105348739,kraken:XBTUSD,D,68.64,USD,2026-08-19T23:58:14.069095+00:00,posted
kraken:105348740,kraken:XBTUSD,D,6.86,USD,2026-08-19T21:05:06.009721+00:00,posted
kraken:105348741,kraken:XBTUSD,D,68.64,USD,2026-08-19T21:16:19.214662+00:00,posted
binance:6582463640,binance:BTCUSDT,D,103.02,USD,2026-08-19T21:39:51.257436+00:00,posted
coinbase:1073150143,coinbase:BTC-USD,C,1.73,USD,2026-08-20T00:06:09.827523+00:00,posted
coinbase:1073150144,coinbase:BTC-USD,D,0.00,USD,2026-08-19T21:43:31.363185+00:00,posted
coinbase:1073150145,coinbase:BTC-USD,C,0.00,USD,2026-08-19T21:05:52.733690+00:00,posted
kraken:105348742,kraken:XBTUSD,C,30.95,USD,2026-08-19T23:36:11.631704+00:00,posted
binance:6582463641,binance:BTCUSDT,D,43.96,USD,2026-08-19T20:27:46.481295+00:00,posted
coinbase:1073150146,coinbase:BTC-USD,D,0.02,USD,2026-08-19T22:57:18.284121+00:00,posted
coinbase:1073150147,coinbase:BTC-USD,C,0.00,USD,2026-08-19T19:37:40.138709+00:00,posted
binance:6582463642,binance:BTCUSDT,D,5.49,USD,2026-08-19T22:00:16.693766+00:00,posted
binance:6582463643,binance:BTCUSDT,C,73.49,USD,2026-08-19T21:55:29.555594+00:00,posted
coinbase:1073150148,coinbase:BTC-USD,C,0.00,USD,2026-08-19T21:23:08.802159+00:00,posted
coinbase:1073150149,coinbase:BTC-USD,C,166.02,USD,2026-08-19T19:13:53.871239+00:00,posted
coinbase:1073150150,coinbase:BTC-USD,C,97.22,USD,2026-08-19T21:08:38.767194+00:00,posted
binance:6582463644,binance:BTCUSDT,C,351.65,USD,2026-08-19T19:26:08.022811+00:00,posted
kraken:105348743,kraken:XBTUSD,D,6.83,USD,2026-08-19T23:44:11.892036+00:00,posted
coinbase:1073150151,coinbase:BTC-USD,C,0.00,USD,2026-08-19T19:45:39.383468+00:00,posted
coinbase:1073150152,coinbase:BTC-USD,D,0.01,USD,2026-08-19T20:58:23.775229+00:00,posted
coinbase:1073150153,coinbase:BTC-USD,D,12.53,USD,2026-08-19T20:08:18.171085+00:00,posted
coinbase:1073150155,coinbase:BTC-USD,C,0.00,USD,2026-08-19T19:07:49.101808+00:00,posted
binance:6582463645,binance:BTCUSDT,C,39.83,USD,2026-08-19T19:46:53.672239+00:00,posted
coinbase:1073150156,coinbase:BTC-USD,D,0.00,USD,2026-08-19T19:53:17.557090+00:00,posted
coinbase:1073150157,coinbase:BTC-USD,C,1470.51,USD,2026-08-19T20:16:22.594406+00:00,posted
coinbase:1073150158,coinbase:BTC-USD,D,0.00,USD,2026-08-19T20:36:40.414427+00:00,posted
coinbase:1073150159,coinbase:BTC-USD,D,0.02,USD,2026-08-19T22:17:02.690463+00:00,posted
coinbase:1073150160,coinbase:BTC-USD,C,0.00,USD,2026-08-19T20:12:35.518128+00:00,posted
coinbase:1073150161,coinbase:BTC-USD,C,0.00,USD,2026-08-19T22:33:37.759248+00:00,posted
binance:6582463646,binance:BTCUSDT,C,15.11,USD,2026-08-19T23:46:04.390161+00:00,posted
coinbase:1073150162,coinbase:BTC-USD,C,0.00,USD,2026-08-22T06:08:38.925115+00:00,posted
binance:6582463647,binance:BTCUSDT,D,117.44,USD,2026-08-19T23:56:07.577842+00:00,posted
coinbase:1073150163,coinbase:BTC-USD,C,14.85,USD,2026-08-19T19:42:38.430025+00:00,posted
binance:6582463648,binance:BTCUSDT,D,20.60,USD,2026-08-19T20:00:00.797591+00:00,posted
kraken:105348744,kraken:XBTUSD,C,8.23,USD,2026-08-21T11:54:23.961140+00:00,posted
coinbase:1073150164,coinbase:BTC-USD,C,0.00,USD,2026-08-19T19:40:37.840169+00:00,posted
binance:6582463649,binance:BTCUSDT,D,46.70,USD,2026-08-19T20:49:16.675907+00:00,posted
binance:6582463656,binance:BTCUSDT,D,144.23,USD,2026-08-19T20:16:56.889554+00:00,posted
binance:6582463657,binance:BTCUSDT,C,34.34,USD,2026-08-19T23:20:38.765805+00:00,posted
coinbase:1073150165,coinbase:BTC-USD,D,0.00,USD,2026-08-19T19:08:29.253470+00:00,posted
coinbase:1073150166,coinbase:BTC-USD,C,0.00,USD,2026-08-19T22:23:15.761391+00:00,posted
binance:6582463658,binance:BTCUSDT,C,33.65,USD,2026-08-19T19:32:35.899522+00:00,posted
coinbase:1073150167,coinbase:BTC-USD,D,38.68,USD,2026-08-19T20:09:02.308212+00:00,posted
binance:6582463659,binance:BTCUSDT,C,10.99,USD,2026-08-19T23:27:45.511776+00:00,posted
binance:6582463660,binance:BTCUSDT,D,20.60,USD,2026-08-19T20:30:50.319005+00:00,posted
coinbase:1073150168,coinbase:BTC-USD,C,0.00,USD,2026-08-19T20:02:26.930946+00:00,posted
coinbase:1073150169,coinbase:BTC-USD,D,0.01,USD,2026-08-19T20:13:31.029226+00:00,posted
coinbase:1073150170,coinbase:BTC-USD,C,0.00,USD,2026-08-19T22:40:03.740675+00:00,posted
binance:6582463661,binance:BTCUSDT,C,182.69,USD,2026-08-19T23:09:43.061401+00:00,posted
coinbase:1073150171,coinbase:BTC-USD,C,0.00,USD,2026-08-19T20:20:57.657324+00:00,posted
coinbase:1073150176,coinbase:BTC-USD,D,3182.51,USD,2026-08-19T21:01:07.890537+00:00,posted
coinbase:1073150175,coinbase:BTC-USD,D,4274.29,USD,2026-08-19T23:26:25.678798+00:00,posted
coinbase:1073150174,coinbase:BTC-USD,D,3132.32,USD,2026-08-19T21:49:32.085936+00:00,posted
coinbase:1073150173,coinbase:BTC-USD,D,381.29,USD,2026-08-19T23:37:36.466244+00:00,posted
coinbase:1073150177,coinbase:BTC-USD,D,15.69,USD,2026-08-20T00:18:27.692043+00:00,posted
coinbase:1073150179,coinbase:BTC-USD,D,41.37,USD,2026-08-19T21:01:07.059047+00:00,posted
coinbase:1073150180,coinbase:BTC-USD,D,140.10,USD,2026-08-19T19:54:17.953018+00:00,posted
coinbase:1073150181,coinbase:BTC-USD,D,93.83,USD,2026-08-19T21:10:17.933484+00:00,posted
coinbase:1073150182,coinbase:BTC-USD,D,28.94,USD,2026-08-19T23:15:20.345044+00:00,posted
coinbase:1073150183,coinbase:BTC-USD,D,363.99,USD,2026-08-19T22:15:19.363323+00:00,posted
coinbase:1073150184,coinbase:BTC-USD,D,125.93,USD,2026-08-19T20:22:43.104131+00:00,posted
coinbase:1073150185,coinbase:BTC-USD,D,75.33,USD,2026-08-19T21:56:11.332618+00:00,posted
coinbase:1073150186,coinbase:BTC-USD,D,47.95,USD,2026-08-19T23:49:50.916741+00:00,posted
coinbase:1073150187,coinbase:BTC-USD,D,269.65,USD,2026-08-19T23:47:46.349186+00:00,posted
coinbase:1073150188,coinbase:BTC-USD,D,155.53,USD,2026-08-19T19:05:45.633954+00:00,posted
coinbase:1073150189,coinbase:BTC-USD,D,160.58,USD,2026-08-19T22:08:41.459974+00:00,posted
coinbase:1073150190,coinbase:BTC-USD,D,36.60,USD,2026-08-19T19:43:48.337011+00:00,posted
coinbase:1073150191,coinbase:BTC-USD,D,591.67,USD,2026-08-19T22:13:39.470766+00:00,posted
coinbase:1073150193,coinbase:BTC-USD,D,114.00,USD,2026-08-19T19:13:04.696110+00:00,posted
coinbase:1073150194,coinbase:BTC-USD,D,52.67,USD,2026-08-19T23:56:27.843142+00:00,posted
coinbase:1073150195,coinbase:BTC-USD,D,119.31,USD,2026-08-19T19:47:28.836414+00:00,posted
coinbase:1073150196,coinbase:BTC-USD,D,261.67,USD,2026-08-19T20:53:29.525256+00:00,posted
coinbase:1073150197,coinbase:BTC-USD,D,392.25,USD,2026-08-19T23:48:57.704070+00:00,posted
coinbase:1073150198,coinbase:BTC-USD,D,163.23,USD,2026-08-19T22:26:00.446283+00:00,posted
coinbase:1073150199,coinbase:BTC-USD,D,151.54,USD,2026-08-19T23:50:59.124013+00:00,posted
coinbase:1073150200,coinbase:BTC-USD,D,46.88,USD,2026-08-20T00:03:02.539808+00:00,posted
coinbase:1073150201,coinbase:BTC-USD,D,108.11,USD,2026-08-19T20:00:09.484992+00:00,posted
coinbase:1073150202,coinbase:BTC-USD,D,67.74,USD,2026-08-19T22:51:34.944287+00:00,posted
coinbase:1073150203,coinbase:BTC-USD,D,36.54,USD,2026-08-19T21:01:02.212724+00:00,posted
coinbase:1073150204,coinbase:BTC-USD,D,120.69,USD,2026-08-19T22:43:26.119478+00:00,posted
coinbase:1073150205,coinbase:BTC-USD,D,286.63,USD,2026-08-19T19:50:54.200135+00:00,posted
coinbase:1073150206,coinbase:BTC-USD,D,160.43,USD,2026-08-19T21:12:15.641439+00:00,posted
binance:6582463662,binance:BTCUSDT,C,123.63,USD,2026-08-19T20:10:37.734320+00:00,posted
coinbase:1073150207,coinbase:BTC-USD,C,194.40,USD,2026-08-19T19:05:13.514230+00:00,posted
coinbase:1073150208,coinbase:BTC-USD,D,0.01,USD,2026-08-19T23:15:34.467506+00:00,posted
coinbase:1073150209,coinbase:BTC-USD,D,0.01,USD,2026-08-19T23:17:25.789547+00:00,posted
binance:6582463663,binance:BTCUSDT,D,9.62,USD,2026-08-21T19:39:24.241104+00:00,posted
coinbase:1073150210,coinbase:BTC-USD,D,0.00,USD,2026-08-19T23:01:22.836012+00:00,posted
binance:6582463664,binance:BTCUSDT,C,68.68,USD,2026-08-21T13:38:10.573417+00:00,posted
coinbase:1073150211,coinbase:BTC-USD,C,0.00,USD,2026-08-19T20:27:17.379007+00:00,posted
binance:6582463665,binance:BTCUSDT,D,2567.30,USD,2026-08-19T22:26:19.975414+00:00,posted
coinbase:1073150213,coinbase:BTC-USD,C,0.00,USD,2026-08-19T22:48:09.987860+00:00,posted
coinbase:1073150214,coinbase:BTC-USD,D,0.01,USD,2026-08-20T00:04:47.797498+00:00,posted
coinbase:1073150215,coinbase:BTC-USD,C,0.00,USD,2026-08-19T22:24:18.365175+00:00,posted
coinbase:1073150216,coinbase:BTC-USD,D,0.01,USD,2026-08-20T23:40:08.060319+00:00,posted
coinbase:1073150217,coinbase:BTC-USD,C,0.00,USD,2026-08-19T23:57:56.242838+00:00,posted
coinbase:1073150218,coinbase:BTC-USD,D,0.00,USD,2026-08-19T19:56:29.443446+00:00,posted
coinbase:1073150219,coinbase:BTC-USD,C,0.00,USD,2026-08-19T21:32:42.886416+00:00,posted
coinbase:1073150220,coinbase:BTC-USD,D,0.01,USD,2026-08-19T22:18:52.301148+00:00,posted
coinbase:1073150221,coinbase:BTC-USD,C,0.00,USD,2026-08-19T19:32:49.548802+00:00,posted
binance:6582463666,binance:BTCUSDT,C,267.86,USD,2026-08-19T21:47:23.070566+00:00,posted
coinbase:1073150222,coinbase:BTC-USD,C,0.00,USD,2026-08-19T23:23:58.211056+00:00,posted
binance:6582463667,binance:BTCUSDT,C,4539.81,USD,2026-08-19T19:41:51.798217+00:00,posted
binance:6582463668,binance:BTCUSDT,C,6.87,USD,2026-08-19T23:59:16.973686+00:00,posted
coinbase:1073150223,coinbase:BTC-USD,C,0.00,USD,2026-08-19T23:48:58.608037+00:00,posted
coinbase:1073150224,coinbase:BTC-USD,D,0.01,USD,2026-08-20T00:09:07.008811+00:00,posted
coinbase:1073150225,coinbase:BTC-USD,D,0.00,USD,2026-08-19T19:07:29.716327+00:00,posted
binance:6582463669,binance:BTCUSDT,C,113.32,USD,2026-08-19T20:40:17.950623+00:00,posted
coinbase:1073150226,coinbase:BTC-USD,C,0.00,USD,2026-08-19T21:57:19.193097+00:00,posted
coinbase:1073150231,coinbase:BTC-USD,D,639.96,USD,2026-08-19T21:09:56.070985+00:00,posted
coinbase:1073150230,coinbase:BTC-USD,D,3736.71,USD,2026-08-19T23:13:16.785506+00:00,posted
coinbase:1073150229,coinbase:BTC-USD,D,2.67,USD,2026-08-19T20:15:17.045069+00:00,posted
coinbase:1073150228,coinbase:BTC-USD,D,3.14,USD,2026-08-19T21:01:22.312874+00:00,posted
coinbase:1073150227,coinbase:BTC-USD,D,5779.90,USD,2026-08-19T21:56:42.896914+00:00,posted
coinbase:1073150232,coinbase:BTC-USD,D,1277.41,USD,2026-08-19T23:05:29.278039+00:00,posted
coinbase:1073150233,coinbase:BTC-USD,D,151.12,USD,2026-08-20T00:12:13.018065+00:00,posted
coinbase:1073150234,coinbase:BTC-USD,D,1488.60,USD,2026-08-19T21:01:54.384759+00:00,posted
coinbase:1073150235,coinbase:BTC-USD,C,0.00,USD,2026-08-19T18:50:34.324411+00:00,posted
kraken:105348745,kraken:XBTUSD,C,3198.61,USD,2026-08-19T20:49:25.929600+00:00,posted
binance:6582463670,binance:BTCUSDT,C,2176.50,USD,2026-08-19T18:50:03.934439+00:00,posted
binance:6582463671,binance:BTCUSDT,C,1671.70,USD,2026-08-19T21:04:07.979897+00:00,posted
coinbase:1073150236,coinbase:BTC-USD,C,0.00,USD,2026-08-19T21:11:15.251419+00:00,posted
coinbase:1073150237,coinbase:BTC-USD,D,0.00,USD,2026-08-19T21:27:38.892959+00:00,posted
kraken:105348746,kraken:XBTUSD,D,11.76,USD,2026-08-19T22:24:11.624381+00:00,posted
coinbase:1073150238,coinbase:BTC-USD,D,63.64,USD,2026-08-20T00:07:08.207920+00:00,posted
coinbase:1073150239,coinbase:BTC-USD,C,0.00,USD,2026-08-19T23:28:32.474878+00:00,posted
binance:6582463672,binance:BTCUSDT,C,13.05,USD,2026-08-19T23:11:38.374268+00:00,posted
binance:6582463673,binance:BTCUSDT,D,149.72,USD,2026-08-19T20:14:10.462264+00:00,posted
coinbase:1073150240,coinbase:BTC-USD,C,0.00,USD,2026-08-19T20:34:05.636192+00:00,posted
coinbase:1073150241,coinbase:BTC-USD,C,343.25,USD,2026-08-19T22:25:51.162918+00:00,posted
binance:6582463681,binance:BTCUSDT,D,218.41,USD,2026-08-19T22:13:19.273547+00:00,posted
coinbase:1073150242,coinbase:BTC-USD,D,0.01,USD,2026-08-21T13:15:41.961595+00:00,posted
coinbase:1073150243,coinbase:BTC-USD,D,0.01,USD,2026-08-19T22:21:08.400758+00:00,posted
coinbase:1073150244,coinbase:BTC-USD,C,0.00,USD,2026-08-19T19:09:39.445527+00:00,posted
binance:6582463682,binance:BTCUSDT,C,72.80,USD,2026-08-19T22:59:09.720778+00:00,posted
coinbase:1073150245,coinbase:BTC-USD,C,0.00,USD,2026-08-19T19:48:20.779720+00:00,posted
coinbase:1073150246,coinbase:BTC-USD,D,0.00,USD,2026-08-19T22:04:07.497871+00:00,posted
binance:6582463683,binance:BTCUSDT,C,115.38,USD,2026-08-19T19:52:58.799350+00:00,posted
binance:6582463684,binance:BTCUSDT,C,10000.64,USD,2026-08-19T19:51:49.549613+00:00,posted
binance:6582463698,binance:BTCUSDT,C,26758.11,USD,2026-08-19T23:16:35.207496+00:00,posted
coinbase:1073150247,coinbase:BTC-USD,D,27.50,USD,2026-08-19T20:31:38.059014+00:00,posted
binance:6582463708,binance:BTCUSDT,C,6.87,USD,2026-08-19T20:23:44.884944+00:00,posted
binance:6582463709,binance:BTCUSDT,C,3124.98,USD,2026-08-19T23:06:28.653342+00:00,posted
binance:6582463710,binance:BTCUSDT,C,8212.87,USD,2026-08-19T18:57:38.327309+00:00,posted
binance:6582463747,binance:BTCUSDT,C,38.46,USD,2026-08-19T21:45:34.001066+00:00,posted
binance:6582463754,binance:BTCUSDT,C,12.36,USD,2026-08-19T23:04:44.452956+00:00,posted
binance:6582463756,binance:BTCUSDT,C,39.15,USD,2026-08-19T19:10:50.651664+00:00,posted
binance:6582463763,binance:BTCUSDT,C,10.99,USD,2026-08-19T18:50:51.748712+00:00,posted
binance:6582463765,binance:BTCUSDT,C,16.48,USD,2026-08-19T21:05:38.080294+00:00,posted
binance:6582463768,binance:BTCUSDT,C,495.18,USD,2026-08-19T23:08:41.281445+00:00,posted
binance:6582463769,binance:BTCUSDT,C,3846.06,USD,2026-08-20T00:11:43.666509+00:00,posted
binance:6582463786,binance:BTCUSDT,C,10.99,USD,2026-08-19T23:30:45.992741+00:00,posted
binance:6582463788,binance:BTCUSDT,C,5.49,USD,2026-08-19T19:18:48.620722+00:00,posted
binance:6582463789,binance:BTCUSDT,C,5.49,USD,2026-08-20T00:06:18.087529+00:00,posted
binance:6582463790,binance:BTCUSDT,C,21.98,USD,2026-08-19T21:46:46.633416+00:00,posted
binance:6582463794,binance:BTCUSDT,C,5.49,USD,2026-08-19T20:17:36.111929+00:00,posted
binance:6582463795,binance:BTCUSDT,C,399.70,USD,2026-08-20T00:09:47.708582+00:00,posted
binance:6582463796,binance:BTCUSDT,C,5.49,USD,2026-08-19T21:37:05.910978+00:00,posted
binance:6582463797,binance:BTCUSDT,C,16.48,USD,2026-08-19T21:48:53.276954+00:00,posted
binance:6582463800,binance:BTCUSDT,C,3986.71,USD,2026-08-19T20:35:05.044723+00:00,posted
binance:6582463801,binance:BTCUSDT,C,5.49,USD,2026-08-19T20:15:09.344257+00:00,posted
binance:6582463802,binance:BTCUSDT,C,16.48,USD,2026-08-19T22:13:29.278151+00:00,posted
binance:6582463805,binance:BTCUSDT,C,71.42,USD,2026-08-19T20:11:17.769929+00:00,posted
binance:6582463818,binance:BTCUSDT,C,16.48,USD,2026-08-19T23:53:22.162926+00:00,posted
binance:6582463821,binance:BTCUSDT,C,1373.52,USD,2026-08-19T18:50:03.336259+00:00,posted
binance:6582463822,binance:BTCUSDT,C,5.49,USD,2026-08-19T22:03:09.095695+00:00,posted
binance:6582463823,binance:BTCUSDT,C,6.18,USD,2026-08-19T23:13:32.973910+00:00,posted
binance:6582463825,binance:BTCUSDT,C,10.99,USD,2026-08-19T21:47:13.627590+00:00,posted
binance:6582463827,binance:BTCUSDT,C,5.49,USD,2026-08-20T00:17:20.346354+00:00,posted
binance:6582463828,binance:BTCUSDT,C,5.49,USD,2026-08-19T23:53:47.782157+00:00,posted
binance:6582463829,binance:BTCUSDT,C,5.49,USD,2026-08-19T19:38:32.322095+00:00,posted
binance:6582463830,binance:BTCUSDT,C,6.18,USD,2026-08-22T03:00:22.087151+00:00,posted
binance:6582463831,binance:BTCUSDT,C,16.48,USD,2026-08-19T20:59:04.411644+00:00,posted
coinbase:1073150250,coinbase:BTC-USD,D,2995.63,USD,2026-08-19T23:59:17.526400+00:00,posted
coinbase:1073150249,coinbase:BTC-USD,D,3.15,USD,2026-08-19T20:07:53.286461+00:00,posted
coinbase:1073150248,coinbase:BTC-USD,D,2613.21,USD,2026-08-19T23:20:01.248868+00:00,posted
coinbase:1073150255,coinbase:BTC-USD,D,15442.37,USD,2026-08-19T22:35:03.006147+00:00,posted
coinbase:1073150254,coinbase:BTC-USD,D,1.17,USD,2026-08-20T00:09:57.667329+00:00,posted
coinbase:1073150253,coinbase:BTC-USD,D,1000.00,USD,2026-08-19T22:26:59.465720+00:00,posted
coinbase:1073150252,coinbase:BTC-USD,D,1000.00,USD,2026-08-19T18:53:16.512524+00:00,posted
coinbase:1073150251,coinbase:BTC-USD,D,75.00,USD,2026-08-19T19:41:07.517819+00:00,posted
coinbase:1073150256,coinbase:BTC-USD,D,1.17,USD,2026-08-19T19:19:02.814011+00:00,posted
coinbase:1073150257,coinbase:BTC-USD,D,0.01,USD,2026-08-19T20:22:23.319566+00:00,posted
binance:6582463834,binance:BTCUSDT,C,1468.21,USD,2026-08-19T22:07:16.376388+00:00,posted
binance:6582463851,binance:BTCUSDT,C,10.99,USD,2026-08-19T22:47:33.199226+00:00,posted
binance:6582463853,binance:BTCUSDT,C,10.99,USD,2026-08-19T21:06:57.144778+00:00,posted
binance:6582463855,binance:BTCUSDT,C,7.55,USD,2026-08-19T23:56:54.479672+00:00,posted
binance:6582463856,binance:BTCUSDT,C,59.74,USD,2026-08-19T21:23:44.946458+00:00,posted
binance:6582463857,binance:BTCUSDT,C,16.48,USD,2026-08-19T18:55:59.343465+00:00,posted
coinbase:1073150259,coinbase:BTC-USD,D,4351.82,USD,2026-08-19T23:46:10.326819+00:00,posted
coinbase:1073150258,coinbase:BTC-USD,D,1.16,USD,2026-08-19T23:26:30.818903+00:00,posted
coinbase:1073150260,coinbase:BTC-USD,C,149.83,USD,2026-08-19T21:36:01.027768+00:00,posted
binance:6582463860,binance:BTCUSDT,C,2978.91,USD,2026-08-19T21:53:26.473233+00:00,posted
binance:6582463878,binance:BTCUSDT,C,32.96,USD,2026-08-19T19:03:13.058374+00:00,posted
binance:6582463884,binance:BTCUSDT,C,5.49,USD,2026-08-20T00:12:15.517296+00:00,posted
binance:6582463885,binance:BTCUSDT,C,78.97,USD,2026-08-19T22:07:00.193987+00:00,posted
binance:6582463899,binance:BTCUSDT,C,49.44,USD,2026-08-19T21:47:39.244535+00:00,posted
binance:6582463908,binance:BTCUSDT,C,16.48,USD,2026-08-19T22:37:46.948903+00:00,posted
binance:6582463911,binance:BTCUSDT,C,12.36,USD,2026-08-19T20:22:16.907567+00:00,posted
binance:6582463912,binance:BTCUSDT,C,10.99,USD,2026-08-19T19:19:29.522096+00:00,posted
binance:6582463914,binance:BTCUSDT,C,14.42,USD,2026-08-19T23:49:37.664135+00:00,posted
binance:6582463915,binance:BTCUSDT,C,16.48,USD,2026-08-19T20:54:06.118851+00:00,posted
binance:6582463918,binance:BTCUSDT,C,1373.34,USD,2026-08-21T20:53:22.933508+00:00,posted
binance:6582463919,binance:BTCUSDT,C,2999.37,USD,2026-08-19T20:42:20.009434+00:00,posted
binance:6582463920,binance:BTCUSDT,C,5.49,USD,2026-08-19T20:08:41.569731+00:00,posted
binance:6582463921,binance:BTCUSDT,C,10.99,USD,2026-08-19T19:25:56.866986+00:00,posted
binance:6582463923,binance:BTCUSDT,C,6.18,USD,2026-08-19T18:59:50.888351+00:00,posted
binance:6582463924,binance:BTCUSDT,C,6.18,USD,2026-08-19T23:12:45.050668+00:00,posted
binance:6582463925,binance:BTCUSDT,C,5.49,USD,2026-08-19T19:41:37.244908+00:00,posted
binance:6582463929,binance:BTCUSDT,C,6.18,USD,2026-08-19T23:47:49.068824+00:00,posted
binance:6582463931,binance:BTCUSDT,D,19.91,USD,2026-08-19T21:26:16.205111+00:00,posted
binance:6582463932,binance:BTCUSDT,D,20.60,USD,2026-08-19T20:49:04.955620+00:00,posted
coinbase:1073150262,coinbase:BTC-USD,D,4351.62,USD,2026-08-19T21:27:39.405721+00:00,posted
coinbase:1073150261,coinbase:BTC-USD,D,1.17,USD,2026-08-21T12:02:19.150954+00:00,posted
kraken:105348747,kraken:XBTUSD,C,5072.39,USD,2026-08-19T22:33:12.681135+00:00,posted
kraken:105348748,kraken:XBTUSD,C,50.00,USD,2026-08-21T06:15:44.337102+00:00,posted
kraken:105348749,kraken:XBTUSD,C,68.64,USD,2026-08-19T19:54:04.927532+00:00,posted
kraken:105348750,kraken:XBTUSD,C,3.50,USD,2026-08-19T19:10:08.303676+00:00,posted
binance:6582463933,binance:BTCUSDT,D,54.93,USD,2026-08-19T19:13:24.441077+00:00,posted
binance:6582463934,binance:BTCUSDT,D,20.60,USD,2026-08-19T20:41:01.947001+00:00,posted
kraken:105348751,kraken:XBTUSD,D,174.74,USD,2026-08-19T20:19:02.169881+00:00,posted
binance:6582463935,binance:BTCUSDT,D,20.60,USD,2026-08-21T09:37:05.028820+00:00,posted
coinbase:1073150263,coinbase:BTC-USD,D,0.01,USD,2026-08-19T21:03:52.525382+00:00,posted
binance:6582463937,binance:BTCUSDT,D,20.60,USD,2026-08-19T22:59:37.826740+00:00,posted
coinbase:1073150264,coinbase:BTC-USD,D,0.00,USD,2026-08-19T18:50:05.720388+00:00,posted
binance:6582463938,binance:BTCUSDT,D,20.60,USD,2026-08-19T18:53:40.272768+00:00,posted
binance:6582463939,binance:BTCUSDT,D,263.67,USD,2026-08-19T19:13:29.570345+00:00,posted
binance:6582463940,binance:BTCUSDT,D,20.60,USD,2026-08-19T18:54:36.483812+00:00,posted
coinbase:1073150265,coinbase:BTC-USD,D,0.00,USD,2026-08-19T23:17:27.436316+00:00,posted
binance:6582463941,binance:BTCUSDT,C,9.61,USD,2026-08-19T18:51:08.517665+00:00,posted
binance:6582463943,binance:BTCUSDT,D,20.60,USD,2026-08-19T21:39:46.322596+00:00,posted
coinbase:1073150269,coinbase:BTC-USD,D,1.70,USD,2026-08-19T23:22:50.016157+00:00,posted
coinbase:1073150268,coinbase:BTC-USD,D,1.40,USD,2026-08-19T19:31:50.623256+00:00,posted
coinbase:1073150267,coinbase:BTC-USD,D,1.15,USD,2026-08-19T22:20:44.369053+00:00,posted
binance:6582463944,binance:BTCUSDT,D,7.55,USD,2026-08-19T21:10:44.151180+00:00,posted
binance:6582463945,binance:BTCUSDT,D,20.60,USD,2026-08-19T22:15:03.379284+00:00,posted
binance:6582463946,binance:BTCUSDT,C,19.91,USD,2026-08-19T18:52:48.191046+00:00,posted
coinbase:1073150270,coinbase:BTC-USD,C,0.00,USD,2026-08-19T19:03:38.787619+00:00,posted
coinbase:1073150271,coinbase:BTC-USD,D,84.82,USD,2026-08-19T19:43:36.735639+00:00,posted
binance:6582463947,binance:BTCUSDT,C,29.53,USD,2026-08-19T20:07:29.328423+00:00,posted
binance:6582463948,binance:BTCUSDT,C,6.87,USD,2026-08-19T22:09:56.194906+00:00,posted
coinbase:1073150272,coinbase:BTC-USD,C,0.00,USD,2026-08-19T22:36:25.206065+00:00,posted
coinbase:1073150276,coinbase:BTC-USD,D,5225.70,USD,2026-08-19T21:21:01.074464+00:00,posted
coinbase:1073150275,coinbase:BTC-USD,D,1.92,USD,2026-08-19T21:23:28.047171+00:00,posted
coinbase:1073150274,coinbase:BTC-USD,D,3486.62,USD,2026-08-19T20:05:30.778593+00:00,posted
coinbase:1073150273,coinbase:BTC-USD,D,2148.37,USD,2026-08-19T22:23:27.219112+00:00,posted
coinbase:1073150277,coinbase:BTC-USD,D,27.49,USD,2026-08-19T20:58:41.709973+00:00,posted
coinbase:1073150278,coinbase:BTC-USD,D,169.87,USD,2026-08-19T19:03:23.091897+00:00,posted
coinbase:1073150279,coinbase:BTC-USD,D,16.42,USD,2026-08-19T21:22:08.410262+00:00,posted
coinbase:1073150280,coinbase:BTC-USD,D,1396.49,USD,2026-08-20T00:01:52.676418+00:00,posted
binance:6582463950,binance:BTCUSDT,C,563.74,USD,2026-08-19T22:27:31.210156+00:00,posted
binance:6582463953,binance:BTCUSDT,D,20.60,USD,2026-08-19T20:19:24.287862+00:00,posted
coinbase:1073150281,coinbase:BTC-USD,C,0.00,USD,2026-08-20T00:03:17.946416+00:00,posted
coinbase:1073150282,coinbase:BTC-USD,D,401.89,USD,2026-08-19T22:38:03.094830+00:00,posted
coinbase:1073150283,coinbase:BTC-USD,C,0.00,USD,2026-08-19T20:03:29.696573+00:00,posted
coinbase:1073150284,coinbase:BTC-USD,D,0.00,USD,2026-08-22T00:35:23.613469+00:00,posted
coinbase:1073150285,coinbase:BTC-USD,D,0.00,USD,2026-08-19T21:50:03.059659+00:00,posted
coinbase:1073150286,coinbase:BTC-USD,D,0.01,USD,2026-08-19T22:16:51.363115+00:00,posted
coinbase:1073150287,coinbase:BTC-USD,C,0.00,USD,2026-08-19T20:22:43.520950+00:00,posted
binance:6582463954,binance:BTCUSDT,C,64.55,USD,2026-08-19T20:22:35.556643+00:00,posted
binance:6582463955,binance:BTCUSDT,D,2000.91,USD,2026-08-20T00:12:43.311962+00:00,posted
binance:6582463956,binance:BTCUSDT,D,20.60,USD,2026-08-19T19:44:36.380865+00:00,posted
coinbase:1073150288,coinbase:BTC-USD,C,0.00,USD,2026-08-19T20:51:38.206631+00:00,posted
coinbase:1073150290,coinbase:BTC-USD,C,970.03,USD,2026-08-19T22:12:39.905908+00:00,posted
coinbase:1073150289,coinbase:BTC-USD,C,15.88,USD,2026-08-19T18:53:11.609800+00:00,posted
coinbase:1073150291,coinbase:BTC-USD,D,0.00,USD,2026-08-19T21:03:58.692232+00:00,posted
binance:6582463957,binance:BTCUSDT,D,1373.31,USD,2026-08-19T23:26:31.693815+00:00,posted
binance:6582463958,binance:BTCUSDT,C,20.60,USD,2026-08-19T21:08:49.168388+00:00,posted
binance:6582463959,binance:BTCUSDT,D,1098.65,USD,2026-08-19T20:27:00.025272+00:00,posted
binance:6582463960,binance:BTCUSDT,D,1373.31,USD,2026-08-19T19:40:07.052685+00:00,posted
binance:6582463961,binance:BTCUSDT,D,1647.97,USD,2026-08-19T23:53:18.450354+00:00,posted
binance:6582463963,binance:BTCUSDT,D,5493.23,USD,2026-08-19T23:13:08.227474+00:00,posted
binance:6582463964,binance:BTCUSDT,D,2263.90,USD,2026-08-19T19:12:38.567872+00:00,posted
binance:6582463983,binance:BTCUSDT,D,5.49,USD,2026-08-19T22:33:54.370030+00:00,posted
binance:6582463984,binance:BTCUSDT,D,82.40,USD,2026-08-19T21:08:51.220809+00:00,posted
binance:6582463985,binance:BTCUSDT,D,6.87,USD,2026-08-19T20:33:30.110099+00:00,posted
binance:6582463987,binance:BTCUSDT,C,31.59,USD,2026-08-19T20:52:26.363677+00:00,posted
binance:6582463988,binance:BTCUSDT,D,23.35,USD,2026-08-19T20:28:56.652943+00:00,posted
coinbase:1073150293,coinbase:BTC-USD,C,9934.00,USD,2026-08-19T22:04:09.160065+00:00,posted
coinbase:1073150292,coinbase:BTC-USD,C,162.10,USD,2026-08-19T21:56:22.612852+00:00,posted
coinbase:1073150295,coinbase:BTC-USD,C,415.27,USD,2026-08-19T22:50:44.769079+00:00,posted
coinbase:1073150294,coinbase:BTC-USD,C,3.41,USD,2026-08-19T19:21:14.756863+00:00,posted
coinbase:1073150296,coinbase:BTC-USD,C,4.75,USD,2026-08-19T22:38:21.750046+00:00,posted
binance:6582463992,binance:BTCUSDT,D,10986.60,USD,2026-08-19T21:23:29.972338+00:00,posted
coinbase:1073150297,coinbase:BTC-USD,C,0.00,USD,2026-08-19T21:58:11.585793+00:00,posted
binance:6582463993,binance:BTCUSDT,D,206.00,USD,2026-08-19T22:59:30.467150+00:00,posted
binance:6582463994,binance:BTCUSDT,D,29.53,USD,2026-08-19T22:19:29.800273+00:00,posted
binance:6582463999,binance:BTCUSDT,D,5.49,USD,2026-08-19T21:12:40.344132+00:00,posted
binance:6582464000,binance:BTCUSDT,D,5.49,USD,2026-08-19T20:28:19.560854+00:00,posted
binance:6582464001,binance:BTCUSDT,D,5.49,USD,2026-08-19T22:00:51.326759+00:00,posted
binance:6582464002,binance:BTCUSDT,D,16.48,USD,2026-08-19T20:57:21.941525+00:00,posted
binance:6582464005,binance:BTCUSDT,D,1805.25,USD,2026-08-19T20:06:46.763948+00:00,posted
binance:6582464007,binance:BTCUSDT,D,199.82,USD,2026-08-19T22:44:39.709784+00:00,posted
binance:6582464008,binance:BTCUSDT,D,5.49,USD,2026-08-19T22:16:11.330177+00:00,posted
binance:6582464009,binance:BTCUSDT,D,16.48,USD,2026-08-19T20:59:53.308856+00:00,posted
binance:6582464012,binance:BTCUSDT,D,1373.37,USD,2026-08-19T20:52:43.022328+00:00,posted
binance:6582464014,binance:BTCUSDT,D,29.53,USD,2026-08-19T23:03:58.315411+00:00,posted
binance:6582464019,binance:BTCUSDT,D,5.49,USD,2026-08-20T00:17:10.422093+00:00,posted
binance:6582464020,binance:BTCUSDT,D,5.49,USD,2026-08-19T23:28:54.566387+00:00,posted
binance:6582464021,binance:BTCUSDT,D,10.99,USD,2026-08-19T19:18:29.083234+00:00,posted
binance:6582464022,binance:BTCUSDT,D,10.30,USD,2026-08-19T23:31:32.445888+00:00,posted
binance:6582464023,binance:BTCUSDT,D,16.48,USD,2026-08-19T19:22:17.959445+00:00,posted
binance:6582464026,binance:BTCUSDT,D,4048.15,USD,2026-08-19T18:57:38.342009+00:00,posted
binance:6582464027,binance:BTCUSDT,D,5.49,USD,2026-08-19T21:30:32.384396+00:00,posted
binance:6582464028,binance:BTCUSDT,D,1236.09,USD,2026-08-19T23:29:48.899506+00:00,posted
binance:6582464031,binance:BTCUSDT,C,199.83,USD,2026-08-19T19:59:24.363330+00:00,posted
coinbase:1073150298,coinbase:BTC-USD,C,0.00,USD,2026-08-19T19:58:37.501982+00:00,posted
coinbase:1073150299,coinbase:BTC-USD,D,686.41,USD,2026-08-19T21:02:49.390611+00:00,posted
binance:6582464032,binance:BTCUSDT,C,1604.86,USD,2026-08-19T19:50:36.663315+00:00,posted
coinbase:1073150300,coinbase:BTC-USD,D,1243.84,USD,2026-08-19T19:33:13.762629+00:00,posted
binance:6582464033,binance:BTCUSDT,C,70.05,USD,2026-08-19T19:43:17.594217+00:00,posted
binance:6582464034,binance:BTCUSDT,D,20.60,USD,2026-08-19T23:14:30.224494+00:00,posted
coinbase:1073150301,coinbase:BTC-USD,C,0.00,USD,2026-08-19T20:53:19.157735+00:00,posted
binance:6582464035,binance:BTCUSDT,C,1999.72,USD,2026-08-19T22:24:37.424993+00:00,posted
coinbase:1073150302,coinbase:BTC-USD,D,0.01,USD,2026-08-19T21:14:11.265359+00:00,posted
coinbase:1073150303,coinbase:BTC-USD,D,0.01,USD,2026-08-19T22:14:27.894209+00:00,posted
coinbase:1073150304,coinbase:BTC-USD,C,0.00,USD,2026-08-19T20:03:05.239299+00:00,posted
binance:6582464036,binance:BTCUSDT,D,9.61,USD,2026-08-19T20:40:48.757438+00:00,posted
coinbase:1073150305,coinbase:BTC-USD,C,0.00,USD,2026-08-19T19:34:19.397260+00:00,posted
coinbase:1073150306,coinbase:BTC-USD,D,0.47,USD,2026-08-19T18:56:23.037367+00:00,posted
coinbase:1073150307,coinbase:BTC-USD,D,28.49,USD,2026-08-20T18:19:36.594299+00:00,posted
binance:6582464037,binance:BTCUSDT,D,7.55,USD,2026-08-19T19:51:33.828637+00:00,posted
coinbase:1073150308,coinbase:BTC-USD,D,0.00,USD,2026-08-19T19:47:02.380807+00:00,posted
binance:6582464038,binance:BTCUSDT,D,96.83,USD,2026-08-19T21:32:27.735615+00:00,posted
coinbase:1073150310,coinbase:BTC-USD,C,0.00,USD,2026-08-19T23:42:45.198517+00:00,posted
coinbase:1073150311,coinbase:BTC-USD,C,1.16,USD,2026-08-19T20:38:35.787941+00:00,posted
kraken:105348752,kraken:XBTUSD,D,112.52,USD,2026-08-19T19:16:59.375923+00:00,posted
binance:6582464039,binance:BTCUSDT,D,534.95,USD,2026-08-19T22:36:56.992414+00:00,posted
coinbase:1073150313,coinbase:BTC-USD,C,0.00,USD,2026-08-19T20:57:36.412619+00:00,posted
kraken:105348753,kraken:XBTUSD,C,1000.00,USD,2026-08-19T21:15:16.955462+00:00,posted
binance:6582464040,binance:BTCUSDT,C,29.53,USD,2026-08-19T22:36:50.808480+00:00,posted
coinbase:1073150314,coinbase:BTC-USD,D,0.01,USD,2026-08-19T19:55:48.727462+00:00,posted
coinbase:1073150315,coinbase:BTC-USD,C,0.00,USD,2026-08-19T19:30:15.816683+00:00,posted
coinbase:1073150317,coinbase:BTC-USD,D,0.00,USD,2026-08-19T23:09:28.734094+00:00,posted
binance:6582464041,binance:BTCUSDT,D,15.11,USD,2026-08-19T19:59:40.756961+00:00,posted
binance:6582464042,binance:BTCUSDT,C,239.66,USD,2026-08-19T23:04:29.080988+00:00,posted
coinbase:1073150319,coinbase:BTC-USD,C,9942.95,USD,2026-08-19T22:15:37.937048+00:00,posted
coinbase:1073150318,coinbase:BTC-USD,C,14.32,USD,2026-08-19T23:50:44.181125+00:00,posted
binance:6582464043,binance:BTCUSDT,C,79.66,USD,2026-08-19T21:23:30.023448+00:00,posted
coinbase:1073150321,coinbase:BTC-USD,C,10.46,USD,2026-08-19T23:59:11.619940+00:00,posted
coinbase:1073150320,coinbase:BTC-USD,C,1.17,USD,2026-08-19T22:48:49.133767+00:00,posted
coinbase:1073150322,coinbase:BTC-USD,D,0.00,USD,2026-08-19T19:00:23.442485+00:00,posted
binance:6582464044,binance:BTCUSDT,C,135.97,USD,2026-08-19T23:55:40.902786+00:00,posted
binance:6582464045,binance:BTCUSDT,D,1798.51,USD,2026-08-19T18:58:35.044584+00:00,posted
coinbase:1073150323,coinbase:BTC-USD,D,7574.05,USD,2026-08-19T18:50:23.501670+00:00,posted
coinbase:1073150324,coinbase:BTC-USD,D,0.00,USD,2026-08-19T19:06:32.016505+00:00,posted
coinbase:1073150325,coinbase:BTC-USD,D,0.00,USD,2026-08-19T19:00:39.470196+00:00,posted
binance:6582464046,binance:BTCUSDT,C,121.55,USD,2026-08-19T19:45:11.061213+00:00,posted
binance:6582464047,binance:BTCUSDT,D,68.67,USD,2026-08-19T20:29:39.542686+00:00,posted
coinbase:1073150326,coinbase:BTC-USD,D,0.04,USD,2026-08-19T19:17:15.027832+00:00,posted
coinbase:1073150327,coinbase:BTC-USD,D,44.83,USD,2026-08-19T22:20:33.956206+00:00,posted
coinbase:1073150328,coinbase:BTC-USD,D,0.00,USD,2026-08-19T20:27:26.583597+00:00,posted
coinbase:1073150329,coinbase:BTC-USD,C,0.00,USD,2026-08-19T18:55:22.232586+00:00,posted
coinbase:1073150330,coinbase:BTC-USD,D,0.02,USD,2026-08-19T21:12:35.650127+00:00,posted
coinbase:1073150331,coinbase:BTC-USD,C,0.00,USD,2026-08-19T20:50:19.132474+00:00,posted
binance:6582464048,binance:BTCUSDT,D,68.67,USD,2026-08-19T21:18:54.397492+00:00,posted
coinbase:1073150332,coinbase:BTC-USD,D,2032.45,USD,2026-08-21T01:58:55.564051+00:00,posted
coinbase:1073150333,coinbase:BTC-USD,C,0.00,USD,2026-08-19T23:23:18.334975+00:00,posted
binance:6582464049,binance:BTCUSDT,D,96.14,USD,2026-08-19T23:14:52.423035+00:00,posted
binance:6582464050,binance:BTCUSDT,D,68.67,USD,2026-08-19T20:47:01.632504+00:00,posted
binance:6582464051,binance:BTCUSDT,D,68.67,USD,2026-08-20T19:37:49.205301+00:00,posted
coinbase:1073150335,coinbase:BTC-USD,D,0.00,USD,2026-08-20T00:04:29.353572+00:00,posted
coinbase:1073150336,coinbase:BTC-USD,C,0.00,USD,2026-08-19T21:05:06.590998+00:00,posted
coinbase:1073150337,coinbase:BTC-USD,D,0.00,USD,2026-08-19T20:33:14.803672+00:00,posted
binance:6582464052,binance:BTCUSDT,C,6.18,USD,2026-08-19T22:02:43.491145+00:00,posted
coinbase:1073150338,coinbase:BTC-USD,C,0.00,USD,2026-08-22T17:24:23.329245+00:00,posted
coinbase:1073150339,coinbase:BTC-USD,C,0.00,USD,2026-08-19T21:57:37.574059+00:00,posted
coinbase:1073150340,coinbase:BTC-USD,D,0.00,USD,2026-08-19T21:58:48.597445+00:00,posted
coinbase:1073150341,coinbase:BTC-USD,C,0.00,USD,2026-08-19T20:20:57.616918+00:00,posted
binance:6582464053,binance:BTCUSDT,D,22.66,USD,2026-08-19T23:09:51.281631+00:00,posted
coinbase:1073150342,coinbase:BTC-USD,C,0.00,USD,2026-08-19T23:50:52.570127+00:00,posted
binance:6582464054,binance:BTCUSDT,D,99.57,USD,2026-08-19T19:00:38.213650+00:00,posted
binance:6582464055,binance:BTCUSDT,D,20.60,USD,2026-08-19T23:42:34.704507+00:00,posted
coinbase:1073150343,coinbase:BTC-USD,C,0.00,USD,2026-08-19T18:53:58.934057+00:00,posted
coinbase:1073150344,coinbase:BTC-USD,D,0.03,USD,2026-08-19T22:41:01.269213+00:00,posted
coinbase:1073150345,coinbase:BTC-USD,C,40.50,USD,2026-08-19T19:36:27.619935+00:00,posted
binance:6582464056,binance:BTCUSDT,D,5.49,USD,2026-08-19T23:37:11.195309+00:00,posted
coinbase:1073150347,coinbase:BTC-USD,D,113.81,USD,2026-08-20T00:11:09.994468+00:00,posted
coinbase:1073150348,coinbase:BTC-USD,D,0.02,USD,2026-08-19T20:55:01.867010+00:00,posted
coinbase:1073150349,coinbase:BTC-USD,C,0.00,USD,2026-08-19T19:41:05.626243+00:00,posted
binance:6582464057,binance:BTCUSDT,D,3488.52,USD,2026-08-19T22:41:35.185419+00:00,posted
binance:6582464058,binance:BTCUSDT,D,7981.02,USD,2026-08-19T23:15:08.703323+00:00,posted
binance:6582464079,binance:BTCUSDT,D,32.96,USD,2026-08-19T20:38:03.165198+00:00,posted
binance:6582464085,binance:BTCUSDT,D,6.18,USD,2026-08-19T23:57:07.345381+00:00,posted
binance:6582464086,binance:BTCUSDT,D,21.98,USD,2026-08-19T18:54:40.606048+00:00,posted
binance:6582464090,binance:BTCUSDT,D,1805.43,USD,2026-08-19T19:49:30.749451+00:00,posted
binance:6582464092,binance:BTCUSDT,D,7.55,USD,2026-08-19T22:53:56.177679+00:00,posted
binance:6582464093,binance:BTCUSDT,D,16.48,USD,2026-08-19T23:38:16.607989+00:00,posted
binance:6582464096,binance:BTCUSDT,D,889.33,USD,2026-08-19T19:53:01.739434+00:00,posted
binance:6582464097,binance:BTCUSDT,D,1373.48,USD,2026-08-19T21:44:33.069877+00:00,posted
binance:6582464098,binance:BTCUSDT,D,1756.00,USD,2026-08-19T23:59:11.317159+00:00,posted
binance:6582464100,binance:BTCUSDT,D,199.84,USD,2026-08-19T23:22:07.065699+00:00,posted
binance:6582464101,binance:BTCUSDT,D,12.36,USD,2026-08-19T19:42:38.175000+00:00,posted
binance:6582464102,binance:BTCUSDT,D,5.49,USD,2026-08-19T21:21:27.874017+00:00,posted
binance:6582464103,binance:BTCUSDT,D,16.48,USD,2026-08-19T21:31:33.754437+00:00,posted
binance:6582464106,binance:BTCUSDT,D,3005.25,USD,2026-08-19T23:04:50.344610+00:00,posted
binance:6582464108,binance:BTCUSDT,D,10.99,USD,2026-08-19T23:49:16.259917+00:00,posted
binance:6582464109,binance:BTCUSDT,D,5.49,USD,2026-08-19T21:17:53.164266+00:00,posted
binance:6582464110,binance:BTCUSDT,D,16.48,USD,2026-08-19T22:23:27.034574+00:00,posted
binance:6582464113,binance:BTCUSDT,D,5.49,USD,2026-08-19T19:11:32.562260+00:00,posted
binance:6582464114,binance:BTCUSDT,D,11.67,USD,2026-08-19T20:56:09.699612+00:00,posted
binance:6582464116,binance:BTCUSDT,D,5.49,USD,2026-08-19T21:59:13.774083+00:00,posted
binance:6582464117,binance:BTCUSDT,D,5.49,USD,2026-08-19T20:30:15.947421+00:00,posted
binance:6582464118,binance:BTCUSDT,D,5.49,USD,2026-08-19T21:59:02.287168+00:00,posted
binance:6582464119,binance:BTCUSDT,D,5.49,USD,2026-08-22T03:30:25.625590+00:00,posted
binance:6582464120,binance:BTCUSDT,D,5.49,USD,2026-08-19T18:57:23.318091+00:00,posted
binance:6582464121,binance:BTCUSDT,D,5.49,USD,2026-08-19T21:39:21.405156+00:00,posted
binance:6582464122,binance:BTCUSDT,D,17.17,USD,2026-08-19T22:15:04.126387+00:00,posted
binance:6582464123,binance:BTCUSDT,D,398.34,USD,2026-08-19T23:12:14.429290+00:00,posted
binance:6582464124,binance:BTCUSDT,D,92.72,USD,2026-08-19T22:33:07.951925+00:00,posted
binance:6582464126,binance:BTCUSDT,D,6.18,USD,2026-08-19T18:50:31.595610+00:00,posted
binance:6582464127,binance:BTCUSDT,D,253.42,USD,2026-08-19T23:52:21.100407+00:00,posted
binance:6582464128,binance:BTCUSDT,D,14.42,USD,2026-08-19T20:59:38.633029+00:00,posted
binance:6582464130,binance:BTCUSDT,D,305.62,USD,2026-08-19T23:26:18.530791+00:00,posted
binance:6582464131,binance:BTCUSDT,D,488.31,USD,2026-08-19T19:16:54.945526+00:00,posted
binance:6582464132,binance:BTCUSDT,D,1236.22,USD,2026-08-19T18:51:44.898488+00:00,posted
binance:6582464133,binance:BTCUSDT,D,755.47,USD,2026-08-19T20:46:53.507986+00:00,posted
binance:6582464134,binance:BTCUSDT,D,298.07,USD,2026-08-19T21:17:40.650092+00:00,posted
binance:6582464135,binance:BTCUSDT,D,618.11,USD,2026-08-20T00:03:09.650250+00:00,posted
binance:6582464136,binance:BTCUSDT,D,89.97,USD,2026-08-19T22:28:55.305917+00:00,posted
binance:6582464152,binance:BTCUSDT,D,38.46,USD,2026-08-19T21:00:50.438818+00:00,posted
binance:6582464159,binance:BTCUSDT,D,199.86,USD,2026-08-19T22:59:39.464676+00:00,posted
binance:6582464160,binance:BTCUSDT,D,16.48,USD,2026-08-19T20:45:29.102282+00:00,posted
binance:6582464163,binance:BTCUSDT,D,1799.39,USD,2026-08-19T19:46:06.742307+00:00,posted
binance:6582464164,binance:BTCUSDT,D,16.48,USD,2026-08-19T20:19:55.237927+00:00,posted
binance:6582464168,binance:BTCUSDT,D,206.04,USD,2026-08-19T21:16:37.155431+00:00,posted
coinbase:1073150350,coinbase:BTC-USD,C,673.46,USD,2026-08-19T23:16:22.288466+00:00,posted
coinbase:1073150354,coinbase:BTC-USD,C,3000.17,USD,2026-08-19T23:31:43.802800+00:00,posted
coinbase:1073150353,coinbase:BTC-USD,C,544.66,USD,2026-08-19T19:08:16.546763+00:00,posted
coinbase:1073150352,coinbase:BTC-USD,C,7.95,USD,2026-08-19T20:36:35.150937+00:00,posted
coinbase:1073150351,coinbase:BTC-USD,C,1345.41,USD,2026-08-19T23:43:35.375409+00:00,posted
coinbase:1073150355,coinbase:BTC-USD,C,27.46,USD,2026-08-21T08:51:38.487923+00:00,posted
coinbase:1073150356,coinbase:BTC-USD,C,1.17,USD,2026-08-19T22:03:35.082059+00:00,posted
coinbase:1073150357,coinbase:BTC-USD,C,0.00,USD,2026-08-19T20:27:01.160777+00:00,posted
binance:6582464169,binance:BTCUSDT,D,6.87,USD,2026-08-19T23:29:09.286764+00:00,posted
binance:6582464171,binance:BTCUSDT,D,55.63,USD,2026-08-19T21:43:58.107629+00:00,posted
binance:6582464181,binance:BTCUSDT,D,27.47,USD,2026-08-20T00:18:40.899674+00:00,posted
binance:6582464187,binance:BTCUSDT,D,98.90,USD,2026-08-19T23:25:20.939492+00:00,posted
binance:6582464191,binance:BTCUSDT,D,110.58,USD,2026-08-19T23:35:30.120899+00:00,posted
binance:6582464204,binance:BTCUSDT,D,3813.86,USD,2026-08-19T21:18:40.493858+00:00,posted
binance:6582464206,binance:BTCUSDT,D,38.46,USD,2026-08-19T21:04:00.858314+00:00,posted
binance:6582464213,binance:BTCUSDT,D,205.36,USD,2026-08-19T19:40:05.196671+00:00,posted
binance:6582464215,binance:BTCUSDT,D,5.49,USD,2026-08-19T22:21:29.472520+00:00,posted
binance:6582464216,binance:BTCUSDT,D,12.36,USD,2026-08-19T22:50:38.490861+00:00,posted
binance:6582464217,binance:BTCUSDT,D,11.68,USD,2026-08-19T22:52:08.827639+00:00,posted
binance:6582464219,binance:BTCUSDT,D,6.18,USD,2026-08-20T00:13:44.076522+00:00,posted
binance:6582464220,binance:BTCUSDT,D,311.14,USD,2026-08-19T20:21:02.259950+00:00,posted
coinbase:1073150358,coinbase:BTC-USD,C,1.96,USD,2026-08-19T22:01:59.224879+00:00,posted
coinbase:1073150363,coinbase:BTC-USD,C,4966.55,USD,2026-08-19T19:11:09.393863+00:00,posted
coinbase:1073150362,coinbase:BTC-USD,C,1.17,USD,2026-08-19T22:06:06.623230+00:00,posted
coinbase:1073150361,coinbase:BTC-USD,C,1.17,USD,2026-08-19T23:52:40.429288+00:00,posted
coinbase:1073150360,coinbase:BTC-USD,C,268.68,USD,2026-08-19T23:38:55.635081+00:00,posted
coinbase:1073150359,coinbase:BTC-USD,C,2640.02,USD,2026-08-19T20:19:18.538003+00:00,posted
coinbase:1073150364,coinbase:BTC-USD,C,2819.81,USD,2026-08-19T21:52:32.091578+00:00,posted
coinbase:1073150365,coinbase:BTC-USD,C,0.00,USD,2026-08-21T23:34:21.542713+00:00,posted
binance:6582464224,binance:BTCUSDT,D,1236.30,USD,2026-08-19T20:27:55.272408+00:00,posted
binance:6582464225,binance:BTCUSDT,D,755.52,USD,2026-08-19T21:22:26.522140+00:00,posted
binance:6582464226,binance:BTCUSDT,D,206.05,USD,2026-08-19T23:03:26.039304+00:00,posted
coinbase:1073150366,coinbase:BTC-USD,C,0.00,USD,2026-08-19T21:31:43.062133+00:00,posted
binance:6582464227,binance:BTCUSDT,C,901.81,USD,2026-08-20T00:10:37.573194+00:00,posted
binance:6582464229,binance:BTCUSDT,D,9077.89,USD,2026-08-19T22:20:35.015285+00:00,posted
binance:6582464230,binance:BTCUSDT,D,979.43,USD,2026-08-19T21:58:24.799296+00:00,posted
binance:6582464231,binance:BTCUSDT,D,17253.27,USD,2026-08-19T23:42:26.432731+00:00,posted
binance:6582464246,binance:BTCUSDT,D,21.98,USD,2026-08-19T22:16:31.822839+00:00,posted
binance:6582464250,binance:BTCUSDT,D,17.86,USD,2026-08-19T19:35:37.711293+00:00,posted
binance:6582464253,binance:BTCUSDT,D,16.48,USD,2026-08-19T18:49:40.244256+00:00,posted
binance:6582464256,binance:BTCUSDT,D,5.49,USD,2026-08-19T20:12:07.965212+00:00,posted
binance:6582464257,binance:BTCUSDT,D,11.68,USD,2026-08-19T23:37:02.543358+00:00,posted
binance:6582464259,binance:BTCUSDT,D,16.48,USD,2026-08-22T09:22:04.355708+00:00,posted
binance:6582464262,binance:BTCUSDT,D,5.49,USD,2026-08-19T20:46:03.396833+00:00,posted
binance:6582464263,binance:BTCUSDT,D,5.49,USD,2026-08-20T00:11:02.822779+00:00,posted
binance:6582464264,binance:BTCUSDT,D,37.78,USD,2026-08-19T21:41:06.243463+00:00,posted
binance:6582464269,binance:BTCUSDT,D,5.49,USD,2026-08-19T23:36:44.556290+00:00,posted
binance:6582464270,binance:BTCUSDT,D,5.50,USD,2026-08-19T23:27:57.473683+00:00,posted
binance:6582464271,binance:BTCUSDT,D,7.56,USD,2026-08-19T20:04:20.351893+00:00,posted
binance:6582464272,binance:BTCUSDT,D,5.50,USD,2026-08-21T18:52:24.992714+00:00,posted
binance:6582464273,binance:BTCUSDT,D,21.98,USD,2026-08-19T20:23:35.586530+00:00,posted
binance:6582464277,binance:BTCUSDT,D,21.98,USD,2026-08-19T20:48:57.640902+00:00,posted
binance:6582464281,binance:BTCUSDT,D,316.65,USD,2026-08-22T15:49:06.074195+00:00,posted
binance:6582464285,binance:BTCUSDT,D,5.50,USD,2026-08-19T19:11:19.207058+00:00,posted
binance:6582464286,binance:BTCUSDT,D,18.55,USD,2026-08-19T22:52:47.392749+00:00,posted
binance:6582464289,binance:BTCUSDT,D,10.99,USD,2026-08-19T22:35:56.043535+00:00,posted
binance:6582464290,binance:BTCUSDT,D,34.34,USD,2026-08-19T19:55:47.714486+00:00,posted
binance:6582464296,binance:BTCUSDT,D,16.49,USD,2026-08-19T22:58:20.045315+00:00,posted
binance:6582464299,binance:BTCUSDT,D,19.23,USD,2026-08-19T22:09:24.878061+00:00,posted
binance:6582464303,binance:BTCUSDT,D,5.50,USD,2026-08-19T21:40:54.670440+00:00,posted
binance:6582464304,binance:BTCUSDT,D,6.18,USD,2026-08-19T21:39:01.874462+00:00,posted
binance:6582464305,binance:BTCUSDT,D,16.49,USD,2026-08-19T19:24:17.895611+00:00,posted
binance:6582464308,binance:BTCUSDT,D,5.50,USD,2026-08-19T20:10:03.588863+00:00,posted
binance:6582464309,binance:BTCUSDT,D,5.50,USD,2026-08-19T19:44:51.318323+00:00,posted
binance:6582464310,binance:BTCUSDT,D,50.14,USD,2026-08-19T18:59:35.020854+00:00,posted
binance:6582464319,binance:BTCUSDT,D,997.39,USD,2026-08-19T22:47:45.605102+00:00,posted
binance:6582464322,binance:BTCUSDT,D,311.17,USD,2026-08-19T22:14:48.358411+00:00,posted
binance:6582464323,binance:BTCUSDT,D,206.07,USD,2026-08-19T20:25:50.906897+00:00,posted
binance:6582464324,binance:BTCUSDT,D,2785.40,USD,2026-08-22T06:31:01.012325+00:00,posted
binance:6582464325,binance:BTCUSDT,D,1373.81,USD,2026-08-19T19:52:49.648104+00:00,posted
binance:6582464340,binance:BTCUSDT,D,27.48,USD,2026-08-19T23:27:38.552808+00:00,posted
binance:6582464345,binance:BTCUSDT,D,11.68,USD,2026-08-20T00:08:17.557275+00:00,posted
binance:6582464347,binance:BTCUSDT,D,16.49,USD,2026-08-19T19:17:50.494931+00:00,posted
binance:6582464350,binance:BTCUSDT,D,1216.54,USD,2026-08-22T14:38:28.953615+00:00,posted
binance:6582464352,binance:BTCUSDT,D,16.49,USD,2026-08-19T19:19:07.246249+00:00,posted
binance:6582464355,binance:BTCUSDT,D,3956.72,USD,2026-08-19T19:38:40.461076+00:00,posted
binance:6582464357,binance:BTCUSDT,D,5.50,USD,2026-08-19T23:41:48.558949+00:00,posted
binance:6582464358,binance:BTCUSDT,D,5.50,USD,2026-08-22T13:30:56.317869+00:00,posted
binance:6582464359,binance:BTCUSDT,D,7.56,USD,2026-08-19T21:06:02.275313+00:00,posted
kraken:105348755,kraken:XBTUSD,D,50.00,USD,2026-08-19T23:25:11.079204+00:00,posted
kraken:105348756,kraken:XBTUSD,D,20.00,USD,2026-08-19T23:55:30.213995+00:00,posted
kraken:105348757,kraken:XBTUSD,D,68.64,USD,2026-08-19T21:21:10.093583+00:00,posted
kraken:105348758,kraken:XBTUSD,D,68.64,USD,2026-08-19T22:25:03.278079+00:00,posted
kraken:105348759,kraken:XBTUSD,D,6.86,USD,2026-08-19T22:15:27.304449+00:00,posted
binance:6582464360,binance:BTCUSDT,D,7.56,USD,2026-08-19T19:45:49.826635+00:00,posted
coinbase:1073150368,coinbase:BTC-USD,D,0.00,USD,2026-08-19T23:22:23.826347+00:00,posted
binance:6582464362,binance:BTCUSDT,D,255.55,USD,2026-08-21T20:29:54.195301+00:00,posted
coinbase:1073150372,coinbase:BTC-USD,C,133.83,USD,2026-08-19T23:13:08.041686+00:00,posted
coinbase:1073150371,coinbase:BTC-USD,C,1.17,USD,2026-08-19T22:19:46.560829+00:00,posted
coinbase:1073150370,coinbase:BTC-USD,C,1.17,USD,2026-08-19T23:16:35.280437+00:00,posted
coinbase:1073150369,coinbase:BTC-USD,C,1.17,USD,2026-08-19T22:01:01.182605+00:00,posted
kraken:105348761,kraken:XBTUSD,D,6.00,USD,2026-08-19T19:12:36.902756+00:00,posted
binance:6582464363,binance:BTCUSDT,C,8.24,USD,2026-08-19T21:08:09.290539+00:00,posted
binance:6582464364,binance:BTCUSDT,D,686.95,USD,2026-08-19T19:56:09.230919+00:00,posted
binance:6582464365,binance:BTCUSDT,D,1373.91,USD,2026-08-20T00:15:38.126805+00:00,posted
binance:6582464366,binance:BTCUSDT,D,755.65,USD,2026-08-19T21:49:03.270107+00:00,posted
binance:6582464367,binance:BTCUSDT,D,6.87,USD,2026-08-19T19:02:27.150603+00:00,posted
binance:6582464368,binance:BTCUSDT,D,206.09,USD,2026-08-19T19:58:39.890629+00:00,posted
coinbase:1073150373,coinbase:BTC-USD,D,0.01,USD,2026-08-19T20:45:43.613334+00:00,posted
coinbase:1073150379,coinbase:BTC-USD,C,965.54,USD,2026-08-21T22:29:46.188637+00:00,posted
coinbase:1073150378,coinbase:BTC-USD,C,1.17,USD,2026-08-19T21:37:35.922767+00:00,posted
coinbase:1073150377,coinbase:BTC-USD,C,66.66,USD,2026-08-19T22:44:21.062138+00:00,posted
coinbase:1073150376,coinbase:BTC-USD,C,1.17,USD,2026-08-19T21:02:58.096342+00:00,posted
coinbase:1073150375,coinbase:BTC-USD,C,7.95,USD,2026-08-19T21:36:08.806496+00:00,posted
coinbase:1073150374,coinbase:BTC-USD,C,1.17,USD,2026-08-19T21:15:36.571708+00:00,posted
coinbase:1073150380,coinbase:BTC-USD,D,0.01,USD,2026-08-19T18:56:52.257686+00:00,posted
coinbase:1073150381,coinbase:BTC-USD,C,48.20,USD,2026-08-19T18:54:54.307725+00:00,posted
binance:6582464369,binance:BTCUSDT,C,13.05,USD,2026-08-19T19:15:29.647493+00:00,posted
binance:6582464370,binance:BTCUSDT,C,313.25,USD,2026-08-19T21:01:03.178758+00:00,posted
binance:6582464371,binance:BTCUSDT,C,594.22,USD,2026-08-22T00:38:19.956787+00:00,posted
coinbase:1073150382,coinbase:BTC-USD,C,0.00,USD,2026-08-19T18:58:31.672503+00:00,posted
coinbase:1073150383,coinbase:BTC-USD,D,0.60,USD,2026-08-19T22:52:57.059216+00:00,posted
coinbase:1073150384,coinbase:BTC-USD,D,6.35,USD,2026-08-19T23:15:44.370815+00:00,posted
coinbase:1073150385,coinbase:BTC-USD,D,0.01,USD,2026-08-22T01:22:48.866704+00:00,posted
coinbase:1073150386,coinbase:BTC-USD,C,0.00,USD,2026-08-19T22:21:43.080189+00:00,posted
binance:6582464372,binance:BTCUSDT,D,19.92,USD,2026-08-19T23:08:06.246100+00:00,posted
binance:6582464373,binance:BTCUSDT,C,279.59,USD,2026-08-22T09:27:55.162676+00:00,posted
binance:6582464374,binance:BTCUSDT,C,837.40,USD,2026-08-19T23:51:25.424842+00:00,posted
coinbase:1073150387,coinbase:BTC-USD,C,194.44,USD,2026-08-19T23:00:16.777681+00:00,posted
coinbase:1073150388,coinbase:BTC-USD,D,0.00,USD,2026-08-19T19:01:25.990295+00:00,posted
coinbase:1073150389,coinbase:BTC-USD,C,0.00,USD,2026-08-19T21:19:23.178524+00:00,posted
coinbase:1073150390,coinbase:BTC-USD,C,166.07,USD,2026-08-19T21:28:05.250531+00:00,posted
coinbase:1073150391,coinbase:BTC-USD,C,0.00,USD,2026-08-19T21:52:26.510284+00:00,posted
binance:6582464375,binance:BTCUSDT,C,6869.54,USD,2026-08-19T22:09:33.344583+00:00,posted
coinbase:1073150392,coinbase:BTC-USD,D,0.00,USD,2026-08-19T20:20:03.828922+00:00,posted
coinbase:1073150393,coinbase:BTC-USD,C,0.00,USD,2026-08-19T22:28:03.414942+00:00,posted
coinbase:1073150394,coinbase:BTC-USD,C,0.00,USD,2026-08-19T22:27:35.871135+00:00,posted
coinbase:1073150395,coinbase:BTC-USD,D,0.00,USD,2026-08-19T21:19:12.840025+00:00,posted
binance:6582464376,binance:BTCUSDT,D,39.84,USD,2026-08-19T21:08:11.601954+00:00,posted
coinbase:1073150396,coinbase:BTC-USD,C,0.00,USD,2026-08-19T21:37:59.755726+00:00,posted
coinbase:1073150397,coinbase:BTC-USD,D,0.00,USD,2026-08-19T21:40:29.080717+00:00,posted
coinbase:1073150398,coinbase:BTC-USD,C,0.00,USD,2026-08-19T20:03:42.188049+00:00,posted
binance:6582464377,binance:BTCUSDT,C,1328.57,USD,2026-08-19T20:41:00.353601+00:00,posted
binance:6582464378,binance:BTCUSDT,C,103.73,USD,2026-08-19T18:53:44.440180+00:00,posted
coinbase:1073150399,coinbase:BTC-USD,C,0.00,USD,2026-08-19T20:07:17.005979+00:00,posted
binance:6582464379,binance:BTCUSDT,C,68.70,USD,2026-08-22T08:58:53.582983+00:00,posted
coinbase:1073150400,coinbase:BTC-USD,D,0.01,USD,2026-08-19T20:01:18.633999+00:00,posted
coinbase:1073150401,coinbase:BTC-USD,C,0.00,USD,2026-08-19T20:41:39.119666+00:00,posted
coinbase:1073150402,coinbase:BTC-USD,C,0.00,USD,2026-08-19T21:14:33.649159+00:00,posted
coinbase:1073150403,coinbase:BTC-USD,C,0.00,USD,2026-08-19T20:47:20.332015+00:00,posted
binance:6582464380,binance:BTCUSDT,D,2000.41,USD,2026-08-19T21:42:33.312620+00:00,posted
binance:6582464381,binance:BTCUSDT,D,49.46,USD,2026-08-21T17:36:38.023851+00:00,posted
binance:6582464382,binance:BTCUSDT,D,14371.76,USD,2026-08-19T21:39:50.684121+00:00,posted
coinbase:1073150404,coinbase:BTC-USD,C,0.00,USD,2026-08-19T20:21:49.623478+00:00,posted
coinbase:1073150405,coinbase:BTC-USD,D,0.01,USD,2026-08-19T19:23:55.014598+00:00,posted
binance:6582464392,binance:BTCUSDT,C,19.23,USD,2026-08-20T00:03:11.943864+00:00,posted
coinbase:1073150406,coinbase:BTC-USD,C,0.00,USD,2026-08-19T22:40:53.583863+00:00,posted
binance:6582464393,binance:BTCUSDT,C,6.87,USD,2026-08-19T23:58:19.713246+00:00,posted
coinbase:1073150413,coinbase:BTC-USD,D,12033.06,USD,2026-08-19T23:11:09.746048+00:00,posted
coinbase:1073150412,coinbase:BTC-USD,D,75.00,USD,2026-08-19T19:54:52.177433+00:00,posted
coinbase:1073150411,coinbase:BTC-USD,D,16237.15,USD,2026-08-19T21:15:53.423591+00:00,posted
coinbase:1073150410,coinbase:BTC-USD,D,2288.58,USD,2026-08-19T22:56:53.855254+00:00,posted
coinbase:1073150409,coinbase:BTC-USD,D,474.79,USD,2026-08-19T23:05:36.424210+00:00,posted
coinbase:1073150408,coinbase:BTC-USD,D,10832.58,USD,2026-08-19T22:54:47.186459+00:00,posted
coinbase:1073150407,coinbase:BTC-USD,D,2060.07,USD,2026-08-21T22:27:25.917839+00:00,posted
coinbase:1073150414,coinbase:BTC-USD,D,419.99,USD,2026-08-19T22:13:17.452820+00:00,posted
coinbase:1073150416,coinbase:BTC-USD,D,524.97,USD,2026-08-19T23:37:42.296240+00:00,posted
coinbase:1073150415,coinbase:BTC-USD,D,200.47,USD,2026-08-19T22:20:11.260809+00:00,posted
coinbase:1073150418,coinbase:BTC-USD,C,0.00,USD,2026-08-19T21:10:04.714790+00:00,posted
binance:6582464394,binance:BTCUSDT,C,64.57,USD,2026-08-19T21:05:21.022446+00:00,posted
binance:6582464400,binance:BTCUSDT,D,39.84,USD,2026-08-19T23:16:45.364013+00:00,posted
kraken:105348762,kraken:XBTUSD,D,50.00,USD,2026-08-19T23:19:47.479160+00:00,posted
kraken:105348763,kraken:XBTUSD,D,20.00,USD,2026-08-19T23:31:56.554830+00:00,posted
kraken:105348764,kraken:XBTUSD,D,68.64,USD,2026-08-19T23:18:08.494044+00:00,posted
kraken:105348765,kraken:XBTUSD,D,6.86,USD,2026-08-19T22:11:43.792734+00:00,posted
kraken:105348766,kraken:XBTUSD,D,3.50,USD,2026-08-19T22:59:39.277922+00:00,posted
kraken:105348767,kraken:XBTUSD,D,3.50,USD,2026-08-19T19:58:07.894136+00:00,posted
kraken:105348768,kraken:XBTUSD,D,6864.87,USD,2026-08-19T22:01:32.689161+00:00,posted
kraken:105348769,kraken:XBTUSD,D,3488.05,USD,2026-08-19T21:18:52.823402+00:00,posted
kraken:105348770,kraken:XBTUSD,D,3792.86,USD,2026-08-19T22:07:51.419469+00:00,posted
kraken:105348771,kraken:XBTUSD,D,3.50,USD,2026-08-21T06:07:39.834505+00:00,posted
kraken:105348772,kraken:XBTUSD,D,3.50,USD,2026-08-19T19:23:51.623817+00:00,posted
kraken:105348773,kraken:XBTUSD,D,50000.03,USD,2026-08-19T21:54:02.597806+00:00,posted
kraken:105348774,kraken:XBTUSD,D,99.97,USD,2026-08-19T22:43:54.577486+00:00,posted
kraken:105348775,kraken:XBTUSD,D,152.96,USD,2026-08-19T23:23:14.658248+00:00,posted
kraken:105348776,kraken:XBTUSD,D,34100.42,USD,2026-08-19T20:50:55.421709+00:00,posted
binance:6582464401,binance:BTCUSDT,D,30.91,USD,2026-08-19T20:29:48.447576+00:00,posted
coinbase:1073150419,coinbase:BTC-USD,D,0.00,USD,2026-08-19T23:20:32.071810+00:00,posted
binance:6582464402,binance:BTCUSDT,D,6.87,USD,2026-08-19T20:28:25.306877+00:00,posted
binance:6582464403,binance:BTCUSDT,D,12770.47,USD,2026-08-20T00:16:58.379539+00:00,posted
binance:6582464408,binance:BTCUSDT,D,14707.68,USD,2026-08-19T21:50:53.416149+00:00,posted
binance:6582464414,binance:BTCUSDT,D,5210.55,USD,2026-08-19T20:13:18.541892+00:00,posted
binance:6582464415,binance:BTCUSDT,D,15308.08,USD,2026-08-19T21:12:14.246712+00:00,posted
binance:6582464423,binance:BTCUSDT,D,10891.65,USD,2026-08-20T00:01:48.947621+00:00,posted
binance:6582464426,binance:BTCUSDT,D,11380.08,USD,2026-08-19T20:28:21.453957+00:00,posted
binance:6582464432,binance:BTCUSDT,D,5.50,USD,2026-08-19T23:28:45.478919+00:00,posted
binance:6582464433,binance:BTCUSDT,D,11.68,USD,2026-08-19T20:57:41.378895+00:00,posted
binance:6582464435,binance:BTCUSDT,D,16.49,USD,2026-08-19T20:43:22.072903+00:00,posted
binance:6582464438,binance:BTCUSDT,D,1805.33,USD,2026-08-19T20:47:06.994326+00:00,posted
binance:6582464440,binance:BTCUSDT,D,6.18,USD,2026-08-19T19:16:33.765446+00:00,posted
binance:6582464441,binance:BTCUSDT,D,5.50,USD,2026-08-19T20:17:44.758476+00:00,posted
binance:6582464442,binance:BTCUSDT,D,12.37,USD,2026-08-19T23:55:59.548585+00:00,posted
binance:6582464443,binance:BTCUSDT,D,199.91,USD,2026-08-19T19:10:23.722013+00:00,posted
binance:6582464448,binance:BTCUSDT,D,397.76,USD,2026-08-19T19:44:02.190398+00:00,posted
binance:6582464449,binance:BTCUSDT,D,2747.91,USD,2026-08-19T19:20:25.678981+00:00,posted
binance:6582464450,binance:BTCUSDT,D,228.08,USD,2026-08-19T19:13:05.365707+00:00,posted
binance:6582464451,binance:BTCUSDT,D,558.51,USD,2026-08-19T20:23:59.871341+00:00,posted
binance:6582464456,binance:BTCUSDT,D,5.50,USD,2026-08-19T20:04:36.568294+00:00,posted
binance:6582464457,binance:BTCUSDT,D,5.50,USD,2026-08-19T23:25:51.609220+00:00,posted
binance:6582464458,binance:BTCUSDT,D,16.49,USD,2026-08-19T20:56:58.380637+00:00,posted
binance:6582464461,binance:BTCUSDT,D,5.50,USD,2026-08-19T22:42:07.243310+00:00,posted
binance:6582464462,binance:BTCUSDT,D,5.50,USD,2026-08-19T21:55:00.185416+00:00,posted
binance:6582464463,binance:BTCUSDT,D,5.50,USD,2026-08-19T23:16:58.676041+00:00,posted
binance:6582464464,binance:BTCUSDT,D,16.49,USD,2026-08-19T22:52:15.313404+00:00,posted
binance:6582464467,binance:BTCUSDT,D,10.99,USD,2026-08-19T23:16:48.847019+00:00,posted
binance:6582464470,binance:BTCUSDT,D,5.50,USD,2026-08-19T22:19:34.676013+00:00,posted
binance:6582464471,binance:BTCUSDT,D,733.02,USD,2026-08-21T06:44:08.913874+00:00,posted
binance:6582464472,binance:BTCUSDT,D,10993.93,USD,2026-08-19T23:17:19.397539+00:00,posted
binance:6582464474,binance:BTCUSDT,D,199.91,USD,2026-08-19T23:30:47.901117+00:00,posted
binance:6582464475,binance:BTCUSDT,D,5.50,USD,2026-08-19T23:57:13.530326+00:00,posted
binance:6582464476,binance:BTCUSDT,D,5.50,USD,2026-08-19T22:42:43.811497+00:00,posted
binance:6582464477,binance:BTCUSDT,D,5.50,USD,2026-08-19T21:53:28.662969+00:00,posted
binance:6582464478,binance:BTCUSDT,D,1400.11,USD,2026-08-19T20:53:50.436281+00:00,posted
binance:6582464479,binance:BTCUSDT,D,1511.40,USD,2026-08-19T22:07:19.334117+00:00,posted
binance:6582464481,binance:BTCUSDT,D,257.62,USD,2026-08-19T19:15:07.226548+00:00,posted
binance:6582464482,binance:BTCUSDT,D,733.03,USD,2026-08-19T20:32:49.891337+00:00,posted
binance:6582464483,binance:BTCUSDT,D,686.31,USD,2026-08-19T20:08:45.733125+00:00,posted
binance:6582464484,binance:BTCUSDT,D,1084.09,USD,2026-08-20T00:02:56.202790+00:00,posted
binance:6582464485,binance:BTCUSDT,D,379.22,USD,2026-08-19T19:33:29.693339+00:00,posted
binance:6582464486,binance:BTCUSDT,D,774.25,USD,2026-08-19T20:02:03.200413+00:00,posted
binance:6582464487,binance:BTCUSDT,D,684.94,USD,2026-08-19T21:48:59.148530+00:00,posted
binance:6582464488,binance:BTCUSDT,D,1500.41,USD,2026-08-20T00:10:08.230645+00:00,posted
binance:6582464489,binance:BTCUSDT,D,270.68,USD,2026-08-19T23:43:27.486057+00:00,posted
binance:6582464490,binance:BTCUSDT,D,1236.60,USD,2026-08-19T22:13:04.144109+00:00,posted
binance:6582464492,binance:BTCUSDT,D,618.30,USD,2026-08-19T21:18:39.966047+00:00,posted
binance:6582464493,binance:BTCUSDT,D,206.10,USD,2026-08-19T20:20:29.998926+00:00,posted
binance:6582464494,binance:BTCUSDT,C,99.61,USD,2026-08-19T20:19:55.740720+00:00,posted
coinbase:1073150420,coinbase:BTC-USD,C,3000.82,USD,2026-08-19T23:05:45.563916+00:00,posted
coinbase:1073150422,coinbase:BTC-USD,C,1000.00,USD,2026-08-19T21:20:30.495403+00:00,posted
coinbase:1073150421,coinbase:BTC-USD,C,1000.00,USD,2026-08-19T23:49:01.375437+00:00,posted
coinbase:1073150426,coinbase:BTC-USD,C,1991.33,USD,2026-08-19T20:30:45.622797+00:00,posted
coinbase:1073150425,coinbase:BTC-USD,C,26.89,USD,2026-08-19T20:53:46.162837+00:00,posted
coinbase:1073150424,coinbase:BTC-USD,C,264.40,USD,2026-08-19T21:30:58.060827+00:00,posted
coinbase:1073150423,coinbase:BTC-USD,C,200.48,USD,2026-08-19T20:01:23.727535+00:00,posted
coinbase:1073150429,coinbase:BTC-USD,C,17726.30,USD,2026-08-19T23:07:33.097794+00:00,posted
coinbase:1073150428,coinbase:BTC-USD,C,2.42,USD,2026-08-19T23:47:54.659739+00:00,posted
coinbase:1073150427,coinbase:BTC-USD,C,1.17,USD,2026-08-19T22:11:28.003818+00:00,posted
coinbase:1073150430,coinbase:BTC-USD,C,1.17,USD,2026-08-19T22:01:40.088715+00:00,posted
coinbase:1073150431,coinbase:BTC-USD,C,1235.86,USD,2026-08-19T19:49:41.281422+00:00,posted
coinbase:1073150432,coinbase:BTC-USD,C,2.19,USD,2026-08-19T20:53:21.125249+00:00,posted
coinbase:1073150433,coinbase:BTC-USD,C,2.19,USD,2026-08-19T23:17:19.149220+00:00,posted
coinbase:1073150434,coinbase:BTC-USD,C,48.07,USD,2026-08-19T19:04:14.300393+00:00,posted
coinbase:1073150435,coinbase:BTC-USD,C,684.51,USD,2026-08-21T10:42:49.886371+00:00,posted
coinbase:1073150438,coinbase:BTC-USD,C,1792.28,USD,2026-08-19T23:18:07.868915+00:00,posted
coinbase:1073150437,coinbase:BTC-USD,C,1.17,USD,2026-08-20T00:10:25.167354+00:00,posted
coinbase:1073150436,coinbase:BTC-USD,C,1.17,USD,2026-08-19T20:39:47.219753+00:00,posted
coinbase:1073150439,coinbase:BTC-USD,C,48.59,USD,2026-08-19T23:23:52.230029+00:00,posted
coinbase:1073150440,coinbase:BTC-USD,D,0.00,USD,2026-08-19T20:18:51.444287+00:00,posted
binance:6582464495,binance:BTCUSDT,D,2748.00,USD,2026-08-22T08:43:40.901148+00:00,posted
binance:6582464496,binance:BTCUSDT,D,1236.60,USD,2026-08-19T21:01:10.712859+00:00,posted
binance:6582464497,binance:BTCUSDT,D,755.70,USD,2026-08-21T19:26:33.477216+00:00,posted
binance:6582464498,binance:BTCUSDT,D,618.30,USD,2026-08-19T21:58:22.702664+00:00,posted
binance:6582464499,binance:BTCUSDT,D,206.10,USD,2026-08-19T22:58:33.555228+00:00,posted
binance:6582464500,binance:BTCUSDT,D,2748.00,USD,2026-08-19T19:11:12.949707+00:00,posted
coinbase:1073150441,coinbase:BTC-USD,C,137.36,USD,2026-08-19T20:20:28.848606+00:00,posted
coinbase:1073150442,coinbase:BTC-USD,C,0.00,USD,2026-08-19T22:39:00.395192+00:00,posted
binance:6582464509,binance:BTCUSDT,D,2748.00,USD,2026-08-19T21:28:32.040350+00:00,posted
binance:6582464510,binance:BTCUSDT,D,618.30,USD,2026-08-19T19:54:44.314415+00:00,posted
binance:6582464511,binance:BTCUSDT,D,755.70,USD,2026-08-19T19:27:10.693812+00:00,posted
binance:6582464512,binance:BTCUSDT,D,1236.60,USD,2026-08-19T22:03:33.983280+00:00,posted
binance:6582464513,binance:BTCUSDT,D,206.10,USD,2026-08-19T21:23:22.297004+00:00,posted
coinbase:1073150443,coinbase:BTC-USD,C,0.00,USD,2026-08-19T19:59:54.988967+00:00,posted
coinbase:1073150444,coinbase:BTC-USD,C,0.00,USD,2026-08-19T22:36:31.241625+00:00,posted
coinbase:1073150445,coinbase:BTC-USD,C,0.00,USD,2026-08-19T22:01:51.636385+00:00,posted
coinbase:1073150446,coinbase:BTC-USD,D,0.00,USD,2026-08-19T21:14:53.104028+00:00,posted
coinbase:1073150452,coinbase:BTC-USD,C,1.17,USD,2026-08-19T21:09:38.565247+00:00,posted
coinbase:1073150451,coinbase:BTC-USD,C,1991.79,USD,2026-08-19T19:06:30.029847+00:00,posted
coinbase:1073150450,coinbase:BTC-USD,C,1000.00,USD,2026-08-19T20:52:49.756376+00:00,posted
coinbase:1073150449,coinbase:BTC-USD,C,1000.00,USD,2026-08-20T00:07:52.611079+00:00,posted
coinbase:1073150448,coinbase:BTC-USD,C,8000.00,USD,2026-08-20T22:22:13.409032+00:00,posted
coinbase:1073150447,coinbase:BTC-USD,C,2864.23,USD,2026-08-21T05:18:28.577829+00:00,posted
coinbase:1073150453,coinbase:BTC-USD,C,0.00,USD,2026-08-19T21:05:33.760839+00:00,posted
coinbase:1073150455,coinbase:BTC-USD,D,75.00,USD,2026-08-20T00:01:21.978265+00:00,posted
coinbase:1073150456,coinbase:BTC-USD,D,15.32,USD,2026-08-19T19:15:02.071018+00:00,posted
coinbase:1073150457,coinbase:BTC-USD,D,41.95,USD,2026-08-19T19:04:22.952962+00:00,posted
coinbase:1073150458,coinbase:BTC-USD,D,1489.49,USD,2026-08-19T22:17:36.337959+00:00,posted
coinbase:1073150459,coinbase:BTC-USD,D,21.62,USD,2026-08-19T20:28:48.882087+00:00,posted
coinbase:1073150460,coinbase:BTC-USD,D,198.93,USD,2026-08-19T21:19:17.276707+00:00,posted
coinbase:1073150461,coinbase:BTC-USD,D,29.70,USD,2026-08-19T19:36:32.475259+00:00,posted
coinbase:1073150462,coinbase:BTC-USD,D,278.63,USD,2026-08-19T22:00:13.361842+00:00,posted
coinbase:1073150463,coinbase:BTC-USD,C,0.00,USD,2026-08-19T23:54:30.467358+00:00,posted
binance:6582464514,binance:BTCUSDT,C,110.61,USD,2026-08-19T20:52:16.745004+00:00,posted
kraken:105348777,kraken:XBTUSD,C,53.02,USD,2026-08-19T22:42:38.852405+00:00,posted
coinbase:1073150464,coinbase:BTC-USD,D,0.00,USD,2026-08-19T21:02:49.782620+00:00,posted
binance:6582464515,binance:BTCUSDT,C,36312.06,USD,2026-08-20T00:05:52.863149+00:00,posted
binance:6582464518,binance:BTCUSDT,C,10000.66,USD,2026-08-19T20:40:03.686516+00:00,posted
binance:6582464524,binance:BTCUSDT,C,6.87,USD,2026-08-20T00:00:25.076971+00:00,posted
coinbase:1073150466,coinbase:BTC-USD,D,395.62,USD,2026-08-19T18:55:39.564888+00:00,posted
coinbase:1073150465,coinbase:BTC-USD,D,10833.01,USD,2026-08-19T23:23:38.660066+00:00,posted
coinbase:1073150467,coinbase:BTC-USD,D,11.27,USD,2026-08-19T22:53:55.829465+00:00,posted
coinbase:1073150468,coinbase:BTC-USD,D,414.99,USD,2026-08-20T19:38:04.909040+00:00,posted
coinbase:1073150470,coinbase:BTC-USD,D,14804.90,USD,2026-08-19T19:01:32.031208+00:00,posted
coinbase:1073150469,coinbase:BTC-USD,D,991.67,USD,2026-08-19T20:13:56.673389+00:00,posted
coinbase:1073150472,coinbase:BTC-USD,D,998.33,USD,2026-08-21T21:28:00.031174+00:00,posted
coinbase:1073150473,coinbase:BTC-USD,D,1.67,USD,2026-08-22T11:20:18.472480+00:00,posted
coinbase:1073150474,coinbase:BTC-USD,D,1.17,USD,2026-08-19T19:57:20.981299+00:00,posted
coinbase:1073150475,coinbase:BTC-USD,D,199.14,USD,2026-08-19T19:35:50.870615+00:00,posted
coinbase:1073150476,coinbase:BTC-USD,D,91.80,USD,2026-08-19T19:34:31.286424+00:00,posted
coinbase:1073150477,coinbase:BTC-USD,D,908.20,USD,2026-08-19T23:36:13.417876+00:00,posted
coinbase:1073150481,coinbase:BTC-USD,D,686.65,USD,2026-08-19T19:50:12.958679+00:00,posted
coinbase:1073150480,coinbase:BTC-USD,D,1.17,USD,2026-08-19T20:52:20.289120+00:00,posted
coinbase:1073150479,coinbase:BTC-USD,D,3.14,USD,2026-08-19T18:58:31.131645+00:00,posted
coinbase:1073150478,coinbase:BTC-USD,D,1.35,USD,2026-08-19T22:53:21.383921+00:00,posted
binance:6582464526,binance:BTCUSDT,C,24843.97,USD,2026-08-19T23:30:02.712341+00:00,posted
binance:6582464553,binance:BTCUSDT,C,21.98,USD,2026-08-19T19:57:59.196079+00:00,posted
binance:6582464557,binance:BTCUSDT,C,5.50,USD,2026-08-19T19:58:25.755960+00:00,posted
binance:6582464558,binance:BTCUSDT,C,21.98,USD,2026-08-19T19:52:56.426170+00:00,posted
binance:6582464562,binance:BTCUSDT,C,10.99,USD,2026-08-19T20:49:25.673521+00:00,posted
binance:6582464564,binance:BTCUSDT,C,10.99,USD,2026-08-20T00:04:42.118798+00:00,posted
binance:6582464566,binance:BTCUSDT,C,21.98,USD,2026-08-19T20:00:16.663463+00:00,posted
binance:6582464570,binance:BTCUSDT,C,16.49,USD,2026-08-19T22:06:40.610365+00:00,posted
binance:6582464573,binance:BTCUSDT,C,2032.08,USD,2026-08-19T23:33:12.438246+00:00,posted
binance:6582464580,binance:BTCUSDT,C,27.48,USD,2026-08-19T20:39:24.534006+00:00,posted
binance:6582464585,binance:BTCUSDT,C,10.99,USD,2026-08-20T22:03:27.800973+00:00,posted
binance:6582464587,binance:BTCUSDT,C,16.49,USD,2026-08-19T23:04:21.852572+00:00,posted
binance:6582464590,binance:BTCUSDT,C,6003.45,USD,2026-08-19T21:15:31.879004+00:00,posted
binance:6582464591,binance:BTCUSDT,C,45.34,USD,2026-08-19T19:46:36.657327+00:00,posted
binance:6582464599,binance:BTCUSDT,C,50.84,USD,2026-08-21T19:20:45.795050+00:00,posted
binance:6582464608,binance:BTCUSDT,C,27.48,USD,2026-08-19T19:46:48.640291+00:00,posted
binance:6582464613,binance:BTCUSDT,C,5.50,USD,2026-08-19T20:11:06.901886+00:00,posted
binance:6582464614,binance:BTCUSDT,C,1454.97,USD,2026-08-19T22:19:31.883509+00:00,posted
binance:6582464631,binance:BTCUSDT,C,38.47,USD,2026-08-19T23:48:03.299549+00:00,posted
binance:6582464638,binance:BTCUSDT,C,16.49,USD,2026-08-19T20:20:45.279663+00:00,posted
binance:6582464641,binance:BTCUSDT,C,16.49,USD,2026-08-19T22:19:38.196538+00:00,posted
binance:6582464644,binance:BTCUSDT,C,16.49,USD,2026-08-19T22:14:38.310098+00:00,posted
binance:6582464647,binance:BTCUSDT,C,1373.86,USD,2026-08-19T20:46:59.052367+00:00,posted
binance:6582464648,binance:BTCUSDT,C,4070.06,USD,2026-08-19T19:19:49.947145+00:00,posted
binance:6582464649,binance:BTCUSDT,C,5.50,USD,2026-08-20T00:18:32.187486+00:00,posted
binance:6582464650,binance:BTCUSDT,C,7.56,USD,2026-08-19T21:02:50.893951+00:00,posted
binance:6582464651,binance:BTCUSDT,C,6.18,USD,2026-08-22T13:29:38.527235+00:00,posted
binance:6582464652,binance:BTCUSDT,C,16.49,USD,2026-08-20T00:06:22.802379+00:00,posted
binance:6582464655,binance:BTCUSDT,C,5.50,USD,2026-08-19T20:10:42.574722+00:00,posted
binance:6582464656,binance:BTCUSDT,C,32.97,USD,2026-08-19T19:09:25.524691+00:00,posted
binance:6582464657,binance:BTCUSDT,C,5.50,USD,2026-08-19T21:06:52.551410+00:00,posted
binance:6582464658,binance:BTCUSDT,C,47.40,USD,2026-08-22T17:58:10.659065+00:00,posted
binance:6582464659,binance:BTCUSDT,C,5.50,USD,2026-08-19T21:02:51.598731+00:00,posted
binance:6582464660,binance:BTCUSDT,C,1775.64,USD,2026-08-19T20:51:49.318678+00:00,posted
binance:6582464684,binance:BTCUSDT,C,38.47,USD,2026-08-19T21:15:08.413668+00:00,posted
binance:6582464691,binance:BTCUSDT,C,12.36,USD,2026-08-19T20:18:47.830417+00:00,posted
binance:6582464692,binance:BTCUSDT,C,5.50,USD,2026-08-19T21:12:45.275323+00:00,posted
binance:6582464693,binance:BTCUSDT,C,16.49,USD,2026-08-19T20:06:25.930714+00:00,posted
binance:6582464696,binance:BTCUSDT,C,16.49,USD,2026-08-19T22:01:01.183356+00:00,posted
coinbase:1073150483,coinbase:BTC-USD,D,2722.31,USD,2026-08-19T23:54:59.616050+00:00,posted
coinbase:1073150482,coinbase:BTC-USD,D,1.17,USD,2026-08-19T22:18:35.184972+00:00,posted
coinbase:1073150484,coinbase:BTC-USD,D,0.00,USD,2026-08-19T21:51:24.732950+00:00,posted
kraken:105348778,kraken:XBTUSD,C,50.00,USD,2026-08-19T20:11:53.004378+00:00,posted
kraken:105348779,kraken:XBTUSD,C,68.66,USD,2026-08-19T23:38:59.248441+00:00,posted
coinbase:1073150485,coinbase:BTC-USD,D,1.17,USD,2026-08-20T00:16:05.889618+00:00,posted
coinbase:1073150486,coinbase:BTC-USD,D,0.00,USD,2026-08-19T22:04:55.499396+00:00,posted
coinbase:1073150487,coinbase:BTC-USD,C,0.00,USD,2026-08-19T20:41:13.599079+00:00,posted
kraken:105348780,kraken:XBTUSD,C,4710.27,USD,2026-08-22T11:46:03.838406+00:00,posted
kraken:105348781,kraken:XBTUSD,C,50.00,USD,2026-08-19T21:07:29.652602+00:00,posted
kraken:105348782,kraken:XBTUSD,C,50.00,USD,2026-08-19T22:15:47.236459+00:00,posted
binance:6582464699,binance:BTCUSDT,C,6.87,USD,2026-08-19T20:36:21.234091+00:00,posted
coinbase:1073150488,coinbase:BTC-USD,C,16.18,USD,2026-08-19T22:27:01.509745+00:00,posted
coinbase:1073150489,coinbase:BTC-USD,C,0.00,USD,2026-08-19T20:37:51.178616+00:00,posted
binance:6582464701,binance:BTCUSDT,C,926.61,USD,2026-08-19T20:10:44.176971+00:00,posted
binance:6582464718,binance:BTCUSDT,C,16.49,USD,2026-08-19T21:05:43.010929+00:00,posted
binance:6582464721,binance:BTCUSDT,C,10.99,USD,2026-08-21T01:23:07.896736+00:00,posted
binance:6582464723,binance:BTCUSDT,C,10.99,USD,2026-08-19T22:04:13.133543+00:00,posted
binance:6582464725,binance:BTCUSDT,C,10.99,USD,2026-08-19T22:10:13.113596+00:00,posted
binance:6582464727,binance:BTCUSDT,C,16.48,USD,2026-08-19T21:49:44.731168+00:00,posted
binance:6582464730,binance:BTCUSDT,C,72.81,USD,2026-08-22T05:54:28.150380+00:00,posted
binance:6582464743,binance:BTCUSDT,C,27.47,USD,2026-08-19T20:03:33.579265+00:00,posted
binance:6582464748,binance:BTCUSDT,C,16.48,USD,2026-08-19T19:16:55.819850+00:00,posted
binance:6582464751,binance:BTCUSDT,C,1373.73,USD,2026-08-19T23:07:22.340409+00:00,posted
binance:6582464752,binance:BTCUSDT,C,5.49,USD,2026-08-19T22:38:40.268430+00:00,posted
binance:6582464753,binance:BTCUSDT,C,6.18,USD,2026-08-21T18:11:05.793790+00:00,posted
binance:6582464754,binance:BTCUSDT,C,7.56,USD,2026-08-19T19:32:36.246708+00:00,posted
binance:6582464755,binance:BTCUSDT,C,27.47,USD,2026-08-20T00:00:37.532029+00:00,posted
binance:6582464760,binance:BTCUSDT,C,2999.47,USD,2026-08-19T22:11:54.614812+00:00,posted
binance:6582464761,binance:BTCUSDT,C,4035.20,USD,2026-08-20T00:05:53.163925+00:00,posted
binance:6582464762,binance:BTCUSDT,C,6.18,USD,2026-08-19T18:55:44.591930+00:00,posted
binance:6582464763,binance:BTCUSDT,C,16.48,USD,2026-08-19T20:57:01.062298+00:00,posted
binance:6582464766,binance:BTCUSDT,D,54.95,USD,2026-08-19T19:58:04.978266+00:00,posted
coinbase:1073150490,coinbase:BTC-USD,C,0.00,USD,2026-08-19T19:29:51.802142+00:00,posted
binance:6582464767,binance:BTCUSDT,C,99.59,USD,2026-08-19T23:08:05.013987+00:00,posted
binance:6582464768,binance:BTCUSDT,D,29.53,USD,2026-08-19T20:27:44.364204+00:00,posted
coinbase:1073150492,coinbase:BTC-USD,D,10044.29,USD,2026-08-19T21:00:24.808283+00:00,posted
coinbase:1073150491,coinbase:BTC-USD,D,1.16,USD,2026-08-19T20:21:10.797692+00:00,posted
coinbase:1073150494,coinbase:BTC-USD,D,1049.11,USD,2026-08-19T22:00:14.398666+00:00,posted
coinbase:1073150493,coinbase:BTC-USD,D,4.35,USD,2026-08-19T19:43:43.042699+00:00,posted
coinbase:1073150495,coinbase:BTC-USD,D,47.46,USD,2026-08-19T20:27:18.424700+00:00,posted
coinbase:1073150496,coinbase:BTC-USD,D,60.69,USD,2026-08-19T19:57:08.251495+00:00,posted
coinbase:1073150497,coinbase:BTC-USD,D,461.10,USD,2026-08-19T22:06:44.367438+00:00,posted
coinbase:1073150498,coinbase:BTC-USD,D,50.80,USD,2026-08-19T22:56:18.401876+00:00,posted
coinbase:1073150499,coinbase:BTC-USD,D,776.83,USD,2026-08-19T23:15:36.198242+00:00,posted
binance:6582464769,binance:BTCUSDT,D,261.68,USD,2026-08-19T20:28:38.378045+00:00,posted
coinbase:1073150500,coinbase:BTC-USD,D,20.38,USD,2026-08-19T23:20:16.046707+00:00,posted
coinbase:1073150501,coinbase:BTC-USD,D,5697.18,USD,2026-08-19T23:28:47.306436+00:00,posted
coinbase:1073150502,coinbase:BTC-USD,D,63.02,USD,2026-08-19T22:21:19.207721+00:00,posted
coinbase:1073150504,coinbase:BTC-USD,D,1762.86,USD,2026-08-19T20:55:55.692062+00:00,posted
coinbase:1073150503,coinbase:BTC-USD,D,7248.23,USD,2026-08-19T21:21:18.250264+00:00,posted
binance:6582464770,binance:BTCUSDT,D,480.78,USD,2026-08-19T21:18:27.031041+00:00,posted
coinbase:1073150505,coinbase:BTC-USD,D,0.03,USD,2026-08-19T21:05:18.981217+00:00,posted
coinbase:1073150508,coinbase:BTC-USD,D,529.79,USD,2026-08-19T20:03:26.588398+00:00,posted
coinbase:1073150507,coinbase:BTC-USD,D,4.37,USD,2026-08-19T22:07:29.130310+00:00,posted
coinbase:1073150506,coinbase:BTC-USD,D,1.14,USD,2026-08-19T19:45:29.703478+00:00,posted
binance:6582464771,binance:BTCUSDT,C,26.10,USD,2026-08-19T21:57:57.777280+00:00,posted
kraken:105348783,kraken:XBTUSD,C,40.85,USD,2026-08-19T23:05:33.867863+00:00,posted
kraken:105348784,kraken:XBTUSD,C,50.00,USD,2026-08-19T22:07:59.981536+00:00,posted
kraken:105348785,kraken:XBTUSD,C,29.14,USD,2026-08-19T19:00:38.638425+00:00,posted
binance:6582464775,binance:BTCUSDT,C,6.87,USD,2026-08-19T19:53:42.774922+00:00,posted
binance:6582464777,binance:BTCUSDT,C,940.27,USD,2026-08-20T00:10:14.808703+00:00,posted
binance:6582464804,binance:BTCUSDT,C,54.95,USD,2026-08-19T23:52:17.274138+00:00,posted
binance:6582464814,binance:BTCUSDT,C,5.49,USD,2026-08-19T21:28:32.182342+00:00,posted
binance:6582464815,binance:BTCUSDT,C,12.36,USD,2026-08-20T00:05:16.514694+00:00,posted
binance:6582464816,binance:BTCUSDT,C,10.99,USD,2026-08-19T23:11:40.370005+00:00,posted
binance:6582464818,binance:BTCUSDT,C,122.25,USD,2026-08-19T23:21:53.358836+00:00,posted
binance:6582464840,binance:BTCUSDT,C,38.46,USD,2026-08-19T22:37:36.807627+00:00,posted
binance:6582464847,binance:BTCUSDT,C,16.48,USD,2026-08-20T21:44:24.208007+00:00,posted
binance:6582464850,binance:BTCUSDT,C,1373.63,USD,2026-08-19T22:07:37.781503+00:00,posted
coinbase:1073150509,coinbase:BTC-USD,C,21.45,USD,2026-08-19T19:23:41.817994+00:00,posted
coinbase:1073150510,coinbase:BTC-USD,C,0.01,USD,2026-08-19T22:25:26.149859+00:00,posted
binance:6582464852,binance:BTCUSDT,C,1387.36,USD,2026-08-19T22:26:30.347562+00:00,posted
binance:6582464861,binance:BTCUSDT,C,12105.07,USD,2026-08-19T19:05:09.699791+00:00,posted
binance:6582464871,binance:BTCUSDT,C,27.47,USD,2026-08-19T23:46:07.377077+00:00,posted
binance:6582464876,binance:BTCUSDT,C,10.99,USD,2026-08-19T23:50:22.658469+00:00,posted
binance:6582464878,binance:BTCUSDT,C,9.62,USD,2026-08-19T21:54:52.059619+00:00,posted
binance:6582464879,binance:BTCUSDT,C,10.99,USD,2026-08-19T23:31:01.672729+00:00,posted
binance:6582464881,binance:BTCUSDT,C,1490.35,USD,2026-08-19T21:02:51.134141+00:00,posted
coinbase:1073150511,coinbase:BTC-USD,D,0.00,USD,2026-08-19T19:00:21.019454+00:00,posted
binance:6582464903,binance:BTCUSDT,C,61.81,USD,2026-08-19T23:38:36.195193+00:00,posted
binance:6582464914,binance:BTCUSDT,C,32.97,USD,2026-08-22T10:19:57.454238+00:00,posted
binance:6582464920,binance:BTCUSDT,C,11.68,USD,2026-08-20T00:04:32.516470+00:00,posted
binance:6582464922,binance:BTCUSDT,C,27.47,USD,2026-08-19T20:14:32.784792+00:00,posted
binance:6582464927,binance:BTCUSDT,C,54.94,USD,2026-08-19T23:57:51.801394+00:00,posted
binance:6582464937,binance:BTCUSDT,C,16.48,USD,2026-08-21T21:44:17.176760+00:00,posted
binance:6582464940,binance:BTCUSDT,C,78.98,USD,2026-08-19T19:09:14.305632+00:00,posted
binance:6582464954,binance:BTCUSDT,C,27.47,USD,2026-08-19T19:14:06.819252+00:00,posted
binance:6582464959,binance:BTCUSDT,C,18.54,USD,2026-08-19T21:29:44.150606+00:00,posted
coinbase:1073150512,coinbase:BTC-USD,D,242.32,USD,2026-08-19T21:48:50.222182+00:00,posted
coinbase:1073150514,coinbase:BTC-USD,D,9715.42,USD,2026-08-19T19:22:05.891858+00:00,posted
coinbase:1073150513,coinbase:BTC-USD,D,960.66,USD,2026-08-19T19:17:58.953404+00:00,posted
coinbase:1073150515,coinbase:BTC-USD,D,46.79,USD,2026-08-19T19:56:32.935968+00:00,posted
coinbase:1073150517,coinbase:BTC-USD,D,2.94,USD,2026-08-19T22:42:15.450117+00:00,posted
coinbase:1073150516,coinbase:BTC-USD,D,1067.85,USD,2026-08-19T20:31:34.882923+00:00,posted
coinbase:1073150520,coinbase:BTC-USD,D,24.70,USD,2026-08-19T18:54:49.294414+00:00,posted
coinbase:1073150519,coinbase:BTC-USD,D,1.17,USD,2026-08-19T23:48:31.064361+00:00,posted
coinbase:1073150518,coinbase:BTC-USD,D,1.17,USD,2026-08-19T18:50:53.362867+00:00,posted
coinbase:1073150524,coinbase:BTC-USD,D,72.94,USD,2026-08-19T21:41:19.093147+00:00,posted
coinbase:1073150523,coinbase:BTC-USD,D,1.17,USD,2026-08-19T19:18:35.798511+00:00,posted
coinbase:1073150522,coinbase:BTC-USD,D,24.70,USD,2026-08-22T06:20:19.116508+00:00,posted
coinbase:1073150521,coinbase:BTC-USD,D,1.17,USD,2026-08-19T20:28:09.817744+00:00,posted
coinbase:1073150525,coinbase:BTC-USD,D,0.01,USD,2026-08-19T21:29:22.818555+00:00,posted
binance:6582464965,binance:BTCUSDT,D,14.42,USD,2026-08-19T23:04:25.895744+00:00,posted
coinbase:1073150528,coinbase:BTC-USD,C,3247.24,USD,2026-08-20T00:09:29.496847+00:00,posted
coinbase:1073150527,coinbase:BTC-USD,C,3247.22,USD,2026-08-19T21:37:47.904121+00:00,posted
coinbase:1073150526,coinbase:BTC-USD,C,3020.08,USD,2026-08-19T20:26:40.758921+00:00,posted
coinbase:1073150529,coinbase:BTC-USD,D,0.00,USD,2026-08-19T22:09:11.340164+00:00,posted
kraken:105348786,kraken:XBTUSD,C,54.03,USD,2026-08-19T23:09:43.136068+00:00,posted
coinbase:1073150530,coinbase:BTC-USD,C,42.31,USD,2026-08-19T20:29:01.498613+00:00,posted
coinbase:1073150531,coinbase:BTC-USD,D,0.00,USD,2026-08-19T22:26:29.448439+00:00,posted
binance:6582464966,binance:BTCUSDT,D,19.23,USD,2026-08-19T23:07:41.316534+00:00,posted
binance:6582464967,binance:BTCUSDT,C,33.65,USD,2026-08-19T19:45:21.222476+00:00,posted
coinbase:1073150532,coinbase:BTC-USD,C,395.84,USD,2026-08-19T19:28:44.336669+00:00,posted
coinbase:1073150533,coinbase:BTC-USD,D,141.34,USD,2026-08-19T19:05:16.875611+00:00,posted
coinbase:1073150534,coinbase:BTC-USD,C,0.00,USD,2026-08-19T19:16:40.405176+00:00,posted
binance:6582464973,binance:BTCUSDT,C,99.58,USD,2026-08-19T20:38:52.498682+00:00,posted
binance:6582464981,binance:BTCUSDT,D,1199.10,USD,2026-08-19T22:28:25.421027+00:00,posted
binance:6582464983,binance:BTCUSDT,D,1199.10,USD,2026-08-19T19:50:42.737840+00:00,posted
binance:6582464984,binance:BTCUSDT,D,1199.10,USD,2026-08-19T20:40:44.201163+00:00,posted
binance:6582464985,binance:BTCUSDT,D,2997.75,USD,2026-08-19T19:47:23.832154+00:00,posted
binance:6582464986,binance:BTCUSDT,D,2997.75,USD,2026-08-19T22:53:32.880560+00:00,posted
binance:6582464987,binance:BTCUSDT,D,2997.75,USD,2026-08-19T18:50:08.854631+00:00,posted
binance:6582464989,binance:BTCUSDT,D,8700.00,USD,2026-08-19T20:22:52.241948+00:00,posted
binance:6582464991,binance:BTCUSDT,D,1199.10,USD,2026-08-19T19:10:56.018669+00:00,posted
binance:6582464992,binance:BTCUSDT,D,1199.10,USD,2026-08-19T22:02:07.167795+00:00,posted
binance:6582464993,binance:BTCUSDT,D,1199.10,USD,2026-08-19T22:11:57.846333+00:00,posted
binance:6582464994,binance:BTCUSDT,D,2864.52,USD,2026-08-19T23:51:23.977555+00:00,posted
binance:6582464995,binance:BTCUSDT,D,2864.52,USD,2026-08-19T20:58:19.378395+00:00,posted
binance:6582464997,binance:BTCUSDT,D,2997.75,USD,2026-08-19T21:57:39.148118+00:00,posted
binance:6582464999,binance:BTCUSDT,D,3379.59,USD,2026-08-19T20:02:22.864129+00:00,posted
binance:6582465000,binance:BTCUSDT,D,770.56,USD,2026-08-19T21:12:16.113675+00:00,posted
binance:6582465001,binance:BTCUSDT,D,179.25,USD,2026-08-19T22:28:24.413052+00:00,posted
binance:6582465002,binance:BTCUSDT,D,73768.69,USD,2026-08-19T20:50:08.216292+00:00,posted
binance:6582465022,binance:BTCUSDT,D,5.49,USD,2026-08-19T20:27:14.560192+00:00,posted
binance:6582465023,binance:BTCUSDT,D,5.49,USD,2026-08-20T00:16:21.291192+00:00,posted
binance:6582465024,binance:BTCUSDT,D,274.71,USD,2026-08-19T22:48:32.274140+00:00,posted
binance:6582465025,binance:BTCUSDT,D,22.66,USD,2026-08-19T20:58:05.319305+00:00,posted
binance:6582465029,binance:BTCUSDT,D,901.07,USD,2026-08-19T22:25:06.457908+00:00,posted
binance:6582465031,binance:BTCUSDT,D,899.69,USD,2026-08-19T18:58:01.566532+00:00,posted
binance:6582465032,binance:BTCUSDT,D,899.69,USD,2026-08-19T18:52:07.238224+00:00,posted
binance:6582465033,binance:BTCUSDT,D,231.45,USD,2026-08-19T23:32:57.563220+00:00,posted
binance:6582465037,binance:BTCUSDT,D,5.49,USD,2026-08-19T20:20:03.135840+00:00,posted
binance:6582465038,binance:BTCUSDT,D,16.48,USD,2026-08-19T18:51:09.793101+00:00,posted
binance:6582465041,binance:BTCUSDT,D,945.03,USD,2026-08-19T21:37:31.970638+00:00,posted
binance:6582465042,binance:BTCUSDT,D,5.49,USD,2026-08-19T21:08:24.331388+00:00,posted
binance:6582465043,binance:BTCUSDT,D,5.49,USD,2026-08-19T19:02:51.341069+00:00,posted
binance:6582465044,binance:BTCUSDT,D,12.36,USD,2026-08-19T21:16:21.520306+00:00,posted
binance:6582465046,binance:BTCUSDT,D,5.49,USD,2026-08-19T23:38:52.528018+00:00,posted
binance:6582465050,binance:BTCUSDT,D,5.49,USD,2026-08-21T15:54:21.983538+00:00,posted
binance:6582465051,binance:BTCUSDT,D,16.48,USD,2026-08-19T22:07:19.142185+00:00,posted
binance:6582465054,binance:BTCUSDT,D,5.49,USD,2026-08-20T00:15:36.796122+00:00,posted
binance:6582465055,binance:BTCUSDT,D,5.49,USD,2026-08-19T19:22:34.696030+00:00,posted
binance:6582465056,binance:BTCUSDT,D,16.48,USD,2026-08-19T19:35:55.170166+00:00,posted
binance:6582465059,binance:BTCUSDT,D,1324.16,USD,2026-08-19T19:45:05.252478+00:00,posted
binance:6582465060,binance:BTCUSDT,D,82.42,USD,2026-08-19T19:26:13.092371+00:00,posted
binance:6582465061,binance:BTCUSDT,D,1757.53,USD,2026-08-19T23:11:05.272395+00:00,posted
binance:6582465062,binance:BTCUSDT,D,605.07,USD,2026-08-19T20:05:10.444739+00:00,posted
binance:6582465063,binance:BTCUSDT,D,494.50,USD,2026-08-19T19:49:12.378634+00:00,posted
binance:6582465064,binance:BTCUSDT,D,501.37,USD,2026-08-19T20:23:10.337327+00:00,posted
binance:6582465065,binance:BTCUSDT,D,487.63,USD,2026-08-19T21:24:55.590642+00:00,posted
binance:6582465066,binance:BTCUSDT,D,859.88,USD,2026-08-19T21:43:03.932000+00:00,posted
binance:6582465067,binance:BTCUSDT,D,590.65,USD,2026-08-19T22:09:27.672647+00:00,posted
binance:6582465068,binance:BTCUSDT,D,2593.37,USD,2026-08-19T19:00:01.563662+00:00,posted
binance:6582465074,binance:BTCUSDT,D,2953.26,USD,2026-08-19T19:02:21.429784+00:00,posted
binance:6582465076,binance:BTCUSDT,D,2170.99,USD,2026-08-19T20:17:54.905391+00:00,posted
binance:6582465077,binance:BTCUSDT,D,8290.42,USD,2026-08-19T19:27:42.246122+00:00,posted
binance:6582465082,binance:BTCUSDT,D,10.99,USD,2026-08-19T23:07:27.725070+00:00,posted
binance:6582465084,binance:BTCUSDT,D,11.68,USD,2026-08-19T23:58:22.018517+00:00,posted
binance:6582465086,binance:BTCUSDT,D,5.49,USD,2026-08-19T18:59:17.055829+00:00,posted
binance:6582465087,binance:BTCUSDT,D,2927.20,USD,2026-08-19T23:05:00.182872+00:00,posted
binance:6582465092,binance:BTCUSDT,D,5.49,USD,2026-08-20T00:08:39.182396+00:00,posted
binance:6582465093,binance:BTCUSDT,D,6.87,USD,2026-08-19T23:55:36.361633+00:00,posted
binance:6582465095,binance:BTCUSDT,D,21.98,USD,2026-08-19T22:21:42.926366+00:00,posted
binance:6582465099,binance:BTCUSDT,D,5.49,USD,2026-08-19T23:54:14.990106+00:00,posted
binance:6582465101,binance:BTCUSDT,D,5.49,USD,2026-08-19T20:24:56.494356+00:00,posted
binance:6582465102,binance:BTCUSDT,D,5.49,USD,2026-08-19T23:58:21.945049+00:00,posted
binance:6582465103,binance:BTCUSDT,D,5.49,USD,2026-08-19T21:30:58.608463+00:00,posted
binance:6582465104,binance:BTCUSDT,D,16.48,USD,2026-08-19T22:07:05.122162+00:00,posted
binance:6582465107,binance:BTCUSDT,D,127.06,USD,2026-08-19T20:08:46.215945+00:00,posted
binance:6582465111,binance:BTCUSDT,D,5.49,USD,2026-08-19T21:47:49.885186+00:00,posted
binance:6582465112,binance:BTCUSDT,D,5.49,USD,2026-08-19T18:57:18.833802+00:00,posted
binance:6582465113,binance:BTCUSDT,D,16.48,USD,2026-08-19T22:14:45.768569+00:00,posted
binance:6582465116,binance:BTCUSDT,D,5.49,USD,2026-08-19T22:44:32.428793+00:00,posted
coinbase:1073150535,coinbase:BTC-USD,C,20.72,USD,2026-08-19T20:28:54.383337+00:00,posted
binance:6582465117,binance:BTCUSDT,D,1794.03,USD,2026-08-19T23:37:06.418023+00:00,posted
coinbase:1073150538,coinbase:BTC-USD,C,128.56,USD,2026-08-19T23:00:58.822012+00:00,posted
coinbase:1073150537,coinbase:BTC-USD,C,420.02,USD,2026-08-19T19:21:02.012423+00:00,posted
coinbase:1073150536,coinbase:BTC-USD,C,685.64,USD,2026-08-19T20:24:29.637166+00:00,posted
coinbase:1073150540,coinbase:BTC-USD,C,525.04,USD,2026-08-19T23:13:26.370994+00:00,posted
coinbase:1073150539,coinbase:BTC-USD,C,2870.50,USD,2026-08-19T23:41:07.957407+00:00,posted
coinbase:1073150541,coinbase:BTC-USD,C,2952.64,USD,2026-08-19T19:01:29.970013+00:00,posted
coinbase:1073150542,coinbase:BTC-USD,C,46.42,USD,2026-08-21T20:59:13.443850+00:00,posted
coinbase:1073150543,coinbase:BTC-USD,C,1.17,USD,2026-08-19T18:56:55.941452+00:00,posted
binance:6582465118,binance:BTCUSDT,D,577.63,USD,2026-08-19T20:43:07.186923+00:00,posted
binance:6582465119,binance:BTCUSDT,D,1005.53,USD,2026-08-19T21:54:02.058870+00:00,posted
binance:6582465120,binance:BTCUSDT,D,9052.55,USD,2026-08-19T18:57:42.763217+00:00,posted
binance:6582465121,binance:BTCUSDT,D,981.49,USD,2026-08-19T21:22:49.252192+00:00,posted
binance:6582465127,binance:BTCUSDT,D,5.49,USD,2026-08-19T19:27:34.093136+00:00,posted
binance:6582465128,binance:BTCUSDT,D,5.49,USD,2026-08-19T20:02:42.989801+00:00,posted
binance:6582465129,binance:BTCUSDT,D,5.49,USD,2026-08-19T22:48:51.630827+00:00,posted
binance:6582465130,binance:BTCUSDT,D,5.49,USD,2026-08-19T20:12:10.505011+00:00,posted
binance:6582465131,binance:BTCUSDT,D,5.49,USD,2026-08-19T20:08:32.106649+00:00,posted
binance:6582465132,binance:BTCUSDT,D,5.49,USD,2026-08-19T22:06:14.974975+00:00,posted
binance:6582465134,binance:BTCUSDT,D,5.49,USD,2026-08-19T21:51:49.482992+00:00,posted
coinbase:1073150544,coinbase:BTC-USD,C,34.62,USD,2026-08-19T23:51:25.340523+00:00,posted
coinbase:1073150545,coinbase:BTC-USD,C,39.56,USD,2026-08-19T22:04:57.660800+00:00,posted
coinbase:1073150546,coinbase:BTC-USD,C,35.59,USD,2026-08-19T23:02:58.488357+00:00,posted
coinbase:1073150547,coinbase:BTC-USD,C,10.18,USD,2026-08-19T20:21:18.498548+00:00,posted
binance:6582465135,binance:BTCUSDT,D,18.55,USD,2026-08-19T22:52:33.104355+00:00,posted
binance:6582465138,binance:BTCUSDT,D,16.48,USD,2026-08-19T22:08:23.311145+00:00,posted
binance:6582465141,binance:BTCUSDT,D,5.49,USD,2026-08-19T22:19:54.131899+00:00,posted
binance:6582465142,binance:BTCUSDT,D,7.56,USD,2026-08-19T20:48:02.867905+00:00,posted
binance:6582465143,binance:BTCUSDT,D,5.50,USD,2026-08-19T22:10:02.193452+00:00,posted
binance:6582465144,binance:BTCUSDT,D,16.49,USD,2026-08-19T18:54:21.502039+00:00,posted
binance:6582465147,binance:BTCUSDT,D,16.49,USD,2026-08-19T21:08:12.499703+00:00,posted
binance:6582465150,binance:BTCUSDT,D,11.68,USD,2026-08-19T21:18:45.475687+00:00,posted
binance:6582465152,binance:BTCUSDT,D,5.50,USD,2026-08-19T21:16:01.236043+00:00,posted
binance:6582465153,binance:BTCUSDT,D,12.36,USD,2026-08-19T21:16:03.358364+00:00,posted
binance:6582465154,binance:BTCUSDT,D,6.18,USD,2026-08-22T02:11:27.838169+00:00,posted
binance:6582465155,binance:BTCUSDT,D,16.49,USD,2026-08-19T19:35:41.268603+00:00,posted
binance:6582465158,binance:BTCUSDT,D,1235.05,USD,2026-08-19T18:56:14.817598+00:00,posted
coinbase:1073150548,coinbase:BTC-USD,C,1839.83,USD,2026-08-19T21:27:31.434465+00:00,posted
coinbase:1073150549,coinbase:BTC-USD,C,96.11,USD,2026-08-19T22:12:01.864155+00:00,posted
binance:6582465159,binance:BTCUSDT,D,17.86,USD,2026-08-19T23:29:36.823478+00:00,posted
coinbase:1073150550,coinbase:BTC-USD,C,0.00,USD,2026-08-19T20:28:54.631262+00:00,posted
coinbase:1073150551,coinbase:BTC-USD,C,1839.02,USD,2026-08-19T21:34:07.174062+00:00,posted
binance:6582465162,binance:BTCUSDT,D,5.50,USD,2026-08-19T20:36:06.563108+00:00,posted
coinbase:1073150557,coinbase:BTC-USD,C,200.46,USD,2026-08-19T18:52:30.188220+00:00,posted
coinbase:1073150556,coinbase:BTC-USD,C,26.45,USD,2026-08-19T19:50:15.889287+00:00,posted
coinbase:1073150555,coinbase:BTC-USD,C,2.69,USD,2026-08-19T23:46:47.904177+00:00,posted
coinbase:1073150552,coinbase:BTC-USD,C,13.47,USD,2026-08-19T20:31:03.733806+00:00,posted
binance:6582465163,binance:BTCUSDT,D,17.86,USD,2026-08-19T20:42:20.771626+00:00,posted
binance:6582465166,binance:BTCUSDT,D,6.18,USD,2026-08-19T21:00:55.754485+00:00,posted
binance:6582465167,binance:BTCUSDT,D,24.04,USD,2026-08-21T09:27:37.226409+00:00,posted
binance:6582465171,binance:BTCUSDT,D,5.50,USD,2026-08-20T00:05:11.439078+00:00,posted
binance:6582465172,binance:BTCUSDT,D,10.99,USD,2026-08-19T20:56:15.636788+00:00,posted
binance:6582465173,binance:BTCUSDT,D,165.55,USD,2026-08-19T21:55:18.388912+00:00,posted
binance:6582465174,binance:BTCUSDT,D,215.01,USD,2026-08-19T19:42:59.625343+00:00,posted
binance:6582465179,binance:BTCUSDT,D,5.50,USD,2026-08-19T21:18:42.157255+00:00,posted
coinbase:1073150558,coinbase:BTC-USD,D,1270.56,USD,2026-08-19T23:01:14.235742+00:00,posted
binance:6582465180,binance:BTCUSDT,D,1373.87,USD,2026-08-19T19:37:08.140417+00:00,posted
binance:6582465184,binance:BTCUSDT,D,686.94,USD,2026-08-19T22:32:27.042181+00:00,posted
coinbase:1073150559,coinbase:BTC-USD,C,137.32,USD,2026-08-19T19:49:18.473036+00:00,posted
coinbase:1073150560,coinbase:BTC-USD,C,1.17,USD,2026-08-19T19:16:43.906721+00:00,posted
coinbase:1073150572,coinbase:BTC-USD,C,11251.85,USD,2026-08-19T23:53:37.213695+00:00,posted
coinbase:1073150571,coinbase:BTC-USD,C,50.02,USD,2026-08-19T20:57:09.208905+00:00,posted
coinbase:1073150570,coinbase:BTC-USD,C,12163.40,USD,2026-08-19T22:09:10.083601+00:00,posted
coinbase:1073150569,coinbase:BTC-USD,C,5899.72,USD,2026-08-19T23:48:04.543143+00:00,posted
coinbase:1073150568,coinbase:BTC-USD,C,1.50,USD,2026-08-19T22:07:30.952203+00:00,posted
coinbase:1073150567,coinbase:BTC-USD,C,1.17,USD,2026-08-19T19:22:13.420069+00:00,posted
coinbase:1073150566,coinbase:BTC-USD,C,712.62,USD,2026-08-19T19:41:17.177847+00:00,posted
coinbase:1073150565,coinbase:BTC-USD,C,50.03,USD,2026-08-19T19:32:43.321299+00:00,posted
coinbase:1073150564,coinbase:BTC-USD,C,18829.57,USD,2026-08-19T21:03:53.050362+00:00,posted
coinbase:1073150563,coinbase:BTC-USD,C,5174.29,USD,2026-08-19T23:03:17.239396+00:00,posted
coinbase:1073150562,coinbase:BTC-USD,C,1.17,USD,2026-08-19T20:48:00.901962+00:00,posted
coinbase:1073150561,coinbase:BTC-USD,C,1.17,USD,2026-08-19T19:47:35.726605+00:00,posted
binance:6582465187,binance:BTCUSDT,D,5495.48,USD,2026-08-19T22:08:50.761455+00:00,posted
binance:6582465188,binance:BTCUSDT,D,1373.87,USD,2026-08-20T00:16:21.365581+00:00,posted
coinbase:1073150573,coinbase:BTC-USD,C,3021.79,USD,2026-08-19T19:31:07.925208+00:00,posted
binance:6582465189,binance:BTCUSDT,D,548.86,USD,2026-08-19T19:00:22.883046+00:00,posted
binance:6582465190,binance:BTCUSDT,D,688.31,USD,2026-08-19T23:26:21.382159+00:00,posted
binance:6582465191,binance:BTCUSDT,D,368.20,USD,2026-08-19T21:34:31.366059+00:00,posted
binance:6582465192,binance:BTCUSDT,D,365.45,USD,2026-08-19T23:06:57.808432+00:00,posted
coinbase:1073150576,coinbase:BTC-USD,C,3116.41,USD,2026-08-19T18:51:59.460824+00:00,posted
coinbase:1073150575,coinbase:BTC-USD,C,3000.29,USD,2026-08-19T21:07:25.319800+00:00,posted
kraken:105348787,kraken:XBTUSD,C,50.00,USD,2026-08-19T19:05:34.428610+00:00,posted
kraken:105348788,kraken:XBTUSD,C,2341.09,USD,2026-08-19T22:21:40.341288+00:00,posted
kraken:105348789,kraken:XBTUSD,C,501.30,USD,2026-08-19T22:13:45.304072+00:00,posted
kraken:105348790,kraken:XBTUSD,C,2235.94,USD,2026-08-19T21:30:16.028215+00:00,posted
kraken:105348791,kraken:XBTUSD,C,7551.90,USD,2026-08-19T18:50:10.020555+00:00,posted
kraken:105348792,kraken:XBTUSD,C,26461.17,USD,2026-08-19T19:50:08.580653+00:00,posted
kraken:105348793,kraken:XBTUSD,C,4778.29,USD,2026-08-19T20:42:12.713549+00:00,posted
kraken:105348794,kraken:XBTUSD,C,31935.75,USD,2026-08-22T10:43:32.600542+00:00,posted
kraken:105348795,kraken:XBTUSD,C,49999.94,USD,2026-08-19T22:46:24.443743+00:00,posted
kraken:105348796,kraken:XBTUSD,C,250.00,USD,2026-08-19T21:31:55.341896+00:00,posted
kraken:105348797,kraken:XBTUSD,C,3.50,USD,2026-08-19T20:51:04.830654+00:00,posted
kraken:105348798,kraken:XBTUSD,C,252.58,USD,2026-08-19T20:31:29.465772+00:00,posted
kraken:105348799,kraken:XBTUSD,C,3.50,USD,2026-08-19T22:00:40.668476+00:00,posted
kraken:105348800,kraken:XBTUSD,C,4777.81,USD,2026-08-19T23:45:59.859167+00:00,posted
kraken:105348801,kraken:XBTUSD,C,99.95,USD,2026-08-19T20:23:45.162043+00:00,posted
kraken:105348802,kraken:XBTUSD,C,6062.55,USD,2026-08-19T22:49:22.934593+00:00,posted
binance:6582465193,binance:BTCUSDT,D,2076.61,USD,2026-08-19T19:34:36.208333+00:00,posted
binance:6582465194,binance:BTCUSDT,D,206.08,USD,2026-08-20T00:07:04.247621+00:00,posted
coinbase:1073150577,coinbase:BTC-USD,D,0.00,USD,2026-08-19T21:24:10.004627+00:00,posted
binance:6582465195,binance:BTCUSDT,D,84.49,USD,2026-08-19T21:45:51.978564+00:00,posted
binance:6582465209,binance:BTCUSDT,D,16.49,USD,2026-08-19T21:15:03.005500+00:00,posted
binance:6582465212,binance:BTCUSDT,D,5.50,USD,2026-08-19T20:10:21.625356+00:00,posted
binance:6582465215,binance:BTCUSDT,D,16.49,USD,2026-08-19T22:12:25.168163+00:00,posted
binance:6582465218,binance:BTCUSDT,D,312.57,USD,2026-08-19T20:45:53.712472+00:00,posted
binance:6582465228,binance:BTCUSDT,D,16.49,USD,2026-08-19T22:40:15.518288+00:00,posted
binance:6582465231,binance:BTCUSDT,D,6.18,USD,2026-08-21T15:59:24.351854+00:00,posted
binance:6582465232,binance:BTCUSDT,D,12.37,USD,2026-08-20T00:09:19.475993+00:00,posted
binance:6582465233,binance:BTCUSDT,D,5.50,USD,2026-08-19T20:41:41.016391+00:00,posted
binance:6582465234,binance:BTCUSDT,D,3955.65,USD,2026-08-19T22:26:54.287968+00:00,posted
binance:6582465235,binance:BTCUSDT,D,5.50,USD,2026-08-19T23:00:10.768059+00:00,posted
coinbase:1073150578,coinbase:BTC-USD,C,0.00,USD,2026-08-19T21:52:14.147793+00:00,posted
coinbase:1073150579,coinbase:BTC-USD,C,137.35,USD,2026-08-19T22:23:19.959210+00:00,posted
coinbase:1073150580,coinbase:BTC-USD,C,137.35,USD,2026-08-19T19:07:37.423732+00:00,posted
binance:6582465236,binance:BTCUSDT,D,1374.00,USD,2026-08-19T23:12:33.199788+00:00,posted
binance:6582465241,binance:BTCUSDT,D,2748.00,USD,2026-08-19T19:40:55.976316+00:00,posted
binance:6582465242,binance:BTCUSDT,D,2679.30,USD,2026-08-19T22:32:17.977195+00:00,posted
binance:6582465243,binance:BTCUSDT,D,68.70,USD,2026-08-19T22:16:05.621922+00:00,posted
binance:6582465244,binance:BTCUSDT,D,206.10,USD,2026-08-19T21:15:17.192939+00:00,posted
coinbase:1073150581,coinbase:BTC-USD,D,0.01,USD,2026-08-19T23:22:02.538492+00:00,posted
binance:6582465251,binance:BTCUSDT,D,6.87,USD,2026-08-19T19:39:22.815599+00:00,posted
coinbase:1073150583,coinbase:BTC-USD,D,10335.85,USD,2026-08-19T19:30:07.148366+00:00,posted
coinbase:1073150582,coinbase:BTC-USD,D,75.00,USD,2026-08-19T19:40:44.870151+00:00,posted
coinbase:1073150584,coinbase:BTC-USD,D,100.07,USD,2026-08-19T20:54:24.993076+00:00,posted
coinbase:1073150585,coinbase:BTC-USD,D,75.00,USD,2026-08-19T22:47:14.831536+00:00,posted
binance:6582465252,binance:BTCUSDT,D,206.10,USD,2026-08-22T01:52:32.824336+00:00,posted
binance:6582465253,binance:BTCUSDT,D,586.70,USD,2026-08-19T21:33:49.748672+00:00,posted
coinbase:1073150586,coinbase:BTC-USD,C,0.00,USD,2026-08-21T23:25:33.945236+00:00,posted
coinbase:1073150587,coinbase:BTC-USD,D,162.70,USD,2026-08-19T19:02:42.673391+00:00,posted
binance:6582465254,binance:BTCUSDT,D,6446.12,USD,2026-08-19T20:10:17.748036+00:00,posted
binance:6582465272,binance:BTCUSDT,D,59.08,USD,2026-08-19T23:04:33.493000+00:00,posted
binance:6582465283,binance:BTCUSDT,D,192.36,USD,2026-08-19T22:57:46.364365+00:00,posted
binance:6582465284,binance:BTCUSDT,D,345.56,USD,2026-08-19T22:39:28.459690+00:00,posted
coinbase:1073150588,coinbase:BTC-USD,D,1.48,USD,2026-08-19T22:41:30.236965+00:00,posted
coinbase:1073150589,coinbase:BTC-USD,D,0.01,USD,2026-08-19T20:43:12.753550+00:00,posted
binance:6582465285,binance:BTCUSDT,D,991.34,USD,2026-08-19T21:35:13.778014+00:00,posted
binance:6582465286,binance:BTCUSDT,C,12.37,USD,2026-08-19T22:11:39.754925+00:00,posted
coinbase:1073150590,coinbase:BTC-USD,D,37.80,USD,2026-08-19T21:27:29.394691+00:00,posted
binance:6582465287,binance:BTCUSDT,D,93.43,USD,2026-08-19T22:44:59.666166+00:00,posted
coinbase:1073150592,coinbase:BTC-USD,D,9435.27,USD,2026-08-21T04:00:25.012729+00:00,posted
coinbase:1073150591,coinbase:BTC-USD,D,644.95,USD,2026-08-19T21:05:42.456710+00:00,posted
coinbase:1073150593,coinbase:BTC-USD,D,14.43,USD,2026-08-19T23:40:41.532737+00:00,posted
coinbase:1073150594,coinbase:BTC-USD,D,55.27,USD,2026-08-19T19:58:54.442368+00:00,posted
coinbase:1073150595,coinbase:BTC-USD,D,100.26,USD,2026-08-19T19:03:06.952041+00:00,posted
coinbase:1073150596,coinbase:BTC-USD,D,0.01,USD,2026-08-22T12:07:24.265313+00:00,posted
coinbase:1073150597,coinbase:BTC-USD,D,0.00,USD,2026-08-19T23:14:46.180183+00:00,posted
coinbase:1073150598,coinbase:BTC-USD,D,0.00,USD,2026-08-19T21:10:44.189754+00:00,posted
binance:6582465288,binance:BTCUSDT,C,7.56,USD,2026-08-19T21:11:45.828081+00:00,posted
coinbase:1073150599,coinbase:BTC-USD,C,0.00,USD,2026-08-19T23:38:51.536709+00:00,posted
binance:6582465289,binance:BTCUSDT,D,6.87,USD,2026-08-20T21:17:35.144130+00:00,posted
binance:6582465290,binance:BTCUSDT,C,656.08,USD,2026-08-19T21:30:30.009753+00:00,posted
coinbase:1073150600,coinbase:BTC-USD,D,486.73,USD,2026-08-19T20:33:45.888868+00:00,posted
coinbase:1073150601,coinbase:BTC-USD,D,0.00,USD,2026-08-20T00:07:02.933834+00:00,posted
binance:6582465291,binance:BTCUSDT,D,559.90,USD,2026-08-19T21:30:53.045167+00:00,posted
coinbase:1073150602,coinbase:BTC-USD,C,0.00,USD,2026-08-19T22:31:29.042276+00:00,posted
binance:6582465292,binance:BTCUSDT,C,99.61,USD,2026-08-19T22:57:27.893455+00:00,posted
coinbase:1073150605,coinbase:BTC-USD,D,706.60,USD,2026-08-19T21:15:08.387122+00:00,posted
coinbase:1073150604,coinbase:BTC-USD,D,420.00,USD,2026-08-19T21:10:02.945731+00:00,posted
binance:6582465293,binance:BTCUSDT,C,21.30,USD,2026-08-19T23:18:11.072092+00:00,posted
coinbase:1073150606,coinbase:BTC-USD,C,0.00,USD,2026-08-19T22:43:12.539531+00:00,posted
binance:6582465294,binance:BTCUSDT,C,19.24,USD,2026-08-19T18:56:40.436420+00:00,posted
coinbase:1073150607,coinbase:BTC-USD,D,40.49,USD,2026-08-19T19:35:05.365670+00:00,posted
coinbase:1073150609,coinbase:BTC-USD,D,1292.74,USD,2026-08-21T13:35:28.838163+00:00,posted
coinbase:1073150608,coinbase:BTC-USD,D,379.51,USD,2026-08-19T20:37:25.610959+00:00,posted
binance:6582465295,binance:BTCUSDT,C,6.87,USD,2026-08-19T20:39:40.487243+00:00,posted
coinbase:1073150611,coinbase:BTC-USD,D,420.00,USD,2026-08-20T20:55:43.285842+00:00,posted
coinbase:1073150612,coinbase:BTC-USD,C,0.00,USD,2026-08-19T19:31:13.397228+00:00,posted
coinbase:1073150613,coinbase:BTC-USD,C,247.51,USD,2026-08-19T21:07:25.475416+00:00,posted
coinbase:1073150615,coinbase:BTC-USD,D,686.70,USD,2026-08-19T22:06:37.329867+00:00,posted
coinbase:1073150614,coinbase:BTC-USD,D,1.17,USD,2026-08-19T20:34:58.862760+00:00,posted
binance:6582465296,binance:BTCUSDT,C,212.28,USD,2026-08-19T20:14:27.787465+00:00,posted
coinbase:1073150616,coinbase:BTC-USD,D,2.39,USD,2026-08-19T23:35:27.438592+00:00,posted
coinbase:1073150617,coinbase:BTC-USD,D,0.01,USD,2026-08-19T21:13:45.648803+00:00,posted
coinbase:1073150618,coinbase:BTC-USD,C,0.00,USD,2026-08-19T20:52:02.121522+00:00,posted
coinbase:1073150619,coinbase:BTC-USD,D,0.00,USD,2026-08-19T19:54:09.986508+00:00,posted
binance:6582465298,binance:BTCUSDT,C,5.50,USD,2026-08-19T21:21:48.590797+00:00,posted
coinbase:1073150620,coinbase:BTC-USD,C,0.00,USD,2026-08-21T18:56:40.225376+00:00,posted
binance:6582465299,binance:BTCUSDT,C,11.68,USD,2026-08-19T22:30:00.726263+00:00,posted
coinbase:1073150621,coinbase:BTC-USD,C,47.41,USD,2026-08-19T20:24:11.911070+00:00,posted
coinbase:1073150622,coinbase:BTC-USD,D,0.00,USD,2026-08-19T21:32:08.503785+00:00,posted
binance:6582465300,binance:BTCUSDT,C,59.08,USD,2026-08-19T23:32:39.944969+00:00,posted
coinbase:1073150623,coinbase:BTC-USD,D,1.04,USD,2026-08-19T19:27:53.423051+00:00,posted
coinbase:1073150624,coinbase:BTC-USD,D,0.00,USD,2026-08-19T22:39:55.075103+00:00,posted
coinbase:1073150633,coinbase:BTC-USD,C,2.50,USD,2026-08-19T22:23:57.067222+00:00,posted
coinbase:1073150632,coinbase:BTC-USD,C,1.17,USD,2026-08-19T19:20:25.835249+00:00,posted
coinbase:1073150631,coinbase:BTC-USD,C,1.17,USD,2026-08-19T22:34:08.971079+00:00,posted
coinbase:1073150630,coinbase:BTC-USD,C,12163.54,USD,2026-08-20T00:14:36.287238+00:00,posted
coinbase:1073150629,coinbase:BTC-USD,C,12009.43,USD,2026-08-19T20:09:44.118458+00:00,posted
coinbase:1073150628,coinbase:BTC-USD,C,1991.73,USD,2026-08-19T22:50:48.916482+00:00,posted
coinbase:1073150627,coinbase:BTC-USD,C,1.17,USD,2026-08-19T19:08:03.197676+00:00,posted
coinbase:1073150626,coinbase:BTC-USD,C,1.17,USD,2026-08-19T22:41:34.983944+00:00,posted
coinbase:1073150625,coinbase:BTC-USD,C,2.65,USD,2026-08-19T22:46:24.213210+00:00,posted
coinbase:1073150639,coinbase:BTC-USD,C,4708.59,USD,2026-08-19T21:01:36.427223+00:00,posted
coinbase:1073150638,coinbase:BTC-USD,C,406.62,USD,2026-08-19T18:53:25.110743+00:00,posted
coinbase:1073150637,coinbase:BTC-USD,C,12010.24,USD,2026-08-19T22:17:29.221974+00:00,posted
coinbase:1073150636,coinbase:BTC-USD,C,32026.14,USD,2026-08-19T23:29:36.753347+00:00,posted
coinbase:1073150635,coinbase:BTC-USD,C,729.18,USD,2026-08-19T23:16:11.082793+00:00,posted
coinbase:1073150634,coinbase:BTC-USD,C,3000.41,USD,2026-08-19T18:50:58.463565+00:00,posted
coinbase:1073150640,coinbase:BTC-USD,D,0.00,USD,2026-08-19T18:58:28.407437+00:00,posted
coinbase:1073150641,coinbase:BTC-USD,D,0.00,USD,2026-08-19T19:05:43.160916+00:00,posted
coinbase:1073150642,coinbase:BTC-USD,C,0.00,USD,2026-08-19T22:32:35.800154+00:00,posted
coinbase:1073150643,coinbase:BTC-USD,C,0.00,USD,2026-08-19T23:52:31.906026+00:00,posted
coinbase:1073150644,coinbase:BTC-USD,D,404.01,USD,2026-08-19T23:19:12.128199+00:00,posted
coinbase:1073150645,coinbase:BTC-USD,D,0.01,USD,2026-08-19T23:36:33.165035+00:00,posted
coinbase:1073150646,coinbase:BTC-USD,C,0.00,USD,2026-08-20T00:17:12.071467+00:00,posted
coinbase:1073150647,coinbase:BTC-USD,D,0.03,USD,2026-08-19T23:29:46.180049+00:00,posted
coinbase:1073150648,coinbase:BTC-USD,C,0.00,USD,2026-08-19T20:55:18.113280+00:00,posted
coinbase:1073150649,coinbase:BTC-USD,C,14.58,USD,2026-08-19T21:37:42.217209+00:00,posted
coinbase:1073150650,coinbase:BTC-USD,C,0.00,USD,2026-08-19T22:37:42.482321+00:00,posted
coinbase:1073150651,coinbase:BTC-USD,C,94.91,USD,2026-08-19T21:34:09.594566+00:00,posted
coinbase:1073150652,coinbase:BTC-USD,D,0.01,USD,2026-08-19T19:17:52.863691+00:00,posted
coinbase:1073150653,coinbase:BTC-USD,C,0.00,USD,2026-08-19T18:52:27.004543+00:00,posted
coinbase:1073150654,coinbase:BTC-USD,C,0.00,USD,2026-08-19T22:33:02.539066+00:00,posted
coinbase:1073150657,coinbase:BTC-USD,D,180.77,USD,2026-08-19T20:23:58.053411+00:00,posted
coinbase:1073150656,coinbase:BTC-USD,D,3.35,USD,2026-08-22T08:54:39.878470+00:00,posted
coinbase:1073150655,coinbase:BTC-USD,D,15.94,USD,2026-08-19T21:55:07.822697+00:00,posted
coinbase:1073150658,coinbase:BTC-USD,C,0.00,USD,2026-08-19T21:07:56.844689+00:00,posted
coinbase:1073150659,coinbase:BTC-USD,D,0.00,USD,2026-08-19T23:24:46.759948+00:00,posted
coinbase:1073150660,coinbase:BTC-USD,D,0.00,USD,2026-08-19T19:51:33.141903+00:00,posted
coinbase:1073150661,coinbase:BTC-USD,C,0.00,USD,2026-08-19T20:51:32.695206+00:00,posted
coinbase:1073150662,coinbase:BTC-USD,C,0.00,USD,2026-08-19T23:49:15.324068+00:00,posted
coinbase:1073150663,coinbase:BTC-USD,C,0.00,USD,2026-08-19T20:53:04.397260+00:00,posted
coinbase:1073150664,coinbase:BTC-USD,D,0.00,USD,2026-08-20T00:09:23.891781+00:00,posted
coinbase:1073150665,coinbase:BTC-USD,D,1.45,USD,2026-08-19T19:15:08.676702+00:00,posted
coinbase:1073150666,coinbase:BTC-USD,D,0.00,USD,2026-08-19T20:25:52.485266+00:00,posted
coinbase:1073150667,coinbase:BTC-USD,C,0.00,USD,2026-08-22T13:30:31.505307+00:00,posted
coinbase:1073150668,coinbase:BTC-USD,C,0.00,USD,2026-08-19T23:44:48.224512+00:00,posted
coinbase:1073150669,coinbase:BTC-USD,D,0.01,USD,2026-08-19T21:48:05.488832+00:00,posted
coinbase:1073150670,coinbase:BTC-USD,C,0.00,USD,2026-08-19T20:23:55.459774+00:00,posted
coinbase:1073150672,coinbase:BTC-USD,C,283.64,USD,2026-08-19T19:09:48.761955+00:00,posted
coinbase:1073150671,coinbase:BTC-USD,C,7.94,USD,2026-08-19T21:03:28.194049+00:00,posted
coinbase:1073150673,coinbase:BTC-USD,C,0.00,USD,2026-08-19T20:41:46.619763+00:00,posted
coinbase:1073150674,coinbase:BTC-USD,D,0.01,USD,2026-08-19T23:24:42.026840+00:00,posted
coinbase:1073150675,coinbase:BTC-USD,C,31.69,USD,2026-08-19T22:18:55.354084+00:00,posted
coinbase:1073150676,coinbase:BTC-USD,C,98.88,USD,2026-08-21T04:45:15.720190+00:00,posted
coinbase:1073150677,coinbase:BTC-USD,D,0.01,USD,2026-08-19T20:35:06.878406+00:00,posted
coinbase:1073150678,coinbase:BTC-USD,D,53.54,USD,2026-08-19T19:54:38.859506+00:00,posted
coinbase:1073150679,coinbase:BTC-USD,D,1.55,USD,2026-08-19T18:53:34.862816+00:00,posted
coinbase:1073150680,coinbase:BTC-USD,D,220.00,USD,2026-08-19T21:40:00.005523+00:00,posted
coinbase:1073150681,coinbase:BTC-USD,D,0.01,USD,2026-08-19T20:22:37.163845+00:00,posted
kraken:105348803,kraken:XBTUSD,D,50.00,USD,2026-08-21T15:57:56.153008+00:00,posted
kraken:105348804,kraken:XBTUSD,D,20.00,USD,2026-08-19T19:19:43.367200+00:00,posted
kraken:105348805,kraken:XBTUSD,D,68.65,USD,2026-08-19T19:01:53.994526+00:00,posted
kraken:105348806,kraken:XBTUSD,D,68.65,USD,2026-08-19T23:10:25.534115+00:00,posted
kraken:105348807,kraken:XBTUSD,D,6.87,USD,2026-08-19T21:03:12.408869+00:00,posted
kraken:105348808,kraken:XBTUSD,D,97.12,USD,2026-08-19T22:38:36.913637+00:00,posted
kraken:105348809,kraken:XBTUSD,D,3.50,USD,2026-08-19T19:57:00.677102+00:00,posted
kraken:105348810,kraken:XBTUSD,D,4352.95,USD,2026-08-19T21:13:28.842368+00:00,posted
kraken:105348811,kraken:XBTUSD,D,40.52,USD,2026-08-21T13:00:42.324976+00:00,posted
kraken:105348812,kraken:XBTUSD,C,161.25,USD,2026-08-19T21:40:23.781168+00:00,posted
kraken:105348813,kraken:XBTUSD,D,20.00,USD,2026-08-19T19:17:47.408710+00:00,posted
kraken:105348814,kraken:XBTUSD,D,50.00,USD,2026-08-19T23:22:27.411615+00:00,posted
kraken:105348815,kraken:XBTUSD,D,6.87,USD,2026-08-19T20:47:14.404478+00:00,posted
kraken:105348816,kraken:XBTUSD,D,68.66,USD,2026-08-19T21:41:42.759095+00:00,posted
kraken:105348817,kraken:XBTUSD,D,3.50,USD,2026-08-19T19:42:25.358104+00:00,posted
kraken:105348818,kraken:XBTUSD,D,3.50,USD,2026-08-19T23:35:04.480012+00:00,posted
kraken:105348819,kraken:XBTUSD,D,3.50,USD,2026-08-21T05:46:08.352388+00:00,posted
kraken:105348820,kraken:XBTUSD,D,343.96,USD,2026-08-19T19:52:14.605109+00:00,posted
