trade_id_ref,expected_settle_date,actual_settle_date,settlement_status,settlement_amount,currency
kraken:105347813,2026-08-20,2026-08-19,settled,22.17,USD
kraken:105347814,2026-08-20,2026-08-19,settled,894.85,USD
kraken:105347815,2026-08-20,2026-08-19,settled,917.02,USD
kraken:105347816,2026-08-20,2026-08-19,settled,917.02,USD
kraken:105347817,2026-08-20,2026-08-19,settled,917.02,USD
kraken:105347818,2026-08-20,2026-08-19,settled,30.38,USD
kraken:105347819,2026-08-20,2026-08-19,settled,4.10,USD
kraken:105347820,2026-08-20,2026-08-19,settled,357.53,USD
kraken:105347822,2026-08-21,2026-08-20,settled,1654.05,USD
kraken:105347823,2026-08-20,2026-08-19,settled,4466.65,USD
kraken:105347824,2026-08-20,2026-08-19,settled,238.34,USD
kraken:105347825,2026-08-20,2026-08-22,settled,873.93,USD
kraken:105347826,2026-08-20,2026-08-19,settled,317.79,USD
kraken:105347827,2026-08-20,2026-08-19,settled,15473.06,USD
kraken:105347828,2026-08-20,2026-08-19,settled,68.59,USD
kraken:105347829,2026-08-20,2026-08-19,settled,18523.50,USD
kraken:105347830,2026-08-20,2026-08-19,settled,8910.54,USD
kraken:105347831,2026-08-20,2026-08-19,settled,50.00,USD
kraken:105347832,2026-08-20,2026-08-19,settled,6.86,USD
kraken:105347834,2026-08-20,2026-08-19,settled,4648.51,USD
kraken:105347835,2026-08-20,2026-08-19,settled,3.50,USD
kraken:105347836,2026-08-20,2026-08-19,settled,6859.87,USD
kraken:105347837,2026-08-20,2026-08-19,settled,50.00,USD
kraken:105347838,2026-08-20,2026-08-19,settled,19.97,USD
kraken:105347839,2026-08-20,2026-08-19,settled,50.00,USD
kraken:105347840,2026-08-20,2026-08-19,settled,4775.40,USD
kraken:105347841,2026-08-20,2026-08-19,settled,13308.03,USD
kraken:105347842,2026-08-20,2026-08-19,settled,99.97,USD
kraken:105347843,2026-08-21,2026-08-20,settled,50.01,USD
kraken:105347844,2026-08-24,2026-08-21,settled,8.37,USD
kraken:105347845,2026-08-20,2026-08-19,settled,50.00,USD
kraken:105347846,2026-08-20,2026-08-19,settled,68.63,USD
kraken:105347847,2026-08-20,2026-08-19,settled,196.83,USD
kraken:105347848,2026-08-20,2026-08-19,settled,50.00,USD
kraken:105347849,2026-08-20,2026-08-19,settled,3.50,USD
kraken:105347850,2026-08-20,2026-08-19,settled,159.24,USD
kraken:105347851,2026-08-20,2026-08-19,settled,3.50,USD
kraken:105347852,2026-08-20,2026-08-19,settled,28.74,USD
kraken:105347853,2026-08-20,2026-08-19,settled,18.58,USD
kraken:105347855,2026-08-20,2026-08-19,settled,24102.74,USD
kraken:105347856,2026-08-20,2026-08-19,settled,3.43,USD
kraken:105347857,2026-08-20,2026-08-19,settled,1028.96,USD
kraken:105347858,2026-08-20,2026-08-19,settled,68.60,USD
kraken:105347859,2026-08-24,2026-08-21,settled,50.00,USD
kraken:105347861,2026-08-20,2026-08-19,settled,68.60,USD
kraken:105347862,2026-08-20,2026-08-19,settled,1158.35,USD
kraken:105347864,2026-08-20,2026-08-19,settled,585.65,USD
kraken:105347865,2026-08-20,2026-08-19,settled,46.57,USD
kraken:105347866,2026-08-20,2026-08-19,settled,1509.14,USD
kraken:105347867,2026-08-24,2026-08-21,settled,372.89,USD
kraken:105347868,2026-08-20,2026-08-19,settled,540.31,USD
kraken:105347869,2026-08-20,2026-08-19,settled,7.83,USD
kraken:105347870,2026-08-20,2026-08-19,settled,42.17,USD
kraken:105347871,2026-08-20,2026-08-19,settled,68.60,USD
kraken:105347872,2026-08-20,2026-08-19,settled,6.86,USD
kraken:105347873,2026-08-20,2026-08-19,settled,392.33,USD
kraken:105347874,2026-08-20,2026-08-19,settled,5350.59,USD
kraken:105347875,2026-08-20,2026-08-19,settled,3241.25,USD
kraken:105347876,2026-08-20,2026-08-19,settled,2286.38,USD
kraken:105347877,2026-08-24,2026-08-22,settled,9997.18,USD
kraken:105347878,2026-08-20,2026-08-19,settled,10.45,USD
kraken:105347879,2026-08-20,2026-08-19,settled,6.65,USD
kraken:105347880,2026-08-20,2026-08-19,settled,404.65,USD
kraken:105347881,2026-08-20,2026-08-19,settled,28.00,USD
kraken:105347882,2026-08-20,2026-08-19,settled,37.45,USD
kraken:105347883,2026-08-20,2026-08-19,settled,1885.69,USD
kraken:105347884,2026-08-20,2026-08-19,settled,68.60,USD
kraken:105347885,2026-08-20,2026-08-19,settled,50.00,USD
kraken:105347886,2026-08-20,2026-08-19,settled,1225.21,USD
kraken:105347888,2026-08-20,2026-08-19,settled,99.99,USD
kraken:105347889,2026-08-20,2026-08-19,settled,784.56,USD
kraken:105347890,2026-08-20,2026-08-19,settled,4999.25,USD
kraken:105347891,2026-08-20,2026-08-19,settled,50000.00,USD
kraken:105347892,2026-08-24,2026-08-21,settled,432.07,USD
kraken:105347893,2026-08-24,2026-08-21,settled,50.00,USD
kraken:105347894,2026-08-20,2026-08-19,settled,68.58,USD
kraken:105347895,2026-08-20,2026-08-21,settled,20.37,USD
kraken:105347896,2026-08-20,2026-08-19,settled,11.18,USD
kraken:105347897,2026-08-20,2026-08-19,settled,68.58,USD
kraken:105347898,2026-08-20,2026-08-21,settled,6.86,USD
kraken:105347899,2026-08-20,2026-08-19,settled,5348.99,USD
kraken:105347900,2026-08-20,2026-08-19,settled,3421.46,USD
kraken:105347901,2026-08-20,2026-08-19,settled,14799.62,USD
kraken:105347902,2026-08-20,2026-08-19,settled,12.48,USD
kraken:105347903,2026-08-20,2026-08-19,settled,124.67,USD
kraken:105347904,2026-08-20,2026-08-19,settled,50.00,USD
kraken:105347905,2026-08-20,2026-08-19,settled,68.58,USD
kraken:105347906,2026-08-20,2026-08-19,settled,3.50,USD
kraken:105347907,2026-08-20,2026-08-19,settled,738.03,USD
kraken:105347908,2026-08-20,2026-08-19,settled,21.00,USD
kraken:105347909,2026-08-20,2026-08-19,settled,50.00,USD
kraken:105347910,2026-08-20,2026-08-19,settled,5348.62,USD
kraken:105347911,2026-08-20,2026-08-19,settled,299.95,USD
kraken:105347912,2026-08-20,2026-08-19,settled,99.97,USD
kraken:105347913,2026-08-20,2026-08-19,settled,49.98,USD
kraken:105347914,2026-08-20,2026-08-19,settled,0.02,USD
kraken:105347915,2026-08-24,2026-08-21,settled,4100.21,USD
kraken:105347916,2026-08-20,2026-08-19,settled,3.50,USD
kraken:105347917,2026-08-20,2026-08-19,settled,4191.14,USD
kraken:105347918,2026-08-24,2026-08-22,settled,784.44,USD
kraken:105347919,2026-08-20,2026-08-19,settled,26226.97,USD
kraken:105347920,2026-08-20,2026-08-19,settled,17266.38,USD
kraken:105347921,2026-08-20,2026-08-19,settled,8136.01,USD
kraken:105347922,2026-08-20,2026-08-19,settled,784.44,USD
kraken:105347923,2026-08-20,2026-08-21,settled,26226.97,USD
kraken:105347924,2026-08-20,2026-08-19,settled,19251.86,USD
kraken:105347925,2026-08-20,2026-08-19,settled,11537.53,USD
kraken:105347926,2026-08-20,2026-08-19,settled,784.44,USD
kraken:105347927,2026-08-20,2026-08-19,settled,3420.13,USD
kraken:105347928,2026-08-20,2026-08-19,settled,21127.82,USD
kraken:105347930,2026-08-20,2026-08-19,settled,100.00,USD
kraken:105347931,2026-08-20,2026-08-21,settled,50.00,USD
kraken:105347932,2026-08-24,2026-08-22,settled,99.95,USD
kraken:105347933,2026-08-20,2026-08-19,settled,3.50,USD
kraken:105347935,2026-08-20,2026-08-19,settled,31673.21,USD
kraken:105347936,2026-08-20,2026-08-19,settled,3255.99,USD
kraken:105347937,2026-08-20,2026-08-19,settled,50.00,USD
kraken:105347938,2026-08-20,2026-08-19,settled,50.00,USD
kraken:105347939,2026-08-20,2026-08-19,settled,5786.22,USD
kraken:105347940,2026-08-20,2026-08-21,settled,68.55,USD
kraken:105347941,2026-08-20,2026-08-19,settled,50.00,USD
kraken:105347942,2026-08-20,2026-08-19,settled,6.85,USD
kraken:105347943,2026-08-20,2026-08-19,settled,68.55,USD
kraken:105347944,2026-08-20,2026-08-19,settled,2254.45,USD
kraken:105347945,2026-08-20,2026-08-21,settled,1000.82,USD
kraken:105347947,2026-08-20,2026-08-19,settled,15.41,USD
kraken:105347948,2026-08-20,2026-08-19,settled,49.01,USD
kraken:105347949,2026-08-20,2026-08-19,settled,0.99,USD
kraken:105347951,2026-08-20,2026-08-19,settled,68.55,USD
kraken:105347952,2026-08-20,2026-08-19,settled,1031.05,USD
kraken:105347953,2026-08-20,2026-08-19,settled,397.60,USD
kraken:105347954,2026-08-20,2026-08-19,settled,102.10,USD
kraken:105347955,2026-08-20,2026-08-19,settled,10.42,USD
kraken:105347956,2026-08-20,2026-08-19,settled,50.00,USD
kraken:105347957,2026-08-20,2026-08-19,settled,68.55,USD
kraken:105347958,2026-08-20,2026-08-19,settled,2975.13,USD
kraken:105347959,2026-08-20,2026-08-19,settled,32.28,USD
kraken:105347960,2026-08-20,2026-08-19,settled,50.00,USD
kraken:105347961,2026-08-20,2026-08-19,settled,50.00,USD
kraken:105347962,2026-08-20,2026-08-19,settled,3.50,USD
kraken:105347963,2026-08-20,2026-08-19,settled,595.40,USD
kraken:105347964,2026-08-20,2026-08-19,settled,3.50,USD
kraken:105347965,2026-08-20,2026-08-19,settled,99.99,USD
kraken:105347966,2026-08-20,2026-08-19,settled,10.00,USD
kraken:105347967,2026-08-20,2026-08-19,settled,0.55,USD
kraken:105347968,2026-08-20,2026-08-19,settled,315.28,USD
kraken:105347969,2026-08-20,2026-08-19,settled,30.44,USD
kraken:105347970,2026-08-20,2026-08-19,settled,19.00,USD
kraken:105347971,2026-08-20,2026-08-19,settled,178.29,USD
kraken:105347972,2026-08-20,2026-08-19,settled,849.60,USD
kraken:105347973,2026-08-20,2026-08-19,settled,1493.88,USD
kraken:105347974,2026-08-20,2026-08-19,settled,27410.56,USD
kraken:105347975,2026-08-20,2026-08-19,settled,64.80,USD
kraken:105347976,2026-08-20,2026-08-19,settled,3.49,USD
kraken:105347977,2026-08-20,2026-08-19,settled,8950.55,USD
kraken:105347978,2026-08-20,2026-08-19,settled,280.95,USD
kraken:105347979,2026-08-20,2026-08-19,settled,3.49,USD
kraken:105347980,2026-08-20,2026-08-19,settled,99.97,USD
kraken:105347981,2026-08-20,2026-08-19,settled,3.49,USD
kraken:105347982,2026-08-20,2026-08-19,settled,29360.84,USD
kraken:105347983,2026-08-20,2026-08-19,settled,784.34,USD
kraken:105347984,2026-08-20,2026-08-19,settled,3804.77,USD
kraken:105347985,2026-08-20,2026-08-19,settled,25.07,USD
kraken:105347986,2026-08-20,2026-08-19,settled,47.15,USD
kraken:105347987,2026-08-20,2026-08-19,settled,24.93,USD
kraken:105347988,2026-08-20,2026-08-19,settled,8542.34,USD
kraken:105347989,2026-08-20,2026-08-19,settled,2.85,USD
kraken:105347990,2026-08-20,2026-08-19,settled,21.83,USD
kraken:105347991,2026-08-20,2026-08-19,settled,46.70,USD
kraken:105347992,2026-08-20,2026-08-19,settled,6.85,USD
kraken:105347993,2026-08-20,2026-08-19,settled,68.53,USD
kraken:105347994,2026-08-20,2026-08-19,settled,50.00,USD
kraken:105347995,2026-08-20,2026-08-19,settled,3.49,USD
kraken:105347996,2026-08-20,2026-08-19,settled,3.50,USD
kraken:105347997,2026-08-20,2026-08-19,settled,318.31,USD
kraken:105347998,2026-08-20,2026-08-19,settled,5262.95,USD
kraken:105347999,2026-08-20,2026-08-19,settled,50.00,USD
kraken:105348000,2026-08-20,2026-08-19,settled,2662.14,USD
kraken:105348001,2026-08-20,2026-08-19,settled,5345.51,USD
kraken:105348002,2026-08-20,2026-08-19,settled,392.18,USD
kraken:105348003,2026-08-20,2026-08-19,settled,19236.92,USD
kraken:105348004,2026-08-20,2026-08-19,settled,50000.00,USD
kraken:105348005,2026-08-20,2026-08-19,settled,499.95,USD
kraken:105348006,2026-08-20,2026-08-19,settled,3421.89,USD
kraken:105348007,2026-08-20,2026-08-19,settled,99.99,USD
kraken:105348008,2026-08-20,2026-08-19,settled,14033.03,USD
kraken:105348009,2026-08-20,2026-08-19,settled,1905.19,USD
kraken:105348010,2026-08-20,2026-08-19,settled,50.00,USD
kraken:105348011,2026-08-20,2026-08-19,settled,68.53,USD
kraken:105348012,2026-08-20,2026-08-19,settled,3.50,USD
kraken:105348013,2026-08-20,2026-08-19,settled,3.49,USD
kraken:105348014,2026-08-20,2026-08-19,settled,25.00,USD
kraken:105348015,2026-08-20,2026-08-19,settled,3.49,USD
kraken:105348016,2026-08-20,2026-08-19,settled,7233.71,USD
kraken:105348017,2026-08-20,2026-08-19,settled,50.00,USD
kraken:105348018,2026-08-20,2026-08-19,settled,1130.53,USD
kraken:105348019,2026-08-20,2026-08-19,settled,15.96,USD
kraken:105348020,2026-08-20,2026-08-19,settled,4761.99,USD
kraken:105348021,2026-08-20,2026-08-19,settled,6.81,USD
kraken:105348022,2026-08-20,2026-08-19,settled,171.35,USD
kraken:105348023,2026-08-20,2026-08-19,settled,479.62,USD
kraken:105348024,2026-08-20,2026-08-19,settled,5.36,USD
kraken:105348025,2026-08-24,2026-08-21,settled,4.00,USD
kraken:105348026,2026-08-20,2026-08-19,settled,1384.15,USD
kraken:105348027,2026-08-20,2026-08-19,settled,19.80,USD
kraken:105348028,2026-08-20,2026-08-19,settled,30.20,USD
kraken:105348029,2026-08-24,2026-08-21,settled,68.52,USD
kraken:105348030,2026-08-20,2026-08-19,settled,68.52,USD
kraken:105348031,2026-08-20,2026-08-21,settled,6.85,USD
kraken:105348032,2026-08-20,2026-08-19,settled,3395.80,USD
kraken:105348033,2026-08-20,2026-08-19,settled,4997.83,USD
kraken:105348034,2026-08-20,2026-08-19,settled,3421.14,USD
kraken:105348035,2026-08-20,2026-08-19,settled,784.31,USD
kraken:105348036,2026-08-20,2026-08-19,settled,37532.94,USD
kraken:105348038,2026-08-20,2026-08-19,settled,474.10,USD
kraken:105348039,2026-08-20,2026-08-19,settled,3.43,USD
kraken:105348040,2026-08-20,2026-08-19,settled,50.00,USD
kraken:105348041,2026-08-20,2026-08-19,settled,68.52,USD
kraken:105348042,2026-08-20,2026-08-19,settled,3.49,USD
kraken:105348043,2026-08-20,2026-08-19,settled,3.49,USD
kraken:105348044,2026-08-20,2026-08-19,settled,216.91,USD
kraken:105348045,2026-08-20,2026-08-19,settled,830.64,USD
kraken:105348046,2026-08-20,2026-08-19,settled,17.13,USD
kraken:105348047,2026-08-20,2026-08-19,settled,192.93,USD
kraken:105348048,2026-08-20,2026-08-19,settled,2500.00,USD
kraken:105348049,2026-08-20,2026-08-19,settled,50.00,USD
kraken:105348051,2026-08-20,2026-08-22,settled,50.00,USD
kraken:105348052,2026-08-20,2026-08-19,settled,2904.84,USD
kraken:105348053,2026-08-20,2026-08-19,settled,561.78,USD
kraken:105348054,2026-08-20,2026-08-19,settled,1500.00,USD
kraken:105348055,2026-08-20,2026-08-19,settled,3957.98,USD
kraken:105348056,2026-08-20,2026-08-19,settled,18863.73,USD
kraken:105348057,2026-08-20,2026-08-19,settled,3421.62,USD
kraken:105348058,2026-08-20,2026-08-19,settled,37250.35,USD
kraken:105348059,2026-08-20,2026-08-19,settled,29.45,USD
kraken:105348060,2026-08-20,2026-08-19,settled,6.85,USD
kraken:105348061,2026-08-20,2026-08-19,settled,65.95,USD
kraken:105348062,2026-08-20,2026-08-19,settled,2.56,USD
kraken:105348063,2026-08-20,2026-08-19,settled,20.00,USD
kraken:105348064,2026-08-20,2026-08-19,settled,2903.47,USD
kraken:105348065,2026-08-20,2026-08-19,settled,2440.34,USD
kraken:105348066,2026-08-20,2026-08-19,settled,46.32,USD
kraken:105348067,2026-08-20,2026-08-19,settled,3.68,USD
kraken:105348068,2026-08-20,2026-08-19,settled,6.85,USD
kraken:105348069,2026-08-20,2026-08-19,settled,3.49,USD
kraken:105348070,2026-08-20,2026-08-19,settled,53.53,USD
kraken:105348071,2026-08-20,2026-08-19,settled,3.49,USD
kraken:105348072,2026-08-20,2026-08-22,settled,124452.29,USD
kraken:105348073,2026-08-20,2026-08-19,settled,30485.37,USD
kraken:105348074,2026-08-20,2026-08-19,settled,44384.70,USD
kraken:105348075,2026-08-20,2026-08-19,settled,63078.71,USD
kraken:105348076,2026-08-20,2026-08-19,settled,45775.23,USD
kraken:105348078,2026-08-20,2026-08-19,settled,546.34,USD
kraken:105348079,2026-08-20,2026-08-19,settled,10.41,USD
kraken:105348080,2026-08-20,2026-08-19,settled,23.00,USD
kraken:105348081,2026-08-20,2026-08-19,settled,998.75,USD
kraken:105348082,2026-08-20,2026-08-19,settled,35981.05,USD
kraken:105348083,2026-08-20,2026-08-19,settled,31355.57,USD
kraken:105348084,2026-08-20,2026-08-19,settled,51788.11,USD
kraken:105348085,2026-08-20,2026-08-19,settled,129329.90,USD
kraken:105348086,2026-08-20,2026-08-19,settled,51911.81,USD
kraken:105348087,2026-08-20,2026-08-21,settled,112371.28,USD
kraken:105348088,2026-08-20,2026-08-19,settled,47607.07,USD
kraken:105348089,2026-08-20,2026-08-19,settled,54722.66,USD
kraken:105348090,2026-08-20,2026-08-19,settled,52715.76,USD
kraken:105348091,2026-08-20,2026-08-19,settled,43297.65,USD
kraken:105348092,2026-08-20,2026-08-19,settled,44253.24,USD
kraken:105348093,2026-08-20,2026-08-19,settled,30016.41,USD
kraken:105348095,2026-08-20,2026-08-19,settled,150162.37,USD
kraken:105348096,2026-08-24,2026-08-21,settled,4.48,USD
kraken:105348097,2026-08-24,2026-08-22,settled,2164.46,USD
kraken:105348098,2026-08-20,2026-08-19,settled,473491.88,USD
kraken:105348099,2026-08-20,2026-08-19,settled,81111.70,USD
kraken:105348100,2026-08-20,2026-08-19,settled,33201.48,USD
kraken:105348101,2026-08-20,2026-08-19,settled,17850.15,USD
kraken:105348102,2026-08-20,2026-08-19,settled,6031.31,USD
kraken:105348104,2026-08-20,2026-08-19,settled,12760.03,USD
kraken:105348105,2026-08-20,2026-08-19,settled,178.99,USD
kraken:105348106,2026-08-20,2026-08-19,settled,226.18,USD
kraken:105348107,2026-08-20,2026-08-19,settled,4020.15,USD
kraken:105348108,2026-08-20,2026-08-19,settled,89367.99,USD
kraken:105348109,2026-08-20,2026-08-19,settled,89933.37,USD
kraken:105348110,2026-08-20,2026-08-19,settled,231.18,USD
kraken:105348111,2026-08-20,2026-08-19,settled,20.50,USD
kraken:105348112,2026-08-20,2026-08-21,settled,25.67,USD
kraken:105348113,2026-08-20,2026-08-19,settled,2164.46,USD
kraken:105348114,2026-08-20,2026-08-19,settled,7815.86,USD
kraken:105348116,2026-08-20,2026-08-19,settled,4793.29,USD
kraken:105348117,2026-08-20,2026-08-19,settled,500.00,USD
kraken:105348118,2026-08-20,2026-08-19,settled,25204.57,USD
kraken:105348119,2026-08-20,2026-08-19,settled,48736.47,USD
kraken:105348120,2026-08-20,2026-08-19,settled,26196.99,USD
kraken:105348121,2026-08-20,2026-08-19,settled,100607.64,USD
kraken:105348122,2026-08-20,2026-08-19,settled,33305.26,USD
kraken:105348123,2026-08-20,2026-08-19,settled,41541.35,USD
kraken:105348124,2026-08-20,2026-08-19,settled,133001.06,USD
kraken:105348125,2026-08-20,2026-08-21,settled,149933.32,USD
kraken:105348126,2026-08-20,2026-08-19,settled,30352.67,USD
kraken:105348127,2026-08-20,2026-08-19,settled,2164.46,USD
kraken:105348128,2026-08-20,2026-08-19,settled,26869.29,USD
kraken:105348129,2026-08-20,2026-08-19,settled,30459.28,USD
kraken:105348130,2026-08-20,2026-08-19,settled,47645.89,USD
kraken:105348131,2026-08-20,2026-08-19,settled,53401.84,USD
kraken:105348132,2026-08-20,2026-08-19,settled,35816.85,USD
kraken:105348133,2026-08-20,2026-08-19,settled,0.09,USD
kraken:105348134,2026-08-20,2026-08-19,settled,29414.43,USD
kraken:105348136,2026-08-20,2026-08-19,settled,35336.61,USD
kraken:105348137,2026-08-20,2026-08-19,settled,26893.88,USD
kraken:105348138,2026-08-20,2026-08-19,settled,25803.18,USD
kraken:105348139,2026-08-20,2026-08-19,settled,473491.88,USD
kraken:105348140,2026-08-20,2026-08-19,settled,473491.88,USD
kraken:105348141,2026-08-20,2026-08-19,settled,41565.21,USD
kraken:105348142,2026-08-20,2026-08-19,settled,473491.88,USD
kraken:105348143,2026-08-20,2026-08-19,settled,2177.06,USD
kraken:105348144,2026-08-20,2026-08-19,settled,49198.70,USD
kraken:105348145,2026-08-20,2026-08-19,settled,117461.82,USD
kraken:105348146,2026-08-20,2026-08-19,settled,44132.09,USD
kraken:105348147,2026-08-20,2026-08-19,settled,90417.89,USD
kraken:105348148,2026-08-20,2026-08-19,settled,61436.82,USD
kraken:105348149,2026-08-20,2026-08-19,settled,179947.52,USD
kraken:105348150,2026-08-20,2026-08-19,settled,2164.46,USD
kraken:105348151,2026-08-20,2026-08-19,settled,75937.89,USD
kraken:105348152,2026-08-20,2026-08-19,settled,74796.46,USD
kraken:105348153,2026-08-20,2026-08-19,settled,149392.13,USD
kraken:105348154,2026-08-20,2026-08-19,settled,15299.02,USD
kraken:105348155,2026-08-20,2026-08-19,settled,3282.37,USD
kraken:105348156,2026-08-20,2026-08-19,settled,1715.13,USD
kraken:105348157,2026-08-20,2026-08-19,settled,32.45,USD
kraken:105348158,2026-08-20,2026-08-19,settled,5116.50,USD
kraken:105348159,2026-08-20,2026-08-19,settled,263.29,USD
kraken:105348160,2026-08-20,2026-08-19,settled,19.93,USD
kraken:105348161,2026-08-20,2026-08-19,settled,53.66,USD
kraken:105348162,2026-08-20,2026-08-21,settled,10.52,USD
kraken:105348163,2026-08-20,2026-08-19,settled,3843.64,USD
kraken:105348164,2026-08-20,2026-08-19,settled,29.89,USD
kraken:105348165,2026-08-20,2026-08-19,settled,132.46,USD
kraken:105348166,2026-08-20,2026-08-19,settled,372.49,USD
kraken:105348167,2026-08-20,2026-08-19,settled,7893.76,USD
kraken:105348168,2026-08-20,2026-08-19,settled,1738.48,USD
kraken:105348169,2026-08-20,2026-08-19,settled,3493.49,USD
kraken:105348170,2026-08-20,2026-08-19,settled,1625.08,USD
kraken:105348171,2026-08-20,2026-08-19,settled,3461.54,USD
kraken:105348172,2026-08-20,2026-08-19,settled,2441.58,USD
kraken:105348173,2026-08-20,2026-08-19,settled,39.90,USD
kraken:105348174,2026-08-20,2026-08-19,settled,610.49,USD
kraken:105348175,2026-08-20,2026-08-19,settled,936.08,USD
kraken:105348176,2026-08-20,2026-08-19,settled,907.35,USD
kraken:105348177,2026-08-20,2026-08-19,settled,1599.19,USD
kraken:105348178,2026-08-20,2026-08-22,settled,160.71,USD
kraken:105348179,2026-08-20,2026-08-19,settled,8392.31,USD
kraken:105348180,2026-08-20,2026-08-19,settled,250.00,USD
kraken:105348181,2026-08-20,2026-08-19,settled,4768.80,USD
kraken:105348182,2026-08-24,2026-08-21,settled,20847.50,USD
kraken:105348183,2026-08-20,2026-08-19,settled,1588.23,USD
kraken:105348184,2026-08-20,2026-08-19,settled,487.80,USD
kraken:105348185,2026-08-20,2026-08-19,settled,28582.71,USD
kraken:105348186,2026-08-20,2026-08-19,settled,604.74,USD
kraken:105348187,2026-08-20,2026-08-19,settled,2725.58,USD
kraken:105348188,2026-08-20,2026-08-19,settled,135583.50,USD
kraken:105348189,2026-08-20,2026-08-19,settled,30.15,USD
kraken:105348190,2026-08-20,2026-08-19,settled,246.31,USD
kraken:105348191,2026-08-20,2026-08-19,settled,9.41,USD
kraken:105348192,2026-08-20,2026-08-19,settled,2952.69,USD
kraken:105348193,2026-08-20,2026-08-19,settled,50943.64,USD
kraken:105348194,2026-08-20,2026-08-19,settled,80.76,USD
kraken:105348195,2026-08-20,2026-08-19,settled,28179.03,USD
kraken:105348196,2026-08-20,2026-08-19,settled,29927.73,USD
kraken:105348197,2026-08-20,2026-08-19,settled,37561.98,USD
kraken:105348198,2026-08-20,2026-08-19,settled,46142.06,USD
kraken:105348200,2026-08-20,2026-08-19,settled,26605.33,USD
kraken:105348201,2026-08-20,2026-08-19,settled,37396.81,USD
kraken:105348202,2026-08-20,2026-08-19,settled,65833.08,USD
kraken:105348203,2026-08-20,2026-08-19,settled,25759.91,USD
kraken:105348204,2026-08-20,2026-08-19,settled,27390.55,USD
kraken:105348205,2026-08-20,2026-08-19,settled,37742.52,USD
kraken:105348206,2026-08-20,2026-08-19,settled,2164.46,USD
kraken:105348207,2026-08-24,2026-08-21,settled,35265.78,USD
kraken:105348208,2026-08-20,2026-08-19,settled,40121.89,USD
kraken:105348209,2026-08-20,2026-08-19,settled,70152.48,USD
kraken:105348210,2026-08-20,2026-08-19,settled,56036.93,USD
kraken:105348211,2026-08-20,2026-08-19,settled,27921.53,USD
kraken:105348212,2026-08-20,2026-08-19,settled,72196.59,USD
kraken:105348213,2026-08-20,2026-08-19,settled,25649.93,USD
kraken:105348214,2026-08-20,2026-08-19,settled,30660.15,USD
kraken:105348215,2026-08-20,2026-08-19,settled,26401.00,USD
kraken:105348216,2026-08-20,2026-08-19,settled,51455.42,USD
kraken:105348217,2026-08-20,2026-08-22,settled,45677.91,USD
kraken:105348218,2026-08-20,2026-08-19,settled,7049.54,USD
kraken:105348219,2026-08-20,2026-08-19,settled,3813.86,USD
kraken:105348220,2026-08-20,2026-08-19,settled,1493.42,USD
kraken:105348221,2026-08-20,2026-08-19,settled,628.59,USD
kraken:105348222,2026-08-20,2026-08-19,settled,88.78,USD
kraken:105348223,2026-08-20,2026-08-19,settled,425.88,USD
kraken:105348224,2026-08-20,2026-08-19,settled,28.02,USD
kraken:105348225,2026-08-20,2026-08-19,settled,80.03,USD
kraken:105348226,2026-08-20,2026-08-19,settled,12.58,USD
kraken:105348228,2026-08-20,2026-08-19,settled,62.03,USD
kraken:105348229,2026-08-20,2026-08-19,settled,3484.27,USD
kraken:105348230,2026-08-20,2026-08-19,settled,1027.76,USD
kraken:105348231,2026-08-20,2026-08-19,settled,1027.76,USD
kraken:105348232,2026-08-20,2026-08-19,settled,446.87,USD
kraken:105348233,2026-08-20,2026-08-19,settled,9.54,USD
kraken:105348234,2026-08-20,2026-08-19,settled,72.24,USD
kraken:105348235,2026-08-20,2026-08-19,settled,54.67,USD
kraken:105348236,2026-08-20,2026-08-19,settled,1233.90,USD
kraken:105348237,2026-08-20,2026-08-19,settled,2164.46,USD
kraken:105348238,2026-08-20,2026-08-19,settled,276.12,USD
kraken:105348239,2026-08-20,2026-08-19,settled,155.69,USD
kraken:105348241,2026-08-20,2026-08-19,settled,21.29,USD
kraken:105348242,2026-08-24,2026-08-22,settled,3.43,USD
kraken:105348243,2026-08-20,2026-08-19,settled,11.95,USD
kraken:105348244,2026-08-20,2026-08-19,settled,3.43,USD
kraken:105348245,2026-08-20,2026-08-19,settled,3.43,USD
kraken:105348246,2026-08-20,2026-08-19,settled,3.43,USD
kraken:105348247,2026-08-20,2026-08-19,settled,3.56,USD
kraken:105348248,2026-08-20,2026-08-19,settled,3.43,USD
kraken:105348249,2026-08-20,2026-08-19,settled,3.43,USD
kraken:105348250,2026-08-20,2026-08-22,settled,3.43,USD
kraken:105348251,2026-08-24,2026-08-21,settled,3.43,USD
kraken:105348252,2026-08-20,2026-08-19,settled,3.43,USD
kraken:105348253,2026-08-20,2026-08-19,settled,3.43,USD
kraken:105348254,2026-08-20,2026-08-19,settled,3.43,USD
kraken:105348255,2026-08-20,2026-08-19,settled,3.88,USD
kraken:105348256,2026-08-20,2026-08-19,settled,3.70,USD
kraken:105348257,2026-08-20,2026-08-19,settled,3.43,USD
kraken:105348258,2026-08-20,2026-08-19,settled,3.43,USD
kraken:105348259,2026-08-20,2026-08-19,settled,3834.83,USD
kraken:105348260,2026-08-20,2026-08-19,settled,168162.11,USD
kraken:105348261,2026-08-20,2026-08-19,settled,50.01,USD
kraken:105348262,2026-08-20,2026-08-19,settled,20.00,USD
kraken:105348264,2026-08-20,2026-08-19,settled,68.52,USD
kraken:105348265,2026-08-20,2026-08-19,settled,27406.92,USD
kraken:105348266,2026-08-20,2026-08-19,settled,9.05,USD
kraken:105348267,2026-08-20,2026-08-19,settled,3.49,USD
kraken:105348268,2026-08-20,2026-08-19,settled,3.49,USD
kraken:105348269,2026-08-20,2026-08-19,settled,3.50,USD
kraken:105348270,2026-08-20,2026-08-19,settled,22.46,USD
kraken:105348271,2026-08-20,2026-08-19,settled,26.52,USD
kraken:105348272,2026-08-20,2026-08-19,settled,75.79,USD
kraken:105348273,2026-08-20,2026-08-19,settled,50.00,USD
kraken:105348274,2026-08-20,2026-08-19,settled,5.52,USD
kraken:105348275,2026-08-20,2026-08-19,settled,20.00,USD
kraken:105348276,2026-08-20,2026-08-19,settled,1.01,USD
kraken:105348277,2026-08-20,2026-08-19,settled,48.99,USD
kraken:105348278,2026-08-20,2026-08-19,settled,68.54,USD
kraken:105348279,2026-08-20,2026-08-21,settled,6.85,USD
kraken:105348280,2026-08-20,2026-08-19,settled,20.00,USD
kraken:105348281,2026-08-20,2026-08-19,settled,3.50,USD
kraken:105348282,2026-08-20,2026-08-19,settled,47.32,USD
kraken:105348283,2026-08-20,2026-08-21,settled,50.00,USD
kraken:105348284,2026-08-20,2026-08-19,settled,20.00,USD
kraken:105348285,2026-08-20,2026-08-19,settled,9076.54,USD
kraken:105348286,2026-08-20,2026-08-19,settled,68.54,USD
kraken:105348287,2026-08-20,2026-08-19,settled,6.85,USD
kraken:105348288,2026-08-20,2026-08-19,settled,99.95,USD
kraken:105348289,2026-08-20,2026-08-19,settled,50.00,USD
kraken:105348290,2026-08-20,2026-08-19,settled,20.00,USD
kraken:105348291,2026-08-20,2026-08-19,settled,897.54,USD
coinbase:1073145682,2026-08-20,2026-08-19,settled,2742.59,USD
coinbase:1073145683,2026-08-20,2026-08-19,settled,924.43,USD
coinbase:1073145684,2026-08-20,2026-08-19,settled,0.00,USD
coinbase:1073145685,2026-08-20,2026-08-19,settled,0.00,USD
coinbase:1073145686,2026-08-20,2026-08-19,settled,0.00,USD
coinbase:1073145687,2026-08-20,2026-08-19,settled,0.00,USD
coinbase:1073145688,2026-08-20,2026-08-19,settled,0.00,USD
coinbase:1073145702,2026-08-20,2026-08-19,settled,72395.27,USD
coinbase:1073145701,2026-08-20,2026-08-19,settled,1.40,USD
coinbase:1073145700,2026-08-20,2026-08-19,settled,1371.18,USD
coinbase:1073145699,2026-08-20,2026-08-19,settled,200.17,USD
coinbase:1073145698,2026-08-20,2026-08-19,settled,39.52,USD
coinbase:1073145697,2026-08-20,2026-08-22,settled,524.97,USD
coinbase:1073145696,2026-08-20,2026-08-19,settled,75.00,USD
coinbase:1073145695,2026-08-20,2026-08-19,settled,419.99,USD
coinbase:1073145694,2026-08-20,2026-08-19,settled,2.00,USD
coinbase:1073145693,2026-08-20,2026-08-19,settled,2612.32,USD
coinbase:1073145692,2026-08-21,2026-08-20,settled,5093.12,USD
coinbase:1073145691,2026-08-20,2026-08-20,settled,420.00,USD
coinbase:1073145690,2026-08-20,2026-08-19,settled,1538.98,USD
coinbase:1073145689,2026-08-24,2026-08-22,settled,2892.62,USD
coinbase:1073145703,2026-08-20,2026-08-19,settled,0.00,USD
coinbase:1073145704,2026-08-20,2026-08-19,settled,0.01,USD
coinbase:1073145705,2026-08-20,2026-08-22,settled,0.00,USD
coinbase:1073145707,2026-08-20,2026-08-19,settled,1895.62,USD
coinbase:1073145706,2026-08-20,2026-08-19,settled,74.99,USD
coinbase:1073145708,2026-08-20,2026-08-19,settled,0.00,USD
coinbase:1073145709,2026-08-24,2026-08-21,settled,0.00,USD
coinbase:1073145710,2026-08-20,2026-08-19,settled,0.00,USD
coinbase:1073145711,2026-08-20,2026-08-19,settled,0.00,USD
coinbase:1073145712,2026-08-20,2026-08-19,settled,0.00,USD
coinbase:1073145713,2026-08-20,2026-08-19,settled,0.00,USD
coinbase:1073145714,2026-08-20,2026-08-19,settled,0.02,USD
coinbase:1073145715,2026-08-20,2026-08-22,settled,0.00,USD
coinbase:1073145716,2026-08-20,2026-08-19,settled,0.00,USD
coinbase:1073145717,2026-08-20,2026-08-19,settled,0.00,USD
coinbase:1073145718,2026-08-20,2026-08-19,settled,0.00,USD
coinbase:1073145723,2026-08-20,2026-08-19,settled,2963.91,USD
coinbase:1073145722,2026-08-20,2026-08-19,settled,1564.50,USD
coinbase:1073145721,2026-08-20,2026-08-19,settled,2612.23,USD
coinbase:1073145720,2026-08-20,2026-08-19,settled,420.00,USD
coinbase:1073145719,2026-08-20,2026-08-19,settled,3083.28,USD
coinbase:1073145724,2026-08-20,2026-08-19,settled,632.91,USD
coinbase:1073145725,2026-08-20,2026-08-19,settled,110.07,USD
coinbase:1073145726,2026-08-20,2026-08-19,settled,21.36,USD
coinbase:1073145728,2026-08-20,2026-08-19,settled,91.42,USD
coinbase:1073145727,2026-08-20,2026-08-19,settled,1400.12,USD
coinbase:1073145729,2026-08-20,2026-08-19,settled,39.47,USD
coinbase:1073145730,2026-08-20,2026-08-19,settled,159.56,USD
coinbase:1073145731,2026-08-20,2026-08-19,settled,100.30,USD
coinbase:1073145732,2026-08-20,2026-08-19,settled,148.58,USD
coinbase:1073145733,2026-08-20,2026-08-19,settled,542.96,USD
coinbase:1073145734,2026-08-20,2026-08-19,settled,100.87,USD
coinbase:1073145735,2026-08-20,2026-08-19,settled,132.74,USD
coinbase:1073145736,2026-08-20,2026-08-21,settled,18.03,USD
coinbase:1073145737,2026-08-20,2026-08-19,settled,48.33,USD
coinbase:1073145738,2026-08-20,2026-08-19,settled,112.30,USD
coinbase:1073145739,2026-08-20,2026-08-19,settled,14.51,USD
coinbase:1073145740,2026-08-20,2026-08-19,settled,1022.35,USD
coinbase:1073145741,2026-08-20,2026-08-19,settled,15.24,USD
coinbase:1073145742,2026-08-20,2026-08-21,settled,21.07,USD
coinbase:1073145743,2026-08-20,2026-08-19,settled,137.00,USD
coinbase:1073145746,2026-08-20,2026-08-19,settled,75.00,USD
coinbase:1073145745,2026-08-20,2026-08-19,settled,420.00,USD
coinbase:1073145744,2026-08-20,2026-08-19,settled,3899.34,USD
coinbase:1073145747,2026-08-20,2026-08-19,settled,418.22,USD
coinbase:1073145749,2026-08-20,2026-08-19,settled,10.47,USD
coinbase:1073145748,2026-08-20,2026-08-19,settled,1.17,USD
coinbase:1073145750,2026-08-20,2026-08-19,settled,675.08,USD
coinbase:1073145751,2026-08-20,2026-08-19,settled,1.17,USD
coinbase:1073145752,2026-08-20,2026-08-19,settled,0.00,USD
coinbase:1073145753,2026-08-20,2026-08-19,settled,0.01,USD
coinbase:1073145754,2026-08-20,2026-08-19,settled,0.00,USD
coinbase:1073145756,2026-08-20,2026-08-19,settled,0.00,USD
coinbase:1073145757,2026-08-20,2026-08-19,settled,0.00,USD
coinbase:1073145758,2026-08-20,2026-08-19,settled,0.01,USD
coinbase:1073145763,2026-08-20,2026-08-19,settled,1962.96,USD
coinbase:1073145762,2026-08-20,2026-08-19,settled,3016.23,USD
coinbase:1073145761,2026-08-20,2026-08-19,settled,2611.78,USD
coinbase:1073145760,2026-08-20,2026-08-19,settled,3.14,USD
coinbase:1073145759,2026-08-20,2026-08-19,settled,1.15,USD
coinbase:1073145764,2026-08-20,2026-08-19,settled,0.00,USD
coinbase:1073145766,2026-08-20,2026-08-19,settled,167.13,USD
coinbase:1073145765,2026-08-20,2026-08-19,settled,3.61,USD
coinbase:1073145767,2026-08-20,2026-08-19,settled,0.02,USD
coinbase:1073145768,2026-08-20,2026-08-19,settled,0.01,USD
coinbase:1073145769,2026-08-20,2026-08-19,settled,0.00,USD
coinbase:1073145770,2026-08-20,2026-08-19,settled,0.07,USD
coinbase:1073145771,2026-08-20,2026-08-19,settled,0.00,USD
coinbase:1073145772,2026-08-20,2026-08-21,settled,0.01,USD
coinbase:1073145773,2026-08-20,2026-08-19,settled,0.00,USD
coinbase:1073145774,2026-08-20,2026-08-19,settled,5.76,USD
coinbase:1073145775,2026-08-20,2026-08-19,settled,0.01,USD
coinbase:1073145776,2026-08-20,2026-08-19,settled,0.00,USD
coinbase:1073145781,2026-08-20,2026-08-19,settled,59647.65,USD
coinbase:1073145780,2026-08-20,2026-08-19,settled,1.17,USD
coinbase:1073145779,2026-08-20,2026-08-19,settled,1741.16,USD
coinbase:1073145778,2026-08-20,2026-08-19,settled,7053.77,USD
coinbase:1073145777,2026-08-20,2026-08-19,settled,5057.73,USD
coinbase:1073145782,2026-08-20,2026-08-19,settled,0.00,USD
coinbase:1073145783,2026-08-20,2026-08-19,settled,0.01,USD
coinbase:1073145784,2026-08-20,2026-08-19,settled,0.00,USD
coinbase:1073145785,2026-08-20,2026-08-19,settled,12338.90,USD
coinbase:1073145786,2026-08-20,2026-08-21,settled,10480.53,USD
coinbase:1073145787,2026-08-20,2026-08-19,settled,3015.98,USD
coinbase:1073145788,2026-08-20,2026-08-19,settled,0.00,USD
coinbase:1073145790,2026-08-20,2026-08-19,settled,1741.02,USD
coinbase:1073145789,2026-08-20,2026-08-19,settled,1.16,USD
coinbase:1073145791,2026-08-20,2026-08-19,settled,0.00,USD
coinbase:1073145792,2026-08-20,2026-08-19,settled,374.96,USD
coinbase:1073145793,2026-08-20,2026-08-19,settled,499.96,USD
kraken:105348292,2026-08-20,2026-08-20,settled,6.59,USD
coinbase:1073145796,2026-08-20,2026-08-19,settled,1740.94,USD
coinbase:1073145795,2026-08-20,2026-08-19,settled,1.40,USD
coinbase:1073145794,2026-08-20,2026-08-19,settled,1.17,USD
coinbase:1073145797,2026-08-20,2026-08-19,settled,0.00,USD
coinbase:1073145798,2026-08-20,2026-08-19,settled,0.01,USD
coinbase:1073145799,2026-08-20,2026-08-19,settled,0.00,USD
coinbase:1073145800,2026-08-20,2026-08-19,settled,10202.52,USD
coinbase:1073145801,2026-08-20,2026-08-19,settled,36.43,USD
coinbase:1073145803,2026-08-20,2026-08-19,settled,804.28,USD
coinbase:1073145802,2026-08-20,2026-08-19,settled,42.12,USD
coinbase:1073145805,2026-08-20,2026-08-22,settled,677.70,USD
coinbase:1073145804,2026-08-20,2026-08-19,settled,817.01,USD
coinbase:1073145806,2026-08-20,2026-08-19,settled,257.05,USD
coinbase:1073145807,2026-08-20,2026-08-19,settled,39.56,USD
coinbase:1073145808,2026-08-20,2026-08-19,settled,1212.19,USD
coinbase:1073145809,2026-08-20,2026-08-19,settled,18.53,USD
coinbase:1073145810,2026-08-20,2026-08-19,settled,204.09,USD
coinbase:1073145811,2026-08-20,2026-08-19,settled,1241.87,USD
coinbase:1073145812,2026-08-20,2026-08-21,settled,788.21,USD
coinbase:1073145814,2026-08-20,2026-08-19,settled,213.87,USD
coinbase:1073145815,2026-08-20,2026-08-19,settled,0.00,USD
coinbase:1073145818,2026-08-20,2026-08-19,settled,1.17,USD
coinbase:1073145817,2026-08-20,2026-08-19,settled,1740.86,USD
coinbase:1073145816,2026-08-20,2026-08-19,settled,10280.66,USD
coinbase:1073145821,2026-08-20,2026-08-19,settled,1.17,USD
coinbase:1073145820,2026-08-20,2026-08-19,settled,68535.00,USD
coinbase:1073145819,2026-08-20,2026-08-19,settled,685.35,USD
coinbase:1073145822,2026-08-20,2026-08-19,settled,2056.05,USD
coinbase:1073145824,2026-08-20,2026-08-19,settled,685.30,USD
coinbase:1073145823,2026-08-20,2026-08-19,settled,1.17,USD
coinbase:1073145826,2026-08-20,2026-08-19,settled,9.21,USD
coinbase:1073145825,2026-08-20,2026-08-19,settled,1.16,USD
kraken:105348293,2026-08-20,2026-08-19,settled,43.41,USD
kraken:105348294,2026-08-20,2026-08-19,settled,68.55,USD
kraken:105348295,2026-08-20,2026-08-19,settled,2000.00,USD
kraken:105348296,2026-08-20,2026-08-19,settled,4572.41,USD
kraken:105348297,2026-08-20,2026-08-19,settled,3.50,USD
coinbase:1073145827,2026-08-20,2026-08-19,settled,0.00,USD
coinbase:1073145828,2026-08-20,2026-08-19,settled,0.00,USD
coinbase:1073145829,2026-08-20,2026-08-19,settled,0.01,USD
coinbase:1073145830,2026-08-20,2026-08-19,settled,0.00,USD
coinbase:1073145831,2026-08-20,2026-08-19,settled,0.00,USD
coinbase:1073145832,2026-08-20,2026-08-19,settled,0.00,USD
coinbase:1073145833,2026-08-20,2026-08-19,settled,0.00,USD
coinbase:1073145834,2026-08-20,2026-08-19,settled,0.00,USD
coinbase:1073145835,2026-08-20,2026-08-19,settled,0.01,USD
coinbase:1073145836,2026-08-20,2026-08-21,settled,0.01,USD
coinbase:1073145837,2026-08-20,2026-08-19,settled,0.00,USD
coinbase:1073145838,2026-08-20,2026-08-22,settled,0.00,USD
coinbase:1073145839,2026-08-20,2026-08-19,settled,0.00,USD
coinbase:1073145840,2026-08-20,2026-08-19,settled,20.24,USD
coinbase:1073145841,2026-08-20,2026-08-19,settled,989.70,USD
coinbase:1073145853,2026-08-20,2026-08-21,settled,18246.68,USD
coinbase:1073145852,2026-08-20,2026-08-21,settled,1.16,USD
coinbase:1073145851,2026-08-20,2026-08-19,settled,685.25,USD
coinbase:1073145850,2026-08-24,2026-08-22,settled,2268.19,USD
coinbase:1073145849,2026-08-20,2026-08-19,settled,3212.81,USD
coinbase:1073145848,2026-08-20,2026-08-19,settled,3.15,USD
coinbase:1073145847,2026-08-20,2026-08-19,settled,2.00,USD
coinbase:1073145846,2026-08-20,2026-08-19,settled,1597.93,USD
coinbase:1073145845,2026-08-20,2026-08-19,settled,4529.96,USD
coinbase:1073145844,2026-08-20,2026-08-19,settled,31827.78,USD
coinbase:1073145843,2026-08-20,2026-08-19,settled,1308.90,USD
coinbase:1073145842,2026-08-20,2026-08-19,settled,4976.47,USD
kraken:105348298,2026-08-20,2026-08-19,settled,96.33,USD
coinbase:1073145854,2026-08-20,2026-08-19,settled,377.46,USD
coinbase:1073145855,2026-08-20,2026-08-19,settled,0.01,USD
coinbase:1073145856,2026-08-24,2026-08-21,settled,0.00,USD
coinbase:1073145857,2026-08-20,2026-08-19,settled,0.00,USD
coinbase:1073145858,2026-08-20,2026-08-19,settled,0.00,USD
coinbase:1073145861,2026-08-20,2026-08-19,settled,114.60,USD
coinbase:1073145860,2026-08-20,2026-08-19,settled,5213.62,USD
coinbase:1073145859,2026-08-20,2026-08-19,settled,4976.43,USD
coinbase:1073145862,2026-08-20,2026-08-19,settled,531.30,USD
coinbase:1073145863,2026-08-24,2026-08-21,settled,10.51,USD
coinbase:1073145864,2026-08-20,2026-08-19,settled,48.55,USD
coinbase:1073145866,2026-08-20,2026-08-19,settled,298.64,USD
coinbase:1073145868,2026-08-20,2026-08-19,settled,531.22,USD
coinbase:1073145867,2026-08-20,2026-08-19,settled,194.76,USD
coinbase:1073145869,2026-08-20,2026-08-19,settled,324.06,USD
coinbase:1073145870,2026-08-20,2026-08-19,settled,10.79,USD
coinbase:1073145871,2026-08-20,2026-08-19,settled,442.82,USD
coinbase:1073145872,2026-08-20,2026-08-19,settled,28.93,USD
coinbase:1073145873,2026-08-20,2026-08-19,settled,13.89,USD
coinbase:1073145874,2026-08-20,2026-08-19,settled,12.32,USD
coinbase:1073145875,2026-08-20,2026-08-19,settled,373.42,USD
coinbase:1073145876,2026-08-20,2026-08-19,settled,1077.84,USD
coinbase:1073145877,2026-08-20,2026-08-19,settled,16.65,USD
coinbase:1073145878,2026-08-20,2026-08-19,settled,30.47,USD
coinbase:1073145879,2026-08-20,2026-08-19,settled,41.68,USD
coinbase:1073145880,2026-08-20,2026-08-19,settled,24.78,USD
coinbase:1073145881,2026-08-20,2026-08-19,settled,1063.45,USD
coinbase:1073145882,2026-08-20,2026-08-19,settled,69.97,USD
coinbase:1073145883,2026-08-20,2026-08-19,settled,29.65,USD
coinbase:1073145884,2026-08-20,2026-08-19,settled,171.77,USD
coinbase:1073145885,2026-08-20,2026-08-19,settled,13.64,USD
coinbase:1073145886,2026-08-20,2026-08-19,settled,165.77,USD
coinbase:1073145887,2026-08-20,2026-08-19,settled,27.44,USD
coinbase:1073145888,2026-08-20,2026-08-19,settled,161.18,USD
coinbase:1073145889,2026-08-20,2026-08-19,settled,15.59,USD
coinbase:1073145890,2026-08-20,2026-08-19,settled,17.25,USD
coinbase:1073145891,2026-08-20,2026-08-19,settled,71.28,USD
coinbase:1073145892,2026-08-20,2026-08-19,settled,73.12,USD
coinbase:1073145893,2026-08-20,2026-08-19,settled,32.77,USD
coinbase:1073145894,2026-08-20,2026-08-19,settled,30.51,USD
coinbase:1073145895,2026-08-20,2026-08-19,settled,61.95,USD
coinbase:1073145896,2026-08-20,2026-08-19,settled,114.76,USD
coinbase:1073145897,2026-08-20,2026-08-19,settled,43.46,USD
coinbase:1073145898,2026-08-20,2026-08-19,settled,21.98,USD
coinbase:1073145899,2026-08-20,2026-08-19,settled,87.94,USD
coinbase:1073145900,2026-08-20,2026-08-19,settled,241.45,USD
coinbase:1073145901,2026-08-20,2026-08-19,settled,99.35,USD
coinbase:1073145902,2026-08-20,2026-08-19,settled,143.16,USD
coinbase:1073145903,2026-08-20,2026-08-19,settled,68.97,USD
coinbase:1073145904,2026-08-20,2026-08-19,settled,168.63,USD
coinbase:1073145905,2026-08-24,2026-08-22,settled,49.39,USD
coinbase:1073145906,2026-08-20,2026-08-19,settled,13.69,USD
coinbase:1073145907,2026-08-20,2026-08-19,settled,115.71,USD
coinbase:1073145908,2026-08-20,2026-08-19,settled,41.95,USD
coinbase:1073145909,2026-08-20,2026-08-19,settled,7.36,USD
coinbase:1073145911,2026-08-20,2026-08-19,settled,36.14,USD
coinbase:1073145912,2026-08-20,2026-08-19,settled,0.00,USD
coinbase:1073145913,2026-08-20,2026-08-19,settled,0.00,USD
coinbase:1073145914,2026-08-20,2026-08-19,settled,0.00,USD
coinbase:1073145915,2026-08-20,2026-08-19,settled,0.00,USD
kraken:105348299,2026-08-20,2026-08-22,settled,59.99,USD
coinbase:1073145916,2026-08-20,2026-08-19,settled,0.01,USD
coinbase:1073145917,2026-08-20,2026-08-19,settled,0.00,USD
coinbase:1073145918,2026-08-20,2026-08-19,settled,0.01,USD
coinbase:1073145920,2026-08-20,2026-08-19,settled,1179.37,USD
coinbase:1073145919,2026-08-20,2026-08-19,settled,4976.25,USD
coinbase:1073145922,2026-08-20,2026-08-19,settled,1000.00,USD
coinbase:1073145921,2026-08-20,2026-08-19,settled,1000.00,USD
coinbase:1073145923,2026-08-20,2026-08-19,settled,0.00,USD
kraken:105348300,2026-08-20,2026-08-19,settled,12761.37,USD
coinbase:1073145924,2026-08-20,2026-08-19,settled,0.00,USD
coinbase:1073145930,2026-08-20,2026-08-19,settled,3645.24,USD
coinbase:1073145929,2026-08-20,2026-08-19,settled,1.16,USD
coinbase:1073145928,2026-08-20,2026-08-19,settled,31845.56,USD
coinbase:1073145927,2026-08-20,2026-08-19,settled,21188.75,USD
coinbase:1073145926,2026-08-20,2026-08-19,settled,1308.82,USD
coinbase:1073145925,2026-08-20,2026-08-19,settled,3015.08,USD
coinbase:1073145931,2026-08-20,2026-08-19,settled,0.00,USD
coinbase:1073145932,2026-08-20,2026-08-19,settled,0.00,USD
coinbase:1073145933,2026-08-20,2026-08-19,settled,79488.47,USD
coinbase:1073145934,2026-08-20,2026-08-19,settled,2.18,USD
coinbase:1073145935,2026-08-20,2026-08-19,settled,85448.42,USD
coinbase:1073145936,2026-08-20,2026-08-19,settled,9436.73,USD
coinbase:1073145937,2026-08-20,2026-08-19,settled,3880.56,USD
coinbase:1073145938,2026-08-20,2026-08-19,settled,30143.95,USD
coinbase:1073145939,2026-08-20,2026-08-19,settled,2.18,USD
coinbase:1073145940,2026-08-20,2026-08-19,settled,61672.09,USD
coinbase:1073145941,2026-08-20,2026-08-19,settled,58448.75,USD
coinbase:1073145945,2026-08-24,2026-08-21,settled,420.02,USD
coinbase:1073145944,2026-08-20,2026-08-19,settled,17500.71,USD
coinbase:1073145943,2026-08-20,2026-08-19,settled,1781.82,USD
coinbase:1073145942,2026-08-20,2026-08-19,settled,14099.37,USD
coinbase:1073145965,2026-08-20,2026-08-19,settled,1936.34,USD
coinbase:1073145964,2026-08-20,2026-08-19,settled,5483.52,USD
coinbase:1073145963,2026-08-20,2026-08-19,settled,11946.00,USD
coinbase:1073145962,2026-08-20,2026-08-19,settled,4977.47,USD
coinbase:1073145961,2026-08-20,2026-08-19,settled,1.17,USD
coinbase:1073145960,2026-08-20,2026-08-19,settled,12138.58,USD
coinbase:1073145959,2026-08-24,2026-08-22,settled,4.71,USD
coinbase:1073145958,2026-08-20,2026-08-19,settled,75.01,USD
coinbase:1073145957,2026-08-20,2026-08-19,settled,1.17,USD
coinbase:1073145956,2026-08-20,2026-08-19,settled,11945.04,USD
coinbase:1073145955,2026-08-20,2026-08-19,settled,3219.59,USD
coinbase:1073145954,2026-08-20,2026-08-19,settled,1.17,USD
coinbase:1073145953,2026-08-20,2026-08-19,settled,3219.54,USD
coinbase:1073145952,2026-08-20,2026-08-19,settled,100.03,USD
coinbase:1073145951,2026-08-20,2026-08-19,settled,1987.44,USD
coinbase:1073145950,2026-08-20,2026-08-19,settled,1.17,USD
coinbase:1073145949,2026-08-20,2026-08-19,settled,2945.34,USD
coinbase:1073145948,2026-08-20,2026-08-19,settled,1160.88,USD
coinbase:1073145947,2026-08-20,2026-08-19,settled,525.04,USD
coinbase:1073145946,2026-08-20,2026-08-19,settled,16.20,USD
coinbase:1073145966,2026-08-20,2026-08-19,settled,2.18,USD
coinbase:1073145975,2026-08-20,2026-08-19,settled,613.96,USD
coinbase:1073145974,2026-08-20,2026-08-19,settled,4977.89,USD
coinbase:1073145973,2026-08-20,2026-08-19,settled,1.17,USD
coinbase:1073145972,2026-08-20,2026-08-19,settled,2029.12,USD
coinbase:1073145970,2026-08-20,2026-08-21,settled,12772.07,USD
coinbase:1073145969,2026-08-20,2026-08-19,settled,1.17,USD
coinbase:1073145968,2026-08-20,2026-08-19,settled,1370.88,USD
coinbase:1073145967,2026-08-20,2026-08-19,settled,803.24,USD
coinbase:1073145983,2026-08-20,2026-08-19,settled,5387.39,USD
coinbase:1073145982,2026-08-20,2026-08-19,settled,11947.41,USD
coinbase:1073145981,2026-08-20,2026-08-19,settled,1.17,USD
coinbase:1073145980,2026-08-20,2026-08-22,settled,1.50,USD
coinbase:1073145979,2026-08-20,2026-08-19,settled,2742.02,USD
coinbase:1073145978,2026-08-20,2026-08-19,settled,1371.01,USD
coinbase:1073145977,2026-08-20,2026-08-19,settled,684.67,USD
coinbase:1073145976,2026-08-20,2026-08-19,settled,12140.01,USD
coinbase:1073145992,2026-08-20,2026-08-19,settled,2131.28,USD
coinbase:1073145991,2026-08-20,2026-08-19,settled,4548.38,USD
coinbase:1073145990,2026-08-20,2026-08-19,settled,10000.00,USD
coinbase:1073145989,2026-08-20,2026-08-19,settled,1.17,USD
coinbase:1073145988,2026-08-20,2026-08-19,settled,4978.29,USD
coinbase:1073145987,2026-08-20,2026-08-19,settled,101.28,USD
coinbase:1073145986,2026-08-20,2026-08-19,settled,499.78,USD
coinbase:1073145984,2026-08-20,2026-08-19,settled,4977.39,USD
coinbase:1073145993,2026-08-20,2026-08-19,settled,79.50,USD
coinbase:1073145995,2026-08-20,2026-08-19,settled,7138.89,USD
coinbase:1073145994,2026-08-20,2026-08-19,settled,1160.88,USD
coinbase:1073145996,2026-08-24,2026-08-21,settled,3015.40,USD
coinbase:1073145997,2026-08-20,2026-08-19,settled,1463.48,USD
coinbase:1073145998,2026-08-20,2026-08-19,settled,326.31,USD
coinbase:1073145999,2026-08-20,2026-08-19,settled,1160.87,USD
coinbase:1073146000,2026-08-20,2026-08-19,settled,0.00,USD
coinbase:1073146001,2026-08-20,2026-08-19,settled,0.00,USD
coinbase:1073146014,2026-08-20,2026-08-19,settled,3016.03,USD
coinbase:1073146013,2026-08-24,2026-08-21,settled,11947.16,USD
coinbase:1073146012,2026-08-20,2026-08-19,settled,687.47,USD
coinbase:1073146011,2026-08-20,2026-08-19,settled,31855.98,USD
coinbase:1073146010,2026-08-20,2026-08-19,settled,912.34,USD
coinbase:1073146009,2026-08-20,2026-08-19,settled,100.07,USD
coinbase:1073146008,2026-08-20,2026-08-19,settled,12139.11,USD
coinbase:1073146007,2026-08-20,2026-08-19,settled,75.01,USD
coinbase:1073146006,2026-08-20,2026-08-19,settled,1.17,USD
coinbase:1073146005,2026-08-20,2026-08-19,settled,525.03,USD
coinbase:1073146004,2026-08-20,2026-08-19,settled,420.01,USD
coinbase:1073146003,2026-08-20,2026-08-19,settled,872.91,USD
coinbase:1073146015,2026-08-20,2026-08-19,settled,0.01,USD
coinbase:1073146016,2026-08-20,2026-08-19,settled,0.01,USD
coinbase:1073146017,2026-08-20,2026-08-19,settled,0.00,USD
coinbase:1073146019,2026-08-20,2026-08-19,settled,137.11,USD
coinbase:1073146020,2026-08-20,2026-08-19,settled,0.00,USD
coinbase:1073146021,2026-08-20,2026-08-19,settled,0.00,USD
coinbase:1073146022,2026-08-20,2026-08-19,settled,573.11,USD
coinbase:1073146024,2026-08-20,2026-08-19,settled,418.16,USD
coinbase:1073146026,2026-08-20,2026-08-19,settled,870.59,USD
coinbase:1073146025,2026-08-20,2026-08-19,settled,2671.03,USD
coinbase:1073146027,2026-08-20,2026-08-19,settled,198.79,USD
coinbase:1073146028,2026-08-20,2026-08-19,settled,221.20,USD
coinbase:1073146029,2026-08-20,2026-08-19,settled,200.14,USD
coinbase:1073146030,2026-08-24,2026-08-21,settled,419.98,USD
coinbase:1073146032,2026-08-20,2026-08-19,settled,419.98,USD
coinbase:1073146031,2026-08-20,2026-08-19,settled,1.17,USD
kraken:105348301,2026-08-20,2026-08-19,settled,50.00,USD
kraken:105348302,2026-08-20,2026-08-19,settled,20.00,USD
kraken:105348303,2026-08-20,2026-08-19,settled,68.54,USD
kraken:105348304,2026-08-20,2026-08-19,settled,68.54,USD
kraken:105348305,2026-08-20,2026-08-19,settled,6.85,USD
kraken:105348306,2026-08-20,2026-08-19,settled,445.36,USD
coinbase:1073146033,2026-08-20,2026-08-19,settled,0.00,USD
coinbase:1073146034,2026-08-20,2026-08-19,settled,0.00,USD
coinbase:1073146035,2026-08-20,2026-08-19,settled,0.02,USD
kraken:105348307,2026-08-20,2026-08-19,settled,14768.81,USD
kraken:105348308,2026-08-20,2026-08-19,settled,1386.19,USD
kraken:105348309,2026-08-20,2026-08-19,settled,784.43,USD
kraken:105348310,2026-08-20,2026-08-19,settled,5346.09,USD
kraken:105348311,2026-08-20,2026-08-19,settled,3383.04,USD
kraken:105348312,2026-08-24,2026-08-21,settled,1028.09,USD
kraken:105348313,2026-08-20,2026-08-19,settled,50.00,USD
kraken:105348315,2026-08-20,2026-08-19,settled,50000.00,USD
coinbase:1073146036,2026-08-20,2026-08-19,settled,0.01,USD
coinbase:1073146043,2026-08-20,2026-08-19,settled,8451.42,USD
coinbase:1073146042,2026-08-20,2026-08-19,settled,419.98,USD
coinbase:1073146041,2026-08-20,2026-08-19,settled,419.99,USD
coinbase:1073146040,2026-08-20,2026-08-19,settled,4977.55,USD
coinbase:1073146039,2026-08-20,2026-08-19,settled,31855.71,USD
coinbase:1073146038,2026-08-20,2026-08-19,settled,11946.34,USD
coinbase:1073146037,2026-08-20,2026-08-19,settled,11946.39,USD
coinbase:1073146045,2026-08-20,2026-08-19,settled,0.00,USD
coinbase:1073146046,2026-08-20,2026-08-19,settled,0.00,USD
coinbase:1073146047,2026-08-20,2026-08-19,settled,0.00,USD
coinbase:1073146048,2026-08-20,2026-08-19,settled,0.00,USD
coinbase:1073146050,2026-08-20,2026-08-19,settled,775.64,USD
coinbase:1073146049,2026-08-24,2026-08-21,settled,420.00,USD
coinbase:1073146051,2026-08-20,2026-08-19,settled,0.01,USD
coinbase:1073146052,2026-08-24,2026-08-22,settled,0.00,USD
coinbase:1073146053,2026-08-20,2026-08-19,settled,0.12,USD
coinbase:1073146054,2026-08-20,2026-08-19,settled,0.00,USD
coinbase:1073146055,2026-08-20,2026-08-19,settled,0.01,USD
coinbase:1073146056,2026-08-20,2026-08-19,settled,0.01,USD
coinbase:1073146057,2026-08-20,2026-08-19,settled,0.00,USD
kraken:105348317,2026-08-20,2026-08-19,settled,8.20,USD
coinbase:1073146058,2026-08-20,2026-08-19,settled,0.00,USD
coinbase:1073146059,2026-08-20,2026-08-19,settled,0.00,USD
coinbase:1073146060,2026-08-20,2026-08-19,settled,0.00,USD
coinbase:1073146061,2026-08-20,2026-08-19,settled,0.00,USD
coinbase:1073146062,2026-08-20,2026-08-19,settled,252.58,USD
coinbase:1073146063,2026-08-20,2026-08-19,settled,4.72,USD
coinbase:1073146064,2026-08-20,2026-08-19,settled,0.00,USD
coinbase:1073146065,2026-08-20,2026-08-19,settled,0.00,USD
coinbase:1073146077,2026-08-20,2026-08-19,settled,44864.62,USD
coinbase:1073146076,2026-08-20,2026-08-19,settled,61678.46,USD
coinbase:1073146075,2026-08-20,2026-08-19,settled,11946.55,USD
coinbase:1073146074,2026-08-24,2026-08-21,settled,4320.05,USD
coinbase:1073146073,2026-08-20,2026-08-19,settled,413.59,USD
coinbase:1073146072,2026-08-20,2026-08-19,settled,75.00,USD
coinbase:1073146071,2026-08-20,2026-08-19,settled,5638.75,USD
coinbase:1073146070,2026-08-20,2026-08-19,settled,420.00,USD
coinbase:1073146069,2026-08-20,2026-08-19,settled,3181.00,USD
coinbase:1073146068,2026-08-20,2026-08-19,settled,2.00,USD
coinbase:1073146067,2026-08-20,2026-08-19,settled,11946.79,USD
coinbase:1073146066,2026-08-20,2026-08-19,settled,3482.21,USD
coinbase:1073146078,2026-08-20,2026-08-19,settled,0.00,USD
coinbase:1073146079,2026-08-20,2026-08-19,settled,0.00,USD
coinbase:1073146080,2026-08-20,2026-08-19,settled,0.00,USD
coinbase:1073146081,2026-08-20,2026-08-19,settled,1.48,USD
coinbase:1073146082,2026-08-20,2026-08-19,settled,0.01,USD
coinbase:1073146083,2026-08-20,2026-08-19,settled,0.00,USD
coinbase:1073146084,2026-08-20,2026-08-19,settled,0.00,USD
coinbase:1073146085,2026-08-20,2026-08-19,settled,0.01,USD
coinbase:1073146086,2026-08-20,2026-08-19,settled,0.00,USD
coinbase:1073146087,2026-08-20,2026-08-19,settled,20.20,USD
coinbase:1073146094,2026-08-20,2026-08-19,settled,1423.84,USD
coinbase:1073146093,2026-08-20,2026-08-19,settled,3001.28,USD
coinbase:1073146092,2026-08-20,2026-08-19,settled,1034.63,USD
coinbase:1073146091,2026-08-20,2026-08-19,settled,1239.31,USD
coinbase:1073146090,2026-08-20,2026-08-19,settled,3043.50,USD
coinbase:1073146089,2026-08-20,2026-08-19,settled,420.00,USD
coinbase:1073146088,2026-08-21,2026-08-20,settled,75.00,USD
coinbase:1073146095,2026-08-20,2026-08-19,settled,566.15,USD
coinbase:1073146096,2026-08-20,2026-08-19,settled,275.25,USD
coinbase:1073146097,2026-08-20,2026-08-19,settled,58.47,USD
coinbase:1073146098,2026-08-20,2026-08-19,settled,1336.37,USD
coinbase:1073146099,2026-08-20,2026-08-19,settled,171.56,USD
coinbase:1073146100,2026-08-20,2026-08-19,settled,35.80,USD
coinbase:1073146101,2026-08-24,2026-08-22,settled,21.20,USD
coinbase:1073146102,2026-08-20,2026-08-19,settled,0.02,USD
coinbase:1073146103,2026-08-20,2026-08-19,settled,912.36,USD
coinbase:1073146104,2026-08-20,2026-08-19,settled,55.03,USD
coinbase:1073146105,2026-08-20,2026-08-19,settled,33.15,USD
coinbase:1073146106,2026-08-20,2026-08-19,settled,47.71,USD
coinbase:1073146107,2026-08-20,2026-08-19,settled,53.07,USD
coinbase:1073146109,2026-08-20,2026-08-19,settled,16.73,USD
coinbase:1073146108,2026-08-20,2026-08-19,settled,59.27,USD
coinbase:1073146110,2026-08-20,2026-08-19,settled,38.42,USD
coinbase:1073146112,2026-08-20,2026-08-19,settled,106.48,USD
coinbase:1073146111,2026-08-20,2026-08-19,settled,19.85,USD
coinbase:1073146113,2026-08-20,2026-08-19,settled,86.00,USD
coinbase:1073146114,2026-08-20,2026-08-19,settled,76.73,USD
coinbase:1073146116,2026-08-20,2026-08-19,settled,57.12,USD
coinbase:1073146115,2026-08-20,2026-08-19,settled,150.79,USD
coinbase:1073146118,2026-08-20,2026-08-19,settled,168.82,USD
coinbase:1073146117,2026-08-20,2026-08-19,settled,17.88,USD
coinbase:1073146119,2026-08-20,2026-08-19,settled,75.00,USD
coinbase:1073146120,2026-08-20,2026-08-19,settled,96.50,USD
coinbase:1073146121,2026-08-20,2026-08-19,settled,79.68,USD
coinbase:1073146123,2026-08-20,2026-08-19,settled,76.57,USD
coinbase:1073146122,2026-08-20,2026-08-19,settled,75.00,USD
coinbase:1073146124,2026-08-20,2026-08-19,settled,25.25,USD
coinbase:1073146125,2026-08-20,2026-08-21,settled,75.00,USD
coinbase:1073146128,2026-08-20,2026-08-19,settled,68.96,USD
coinbase:1073146127,2026-08-20,2026-08-19,settled,3.08,USD
coinbase:1073146126,2026-08-20,2026-08-19,settled,243.18,USD
coinbase:1073146130,2026-08-24,2026-08-22,settled,493.85,USD
coinbase:1073146129,2026-08-20,2026-08-19,settled,1.16,USD
coinbase:1073146131,2026-08-20,2026-08-19,settled,44.83,USD
coinbase:1073146133,2026-08-20,2026-08-19,settled,0.49,USD
coinbase:1073146134,2026-08-20,2026-08-19,settled,0.00,USD
coinbase:1073146136,2026-08-20,2026-08-19,settled,336.28,USD
coinbase:1073146135,2026-08-20,2026-08-19,settled,75.00,USD
coinbase:1073146137,2026-08-20,2026-08-19,settled,0.01,USD
coinbase:1073146142,2026-08-20,2026-08-19,settled,167.78,USD
coinbase:1073146141,2026-08-20,2026-08-19,settled,4977.61,USD
coinbase:1073146140,2026-08-20,2026-08-19,settled,419.99,USD
coinbase:1073146139,2026-08-20,2026-08-19,settled,420.00,USD
coinbase:1073146138,2026-08-20,2026-08-19,settled,74.99,USD
coinbase:1073146143,2026-08-20,2026-08-19,settled,0.00,USD
coinbase:1073146144,2026-08-20,2026-08-19,settled,0.00,USD
coinbase:1073146154,2026-08-20,2026-08-19,settled,11945.95,USD
coinbase:1073146153,2026-08-20,2026-08-19,settled,524.97,USD
coinbase:1073146152,2026-08-20,2026-08-19,settled,11946.01,USD
coinbase:1073146151,2026-08-20,2026-08-19,settled,14476.78,USD
coinbase:1073146150,2026-08-20,2026-08-19,settled,419.99,USD
coinbase:1073146149,2026-08-20,2026-08-19,settled,420.00,USD
coinbase:1073146148,2026-08-20,2026-08-19,settled,3043.48,USD
coinbase:1073146147,2026-08-20,2026-08-19,settled,2783.02,USD
coinbase:1073146146,2026-08-20,2026-08-19,settled,75.00,USD
coinbase:1073146145,2026-08-20,2026-08-19,settled,4977.79,USD
coinbase:1073146155,2026-08-20,2026-08-19,settled,0.00,USD
coinbase:1073146156,2026-08-20,2026-08-19,settled,0.00,USD
coinbase:1073146162,2026-08-20,2026-08-19,settled,2982.01,USD
coinbase:1073146161,2026-08-20,2026-08-19,settled,75.00,USD
coinbase:1073146160,2026-08-20,2026-08-19,settled,5510.52,USD
coinbase:1073146159,2026-08-20,2026-08-19,settled,420.00,USD
coinbase:1073146163,2026-08-20,2026-08-19,settled,12.67,USD
coinbase:1073146164,2026-08-20,2026-08-19,settled,27.11,USD
coinbase:1073146165,2026-08-20,2026-08-19,settled,17.81,USD
coinbase:1073146167,2026-08-20,2026-08-19,settled,9.71,USD
coinbase:1073146166,2026-08-20,2026-08-19,settled,3.83,USD
coinbase:1073146168,2026-08-20,2026-08-19,settled,514.42,USD
coinbase:1073146169,2026-08-20,2026-08-19,settled,41.56,USD
coinbase:1073146170,2026-08-20,2026-08-19,settled,36.53,USD
coinbase:1073146171,2026-08-24,2026-08-22,settled,14.90,USD
coinbase:1073146172,2026-08-20,2026-08-20,settled,17.56,USD
coinbase:1073146174,2026-08-20,2026-08-19,settled,275.38,USD
coinbase:1073146173,2026-08-20,2026-08-19,settled,494.29,USD
coinbase:1073146175,2026-08-20,2026-08-19,settled,11.37,USD
coinbase:1073146176,2026-08-20,2026-08-19,settled,37.31,USD
coinbase:1073146177,2026-08-20,2026-08-19,settled,52.09,USD
coinbase:1073146178,2026-08-20,2026-08-19,settled,10.81,USD
coinbase:1073146179,2026-08-20,2026-08-19,settled,32.07,USD
coinbase:1073146181,2026-08-20,2026-08-19,settled,34.45,USD
coinbase:1073146180,2026-08-20,2026-08-19,settled,0.97,USD
coinbase:1073146182,2026-08-20,2026-08-19,settled,13.71,USD
coinbase:1073146183,2026-08-20,2026-08-19,settled,14.64,USD
coinbase:1073146184,2026-08-20,2026-08-19,settled,12.20,USD
coinbase:1073146185,2026-08-20,2026-08-19,settled,60.36,USD
coinbase:1073146186,2026-08-20,2026-08-19,settled,75.00,USD
coinbase:1073146187,2026-08-20,2026-08-19,settled,62.80,USD
coinbase:1073146188,2026-08-20,2026-08-19,settled,95.12,USD
coinbase:1073146189,2026-08-20,2026-08-19,settled,86.84,USD
coinbase:1073146190,2026-08-20,2026-08-19,settled,18.40,USD
coinbase:1073146191,2026-08-20,2026-08-19,settled,10.64,USD
coinbase:1073146193,2026-08-20,2026-08-19,settled,75.00,USD
coinbase:1073146192,2026-08-20,2026-08-19,settled,10.84,USD
coinbase:1073146194,2026-08-20,2026-08-19,settled,1009.91,USD
coinbase:1073146195,2026-08-20,2026-08-19,settled,0.00,USD
coinbase:1073146196,2026-08-20,2026-08-19,settled,0.01,USD
coinbase:1073146197,2026-08-20,2026-08-19,settled,0.00,USD
coinbase:1073146198,2026-08-24,2026-08-22,settled,0.00,USD
coinbase:1073146199,2026-08-20,2026-08-19,settled,1.71,USD
coinbase:1073146200,2026-08-20,2026-08-19,settled,0.00,USD
coinbase:1073146202,2026-08-20,2026-08-19,settled,3043.41,USD
coinbase:1073146201,2026-08-20,2026-08-20,settled,73.29,USD
coinbase:1073146203,2026-08-20,2026-08-19,settled,0.00,USD
coinbase:1073146206,2026-08-20,2026-08-19,settled,2384.68,USD
coinbase:1073146205,2026-08-20,2026-08-19,settled,2552.64,USD
coinbase:1073146204,2026-08-20,2026-08-19,settled,324.92,USD
coinbase:1073146208,2026-08-20,2026-08-19,settled,1.17,USD
coinbase:1073146207,2026-08-20,2026-08-19,settled,3.14,USD
coinbase:1073146210,2026-08-20,2026-08-19,settled,1.17,USD
coinbase:1073146209,2026-08-20,2026-08-19,settled,685.35,USD
coinbase:1073146211,2026-08-20,2026-08-19,settled,1738.14,USD
coinbase:1073146212,2026-08-20,2026-08-19,settled,1697.07,USD
coinbase:1073146214,2026-08-20,2026-08-19,settled,785.57,USD
coinbase:1073146213,2026-08-20,2026-08-19,settled,1.17,USD
coinbase:1073146215,2026-08-20,2026-08-21,settled,2257.21,USD
coinbase:1073146217,2026-08-21,2026-08-20,settled,685.30,USD
coinbase:1073146216,2026-08-20,2026-08-21,settled,101.42,USD
coinbase:1073146218,2026-08-20,2026-08-19,settled,117.33,USD
coinbase:1073146219,2026-08-20,2026-08-21,settled,0.00,USD
coinbase:1073146221,2026-08-20,2026-08-19,settled,1.50,USD
coinbase:1073146222,2026-08-20,2026-08-19,settled,0.01,USD
coinbase:1073146223,2026-08-20,2026-08-19,settled,0.00,USD
coinbase:1073146224,2026-08-20,2026-08-19,settled,0.00,USD
coinbase:1073146225,2026-08-20,2026-08-19,settled,1894.64,USD
coinbase:1073146226,2026-08-20,2026-08-19,settled,0.00,USD
coinbase:1073146227,2026-08-20,2026-08-19,settled,0.00,USD
coinbase:1073146228,2026-08-20,2026-08-19,settled,0.00,USD
coinbase:1073146230,2026-08-20,2026-08-19,settled,810.30,USD
coinbase:1073146229,2026-08-20,2026-08-19,settled,100.04,USD
coinbase:1073146234,2026-08-20,2026-08-19,settled,965.96,USD
coinbase:1073146233,2026-08-20,2026-08-19,settled,1000.00,USD
coinbase:1073146232,2026-08-20,2026-08-19,settled,15.86,USD
coinbase:1073146231,2026-08-20,2026-08-19,settled,1789.21,USD
coinbase:1073146235,2026-08-20,2026-08-19,settled,34.04,USD
coinbase:1073146236,2026-08-20,2026-08-19,settled,420.01,USD
coinbase:1073146237,2026-08-20,2026-08-19,settled,2.18,USD
coinbase:1073146238,2026-08-20,2026-08-19,settled,1985.29,USD
coinbase:1073146248,2026-08-20,2026-08-19,settled,6175.23,USD
coinbase:1073146247,2026-08-20,2026-08-19,settled,12772.68,USD
coinbase:1073146246,2026-08-20,2026-08-19,settled,14760.21,USD
coinbase:1073146245,2026-08-20,2026-08-19,settled,1.17,USD
coinbase:1073146244,2026-08-20,2026-08-19,settled,12139.34,USD
coinbase:1073146243,2026-08-20,2026-08-19,settled,75.02,USD
coinbase:1073146242,2026-08-20,2026-08-19,settled,525.04,USD
coinbase:1073146241,2026-08-20,2026-08-19,settled,737.10,USD
coinbase:1073146240,2026-08-20,2026-08-19,settled,1.17,USD
coinbase:1073146239,2026-08-20,2026-08-19,settled,420.02,USD
coinbase:1073146249,2026-08-20,2026-08-19,settled,0.00,USD
coinbase:1073146250,2026-08-20,2026-08-19,settled,0.01,USD
coinbase:1073146252,2026-08-20,2026-08-19,settled,1277.86,USD
coinbase:1073146251,2026-08-20,2026-08-19,settled,737.10,USD
coinbase:1073146253,2026-08-20,2026-08-19,settled,418.08,USD
kraken:105348318,2026-08-20,2026-08-19,settled,50.00,USD
kraken:105348319,2026-08-20,2026-08-19,settled,6.85,USD
kraken:105348320,2026-08-20,2026-08-19,settled,68.54,USD
kraken:105348321,2026-08-20,2026-08-19,settled,20.36,USD
kraken:105348322,2026-08-20,2026-08-19,settled,5.52,USD
coinbase:1073146254,2026-08-20,2026-08-19,settled,2.03,USD
kraken:105348323,2026-08-20,2026-08-19,settled,0.03,USD
coinbase:1073146255,2026-08-20,2026-08-19,settled,0.00,USD
coinbase:1073146256,2026-08-20,2026-08-19,settled,0.01,USD
coinbase:1073146257,2026-08-20,2026-08-19,settled,0.00,USD
coinbase:1073146261,2026-08-20,2026-08-19,settled,130.61,USD
coinbase:1073146259,2026-08-20,2026-08-21,settled,4.31,USD
coinbase:1073146258,2026-08-20,2026-08-19,settled,1.02,USD
coinbase:1073146263,2026-08-20,2026-08-19,settled,1741.12,USD
coinbase:1073146262,2026-08-20,2026-08-19,settled,419.99,USD
coinbase:1073146265,2026-08-20,2026-08-19,settled,107.82,USD
coinbase:1073146264,2026-08-20,2026-08-19,settled,419.99,USD
coinbase:1073146268,2026-08-20,2026-08-19,settled,1637.05,USD
coinbase:1073146267,2026-08-20,2026-08-19,settled,12771.67,USD
coinbase:1073146266,2026-08-24,2026-08-22,settled,417.15,USD
kraken:105348324,2026-08-20,2026-08-19,settled,49.97,USD
coinbase:1073146269,2026-08-24,2026-08-21,settled,421.64,USD
coinbase:1073146271,2026-08-24,2026-08-22,settled,419.99,USD
coinbase:1073146270,2026-08-20,2026-08-19,settled,1.17,USD
coinbase:1073146272,2026-08-20,2026-08-19,settled,102.09,USD
coinbase:1073146273,2026-08-20,2026-08-19,settled,0.00,USD
coinbase:1073146274,2026-08-20,2026-08-19,settled,3.14,USD
kraken:105348325,2026-08-20,2026-08-19,settled,499.76,USD
coinbase:1073146277,2026-08-20,2026-08-19,settled,2.15,USD
coinbase:1073146278,2026-08-20,2026-08-19,settled,0.02,USD
coinbase:1073146279,2026-08-20,2026-08-19,settled,147.56,USD
coinbase:1073146280,2026-08-20,2026-08-19,settled,0.00,USD
coinbase:1073146281,2026-08-20,2026-08-19,settled,0.00,USD
coinbase:1073146282,2026-08-20,2026-08-19,settled,0.00,USD
coinbase:1073146288,2026-08-20,2026-08-19,settled,1960.99,USD
coinbase:1073146287,2026-08-20,2026-08-19,settled,2.00,USD
coinbase:1073146286,2026-08-20,2026-08-19,settled,3913.10,USD
coinbase:1073146285,2026-08-20,2026-08-19,settled,4491.66,USD
coinbase:1073146284,2026-08-20,2026-08-19,settled,1173.62,USD
coinbase:1073146283,2026-08-20,2026-08-19,settled,1.40,USD
coinbase:1073146289,2026-08-20,2026-08-19,settled,0.00,USD
coinbase:1073146290,2026-08-20,2026-08-19,settled,0.01,USD
coinbase:1073146291,2026-08-20,2026-08-19,settled,0.00,USD
coinbase:1073146292,2026-08-20,2026-08-19,settled,0.00,USD
kraken:105348326,2026-08-20,2026-08-19,settled,27.18,USD
kraken:105348327,2026-08-20,2026-08-19,settled,26.48,USD
kraken:105348328,2026-08-20,2026-08-19,settled,26.48,USD
kraken:105348329,2026-08-20,2026-08-19,settled,26.48,USD
coinbase:1073146293,2026-08-20,2026-08-19,settled,186.18,USD
coinbase:1073146294,2026-08-20,2026-08-19,settled,0.00,USD
coinbase:1073146295,2026-08-20,2026-08-19,settled,0.01,USD
coinbase:1073146296,2026-08-20,2026-08-19,settled,0.00,USD
coinbase:1073146297,2026-08-20,2026-08-19,settled,28.44,USD
coinbase:1073146298,2026-08-20,2026-08-19,settled,0.00,USD
coinbase:1073146299,2026-08-20,2026-08-19,settled,0.00,USD
coinbase:1073146300,2026-08-20,2026-08-19,settled,0.00,USD
coinbase:1073146301,2026-08-20,2026-08-19,settled,0.00,USD
coinbase:1073146302,2026-08-20,2026-08-19,settled,0.01,USD
coinbase:1073146303,2026-08-20,2026-08-19,settled,0.00,USD
coinbase:1073146304,2026-08-20,2026-08-19,settled,191.89,USD
coinbase:1073146309,2026-08-20,2026-08-19,settled,10924.70,USD
coinbase:1073146308,2026-08-20,2026-08-19,settled,4273.34,USD
coinbase:1073146307,2026-08-20,2026-08-19,settled,1097.50,USD
coinbase:1073146306,2026-08-20,2026-08-19,settled,3481.36,USD
coinbase:1073146305,2026-08-20,2026-08-19,settled,2445.33,USD
coinbase:1073146310,2026-08-20,2026-08-19,settled,0.00,USD
coinbase:1073146311,2026-08-20,2026-08-19,settled,50.50,USD
coinbase:1073146312,2026-08-20,2026-08-19,settled,0.00,USD
coinbase:1073146313,2026-08-20,2026-08-19,settled,2.60,USD
coinbase:1073146314,2026-08-20,2026-08-19,settled,0.00,USD
coinbase:1073146315,2026-08-20,2026-08-19,settled,0.00,USD
coinbase:1073146316,2026-08-20,2026-08-19,settled,6.28,USD
coinbase:1073146317,2026-08-20,2026-08-19,settled,0.00,USD
coinbase:1073146318,2026-08-20,2026-08-19,settled,0.00,USD
coinbase:1073146319,2026-08-20,2026-08-19,settled,0.01,USD
coinbase:1073146320,2026-08-20,2026-08-20,settled,0.00,USD
coinbase:1073146321,2026-08-20,2026-08-19,settled,9.75,USD
coinbase:1073146325,2026-08-20,2026-08-19,settled,208791.97,USD
coinbase:1073146324,2026-08-20,2026-08-19,settled,1307.64,USD
coinbase:1073146323,2026-08-20,2026-08-19,settled,2055.92,USD
coinbase:1073146322,2026-08-20,2026-08-19,settled,90.29,USD
coinbase:1073146326,2026-08-20,2026-08-19,settled,418.05,USD
kraken:105348330,2026-08-20,2026-08-19,settled,0.03,USD
kraken:105348331,2026-08-20,2026-08-19,settled,190.10,USD
coinbase:1073146327,2026-08-20,2026-08-19,settled,0.00,USD
coinbase:1073146328,2026-08-20,2026-08-19,settled,0.00,USD
coinbase:1073146331,2026-08-20,2026-08-19,settled,1.76,USD
coinbase:1073146330,2026-08-20,2026-08-19,settled,1.17,USD
coinbase:1073146329,2026-08-20,2026-08-19,settled,1.17,USD
coinbase:1073146332,2026-08-20,2026-08-19,settled,0.01,USD
coinbase:1073146333,2026-08-20,2026-08-19,settled,93.68,USD
coinbase:1073146336,2026-08-20,2026-08-19,settled,35.86,USD
coinbase:1073146335,2026-08-20,2026-08-19,settled,100.07,USD
coinbase:1073146334,2026-08-24,2026-08-22,settled,1.17,USD
coinbase:1073146337,2026-08-20,2026-08-19,settled,7.64,USD
coinbase:1073146338,2026-08-20,2026-08-19,settled,0.00,USD
coinbase:1073146339,2026-08-20,2026-08-19,settled,0.00,USD
coinbase:1073146340,2026-08-20,2026-08-19,settled,0.00,USD
coinbase:1073146341,2026-08-20,2026-08-19,settled,13.95,USD
coinbase:1073146342,2026-08-20,2026-08-19,settled,0.00,USD
coinbase:1073146360,2026-08-20,2026-08-19,settled,0.00,USD
coinbase:1073146359,2026-08-20,2026-08-19,settled,1.17,USD
coinbase:1073146358,2026-08-20,2026-08-19,settled,31860.67,USD
coinbase:1073146357,2026-08-20,2026-08-19,settled,20006.46,USD
coinbase:1073146356,2026-08-20,2026-08-19,settled,12140.95,USD
coinbase:1073146355,2026-08-20,2026-08-19,settled,1.17,USD
coinbase:1073146354,2026-08-20,2026-08-19,settled,11947.84,USD
coinbase:1073146353,2026-08-20,2026-08-19,settled,20006.16,USD
coinbase:1073146352,2026-08-20,2026-08-19,settled,31859.63,USD
coinbase:1073146351,2026-08-20,2026-08-19,settled,31858.67,USD
coinbase:1073146350,2026-08-20,2026-08-19,settled,1.17,USD
coinbase:1073146349,2026-08-20,2026-08-19,settled,1987.96,USD
coinbase:1073146347,2026-08-20,2026-08-19,settled,4.85,USD
coinbase:1073146346,2026-08-20,2026-08-19,settled,1000.00,USD
coinbase:1073146345,2026-08-20,2026-08-19,settled,1000.00,USD
coinbase:1073146344,2026-08-20,2026-08-19,settled,1.17,USD
coinbase:1073146343,2026-08-20,2026-08-19,settled,53473.42,USD
coinbase:1073146361,2026-08-20,2026-08-19,settled,0.00,USD
coinbase:1073146362,2026-08-20,2026-08-19,settled,0.00,USD
coinbase:1073146363,2026-08-20,2026-08-19,settled,0.01,USD
coinbase:1073146364,2026-08-20,2026-08-19,settled,0.00,USD
coinbase:1073146366,2026-08-20,2026-08-21,settled,6087.48,USD
coinbase:1073146365,2026-08-20,2026-08-19,settled,420.00,USD
coinbase:1073146367,2026-08-20,2026-08-19,settled,420.00,USD
coinbase:1073146368,2026-08-20,2026-08-19,settled,0.00,USD
coinbase:1073146369,2026-08-21,2026-08-20,settled,160.36,USD
coinbase:1073146370,2026-08-20,2026-08-19,settled,0.00,USD
coinbase:1073146371,2026-08-20,2026-08-22,settled,0.00,USD
coinbase:1073146372,2026-08-20,2026-08-19,settled,0.01,USD
coinbase:1073146373,2026-08-20,2026-08-19,settled,49.76,USD
kraken:105348332,2026-08-20,2026-08-19,settled,68.55,USD
kraken:105348333,2026-08-24,2026-08-21,settled,6.85,USD
kraken:105348334,2026-08-20,2026-08-19,settled,50.00,USD
kraken:105348335,2026-08-20,2026-08-19,settled,2674.60,USD
coinbase:1073146374,2026-08-20,2026-08-19,settled,0.00,USD
coinbase:1073146375,2026-08-20,2026-08-19,settled,0.01,USD
coinbase:1073146376,2026-08-20,2026-08-22,settled,0.00,USD
coinbase:1073146377,2026-08-20,2026-08-19,settled,0.00,USD
coinbase:1073146379,2026-08-20,2026-08-19,settled,0.02,USD
coinbase:1073146380,2026-08-20,2026-08-21,settled,0.00,USD
coinbase:1073146381,2026-08-20,2026-08-19,settled,0.00,USD
coinbase:1073146382,2026-08-20,2026-08-19,settled,0.01,USD
coinbase:1073146383,2026-08-20,2026-08-19,settled,0.00,USD
coinbase:1073146384,2026-08-20,2026-08-19,settled,0.02,USD
coinbase:1073146385,2026-08-20,2026-08-19,settled,0.00,USD
coinbase:1073146386,2026-08-20,2026-08-19,settled,0.00,USD
coinbase:1073146392,2026-08-20,2026-08-19,settled,2396.76,USD
coinbase:1073146391,2026-08-20,2026-08-19,settled,6.28,USD
coinbase:1073146390,2026-08-20,2026-08-19,settled,75.00,USD
coinbase:1073146389,2026-08-20,2026-08-19,settled,6958.10,USD
coinbase:1073146388,2026-08-20,2026-08-19,settled,420.00,USD
coinbase:1073146387,2026-08-20,2026-08-19,settled,2056.54,USD
coinbase:1073146393,2026-08-20,2026-08-19,settled,89.63,USD
coinbase:1073146394,2026-08-20,2026-08-19,settled,27.26,USD
coinbase:1073146395,2026-08-20,2026-08-19,settled,69.84,USD
coinbase:1073146397,2026-08-20,2026-08-19,settled,2.00,USD
coinbase:1073146396,2026-08-20,2026-08-19,settled,2186.17,USD
coinbase:1073146399,2026-08-20,2026-08-19,settled,420.00,USD
coinbase:1073146398,2026-08-20,2026-08-19,settled,75.00,USD
coinbase:1073146401,2026-08-20,2026-08-19,settled,1000.00,USD
coinbase:1073146400,2026-08-24,2026-08-22,settled,1000.00,USD
coinbase:1073146402,2026-08-20,2026-08-19,settled,419.99,USD
coinbase:1073146404,2026-08-20,2026-08-19,settled,524.97,USD
coinbase:1073146403,2026-08-20,2026-08-19,settled,200.14,USD
coinbase:1073146406,2026-08-20,2026-08-19,settled,4.44,USD
coinbase:1073146405,2026-08-20,2026-08-19,settled,1.17,USD
coinbase:1073146407,2026-08-20,2026-08-19,settled,0.01,USD
coinbase:1073146408,2026-08-20,2026-08-19,settled,0.01,USD
coinbase:1073146409,2026-08-20,2026-08-19,settled,0.02,USD
coinbase:1073146410,2026-08-20,2026-08-19,settled,0.00,USD
coinbase:1073146411,2026-08-20,2026-08-19,settled,0.00,USD
coinbase:1073146415,2026-08-20,2026-08-19,settled,4702.75,USD
coinbase:1073146414,2026-08-24,2026-08-22,settled,2.52,USD
coinbase:1073146413,2026-08-24,2026-08-21,settled,1.15,USD
coinbase:1073146412,2026-08-20,2026-08-19,settled,6087.27,USD
coinbase:1073146416,2026-08-20,2026-08-19,settled,45.60,USD
coinbase:1073146417,2026-08-20,2026-08-19,settled,30.54,USD
coinbase:1073146418,2026-08-20,2026-08-19,settled,278.25,USD
coinbase:1073146419,2026-08-20,2026-08-19,settled,0.00,USD
coinbase:1073146420,2026-08-20,2026-08-19,settled,0.00,USD
coinbase:1073146421,2026-08-20,2026-08-19,settled,0.00,USD
coinbase:1073146422,2026-08-20,2026-08-19,settled,0.00,USD
coinbase:1073146423,2026-08-20,2026-08-19,settled,0.00,USD
coinbase:1073146424,2026-08-20,2026-08-19,settled,0.00,USD
coinbase:1073146425,2026-08-20,2026-08-19,settled,0.00,USD
coinbase:1073146426,2026-08-20,2026-08-19,settled,0.00,USD
coinbase:1073146428,2026-08-20,2026-08-19,settled,0.00,USD
coinbase:1073146429,2026-08-20,2026-08-19,settled,0.00,USD
coinbase:1073146430,2026-08-20,2026-08-19,settled,0.00,USD
coinbase:1073146431,2026-08-20,2026-08-19,settled,0.00,USD
coinbase:1073146432,2026-08-20,2026-08-19,settled,0.00,USD
coinbase:1073146433,2026-08-20,2026-08-19,settled,0.00,USD
coinbase:1073146434,2026-08-20,2026-08-19,settled,0.00,USD
coinbase:1073146435,2026-08-24,2026-08-21,settled,0.00,USD
kraken:105348337,2026-08-20,2026-08-19,settled,5533.88,USD
kraken:105348338,2026-08-20,2026-08-19,settled,50.00,USD
kraken:105348339,2026-08-20,2026-08-19,settled,5346.54,USD
kraken:105348340,2026-08-20,2026-08-21,settled,6.85,USD
kraken:105348341,2026-08-20,2026-08-19,settled,68.55,USD
kraken:105348342,2026-08-20,2026-08-19,settled,3383.33,USD
coinbase:1073146436,2026-08-20,2026-08-19,settled,0.00,USD
coinbase:1073146437,2026-08-20,2026-08-19,settled,40.01,USD
coinbase:1073146438,2026-08-20,2026-08-19,settled,0.01,USD
coinbase:1073146439,2026-08-20,2026-08-19,settled,0.00,USD
coinbase:1073146440,2026-08-20,2026-08-19,settled,0.00,USD
coinbase:1073146441,2026-08-20,2026-08-19,settled,0.01,USD
coinbase:1073146442,2026-08-20,2026-08-19,settled,0.00,USD
coinbase:1073146443,2026-08-20,2026-08-19,settled,0.00,USD
coinbase:1073146444,2026-08-20,2026-08-19,settled,50.18,USD
coinbase:1073146445,2026-08-20,2026-08-19,settled,400.07,USD
coinbase:1073146446,2026-08-20,2026-08-19,settled,0.00,USD
coinbase:1073146447,2026-08-20,2026-08-19,settled,0.01,USD
coinbase:1073146448,2026-08-20,2026-08-19,settled,0.03,USD
coinbase:1073146449,2026-08-20,2026-08-19,settled,0.00,USD
kraken:105348343,2026-08-20,2026-08-19,settled,10.42,USD
coinbase:1073146450,2026-08-20,2026-08-20,settled,0.00,USD
coinbase:1073146451,2026-08-20,2026-08-19,settled,0.00,USD
coinbase:1073146453,2026-08-20,2026-08-19,settled,32.62,USD
coinbase:1073146452,2026-08-20,2026-08-19,settled,19.90,USD
coinbase:1073146454,2026-08-20,2026-08-19,settled,0.00,USD
coinbase:1073146455,2026-08-20,2026-08-19,settled,0.01,USD
coinbase:1073146457,2026-08-20,2026-08-19,settled,0.00,USD
coinbase:1073146458,2026-08-20,2026-08-19,settled,0.00,USD
coinbase:1073146459,2026-08-20,2026-08-19,settled,0.01,USD
coinbase:1073146460,2026-08-20,2026-08-19,settled,0.00,USD
coinbase:1073146461,2026-08-20,2026-08-19,settled,300.51,USD
coinbase:1073146462,2026-08-20,2026-08-19,settled,0.00,USD
coinbase:1073146463,2026-08-20,2026-08-19,settled,0.00,USD
coinbase:1073146464,2026-08-20,2026-08-19,settled,0.00,USD
coinbase:1073146465,2026-08-20,2026-08-19,settled,0.00,USD
coinbase:1073146466,2026-08-20,2026-08-19,settled,0.00,USD
coinbase:1073146467,2026-08-20,2026-08-19,settled,0.00,USD
coinbase:1073146468,2026-08-20,2026-08-21,settled,0.00,USD
kraken:105348344,2026-08-20,2026-08-19,settled,25.55,USD
coinbase:1073146469,2026-08-24,2026-08-22,settled,0.00,USD
coinbase:1073146470,2026-08-20,2026-08-19,settled,0.01,USD
coinbase:1073146471,2026-08-20,2026-08-19,settled,54.94,USD
coinbase:1073146472,2026-08-20,2026-08-20,settled,0.00,USD
coinbase:1073146473,2026-08-20,2026-08-19,settled,0.00,USD
coinbase:1073146474,2026-08-20,2026-08-19,settled,0.00,USD
coinbase:1073146475,2026-08-20,2026-08-19,settled,0.02,USD
coinbase:1073146476,2026-08-20,2026-08-19,settled,0.00,USD
coinbase:1073146477,2026-08-20,2026-08-19,settled,3.72,USD
coinbase:1073146478,2026-08-20,2026-08-19,settled,0.00,USD
coinbase:1073146481,2026-08-20,2026-08-22,settled,3394.10,USD
coinbase:1073146480,2026-08-20,2026-08-19,settled,4310.09,USD
coinbase:1073146479,2026-08-24,2026-08-21,settled,4415.81,USD
kraken:105348345,2026-08-20,2026-08-19,settled,19.51,USD
coinbase:1073146482,2026-08-20,2026-08-19,settled,0.00,USD
coinbase:1073146483,2026-08-20,2026-08-19,settled,0.00,USD
kraken:105348346,2026-08-20,2026-08-19,settled,263.08,USD
coinbase:1073146484,2026-08-20,2026-08-19,settled,0.00,USD
coinbase:1073146485,2026-08-20,2026-08-19,settled,1010.00,USD
coinbase:1073146486,2026-08-20,2026-08-19,settled,0.00,USD
coinbase:1073146487,2026-08-20,2026-08-19,settled,0.00,USD
coinbase:1073146488,2026-08-20,2026-08-19,settled,0.01,USD
coinbase:1073146489,2026-08-20,2026-08-19,settled,0.00,USD
coinbase:1073146490,2026-08-20,2026-08-19,settled,0.00,USD
coinbase:1073146491,2026-08-20,2026-08-19,settled,0.01,USD
coinbase:1073146492,2026-08-20,2026-08-19,settled,0.00,USD
coinbase:1073146493,2026-08-20,2026-08-19,settled,0.00,USD
kraken:105348347,2026-08-24,2026-08-21,settled,32.20,USD
coinbase:1073146498,2026-08-20,2026-08-19,settled,779.48,USD
coinbase:1073146497,2026-08-20,2026-08-19,settled,1.17,USD
coinbase:1073146496,2026-08-20,2026-08-19,settled,3.49,USD
coinbase:1073146495,2026-08-20,2026-08-19,settled,9.27,USD
coinbase:1073146494,2026-08-20,2026-08-19,settled,1.15,USD
coinbase:1073146499,2026-08-20,2026-08-19,settled,0.00,USD
coinbase:1073146500,2026-08-20,2026-08-19,settled,0.00,USD
coinbase:1073146501,2026-08-20,2026-08-19,settled,0.00,USD
coinbase:1073146502,2026-08-20,2026-08-19,settled,0.00,USD
coinbase:1073146503,2026-08-20,2026-08-19,settled,0.01,USD
coinbase:1073146505,2026-08-20,2026-08-19,settled,6.27,USD
coinbase:1073146504,2026-08-24,2026-08-22,settled,100.00,USD
coinbase:1073146508,2026-08-20,2026-08-19,settled,196.50,USD
coinbase:1073146507,2026-08-20,2026-08-19,settled,1.17,USD
coinbase:1073146506,2026-08-20,2026-08-19,settled,1.17,USD
coinbase:1073146511,2026-08-20,2026-08-19,settled,1981.46,USD
coinbase:1073146510,2026-08-20,2026-08-19,settled,250.00,USD
coinbase:1073146509,2026-08-20,2026-08-19,settled,3.68,USD
coinbase:1073146512,2026-08-20,2026-08-19,settled,6.86,USD
coinbase:1073146513,2026-08-20,2026-08-19,settled,1.17,USD
coinbase:1073146514,2026-08-21,2026-08-20,settled,4299.01,USD
coinbase:1073146515,2026-08-20,2026-08-19,settled,0.00,USD
coinbase:1073146516,2026-08-20,2026-08-19,settled,96.44,USD
coinbase:1073146517,2026-08-20,2026-08-19,settled,0.00,USD
kraken:105348348,2026-08-20,2026-08-19,settled,9.64,USD
coinbase:1073146518,2026-08-20,2026-08-19,settled,0.00,USD
coinbase:1073146519,2026-08-20,2026-08-19,settled,2308.88,USD
coinbase:1073146520,2026-08-20,2026-08-20,settled,9592.21,USD
coinbase:1073146521,2026-08-20,2026-08-19,settled,4697.80,USD
coinbase:1073146522,2026-08-20,2026-08-19,settled,2207.89,USD
coinbase:1073146523,2026-08-20,2026-08-19,settled,6945.48,USD
coinbase:1073146525,2026-08-20,2026-08-19,settled,1.02,USD
coinbase:1073146524,2026-08-20,2026-08-19,settled,1.17,USD
coinbase:1073146532,2026-08-20,2026-08-19,settled,202.27,USD
coinbase:1073146531,2026-08-20,2026-08-19,settled,1.17,USD
coinbase:1073146529,2026-08-20,2026-08-19,settled,1.17,USD
coinbase:1073146528,2026-08-20,2026-08-19,settled,1.17,USD
coinbase:1073146527,2026-08-20,2026-08-19,settled,20000.00,USD
coinbase:1073146526,2026-08-20,2026-08-19,settled,0.15,USD
coinbase:1073146542,2026-08-20,2026-08-21,settled,9186.47,USD
coinbase:1073146541,2026-08-20,2026-08-19,settled,14804.77,USD
coinbase:1073146540,2026-08-24,2026-08-21,settled,4980.78,USD
coinbase:1073146539,2026-08-20,2026-08-19,settled,4557.12,USD
coinbase:1073146538,2026-08-21,2026-08-20,settled,1.17,USD
coinbase:1073146537,2026-08-20,2026-08-19,settled,2092.19,USD
coinbase:1073146536,2026-08-20,2026-08-19,settled,12146.06,USD
coinbase:1073146535,2026-08-20,2026-08-19,settled,1.17,USD
coinbase:1073146534,2026-08-20,2026-08-19,settled,11952.89,USD
coinbase:1073146533,2026-08-20,2026-08-19,settled,12576.72,USD
coinbase:1073146543,2026-08-20,2026-08-22,settled,0.00,USD
coinbase:1073146544,2026-08-20,2026-08-19,settled,10781.50,USD
coinbase:1073146545,2026-08-20,2026-08-19,settled,2800.68,USD
kraken:105348349,2026-08-20,2026-08-19,settled,50.00,USD
kraken:105348350,2026-08-20,2026-08-19,settled,68.55,USD
kraken:105348351,2026-08-20,2026-08-19,settled,6.85,USD
coinbase:1073146546,2026-08-20,2026-08-19,settled,0.00,USD
kraken:105348352,2026-08-20,2026-08-19,settled,212.41,USD
kraken:105348353,2026-08-20,2026-08-19,settled,11057.18,USD
kraken:105348354,2026-08-20,2026-08-19,settled,3475.69,USD
kraken:105348355,2026-08-20,2026-08-19,settled,3.50,USD
kraken:105348356,2026-08-20,2026-08-19,settled,10.15,USD
kraken:105348357,2026-08-20,2026-08-19,settled,4.18,USD
kraken:105348358,2026-08-24,2026-08-22,settled,3.50,USD
kraken:105348359,2026-08-20,2026-08-19,settled,20057.48,USD
coinbase:1073146547,2026-08-20,2026-08-21,settled,0.00,USD
coinbase:1073146553,2026-08-20,2026-08-19,settled,115.95,USD
coinbase:1073146551,2026-08-20,2026-08-21,settled,1.17,USD
coinbase:1073146550,2026-08-20,2026-08-19,settled,0.12,USD
coinbase:1073146549,2026-08-20,2026-08-19,settled,17.63,USD
coinbase:1073146548,2026-08-20,2026-08-19,settled,1.16,USD
coinbase:1073146555,2026-08-20,2026-08-19,settled,7833.67,USD
coinbase:1073146554,2026-08-20,2026-08-19,settled,75.00,USD
coinbase:1073146556,2026-08-20,2026-08-19,settled,75.00,USD
coinbase:1073146557,2026-08-20,2026-08-19,settled,75.00,USD
coinbase:1073146558,2026-08-20,2026-08-19,settled,75.00,USD
coinbase:1073146559,2026-08-20,2026-08-19,settled,0.01,USD
coinbase:1073146560,2026-08-20,2026-08-19,settled,0.00,USD
coinbase:1073146561,2026-08-20,2026-08-19,settled,0.00,USD
coinbase:1073146562,2026-08-20,2026-08-21,settled,0.01,USD
kraken:105348360,2026-08-20,2026-08-19,settled,30427.44,USD
kraken:105348361,2026-08-20,2026-08-19,settled,5231.17,USD
kraken:105348362,2026-08-20,2026-08-19,settled,29247.31,USD
coinbase:1073146563,2026-08-20,2026-08-19,settled,0.00,USD
coinbase:1073146564,2026-08-20,2026-08-19,settled,0.12,USD
coinbase:1073146569,2026-08-20,2026-08-19,settled,454.82,USD
coinbase:1073146568,2026-08-20,2026-08-19,settled,74.99,USD
coinbase:1073146567,2026-08-20,2026-08-19,settled,9569.21,USD
coinbase:1073146566,2026-08-20,2026-08-19,settled,100.25,USD
coinbase:1073146565,2026-08-20,2026-08-19,settled,420.00,USD
coinbase:1073146570,2026-08-20,2026-08-19,settled,103.19,USD
coinbase:1073146571,2026-08-20,2026-08-19,settled,100.22,USD
coinbase:1073146574,2026-08-20,2026-08-19,settled,75.00,USD
coinbase:1073146573,2026-08-20,2026-08-19,settled,100.10,USD
coinbase:1073146572,2026-08-20,2026-08-19,settled,316.81,USD
coinbase:1073146576,2026-08-24,2026-08-21,settled,72.94,USD
coinbase:1073146577,2026-08-20,2026-08-19,settled,62.07,USD
coinbase:1073146578,2026-08-20,2026-08-19,settled,50.11,USD
coinbase:1073146579,2026-08-20,2026-08-19,settled,94.95,USD
coinbase:1073146580,2026-08-20,2026-08-19,settled,36.96,USD
coinbase:1073146581,2026-08-20,2026-08-19,settled,782.35,USD
coinbase:1073146582,2026-08-20,2026-08-19,settled,29.74,USD
coinbase:1073146583,2026-08-20,2026-08-19,settled,58.27,USD
coinbase:1073146584,2026-08-20,2026-08-19,settled,394.29,USD
coinbase:1073146585,2026-08-20,2026-08-19,settled,867.04,USD
coinbase:1073146586,2026-08-20,2026-08-19,settled,29.02,USD
coinbase:1073146587,2026-08-20,2026-08-19,settled,33.10,USD
coinbase:1073146588,2026-08-20,2026-08-19,settled,89.72,USD
coinbase:1073146589,2026-08-24,2026-08-22,settled,71.07,USD
coinbase:1073146591,2026-08-20,2026-08-19,settled,176.11,USD
coinbase:1073146592,2026-08-20,2026-08-19,settled,168.09,USD
coinbase:1073146593,2026-08-20,2026-08-19,settled,191.49,USD
coinbase:1073146594,2026-08-20,2026-08-19,settled,28.30,USD
coinbase:1073146595,2026-08-20,2026-08-19,settled,100.71,USD
coinbase:1073146596,2026-08-20,2026-08-19,settled,33.27,USD
coinbase:1073146597,2026-08-20,2026-08-19,settled,36.72,USD
coinbase:1073146600,2026-08-20,2026-08-19,settled,75.00,USD
coinbase:1073146599,2026-08-20,2026-08-19,settled,420.00,USD
coinbase:1073146598,2026-08-20,2026-08-19,settled,199.42,USD
coinbase:1073146601,2026-08-20,2026-08-19,settled,75.00,USD
coinbase:1073146602,2026-08-20,2026-08-19,settled,6.65,USD
kraken:105348363,2026-08-20,2026-08-19,settled,17874.65,USD
kraken:105348364,2026-08-20,2026-08-19,settled,50.00,USD
kraken:105348365,2026-08-20,2026-08-19,settled,15803.47,USD
coinbase:1073146603,2026-08-20,2026-08-19,settled,0.00,USD
kraken:105348366,2026-08-20,2026-08-19,settled,138.64,USD
kraken:105348367,2026-08-20,2026-08-19,settled,317.67,USD
kraken:105348368,2026-08-20,2026-08-19,settled,238.25,USD
kraken:105348369,2026-08-20,2026-08-19,settled,158.84,USD
kraken:105348370,2026-08-20,2026-08-19,settled,5933.80,USD
kraken:105348371,2026-08-20,2026-08-19,settled,4302.36,USD
kraken:105348372,2026-08-20,2026-08-19,settled,530.44,USD
kraken:105348373,2026-08-20,2026-08-19,settled,68.56,USD
kraken:105348374,2026-08-20,2026-08-19,settled,6.86,USD
kraken:105348375,2026-08-20,2026-08-19,settled,800.00,USD
kraken:105348376,2026-08-20,2026-08-19,settled,4935.75,USD
kraken:105348377,2026-08-20,2026-08-19,settled,1920.37,USD
coinbase:1073146608,2026-08-20,2026-08-19,settled,2585.86,USD
coinbase:1073146607,2026-08-20,2026-08-19,settled,0.01,USD
coinbase:1073146606,2026-08-20,2026-08-19,settled,1.17,USD
coinbase:1073146605,2026-08-20,2026-08-19,settled,0.12,USD
coinbase:1073146604,2026-08-20,2026-08-19,settled,0.05,USD
coinbase:1073146609,2026-08-20,2026-08-19,settled,15.29,USD
coinbase:1073146610,2026-08-20,2026-08-19,settled,0.01,USD
coinbase:1073146611,2026-08-20,2026-08-19,settled,0.02,USD
coinbase:1073146612,2026-08-20,2026-08-19,settled,0.00,USD
coinbase:1073146613,2026-08-20,2026-08-19,settled,0.00,USD
coinbase:1073146614,2026-08-20,2026-08-19,settled,0.00,USD
coinbase:1073146617,2026-08-20,2026-08-19,settled,6305.68,USD
coinbase:1073146616,2026-08-20,2026-08-19,settled,75.00,USD
coinbase:1073146615,2026-08-20,2026-08-19,settled,479.53,USD
coinbase:1073146618,2026-08-20,2026-08-19,settled,0.00,USD
coinbase:1073146619,2026-08-20,2026-08-19,settled,0.00,USD
coinbase:1073146620,2026-08-20,2026-08-19,settled,7.08,USD
coinbase:1073146621,2026-08-20,2026-08-19,settled,0.00,USD
coinbase:1073146622,2026-08-20,2026-08-19,settled,0.00,USD
coinbase:1073146623,2026-08-20,2026-08-19,settled,0.00,USD
coinbase:1073146624,2026-08-20,2026-08-19,settled,0.01,USD
coinbase:1073146625,2026-08-20,2026-08-19,settled,0.00,USD
coinbase:1073146628,2026-08-20,2026-08-19,settled,12.45,USD
coinbase:1073146627,2026-08-20,2026-08-19,settled,75.00,USD
coinbase:1073146626,2026-08-20,2026-08-19,settled,412.91,USD
kraken:105348378,2026-08-20,2026-08-19,settled,99.97,USD
kraken:105348379,2026-08-20,2026-08-19,settled,50.00,USD
kraken:105348380,2026-08-20,2026-08-19,settled,1826.11,USD
coinbase:1073146629,2026-08-20,2026-08-19,settled,0.00,USD
coinbase:1073146636,2026-08-20,2026-08-19,settled,1989.69,USD
coinbase:1073146635,2026-08-20,2026-08-19,settled,1.17,USD
coinbase:1073146634,2026-08-20,2026-08-19,settled,0.08,USD
coinbase:1073146633,2026-08-20,2026-08-19,settled,0.17,USD
coinbase:1073146632,2026-08-24,2026-08-22,settled,0.08,USD
coinbase:1073146631,2026-08-20,2026-08-19,settled,1.17,USD
coinbase:1073146630,2026-08-20,2026-08-19,settled,1.16,USD
coinbase:1073146637,2026-08-20,2026-08-21,settled,247.30,USD
coinbase:1073146639,2026-08-20,2026-08-19,settled,1.17,USD
coinbase:1073146638,2026-08-20,2026-08-19,settled,1076.43,USD
coinbase:1073146641,2026-08-20,2026-08-19,settled,1.13,USD
coinbase:1073146640,2026-08-20,2026-08-19,settled,382.50,USD
kraken:105348381,2026-08-20,2026-08-19,settled,315.04,USD
coinbase:1073146642,2026-08-20,2026-08-19,settled,0.00,USD
kraken:105348382,2026-08-20,2026-08-19,settled,3097.59,USD
kraken:105348383,2026-08-20,2026-08-19,settled,2776.93,USD
kraken:105348384,2026-08-20,2026-08-19,settled,2269.67,USD
kraken:105348385,2026-08-20,2026-08-19,settled,6.86,USD
kraken:105348386,2026-08-20,2026-08-19,settled,68.57,USD
kraken:105348387,2026-08-20,2026-08-19,settled,50.00,USD
kraken:105348388,2026-08-20,2026-08-19,settled,380.00,USD
coinbase:1073146643,2026-08-20,2026-08-19,settled,0.00,USD
coinbase:1073146644,2026-08-20,2026-08-19,settled,0.01,USD
coinbase:1073146645,2026-08-20,2026-08-19,settled,101.93,USD
coinbase:1073146646,2026-08-20,2026-08-19,settled,0.00,USD
coinbase:1073146647,2026-08-20,2026-08-19,settled,23.20,USD
coinbase:1073146648,2026-08-24,2026-08-21,settled,0.01,USD
coinbase:1073146649,2026-08-20,2026-08-19,settled,0.00,USD
coinbase:1073146650,2026-08-20,2026-08-19,settled,0.00,USD
coinbase:1073146651,2026-08-20,2026-08-19,settled,0.00,USD
coinbase:1073146652,2026-08-20,2026-08-19,settled,0.00,USD
coinbase:1073146653,2026-08-20,2026-08-19,settled,0.00,USD
coinbase:1073146658,2026-08-20,2026-08-19,settled,1.17,USD
coinbase:1073146657,2026-08-20,2026-08-19,settled,0.08,USD
coinbase:1073146656,2026-08-20,2026-08-19,settled,0.17,USD
coinbase:1073146660,2026-08-20,2026-08-19,settled,0.00,USD
kraken:105348389,2026-08-20,2026-08-19,settled,50.74,USD
kraken:105348390,2026-08-20,2026-08-21,settled,50.00,USD
kraken:105348391,2026-08-20,2026-08-19,settled,20.00,USD
coinbase:1073146661,2026-08-20,2026-08-19,settled,0.00,USD
coinbase:1073146662,2026-08-20,2026-08-19,settled,9.90,USD
kraken:105348392,2026-08-20,2026-08-19,settled,869.72,USD
coinbase:1073146664,2026-08-20,2026-08-19,settled,3.39,USD
coinbase:1073146663,2026-08-20,2026-08-19,settled,0.08,USD
coinbase:1073146666,2026-08-20,2026-08-19,settled,3019.39,USD
coinbase:1073146665,2026-08-20,2026-08-19,settled,20.18,USD
coinbase:1073146667,2026-08-20,2026-08-19,settled,0.01,USD
coinbase:1073146668,2026-08-20,2026-08-19,settled,0.00,USD
kraken:105348393,2026-08-21,2026-08-20,settled,2778.30,USD
kraken:105348394,2026-08-20,2026-08-19,settled,50.00,USD
kraken:105348395,2026-08-20,2026-08-19,settled,50.00,USD
coinbase:1073146670,2026-08-20,2026-08-19,settled,12.56,USD
coinbase:1073146669,2026-08-20,2026-08-20,settled,0.08,USD
kraken:105348396,2026-08-20,2026-08-19,settled,3010.85,USD
coinbase:1073146672,2026-08-20,2026-08-19,settled,7388.85,USD
coinbase:1073146671,2026-08-20,2026-08-19,settled,3012.57,USD
coinbase:1073146673,2026-08-20,2026-08-19,settled,174.18,USD
coinbase:1073146674,2026-08-20,2026-08-19,settled,74.40,USD
coinbase:1073146675,2026-08-20,2026-08-19,settled,25.78,USD
coinbase:1073146676,2026-08-20,2026-08-19,settled,51.36,USD
coinbase:1073146677,2026-08-20,2026-08-19,settled,47.87,USD
coinbase:1073146678,2026-08-20,2026-08-19,settled,28.49,USD
coinbase:1073146679,2026-08-20,2026-08-19,settled,26.98,USD
coinbase:1073146680,2026-08-20,2026-08-19,settled,0.01,USD
coinbase:1073146682,2026-08-20,2026-08-19,settled,1311.06,USD
coinbase:1073146681,2026-08-20,2026-08-19,settled,100.18,USD
coinbase:1073146684,2026-08-20,2026-08-19,settled,1.17,USD
coinbase:1073146683,2026-08-20,2026-08-19,settled,1990.11,USD
kraken:105348397,2026-08-20,2026-08-19,settled,99.99,USD
kraken:105348399,2026-08-20,2026-08-21,settled,3.43,USD
coinbase:1073146685,2026-08-20,2026-08-19,settled,0.01,USD
coinbase:1073146686,2026-08-20,2026-08-19,settled,0.01,USD
coinbase:1073146687,2026-08-20,2026-08-19,settled,0.00,USD
coinbase:1073146689,2026-08-20,2026-08-19,settled,107.62,USD
coinbase:1073146688,2026-08-20,2026-08-19,settled,1.17,USD
coinbase:1073146690,2026-08-20,2026-08-19,settled,4.08,USD
coinbase:1073146691,2026-08-21,2026-08-20,settled,137.26,USD
coinbase:1073146692,2026-08-20,2026-08-19,settled,0.00,USD
coinbase:1073146693,2026-08-20,2026-08-19,settled,13.19,USD
coinbase:1073146696,2026-08-20,2026-08-19,settled,670.78,USD
coinbase:1073146695,2026-08-20,2026-08-19,settled,8.27,USD
kraken:105348400,2026-08-20,2026-08-19,settled,99.95,USD
kraken:105348401,2026-08-20,2026-08-19,settled,50.00,USD
kraken:105348402,2026-08-20,2026-08-19,settled,38.67,USD
kraken:105348403,2026-08-20,2026-08-19,settled,3953.18,USD
kraken:105348404,2026-08-20,2026-08-19,settled,858.16,USD
coinbase:1073146698,2026-08-20,2026-08-19,settled,0.00,USD
coinbase:1073146702,2026-08-20,2026-08-19,settled,3.15,USD
coinbase:1073146701,2026-08-20,2026-08-19,settled,9141.23,USD
coinbase:1073146700,2026-08-20,2026-08-21,settled,75.00,USD
coinbase:1073146699,2026-08-20,2026-08-19,settled,420.00,USD
coinbase:1073146703,2026-08-20,2026-08-19,settled,419.99,USD
coinbase:1073146704,2026-08-20,2026-08-19,settled,184.68,USD
coinbase:1073146705,2026-08-20,2026-08-19,settled,25.19,USD
coinbase:1073146706,2026-08-20,2026-08-19,settled,210.12,USD
coinbase:1073146707,2026-08-20,2026-08-19,settled,0.02,USD
coinbase:1073146708,2026-08-20,2026-08-19,settled,0.01,USD
coinbase:1073146711,2026-08-20,2026-08-19,settled,0.67,USD
coinbase:1073146710,2026-08-20,2026-08-19,settled,420.00,USD
coinbase:1073146709,2026-08-20,2026-08-19,settled,75.00,USD
coinbase:1073146713,2026-08-20,2026-08-19,settled,0.65,USD
coinbase:1073146712,2026-08-20,2026-08-19,settled,112.70,USD
coinbase:1073146714,2026-08-20,2026-08-19,settled,420.00,USD
coinbase:1073146715,2026-08-20,2026-08-19,settled,0.00,USD
coinbase:1073146717,2026-08-20,2026-08-19,settled,420.00,USD
coinbase:1073146719,2026-08-20,2026-08-19,settled,420.00,USD
coinbase:1073146718,2026-08-20,2026-08-19,settled,75.00,USD
coinbase:1073146720,2026-08-20,2026-08-19,settled,75.00,USD
coinbase:1073146721,2026-08-20,2026-08-19,settled,0.00,USD
coinbase:1073146722,2026-08-20,2026-08-19,settled,0.00,USD
coinbase:1073146723,2026-08-20,2026-08-19,settled,2.19,USD
coinbase:1073146726,2026-08-20,2026-08-19,settled,40482.52,USD
coinbase:1073146725,2026-08-20,2026-08-19,settled,686.29,USD
coinbase:1073146724,2026-08-20,2026-08-19,settled,6.99,USD
coinbase:1073146727,2026-08-20,2026-08-19,settled,17967.84,USD
coinbase:1073146728,2026-08-20,2026-08-21,settled,14604.69,USD
coinbase:1073146729,2026-08-20,2026-08-19,settled,16591.91,USD
coinbase:1073146731,2026-08-20,2026-08-19,settled,0.00,USD
coinbase:1073146732,2026-08-20,2026-08-19,settled,606.10,USD
coinbase:1073146733,2026-08-20,2026-08-19,settled,0.00,USD
coinbase:1073146734,2026-08-20,2026-08-19,settled,481.89,USD
coinbase:1073146735,2026-08-20,2026-08-19,settled,3500.08,USD
coinbase:1073146737,2026-08-20,2026-08-19,settled,6863.00,USD
coinbase:1073146738,2026-08-20,2026-08-19,settled,11969.51,USD
coinbase:1073146739,2026-08-20,2026-08-19,settled,6863.00,USD
coinbase:1073146740,2026-08-20,2026-08-19,settled,1600.78,USD
coinbase:1073146742,2026-08-20,2026-08-19,settled,1.17,USD
coinbase:1073146741,2026-08-20,2026-08-19,settled,2178.75,USD
kraken:105348405,2026-08-20,2026-08-19,settled,1029.96,USD
coinbase:1073146743,2026-08-20,2026-08-19,settled,0.00,USD
coinbase:1073146744,2026-08-20,2026-08-19,settled,1.17,USD
coinbase:1073146745,2026-08-20,2026-08-19,settled,0.00,USD
coinbase:1073146746,2026-08-20,2026-08-19,settled,0.01,USD
coinbase:1073146748,2026-08-20,2026-08-19,settled,1.17,USD
coinbase:1073146747,2026-08-20,2026-08-19,settled,1.17,USD
kraken:105348406,2026-08-20,2026-08-19,settled,2.28,USD
coinbase:1073146749,2026-08-20,2026-08-19,settled,0.00,USD
coinbase:1073146750,2026-08-20,2026-08-19,settled,0.00,USD
coinbase:1073146751,2026-08-20,2026-08-19,settled,0.00,USD
coinbase:1073146752,2026-08-20,2026-08-19,settled,133.78,USD
coinbase:1073146753,2026-08-20,2026-08-19,settled,17.13,USD
coinbase:1073146756,2026-08-20,2026-08-19,settled,87.01,USD
coinbase:1073146755,2026-08-20,2026-08-19,settled,7838.82,USD
coinbase:1073146754,2026-08-20,2026-08-19,settled,75.00,USD
coinbase:1073146757,2026-08-20,2026-08-19,settled,2322.78,USD
coinbase:1073146758,2026-08-20,2026-08-19,settled,78.20,USD
coinbase:1073146759,2026-08-20,2026-08-19,settled,76.05,USD
coinbase:1073146760,2026-08-20,2026-08-19,settled,519.59,USD
coinbase:1073146761,2026-08-20,2026-08-19,settled,0.00,USD
coinbase:1073146763,2026-08-20,2026-08-19,settled,137.22,USD
coinbase:1073146762,2026-08-20,2026-08-19,settled,100.20,USD
coinbase:1073146764,2026-08-20,2026-08-19,settled,0.00,USD
coinbase:1073146765,2026-08-20,2026-08-19,settled,0.00,USD
coinbase:1073146766,2026-08-20,2026-08-19,settled,0.00,USD
coinbase:1073146767,2026-08-20,2026-08-19,settled,0.00,USD
coinbase:1073146768,2026-08-20,2026-08-19,settled,0.00,USD
coinbase:1073146770,2026-08-20,2026-08-19,settled,8000.00,USD
coinbase:1073146769,2026-08-20,2026-08-19,settled,100.20,USD
coinbase:1073146776,2026-08-20,2026-08-19,settled,501.00,USD
coinbase:1073146775,2026-08-20,2026-08-19,settled,1.17,USD
coinbase:1073146774,2026-08-20,2026-08-19,settled,1.17,USD
coinbase:1073146771,2026-08-20,2026-08-19,settled,0.08,USD
kraken:105348407,2026-08-20,2026-08-19,settled,1502.25,USD
kraken:105348408,2026-08-20,2026-08-19,settled,50.00,USD
kraken:105348409,2026-08-20,2026-08-19,settled,3.50,USD
coinbase:1073146777,2026-08-20,2026-08-19,settled,199.08,USD
coinbase:1073146778,2026-08-20,2026-08-20,settled,0.01,USD
coinbase:1073146779,2026-08-20,2026-08-19,settled,1.34,USD
coinbase:1073146781,2026-08-20,2026-08-19,settled,74.34,USD
coinbase:1073146780,2026-08-20,2026-08-19,settled,1.17,USD
coinbase:1073146782,2026-08-20,2026-08-19,settled,3431.89,USD
coinbase:1073146784,2026-08-20,2026-08-19,settled,7398.47,USD
coinbase:1073146783,2026-08-20,2026-08-19,settled,74.99,USD
coinbase:1073146785,2026-08-20,2026-08-19,settled,707.10,USD
coinbase:1073146786,2026-08-20,2026-08-19,settled,1130.25,USD
coinbase:1073146787,2026-08-24,2026-08-22,settled,940.78,USD
coinbase:1073146788,2026-08-20,2026-08-19,settled,15.07,USD
coinbase:1073146789,2026-08-20,2026-08-19,settled,492.90,USD
coinbase:1073146790,2026-08-20,2026-08-19,settled,87.98,USD
coinbase:1073146791,2026-08-20,2026-08-19,settled,585.58,USD
coinbase:1073146792,2026-08-20,2026-08-19,settled,12.74,USD
coinbase:1073146793,2026-08-20,2026-08-19,settled,251.21,USD
coinbase:1073146794,2026-08-20,2026-08-19,settled,152.05,USD
coinbase:1073146795,2026-08-20,2026-08-19,settled,25.25,USD
coinbase:1073146796,2026-08-20,2026-08-19,settled,24.41,USD
coinbase:1073146797,2026-08-20,2026-08-19,settled,63.84,USD
coinbase:1073146798,2026-08-20,2026-08-19,settled,248.35,USD
coinbase:1073146799,2026-08-20,2026-08-19,settled,26.63,USD
coinbase:1073146800,2026-08-20,2026-08-19,settled,63.62,USD
coinbase:1073146801,2026-08-20,2026-08-19,settled,105.52,USD
coinbase:1073146802,2026-08-20,2026-08-19,settled,856.38,USD
coinbase:1073146803,2026-08-20,2026-08-19,settled,143.56,USD
coinbase:1073146804,2026-08-20,2026-08-19,settled,10.84,USD
coinbase:1073146805,2026-08-20,2026-08-19,settled,27.26,USD
coinbase:1073146806,2026-08-20,2026-08-19,settled,18.39,USD
coinbase:1073146807,2026-08-20,2026-08-19,settled,16.41,USD
coinbase:1073146808,2026-08-20,2026-08-19,settled,80.47,USD
coinbase:1073146809,2026-08-20,2026-08-19,settled,10.94,USD
coinbase:1073146810,2026-08-20,2026-08-19,settled,32.93,USD
coinbase:1073146811,2026-08-20,2026-08-19,settled,71.72,USD
coinbase:1073146812,2026-08-20,2026-08-19,settled,170.80,USD
coinbase:1073146813,2026-08-20,2026-08-19,settled,55.84,USD
coinbase:1073146814,2026-08-20,2026-08-19,settled,25.39,USD
coinbase:1073146815,2026-08-20,2026-08-19,settled,93.98,USD
coinbase:1073146816,2026-08-20,2026-08-19,settled,11.66,USD
coinbase:1073146817,2026-08-20,2026-08-19,settled,77.45,USD
coinbase:1073146818,2026-08-20,2026-08-19,settled,20.94,USD
coinbase:1073146819,2026-08-20,2026-08-19,settled,404.13,USD
coinbase:1073146820,2026-08-20,2026-08-19,settled,831.04,USD
coinbase:1073146821,2026-08-20,2026-08-19,settled,754.91,USD
coinbase:1073146822,2026-08-20,2026-08-19,settled,137.26,USD
coinbase:1073146824,2026-08-20,2026-08-19,settled,5453.85,USD
coinbase:1073146823,2026-08-20,2026-08-19,settled,1.17,USD
coinbase:1073146825,2026-08-20,2026-08-19,settled,137.26,USD
coinbase:1073146826,2026-08-20,2026-08-19,settled,498.13,USD
kraken:105348410,2026-08-20,2026-08-19,settled,33.27,USD
coinbase:1073146827,2026-08-20,2026-08-19,settled,3019.63,USD
coinbase:1073146832,2026-08-20,2026-08-19,settled,19107.39,USD
coinbase:1073146831,2026-08-20,2026-08-19,settled,10000.00,USD
coinbase:1073146830,2026-08-20,2026-08-19,settled,1.17,USD
coinbase:1073146829,2026-08-20,2026-08-19,settled,8000.00,USD
coinbase:1073146828,2026-08-20,2026-08-19,settled,200.38,USD
coinbase:1073146836,2026-08-20,2026-08-19,settled,1990.59,USD
coinbase:1073146835,2026-08-20,2026-08-19,settled,500.42,USD
coinbase:1073146834,2026-08-24,2026-08-22,settled,1487.10,USD
coinbase:1073146833,2026-08-20,2026-08-19,settled,1423.87,USD
coinbase:1073146837,2026-08-20,2026-08-19,settled,10000.00,USD
coinbase:1073146838,2026-08-20,2026-08-19,settled,0.01,USD
coinbase:1073146839,2026-08-20,2026-08-19,settled,0.00,USD
coinbase:1073146841,2026-08-20,2026-08-19,settled,580.09,USD
coinbase:1073146840,2026-08-20,2026-08-19,settled,3020.37,USD
kraken:105348411,2026-08-20,2026-08-19,settled,1635.52,USD
kraken:105348412,2026-08-20,2026-08-19,settled,99.97,USD
kraken:105348413,2026-08-20,2026-08-19,settled,46.19,USD
coinbase:1073146842,2026-08-20,2026-08-19,settled,0.00,USD
coinbase:1073146843,2026-08-20,2026-08-19,settled,10472.42,USD
coinbase:1073146844,2026-08-20,2026-08-19,settled,149.89,USD
coinbase:1073146845,2026-08-20,2026-08-19,settled,50.86,USD
coinbase:1073146846,2026-08-20,2026-08-19,settled,78.41,USD
coinbase:1073146847,2026-08-20,2026-08-19,settled,29.02,USD
coinbase:1073146848,2026-08-20,2026-08-19,settled,48.72,USD
coinbase:1073146849,2026-08-20,2026-08-19,settled,201.55,USD
coinbase:1073146850,2026-08-20,2026-08-19,settled,236.05,USD
coinbase:1073146851,2026-08-20,2026-08-19,settled,524.60,USD
coinbase:1073146852,2026-08-20,2026-08-19,settled,21.36,USD
coinbase:1073146853,2026-08-20,2026-08-19,settled,327.41,USD
coinbase:1073146854,2026-08-20,2026-08-19,settled,16.68,USD
coinbase:1073146855,2026-08-20,2026-08-19,settled,56.02,USD
coinbase:1073146856,2026-08-20,2026-08-19,settled,23.94,USD
coinbase:1073146857,2026-08-20,2026-08-19,settled,45.09,USD
coinbase:1073146858,2026-08-20,2026-08-19,settled,60.93,USD
coinbase:1073146859,2026-08-20,2026-08-19,settled,20.53,USD
coinbase:1073146860,2026-08-20,2026-08-19,settled,38.38,USD
coinbase:1073146861,2026-08-20,2026-08-19,settled,18.44,USD
coinbase:1073146862,2026-08-20,2026-08-19,settled,772.20,USD
coinbase:1073146863,2026-08-20,2026-08-19,settled,545.85,USD
coinbase:1073146864,2026-08-21,2026-08-20,settled,883.96,USD
coinbase:1073146865,2026-08-20,2026-08-21,settled,0.00,USD
kraken:105348415,2026-08-20,2026-08-19,settled,2.82,USD
kraken:105348416,2026-08-20,2026-08-19,settled,3.50,USD
kraken:105348417,2026-08-20,2026-08-19,settled,4994.02,USD
coinbase:1073146866,2026-08-20,2026-08-19,settled,0.00,USD
coinbase:1073146867,2026-08-20,2026-08-19,settled,0.01,USD
kraken:105348418,2026-08-20,2026-08-19,settled,1868.72,USD
kraken:105348419,2026-08-20,2026-08-19,settled,50.01,USD
kraken:105348420,2026-08-20,2026-08-19,settled,68.63,USD
kraken:105348421,2026-08-20,2026-08-19,settled,6.86,USD
kraken:105348422,2026-08-20,2026-08-19,settled,99.99,USD
kraken:105348423,2026-08-20,2026-08-19,settled,6025.37,USD
kraken:105348424,2026-08-20,2026-08-19,settled,13.59,USD
kraken:105348425,2026-08-20,2026-08-19,settled,8.37,USD
kraken:105348426,2026-08-20,2026-08-19,settled,7550.65,USD
kraken:105348427,2026-08-20,2026-08-19,settled,99.95,USD
kraken:105348428,2026-08-20,2026-08-19,settled,8999.24,USD
kraken:105348429,2026-08-20,2026-08-19,settled,27459.08,USD
kraken:105348430,2026-08-20,2026-08-19,settled,249.99,USD
kraken:105348431,2026-08-20,2026-08-19,settled,10000.37,USD
kraken:105348432,2026-08-20,2026-08-19,settled,200.00,USD
kraken:105348433,2026-08-20,2026-08-19,settled,3383.56,USD
kraken:105348434,2026-08-20,2026-08-19,settled,15000.86,USD
kraken:105348435,2026-08-20,2026-08-19,settled,2003.00,USD
kraken:105348436,2026-08-20,2026-08-19,settled,18381.88,USD
coinbase:1073146868,2026-08-20,2026-08-19,settled,0.00,USD
coinbase:1073146869,2026-08-20,2026-08-19,settled,0.00,USD
coinbase:1073146871,2026-08-20,2026-08-19,settled,11375.75,USD
coinbase:1073146870,2026-08-20,2026-08-19,settled,100.20,USD
coinbase:1073146873,2026-08-20,2026-08-19,settled,1317.12,USD
coinbase:1073146872,2026-08-20,2026-08-19,settled,2.00,USD
coinbase:1073146874,2026-08-20,2026-08-19,settled,0.01,USD
coinbase:1073146875,2026-08-20,2026-08-19,settled,0.00,USD
coinbase:1073146876,2026-08-20,2026-08-19,settled,0.01,USD
coinbase:1073146878,2026-08-20,2026-08-19,settled,5050.58,USD
coinbase:1073146881,2026-08-20,2026-08-19,settled,686.30,USD
coinbase:1073146880,2026-08-20,2026-08-19,settled,1.17,USD
coinbase:1073146879,2026-08-20,2026-08-19,settled,1.17,USD
coinbase:1073146882,2026-08-20,2026-08-19,settled,0.00,USD
coinbase:1073146883,2026-08-20,2026-08-19,settled,9420.00,USD
coinbase:1073146884,2026-08-20,2026-08-19,settled,74.99,USD
coinbase:1073146885,2026-08-20,2026-08-19,settled,74.99,USD
coinbase:1073146886,2026-08-20,2026-08-19,settled,74.99,USD
coinbase:1073146889,2026-08-20,2026-08-19,settled,74.99,USD
coinbase:1073146891,2026-08-20,2026-08-19,settled,1186.84,USD
coinbase:1073146890,2026-08-20,2026-08-19,settled,418.63,USD
coinbase:1073146892,2026-08-20,2026-08-19,settled,28.48,USD
coinbase:1073146893,2026-08-20,2026-08-19,settled,0.00,USD
coinbase:1073146894,2026-08-20,2026-08-19,settled,0.00,USD
coinbase:1073146895,2026-08-20,2026-08-19,settled,49.50,USD
coinbase:1073146896,2026-08-20,2026-08-19,settled,0.00,USD
coinbase:1073146897,2026-08-20,2026-08-19,settled,0.00,USD
coinbase:1073146898,2026-08-20,2026-08-19,settled,0.00,USD
coinbase:1073146899,2026-08-20,2026-08-19,settled,0.00,USD
coinbase:1073146900,2026-08-20,2026-08-19,settled,0.00,USD
coinbase:1073146901,2026-08-20,2026-08-19,settled,0.00,USD
coinbase:1073146902,2026-08-20,2026-08-19,settled,0.00,USD
coinbase:1073146903,2026-08-20,2026-08-19,settled,0.00,USD
coinbase:1073146904,2026-08-20,2026-08-19,settled,11.32,USD
coinbase:1073146905,2026-08-20,2026-08-19,settled,0.00,USD
coinbase:1073146906,2026-08-20,2026-08-19,settled,0.01,USD
coinbase:1073146907,2026-08-20,2026-08-19,settled,0.00,USD
coinbase:1073146908,2026-08-20,2026-08-19,settled,0.00,USD
coinbase:1073146909,2026-08-20,2026-08-19,settled,0.01,USD
coinbase:1073146910,2026-08-20,2026-08-19,settled,0.01,USD
coinbase:1073146911,2026-08-20,2026-08-19,settled,0.00,USD
coinbase:1073146912,2026-08-20,2026-08-19,settled,0.00,USD
coinbase:1073146913,2026-08-20,2026-08-19,settled,0.01,USD
coinbase:1073146916,2026-08-20,2026-08-19,settled,14.82,USD
coinbase:1073146915,2026-08-20,2026-08-19,settled,1.17,USD
coinbase:1073146914,2026-08-20,2026-08-19,settled,3.27,USD
coinbase:1073146917,2026-08-20,2026-08-19,settled,0.00,USD
coinbase:1073146918,2026-08-20,2026-08-19,settled,0.00,USD
coinbase:1073146920,2026-08-20,2026-08-19,settled,63.82,USD
coinbase:1073146921,2026-08-20,2026-08-19,settled,0.00,USD
coinbase:1073146922,2026-08-20,2026-08-19,settled,0.00,USD
coinbase:1073146923,2026-08-20,2026-08-19,settled,0.00,USD
coinbase:1073146924,2026-08-20,2026-08-19,settled,0.00,USD
coinbase:1073146925,2026-08-24,2026-08-21,settled,0.00,USD
coinbase:1073146926,2026-08-20,2026-08-19,settled,0.00,USD
coinbase:1073146927,2026-08-20,2026-08-19,settled,0.00,USD
coinbase:1073146928,2026-08-20,2026-08-19,settled,801.03,USD
coinbase:1073146929,2026-08-20,2026-08-19,settled,0.00,USD
coinbase:1073146930,2026-08-20,2026-08-19,settled,0.00,USD
coinbase:1073146931,2026-08-20,2026-08-19,settled,0.00,USD
coinbase:1073146932,2026-08-20,2026-08-19,settled,0.00,USD
coinbase:1073146934,2026-08-20,2026-08-19,settled,288.53,USD
coinbase:1073146933,2026-08-20,2026-08-19,settled,7.58,USD
coinbase:1073146935,2026-08-20,2026-08-19,settled,0.00,USD
coinbase:1073146936,2026-08-20,2026-08-19,settled,0.00,USD
coinbase:1073146937,2026-08-20,2026-08-19,settled,1.16,USD
coinbase:1073146939,2026-08-20,2026-08-19,settled,105.16,USD
coinbase:1073146938,2026-08-20,2026-08-19,settled,200.41,USD
coinbase:1073146940,2026-08-20,2026-08-19,settled,0.00,USD
coinbase:1073146941,2026-08-20,2026-08-19,settled,0.00,USD
coinbase:1073146942,2026-08-24,2026-08-21,settled,10007.33,USD
coinbase:1073146943,2026-08-20,2026-08-19,settled,179.24,USD
coinbase:1073146944,2026-08-20,2026-08-21,settled,0.00,USD
coinbase:1073146945,2026-08-20,2026-08-19,settled,0.00,USD
coinbase:1073146946,2026-08-20,2026-08-19,settled,0.00,USD
coinbase:1073146947,2026-08-20,2026-08-19,settled,0.00,USD
coinbase:1073146948,2026-08-20,2026-08-19,settled,0.00,USD
coinbase:1073146949,2026-08-20,2026-08-19,settled,0.00,USD
coinbase:1073146950,2026-08-20,2026-08-19,settled,0.00,USD
coinbase:1073146951,2026-08-20,2026-08-19,settled,0.01,USD
coinbase:1073146952,2026-08-20,2026-08-19,settled,0.00,USD
coinbase:1073146953,2026-08-20,2026-08-19,settled,81.51,USD
coinbase:1073146954,2026-08-20,2026-08-19,settled,0.01,USD
coinbase:1073146955,2026-08-20,2026-08-19,settled,3004.38,USD
coinbase:1073146956,2026-08-20,2026-08-22,settled,2.27,USD
coinbase:1073146959,2026-08-20,2026-08-19,settled,535.53,USD
coinbase:1073146958,2026-08-20,2026-08-19,settled,7.94,USD
coinbase:1073146957,2026-08-20,2026-08-19,settled,1.17,USD
coinbase:1073146963,2026-08-24,2026-08-21,settled,686.54,USD
coinbase:1073146962,2026-08-20,2026-08-19,settled,1.17,USD
coinbase:1073146961,2026-08-20,2026-08-21,settled,1.17,USD
coinbase:1073146960,2026-08-20,2026-08-19,settled,1.17,USD
coinbase:1073146964,2026-08-20,2026-08-19,settled,24.30,USD
coinbase:1073146965,2026-08-20,2026-08-19,settled,0.00,USD
coinbase:1073146966,2026-08-20,2026-08-19,settled,0.00,USD
coinbase:1073146967,2026-08-20,2026-08-19,settled,9.90,USD
coinbase:1073146968,2026-08-20,2026-08-19,settled,3.45,USD
coinbase:1073146969,2026-08-20,2026-08-19,settled,0.00,USD
coinbase:1073146970,2026-08-20,2026-08-19,settled,0.00,USD
coinbase:1073146971,2026-08-20,2026-08-19,settled,0.00,USD
coinbase:1073146972,2026-08-20,2026-08-19,settled,109.39,USD
coinbase:1073146973,2026-08-20,2026-08-19,settled,2.15,USD
coinbase:1073146974,2026-08-20,2026-08-19,settled,0.00,USD
coinbase:1073146975,2026-08-20,2026-08-21,settled,0.00,USD
coinbase:1073146976,2026-08-20,2026-08-19,settled,9.83,USD
coinbase:1073146977,2026-08-20,2026-08-19,settled,0.01,USD
coinbase:1073146978,2026-08-20,2026-08-19,settled,4.70,USD
coinbase:1073146979,2026-08-20,2026-08-19,settled,0.00,USD
coinbase:1073146980,2026-08-20,2026-08-19,settled,0.00,USD
coinbase:1073146981,2026-08-20,2026-08-19,settled,0.00,USD
coinbase:1073146982,2026-08-20,2026-08-19,settled,0.00,USD
coinbase:1073146993,2026-08-21,2026-08-20,settled,1991.15,USD
coinbase:1073146991,2026-08-20,2026-08-19,settled,4985.97,USD
coinbase:1073146990,2026-08-20,2026-08-19,settled,8000.00,USD
coinbase:1073146989,2026-08-20,2026-08-19,settled,200.46,USD
coinbase:1073146988,2026-08-20,2026-08-19,settled,1.17,USD
coinbase:1073146987,2026-08-20,2026-08-19,settled,1000.00,USD
coinbase:1073146986,2026-08-20,2026-08-19,settled,1000.00,USD
coinbase:1073146985,2026-08-20,2026-08-19,settled,7.95,USD
coinbase:1073146984,2026-08-20,2026-08-19,settled,3005.02,USD
coinbase:1073146983,2026-08-20,2026-08-19,settled,471.99,USD
coinbase:1073146994,2026-08-20,2026-08-19,settled,0.02,USD
coinbase:1073146996,2026-08-20,2026-08-19,settled,8.20,USD
coinbase:1073146995,2026-08-20,2026-08-19,settled,3.86,USD
coinbase:1073146997,2026-08-20,2026-08-19,settled,0.01,USD
coinbase:1073146998,2026-08-20,2026-08-19,settled,0.00,USD
coinbase:1073146999,2026-08-20,2026-08-19,settled,0.00,USD
coinbase:1073147000,2026-08-20,2026-08-19,settled,94.87,USD
coinbase:1073147001,2026-08-20,2026-08-19,settled,0.00,USD
coinbase:1073147002,2026-08-20,2026-08-19,settled,0.00,USD
coinbase:1073147003,2026-08-20,2026-08-19,settled,0.37,USD
coinbase:1073147004,2026-08-20,2026-08-19,settled,0.00,USD
coinbase:1073147005,2026-08-20,2026-08-19,settled,0.00,USD
coinbase:1073147007,2026-08-20,2026-08-19,settled,2.68,USD
coinbase:1073147006,2026-08-20,2026-08-19,settled,2909.63,USD
coinbase:1073147008,2026-08-20,2026-08-19,settled,7.13,USD
coinbase:1073147012,2026-08-20,2026-08-19,settled,47.11,USD
coinbase:1073147011,2026-08-20,2026-08-19,settled,1.17,USD
coinbase:1073147010,2026-08-20,2026-08-19,settled,0.08,USD
coinbase:1073147009,2026-08-20,2026-08-19,settled,1.17,USD
coinbase:1073147013,2026-08-20,2026-08-19,settled,0.52,USD
coinbase:1073147015,2026-08-20,2026-08-19,settled,0.00,USD
coinbase:1073147016,2026-08-20,2026-08-19,settled,0.17,USD
coinbase:1073147017,2026-08-20,2026-08-19,settled,0.00,USD
coinbase:1073147018,2026-08-20,2026-08-19,settled,49.44,USD
coinbase:1073147019,2026-08-20,2026-08-19,settled,213.42,USD
coinbase:1073147020,2026-08-20,2026-08-19,settled,0.00,USD
coinbase:1073147022,2026-08-20,2026-08-19,settled,98.52,USD
coinbase:1073147021,2026-08-20,2026-08-19,settled,0.52,USD
coinbase:1073147023,2026-08-20,2026-08-19,settled,0.00,USD
coinbase:1073147024,2026-08-20,2026-08-19,settled,2.19,USD
coinbase:1073147028,2026-08-20,2026-08-19,settled,1579.38,USD
coinbase:1073147027,2026-08-20,2026-08-19,settled,1.17,USD
coinbase:1073147026,2026-08-20,2026-08-19,settled,12160.78,USD
coinbase:1073147029,2026-08-20,2026-08-19,settled,47.44,USD
coinbase:1073147030,2026-08-20,2026-08-19,settled,0.00,USD
kraken:105348437,2026-08-20,2026-08-19,settled,50.00,USD
kraken:105348438,2026-08-20,2026-08-19,settled,68.64,USD
coinbase:1073147031,2026-08-20,2026-08-19,settled,0.00,USD
coinbase:1073147032,2026-08-20,2026-08-19,settled,4.95,USD
coinbase:1073147033,2026-08-20,2026-08-19,settled,0.01,USD
coinbase:1073147039,2026-08-20,2026-08-19,settled,1325.70,USD
coinbase:1073147038,2026-08-20,2026-08-19,settled,1373.36,USD
coinbase:1073147037,2026-08-20,2026-08-19,settled,192.26,USD
coinbase:1073147036,2026-08-20,2026-08-19,settled,2060.03,USD
coinbase:1073147034,2026-08-20,2026-08-19,settled,4660.77,USD
coinbase:1073147040,2026-08-20,2026-08-19,settled,583.06,USD
kraken:105348440,2026-08-20,2026-08-19,settled,28.34,USD
coinbase:1073147041,2026-08-20,2026-08-19,settled,4.71,USD
coinbase:1073147042,2026-08-20,2026-08-19,settled,0.00,USD
coinbase:1073147043,2026-08-20,2026-08-21,settled,0.00,USD
coinbase:1073147044,2026-08-20,2026-08-19,settled,1.59,USD
binance:6582449431,2026-08-20,2026-08-21,settled,6.87,USD
binance:6582449432,2026-08-20,2026-08-19,settled,755.64,USD
binance:6582449433,2026-08-20,2026-08-19,settled,206.08,USD
binance:6582449434,2026-08-20,2026-08-19,settled,79.00,USD
binance:6582449448,2026-08-20,2026-08-19,settled,27.48,USD
binance:6582449453,2026-08-20,2026-08-19,settled,28.85,USD
binance:6582449456,2026-08-20,2026-08-19,settled,16.49,USD
binance:6582449459,2026-08-20,2026-08-19,settled,3375.66,USD
binance:6582449462,2026-08-20,2026-08-19,settled,600.39,USD
binance:6582449464,2026-08-20,2026-08-19,settled,401.87,USD
binance:6582449466,2026-08-20,2026-08-19,settled,11.68,USD
binance:6582449468,2026-08-20,2026-08-19,settled,6.18,USD
binance:6582449469,2026-08-20,2026-08-19,settled,12.37,USD
binance:6582449470,2026-08-20,2026-08-19,settled,504.92,USD
binance:6582449472,2026-08-24,2026-08-21,settled,10.99,USD
binance:6582449474,2026-08-20,2026-08-19,settled,151.13,USD
binance:6582449475,2026-08-20,2026-08-19,settled,199.91,USD
binance:6582449476,2026-08-20,2026-08-19,settled,17.17,USD
binance:6582449479,2026-08-20,2026-08-19,settled,53.59,USD
binance:6582449480,2026-08-20,2026-08-19,settled,688.37,USD
binance:6582449482,2026-08-20,2026-08-19,settled,6.18,USD
binance:6582449483,2026-08-20,2026-08-19,settled,16.49,USD
coinbase:1073147045,2026-08-20,2026-08-19,settled,0.00,USD
coinbase:1073147046,2026-08-20,2026-08-19,settled,0.01,USD
coinbase:1073147047,2026-08-20,2026-08-20,settled,0.00,USD
binance:6582449486,2026-08-20,2026-08-19,settled,21.30,USD
coinbase:1073147048,2026-08-20,2026-08-19,settled,0.00,USD
binance:6582449487,2026-08-20,2026-08-20,settled,755.70,USD
binance:6582449490,2026-08-20,2026-08-19,settled,618.30,USD
coinbase:1073147049,2026-08-20,2026-08-19,settled,0.00,USD
binance:6582449491,2026-08-20,2026-08-19,settled,206.10,USD
binance:6582449494,2026-08-20,2026-08-19,settled,6.87,USD
coinbase:1073147050,2026-08-20,2026-08-19,settled,0.00,USD
coinbase:1073147062,2026-08-20,2026-08-19,settled,1.17,USD
coinbase:1073147061,2026-08-20,2026-08-19,settled,9647.05,USD
coinbase:1073147060,2026-08-20,2026-08-19,settled,1991.75,USD
coinbase:1073147059,2026-08-20,2026-08-19,settled,0.12,USD
coinbase:1073147058,2026-08-20,2026-08-19,settled,1.17,USD
coinbase:1073147057,2026-08-20,2026-08-19,settled,12163.05,USD
coinbase:1073147056,2026-08-20,2026-08-19,settled,686.79,USD
coinbase:1073147055,2026-08-20,2026-08-19,settled,500.96,USD
coinbase:1073147054,2026-08-20,2026-08-19,settled,1.17,USD
coinbase:1073147053,2026-08-20,2026-08-19,settled,1.17,USD
coinbase:1073147052,2026-08-20,2026-08-19,settled,0.08,USD
coinbase:1073147051,2026-08-20,2026-08-19,settled,1.17,USD
coinbase:1073147064,2026-08-20,2026-08-19,settled,11814.27,USD
coinbase:1073147063,2026-08-20,2026-08-19,settled,11969.73,USD
binance:6582449495,2026-08-20,2026-08-19,settled,750.20,USD
coinbase:1073147065,2026-08-20,2026-08-19,settled,97.24,USD
binance:6582449496,2026-08-20,2026-08-19,settled,15629.25,USD
coinbase:1073147066,2026-08-20,2026-08-19,settled,0.00,USD
coinbase:1073147067,2026-08-20,2026-08-19,settled,0.00,USD
coinbase:1073147069,2026-08-20,2026-08-19,settled,4793.58,USD
coinbase:1073147068,2026-08-20,2026-08-19,settled,74.99,USD
coinbase:1073147070,2026-08-20,2026-08-19,settled,75.00,USD
coinbase:1073147071,2026-08-20,2026-08-19,settled,75.00,USD
binance:6582449501,2026-08-20,2026-08-19,settled,2701.28,USD
coinbase:1073147072,2026-08-20,2026-08-19,settled,75.00,USD
coinbase:1073147073,2026-08-20,2026-08-19,settled,0.00,USD
coinbase:1073147074,2026-08-20,2026-08-19,settled,400.71,USD
coinbase:1073147075,2026-08-20,2026-08-19,settled,7777.02,USD
binance:6582449502,2026-08-20,2026-08-19,settled,1305.30,USD
binance:6582449503,2026-08-20,2026-08-19,settled,7141.36,USD
binance:6582449531,2026-08-20,2026-08-19,settled,12.37,USD
binance:6582449534,2026-08-20,2026-08-19,settled,15.11,USD
binance:6582449537,2026-08-20,2026-08-21,settled,10.99,USD
binance:6582449539,2026-08-20,2026-08-19,settled,5.50,USD
binance:6582449540,2026-08-20,2026-08-19,settled,576.40,USD
binance:6582449542,2026-08-20,2026-08-19,settled,11.68,USD
binance:6582449544,2026-08-20,2026-08-20,settled,6.18,USD
binance:6582449545,2026-08-20,2026-08-19,settled,10.99,USD
binance:6582449547,2026-08-20,2026-08-19,settled,68.70,USD
binance:6582449558,2026-08-20,2026-08-19,settled,16.49,USD
binance:6582449561,2026-08-20,2026-08-19,settled,16.49,USD
binance:6582449564,2026-08-20,2026-08-19,settled,1236.67,USD
binance:6582449565,2026-08-20,2026-08-19,settled,618.33,USD
binance:6582449566,2026-08-20,2026-08-19,settled,755.74,USD
binance:6582449567,2026-08-20,2026-08-19,settled,7.56,USD
binance:6582449568,2026-08-24,2026-08-22,settled,206.11,USD
coinbase:1073147076,2026-08-20,2026-08-19,settled,0.00,USD
binance:6582449569,2026-08-20,2026-08-19,settled,6.87,USD
kraken:105348441,2026-08-20,2026-08-19,settled,21.66,USD
kraken:105348442,2026-08-20,2026-08-19,settled,6.86,USD
kraken:105348443,2026-08-20,2026-08-19,settled,68.64,USD
kraken:105348444,2026-08-20,2026-08-19,settled,68.64,USD
kraken:105348445,2026-08-20,2026-08-19,settled,13.73,USD
binance:6582449570,2026-08-20,2026-08-19,settled,18079.36,USD
binance:6582449589,2026-08-20,2026-08-19,settled,16.49,USD
binance:6582449592,2026-08-20,2026-08-19,settled,114.05,USD
binance:6582449601,2026-08-20,2026-08-19,settled,10.99,USD
binance:6582449603,2026-08-20,2026-08-19,settled,10.99,USD
binance:6582449605,2026-08-20,2026-08-19,settled,11.68,USD
binance:6582449607,2026-08-20,2026-08-19,settled,461.02,USD
binance:6582449613,2026-08-20,2026-08-19,settled,16.49,USD
binance:6582449616,2026-08-20,2026-08-19,settled,6755.97,USD
binance:6582449628,2026-08-20,2026-08-19,settled,10.99,USD
binance:6582449630,2026-08-20,2026-08-19,settled,11.68,USD
binance:6582449632,2026-08-20,2026-08-19,settled,6.18,USD
binance:6582449633,2026-08-20,2026-08-19,settled,72.15,USD
binance:6582449634,2026-08-21,2026-08-20,settled,10.31,USD
binance:6582449635,2026-08-20,2026-08-19,settled,5.50,USD
binance:6582449636,2026-08-20,2026-08-19,settled,12.37,USD
binance:6582449637,2026-08-20,2026-08-19,settled,16.49,USD
binance:6582449640,2026-08-20,2026-08-19,settled,17.18,USD
binance:6582449643,2026-08-20,2026-08-19,settled,16.49,USD
binance:6582449646,2026-08-20,2026-08-19,settled,343.56,USD
binance:6582449658,2026-08-20,2026-08-19,settled,206.14,USD
coinbase:1073147077,2026-08-20,2026-08-19,settled,0.00,USD
coinbase:1073147078,2026-08-20,2026-08-19,settled,0.00,USD
binance:6582449659,2026-08-20,2026-08-19,settled,5.50,USD
coinbase:1073147080,2026-08-20,2026-08-19,settled,137.36,USD
coinbase:1073147081,2026-08-20,2026-08-19,settled,0.01,USD
coinbase:1073147082,2026-08-20,2026-08-19,settled,0.00,USD
binance:6582449660,2026-08-20,2026-08-19,settled,6.87,USD
binance:6582449661,2026-08-20,2026-08-19,settled,27411.90,USD
binance:6582449663,2026-08-20,2026-08-19,settled,27198.89,USD
binance:6582449665,2026-08-20,2026-08-19,settled,8236.49,USD
binance:6582449670,2026-08-20,2026-08-19,settled,8050.28,USD
binance:6582449671,2026-08-20,2026-08-19,settled,10254.55,USD
binance:6582449682,2026-08-20,2026-08-19,settled,1359.12,USD
binance:6582449697,2026-08-20,2026-08-19,settled,5.50,USD
binance:6582449698,2026-08-20,2026-08-19,settled,462.42,USD
binance:6582449707,2026-08-20,2026-08-19,settled,10.99,USD
binance:6582449709,2026-08-20,2026-08-19,settled,16.49,USD
binance:6582449712,2026-08-20,2026-08-19,settled,5.50,USD
binance:6582449713,2026-08-20,2026-08-19,settled,16.49,USD
binance:6582449716,2026-08-20,2026-08-19,settled,72.15,USD
binance:6582449729,2026-08-20,2026-08-19,settled,39.85,USD
binance:6582449736,2026-08-20,2026-08-19,settled,5.50,USD
binance:6582449737,2026-08-20,2026-08-19,settled,5.50,USD
binance:6582449738,2026-08-20,2026-08-19,settled,27.48,USD
binance:6582449743,2026-08-20,2026-08-19,settled,43.97,USD
binance:6582449751,2026-08-20,2026-08-19,settled,6988.20,USD
binance:6582449759,2026-08-20,2026-08-19,settled,278.26,USD
binance:6582449775,2026-08-20,2026-08-19,settled,5.50,USD
binance:6582449776,2026-08-24,2026-08-21,settled,5.50,USD
binance:6582449777,2026-08-20,2026-08-19,settled,21.99,USD
binance:6582449781,2026-08-20,2026-08-19,settled,5.50,USD
binance:6582449782,2026-08-20,2026-08-19,settled,5.50,USD
binance:6582449783,2026-08-20,2026-08-19,settled,16.49,USD
coinbase:1073147085,2026-08-20,2026-08-19,settled,6694.66,USD
coinbase:1073147084,2026-08-20,2026-08-19,settled,4793.53,USD
coinbase:1073147083,2026-08-20,2026-08-19,settled,1.22,USD
coinbase:1073147086,2026-08-20,2026-08-21,settled,431.95,USD
coinbase:1073147087,2026-08-20,2026-08-19,settled,1586.18,USD
coinbase:1073147088,2026-08-20,2026-08-19,settled,166.06,USD
coinbase:1073147089,2026-08-20,2026-08-19,settled,0.00,USD
coinbase:1073147091,2026-08-20,2026-08-19,settled,4.64,USD
coinbase:1073147090,2026-08-20,2026-08-19,settled,4396.72,USD
coinbase:1073147094,2026-08-20,2026-08-19,settled,0.83,USD
coinbase:1073147093,2026-08-20,2026-08-19,settled,1.17,USD
coinbase:1073147092,2026-08-20,2026-08-19,settled,0.08,USD
coinbase:1073147095,2026-08-20,2026-08-19,settled,0.00,USD
binance:6582449786,2026-08-20,2026-08-19,settled,77.64,USD
binance:6582449788,2026-08-20,2026-08-19,settled,31.60,USD
binance:6582449789,2026-08-20,2026-08-19,settled,255.58,USD
binance:6582449790,2026-08-20,2026-08-19,settled,194.43,USD
coinbase:1073147096,2026-08-20,2026-08-19,settled,0.01,USD
coinbase:1073147097,2026-08-20,2026-08-19,settled,0.00,USD
coinbase:1073147098,2026-08-20,2026-08-19,settled,0.00,USD
binance:6582449791,2026-08-20,2026-08-19,settled,153.21,USD
coinbase:1073147099,2026-08-20,2026-08-19,settled,0.00,USD
binance:6582449792,2026-08-20,2026-08-19,settled,6.87,USD
binance:6582449794,2026-08-20,2026-08-19,settled,8133.97,USD
binance:6582449818,2026-08-20,2026-08-19,settled,43.97,USD
binance:6582449826,2026-08-20,2026-08-19,settled,302.99,USD
binance:6582449829,2026-08-20,2026-08-22,settled,10.99,USD
binance:6582449831,2026-08-20,2026-08-19,settled,10.99,USD
binance:6582449833,2026-08-20,2026-08-19,settled,27.48,USD
binance:6582449838,2026-08-20,2026-08-19,settled,38.47,USD
binance:6582449845,2026-08-20,2026-08-19,settled,10.99,USD
binance:6582449847,2026-08-20,2026-08-19,settled,10.99,USD
binance:6582449849,2026-08-20,2026-08-19,settled,12.37,USD
binance:6582449850,2026-08-20,2026-08-19,settled,27.48,USD
binance:6582449855,2026-08-20,2026-08-19,settled,5.50,USD
binance:6582449856,2026-08-20,2026-08-19,settled,27.48,USD
binance:6582449861,2026-08-20,2026-08-19,settled,10.99,USD
binance:6582449863,2026-08-20,2026-08-19,settled,21.98,USD
binance:6582449867,2026-08-20,2026-08-19,settled,4282.24,USD
binance:6582449869,2026-08-20,2026-08-19,settled,5.50,USD
binance:6582449870,2026-08-20,2026-08-19,settled,5.50,USD
binance:6582449871,2026-08-20,2026-08-19,settled,5.50,USD
binance:6582449872,2026-08-20,2026-08-19,settled,11.68,USD
binance:6582449874,2026-08-20,2026-08-19,settled,215.04,USD
binance:6582449889,2026-08-20,2026-08-22,settled,43.97,USD
binance:6582449897,2026-08-20,2026-08-19,settled,16.49,USD
binance:6582449900,2026-08-20,2026-08-19,settled,1374.01,USD
binance:6582449901,2026-08-20,2026-08-19,settled,32.98,USD
binance:6582449902,2026-08-20,2026-08-19,settled,16.49,USD
binance:6582449905,2026-08-20,2026-08-19,settled,32.98,USD
binance:6582449911,2026-08-20,2026-08-19,settled,139.46,USD
binance:6582449913,2026-08-20,2026-08-19,settled,2999.44,USD
binance:6582449914,2026-08-20,2026-08-19,settled,16.49,USD
binance:6582449917,2026-08-20,2026-08-19,settled,353.12,USD
coinbase:1073147102,2026-08-20,2026-08-19,settled,2.00,USD
coinbase:1073147101,2026-08-20,2026-08-19,settled,3574.91,USD
coinbase:1073147100,2026-08-20,2026-08-19,settled,4792.96,USD
coinbase:1073147103,2026-08-20,2026-08-19,settled,0.00,USD
binance:6582449918,2026-08-20,2026-08-19,settled,68.70,USD
kraken:105348446,2026-08-20,2026-08-19,settled,50.00,USD
kraken:105348447,2026-08-20,2026-08-19,settled,3.50,USD
kraken:105348448,2026-08-20,2026-08-19,settled,1410.20,USD
coinbase:1073147104,2026-08-20,2026-08-19,settled,497.01,USD
binance:6582449922,2026-08-20,2026-08-19,settled,97.55,USD
coinbase:1073147105,2026-08-20,2026-08-19,settled,0.00,USD
coinbase:1073147106,2026-08-20,2026-08-21,settled,102.01,USD
binance:6582449923,2026-08-20,2026-08-19,settled,184.12,USD
coinbase:1073147107,2026-08-20,2026-08-19,settled,0.00,USD
binance:6582449924,2026-08-20,2026-08-19,settled,3257.74,USD
kraken:105348449,2026-08-20,2026-08-19,settled,98.58,USD
coinbase:1073147108,2026-08-20,2026-08-19,settled,10258.73,USD
coinbase:1073147109,2026-08-20,2026-08-19,settled,67.76,USD
coinbase:1073147110,2026-08-20,2026-08-19,settled,166.57,USD
coinbase:1073147111,2026-08-20,2026-08-19,settled,23.16,USD
coinbase:1073147112,2026-08-20,2026-08-19,settled,0.00,USD
coinbase:1073147113,2026-08-20,2026-08-19,settled,0.15,USD
coinbase:1073147114,2026-08-20,2026-08-19,settled,0.01,USD
coinbase:1073147115,2026-08-20,2026-08-19,settled,0.01,USD
coinbase:1073147116,2026-08-20,2026-08-19,settled,0.01,USD
binance:6582449926,2026-08-20,2026-08-19,settled,78.32,USD
kraken:105348450,2026-08-20,2026-08-19,settled,5000.00,USD
coinbase:1073147117,2026-08-20,2026-08-19,settled,0.00,USD
coinbase:1073147120,2026-08-20,2026-08-19,settled,7786.73,USD
coinbase:1073147119,2026-08-20,2026-08-19,settled,2810.36,USD
coinbase:1073147118,2026-08-20,2026-08-19,settled,1.15,USD
binance:6582449940,2026-08-20,2026-08-19,settled,7.56,USD
coinbase:1073147121,2026-08-20,2026-08-19,settled,227.44,USD
coinbase:1073147122,2026-08-20,2026-08-19,settled,98.65,USD
coinbase:1073147123,2026-08-20,2026-08-19,settled,49.61,USD
coinbase:1073147124,2026-08-20,2026-08-19,settled,27.33,USD
coinbase:1073147125,2026-08-20,2026-08-19,settled,142.29,USD
coinbase:1073147127,2026-08-20,2026-08-19,settled,378.47,USD
coinbase:1073147128,2026-08-20,2026-08-19,settled,184.54,USD
binance:6582449942,2026-08-20,2026-08-19,settled,9.62,USD
binance:6582449945,2026-08-20,2026-08-19,settled,687.00,USD
binance:6582449949,2026-08-20,2026-08-19,settled,14.43,USD
coinbase:1073147129,2026-08-20,2026-08-19,settled,0.01,USD
coinbase:1073147130,2026-08-20,2026-08-19,settled,0.00,USD
binance:6582449950,2026-08-20,2026-08-19,settled,10000.62,USD
binance:6582449966,2026-08-20,2026-08-19,settled,6.87,USD
binance:6582449968,2026-08-20,2026-08-19,settled,541.35,USD
binance:6582449980,2026-08-20,2026-08-19,settled,43.97,USD
binance:6582449988,2026-08-20,2026-08-19,settled,100.99,USD
binance:6582449989,2026-08-20,2026-08-19,settled,41.91,USD
binance:6582449990,2026-08-20,2026-08-19,settled,5.50,USD
binance:6582449991,2026-08-20,2026-08-19,settled,5.50,USD
binance:6582449992,2026-08-20,2026-08-19,settled,10.99,USD
binance:6582449994,2026-08-20,2026-08-19,settled,16.49,USD
binance:6582449997,2026-08-20,2026-08-19,settled,127.78,USD
binance:6582450020,2026-08-20,2026-08-19,settled,43.97,USD
binance:6582450028,2026-08-20,2026-08-19,settled,5.50,USD
binance:6582450029,2026-08-20,2026-08-19,settled,12.37,USD
binance:6582450030,2026-08-20,2026-08-19,settled,6.18,USD
binance:6582450031,2026-08-20,2026-08-19,settled,16.49,USD
binance:6582450034,2026-08-20,2026-08-19,settled,21.98,USD
coinbase:1073147132,2026-08-20,2026-08-19,settled,9717.84,USD
coinbase:1073147131,2026-08-20,2026-08-19,settled,991.29,USD
coinbase:1073147133,2026-08-20,2026-08-19,settled,49.62,USD
coinbase:1073147134,2026-08-20,2026-08-19,settled,443.37,USD
coinbase:1073147135,2026-08-20,2026-08-19,settled,1948.75,USD
coinbase:1073147136,2026-08-20,2026-08-19,settled,0.00,USD
coinbase:1073147137,2026-08-20,2026-08-19,settled,0.00,USD
coinbase:1073147138,2026-08-20,2026-08-19,settled,0.00,USD
binance:6582450038,2026-08-24,2026-08-22,settled,6.87,USD
coinbase:1073147141,2026-08-20,2026-08-19,settled,0.74,USD
coinbase:1073147140,2026-08-24,2026-08-22,settled,3.08,USD
coinbase:1073147139,2026-08-20,2026-08-19,settled,1.17,USD
binance:6582450040,2026-08-20,2026-08-19,settled,1662.44,USD
binance:6582450076,2026-08-24,2026-08-21,settled,43.97,USD
binance:6582450084,2026-08-20,2026-08-19,settled,24.73,USD
coinbase:1073147143,2026-08-20,2026-08-19,settled,2686.19,USD
coinbase:1073147142,2026-08-20,2026-08-19,settled,1.17,USD
binance:6582450085,2026-08-20,2026-08-19,settled,142.20,USD
coinbase:1073147144,2026-08-20,2026-08-19,settled,0.00,USD
coinbase:1073147145,2026-08-21,2026-08-20,settled,0.00,USD
coinbase:1073147146,2026-08-20,2026-08-19,settled,0.00,USD
binance:6582450086,2026-08-24,2026-08-21,settled,1030.44,USD
coinbase:1073147147,2026-08-20,2026-08-19,settled,0.01,USD
binance:6582450102,2026-08-20,2026-08-19,settled,26.10,USD
coinbase:1073147148,2026-08-20,2026-08-19,settled,0.00,USD
coinbase:1073147149,2026-08-20,2026-08-19,settled,0.00,USD
binance:6582450103,2026-08-20,2026-08-19,settled,6.87,USD
binance:6582450104,2026-08-20,2026-08-19,settled,8389.13,USD
binance:6582450122,2026-08-20,2026-08-19,settled,38.47,USD
binance:6582450129,2026-08-20,2026-08-19,settled,11.68,USD
binance:6582450131,2026-08-20,2026-08-19,settled,10.99,USD
binance:6582450133,2026-08-20,2026-08-19,settled,10.99,USD
binance:6582450135,2026-08-20,2026-08-19,settled,21.98,USD
binance:6582450139,2026-08-20,2026-08-19,settled,5.50,USD
binance:6582450140,2026-08-20,2026-08-19,settled,16.49,USD
binance:6582450143,2026-08-20,2026-08-19,settled,3544.60,USD
binance:6582450144,2026-08-20,2026-08-19,settled,736.40,USD
binance:6582450148,2026-08-20,2026-08-19,settled,16.49,USD
binance:6582450151,2026-08-24,2026-08-21,settled,5.50,USD
binance:6582450152,2026-08-20,2026-08-19,settled,50.83,USD
binance:6582450161,2026-08-20,2026-08-19,settled,5.50,USD
binance:6582450162,2026-08-20,2026-08-19,settled,10.99,USD
binance:6582450164,2026-08-20,2026-08-21,settled,637.47,USD
binance:6582450185,2026-08-20,2026-08-19,settled,32.97,USD
binance:6582450191,2026-08-20,2026-08-19,settled,118.15,USD
binance:6582450192,2026-08-20,2026-08-19,settled,5.50,USD
binance:6582450193,2026-08-20,2026-08-22,settled,5.50,USD
binance:6582450194,2026-08-20,2026-08-19,settled,7.56,USD
binance:6582450195,2026-08-20,2026-08-19,settled,5.50,USD
binance:6582450196,2026-08-20,2026-08-19,settled,10.99,USD
binance:6582450198,2026-08-20,2026-08-19,settled,16.49,USD
binance:6582450201,2026-08-20,2026-08-19,settled,4227.92,USD
binance:6582450202,2026-08-20,2026-08-19,settled,10.99,USD
binance:6582450204,2026-08-20,2026-08-19,settled,27.48,USD
binance:6582450209,2026-08-20,2026-08-19,settled,10.99,USD
binance:6582450211,2026-08-20,2026-08-19,settled,16.49,USD
binance:6582450214,2026-08-20,2026-08-19,settled,10083.69,USD
binance:6582450237,2026-08-20,2026-08-19,settled,15165.38,USD
binance:6582450252,2026-08-20,2026-08-19,settled,11.68,USD
binance:6582450254,2026-08-20,2026-08-19,settled,5.50,USD
binance:6582450255,2026-08-20,2026-08-19,settled,5.50,USD
binance:6582450256,2026-08-20,2026-08-19,settled,16.49,USD
binance:6582450259,2026-08-20,2026-08-19,settled,4191.32,USD
binance:6582450260,2026-08-20,2026-08-19,settled,5.49,USD
binance:6582450261,2026-08-20,2026-08-19,settled,16.48,USD
binance:6582450264,2026-08-20,2026-08-19,settled,1373.73,USD
binance:6582450265,2026-08-20,2026-08-19,settled,5.49,USD
binance:6582450266,2026-08-20,2026-08-19,settled,16.48,USD
binance:6582450269,2026-08-20,2026-08-19,settled,5.49,USD
binance:6582450270,2026-08-24,2026-08-22,settled,5.49,USD
binance:6582450271,2026-08-20,2026-08-19,settled,11.68,USD
binance:6582450273,2026-08-20,2026-08-19,settled,5.49,USD
coinbase:1073147153,2026-08-20,2026-08-19,settled,528.14,USD
coinbase:1073147150,2026-08-20,2026-08-19,settled,1.15,USD
coinbase:1073147154,2026-08-20,2026-08-19,settled,417.68,USD
coinbase:1073147155,2026-08-20,2026-08-19,settled,1152.36,USD
binance:6582450274,2026-08-20,2026-08-19,settled,7334.25,USD
coinbase:1073147156,2026-08-20,2026-08-19,settled,19.00,USD
coinbase:1073147157,2026-08-20,2026-08-19,settled,568.14,USD
coinbase:1073147158,2026-08-20,2026-08-21,settled,373.03,USD
coinbase:1073147159,2026-08-20,2026-08-19,settled,23.67,USD
binance:6582450281,2026-08-20,2026-08-19,settled,1100.34,USD
binance:6582450299,2026-08-20,2026-08-19,settled,32.97,USD
binance:6582450305,2026-08-20,2026-08-19,settled,7.56,USD
coinbase:1073147160,2026-08-20,2026-08-19,settled,955.91,USD
coinbase:1073147161,2026-08-20,2026-08-19,settled,85.50,USD
coinbase:1073147162,2026-08-20,2026-08-19,settled,216.03,USD
coinbase:1073147163,2026-08-20,2026-08-19,settled,68.36,USD
binance:6582450306,2026-08-20,2026-08-19,settled,4542.14,USD
binance:6582450324,2026-08-20,2026-08-19,settled,43.96,USD
coinbase:1073147165,2026-08-20,2026-08-19,settled,24.47,USD
coinbase:1073147166,2026-08-20,2026-08-19,settled,21.75,USD
binance:6582450332,2026-08-20,2026-08-19,settled,21.98,USD
binance:6582450336,2026-08-20,2026-08-19,settled,10.99,USD
binance:6582450338,2026-08-20,2026-08-19,settled,5.49,USD
binance:6582450339,2026-08-20,2026-08-19,settled,6.18,USD
binance:6582450340,2026-08-20,2026-08-19,settled,11.68,USD
binance:6582450342,2026-08-20,2026-08-19,settled,16.48,USD
coinbase:1073147167,2026-08-20,2026-08-19,settled,90.09,USD
coinbase:1073147168,2026-08-20,2026-08-19,settled,26.81,USD
binance:6582450345,2026-08-20,2026-08-19,settled,57.69,USD
binance:6582450354,2026-08-20,2026-08-19,settled,5.49,USD
binance:6582450355,2026-08-20,2026-08-19,settled,363.32,USD
coinbase:1073147169,2026-08-20,2026-08-19,settled,10.56,USD
coinbase:1073147170,2026-08-20,2026-08-19,settled,999.24,USD
coinbase:1073147171,2026-08-20,2026-08-19,settled,140.34,USD
coinbase:1073147172,2026-08-20,2026-08-19,settled,0.00,USD
coinbase:1073147174,2026-08-20,2026-08-19,settled,6418.02,USD
coinbase:1073147175,2026-08-20,2026-08-19,settled,4.62,USD
coinbase:1073147180,2026-08-20,2026-08-19,settled,686.50,USD
coinbase:1073147179,2026-08-20,2026-08-19,settled,1.17,USD
coinbase:1073147178,2026-08-20,2026-08-19,settled,0.08,USD
coinbase:1073147177,2026-08-20,2026-08-19,settled,0.24,USD
coinbase:1073147176,2026-08-20,2026-08-19,settled,0.08,USD
coinbase:1073147182,2026-08-20,2026-08-19,settled,32.89,USD
coinbase:1073147181,2026-08-20,2026-08-19,settled,1.17,USD
coinbase:1073147183,2026-08-20,2026-08-19,settled,602.54,USD
coinbase:1073147184,2026-08-24,2026-08-21,settled,47.96,USD
coinbase:1073147185,2026-08-20,2026-08-19,settled,40.10,USD
coinbase:1073147186,2026-08-20,2026-08-19,settled,34.33,USD
coinbase:1073147187,2026-08-20,2026-08-19,settled,1728.24,USD
coinbase:1073147188,2026-08-20,2026-08-19,settled,18.34,USD
coinbase:1073147189,2026-08-20,2026-08-19,settled,31.45,USD
binance:6582450362,2026-08-20,2026-08-19,settled,50.14,USD
coinbase:1073147190,2026-08-20,2026-08-19,settled,541.05,USD
binance:6582450363,2026-08-20,2026-08-19,settled,100.27,USD
binance:6582450380,2026-08-20,2026-08-19,settled,10.99,USD
binance:6582450382,2026-08-20,2026-08-21,settled,10.99,USD
binance:6582450384,2026-08-20,2026-08-19,settled,5.49,USD
binance:6582450385,2026-08-20,2026-08-19,settled,5.49,USD
binance:6582450386,2026-08-20,2026-08-19,settled,10.99,USD
binance:6582450388,2026-08-20,2026-08-19,settled,16.48,USD
binance:6582450391,2026-08-20,2026-08-19,settled,6.87,USD
coinbase:1073147191,2026-08-20,2026-08-19,settled,1.17,USD
coinbase:1073147193,2026-08-20,2026-08-19,settled,3486.95,USD
coinbase:1073147192,2026-08-20,2026-08-19,settled,1.17,USD
coinbase:1073147194,2026-08-20,2026-08-19,settled,0.01,USD
coinbase:1073147197,2026-08-20,2026-08-19,settled,72.43,USD
coinbase:1073147196,2026-08-20,2026-08-19,settled,0.12,USD
binance:6582450392,2026-08-20,2026-08-19,settled,6.87,USD
binance:6582450394,2026-08-20,2026-08-19,settled,390.78,USD
coinbase:1073147199,2026-08-20,2026-08-19,settled,0.00,USD
binance:6582450395,2026-08-20,2026-08-19,settled,9098.53,USD
binance:6582450410,2026-08-20,2026-08-19,settled,10.99,USD
binance:6582450418,2026-08-20,2026-08-19,settled,5.49,USD
binance:6582450420,2026-08-20,2026-08-21,settled,11.67,USD
binance:6582450422,2026-08-20,2026-08-19,settled,16.48,USD
binance:6582450425,2026-08-20,2026-08-19,settled,78.29,USD
binance:6582450439,2026-08-20,2026-08-19,settled,27.47,USD
binance:6582450444,2026-08-20,2026-08-19,settled,5.49,USD
binance:6582450445,2026-08-20,2026-08-19,settled,12.36,USD
binance:6582450446,2026-08-20,2026-08-19,settled,10.99,USD
binance:6582450448,2026-08-20,2026-08-19,settled,5.49,USD
binance:6582450449,2026-08-20,2026-08-19,settled,4110.13,USD
binance:6582450450,2026-08-20,2026-08-19,settled,5.49,USD
binance:6582450451,2026-08-20,2026-08-19,settled,94.77,USD
binance:6582450468,2026-08-20,2026-08-19,settled,43.95,USD
coinbase:1073147201,2026-08-20,2026-08-19,settled,3486.62,USD
coinbase:1073147200,2026-08-20,2026-08-19,settled,1.17,USD
coinbase:1073147202,2026-08-20,2026-08-19,settled,0.00,USD
coinbase:1073147203,2026-08-20,2026-08-19,settled,0.02,USD
binance:6582450476,2026-08-20,2026-08-19,settled,10.99,USD
coinbase:1073147204,2026-08-20,2026-08-19,settled,0.00,USD
coinbase:1073147205,2026-08-20,2026-08-19,settled,0.00,USD
binance:6582450477,2026-08-20,2026-08-19,settled,1185.96,USD
binance:6582450491,2026-08-20,2026-08-19,settled,21.97,USD
binance:6582450495,2026-08-20,2026-08-19,settled,91.33,USD
coinbase:1073147206,2026-08-20,2026-08-19,settled,0.00,USD
binance:6582450496,2026-08-20,2026-08-19,settled,5.49,USD
coinbase:1073147207,2026-08-20,2026-08-19,settled,52.15,USD
coinbase:1073147208,2026-08-20,2026-08-19,settled,0.00,USD
binance:6582450497,2026-08-20,2026-08-19,settled,999.17,USD
binance:6582450498,2026-08-20,2026-08-19,settled,89.96,USD
coinbase:1073147209,2026-08-20,2026-08-19,settled,0.00,USD
coinbase:1073147210,2026-08-20,2026-08-19,settled,0.71,USD
binance:6582450499,2026-08-20,2026-08-19,settled,26.78,USD
coinbase:1073147211,2026-08-20,2026-08-19,settled,0.00,USD
binance:6582450500,2026-08-20,2026-08-19,settled,480.70,USD
binance:6582450501,2026-08-20,2026-08-19,settled,99.57,USD
coinbase:1073147212,2026-08-20,2026-08-19,settled,0.01,USD
binance:6582450502,2026-08-20,2026-08-19,settled,2746.85,USD
binance:6582450503,2026-08-20,2026-08-19,settled,6.87,USD
binance:6582450504,2026-08-20,2026-08-19,settled,1373.42,USD
binance:6582450505,2026-08-20,2026-08-22,settled,686.71,USD
binance:6582450506,2026-08-20,2026-08-19,settled,2746.85,USD
coinbase:1073147213,2026-08-20,2026-08-19,settled,926.54,USD
coinbase:1073147218,2026-08-20,2026-08-19,settled,420.01,USD
coinbase:1073147217,2026-08-20,2026-08-19,settled,1000.00,USD
coinbase:1073147215,2026-08-20,2026-08-19,settled,7.94,USD
coinbase:1073147214,2026-08-20,2026-08-19,settled,2352.40,USD
coinbase:1073147219,2026-08-20,2026-08-19,settled,420.01,USD
binance:6582450514,2026-08-20,2026-08-19,settled,139.40,USD
binance:6582450537,2026-08-20,2026-08-19,settled,5.49,USD
binance:6582450538,2026-08-20,2026-08-19,settled,10.99,USD
binance:6582450540,2026-08-20,2026-08-19,settled,21.98,USD
binance:6582450544,2026-08-20,2026-08-19,settled,5.49,USD
binance:6582450550,2026-08-20,2026-08-19,settled,27.47,USD
binance:6582450555,2026-08-20,2026-08-19,settled,5.49,USD
binance:6582450556,2026-08-20,2026-08-19,settled,21.98,USD
binance:6582450560,2026-08-20,2026-08-19,settled,16.48,USD
coinbase:1073147220,2026-08-20,2026-08-19,settled,0.01,USD
kraken:105348451,2026-08-20,2026-08-19,settled,50.00,USD
kraken:105348452,2026-08-20,2026-08-19,settled,2243.35,USD
kraken:105348453,2026-08-20,2026-08-19,settled,2706.65,USD
binance:6582450563,2026-08-20,2026-08-19,settled,78.97,USD
binance:6582450577,2026-08-20,2026-08-19,settled,5.49,USD
binance:6582450578,2026-08-20,2026-08-19,settled,10.99,USD
binance:6582450580,2026-08-20,2026-08-19,settled,199.84,USD
binance:6582450581,2026-08-20,2026-08-19,settled,16.48,USD
binance:6582450586,2026-08-20,2026-08-19,settled,16.48,USD
binance:6582450589,2026-08-20,2026-08-19,settled,613.28,USD
binance:6582450590,2026-08-20,2026-08-19,settled,1373.52,USD
binance:6582450591,2026-08-20,2026-08-19,settled,686.76,USD
binance:6582450592,2026-08-20,2026-08-19,settled,39.83,USD
binance:6582450599,2026-08-20,2026-08-19,settled,5.49,USD
binance:6582450600,2026-08-20,2026-08-19,settled,16.48,USD
binance:6582450603,2026-08-20,2026-08-19,settled,16.48,USD
binance:6582450606,2026-08-20,2026-08-19,settled,27.47,USD
binance:6582450611,2026-08-20,2026-08-19,settled,5.49,USD
binance:6582450612,2026-08-20,2026-08-19,settled,604.35,USD
binance:6582450616,2026-08-20,2026-08-19,settled,43.27,USD
binance:6582450624,2026-08-24,2026-08-22,settled,5.49,USD
binance:6582450625,2026-08-20,2026-08-19,settled,199.85,USD
binance:6582450626,2026-08-20,2026-08-19,settled,10.99,USD
binance:6582450628,2026-08-20,2026-08-19,settled,16.48,USD
binance:6582450631,2026-08-20,2026-08-19,settled,32.97,USD
binance:6582450637,2026-08-20,2026-08-19,settled,39.83,USD
binance:6582450644,2026-08-20,2026-08-19,settled,5.49,USD
binance:6582450645,2026-08-20,2026-08-19,settled,27.47,USD
binance:6582450650,2026-08-20,2026-08-19,settled,16.48,USD
coinbase:1073147222,2026-08-20,2026-08-19,settled,1.17,USD
coinbase:1073147221,2026-08-20,2026-08-19,settled,1940.93,USD
binance:6582450653,2026-08-20,2026-08-19,settled,61.81,USD
binance:6582450664,2026-08-20,2026-08-19,settled,5.49,USD
binance:6582450665,2026-08-20,2026-08-19,settled,27.47,USD
binance:6582450670,2026-08-20,2026-08-19,settled,72.80,USD
binance:6582450683,2026-08-20,2026-08-19,settled,16.48,USD
binance:6582450686,2026-08-20,2026-08-19,settled,590.64,USD
binance:6582450687,2026-08-20,2026-08-19,settled,1254.09,USD
binance:6582450696,2026-08-20,2026-08-19,settled,5.49,USD
binance:6582450697,2026-08-20,2026-08-19,settled,11.68,USD
binance:6582450699,2026-08-20,2026-08-19,settled,10.99,USD
binance:6582450701,2026-08-20,2026-08-22,settled,45.33,USD
binance:6582450709,2026-08-20,2026-08-19,settled,5.49,USD
binance:6582450710,2026-08-20,2026-08-19,settled,16.48,USD
binance:6582450720,2026-08-20,2026-08-19,settled,5.49,USD
binance:6582450721,2026-08-20,2026-08-19,settled,7.55,USD
binance:6582450722,2026-08-20,2026-08-19,settled,5.49,USD
binance:6582450723,2026-08-20,2026-08-19,settled,50.82,USD
binance:6582450732,2026-08-20,2026-08-19,settled,5.49,USD
binance:6582450733,2026-08-20,2026-08-22,settled,39.84,USD
binance:6582450740,2026-08-20,2026-08-19,settled,5.49,USD
binance:6582450741,2026-08-20,2026-08-19,settled,39.84,USD
binance:6582450748,2026-08-20,2026-08-19,settled,5.49,USD
binance:6582450749,2026-08-20,2026-08-19,settled,34.34,USD
binance:6582450755,2026-08-20,2026-08-19,settled,5.49,USD
binance:6582450756,2026-08-20,2026-08-19,settled,16.48,USD
coinbase:1073147224,2026-08-20,2026-08-19,settled,1.17,USD
kraken:105348454,2026-08-20,2026-08-19,settled,1736.93,USD
kraken:105348455,2026-08-20,2026-08-19,settled,37328.15,USD
kraken:105348456,2026-08-20,2026-08-19,settled,16.96,USD
kraken:105348457,2026-08-20,2026-08-19,settled,11638.19,USD
coinbase:1073147227,2026-08-20,2026-08-19,settled,691.62,USD
coinbase:1073147225,2026-08-20,2026-08-19,settled,1.17,USD
binance:6582450759,2026-08-20,2026-08-19,settled,295.33,USD
binance:6582450761,2026-08-20,2026-08-19,settled,18.54,USD
binance:6582450762,2026-08-20,2026-08-19,settled,6.87,USD
binance:6582450763,2026-08-20,2026-08-19,settled,4474.67,USD
binance:6582450778,2026-08-20,2026-08-19,settled,5.49,USD
binance:6582450779,2026-08-20,2026-08-19,settled,11.68,USD
binance:6582450781,2026-08-20,2026-08-21,settled,16.48,USD
binance:6582450784,2026-08-20,2026-08-19,settled,100.28,USD
binance:6582450785,2026-08-20,2026-08-19,settled,929.31,USD
binance:6582450804,2026-08-20,2026-08-19,settled,5.49,USD
binance:6582450805,2026-08-20,2026-08-19,settled,5.49,USD
binance:6582450806,2026-08-20,2026-08-19,settled,5.49,USD
binance:6582450807,2026-08-20,2026-08-19,settled,10.99,USD
binance:6582450809,2026-08-20,2026-08-21,settled,16.48,USD
binance:6582450812,2026-08-20,2026-08-19,settled,3921.37,USD
binance:6582450813,2026-08-20,2026-08-19,settled,206.06,USD
coinbase:1073147228,2026-08-20,2026-08-21,settled,0.00,USD
coinbase:1073147229,2026-08-20,2026-08-19,settled,0.00,USD
coinbase:1073147230,2026-08-20,2026-08-19,settled,0.00,USD
coinbase:1073147231,2026-08-20,2026-08-19,settled,0.00,USD
coinbase:1073147232,2026-08-20,2026-08-19,settled,0.01,USD
coinbase:1073147233,2026-08-20,2026-08-19,settled,0.00,USD
coinbase:1073147234,2026-08-20,2026-08-19,settled,15.77,USD
coinbase:1073147235,2026-08-20,2026-08-19,settled,0.00,USD
coinbase:1073147237,2026-08-20,2026-08-19,settled,1944.58,USD
coinbase:1073147236,2026-08-20,2026-08-19,settled,3005.09,USD
binance:6582450818,2026-08-20,2026-08-19,settled,2060.63,USD
coinbase:1073147238,2026-08-20,2026-08-19,settled,0.00,USD
coinbase:1073147251,2026-08-20,2026-08-19,settled,9462.35,USD
coinbase:1073147250,2026-08-20,2026-08-19,settled,31905.88,USD
coinbase:1073147249,2026-08-20,2026-08-19,settled,19047.81,USD
coinbase:1073147248,2026-08-20,2026-08-19,settled,12792.09,USD
coinbase:1073147247,2026-08-20,2026-08-19,settled,524.95,USD
coinbase:1073147246,2026-08-20,2026-08-19,settled,419.98,USD
coinbase:1073147245,2026-08-20,2026-08-19,settled,2126.38,USD
coinbase:1073147244,2026-08-20,2026-08-19,settled,1373.14,USD
coinbase:1073147243,2026-08-20,2026-08-19,settled,420.00,USD
coinbase:1073147242,2026-08-20,2026-08-21,settled,1373.14,USD
coinbase:1073147241,2026-08-20,2026-08-19,settled,1.40,USD
coinbase:1073147240,2026-08-20,2026-08-19,settled,3920.32,USD
coinbase:1073147239,2026-08-20,2026-08-19,settled,13.73,USD
binance:6582450824,2026-08-20,2026-08-19,settled,686.88,USD
binance:6582450825,2026-08-20,2026-08-19,settled,1373.75,USD
coinbase:1073147252,2026-08-20,2026-08-19,settled,51.59,USD
coinbase:1073147253,2026-08-20,2026-08-19,settled,0.00,USD
coinbase:1073147254,2026-08-20,2026-08-19,settled,69.22,USD
binance:6582450826,2026-08-20,2026-08-19,settled,8.93,USD
binance:6582450827,2026-08-20,2026-08-19,settled,206.06,USD
coinbase:1073147255,2026-08-20,2026-08-19,settled,0.00,USD
binance:6582450828,2026-08-20,2026-08-19,settled,10000.24,USD
binance:6582450832,2026-08-20,2026-08-19,settled,6.87,USD
coinbase:1073147257,2026-08-20,2026-08-19,settled,7840.52,USD
coinbase:1073147256,2026-08-20,2026-08-19,settled,420.00,USD
coinbase:1073147258,2026-08-20,2026-08-22,settled,0.00,USD
coinbase:1073147259,2026-08-20,2026-08-22,settled,0.00,USD
coinbase:1073147260,2026-08-20,2026-08-19,settled,0.00,USD
coinbase:1073147261,2026-08-20,2026-08-19,settled,474.08,USD
binance:6582450834,2026-08-20,2026-08-19,settled,299.48,USD
coinbase:1073147262,2026-08-20,2026-08-19,settled,0.00,USD
coinbase:1073147263,2026-08-20,2026-08-19,settled,0.00,USD
binance:6582450835,2026-08-21,2026-08-20,settled,13.05,USD
coinbase:1073147265,2026-08-20,2026-08-19,settled,7839.88,USD
coinbase:1073147266,2026-08-20,2026-08-19,settled,1.17,USD
binance:6582450838,2026-08-20,2026-08-19,settled,4097.91,USD
kraken:105348458,2026-08-20,2026-08-19,settled,418.58,USD
coinbase:1073147267,2026-08-20,2026-08-19,settled,0.00,USD
binance:6582450853,2026-08-20,2026-08-19,settled,34343.85,USD
binance:6582450868,2026-08-20,2026-08-19,settled,221.86,USD
coinbase:1073147268,2026-08-20,2026-08-19,settled,0.00,USD
kraken:105348459,2026-08-20,2026-08-19,settled,50.00,USD
kraken:105348460,2026-08-20,2026-08-19,settled,68.65,USD
kraken:105348461,2026-08-20,2026-08-19,settled,250.00,USD
kraken:105348462,2026-08-20,2026-08-19,settled,3.50,USD
kraken:105348463,2026-08-20,2026-08-19,settled,333.12,USD
kraken:105348464,2026-08-20,2026-08-19,settled,3.50,USD
kraken:105348465,2026-08-20,2026-08-19,settled,3.50,USD
kraken:105348466,2026-08-20,2026-08-19,settled,23.96,USD
kraken:105348467,2026-08-20,2026-08-19,settled,31043.75,USD
kraken:105348468,2026-08-20,2026-08-19,settled,21514.44,USD
binance:6582450869,2026-08-20,2026-08-19,settled,87.92,USD
coinbase:1073147269,2026-08-20,2026-08-19,settled,0.00,USD
coinbase:1073147271,2026-08-20,2026-08-19,settled,98.05,USD
coinbase:1073147270,2026-08-20,2026-08-19,settled,1.17,USD
coinbase:1073147272,2026-08-20,2026-08-19,settled,0.00,USD
binance:6582450870,2026-08-20,2026-08-19,settled,165.54,USD
binance:6582450871,2026-08-20,2026-08-19,settled,590.71,USD
binance:6582450872,2026-08-20,2026-08-19,settled,4016.86,USD
binance:6582450873,2026-08-20,2026-08-19,settled,14732.82,USD
binance:6582450889,2026-08-20,2026-08-19,settled,5.50,USD
binance:6582450890,2026-08-20,2026-08-21,settled,38.46,USD
binance:6582450897,2026-08-20,2026-08-19,settled,27.47,USD
binance:6582450902,2026-08-20,2026-08-19,settled,16.48,USD
binance:6582450905,2026-08-20,2026-08-19,settled,54.95,USD
binance:6582450915,2026-08-24,2026-08-21,settled,13.74,USD
binance:6582450918,2026-08-20,2026-08-19,settled,42.58,USD
binance:6582450926,2026-08-20,2026-08-19,settled,10.99,USD
binance:6582450928,2026-08-20,2026-08-19,settled,5.49,USD
binance:6582450929,2026-08-20,2026-08-19,settled,10.99,USD
binance:6582450931,2026-08-20,2026-08-19,settled,232.83,USD
binance:6582450932,2026-08-20,2026-08-19,settled,330.36,USD
binance:6582450939,2026-08-20,2026-08-21,settled,552.21,USD
coinbase:1073147273,2026-08-24,2026-08-21,settled,0.00,USD
binance:6582450940,2026-08-20,2026-08-19,settled,847.54,USD
binance:6582450954,2026-08-20,2026-08-19,settled,311.82,USD
binance:6582450959,2026-08-20,2026-08-19,settled,21.98,USD
binance:6582450962,2026-08-20,2026-08-19,settled,10.99,USD
binance:6582450964,2026-08-20,2026-08-19,settled,10.99,USD
binance:6582450966,2026-08-20,2026-08-19,settled,5.49,USD
binance:6582450967,2026-08-20,2026-08-19,settled,10.99,USD
binance:6582450969,2026-08-20,2026-08-19,settled,10.99,USD
binance:6582450971,2026-08-20,2026-08-19,settled,16.48,USD
coinbase:1073147275,2026-08-20,2026-08-19,settled,3119.90,USD
coinbase:1073147274,2026-08-20,2026-08-19,settled,7562.92,USD
coinbase:1073147276,2026-08-20,2026-08-21,settled,18.60,USD
binance:6582450974,2026-08-20,2026-08-19,settled,2060.41,USD
binance:6582450975,2026-08-20,2026-08-19,settled,4.81,USD
coinbase:1073147277,2026-08-20,2026-08-19,settled,0.00,USD
coinbase:1073147278,2026-08-20,2026-08-19,settled,0.00,USD
coinbase:1073147281,2026-08-20,2026-08-19,settled,2980.93,USD
coinbase:1073147280,2026-08-20,2026-08-19,settled,2617.38,USD
coinbase:1073147279,2026-08-20,2026-08-19,settled,4548.92,USD
coinbase:1073147282,2026-08-20,2026-08-19,settled,106.20,USD
coinbase:1073147283,2026-08-20,2026-08-19,settled,971.88,USD
coinbase:1073147285,2026-08-20,2026-08-19,settled,1.17,USD
coinbase:1073147286,2026-08-20,2026-08-19,settled,69.03,USD
coinbase:1073147287,2026-08-20,2026-08-19,settled,0.00,USD
coinbase:1073147288,2026-08-20,2026-08-19,settled,0.00,USD
coinbase:1073147289,2026-08-20,2026-08-19,settled,0.00,USD
binance:6582450976,2026-08-20,2026-08-19,settled,331.73,USD
binance:6582450977,2026-08-20,2026-08-19,settled,1668.93,USD
binance:6582450992,2026-08-20,2026-08-19,settled,590.65,USD
binance:6582450993,2026-08-20,2026-08-19,settled,20055.99,USD
binance:6582451001,2026-08-20,2026-08-19,settled,32.97,USD
binance:6582451007,2026-08-20,2026-08-19,settled,13.74,USD
binance:6582451010,2026-08-20,2026-08-19,settled,21.29,USD
binance:6582451014,2026-08-20,2026-08-21,settled,6.18,USD
binance:6582451015,2026-08-20,2026-08-19,settled,6.18,USD
binance:6582451016,2026-08-20,2026-08-19,settled,16.48,USD
binance:6582451019,2026-08-20,2026-08-19,settled,50.82,USD
binance:6582451028,2026-08-20,2026-08-19,settled,5.49,USD
binance:6582451029,2026-08-20,2026-08-19,settled,16.48,USD
binance:6582451032,2026-08-20,2026-08-19,settled,50.13,USD
binance:6582451041,2026-08-20,2026-08-19,settled,5.49,USD
binance:6582451042,2026-08-20,2026-08-19,settled,5.49,USD
binance:6582451043,2026-08-20,2026-08-19,settled,5.49,USD
binance:6582451044,2026-08-20,2026-08-19,settled,11.67,USD
binance:6582451046,2026-08-20,2026-08-19,settled,5.49,USD
binance:6582451047,2026-08-20,2026-08-19,settled,10.99,USD
binance:6582451049,2026-08-20,2026-08-19,settled,12.36,USD
binance:6582451050,2026-08-20,2026-08-19,settled,404.50,USD
binance:6582451051,2026-08-20,2026-08-19,settled,83.78,USD
binance:6582451066,2026-08-20,2026-08-19,settled,43.95,USD
binance:6582451074,2026-08-20,2026-08-19,settled,10.99,USD
binance:6582451076,2026-08-20,2026-08-19,settled,6.87,USD
binance:6582451078,2026-08-20,2026-08-19,settled,87.90,USD
binance:6582451094,2026-08-20,2026-08-19,settled,54.94,USD
binance:6582451104,2026-08-20,2026-08-19,settled,302.17,USD
coinbase:1073147293,2026-08-20,2026-08-19,settled,0.24,USD
coinbase:1073147292,2026-08-20,2026-08-19,settled,0.08,USD
coinbase:1073147291,2026-08-20,2026-08-19,settled,7838.69,USD
coinbase:1073147290,2026-08-20,2026-08-19,settled,2069.65,USD
binance:6582451105,2026-08-20,2026-08-19,settled,2060.22,USD
coinbase:1073147295,2026-08-20,2026-08-19,settled,0.01,USD
kraken:105348469,2026-08-20,2026-08-19,settled,6.09,USD
binance:6582451114,2026-08-20,2026-08-19,settled,63.87,USD
binance:6582451115,2026-08-20,2026-08-19,settled,85.84,USD
coinbase:1073147296,2026-08-20,2026-08-19,settled,0.01,USD
binance:6582451116,2026-08-20,2026-08-19,settled,3171.36,USD
coinbase:1073147297,2026-08-20,2026-08-19,settled,0.02,USD
binance:6582451117,2026-08-20,2026-08-19,settled,13.05,USD
binance:6582451118,2026-08-20,2026-08-19,settled,51.51,USD
coinbase:1073147298,2026-08-20,2026-08-19,settled,0.00,USD
coinbase:1073147299,2026-08-20,2026-08-19,settled,825.86,USD
coinbase:1073147300,2026-08-20,2026-08-19,settled,0.00,USD
coinbase:1073147301,2026-08-20,2026-08-19,settled,0.00,USD
binance:6582451119,2026-08-20,2026-08-19,settled,15.11,USD
binance:6582451120,2026-08-20,2026-08-19,settled,971.74,USD
binance:6582451134,2026-08-20,2026-08-19,settled,32.96,USD
binance:6582451140,2026-08-20,2026-08-19,settled,5.49,USD
binance:6582451141,2026-08-20,2026-08-19,settled,6.18,USD
binance:6582451142,2026-08-20,2026-08-19,settled,16.48,USD
binance:6582451145,2026-08-20,2026-08-19,settled,192.28,USD
coinbase:1073147302,2026-08-20,2026-08-19,settled,0.00,USD
binance:6582451146,2026-08-20,2026-08-19,settled,10.99,USD
coinbase:1073147303,2026-08-20,2026-08-19,settled,0.00,USD
binance:6582451147,2026-08-20,2026-08-21,settled,1195.57,USD
binance:6582451170,2026-08-20,2026-08-19,settled,38.46,USD
binance:6582451177,2026-08-20,2026-08-19,settled,7.55,USD
binance:6582451178,2026-08-20,2026-08-19,settled,6.18,USD
binance:6582451179,2026-08-20,2026-08-19,settled,5.49,USD
binance:6582451180,2026-08-20,2026-08-19,settled,16.48,USD
coinbase:1073147308,2026-08-20,2026-08-19,settled,8465.39,USD
coinbase:1073147307,2026-08-20,2026-08-19,settled,8290.71,USD
coinbase:1073147306,2026-08-20,2026-08-19,settled,1958.55,USD
coinbase:1073147305,2026-08-20,2026-08-19,settled,4790.90,USD
coinbase:1073147304,2026-08-20,2026-08-19,settled,1.13,USD
binance:6582451183,2026-08-20,2026-08-19,settled,1676.25,USD
binance:6582451207,2026-08-20,2026-08-19,settled,54.94,USD
binance:6582451217,2026-08-20,2026-08-19,settled,11.67,USD
binance:6582451219,2026-08-20,2026-08-19,settled,5.49,USD
binance:6582451220,2026-08-20,2026-08-19,settled,27.47,USD
binance:6582451225,2026-08-20,2026-08-19,settled,10.99,USD
binance:6582451227,2026-08-20,2026-08-19,settled,10.99,USD
binance:6582451229,2026-08-20,2026-08-19,settled,5.49,USD
binance:6582451230,2026-08-20,2026-08-19,settled,12.36,USD
binance:6582451231,2026-08-20,2026-08-19,settled,16.48,USD
binance:6582451234,2026-08-20,2026-08-19,settled,3433.41,USD
coinbase:1073147309,2026-08-20,2026-08-19,settled,0.00,USD
binance:6582451236,2026-08-20,2026-08-19,settled,157.94,USD
coinbase:1073147310,2026-08-20,2026-08-19,settled,0.00,USD
binance:6582451237,2026-08-20,2026-08-19,settled,39.83,USD
coinbase:1073147311,2026-08-20,2026-08-19,settled,0.00,USD
kraken:105348470,2026-08-20,2026-08-19,settled,24.99,USD
coinbase:1073147312,2026-08-20,2026-08-19,settled,0.00,USD
coinbase:1073147313,2026-08-20,2026-08-19,settled,0.00,USD
coinbase:1073147315,2026-08-20,2026-08-19,settled,7.91,USD
coinbase:1073147314,2026-08-20,2026-08-19,settled,1457.37,USD
kraken:105348471,2026-08-24,2026-08-21,settled,25.01,USD
kraken:105348472,2026-08-20,2026-08-19,settled,5354.23,USD
kraken:105348473,2026-08-20,2026-08-19,settled,3.50,USD
coinbase:1073147316,2026-08-20,2026-08-19,settled,0.01,USD
coinbase:1073147317,2026-08-20,2026-08-19,settled,0.00,USD
coinbase:1073147319,2026-08-20,2026-08-19,settled,3.93,USD
coinbase:1073147320,2026-08-24,2026-08-22,settled,0.00,USD
coinbase:1073147322,2026-08-20,2026-08-19,settled,0.39,USD
coinbase:1073147321,2026-08-20,2026-08-19,settled,0.04,USD
coinbase:1073147323,2026-08-20,2026-08-19,settled,0.01,USD
coinbase:1073147324,2026-08-20,2026-08-19,settled,0.00,USD
coinbase:1073147327,2026-08-20,2026-08-19,settled,749.03,USD
coinbase:1073147326,2026-08-20,2026-08-22,settled,1.40,USD
coinbase:1073147325,2026-08-20,2026-08-19,settled,1460.89,USD
coinbase:1073147328,2026-08-20,2026-08-19,settled,20.37,USD
binance:6582451238,2026-08-20,2026-08-19,settled,685.99,USD
coinbase:1073147329,2026-08-20,2026-08-19,settled,0.00,USD
coinbase:1073147330,2026-08-20,2026-08-19,settled,14.23,USD
coinbase:1073147331,2026-08-20,2026-08-19,settled,0.00,USD
coinbase:1073147332,2026-08-20,2026-08-19,settled,0.00,USD
binance:6582451239,2026-08-20,2026-08-19,settled,105.06,USD
coinbase:1073147333,2026-08-20,2026-08-19,settled,0.01,USD
coinbase:1073147334,2026-08-20,2026-08-19,settled,0.00,USD
coinbase:1073147335,2026-08-20,2026-08-19,settled,0.00,USD
binance:6582451240,2026-08-20,2026-08-19,settled,17.17,USD
coinbase:1073147336,2026-08-20,2026-08-19,settled,358.27,USD
coinbase:1073147337,2026-08-20,2026-08-19,settled,0.00,USD
binance:6582451241,2026-08-20,2026-08-19,settled,189.52,USD
coinbase:1073147338,2026-08-20,2026-08-19,settled,0.00,USD
binance:6582451242,2026-08-20,2026-08-19,settled,10.99,USD
binance:6582451243,2026-08-20,2026-08-19,settled,49.44,USD
binance:6582451244,2026-08-20,2026-08-19,settled,1119.29,USD
coinbase:1073147339,2026-08-20,2026-08-19,settled,0.00,USD
binance:6582451245,2026-08-20,2026-08-19,settled,10000.14,USD
binance:6582451256,2026-08-20,2026-08-19,settled,1538.17,USD
binance:6582451257,2026-08-20,2026-08-19,settled,27131.47,USD
binance:6582451291,2026-08-20,2026-08-19,settled,43.95,USD
binance:6582451299,2026-08-20,2026-08-19,settled,13.73,USD
binance:6582451302,2026-08-20,2026-08-19,settled,27.47,USD
binance:6582451308,2026-08-20,2026-08-19,settled,13.73,USD
binance:6582451311,2026-08-20,2026-08-19,settled,13.73,USD
binance:6582451315,2026-08-20,2026-08-19,settled,20.60,USD
binance:6582451319,2026-08-20,2026-08-19,settled,89.95,USD
binance:6582451335,2026-08-20,2026-08-19,settled,43.95,USD
binance:6582451343,2026-08-20,2026-08-19,settled,11.67,USD
binance:6582451345,2026-08-20,2026-08-19,settled,6.18,USD
binance:6582451346,2026-08-20,2026-08-19,settled,16.48,USD
binance:6582451357,2026-08-20,2026-08-19,settled,16.48,USD
binance:6582451360,2026-08-20,2026-08-19,settled,16.48,USD
binance:6582451363,2026-08-20,2026-08-19,settled,21.97,USD
binance:6582451367,2026-08-20,2026-08-19,settled,16.48,USD
binance:6582451370,2026-08-20,2026-08-19,settled,5.49,USD
binance:6582451371,2026-08-20,2026-08-19,settled,692.15,USD
binance:6582451373,2026-08-20,2026-08-19,settled,27.47,USD
binance:6582451378,2026-08-20,2026-08-19,settled,9.61,USD
binance:6582451379,2026-08-20,2026-08-19,settled,16.48,USD
binance:6582451382,2026-08-20,2026-08-19,settled,2849.62,USD
binance:6582451384,2026-08-20,2026-08-19,settled,89.27,USD
binance:6582451400,2026-08-20,2026-08-19,settled,39.83,USD
binance:6582451405,2026-08-20,2026-08-19,settled,2849.62,USD
binance:6582451406,2026-08-20,2026-08-19,settled,27.47,USD
binance:6582451407,2026-08-20,2026-08-19,settled,2226.82,USD
binance:6582451416,2026-08-20,2026-08-19,settled,16.48,USD
binance:6582451419,2026-08-20,2026-08-19,settled,16.48,USD
binance:6582451422,2026-08-20,2026-08-19,settled,2752.11,USD
binance:6582451424,2026-08-20,2026-08-19,settled,5.49,USD
coinbase:1073147340,2026-08-20,2026-08-19,settled,2.19,USD
coinbase:1073147346,2026-08-20,2026-08-19,settled,4513.73,USD
coinbase:1073147345,2026-08-20,2026-08-19,settled,420.01,USD
coinbase:1073147344,2026-08-20,2026-08-19,settled,2.08,USD
coinbase:1073147343,2026-08-20,2026-08-19,settled,847.28,USD
coinbase:1073147342,2026-08-20,2026-08-19,settled,8.76,USD
coinbase:1073147341,2026-08-20,2026-08-19,settled,110.57,USD
binance:6582451425,2026-08-20,2026-08-19,settled,73.47,USD
binance:6582451438,2026-08-20,2026-08-19,settled,38.45,USD
binance:6582451445,2026-08-20,2026-08-19,settled,74.84,USD
coinbase:1073147349,2026-08-24,2026-08-22,settled,1243.46,USD
coinbase:1073147348,2026-08-20,2026-08-19,settled,4870.59,USD
coinbase:1073147347,2026-08-20,2026-08-19,settled,4619.17,USD
coinbase:1073147350,2026-08-20,2026-08-19,settled,13.70,USD
coinbase:1073147351,2026-08-20,2026-08-19,settled,30.06,USD
coinbase:1073147352,2026-08-20,2026-08-19,settled,36.60,USD
coinbase:1073147354,2026-08-20,2026-08-19,settled,15.29,USD
coinbase:1073147355,2026-08-20,2026-08-19,settled,12.17,USD
coinbase:1073147356,2026-08-20,2026-08-19,settled,15.81,USD
coinbase:1073147357,2026-08-20,2026-08-19,settled,24.19,USD
coinbase:1073147358,2026-08-20,2026-08-19,settled,11.21,USD
coinbase:1073147359,2026-08-20,2026-08-19,settled,17.14,USD
coinbase:1073147360,2026-08-20,2026-08-19,settled,50.59,USD
coinbase:1073147361,2026-08-20,2026-08-19,settled,83.88,USD
coinbase:1073147367,2026-08-20,2026-08-22,settled,686.30,USD
coinbase:1073147366,2026-08-20,2026-08-19,settled,0.08,USD
coinbase:1073147365,2026-08-20,2026-08-19,settled,0.24,USD
coinbase:1073147364,2026-08-20,2026-08-19,settled,0.08,USD
coinbase:1073147363,2026-08-20,2026-08-19,settled,1.17,USD
coinbase:1073147362,2026-08-20,2026-08-19,settled,3.43,USD
coinbase:1073147368,2026-08-20,2026-08-19,settled,3.15,USD
binance:6582451458,2026-08-20,2026-08-19,settled,6354.89,USD
binance:6582451478,2026-08-20,2026-08-19,settled,3.43,USD
binance:6582451479,2026-08-20,2026-08-21,settled,56.99,USD
binance:6582451492,2026-08-20,2026-08-19,settled,6.18,USD
binance:6582451493,2026-08-20,2026-08-19,settled,11.67,USD
binance:6582451495,2026-08-20,2026-08-19,settled,16.48,USD
binance:6582451498,2026-08-20,2026-08-19,settled,3928.15,USD
binance:6582451499,2026-08-20,2026-08-19,settled,13.73,USD
binance:6582451502,2026-08-20,2026-08-19,settled,27.46,USD
binance:6582451508,2026-08-20,2026-08-19,settled,20.60,USD
binance:6582451512,2026-08-20,2026-08-19,settled,13.73,USD
binance:6582451515,2026-08-20,2026-08-19,settled,13.73,USD
binance:6582451518,2026-08-20,2026-08-19,settled,38.45,USD
binance:6582451525,2026-08-20,2026-08-19,settled,12.36,USD
binance:6582451526,2026-08-20,2026-08-19,settled,11.67,USD
binance:6582451527,2026-08-20,2026-08-19,settled,107.11,USD
binance:6582451529,2026-08-20,2026-08-19,settled,106.42,USD
binance:6582451548,2026-08-20,2026-08-19,settled,49.44,USD
binance:6582451557,2026-08-20,2026-08-19,settled,10.99,USD
binance:6582451559,2026-08-20,2026-08-19,settled,5.49,USD
binance:6582451560,2026-08-20,2026-08-19,settled,6.18,USD
binance:6582451561,2026-08-20,2026-08-19,settled,21.97,USD
coinbase:1073147371,2026-08-20,2026-08-19,settled,1.17,USD
coinbase:1073147370,2026-08-20,2026-08-19,settled,686.25,USD
coinbase:1073147369,2026-08-20,2026-08-19,settled,1.17,USD
coinbase:1073147372,2026-08-24,2026-08-21,settled,0.01,USD
coinbase:1073147373,2026-08-20,2026-08-19,settled,0.00,USD
binance:6582451565,2026-08-20,2026-08-19,settled,6.87,USD
coinbase:1073147374,2026-08-20,2026-08-19,settled,0.00,USD
binance:6582451567,2026-08-24,2026-08-21,settled,15153.78,USD
binance:6582451593,2026-08-20,2026-08-19,settled,43.94,USD
binance:6582451601,2026-08-20,2026-08-19,settled,20.60,USD
binance:6582451605,2026-08-20,2026-08-19,settled,35.70,USD
binance:6582451612,2026-08-20,2026-08-19,settled,10.99,USD
binance:6582451614,2026-08-20,2026-08-19,settled,7.55,USD
binance:6582451615,2026-08-20,2026-08-19,settled,5.49,USD
binance:6582451616,2026-08-20,2026-08-19,settled,6.18,USD
binance:6582451617,2026-08-20,2026-08-19,settled,11.67,USD
binance:6582451619,2026-08-20,2026-08-19,settled,16.48,USD
binance:6582451622,2026-08-24,2026-08-22,settled,3908.63,USD
binance:6582451623,2026-08-20,2026-08-19,settled,13.73,USD
binance:6582451626,2026-08-20,2026-08-19,settled,13.73,USD
binance:6582451629,2026-08-20,2026-08-19,settled,5.49,USD
binance:6582451630,2026-08-20,2026-08-19,settled,10.98,USD
binance:6582451632,2026-08-20,2026-08-19,settled,16.48,USD
binance:6582451635,2026-08-20,2026-08-19,settled,5.49,USD
binance:6582451636,2026-08-20,2026-08-19,settled,16.48,USD
binance:6582451642,2026-08-20,2026-08-19,settled,10.98,USD
binance:6582451644,2026-08-20,2026-08-19,settled,16.48,USD
binance:6582451647,2026-08-20,2026-08-19,settled,12.36,USD
binance:6582451648,2026-08-20,2026-08-19,settled,10.98,USD
binance:6582451650,2026-08-20,2026-08-19,settled,16.48,USD
binance:6582451653,2026-08-24,2026-08-21,settled,2950.76,USD
binance:6582451654,2026-08-20,2026-08-19,settled,54.24,USD
binance:6582451656,2026-08-20,2026-08-19,settled,5.49,USD
binance:6582451657,2026-08-20,2026-08-19,settled,7.55,USD
binance:6582451658,2026-08-20,2026-08-19,settled,251.27,USD
binance:6582451660,2026-08-20,2026-08-19,settled,11.67,USD
binance:6582451662,2026-08-20,2026-08-19,settled,11.67,USD
binance:6582451665,2026-08-20,2026-08-19,settled,16.48,USD
binance:6582451668,2026-08-20,2026-08-19,settled,5.49,USD
binance:6582451669,2026-08-20,2026-08-19,settled,17.16,USD
binance:6582451672,2026-08-20,2026-08-19,settled,6.18,USD
binance:6582451685,2026-08-20,2026-08-19,settled,94.74,USD
coinbase:1073147378,2026-08-20,2026-08-19,settled,68621.00,USD
coinbase:1073147377,2026-08-20,2026-08-19,settled,2323.93,USD
coinbase:1073147376,2026-08-20,2026-08-19,settled,2062.99,USD
kraken:105348475,2026-08-20,2026-08-19,settled,557.60,USD
coinbase:1073147380,2026-08-24,2026-08-22,settled,1031.34,USD
coinbase:1073147379,2026-08-20,2026-08-19,settled,686.20,USD
coinbase:1073147381,2026-08-20,2026-08-19,settled,1.17,USD
kraken:105348476,2026-08-20,2026-08-19,settled,5798.62,USD
kraken:105348477,2026-08-20,2026-08-19,settled,50.00,USD
coinbase:1073147382,2026-08-20,2026-08-21,settled,688.89,USD
coinbase:1073147383,2026-08-20,2026-08-19,settled,688.89,USD
coinbase:1073147388,2026-08-20,2026-08-19,settled,1.17,USD
coinbase:1073147387,2026-08-20,2026-08-19,settled,686.15,USD
coinbase:1073147386,2026-08-20,2026-08-19,settled,0.08,USD
coinbase:1073147385,2026-08-20,2026-08-19,settled,0.24,USD
coinbase:1073147384,2026-08-20,2026-08-19,settled,0.08,USD
coinbase:1073147389,2026-08-20,2026-08-19,settled,0.00,USD
binance:6582451702,2026-08-20,2026-08-19,settled,20.60,USD
binance:6582451706,2026-08-20,2026-08-19,settled,16617.97,USD
binance:6582451722,2026-08-20,2026-08-19,settled,78.26,USD
binance:6582451736,2026-08-20,2026-08-19,settled,27.46,USD
binance:6582451741,2026-08-20,2026-08-19,settled,5.49,USD
binance:6582451742,2026-08-20,2026-08-19,settled,5.49,USD
binance:6582451743,2026-08-20,2026-08-19,settled,6.18,USD
binance:6582451744,2026-08-20,2026-08-19,settled,16.48,USD
coinbase:1073147391,2026-08-20,2026-08-19,settled,5660.47,USD
coinbase:1073147390,2026-08-20,2026-08-19,settled,1.17,USD
binance:6582451747,2026-08-20,2026-08-19,settled,73.46,USD
binance:6582451760,2026-08-20,2026-08-19,settled,10.98,USD
binance:6582451762,2026-08-20,2026-08-19,settled,5.49,USD
binance:6582451763,2026-08-20,2026-08-19,settled,5.49,USD
binance:6582451764,2026-08-20,2026-08-19,settled,12.36,USD
coinbase:1073147393,2026-08-20,2026-08-19,settled,1.73,USD
binance:6582451768,2026-08-20,2026-08-19,settled,1203.39,USD
coinbase:1073147394,2026-08-20,2026-08-19,settled,0.00,USD
coinbase:1073147395,2026-08-20,2026-08-19,settled,0.01,USD
coinbase:1073147396,2026-08-20,2026-08-19,settled,11.46,USD
coinbase:1073147397,2026-08-20,2026-08-19,settled,0.00,USD
coinbase:1073147399,2026-08-20,2026-08-19,settled,2040.87,USD
coinbase:1073147398,2026-08-20,2026-08-19,settled,3007.42,USD
coinbase:1073147400,2026-08-20,2026-08-19,settled,0.00,USD
coinbase:1073147401,2026-08-20,2026-08-19,settled,28.47,USD
binance:6582451778,2026-08-20,2026-08-19,settled,6.86,USD
coinbase:1073147402,2026-08-20,2026-08-19,settled,0.00,USD
coinbase:1073147403,2026-08-20,2026-08-19,settled,0.00,USD
binance:6582451779,2026-08-20,2026-08-19,settled,509.36,USD
coinbase:1073147404,2026-08-20,2026-08-19,settled,0.00,USD
coinbase:1073147405,2026-08-20,2026-08-19,settled,0.00,USD
coinbase:1073147406,2026-08-20,2026-08-19,settled,0.00,USD
coinbase:1073147410,2026-08-20,2026-08-19,settled,1000.00,USD
coinbase:1073147409,2026-08-20,2026-08-19,settled,1000.00,USD
coinbase:1073147408,2026-08-20,2026-08-19,settled,95.46,USD
coinbase:1073147407,2026-08-20,2026-08-19,settled,424.86,USD
coinbase:1073147412,2026-08-20,2026-08-19,settled,420.02,USD
coinbase:1073147411,2026-08-20,2026-08-22,settled,424.85,USD
coinbase:1073147414,2026-08-20,2026-08-19,settled,420.01,USD
coinbase:1073147413,2026-08-20,2026-08-19,settled,420.00,USD
binance:6582451780,2026-08-20,2026-08-19,settled,6.86,USD
binance:6582451781,2026-08-20,2026-08-19,settled,74970.52,USD
binance:6582451793,2026-08-20,2026-08-19,settled,1372.95,USD
binance:6582451795,2026-08-20,2026-08-19,settled,10000.55,USD
binance:6582451801,2026-08-20,2026-08-19,settled,590.37,USD
binance:6582451802,2026-08-20,2026-08-19,settled,2951.84,USD
binance:6582451803,2026-08-20,2026-08-19,settled,11067.34,USD
binance:6582451808,2026-08-20,2026-08-19,settled,1098.36,USD
binance:6582451809,2026-08-20,2026-08-19,settled,219.67,USD
binance:6582451832,2026-08-20,2026-08-19,settled,10.98,USD
binance:6582451834,2026-08-20,2026-08-19,settled,16.48,USD
binance:6582451837,2026-08-20,2026-08-19,settled,45.31,USD
binance:6582451845,2026-08-20,2026-08-19,settled,5.49,USD
binance:6582451846,2026-08-20,2026-08-19,settled,5.49,USD
binance:6582451847,2026-08-20,2026-08-19,settled,16.48,USD
binance:6582451850,2026-08-20,2026-08-19,settled,34.33,USD
binance:6582451856,2026-08-20,2026-08-19,settled,11.67,USD
binance:6582451859,2026-08-20,2026-08-19,settled,5.49,USD
binance:6582451860,2026-08-20,2026-08-19,settled,45.31,USD
binance:6582451868,2026-08-20,2026-08-19,settled,10.98,USD
binance:6582451870,2026-08-20,2026-08-19,settled,37.76,USD
binance:6582451876,2026-08-20,2026-08-19,settled,27.46,USD
binance:6582451881,2026-08-20,2026-08-19,settled,10.98,USD
binance:6582451883,2026-08-20,2026-08-19,settled,27.46,USD
binance:6582451888,2026-08-20,2026-08-19,settled,16.48,USD
coinbase:1073147415,2026-08-20,2026-08-19,settled,98.98,USD
coinbase:1073147416,2026-08-20,2026-08-19,settled,321.05,USD
coinbase:1073147418,2026-08-20,2026-08-19,settled,525.05,USD
coinbase:1073147417,2026-08-20,2026-08-19,settled,1.17,USD
coinbase:1073147420,2026-08-20,2026-08-19,settled,2.00,USD
coinbase:1073147419,2026-08-20,2026-08-19,settled,1.17,USD
binance:6582451891,2026-08-20,2026-08-19,settled,56.98,USD
binance:6582451901,2026-08-20,2026-08-19,settled,5.49,USD
binance:6582451902,2026-08-20,2026-08-19,settled,67.97,USD
coinbase:1073147421,2026-08-20,2026-08-19,settled,0.00,USD
binance:6582451914,2026-08-20,2026-08-19,settled,56.98,USD
binance:6582451924,2026-08-20,2026-08-19,settled,5.49,USD
binance:6582451925,2026-08-20,2026-08-19,settled,21.97,USD
binance:6582451929,2026-08-20,2026-08-19,settled,5.49,USD
binance:6582451930,2026-08-20,2026-08-19,settled,12.36,USD
binance:6582451931,2026-08-20,2026-08-19,settled,10.98,USD
binance:6582451933,2026-08-20,2026-08-19,settled,16.48,USD
binance:6582451936,2026-08-20,2026-08-19,settled,20.60,USD
binance:6582451940,2026-08-20,2026-08-19,settled,771.69,USD
binance:6582451941,2026-08-20,2026-08-21,settled,59.04,USD
binance:6582451942,2026-08-20,2026-08-19,settled,11.67,USD
binance:6582451945,2026-08-20,2026-08-19,settled,196.36,USD
binance:6582451959,2026-08-20,2026-08-19,settled,5.49,USD
binance:6582451960,2026-08-20,2026-08-19,settled,10.99,USD
binance:6582451962,2026-08-20,2026-08-19,settled,11.67,USD
binance:6582451964,2026-08-20,2026-08-19,settled,16.48,USD
coinbase:1073147422,2026-08-20,2026-08-19,settled,0.00,USD
binance:6582451967,2026-08-20,2026-08-19,settled,10.30,USD
binance:6582451969,2026-08-20,2026-08-19,settled,101.61,USD
binance:6582451987,2026-08-20,2026-08-19,settled,5.49,USD
binance:6582451988,2026-08-20,2026-08-19,settled,10.99,USD
binance:6582451990,2026-08-20,2026-08-19,settled,10.99,USD
binance:6582451992,2026-08-20,2026-08-19,settled,10.99,USD
binance:6582451994,2026-08-20,2026-08-19,settled,16.48,USD
coinbase:1073147423,2026-08-20,2026-08-19,settled,23.39,USD
coinbase:1073147424,2026-08-20,2026-08-19,settled,4.82,USD
binance:6582451997,2026-08-20,2026-08-22,settled,92.69,USD
coinbase:1073147425,2026-08-20,2026-08-19,settled,0.00,USD
binance:6582451998,2026-08-20,2026-08-19,settled,137.32,USD
coinbase:1073147426,2026-08-20,2026-08-19,settled,0.00,USD
binance:6582451999,2026-08-20,2026-08-19,settled,208.72,USD
binance:6582452000,2026-08-20,2026-08-19,settled,30.21,USD
coinbase:1073147427,2026-08-20,2026-08-19,settled,0.00,USD
binance:6582452001,2026-08-20,2026-08-19,settled,20.60,USD
binance:6582452005,2026-08-20,2026-08-19,settled,80.33,USD
binance:6582452019,2026-08-20,2026-08-19,settled,10.99,USD
binance:6582452021,2026-08-20,2026-08-19,settled,5.49,USD
binance:6582452022,2026-08-20,2026-08-19,settled,10.99,USD
binance:6582452024,2026-08-20,2026-08-19,settled,11.67,USD
binance:6582452026,2026-08-20,2026-08-19,settled,10.99,USD
binance:6582452028,2026-08-20,2026-08-19,settled,16.48,USD
binance:6582452031,2026-08-20,2026-08-19,settled,6.87,USD
binance:6582452033,2026-08-20,2026-08-19,settled,686.61,USD
binance:6582452044,2026-08-20,2026-08-19,settled,1373.23,USD
binance:6582452045,2026-08-20,2026-08-19,settled,755.27,USD
binance:6582452046,2026-08-20,2026-08-19,settled,617.95,USD
binance:6582452047,2026-08-20,2026-08-21,settled,617.95,USD
binance:6582452048,2026-08-20,2026-08-19,settled,1235.90,USD
binance:6582452049,2026-08-20,2026-08-19,settled,205.98,USD
binance:6582452050,2026-08-20,2026-08-19,settled,9.61,USD
binance:6582452051,2026-08-20,2026-08-19,settled,13.05,USD
coinbase:1073147428,2026-08-20,2026-08-19,settled,0.00,USD
coinbase:1073147429,2026-08-20,2026-08-19,settled,0.00,USD
binance:6582452054,2026-08-20,2026-08-19,settled,1183.03,USD
binance:6582452055,2026-08-20,2026-08-19,settled,146.25,USD
binance:6582452062,2026-08-20,2026-08-19,settled,19.91,USD
binance:6582452063,2026-08-20,2026-08-19,settled,10.30,USD
binance:6582452064,2026-08-20,2026-08-19,settled,204.61,USD
binance:6582452082,2026-08-20,2026-08-19,settled,32.96,USD
binance:6582452088,2026-08-20,2026-08-19,settled,12.36,USD
binance:6582452089,2026-08-20,2026-08-19,settled,10.99,USD
binance:6582452091,2026-08-20,2026-08-19,settled,16.48,USD
binance:6582452094,2026-08-20,2026-08-19,settled,10.30,USD
binance:6582452095,2026-08-20,2026-08-19,settled,9.61,USD
binance:6582452096,2026-08-20,2026-08-19,settled,10.30,USD
binance:6582452097,2026-08-20,2026-08-19,settled,8075.44,USD
binance:6582452098,2026-08-20,2026-08-19,settled,10.30,USD
binance:6582452100,2026-08-20,2026-08-19,settled,468.97,USD
coinbase:1073147430,2026-08-20,2026-08-19,settled,0.11,USD
binance:6582452101,2026-08-20,2026-08-19,settled,563.04,USD
binance:6582452107,2026-08-20,2026-08-19,settled,6.87,USD
binance:6582452108,2026-08-20,2026-08-19,settled,51.50,USD
binance:6582452109,2026-08-20,2026-08-19,settled,1000.42,USD
binance:6582452110,2026-08-20,2026-08-19,settled,1344.42,USD
binance:6582452132,2026-08-20,2026-08-19,settled,5.49,USD
binance:6582452133,2026-08-20,2026-08-19,settled,10.99,USD
binance:6582452135,2026-08-20,2026-08-19,settled,5.49,USD
binance:6582452136,2026-08-20,2026-08-19,settled,32.96,USD
binance:6582452142,2026-08-20,2026-08-19,settled,5.49,USD
binance:6582452143,2026-08-20,2026-08-19,settled,115.35,USD
binance:6582452164,2026-08-20,2026-08-19,settled,5.49,USD
binance:6582452165,2026-08-20,2026-08-19,settled,16.48,USD
binance:6582452168,2026-08-20,2026-08-19,settled,25.40,USD
coinbase:1073147435,2026-08-20,2026-08-19,settled,3537.36,USD
coinbase:1073147434,2026-08-20,2026-08-19,settled,100.18,USD
coinbase:1073147433,2026-08-20,2026-08-19,settled,1379.03,USD
coinbase:1073147432,2026-08-20,2026-08-19,settled,1.40,USD
coinbase:1073147431,2026-08-20,2026-08-20,settled,1433.56,USD
coinbase:1073147436,2026-08-20,2026-08-19,settled,1433.56,USD
coinbase:1073147438,2026-08-20,2026-08-19,settled,424.28,USD
coinbase:1073147437,2026-08-20,2026-08-19,settled,1000.00,USD
coinbase:1073147439,2026-08-20,2026-08-19,settled,20.61,USD
coinbase:1073147440,2026-08-20,2026-08-19,settled,555.11,USD
binance:6582452169,2026-08-20,2026-08-19,settled,25.40,USD
binance:6582452170,2026-08-20,2026-08-19,settled,10.30,USD
binance:6582452171,2026-08-20,2026-08-19,settled,153.80,USD
kraken:105348478,2026-08-20,2026-08-19,settled,50.00,USD
kraken:105348479,2026-08-20,2026-08-19,settled,20.11,USD
kraken:105348480,2026-08-20,2026-08-19,settled,68.63,USD
kraken:105348481,2026-08-20,2026-08-21,settled,89.11,USD
binance:6582452173,2026-08-20,2026-08-19,settled,30.21,USD
coinbase:1073147441,2026-08-20,2026-08-19,settled,1187.33,USD
binance:6582452174,2026-08-20,2026-08-19,settled,28.15,USD
binance:6582452175,2026-08-20,2026-08-19,settled,16391.31,USD
binance:6582452182,2026-08-20,2026-08-19,settled,12.36,USD
binance:6582452183,2026-08-20,2026-08-19,settled,6.87,USD
coinbase:1073147442,2026-08-20,2026-08-19,settled,3019.32,USD
binance:6582452184,2026-08-20,2026-08-19,settled,7.55,USD
coinbase:1073147443,2026-08-20,2026-08-19,settled,50.50,USD
binance:6582452185,2026-08-20,2026-08-19,settled,50.12,USD
binance:6582452186,2026-08-20,2026-08-19,settled,10.30,USD
binance:6582452187,2026-08-20,2026-08-19,settled,80.33,USD
coinbase:1073147444,2026-08-20,2026-08-19,settled,0.01,USD
binance:6582452188,2026-08-20,2026-08-19,settled,8.93,USD
binance:6582452189,2026-08-20,2026-08-19,settled,700.34,USD
binance:6582452190,2026-08-20,2026-08-19,settled,19.91,USD
binance:6582452191,2026-08-20,2026-08-19,settled,39.14,USD
binance:6582452192,2026-08-20,2026-08-19,settled,6.18,USD
binance:6582452193,2026-08-20,2026-08-19,settled,28.15,USD
binance:6582452194,2026-08-20,2026-08-19,settled,40.51,USD
binance:6582452195,2026-08-20,2026-08-19,settled,50.12,USD
binance:6582452196,2026-08-20,2026-08-19,settled,200.49,USD
binance:6582452197,2026-08-20,2026-08-19,settled,57.67,USD
coinbase:1073147445,2026-08-20,2026-08-19,settled,0.00,USD
binance:6582452198,2026-08-20,2026-08-19,settled,899.45,USD
coinbase:1073147447,2026-08-20,2026-08-19,settled,291.08,USD
coinbase:1073147446,2026-08-20,2026-08-19,settled,1310.57,USD
coinbase:1073147451,2026-08-20,2026-08-19,settled,1372.02,USD
coinbase:1073147449,2026-08-20,2026-08-19,settled,0.17,USD
coinbase:1073147448,2026-08-20,2026-08-19,settled,4597.00,USD
binance:6582452199,2026-08-20,2026-08-19,settled,25.40,USD
binance:6582452200,2026-08-20,2026-08-19,settled,78.27,USD
coinbase:1073147452,2026-08-20,2026-08-19,settled,0.00,USD
coinbase:1073147453,2026-08-20,2026-08-19,settled,97.18,USD
coinbase:1073147454,2026-08-20,2026-08-19,settled,0.00,USD
binance:6582452201,2026-08-20,2026-08-19,settled,16.48,USD
coinbase:1073147455,2026-08-20,2026-08-20,settled,0.00,USD
binance:6582452202,2026-08-20,2026-08-19,settled,6.87,USD
binance:6582452203,2026-08-20,2026-08-19,settled,50.12,USD
binance:6582452204,2026-08-20,2026-08-19,settled,8.24,USD
coinbase:1073147456,2026-08-20,2026-08-19,settled,0.00,USD
coinbase:1073147457,2026-08-20,2026-08-19,settled,464.42,USD
coinbase:1073147458,2026-08-20,2026-08-19,settled,0.00,USD
binance:6582452205,2026-08-20,2026-08-19,settled,10.30,USD
binance:6582452207,2026-08-20,2026-08-19,settled,7.55,USD
binance:6582452208,2026-08-20,2026-08-19,settled,10.30,USD
coinbase:1073147463,2026-08-20,2026-08-19,settled,4654.64,USD
coinbase:1073147462,2026-08-20,2026-08-19,settled,4333.79,USD
coinbase:1073147461,2026-08-20,2026-08-19,settled,1151.23,USD
coinbase:1073147460,2026-08-20,2026-08-19,settled,7836.54,USD
coinbase:1073147459,2026-08-20,2026-08-19,settled,3019.33,USD
coinbase:1073147464,2026-08-20,2026-08-19,settled,0.00,USD
binance:6582452209,2026-08-20,2026-08-19,settled,52.87,USD
binance:6582452210,2026-08-20,2026-08-19,settled,6.87,USD
binance:6582452211,2026-08-20,2026-08-19,settled,4056.46,USD
binance:6582452233,2026-08-20,2026-08-19,settled,27.46,USD
binance:6582452238,2026-08-20,2026-08-21,settled,73.47,USD
binance:6582452251,2026-08-20,2026-08-19,settled,49.44,USD
binance:6582452260,2026-08-20,2026-08-19,settled,18093.69,USD
binance:6582452273,2026-08-20,2026-08-19,settled,16.48,USD
binance:6582452276,2026-08-20,2026-08-19,settled,863.03,USD
binance:6582452289,2026-08-20,2026-08-19,settled,16.48,USD
binance:6582452292,2026-08-20,2026-08-19,settled,825.27,USD
binance:6582452317,2026-08-20,2026-08-19,settled,27.46,USD
binance:6582452325,2026-08-20,2026-08-19,settled,1378.64,USD
binance:6582452327,2026-08-20,2026-08-19,settled,5.49,USD
binance:6582452328,2026-08-20,2026-08-19,settled,5.49,USD
binance:6582452329,2026-08-20,2026-08-19,settled,10.98,USD
binance:6582452331,2026-08-20,2026-08-19,settled,27.46,USD
binance:6582452336,2026-08-20,2026-08-19,settled,27.46,USD
binance:6582452341,2026-08-20,2026-08-19,settled,16.48,USD
binance:6582452344,2026-08-20,2026-08-19,settled,3876.98,USD
binance:6582452345,2026-08-20,2026-08-19,settled,16.48,USD
binance:6582452348,2026-08-20,2026-08-19,settled,13099.41,USD
binance:6582452354,2026-08-20,2026-08-19,settled,81.01,USD
binance:6582452369,2026-08-20,2026-08-19,settled,38.45,USD
binance:6582452376,2026-08-20,2026-08-19,settled,13.73,USD
binance:6582452379,2026-08-20,2026-08-19,settled,81.01,USD
binance:6582452394,2026-08-24,2026-08-21,settled,43.94,USD
binance:6582452402,2026-08-20,2026-08-19,settled,12.36,USD
binance:6582452403,2026-08-20,2026-08-19,settled,5.49,USD
binance:6582452404,2026-08-20,2026-08-19,settled,7.55,USD
binance:6582452405,2026-08-20,2026-08-19,settled,111.22,USD
binance:6582452425,2026-08-20,2026-08-19,settled,32.95,USD
binance:6582452431,2026-08-20,2026-08-19,settled,10.98,USD
binance:6582452433,2026-08-20,2026-08-19,settled,5.49,USD
binance:6582452434,2026-08-20,2026-08-19,settled,16.48,USD
binance:6582452437,2026-08-20,2026-08-19,settled,29.52,USD
coinbase:1073147466,2026-08-20,2026-08-19,settled,0.00,USD
coinbase:1073147468,2026-08-20,2026-08-19,settled,4726.70,USD
coinbase:1073147467,2026-08-24,2026-08-21,settled,6375.10,USD
coinbase:1073147469,2026-08-20,2026-08-19,settled,0.01,USD
coinbase:1073147471,2026-08-20,2026-08-19,settled,661.11,USD
coinbase:1073147470,2026-08-20,2026-08-19,settled,1.15,USD
coinbase:1073147472,2026-08-20,2026-08-19,settled,26.70,USD
coinbase:1073147473,2026-08-20,2026-08-19,settled,15.67,USD
coinbase:1073147474,2026-08-20,2026-08-19,settled,348.60,USD
coinbase:1073147475,2026-08-20,2026-08-19,settled,352.28,USD
coinbase:1073147476,2026-08-20,2026-08-19,settled,14.24,USD
coinbase:1073147477,2026-08-20,2026-08-19,settled,53.62,USD
coinbase:1073147478,2026-08-20,2026-08-19,settled,16.66,USD
binance:6582452438,2026-08-20,2026-08-19,settled,6865.24,USD
coinbase:1073147479,2026-08-20,2026-08-19,settled,9.72,USD
coinbase:1073147480,2026-08-20,2026-08-19,settled,0.00,USD
binance:6582452446,2026-08-20,2026-08-19,settled,6.87,USD
binance:6582452447,2026-08-20,2026-08-19,settled,31.58,USD
binance:6582452448,2026-08-20,2026-08-19,settled,7165.93,USD
binance:6582452449,2026-08-24,2026-08-22,settled,7165.93,USD
binance:6582452450,2026-08-20,2026-08-19,settled,57.67,USD
binance:6582452451,2026-08-20,2026-08-19,settled,38916.28,USD
binance:6582452486,2026-08-20,2026-08-19,settled,10.98,USD
binance:6582452488,2026-08-20,2026-08-19,settled,10.98,USD
binance:6582452490,2026-08-20,2026-08-19,settled,10.98,USD
binance:6582452492,2026-08-20,2026-08-19,settled,5.49,USD
binance:6582452493,2026-08-20,2026-08-19,settled,16.48,USD
binance:6582452496,2026-08-20,2026-08-19,settled,4162.53,USD
binance:6582452498,2026-08-20,2026-08-19,settled,10.98,USD
binance:6582452500,2026-08-20,2026-08-19,settled,10.98,USD
binance:6582452502,2026-08-20,2026-08-19,settled,16.48,USD
binance:6582452505,2026-08-20,2026-08-19,settled,2954.92,USD
binance:6582452522,2026-08-20,2026-08-19,settled,10.98,USD
binance:6582452524,2026-08-20,2026-08-19,settled,5.49,USD
binance:6582452525,2026-08-20,2026-08-19,settled,27.46,USD
binance:6582452530,2026-08-20,2026-08-19,settled,38.45,USD
binance:6582452537,2026-08-20,2026-08-19,settled,27.46,USD
binance:6582452542,2026-08-20,2026-08-19,settled,6.18,USD
binance:6582452543,2026-08-20,2026-08-19,settled,11.67,USD
binance:6582452545,2026-08-20,2026-08-19,settled,38.45,USD
binance:6582452552,2026-08-20,2026-08-19,settled,7.55,USD
binance:6582452553,2026-08-20,2026-08-19,settled,30.90,USD
binance:6582452557,2026-08-20,2026-08-19,settled,1071.10,USD
binance:6582452570,2026-08-20,2026-08-19,settled,10.99,USD
binance:6582452572,2026-08-20,2026-08-19,settled,5.49,USD
binance:6582452573,2026-08-20,2026-08-19,settled,16.48,USD
binance:6582452576,2026-08-20,2026-08-19,settled,10005.32,USD
binance:6582452578,2026-08-20,2026-08-19,settled,10.99,USD
binance:6582452580,2026-08-20,2026-08-19,settled,10.99,USD
binance:6582452582,2026-08-20,2026-08-19,settled,12.36,USD
binance:6582452583,2026-08-20,2026-08-19,settled,5.49,USD
binance:6582452584,2026-08-20,2026-08-19,settled,16.48,USD
binance:6582452587,2026-08-20,2026-08-19,settled,5.49,USD
binance:6582452588,2026-08-20,2026-08-19,settled,17.17,USD
binance:6582452591,2026-08-20,2026-08-19,settled,6.18,USD
binance:6582452592,2026-08-20,2026-08-19,settled,32.96,USD
binance:6582452593,2026-08-20,2026-08-19,settled,5.49,USD
binance:6582452594,2026-08-20,2026-08-19,settled,20.60,USD
binance:6582452595,2026-08-20,2026-08-19,settled,2624.37,USD
coinbase:1073147482,2026-08-20,2026-08-19,settled,8.27,USD
coinbase:1073147481,2026-08-20,2026-08-19,settled,410.28,USD
binance:6582452596,2026-08-20,2026-08-19,settled,10.30,USD
coinbase:1073147484,2026-08-20,2026-08-19,settled,417.33,USD
coinbase:1073147483,2026-08-20,2026-08-19,settled,1.23,USD
binance:6582452598,2026-08-20,2026-08-19,settled,1235.97,USD
binance:6582452607,2026-08-20,2026-08-19,settled,755.31,USD
binance:6582452608,2026-08-20,2026-08-19,settled,617.98,USD
binance:6582452609,2026-08-20,2026-08-19,settled,617.98,USD
binance:6582452610,2026-08-20,2026-08-19,settled,8950.46,USD
binance:6582452612,2026-08-20,2026-08-19,settled,6863.05,USD
binance:6582452624,2026-08-20,2026-08-19,settled,5.49,USD
binance:6582452625,2026-08-20,2026-08-19,settled,54.93,USD
binance:6582452635,2026-08-20,2026-08-21,settled,11.67,USD
binance:6582452637,2026-08-20,2026-08-19,settled,13.05,USD
binance:6582452639,2026-08-20,2026-08-19,settled,10.99,USD
binance:6582452641,2026-08-20,2026-08-19,settled,53.56,USD
binance:6582452642,2026-08-20,2026-08-19,settled,25.41,USD
binance:6582452643,2026-08-20,2026-08-19,settled,6.18,USD
binance:6582452644,2026-08-20,2026-08-19,settled,12.36,USD
binance:6582452645,2026-08-20,2026-08-19,settled,5.49,USD
binance:6582452646,2026-08-20,2026-08-19,settled,11.67,USD
binance:6582452648,2026-08-20,2026-08-19,settled,6.18,USD
binance:6582452649,2026-08-20,2026-08-19,settled,6.87,USD
binance:6582452650,2026-08-20,2026-08-19,settled,6.18,USD
binance:6582452651,2026-08-24,2026-08-21,settled,16.48,USD
binance:6582452654,2026-08-20,2026-08-19,settled,6.18,USD
binance:6582452656,2026-08-20,2026-08-19,settled,206.02,USD
binance:6582452661,2026-08-24,2026-08-22,settled,686.72,USD
coinbase:1073147486,2026-08-20,2026-08-19,settled,9942.49,USD
coinbase:1073147498,2026-08-24,2026-08-21,settled,12789.38,USD
coinbase:1073147497,2026-08-20,2026-08-19,settled,1.17,USD
coinbase:1073147496,2026-08-20,2026-08-19,settled,75.02,USD
coinbase:1073147495,2026-08-20,2026-08-19,settled,1.17,USD
coinbase:1073147494,2026-08-20,2026-08-19,settled,1990.33,USD
coinbase:1073147493,2026-08-20,2026-08-19,settled,1.17,USD
coinbase:1073147492,2026-08-20,2026-08-19,settled,342.33,USD
coinbase:1073147491,2026-08-20,2026-08-19,settled,1.17,USD
coinbase:1073147490,2026-08-20,2026-08-19,settled,0.08,USD
coinbase:1073147489,2026-08-20,2026-08-19,settled,0.17,USD
coinbase:1073147488,2026-08-20,2026-08-19,settled,0.08,USD
binance:6582452662,2026-08-20,2026-08-19,settled,355.04,USD
binance:6582452663,2026-08-20,2026-08-19,settled,374.95,USD
binance:6582452664,2026-08-20,2026-08-19,settled,348.85,USD
binance:6582452665,2026-08-20,2026-08-19,settled,686.72,USD
coinbase:1073147499,2026-08-20,2026-08-19,settled,1.17,USD
coinbase:1073147500,2026-08-20,2026-08-19,settled,1.17,USD
coinbase:1073147509,2026-08-20,2026-08-19,settled,10046.80,USD
coinbase:1073147508,2026-08-20,2026-08-19,settled,7963.40,USD
coinbase:1073147507,2026-08-20,2026-08-19,settled,1.17,USD
coinbase:1073147506,2026-08-20,2026-08-19,settled,49.67,USD
coinbase:1073147505,2026-08-20,2026-08-19,settled,1.17,USD
coinbase:1073147504,2026-08-20,2026-08-19,settled,101.29,USD
coinbase:1073147503,2026-08-20,2026-08-19,settled,1.17,USD
coinbase:1073147502,2026-08-20,2026-08-19,settled,1.17,USD
coinbase:1073147501,2026-08-20,2026-08-19,settled,5.98,USD
coinbase:1073147515,2026-08-20,2026-08-19,settled,4988.32,USD
coinbase:1073147514,2026-08-20,2026-08-19,settled,7676.61,USD
coinbase:1073147513,2026-08-20,2026-08-19,settled,50.03,USD
coinbase:1073147512,2026-08-20,2026-08-19,settled,1.17,USD
coinbase:1073147511,2026-08-20,2026-08-19,settled,1373.14,USD
coinbase:1073147510,2026-08-20,2026-08-19,settled,8000.00,USD
binance:6582452666,2026-08-20,2026-08-19,settled,76.23,USD
binance:6582452679,2026-08-20,2026-08-19,settled,10.99,USD
binance:6582452681,2026-08-20,2026-08-19,settled,10.99,USD
binance:6582452683,2026-08-24,2026-08-21,settled,5.49,USD
binance:6582452684,2026-08-20,2026-08-19,settled,16.48,USD
coinbase:1073147517,2026-08-20,2026-08-19,settled,0.00,USD
binance:6582452687,2026-08-20,2026-08-19,settled,10.30,USD
coinbase:1073147518,2026-08-20,2026-08-19,settled,0.00,USD
binance:6582452688,2026-08-20,2026-08-21,settled,206.02,USD
binance:6582452689,2026-08-20,2026-08-19,settled,2000.47,USD
coinbase:1073147519,2026-08-20,2026-08-19,settled,823.81,USD
coinbase:1073147520,2026-08-20,2026-08-19,settled,0.02,USD
binance:6582452690,2026-08-20,2026-08-19,settled,17310.62,USD
binance:6582452706,2026-08-20,2026-08-19,settled,10.99,USD
binance:6582452708,2026-08-20,2026-08-19,settled,10.99,USD
binance:6582452712,2026-08-20,2026-08-19,settled,16.48,USD
binance:6582452715,2026-08-20,2026-08-19,settled,2944.06,USD
binance:6582452727,2026-08-20,2026-08-19,settled,5.49,USD
binance:6582452728,2026-08-20,2026-08-19,settled,5.49,USD
binance:6582452729,2026-08-20,2026-08-19,settled,6.18,USD
binance:6582452730,2026-08-20,2026-08-19,settled,12.36,USD
binance:6582452731,2026-08-20,2026-08-19,settled,16.48,USD
binance:6582452734,2026-08-20,2026-08-19,settled,67.30,USD
binance:6582452746,2026-08-20,2026-08-19,settled,27.47,USD
binance:6582452751,2026-08-20,2026-08-19,settled,5.49,USD
binance:6582452752,2026-08-20,2026-08-21,settled,6.18,USD
binance:6582452754,2026-08-20,2026-08-19,settled,6.18,USD
binance:6582452755,2026-08-20,2026-08-19,settled,4042.42,USD
binance:6582452756,2026-08-20,2026-08-19,settled,16.48,USD
coinbase:1073147522,2026-08-20,2026-08-19,settled,0.00,USD
kraken:105348483,2026-08-20,2026-08-19,settled,34.31,USD
coinbase:1073147523,2026-08-20,2026-08-19,settled,3020.65,USD
coinbase:1073147524,2026-08-20,2026-08-19,settled,0.00,USD
binance:6582452760,2026-08-20,2026-08-19,settled,892.82,USD
binance:6582452761,2026-08-20,2026-08-19,settled,618.11,USD
binance:6582452762,2026-08-20,2026-08-19,settled,618.11,USD
binance:6582452763,2026-08-20,2026-08-19,settled,755.47,USD
binance:6582452764,2026-08-20,2026-08-19,settled,17.17,USD
coinbase:1073147525,2026-08-20,2026-08-19,settled,0.00,USD
kraken:105348484,2026-08-20,2026-08-19,settled,50.00,USD
kraken:105348485,2026-08-24,2026-08-21,settled,68.63,USD
kraken:105348486,2026-08-20,2026-08-19,settled,6.86,USD
kraken:105348487,2026-08-20,2026-08-19,settled,3.50,USD
kraken:105348488,2026-08-20,2026-08-19,settled,11.19,USD
kraken:105348489,2026-08-20,2026-08-19,settled,3.50,USD
kraken:105348490,2026-08-20,2026-08-19,settled,3.50,USD
kraken:105348491,2026-08-20,2026-08-19,settled,840.72,USD
binance:6582452765,2026-08-20,2026-08-19,settled,94.78,USD
coinbase:1073147527,2026-08-20,2026-08-19,settled,0.00,USD
binance:6582452766,2026-08-20,2026-08-19,settled,10000.31,USD
binance:6582452767,2026-08-20,2026-08-19,settled,1236.22,USD
binance:6582452769,2026-08-20,2026-08-19,settled,2747.15,USD
binance:6582452770,2026-08-20,2026-08-19,settled,1373.57,USD
binance:6582452771,2026-08-20,2026-08-19,settled,686.79,USD
binance:6582452772,2026-08-20,2026-08-19,settled,206.04,USD
binance:6582452781,2026-08-20,2026-08-19,settled,19872.18,USD
binance:6582452799,2026-08-20,2026-08-19,settled,16.48,USD
binance:6582452802,2026-08-20,2026-08-19,settled,28.85,USD
binance:6582452807,2026-08-20,2026-08-19,settled,10.99,USD
binance:6582452814,2026-08-20,2026-08-19,settled,27.47,USD
binance:6582452819,2026-08-20,2026-08-19,settled,30.22,USD
binance:6582452820,2026-08-24,2026-08-21,settled,10.99,USD
binance:6582452822,2026-08-20,2026-08-19,settled,7.55,USD
binance:6582452823,2026-08-20,2026-08-19,settled,5.49,USD
binance:6582452824,2026-08-20,2026-08-19,settled,16.48,USD
binance:6582452827,2026-08-20,2026-08-19,settled,50.82,USD
binance:6582452836,2026-08-20,2026-08-19,settled,851.66,USD
binance:6582452837,2026-08-20,2026-08-19,settled,46.02,USD
binance:6582452845,2026-08-20,2026-08-19,settled,16.48,USD
binance:6582452848,2026-08-20,2026-08-19,settled,16.48,USD
binance:6582452851,2026-08-20,2026-08-19,settled,5.49,USD
binance:6582452852,2026-08-20,2026-08-19,settled,27.47,USD
binance:6582452857,2026-08-20,2026-08-19,settled,16.48,USD
binance:6582452860,2026-08-20,2026-08-19,settled,30.91,USD
coinbase:1073147528,2026-08-20,2026-08-19,settled,0.03,USD
coinbase:1073147529,2026-08-20,2026-08-19,settled,56.95,USD
binance:6582452861,2026-08-20,2026-08-19,settled,17.17,USD
binance:6582452862,2026-08-20,2026-08-19,settled,20345.14,USD
binance:6582452864,2026-08-20,2026-08-19,settled,2747.30,USD
binance:6582452867,2026-08-20,2026-08-19,settled,1236.29,USD
binance:6582452883,2026-08-20,2026-08-19,settled,755.51,USD
binance:6582452884,2026-08-20,2026-08-19,settled,206.05,USD
coinbase:1073147530,2026-08-20,2026-08-19,settled,0.00,USD
coinbase:1073147531,2026-08-20,2026-08-19,settled,6.39,USD
coinbase:1073147532,2026-08-20,2026-08-19,settled,2222.07,USD
coinbase:1073147534,2026-08-20,2026-08-19,settled,42.37,USD
coinbase:1073147533,2026-08-20,2026-08-19,settled,758.02,USD
coinbase:1073147535,2026-08-20,2026-08-19,settled,44.30,USD
coinbase:1073147536,2026-08-20,2026-08-19,settled,0.36,USD
coinbase:1073147537,2026-08-20,2026-08-19,settled,130.92,USD
coinbase:1073147540,2026-08-20,2026-08-19,settled,252.95,USD
coinbase:1073147538,2026-08-20,2026-08-19,settled,56.95,USD
coinbase:1073147542,2026-08-20,2026-08-19,settled,309.99,USD
coinbase:1073147541,2026-08-20,2026-08-19,settled,490.47,USD
coinbase:1073147544,2026-08-20,2026-08-19,settled,975.35,USD
coinbase:1073147543,2026-08-20,2026-08-19,settled,625.68,USD
coinbase:1073147545,2026-08-20,2026-08-19,settled,0.00,USD
binance:6582452886,2026-08-20,2026-08-19,settled,12.36,USD
binance:6582452889,2026-08-20,2026-08-19,settled,12.36,USD
coinbase:1073147546,2026-08-20,2026-08-19,settled,0.00,USD
coinbase:1073147547,2026-08-20,2026-08-19,settled,0.00,USD
coinbase:1073147548,2026-08-20,2026-08-19,settled,0.00,USD
coinbase:1073147549,2026-08-20,2026-08-19,settled,420.00,USD
coinbase:1073147550,2026-08-20,2026-08-19,settled,419.98,USD
coinbase:1073147551,2026-08-20,2026-08-19,settled,0.01,USD
coinbase:1073147552,2026-08-20,2026-08-21,settled,419.98,USD
binance:6582452892,2026-08-20,2026-08-19,settled,355.09,USD
coinbase:1073147554,2026-08-20,2026-08-19,settled,0.14,USD
coinbase:1073147555,2026-08-20,2026-08-19,settled,0.00,USD
coinbase:1073147556,2026-08-20,2026-08-19,settled,0.00,USD
binance:6582452893,2026-08-20,2026-08-19,settled,41.90,USD
coinbase:1073147557,2026-08-20,2026-08-19,settled,0.00,USD
coinbase:1073147558,2026-08-20,2026-08-20,settled,0.00,USD
binance:6582452894,2026-08-20,2026-08-19,settled,682.70,USD
binance:6582452895,2026-08-20,2026-08-19,settled,79.67,USD
kraken:105348493,2026-08-20,2026-08-19,settled,50.00,USD
kraken:105348494,2026-08-20,2026-08-19,settled,68.65,USD
kraken:105348495,2026-08-20,2026-08-19,settled,6.86,USD
coinbase:1073147559,2026-08-20,2026-08-19,settled,400.09,USD
coinbase:1073147560,2026-08-20,2026-08-19,settled,0.00,USD
binance:6582452896,2026-08-20,2026-08-19,settled,17.86,USD
binance:6582452899,2026-08-20,2026-08-19,settled,17.86,USD
coinbase:1073147561,2026-08-20,2026-08-19,settled,0.01,USD
coinbase:1073147562,2026-08-20,2026-08-19,settled,0.00,USD
coinbase:1073147564,2026-08-20,2026-08-19,settled,481.34,USD
coinbase:1073147563,2026-08-20,2026-08-19,settled,200.30,USD
coinbase:1073147565,2026-08-20,2026-08-19,settled,0.00,USD
coinbase:1073147566,2026-08-20,2026-08-19,settled,0.00,USD
coinbase:1073147567,2026-08-20,2026-08-19,settled,0.00,USD
coinbase:1073147568,2026-08-20,2026-08-19,settled,47.35,USD
binance:6582452900,2026-08-20,2026-08-19,settled,137.37,USD
coinbase:1073147569,2026-08-24,2026-08-22,settled,0.00,USD
binance:6582452901,2026-08-20,2026-08-19,settled,2027.51,USD
binance:6582452930,2026-08-20,2026-08-19,settled,1042.60,USD
coinbase:1073147570,2026-08-20,2026-08-19,settled,0.00,USD
coinbase:1073147571,2026-08-24,2026-08-21,settled,0.00,USD
coinbase:1073147572,2026-08-20,2026-08-19,settled,2.11,USD
coinbase:1073147573,2026-08-20,2026-08-19,settled,0.00,USD
binance:6582452931,2026-08-20,2026-08-19,settled,52.89,USD
binance:6582452932,2026-08-20,2026-08-19,settled,745.89,USD
binance:6582452933,2026-08-20,2026-08-19,settled,1373.65,USD
binance:6582452948,2026-08-20,2026-08-19,settled,480.78,USD
binance:6582452949,2026-08-20,2026-08-19,settled,480.78,USD
binance:6582452950,2026-08-20,2026-08-19,settled,100.28,USD
binance:6582452965,2026-08-20,2026-08-19,settled,27.47,USD
binance:6582452970,2026-08-20,2026-08-19,settled,11.68,USD
binance:6582452972,2026-08-20,2026-08-19,settled,6.18,USD
binance:6582452973,2026-08-20,2026-08-19,settled,5.49,USD
binance:6582452974,2026-08-20,2026-08-19,settled,10.99,USD
binance:6582452976,2026-08-20,2026-08-19,settled,16.48,USD
binance:6582452979,2026-08-20,2026-08-20,settled,100.28,USD
binance:6582452997,2026-08-20,2026-08-19,settled,21.98,USD
binance:6582453001,2026-08-20,2026-08-19,settled,5.49,USD
binance:6582453004,2026-08-20,2026-08-19,settled,5.49,USD
binance:6582453005,2026-08-20,2026-08-19,settled,7.56,USD
binance:6582453006,2026-08-20,2026-08-19,settled,16.48,USD
binance:6582453009,2026-08-20,2026-08-19,settled,311.84,USD
binance:6582453010,2026-08-20,2026-08-19,settled,341.38,USD
binance:6582453011,2026-08-20,2026-08-19,settled,206.06,USD
coinbase:1073147574,2026-08-20,2026-08-19,settled,0.00,USD
coinbase:1073147575,2026-08-20,2026-08-19,settled,0.00,USD
binance:6582453032,2026-08-20,2026-08-19,settled,3167.17,USD
binance:6582453033,2026-08-20,2026-08-19,settled,3482.45,USD
coinbase:1073147576,2026-08-20,2026-08-19,settled,0.01,USD
coinbase:1073147577,2026-08-20,2026-08-19,settled,0.01,USD
coinbase:1073147578,2026-08-20,2026-08-19,settled,0.00,USD
binance:6582453037,2026-08-20,2026-08-19,settled,3397.28,USD
binance:6582453038,2026-08-20,2026-08-19,settled,136.00,USD
coinbase:1073147579,2026-08-20,2026-08-19,settled,41.49,USD
coinbase:1073147580,2026-08-20,2026-08-19,settled,292.96,USD
binance:6582453039,2026-08-20,2026-08-19,settled,2747.49,USD
binance:6582453040,2026-08-20,2026-08-19,settled,1373.75,USD
binance:6582453041,2026-08-20,2026-08-19,settled,10000.19,USD
binance:6582453042,2026-08-24,2026-08-22,settled,686.87,USD
binance:6582453043,2026-08-20,2026-08-19,settled,1480.90,USD
binance:6582453066,2026-08-20,2026-08-19,settled,6.87,USD
binance:6582453068,2026-08-20,2026-08-19,settled,53.58,USD
binance:6582453078,2026-08-20,2026-08-19,settled,7.56,USD
binance:6582453079,2026-08-20,2026-08-19,settled,43.96,USD
binance:6582453087,2026-08-20,2026-08-19,settled,1236.40,USD
binance:6582453088,2026-08-20,2026-08-19,settled,755.58,USD
binance:6582453089,2026-08-20,2026-08-19,settled,618.20,USD
binance:6582453090,2026-08-20,2026-08-19,settled,618.20,USD
binance:6582453091,2026-08-20,2026-08-19,settled,206.07,USD
coinbase:1073147582,2026-08-20,2026-08-19,settled,64.86,USD
coinbase:1073147581,2026-08-20,2026-08-19,settled,5.86,USD
coinbase:1073147583,2026-08-20,2026-08-19,settled,1991.10,USD
coinbase:1073147584,2026-08-20,2026-08-19,settled,0.00,USD
kraken:105348496,2026-08-20,2026-08-19,settled,50.00,USD
kraken:105348497,2026-08-20,2026-08-19,settled,6.87,USD
kraken:105348498,2026-08-20,2026-08-19,settled,68.63,USD
kraken:105348499,2026-08-20,2026-08-19,settled,0.02,USD
binance:6582453092,2026-08-20,2026-08-19,settled,58.39,USD
binance:6582453093,2026-08-20,2026-08-19,settled,910.13,USD
binance:6582453095,2026-08-20,2026-08-19,settled,10409.82,USD
binance:6582453115,2026-08-20,2026-08-19,settled,38.47,USD
binance:6582453122,2026-08-20,2026-08-19,settled,10.99,USD
binance:6582453124,2026-08-20,2026-08-19,settled,11.68,USD
binance:6582453126,2026-08-20,2026-08-19,settled,10.99,USD
binance:6582453128,2026-08-20,2026-08-19,settled,12.36,USD
binance:6582453129,2026-08-20,2026-08-19,settled,6.18,USD
binance:6582453130,2026-08-20,2026-08-19,settled,5.50,USD
binance:6582453131,2026-08-20,2026-08-19,settled,16.49,USD
binance:6582453134,2026-08-20,2026-08-19,settled,1805.20,USD
binance:6582453136,2026-08-20,2026-08-19,settled,10.99,USD
binance:6582453138,2026-08-20,2026-08-19,settled,199.89,USD
binance:6582453139,2026-08-20,2026-08-19,settled,5.50,USD
binance:6582453140,2026-08-20,2026-08-19,settled,16.49,USD
binance:6582453143,2026-08-20,2026-08-19,settled,4002.65,USD
binance:6582453147,2026-08-20,2026-08-19,settled,10.99,USD
binance:6582453149,2026-08-20,2026-08-19,settled,11.68,USD
binance:6582453151,2026-08-20,2026-08-19,settled,315.99,USD
binance:6582453152,2026-08-20,2026-08-19,settled,5.50,USD
binance:6582453153,2026-08-20,2026-08-19,settled,16.49,USD
binance:6582453156,2026-08-20,2026-08-19,settled,276.15,USD
binance:6582453157,2026-08-20,2026-08-19,settled,8709.57,USD
coinbase:1073147585,2026-08-20,2026-08-19,settled,0.00,USD
coinbase:1073147586,2026-08-20,2026-08-19,settled,0.01,USD
coinbase:1073147587,2026-08-20,2026-08-19,settled,0.00,USD
coinbase:1073147590,2026-08-20,2026-08-19,settled,134.99,USD
coinbase:1073147589,2026-08-20,2026-08-19,settled,1.17,USD
coinbase:1073147588,2026-08-20,2026-08-19,settled,1.17,USD
coinbase:1073147591,2026-08-24,2026-08-22,settled,0.01,USD
coinbase:1073147592,2026-08-20,2026-08-19,settled,0.00,USD
binance:6582453158,2026-08-20,2026-08-19,settled,137.39,USD
coinbase:1073147593,2026-08-20,2026-08-19,settled,0.00,USD
coinbase:1073147594,2026-08-20,2026-08-19,settled,580.82,USD
kraken:105348500,2026-08-20,2026-08-19,settled,50.00,USD
kraken:105348501,2026-08-20,2026-08-19,settled,3.50,USD
kraken:105348502,2026-08-20,2026-08-20,settled,3.50,USD
kraken:105348503,2026-08-20,2026-08-19,settled,138.19,USD
binance:6582453159,2026-08-20,2026-08-19,settled,10.99,USD
coinbase:1073147595,2026-08-20,2026-08-19,settled,0.00,USD
kraken:105348504,2026-08-20,2026-08-19,settled,849.36,USD
coinbase:1073147596,2026-08-20,2026-08-19,settled,94.76,USD
coinbase:1073147597,2026-08-20,2026-08-19,settled,0.00,USD
coinbase:1073147601,2026-08-20,2026-08-19,settled,28.93,USD
coinbase:1073147600,2026-08-20,2026-08-19,settled,1.17,USD
coinbase:1073147599,2026-08-20,2026-08-19,settled,0.50,USD
coinbase:1073147598,2026-08-20,2026-08-19,settled,68.40,USD
coinbase:1073147602,2026-08-20,2026-08-19,settled,0.00,USD
coinbase:1073147603,2026-08-20,2026-08-19,settled,94.86,USD
binance:6582453160,2026-08-24,2026-08-21,settled,30.91,USD
coinbase:1073147604,2026-08-20,2026-08-19,settled,0.01,USD
coinbase:1073147607,2026-08-24,2026-08-22,settled,0.00,USD
binance:6582453161,2026-08-20,2026-08-19,settled,539.93,USD
coinbase:1073147608,2026-08-20,2026-08-19,settled,0.00,USD
coinbase:1073147609,2026-08-20,2026-08-19,settled,3.83,USD
binance:6582453162,2026-08-20,2026-08-19,settled,29.54,USD
binance:6582453163,2026-08-20,2026-08-19,settled,16.49,USD
coinbase:1073147612,2026-08-20,2026-08-19,settled,1413.23,USD
coinbase:1073147611,2026-08-20,2026-08-19,settled,9146.02,USD
coinbase:1073147610,2026-08-20,2026-08-19,settled,419.99,USD
coinbase:1073147613,2026-08-20,2026-08-19,settled,0.00,USD
binance:6582453164,2026-08-20,2026-08-19,settled,21.29,USD
coinbase:1073147614,2026-08-20,2026-08-19,settled,0.00,USD
binance:6582453165,2026-08-20,2026-08-19,settled,6.87,USD
binance:6582453166,2026-08-20,2026-08-19,settled,11.68,USD
binance:6582453167,2026-08-20,2026-08-19,settled,11251.89,USD
coinbase:1073147615,2026-08-20,2026-08-19,settled,75.04,USD
coinbase:1073147616,2026-08-20,2026-08-19,settled,0.00,USD
binance:6582453169,2026-08-20,2026-08-19,settled,18459.14,USD
kraken:105348505,2026-08-20,2026-08-19,settled,178.51,USD
coinbase:1073147617,2026-08-20,2026-08-19,settled,0.00,USD
coinbase:1073147618,2026-08-20,2026-08-21,settled,92.00,USD
coinbase:1073147619,2026-08-20,2026-08-19,settled,0.00,USD
coinbase:1073147620,2026-08-20,2026-08-19,settled,0.00,USD
coinbase:1073147621,2026-08-20,2026-08-19,settled,0.01,USD
coinbase:1073147622,2026-08-20,2026-08-19,settled,0.00,USD
binance:6582453173,2026-08-20,2026-08-19,settled,29991.29,USD
coinbase:1073147623,2026-08-20,2026-08-19,settled,0.00,USD
binance:6582453197,2026-08-20,2026-08-19,settled,260.35,USD
coinbase:1073147624,2026-08-20,2026-08-19,settled,0.00,USD
kraken:105348506,2026-08-20,2026-08-19,settled,466.30,USD
binance:6582453198,2026-08-20,2026-08-19,settled,208.83,USD
coinbase:1073147626,2026-08-20,2026-08-19,settled,32.67,USD
coinbase:1073147625,2026-08-20,2026-08-19,settled,10.03,USD
kraken:105348507,2026-08-20,2026-08-21,settled,48.77,USD
coinbase:1073147627,2026-08-20,2026-08-19,settled,0.00,USD
binance:6582453199,2026-08-20,2026-08-19,settled,2001.02,USD
binance:6582453203,2026-08-20,2026-08-19,settled,19.23,USD
binance:6582453204,2026-08-20,2026-08-19,settled,9671.95,USD
coinbase:1073147631,2026-08-20,2026-08-19,settled,5378.57,USD
coinbase:1073147630,2026-08-20,2026-08-19,settled,1000.00,USD
coinbase:1073147629,2026-08-20,2026-08-19,settled,1000.00,USD
coinbase:1073147628,2026-08-20,2026-08-19,settled,2059.82,USD
coinbase:1073147632,2026-08-20,2026-08-19,settled,1331.37,USD
coinbase:1073147633,2026-08-20,2026-08-19,settled,136.49,USD
binance:6582453217,2026-08-20,2026-08-19,settled,1014.59,USD
binance:6582453218,2026-08-20,2026-08-19,settled,255.54,USD
binance:6582453219,2026-08-20,2026-08-19,settled,30.91,USD
coinbase:1073147636,2026-08-20,2026-08-19,settled,2040.27,USD
coinbase:1073147635,2026-08-20,2026-08-19,settled,8273.84,USD
coinbase:1073147634,2026-08-20,2026-08-19,settled,200.44,USD
coinbase:1073147637,2026-08-20,2026-08-19,settled,19.61,USD
coinbase:1073147638,2026-08-20,2026-08-19,settled,0.00,USD
coinbase:1073147639,2026-08-20,2026-08-21,settled,0.00,USD
coinbase:1073147640,2026-08-20,2026-08-19,settled,954.43,USD
coinbase:1073147641,2026-08-20,2026-08-19,settled,39.39,USD
coinbase:1073147642,2026-08-20,2026-08-19,settled,0.01,USD
coinbase:1073147643,2026-08-20,2026-08-19,settled,0.00,USD
coinbase:1073147644,2026-08-20,2026-08-19,settled,0.01,USD
coinbase:1073147645,2026-08-20,2026-08-19,settled,0.00,USD
coinbase:1073147646,2026-08-20,2026-08-19,settled,0.00,USD
coinbase:1073147647,2026-08-20,2026-08-19,settled,0.00,USD
binance:6582453220,2026-08-20,2026-08-19,settled,52.89,USD
kraken:105348508,2026-08-20,2026-08-19,settled,42.02,USD
binance:6582453221,2026-08-20,2026-08-19,settled,501.46,USD
coinbase:1073147648,2026-08-20,2026-08-19,settled,0.00,USD
binance:6582453222,2026-08-20,2026-08-21,settled,599.69,USD
coinbase:1073147649,2026-08-20,2026-08-19,settled,37.83,USD
coinbase:1073147650,2026-08-20,2026-08-19,settled,0.00,USD
binance:6582453223,2026-08-20,2026-08-19,settled,1508.49,USD
binance:6582453224,2026-08-24,2026-08-22,settled,9.62,USD
coinbase:1073147651,2026-08-20,2026-08-19,settled,0.00,USD
binance:6582453225,2026-08-20,2026-08-19,settled,192.34,USD
coinbase:1073147653,2026-08-20,2026-08-19,settled,0.00,USD
coinbase:1073147655,2026-08-20,2026-08-19,settled,513.84,USD
binance:6582453226,2026-08-20,2026-08-19,settled,7.56,USD
binance:6582453227,2026-08-20,2026-08-19,settled,314.61,USD
coinbase:1073147656,2026-08-20,2026-08-19,settled,0.01,USD
coinbase:1073147657,2026-08-20,2026-08-19,settled,12.87,USD
coinbase:1073147658,2026-08-20,2026-08-19,settled,0.00,USD
coinbase:1073147660,2026-08-20,2026-08-19,settled,2301.66,USD
coinbase:1073147659,2026-08-20,2026-08-19,settled,7712.86,USD
binance:6582453228,2026-08-20,2026-08-19,settled,912.24,USD
binance:6582453229,2026-08-20,2026-08-19,settled,153.19,USD
binance:6582453230,2026-08-20,2026-08-19,settled,23.36,USD
coinbase:1073147661,2026-08-20,2026-08-19,settled,0.00,USD
coinbase:1073147662,2026-08-20,2026-08-19,settled,1433.83,USD
coinbase:1073147663,2026-08-20,2026-08-19,settled,0.00,USD
coinbase:1073147664,2026-08-20,2026-08-19,settled,12.56,USD
coinbase:1073147665,2026-08-20,2026-08-19,settled,0.00,USD
kraken:105348509,2026-08-20,2026-08-19,settled,7.98,USD
kraken:105348510,2026-08-20,2026-08-19,settled,12.46,USD
coinbase:1073147666,2026-08-20,2026-08-19,settled,0.01,USD
coinbase:1073147667,2026-08-20,2026-08-19,settled,0.00,USD
binance:6582453231,2026-08-20,2026-08-19,settled,6.87,USD
coinbase:1073147668,2026-08-20,2026-08-19,settled,0.01,USD
coinbase:1073147669,2026-08-20,2026-08-19,settled,0.00,USD
coinbase:1073147670,2026-08-20,2026-08-19,settled,10.33,USD
coinbase:1073147671,2026-08-20,2026-08-19,settled,0.00,USD
coinbase:1073147672,2026-08-20,2026-08-19,settled,0.00,USD
coinbase:1073147673,2026-08-20,2026-08-19,settled,0.00,USD
coinbase:1073147674,2026-08-20,2026-08-19,settled,0.00,USD
coinbase:1073147675,2026-08-20,2026-08-19,settled,0.00,USD
binance:6582453232,2026-08-20,2026-08-19,settled,10.99,USD
binance:6582453233,2026-08-20,2026-08-19,settled,137.39,USD
coinbase:1073147677,2026-08-24,2026-08-22,settled,117.56,USD
coinbase:1073147676,2026-08-24,2026-08-21,settled,7.95,USD
coinbase:1073147678,2026-08-20,2026-08-19,settled,0.01,USD
binance:6582453234,2026-08-20,2026-08-19,settled,68.69,USD
binance:6582453235,2026-08-20,2026-08-19,settled,10578.70,USD
coinbase:1073147679,2026-08-20,2026-08-19,settled,0.00,USD
coinbase:1073147680,2026-08-20,2026-08-19,settled,0.01,USD
coinbase:1073147681,2026-08-20,2026-08-19,settled,3.66,USD
binance:6582453254,2026-08-20,2026-08-19,settled,19.92,USD
coinbase:1073147682,2026-08-20,2026-08-19,settled,2375.06,USD
binance:6582453255,2026-08-20,2026-08-19,settled,249.36,USD
coinbase:1073147684,2026-08-20,2026-08-19,settled,0.01,USD
binance:6582453258,2026-08-20,2026-08-19,settled,331.10,USD
coinbase:1073147685,2026-08-20,2026-08-19,settled,0.00,USD
coinbase:1073147687,2026-08-20,2026-08-19,settled,2452.91,USD
coinbase:1073147686,2026-08-20,2026-08-19,settled,419.99,USD
coinbase:1073147688,2026-08-20,2026-08-19,settled,31.05,USD
coinbase:1073147689,2026-08-20,2026-08-19,settled,0.00,USD
binance:6582453259,2026-08-20,2026-08-19,settled,2105.44,USD
binance:6582453262,2026-08-20,2026-08-19,settled,48.08,USD
coinbase:1073147690,2026-08-20,2026-08-19,settled,0.00,USD
binance:6582453263,2026-08-20,2026-08-19,settled,6.18,USD
binance:6582453264,2026-08-20,2026-08-19,settled,6.87,USD
coinbase:1073147691,2026-08-20,2026-08-19,settled,0.00,USD
coinbase:1073147692,2026-08-20,2026-08-19,settled,0.00,USD
coinbase:1073147695,2026-08-20,2026-08-19,settled,3225.23,USD
coinbase:1073147694,2026-08-20,2026-08-19,settled,6969.14,USD
coinbase:1073147693,2026-08-20,2026-08-19,settled,388.95,USD
coinbase:1073147696,2026-08-20,2026-08-19,settled,39.97,USD
coinbase:1073147698,2026-08-20,2026-08-19,settled,112.91,USD
coinbase:1073147699,2026-08-20,2026-08-19,settled,97.79,USD
coinbase:1073147700,2026-08-20,2026-08-19,settled,39.84,USD
coinbase:1073147701,2026-08-20,2026-08-19,settled,45.35,USD
coinbase:1073147702,2026-08-20,2026-08-19,settled,11.79,USD
coinbase:1073147703,2026-08-20,2026-08-19,settled,96.75,USD
coinbase:1073147704,2026-08-20,2026-08-19,settled,65.10,USD
binance:6582453265,2026-08-24,2026-08-21,settled,9855.36,USD
coinbase:1073147705,2026-08-20,2026-08-19,settled,708.78,USD
coinbase:1073147706,2026-08-20,2026-08-19,settled,309.77,USD
coinbase:1073147707,2026-08-20,2026-08-19,settled,30.30,USD
coinbase:1073147708,2026-08-20,2026-08-19,settled,1035.02,USD
coinbase:1073147709,2026-08-20,2026-08-19,settled,564.59,USD
binance:6582453267,2026-08-20,2026-08-19,settled,151.12,USD
coinbase:1073147710,2026-08-20,2026-08-19,settled,15.03,USD
coinbase:1073147711,2026-08-20,2026-08-19,settled,1354.22,USD
coinbase:1073147713,2026-08-20,2026-08-19,settled,210.18,USD
coinbase:1073147714,2026-08-20,2026-08-19,settled,31.63,USD
coinbase:1073147715,2026-08-20,2026-08-19,settled,0.00,USD
coinbase:1073147717,2026-08-20,2026-08-19,settled,1000.50,USD
coinbase:1073147716,2026-08-20,2026-08-19,settled,9.43,USD
coinbase:1073147718,2026-08-20,2026-08-19,settled,0.00,USD
coinbase:1073147719,2026-08-21,2026-08-20,settled,0.00,USD
binance:6582453272,2026-08-20,2026-08-19,settled,8655.30,USD
binance:6582453284,2026-08-20,2026-08-19,settled,590.76,USD
binance:6582453287,2026-08-20,2026-08-19,settled,1000.85,USD
binance:6582453311,2026-08-20,2026-08-19,settled,49.46,USD
binance:6582453320,2026-08-20,2026-08-19,settled,5.50,USD
binance:6582453321,2026-08-20,2026-08-19,settled,51.52,USD
binance:6582453330,2026-08-20,2026-08-19,settled,10.99,USD
binance:6582453332,2026-08-20,2026-08-19,settled,10.99,USD
binance:6582453334,2026-08-20,2026-08-19,settled,16.49,USD
binance:6582453337,2026-08-20,2026-08-19,settled,39.84,USD
binance:6582453344,2026-08-20,2026-08-19,settled,16.49,USD
binance:6582453347,2026-08-20,2026-08-19,settled,56.33,USD
binance:6582453357,2026-08-20,2026-08-19,settled,16.49,USD
binance:6582453360,2026-08-20,2026-08-19,settled,16.49,USD
binance:6582453363,2026-08-20,2026-08-19,settled,5.50,USD
binance:6582453364,2026-08-20,2026-08-19,settled,5.50,USD
binance:6582453365,2026-08-20,2026-08-19,settled,21.98,USD
binance:6582453384,2026-08-20,2026-08-19,settled,1.37,USD
binance:6582453385,2026-08-20,2026-08-19,settled,32.97,USD
binance:6582453391,2026-08-20,2026-08-19,settled,5.50,USD
binance:6582453392,2026-08-20,2026-08-19,settled,15.11,USD
binance:6582453395,2026-08-20,2026-08-19,settled,35.72,USD
binance:6582453402,2026-08-20,2026-08-19,settled,5.50,USD
binance:6582453403,2026-08-20,2026-08-19,settled,16.49,USD
binance:6582453406,2026-08-20,2026-08-19,settled,28.85,USD
binance:6582453411,2026-08-20,2026-08-19,settled,32.97,USD
binance:6582453417,2026-08-20,2026-08-19,settled,5.49,USD
binance:6582453418,2026-08-20,2026-08-19,settled,27.47,USD
binance:6582453423,2026-08-20,2026-08-19,settled,68.69,USD
binance:6582453424,2026-08-20,2026-08-19,settled,56.32,USD
binance:6582453434,2026-08-20,2026-08-19,settled,16.48,USD
binance:6582453437,2026-08-20,2026-08-19,settled,16.48,USD
binance:6582453440,2026-08-20,2026-08-19,settled,48.77,USD
coinbase:1073147720,2026-08-20,2026-08-21,settled,87.77,USD
coinbase:1073147724,2026-08-20,2026-08-19,settled,3677.23,USD
coinbase:1073147723,2026-08-20,2026-08-19,settled,1.63,USD
coinbase:1073147722,2026-08-20,2026-08-19,settled,6968.69,USD
coinbase:1073147721,2026-08-20,2026-08-19,settled,332.22,USD
coinbase:1073147725,2026-08-20,2026-08-19,settled,3020.91,USD
coinbase:1073147727,2026-08-20,2026-08-19,settled,1.16,USD
coinbase:1073147726,2026-08-20,2026-08-19,settled,27630.36,USD
coinbase:1073147728,2026-08-20,2026-08-19,settled,420.00,USD
binance:6582453441,2026-08-20,2026-08-19,settled,95.47,USD
binance:6582453457,2026-08-20,2026-08-19,settled,27.47,USD
binance:6582453462,2026-08-20,2026-08-20,settled,10.99,USD
coinbase:1073147731,2026-08-20,2026-08-19,settled,684.17,USD
coinbase:1073147730,2026-08-20,2026-08-19,settled,1.17,USD
coinbase:1073147729,2026-08-20,2026-08-19,settled,1.17,USD
binance:6582453464,2026-08-20,2026-08-19,settled,17.17,USD
coinbase:1073147732,2026-08-20,2026-08-19,settled,0.00,USD
coinbase:1073147733,2026-08-20,2026-08-19,settled,0.00,USD
coinbase:1073147735,2026-08-20,2026-08-19,settled,101.73,USD
coinbase:1073147734,2026-08-20,2026-08-19,settled,420.01,USD
coinbase:1073147736,2026-08-20,2026-08-19,settled,0.00,USD
coinbase:1073147737,2026-08-20,2026-08-19,settled,0.01,USD
coinbase:1073147739,2026-08-20,2026-08-19,settled,1873.97,USD
coinbase:1073147738,2026-08-20,2026-08-19,settled,162.62,USD
binance:6582453465,2026-08-20,2026-08-19,settled,686.85,USD
binance:6582453467,2026-08-20,2026-08-19,settled,2747.41,USD
binance:6582453468,2026-08-20,2026-08-19,settled,1373.70,USD
binance:6582453472,2026-08-20,2026-08-19,settled,6.87,USD
binance:6582453474,2026-08-20,2026-08-19,settled,539.87,USD
binance:6582453475,2026-08-20,2026-08-19,settled,180.64,USD
binance:6582453496,2026-08-20,2026-08-19,settled,16.48,USD
binance:6582453499,2026-08-20,2026-08-19,settled,5.49,USD
binance:6582453500,2026-08-20,2026-08-19,settled,27.47,USD
binance:6582453505,2026-08-20,2026-08-19,settled,10.99,USD
binance:6582453507,2026-08-20,2026-08-19,settled,10.99,USD
binance:6582453509,2026-08-20,2026-08-19,settled,27.47,USD
binance:6582453514,2026-08-20,2026-08-19,settled,2163.63,USD
binance:6582453515,2026-08-24,2026-08-22,settled,375.03,USD
binance:6582453516,2026-08-20,2026-08-19,settled,65.94,USD
binance:6582453517,2026-08-20,2026-08-19,settled,197.13,USD
coinbase:1073147740,2026-08-20,2026-08-19,settled,0.00,USD
binance:6582453518,2026-08-20,2026-08-19,settled,2926.74,USD
binance:6582453532,2026-08-20,2026-08-19,settled,6.87,USD
binance:6582453534,2026-08-20,2026-08-19,settled,590.71,USD
binance:6582453535,2026-08-20,2026-08-19,settled,4516.15,USD
binance:6582453554,2026-08-20,2026-08-19,settled,21.98,USD
binance:6582453558,2026-08-20,2026-08-19,settled,38.46,USD
binance:6582453565,2026-08-20,2026-08-19,settled,6.87,USD
binance:6582453567,2026-08-20,2026-08-19,settled,4.12,USD
binance:6582453568,2026-08-20,2026-08-19,settled,5.50,USD
binance:6582453569,2026-08-20,2026-08-19,settled,16.49,USD
binance:6582453574,2026-08-20,2026-08-19,settled,38.47,USD
binance:6582453581,2026-08-20,2026-08-19,settled,16.49,USD
binance:6582453584,2026-08-20,2026-08-19,settled,3944.13,USD
binance:6582453586,2026-08-20,2026-08-19,settled,5.50,USD
binance:6582453587,2026-08-20,2026-08-19,settled,10.99,USD
binance:6582453589,2026-08-20,2026-08-19,settled,10.99,USD
binance:6582453591,2026-08-20,2026-08-19,settled,10.99,USD
binance:6582453593,2026-08-20,2026-08-19,settled,10.99,USD
binance:6582453595,2026-08-20,2026-08-19,settled,10.99,USD
binance:6582453597,2026-08-20,2026-08-19,settled,27.48,USD
binance:6582453602,2026-08-20,2026-08-19,settled,21.98,USD
binance:6582453606,2026-08-24,2026-08-21,settled,10.99,USD
binance:6582453608,2026-08-20,2026-08-19,settled,16.49,USD
binance:6582453611,2026-08-20,2026-08-19,settled,16.49,USD
binance:6582453614,2026-08-20,2026-08-19,settled,11.68,USD
binance:6582453616,2026-08-20,2026-08-19,settled,231.49,USD
binance:6582453620,2026-08-20,2026-08-19,settled,6.18,USD
binance:6582453621,2026-08-20,2026-08-19,settled,16.49,USD
binance:6582453624,2026-08-20,2026-08-19,settled,5.50,USD
binance:6582453625,2026-08-20,2026-08-19,settled,5.50,USD
binance:6582453626,2026-08-20,2026-08-19,settled,5.50,USD
binance:6582453627,2026-08-20,2026-08-19,settled,47.40,USD
binance:6582453628,2026-08-20,2026-08-19,settled,360.65,USD
binance:6582453630,2026-08-20,2026-08-19,settled,5.50,USD
binance:6582453631,2026-08-20,2026-08-19,settled,7.56,USD
binance:6582453632,2026-08-20,2026-08-19,settled,10.99,USD
binance:6582453634,2026-08-20,2026-08-19,settled,14.43,USD
binance:6582453635,2026-08-20,2026-08-19,settled,32.97,USD
binance:6582453636,2026-08-20,2026-08-19,settled,5.50,USD
binance:6582453637,2026-08-20,2026-08-19,settled,1589.59,USD
binance:6582453638,2026-08-20,2026-08-19,settled,56.33,USD
binance:6582453639,2026-08-20,2026-08-19,settled,22.67,USD
binance:6582453643,2026-08-20,2026-08-22,settled,16.49,USD
binance:6582453646,2026-08-20,2026-08-19,settled,21.98,USD
binance:6582453650,2026-08-20,2026-08-19,settled,1175.39,USD
binance:6582453651,2026-08-20,2026-08-19,settled,1233.78,USD
binance:6582453652,2026-08-20,2026-08-19,settled,755.65,USD
coinbase:1073147741,2026-08-20,2026-08-19,settled,0.01,USD
binance:6582453653,2026-08-20,2026-08-19,settled,442.40,USD
binance:6582453654,2026-08-20,2026-08-22,settled,13416.29,USD
binance:6582453663,2026-08-20,2026-08-19,settled,5.50,USD
binance:6582453664,2026-08-20,2026-08-19,settled,337.98,USD
binance:6582453665,2026-08-20,2026-08-19,settled,6.18,USD
binance:6582453666,2026-08-20,2026-08-19,settled,12.37,USD
binance:6582453667,2026-08-20,2026-08-19,settled,504.92,USD
binance:6582453669,2026-08-20,2026-08-19,settled,16.49,USD
binance:6582453672,2026-08-20,2026-08-19,settled,618.27,USD
binance:6582453673,2026-08-20,2026-08-19,settled,994.73,USD
binance:6582453674,2026-08-20,2026-08-19,settled,206.09,USD
coinbase:1073147742,2026-08-20,2026-08-19,settled,0.01,USD
coinbase:1073147745,2026-08-20,2026-08-19,settled,1.17,USD
coinbase:1073147744,2026-08-20,2026-08-19,settled,8000.00,USD
coinbase:1073147743,2026-08-20,2026-08-19,settled,2059.85,USD
coinbase:1073147746,2026-08-24,2026-08-22,settled,1991.25,USD
coinbase:1073147748,2026-08-20,2026-08-19,settled,4418.30,USD
coinbase:1073147747,2026-08-20,2026-08-19,settled,1.17,USD
coinbase:1073147753,2026-08-20,2026-08-19,settled,41038.82,USD
coinbase:1073147751,2026-08-20,2026-08-19,settled,162.67,USD
coinbase:1073147750,2026-08-24,2026-08-21,settled,1.17,USD
coinbase:1073147749,2026-08-20,2026-08-19,settled,1.17,USD
coinbase:1073147754,2026-08-20,2026-08-19,settled,27636.18,USD
coinbase:1073147758,2026-08-20,2026-08-19,settled,5241.54,USD
coinbase:1073147757,2026-08-20,2026-08-19,settled,1.17,USD
coinbase:1073147756,2026-08-20,2026-08-19,settled,142.18,USD
coinbase:1073147755,2026-08-20,2026-08-19,settled,1.17,USD
coinbase:1073147759,2026-08-20,2026-08-19,settled,954.60,USD
coinbase:1073147760,2026-08-20,2026-08-19,settled,1.17,USD
coinbase:1073147761,2026-08-20,2026-08-19,settled,1.17,USD
coinbase:1073147762,2026-08-20,2026-08-19,settled,1497.20,USD
coinbase:1073147764,2026-08-20,2026-08-19,settled,6970.08,USD
coinbase:1073147763,2026-08-20,2026-08-19,settled,419.97,USD
binance:6582453675,2026-08-20,2026-08-19,settled,20.61,USD
coinbase:1073147765,2026-08-20,2026-08-21,settled,0.00,USD
coinbase:1073147766,2026-08-20,2026-08-19,settled,0.00,USD
coinbase:1073147768,2026-08-20,2026-08-19,settled,0.00,USD
coinbase:1073147767,2026-08-20,2026-08-19,settled,419.99,USD
coinbase:1073147769,2026-08-20,2026-08-19,settled,6969.90,USD
coinbase:1073147770,2026-08-20,2026-08-19,settled,420.00,USD
coinbase:1073147771,2026-08-20,2026-08-19,settled,137.33,USD
coinbase:1073147772,2026-08-20,2026-08-19,settled,0.00,USD
binance:6582453676,2026-08-20,2026-08-19,settled,1000.23,USD
coinbase:1073147773,2026-08-20,2026-08-19,settled,9.90,USD
coinbase:1073147774,2026-08-20,2026-08-19,settled,0.01,USD
binance:6582453677,2026-08-20,2026-08-19,settled,127.78,USD
coinbase:1073147775,2026-08-20,2026-08-19,settled,48.59,USD
binance:6582453678,2026-08-20,2026-08-19,settled,485.69,USD
coinbase:1073147776,2026-08-20,2026-08-19,settled,9.90,USD
binance:6582453682,2026-08-20,2026-08-19,settled,19.24,USD
coinbase:1073147777,2026-08-20,2026-08-19,settled,0.00,USD
binance:6582453683,2026-08-20,2026-08-19,settled,3995.42,USD
coinbase:1073147778,2026-08-20,2026-08-19,settled,123.76,USD
coinbase:1073147779,2026-08-20,2026-08-19,settled,9900.69,USD
binance:6582453684,2026-08-20,2026-08-19,settled,6.87,USD
binance:6582453685,2026-08-20,2026-08-21,settled,380.58,USD
coinbase:1073147780,2026-08-20,2026-08-19,settled,0.00,USD
binance:6582453686,2026-08-20,2026-08-19,settled,1027.71,USD
binance:6582453687,2026-08-20,2026-08-19,settled,44.65,USD
coinbase:1073147781,2026-08-20,2026-08-19,settled,400.62,USD
coinbase:1073147782,2026-08-20,2026-08-19,settled,971.92,USD
coinbase:1073147783,2026-08-20,2026-08-19,settled,0.01,USD
coinbase:1073147784,2026-08-20,2026-08-19,settled,18.97,USD
binance:6582453688,2026-08-20,2026-08-19,settled,20.61,USD
binance:6582453689,2026-08-20,2026-08-19,settled,15.11,USD
coinbase:1073147785,2026-08-20,2026-08-19,settled,0.01,USD
coinbase:1073147786,2026-08-20,2026-08-19,settled,0.00,USD
coinbase:1073147787,2026-08-20,2026-08-19,settled,10566.30,USD
binance:6582453690,2026-08-20,2026-08-19,settled,60.45,USD
coinbase:1073147788,2026-08-20,2026-08-19,settled,0.00,USD
coinbase:1073147789,2026-08-20,2026-08-19,settled,16.53,USD
binance:6582453691,2026-08-20,2026-08-19,settled,6.87,USD
coinbase:1073147790,2026-08-20,2026-08-19,settled,0.00,USD
binance:6582453692,2026-08-20,2026-08-19,settled,2001.15,USD
binance:6582453693,2026-08-20,2026-08-19,settled,1263.34,USD
binance:6582453694,2026-08-20,2026-08-19,settled,17317.16,USD
coinbase:1073147791,2026-08-20,2026-08-19,settled,0.00,USD
coinbase:1073147794,2026-08-20,2026-08-19,settled,1393.90,USD
coinbase:1073147793,2026-08-20,2026-08-19,settled,7.95,USD
coinbase:1073147795,2026-08-20,2026-08-19,settled,3364.71,USD
coinbase:1073147796,2026-08-20,2026-08-19,settled,3364.71,USD
coinbase:1073147797,2026-08-20,2026-08-19,settled,1270.57,USD
coinbase:1073147798,2026-08-24,2026-08-21,settled,1991.38,USD
coinbase:1073147800,2026-08-20,2026-08-19,settled,1.17,USD
coinbase:1073147799,2026-08-20,2026-08-19,settled,1.17,USD
coinbase:1073147802,2026-08-20,2026-08-19,settled,1.17,USD
coinbase:1073147803,2026-08-20,2026-08-19,settled,419.96,USD
coinbase:1073147804,2026-08-20,2026-08-19,settled,419.96,USD
coinbase:1073147805,2026-08-20,2026-08-19,settled,419.96,USD
coinbase:1073147806,2026-08-20,2026-08-19,settled,419.96,USD
coinbase:1073147807,2026-08-20,2026-08-19,settled,419.96,USD
coinbase:1073147808,2026-08-20,2026-08-19,settled,420.00,USD
coinbase:1073147822,2026-08-20,2026-08-19,settled,1004.01,USD
coinbase:1073147821,2026-08-20,2026-08-19,settled,0.08,USD
coinbase:1073147820,2026-08-20,2026-08-19,settled,1.17,USD
coinbase:1073147819,2026-08-20,2026-08-19,settled,2747.55,USD
coinbase:1073147818,2026-08-20,2026-08-19,settled,1373.78,USD
coinbase:1073147817,2026-08-20,2026-08-19,settled,5001.80,USD
coinbase:1073147816,2026-08-20,2026-08-19,settled,914.21,USD
coinbase:1073147815,2026-08-20,2026-08-19,settled,11971.00,USD
coinbase:1073147814,2026-08-20,2026-08-19,settled,1.17,USD
coinbase:1073147813,2026-08-20,2026-08-19,settled,914.20,USD
coinbase:1073147812,2026-08-20,2026-08-19,settled,4987.83,USD
coinbase:1073147811,2026-08-20,2026-08-19,settled,729.20,USD
coinbase:1073147810,2026-08-20,2026-08-19,settled,11969.93,USD
coinbase:1073147809,2026-08-20,2026-08-19,settled,8000.00,USD
coinbase:1073147823,2026-08-20,2026-08-19,settled,3021.61,USD
coinbase:1073147824,2026-08-20,2026-08-19,settled,3021.58,USD
binance:6582453713,2026-08-20,2026-08-19,settled,9.62,USD
coinbase:1073147825,2026-08-20,2026-08-19,settled,0.01,USD
binance:6582453714,2026-08-20,2026-08-19,settled,50.15,USD
coinbase:1073147826,2026-08-20,2026-08-19,settled,0.00,USD
coinbase:1073147831,2026-08-20,2026-08-19,settled,1720.66,USD
coinbase:1073147830,2026-08-20,2026-08-19,settled,420.00,USD
coinbase:1073147829,2026-08-20,2026-08-19,settled,5665.46,USD
coinbase:1073147828,2026-08-20,2026-08-22,settled,2060.17,USD
coinbase:1073147827,2026-08-20,2026-08-19,settled,162.66,USD
coinbase:1073147832,2026-08-20,2026-08-19,settled,92.94,USD
coinbase:1073147833,2026-08-20,2026-08-19,settled,359.55,USD
coinbase:1073147834,2026-08-20,2026-08-19,settled,60.18,USD
coinbase:1073147835,2026-08-20,2026-08-19,settled,420.00,USD
coinbase:1073147836,2026-08-20,2026-08-19,settled,152.70,USD
coinbase:1073147837,2026-08-20,2026-08-19,settled,15.19,USD
coinbase:1073147838,2026-08-20,2026-08-19,settled,252.11,USD
coinbase:1073147839,2026-08-20,2026-08-19,settled,200.50,USD
coinbase:1073147840,2026-08-20,2026-08-19,settled,0.00,USD
coinbase:1073147841,2026-08-20,2026-08-19,settled,54.94,USD
binance:6582453715,2026-08-20,2026-08-19,settled,89.31,USD
coinbase:1073147843,2026-08-20,2026-08-19,settled,0.00,USD
binance:6582453717,2026-08-20,2026-08-20,settled,17.86,USD
coinbase:1073147845,2026-08-20,2026-08-19,settled,1996.40,USD
coinbase:1073147844,2026-08-20,2026-08-19,settled,200.49,USD
coinbase:1073147846,2026-08-20,2026-08-19,settled,0.01,USD
coinbase:1073147847,2026-08-20,2026-08-19,settled,0.00,USD
binance:6582453718,2026-08-20,2026-08-19,settled,225.33,USD
coinbase:1073147848,2026-08-20,2026-08-19,settled,0.00,USD
coinbase:1073147849,2026-08-20,2026-08-19,settled,0.00,USD
kraken:105348511,2026-08-24,2026-08-21,settled,250.26,USD
coinbase:1073147850,2026-08-20,2026-08-19,settled,0.01,USD
binance:6582453719,2026-08-20,2026-08-19,settled,10000.23,USD
binance:6582453721,2026-08-20,2026-08-19,settled,6.87,USD
coinbase:1073147853,2026-08-20,2026-08-19,settled,419.99,USD
coinbase:1073147852,2026-08-20,2026-08-19,settled,4793.17,USD
coinbase:1073147851,2026-08-20,2026-08-19,settled,100.24,USD
coinbase:1073147854,2026-08-20,2026-08-19,settled,1154.31,USD
coinbase:1073147855,2026-08-20,2026-08-19,settled,6869.63,USD
coinbase:1073147857,2026-08-20,2026-08-19,settled,2.66,USD
coinbase:1073147856,2026-08-20,2026-08-19,settled,419.99,USD
coinbase:1073147858,2026-08-20,2026-08-21,settled,0.00,USD
coinbase:1073147859,2026-08-20,2026-08-19,settled,0.00,USD
binance:6582453722,2026-08-20,2026-08-19,settled,4064.12,USD
coinbase:1073147861,2026-08-20,2026-08-19,settled,1760.70,USD
coinbase:1073147860,2026-08-20,2026-08-19,settled,1.17,USD
binance:6582453732,2026-08-20,2026-08-19,settled,1823.22,USD
coinbase:1073147862,2026-08-20,2026-08-19,settled,0.00,USD
binance:6582453733,2026-08-20,2026-08-19,settled,7.56,USD
binance:6582453734,2026-08-20,2026-08-19,settled,1017.40,USD
binance:6582453735,2026-08-20,2026-08-19,settled,409.43,USD
coinbase:1073147863,2026-08-20,2026-08-22,settled,0.01,USD
binance:6582453736,2026-08-20,2026-08-19,settled,83.12,USD
coinbase:1073147864,2026-08-20,2026-08-21,settled,0.00,USD
binance:6582453737,2026-08-20,2026-08-19,settled,5.50,USD
coinbase:1073147865,2026-08-20,2026-08-19,settled,979.37,USD
binance:6582453738,2026-08-20,2026-08-19,settled,27.48,USD
binance:6582453739,2026-08-20,2026-08-19,settled,6.87,USD
binance:6582453740,2026-08-20,2026-08-19,settled,12.37,USD
coinbase:1073147866,2026-08-20,2026-08-19,settled,0.01,USD
binance:6582453741,2026-08-20,2026-08-19,settled,999.54,USD
binance:6582453742,2026-08-20,2026-08-19,settled,192.35,USD
binance:6582453743,2026-08-20,2026-08-19,settled,171.06,USD
coinbase:1073147870,2026-08-24,2026-08-21,settled,1510.06,USD
coinbase:1073147869,2026-08-20,2026-08-19,settled,4.65,USD
coinbase:1073147868,2026-08-20,2026-08-19,settled,4353.18,USD
coinbase:1073147867,2026-08-20,2026-08-19,settled,100.23,USD
coinbase:1073147871,2026-08-20,2026-08-19,settled,37.75,USD
kraken:105348512,2026-08-20,2026-08-19,settled,56.20,USD
kraken:105348513,2026-08-20,2026-08-19,settled,6.87,USD
kraken:105348514,2026-08-20,2026-08-19,settled,50.00,USD
kraken:105348515,2026-08-20,2026-08-19,settled,3432.90,USD
kraken:105348516,2026-08-20,2026-08-19,settled,2590.23,USD
kraken:105348517,2026-08-20,2026-08-19,settled,3927.24,USD
kraken:105348518,2026-08-20,2026-08-19,settled,3651.61,USD
kraken:105348519,2026-08-20,2026-08-19,settled,8582.26,USD
kraken:105348520,2026-08-20,2026-08-19,settled,137.32,USD
kraken:105348521,2026-08-20,2026-08-19,settled,50000.06,USD
kraken:105348522,2026-08-20,2026-08-19,settled,99.97,USD
kraken:105348523,2026-08-20,2026-08-19,settled,10084.10,USD
kraken:105348524,2026-08-20,2026-08-19,settled,3.50,USD
kraken:105348525,2026-08-20,2026-08-19,settled,16.75,USD
kraken:105348526,2026-08-20,2026-08-19,settled,22.52,USD
kraken:105348527,2026-08-20,2026-08-19,settled,17158.33,USD
coinbase:1073147873,2026-08-20,2026-08-19,settled,728.64,USD
coinbase:1073147874,2026-08-20,2026-08-19,settled,0.00,USD
binance:6582453744,2026-08-20,2026-08-19,settled,36.41,USD
coinbase:1073147875,2026-08-20,2026-08-19,settled,0.02,USD
binance:6582453745,2026-08-20,2026-08-19,settled,236.32,USD
coinbase:1073147879,2026-08-20,2026-08-19,settled,9956.32,USD
coinbase:1073147878,2026-08-20,2026-08-19,settled,11966.12,USD
coinbase:1073147877,2026-08-20,2026-08-19,settled,4353.13,USD
coinbase:1073147876,2026-08-20,2026-08-19,settled,3021.10,USD
kraken:105348528,2026-08-20,2026-08-19,settled,25.00,USD
coinbase:1073147880,2026-08-20,2026-08-19,settled,0.00,USD
coinbase:1073147881,2026-08-20,2026-08-19,settled,0.01,USD
coinbase:1073147882,2026-08-20,2026-08-19,settled,28.49,USD
binance:6582453746,2026-08-20,2026-08-19,settled,23286.25,USD
binance:6582453782,2026-08-20,2026-08-19,settled,15.80,USD
binance:6582453785,2026-08-20,2026-08-19,settled,44.65,USD
binance:6582453794,2026-08-20,2026-08-19,settled,27.48,USD
binance:6582453799,2026-08-20,2026-08-19,settled,10.99,USD
binance:6582453802,2026-08-20,2026-08-19,settled,37.78,USD
binance:6582453808,2026-08-20,2026-08-19,settled,5.50,USD
binance:6582453814,2026-08-20,2026-08-19,settled,599.02,USD
binance:6582453819,2026-08-20,2026-08-19,settled,3995.29,USD
binance:6582453820,2026-08-20,2026-08-19,settled,41.22,USD
binance:6582453821,2026-08-20,2026-08-19,settled,200.59,USD
binance:6582453839,2026-08-20,2026-08-19,settled,21.98,USD
binance:6582453843,2026-08-20,2026-08-19,settled,463.00,USD
binance:6582453844,2026-08-20,2026-08-19,settled,2211.97,USD
binance:6582453846,2026-08-20,2026-08-19,settled,13.74,USD
binance:6582453847,2026-08-20,2026-08-19,settled,68.01,USD
binance:6582453859,2026-08-20,2026-08-19,settled,17.17,USD
binance:6582453862,2026-08-20,2026-08-19,settled,38.47,USD
binance:6582453869,2026-08-20,2026-08-19,settled,16.49,USD
binance:6582453872,2026-08-20,2026-08-19,settled,27.48,USD
binance:6582453877,2026-08-20,2026-08-19,settled,5.50,USD
binance:6582453878,2026-08-20,2026-08-19,settled,21.98,USD
binance:6582453882,2026-08-20,2026-08-19,settled,21.98,USD
binance:6582453888,2026-08-20,2026-08-19,settled,5.50,USD
binance:6582453889,2026-08-20,2026-08-19,settled,10.99,USD
binance:6582453891,2026-08-20,2026-08-19,settled,10.99,USD
binance:6582453893,2026-08-20,2026-08-19,settled,16.49,USD
binance:6582453896,2026-08-20,2026-08-19,settled,5.50,USD
binance:6582453897,2026-08-20,2026-08-20,settled,49.46,USD
coinbase:1073147883,2026-08-20,2026-08-19,settled,0.00,USD
kraken:105348529,2026-08-20,2026-08-19,settled,25.00,USD
kraken:105348530,2026-08-20,2026-08-19,settled,210.44,USD
binance:6582453908,2026-08-20,2026-08-19,settled,590.76,USD
binance:6582453938,2026-08-20,2026-08-19,settled,2042.24,USD
binance:6582453939,2026-08-20,2026-08-19,settled,44.65,USD
binance:6582453948,2026-08-20,2026-08-22,settled,5.50,USD
binance:6582453949,2026-08-20,2026-08-19,settled,27.48,USD
binance:6582453954,2026-08-20,2026-08-19,settled,10.99,USD
binance:6582453956,2026-08-20,2026-08-19,settled,10.99,USD
binance:6582453958,2026-08-20,2026-08-19,settled,16.49,USD
binance:6582453961,2026-08-20,2026-08-19,settled,1405.41,USD
binance:6582453980,2026-08-20,2026-08-19,settled,16.49,USD
binance:6582453986,2026-08-20,2026-08-19,settled,6.87,USD
binance:6582453988,2026-08-20,2026-08-19,settled,1371.06,USD
binance:6582454001,2026-08-20,2026-08-19,settled,21.98,USD
binance:6582454005,2026-08-24,2026-08-22,settled,21.98,USD
binance:6582454009,2026-08-20,2026-08-19,settled,5.50,USD
binance:6582454010,2026-08-20,2026-08-19,settled,12.36,USD
binance:6582454011,2026-08-20,2026-08-19,settled,5.50,USD
binance:6582454012,2026-08-20,2026-08-19,settled,5.50,USD
binance:6582454013,2026-08-20,2026-08-19,settled,10.99,USD
coinbase:1073147889,2026-08-20,2026-08-19,settled,0.08,USD
coinbase:1073147888,2026-08-20,2026-08-19,settled,0.24,USD
coinbase:1073147887,2026-08-20,2026-08-19,settled,686.55,USD
coinbase:1073147886,2026-08-20,2026-08-19,settled,0.08,USD
coinbase:1073147885,2026-08-20,2026-08-19,settled,1.17,USD
coinbase:1073147890,2026-08-20,2026-08-19,settled,0.00,USD
coinbase:1073147891,2026-08-20,2026-08-19,settled,0.01,USD
coinbase:1073147895,2026-08-24,2026-08-21,settled,0.08,USD
coinbase:1073147893,2026-08-20,2026-08-19,settled,4352.64,USD
coinbase:1073147892,2026-08-20,2026-08-19,settled,1.15,USD
coinbase:1073147896,2026-08-20,2026-08-19,settled,0.00,USD
binance:6582454014,2026-08-20,2026-08-19,settled,57.01,USD
coinbase:1073147897,2026-08-20,2026-08-19,settled,0.00,USD
binance:6582454015,2026-08-20,2026-08-19,settled,480.82,USD
coinbase:1073147898,2026-08-20,2026-08-19,settled,0.00,USD
binance:6582454017,2026-08-20,2026-08-19,settled,52.89,USD
coinbase:1073147899,2026-08-20,2026-08-19,settled,0.00,USD
binance:6582454018,2026-08-20,2026-08-19,settled,480.82,USD
coinbase:1073147900,2026-08-20,2026-08-19,settled,0.00,USD
coinbase:1073147901,2026-08-20,2026-08-19,settled,19.43,USD
binance:6582454019,2026-08-20,2026-08-19,settled,6.87,USD
binance:6582454021,2026-08-20,2026-08-21,settled,2083.32,USD
binance:6582454046,2026-08-20,2026-08-19,settled,43.96,USD
binance:6582454054,2026-08-20,2026-08-19,settled,16.48,USD
binance:6582454057,2026-08-20,2026-08-19,settled,4099.88,USD
binance:6582454059,2026-08-20,2026-08-19,settled,11.68,USD
binance:6582454061,2026-08-20,2026-08-19,settled,10.99,USD
binance:6582454063,2026-08-20,2026-08-19,settled,7.56,USD
binance:6582454064,2026-08-20,2026-08-19,settled,5.49,USD
binance:6582454065,2026-08-20,2026-08-19,settled,16.48,USD
binance:6582454068,2026-08-20,2026-08-19,settled,16.48,USD
binance:6582454071,2026-08-20,2026-08-19,settled,32.97,USD
binance:6582454072,2026-08-20,2026-08-19,settled,10.99,USD
binance:6582454074,2026-08-20,2026-08-19,settled,6.18,USD
binance:6582454075,2026-08-20,2026-08-19,settled,199.87,USD
binance:6582454076,2026-08-20,2026-08-19,settled,11.68,USD
binance:6582454078,2026-08-20,2026-08-19,settled,5.49,USD
binance:6582454079,2026-08-20,2026-08-19,settled,16.48,USD
binance:6582454082,2026-08-20,2026-08-19,settled,80.36,USD
binance:6582454089,2026-08-20,2026-08-19,settled,16.48,USD
binance:6582454092,2026-08-20,2026-08-19,settled,4714.37,USD
binance:6582454097,2026-08-20,2026-08-19,settled,5.49,USD
binance:6582454098,2026-08-20,2026-08-19,settled,5.49,USD
binance:6582454099,2026-08-20,2026-08-19,settled,3004.86,USD
binance:6582454101,2026-08-20,2026-08-19,settled,5.49,USD
binance:6582454102,2026-08-20,2026-08-19,settled,1804.97,USD
binance:6582454106,2026-08-20,2026-08-19,settled,5.49,USD
binance:6582454107,2026-08-20,2026-08-19,settled,5.49,USD
binance:6582454108,2026-08-20,2026-08-19,settled,6.18,USD
binance:6582454109,2026-08-20,2026-08-19,settled,0.69,USD
binance:6582454110,2026-08-20,2026-08-19,settled,32.28,USD
binance:6582454111,2026-08-20,2026-08-19,settled,5.49,USD
binance:6582454112,2026-08-20,2026-08-19,settled,5.49,USD
binance:6582454113,2026-08-20,2026-08-19,settled,6021.22,USD
binance:6582454115,2026-08-20,2026-08-19,settled,4297.34,USD
binance:6582454121,2026-08-20,2026-08-19,settled,5.49,USD
binance:6582454122,2026-08-20,2026-08-19,settled,11.68,USD
binance:6582454124,2026-08-24,2026-08-22,settled,5.49,USD
binance:6582454125,2026-08-20,2026-08-19,settled,11.68,USD
binance:6582454127,2026-08-20,2026-08-19,settled,1098.18,USD
binance:6582454128,2026-08-24,2026-08-22,settled,6.18,USD
binance:6582454129,2026-08-20,2026-08-19,settled,5.49,USD
binance:6582454130,2026-08-20,2026-08-21,settled,5.49,USD
binance:6582454131,2026-08-20,2026-08-19,settled,7.55,USD
binance:6582454132,2026-08-20,2026-08-19,settled,1990.98,USD
binance:6582454133,2026-08-20,2026-08-19,settled,1030.86,USD
binance:6582454134,2026-08-20,2026-08-19,settled,1853.62,USD
binance:6582454135,2026-08-20,2026-08-19,settled,6.87,USD
binance:6582454136,2026-08-20,2026-08-19,settled,1023.99,USD
binance:6582454137,2026-08-20,2026-08-19,settled,5.49,USD
binance:6582454138,2026-08-20,2026-08-19,settled,5.49,USD
binance:6582454139,2026-08-20,2026-08-19,settled,726.61,USD
binance:6582454140,2026-08-20,2026-08-19,settled,1883.13,USD
binance:6582454141,2026-08-20,2026-08-19,settled,906.54,USD
binance:6582454142,2026-08-20,2026-08-19,settled,968.35,USD
binance:6582454143,2026-08-20,2026-08-22,settled,597.49,USD
binance:6582454144,2026-08-20,2026-08-20,settled,192.30,USD
binance:6582454145,2026-08-20,2026-08-19,settled,2280.08,USD
binance:6582454146,2026-08-20,2026-08-19,settled,6.18,USD
binance:6582454147,2026-08-20,2026-08-19,settled,5.49,USD
binance:6582454148,2026-08-20,2026-08-19,settled,11.67,USD
binance:6582454150,2026-08-20,2026-08-22,settled,5.49,USD
binance:6582454151,2026-08-20,2026-08-19,settled,15002.93,USD
binance:6582454152,2026-08-20,2026-08-19,settled,9999.89,USD
binance:6582454153,2026-08-20,2026-08-19,settled,802.82,USD
binance:6582454154,2026-08-20,2026-08-19,settled,5.49,USD
binance:6582454155,2026-08-20,2026-08-19,settled,12.36,USD
binance:6582454156,2026-08-20,2026-08-19,settled,6.18,USD
binance:6582454157,2026-08-20,2026-08-19,settled,1083.01,USD
binance:6582454158,2026-08-20,2026-08-19,settled,131.86,USD
binance:6582454159,2026-08-20,2026-08-19,settled,5.49,USD
binance:6582454160,2026-08-20,2026-08-19,settled,10.30,USD
binance:6582454161,2026-08-20,2026-08-19,settled,2472.28,USD
binance:6582454163,2026-08-20,2026-08-19,settled,5.49,USD
binance:6582454164,2026-08-20,2026-08-19,settled,2609.61,USD
binance:6582454165,2026-08-20,2026-08-19,settled,2746.95,USD
binance:6582454166,2026-08-20,2026-08-19,settled,4669.82,USD
binance:6582454168,2026-08-20,2026-08-19,settled,9726.95,USD
binance:6582454169,2026-08-20,2026-08-19,settled,6.18,USD
binance:6582454170,2026-08-20,2026-08-19,settled,363.97,USD
binance:6582454173,2026-08-20,2026-08-19,settled,4.12,USD
binance:6582454174,2026-08-20,2026-08-19,settled,11.67,USD
binance:6582454176,2026-08-20,2026-08-19,settled,863.22,USD
binance:6582454177,2026-08-20,2026-08-19,settled,2306.73,USD
binance:6582454180,2026-08-20,2026-08-19,settled,5.49,USD
binance:6582454181,2026-08-20,2026-08-19,settled,1.37,USD
binance:6582454182,2026-08-20,2026-08-19,settled,128.42,USD
binance:6582454183,2026-08-20,2026-08-19,settled,6.18,USD
binance:6582454184,2026-08-20,2026-08-19,settled,799.35,USD
binance:6582454185,2026-08-20,2026-08-19,settled,5.49,USD
binance:6582454186,2026-08-20,2026-08-19,settled,99.57,USD
binance:6582454187,2026-08-20,2026-08-19,settled,10502.70,USD
binance:6582454188,2026-08-20,2026-08-19,settled,41.20,USD
binance:6582454189,2026-08-20,2026-08-19,settled,7.55,USD
binance:6582454190,2026-08-20,2026-08-19,settled,5.49,USD
binance:6582454191,2026-08-20,2026-08-19,settled,444.30,USD
binance:6582454192,2026-08-20,2026-08-19,settled,2027.83,USD
binance:6582454193,2026-08-20,2026-08-19,settled,17.17,USD
binance:6582454196,2026-08-20,2026-08-19,settled,6.18,USD
binance:6582454197,2026-08-20,2026-08-20,settled,5.49,USD
binance:6582454198,2026-08-20,2026-08-19,settled,11.67,USD
binance:6582454200,2026-08-20,2026-08-19,settled,804.11,USD
binance:6582454201,2026-08-20,2026-08-19,settled,5.49,USD
binance:6582454202,2026-08-20,2026-08-19,settled,12.36,USD
binance:6582454203,2026-08-20,2026-08-19,settled,1499.71,USD
binance:6582454204,2026-08-20,2026-08-19,settled,14.42,USD
binance:6582454205,2026-08-20,2026-08-19,settled,5.49,USD
binance:6582454206,2026-08-20,2026-08-19,settled,5.49,USD
binance:6582454207,2026-08-20,2026-08-19,settled,5.49,USD
binance:6582454208,2026-08-20,2026-08-19,settled,6.18,USD
binance:6582454209,2026-08-20,2026-08-19,settled,6.18,USD
binance:6582454210,2026-08-20,2026-08-19,settled,6.18,USD
binance:6582454211,2026-08-20,2026-08-19,settled,1054.02,USD
binance:6582454212,2026-08-20,2026-08-19,settled,457.31,USD
binance:6582454213,2026-08-20,2026-08-19,settled,5.49,USD
binance:6582454214,2026-08-20,2026-08-19,settled,9999.33,USD
binance:6582454215,2026-08-20,2026-08-19,settled,6.18,USD
binance:6582454216,2026-08-20,2026-08-19,settled,1383.61,USD
binance:6582454219,2026-08-20,2026-08-19,settled,5.49,USD
binance:6582454220,2026-08-20,2026-08-19,settled,171.66,USD
binance:6582454221,2026-08-20,2026-08-19,settled,8.24,USD
binance:6582454222,2026-08-20,2026-08-19,settled,7.55,USD
binance:6582454223,2026-08-20,2026-08-19,settled,5.49,USD
binance:6582454224,2026-08-20,2026-08-19,settled,5.49,USD
binance:6582454225,2026-08-20,2026-08-19,settled,5.49,USD
binance:6582454226,2026-08-20,2026-08-19,settled,6.18,USD
binance:6582454227,2026-08-20,2026-08-19,settled,11.67,USD
binance:6582454229,2026-08-20,2026-08-19,settled,6.18,USD
binance:6582454230,2026-08-24,2026-08-21,settled,5.49,USD
binance:6582454231,2026-08-20,2026-08-19,settled,12.36,USD
binance:6582454232,2026-08-20,2026-08-19,settled,1105.45,USD
binance:6582454233,2026-08-20,2026-08-19,settled,367.34,USD
binance:6582454234,2026-08-20,2026-08-19,settled,420.21,USD
binance:6582454235,2026-08-20,2026-08-19,settled,10.99,USD
binance:6582454237,2026-08-20,2026-08-19,settled,6.18,USD
binance:6582454239,2026-08-20,2026-08-19,settled,10.30,USD
binance:6582454241,2026-08-20,2026-08-19,settled,6.18,USD
binance:6582454242,2026-08-20,2026-08-19,settled,87.89,USD
binance:6582454258,2026-08-20,2026-08-19,settled,384.50,USD
binance:6582454259,2026-08-20,2026-08-19,settled,18.54,USD
binance:6582454261,2026-08-20,2026-08-19,settled,179.20,USD
binance:6582454262,2026-08-20,2026-08-19,settled,5.49,USD
binance:6582454263,2026-08-20,2026-08-19,settled,365.96,USD
binance:6582454272,2026-08-20,2026-08-19,settled,2609.09,USD
binance:6582454273,2026-08-20,2026-08-19,settled,5.49,USD
binance:6582454274,2026-08-20,2026-08-19,settled,2471.77,USD
binance:6582454275,2026-08-20,2026-08-19,settled,2471.77,USD
binance:6582454276,2026-08-24,2026-08-21,settled,5.49,USD
binance:6582454277,2026-08-20,2026-08-19,settled,6.18,USD
binance:6582454278,2026-08-20,2026-08-19,settled,6.18,USD
binance:6582454279,2026-08-20,2026-08-19,settled,5.49,USD
binance:6582454280,2026-08-20,2026-08-19,settled,6.18,USD
binance:6582454281,2026-08-20,2026-08-19,settled,5.49,USD
binance:6582454282,2026-08-24,2026-08-21,settled,274.63,USD
binance:6582454283,2026-08-20,2026-08-19,settled,2471.67,USD
binance:6582454284,2026-08-20,2026-08-19,settled,7.55,USD
binance:6582454285,2026-08-20,2026-08-19,settled,6.18,USD
binance:6582454286,2026-08-20,2026-08-19,settled,2746.28,USD
binance:6582454287,2026-08-20,2026-08-19,settled,2608.96,USD
binance:6582454288,2026-08-24,2026-08-22,settled,11.67,USD
binance:6582454290,2026-08-20,2026-08-19,settled,5.49,USD
binance:6582454291,2026-08-20,2026-08-19,settled,6.18,USD
binance:6582454292,2026-08-20,2026-08-19,settled,6.18,USD
binance:6582454293,2026-08-20,2026-08-19,settled,5.49,USD
binance:6582454294,2026-08-20,2026-08-19,settled,274.62,USD
binance:6582454295,2026-08-20,2026-08-19,settled,12.36,USD
binance:6582454296,2026-08-20,2026-08-19,settled,14.42,USD
binance:6582454297,2026-08-20,2026-08-19,settled,2907.49,USD
binance:6582454299,2026-08-20,2026-08-19,settled,105.04,USD
binance:6582454300,2026-08-20,2026-08-19,settled,343.27,USD
binance:6582454301,2026-08-20,2026-08-19,settled,56390.14,USD
binance:6582454302,2026-08-20,2026-08-19,settled,420.16,USD
binance:6582454303,2026-08-20,2026-08-19,settled,49.44,USD
binance:6582454312,2026-08-20,2026-08-19,settled,10.99,USD
binance:6582454314,2026-08-20,2026-08-19,settled,5.49,USD
binance:6582454315,2026-08-20,2026-08-19,settled,1075.91,USD
binance:6582454316,2026-08-20,2026-08-19,settled,5.49,USD
binance:6582454317,2026-08-20,2026-08-19,settled,5.49,USD
binance:6582454318,2026-08-20,2026-08-19,settled,280.79,USD
binance:6582454319,2026-08-20,2026-08-19,settled,5.49,USD
binance:6582454320,2026-08-20,2026-08-19,settled,361.81,USD
binance:6582454321,2026-08-20,2026-08-19,settled,5.49,USD
binance:6582454322,2026-08-20,2026-08-21,settled,10.99,USD
binance:6582454324,2026-08-20,2026-08-19,settled,409.18,USD
binance:6582454325,2026-08-20,2026-08-19,settled,352.88,USD
binance:6582454326,2026-08-20,2026-08-19,settled,367.99,USD
binance:6582454327,2026-08-20,2026-08-19,settled,5.49,USD
binance:6582454328,2026-08-20,2026-08-21,settled,974.98,USD
coinbase:1073147902,2026-08-20,2026-08-19,settled,0.00,USD
coinbase:1073147921,2026-08-20,2026-08-19,settled,92944.80,USD
coinbase:1073147920,2026-08-20,2026-08-19,settled,749.84,USD
coinbase:1073147919,2026-08-20,2026-08-19,settled,34323.00,USD
coinbase:1073147918,2026-08-24,2026-08-22,settled,4229.61,USD
coinbase:1073147917,2026-08-20,2026-08-19,settled,2092.55,USD
coinbase:1073147916,2026-08-20,2026-08-19,settled,1.50,USD
coinbase:1073147915,2026-08-20,2026-08-19,settled,1.17,USD
coinbase:1073147914,2026-08-20,2026-08-19,settled,19361.10,USD
coinbase:1073147913,2026-08-20,2026-08-20,settled,8841.24,USD
coinbase:1073147912,2026-08-20,2026-08-19,settled,913.71,USD
coinbase:1073147911,2026-08-20,2026-08-19,settled,1000.00,USD
coinbase:1073147910,2026-08-20,2026-08-19,settled,1000.00,USD
coinbase:1073147909,2026-08-20,2026-08-19,settled,499.62,USD
coinbase:1073147908,2026-08-20,2026-08-19,settled,1383.59,USD
coinbase:1073147907,2026-08-20,2026-08-19,settled,8196.47,USD
coinbase:1073147906,2026-08-20,2026-08-19,settled,1.17,USD
coinbase:1073147905,2026-08-20,2026-08-19,settled,57.18,USD
coinbase:1073147904,2026-08-20,2026-08-19,settled,4352.48,USD
coinbase:1073147903,2026-08-20,2026-08-19,settled,12158.11,USD
coinbase:1073147922,2026-08-20,2026-08-19,settled,2578.71,USD
coinbase:1073147946,2026-08-20,2026-08-19,settled,1.17,USD
coinbase:1073147945,2026-08-20,2026-08-19,settled,4260.09,USD
coinbase:1073147944,2026-08-20,2026-08-19,settled,1696.49,USD
coinbase:1073147943,2026-08-20,2026-08-19,settled,400.11,USD
coinbase:1073147942,2026-08-20,2026-08-19,settled,41985.58,USD
coinbase:1073147941,2026-08-20,2026-08-19,settled,101.21,USD
coinbase:1073147940,2026-08-20,2026-08-19,settled,686.30,USD
coinbase:1073147939,2026-08-20,2026-08-19,settled,4568.89,USD
coinbase:1073147938,2026-08-20,2026-08-19,settled,1.17,USD
coinbase:1073147937,2026-08-20,2026-08-19,settled,1601.86,USD
coinbase:1073147936,2026-08-20,2026-08-19,settled,749.65,USD
coinbase:1073147935,2026-08-20,2026-08-19,settled,2745.35,USD
coinbase:1073147934,2026-08-20,2026-08-19,settled,1.17,USD
coinbase:1073147933,2026-08-20,2026-08-19,settled,686.35,USD
coinbase:1073147932,2026-08-20,2026-08-19,settled,1372.71,USD
coinbase:1073147931,2026-08-20,2026-08-19,settled,150.00,USD
coinbase:1073147930,2026-08-20,2026-08-19,settled,1.17,USD
coinbase:1073147929,2026-08-20,2026-08-19,settled,2999.73,USD
coinbase:1073147928,2026-08-20,2026-08-19,settled,68640.00,USD
coinbase:1073147927,2026-08-20,2026-08-19,settled,686.40,USD
coinbase:1073147926,2026-08-20,2026-08-19,settled,12789.73,USD
coinbase:1073147925,2026-08-20,2026-08-19,settled,1.17,USD
coinbase:1073147924,2026-08-20,2026-08-19,settled,2361.81,USD
coinbase:1073147923,2026-08-20,2026-08-19,settled,1.17,USD
binance:6582454331,2026-08-20,2026-08-19,settled,572.63,USD
binance:6582454341,2026-08-20,2026-08-19,settled,5.49,USD
binance:6582454342,2026-08-20,2026-08-19,settled,16.48,USD
coinbase:1073147947,2026-08-20,2026-08-19,settled,499.60,USD
coinbase:1073147948,2026-08-20,2026-08-19,settled,9814.27,USD
coinbase:1073147949,2026-08-20,2026-08-19,settled,2287.43,USD
kraken:105348531,2026-08-20,2026-08-19,settled,50.00,USD
kraken:105348532,2026-08-20,2026-08-19,settled,68.66,USD
kraken:105348533,2026-08-20,2026-08-19,settled,1029.87,USD
kraken:105348534,2026-08-20,2026-08-19,settled,5355.32,USD
coinbase:1073147957,2026-08-20,2026-08-19,settled,16839.82,USD
coinbase:1073147956,2026-08-20,2026-08-19,settled,1.17,USD
coinbase:1073147955,2026-08-20,2026-08-19,settled,99.91,USD
coinbase:1073147954,2026-08-20,2026-08-19,settled,686.25,USD
coinbase:1073147953,2026-08-20,2026-08-19,settled,101.22,USD
coinbase:1073147952,2026-08-20,2026-08-19,settled,41985.41,USD
coinbase:1073147951,2026-08-20,2026-08-21,settled,2340.33,USD
coinbase:1073147950,2026-08-20,2026-08-19,settled,712.28,USD
coinbase:1073147959,2026-08-20,2026-08-19,settled,563.55,USD
coinbase:1073147958,2026-08-20,2026-08-19,settled,2456.06,USD
coinbase:1073147960,2026-08-20,2026-08-19,settled,1498.04,USD
binance:6582454345,2026-08-20,2026-08-19,settled,56.99,USD
coinbase:1073147961,2026-08-20,2026-08-19,settled,903.43,USD
coinbase:1073147963,2026-08-20,2026-08-19,settled,1062.03,USD
coinbase:1073147962,2026-08-20,2026-08-19,settled,730.24,USD
coinbase:1073147965,2026-08-20,2026-08-19,settled,13.69,USD
coinbase:1073147964,2026-08-20,2026-08-19,settled,2019.87,USD
coinbase:1073147966,2026-08-20,2026-08-19,settled,787.33,USD
coinbase:1073147967,2026-08-20,2026-08-19,settled,787.33,USD
coinbase:1073147968,2026-08-20,2026-08-19,settled,2488.60,USD
coinbase:1073147969,2026-08-20,2026-08-22,settled,100.89,USD
binance:6582454355,2026-08-20,2026-08-19,settled,28112.64,USD
binance:6582454372,2026-08-20,2026-08-19,settled,10.99,USD
binance:6582454379,2026-08-20,2026-08-19,settled,5.49,USD
binance:6582454380,2026-08-20,2026-08-19,settled,16.48,USD
binance:6582454383,2026-08-20,2026-08-19,settled,5.49,USD
binance:6582454384,2026-08-20,2026-08-19,settled,5.49,USD
binance:6582454385,2026-08-20,2026-08-19,settled,10.98,USD
kraken:105348535,2026-08-20,2026-08-19,settled,3.50,USD
kraken:105348536,2026-08-20,2026-08-19,settled,3.50,USD
kraken:105348537,2026-08-20,2026-08-22,settled,205.95,USD
kraken:105348538,2026-08-20,2026-08-19,settled,35.97,USD
kraken:105348540,2026-08-20,2026-08-19,settled,889.81,USD
kraken:105348541,2026-08-20,2026-08-19,settled,27459.20,USD
kraken:105348542,2026-08-20,2026-08-19,settled,3.50,USD
coinbase:1073147971,2026-08-20,2026-08-19,settled,3082.03,USD
coinbase:1073147970,2026-08-20,2026-08-19,settled,3075.32,USD
binance:6582454387,2026-08-20,2026-08-19,settled,1114.94,USD
binance:6582454397,2026-08-20,2026-08-19,settled,44.62,USD
binance:6582454405,2026-08-20,2026-08-19,settled,38.45,USD
binance:6582454415,2026-08-20,2026-08-19,settled,1373.06,USD
coinbase:1073147972,2026-08-20,2026-08-19,settled,3088.76,USD
binance:6582454416,2026-08-20,2026-08-19,settled,71.40,USD
binance:6582454429,2026-08-20,2026-08-19,settled,38.45,USD
binance:6582454436,2026-08-20,2026-08-19,settled,10.98,USD
binance:6582454438,2026-08-20,2026-08-19,settled,16.48,USD
binance:6582454441,2026-08-20,2026-08-19,settled,2660.29,USD
binance:6582454444,2026-08-20,2026-08-19,settled,21.97,USD
coinbase:1073147973,2026-08-20,2026-08-19,settled,3088.76,USD
binance:6582454448,2026-08-20,2026-08-19,settled,6.87,USD
kraken:105348543,2026-08-20,2026-08-19,settled,3.50,USD
coinbase:1073147976,2026-08-20,2026-08-19,settled,196.66,USD
coinbase:1073147975,2026-08-20,2026-08-19,settled,2885.23,USD
coinbase:1073147989,2026-08-20,2026-08-19,settled,499.65,USD
coinbase:1073147988,2026-08-20,2026-08-19,settled,728.76,USD
coinbase:1073147985,2026-08-24,2026-08-22,settled,420.02,USD
coinbase:1073147984,2026-08-20,2026-08-19,settled,3067.99,USD
coinbase:1073147983,2026-08-20,2026-08-19,settled,12155.07,USD
coinbase:1073147982,2026-08-20,2026-08-19,settled,2744.86,USD
coinbase:1073147981,2026-08-20,2026-08-19,settled,4921.95,USD
coinbase:1073147980,2026-08-20,2026-08-19,settled,4597.61,USD
coinbase:1073147979,2026-08-20,2026-08-19,settled,2058.86,USD
coinbase:1073147978,2026-08-20,2026-08-19,settled,1372.53,USD
coinbase:1073147977,2026-08-20,2026-08-19,settled,1372.45,USD
binance:6582454449,2026-08-20,2026-08-19,settled,203.90,USD
binance:6582454450,2026-08-20,2026-08-19,settled,2746.09,USD
binance:6582454451,2026-08-20,2026-08-19,settled,686.52,USD
binance:6582454452,2026-08-20,2026-08-19,settled,1373.05,USD
binance:6582454454,2026-08-20,2026-08-19,settled,686.52,USD
coinbase:1073147990,2026-08-20,2026-08-19,settled,0.01,USD
coinbase:1073147991,2026-08-20,2026-08-19,settled,12154.90,USD
coinbase:1073147993,2026-08-20,2026-08-19,settled,5014.27,USD
coinbase:1073147992,2026-08-20,2026-08-19,settled,63985.49,USD
binance:6582454455,2026-08-20,2026-08-21,settled,54.92,USD
binance:6582454461,2026-08-20,2026-08-19,settled,6.18,USD
binance:6582454462,2026-08-20,2026-08-19,settled,590.41,USD
binance:6582454464,2026-08-20,2026-08-19,settled,4185.73,USD
binance:6582454475,2026-08-20,2026-08-19,settled,10.98,USD
binance:6582454477,2026-08-20,2026-08-19,settled,21.97,USD
binance:6582454481,2026-08-20,2026-08-19,settled,5.49,USD
binance:6582454482,2026-08-20,2026-08-19,settled,10.98,USD
binance:6582454484,2026-08-20,2026-08-19,settled,27.46,USD
binance:6582454489,2026-08-20,2026-08-19,settled,5.49,USD
binance:6582454490,2026-08-20,2026-08-19,settled,10.99,USD
binance:6582454496,2026-08-24,2026-08-21,settled,236.87,USD
binance:6582454497,2026-08-20,2026-08-19,settled,38.45,USD
binance:6582454504,2026-08-20,2026-08-19,settled,54.93,USD
binance:6582454514,2026-08-20,2026-08-19,settled,5.49,USD
binance:6582454515,2026-08-20,2026-08-19,settled,10.99,USD
binance:6582454517,2026-08-20,2026-08-19,settled,7.55,USD
binance:6582454518,2026-08-20,2026-08-19,settled,27.46,USD
binance:6582454523,2026-08-20,2026-08-19,settled,10.99,USD
binance:6582454525,2026-08-20,2026-08-19,settled,16.48,USD
binance:6582454528,2026-08-20,2026-08-19,settled,44.63,USD
binance:6582454537,2026-08-20,2026-08-19,settled,5.49,USD
binance:6582454538,2026-08-20,2026-08-19,settled,17.17,USD
binance:6582454541,2026-08-20,2026-08-19,settled,10.99,USD
binance:6582454543,2026-08-20,2026-08-19,settled,27.46,USD
binance:6582454548,2026-08-20,2026-08-19,settled,12.36,USD
binance:6582454549,2026-08-20,2026-08-19,settled,5.49,USD
binance:6582454550,2026-08-20,2026-08-19,settled,32.96,USD
binance:6582454551,2026-08-20,2026-08-19,settled,32.96,USD
binance:6582454553,2026-08-20,2026-08-19,settled,10.99,USD
binance:6582454555,2026-08-20,2026-08-19,settled,5.49,USD
binance:6582454556,2026-08-20,2026-08-19,settled,10.99,USD
binance:6582454557,2026-08-20,2026-08-19,settled,122.91,USD
binance:6582454558,2026-08-20,2026-08-19,settled,274.66,USD
binance:6582454559,2026-08-20,2026-08-19,settled,499.88,USD
binance:6582454560,2026-08-20,2026-08-19,settled,18820.51,USD
binance:6582454561,2026-08-20,2026-08-19,settled,1279.92,USD
binance:6582454562,2026-08-20,2026-08-19,settled,405.13,USD
coinbase:1073147994,2026-08-20,2026-08-19,settled,5222.77,USD
coinbase:1073147995,2026-08-20,2026-08-19,settled,0.00,USD
coinbase:1073147996,2026-08-20,2026-08-19,settled,0.01,USD
coinbase:1073147998,2026-08-20,2026-08-19,settled,4351.42,USD
coinbase:1073147997,2026-08-20,2026-08-19,settled,2059.02,USD
binance:6582454563,2026-08-20,2026-08-19,settled,241.70,USD
coinbase:1073147999,2026-08-20,2026-08-19,settled,0.00,USD
coinbase:1073148002,2026-08-20,2026-08-19,settled,1.40,USD
coinbase:1073148001,2026-08-20,2026-08-19,settled,4351.39,USD
coinbase:1073148000,2026-08-20,2026-08-19,settled,3137.20,USD
coinbase:1073148003,2026-08-20,2026-08-19,settled,0.00,USD
coinbase:1073148004,2026-08-20,2026-08-19,settled,0.00,USD
binance:6582454564,2026-08-24,2026-08-22,settled,6.87,USD
coinbase:1073148005,2026-08-20,2026-08-19,settled,3150.88,USD
coinbase:1073148006,2026-08-20,2026-08-19,settled,1211.56,USD
coinbase:1073148010,2026-08-20,2026-08-19,settled,201.53,USD
coinbase:1073148009,2026-08-20,2026-08-19,settled,1730.29,USD
coinbase:1073148008,2026-08-20,2026-08-19,settled,100.19,USD
coinbase:1073148007,2026-08-20,2026-08-19,settled,1372.68,USD
coinbase:1073148011,2026-08-20,2026-08-19,settled,6371.51,USD
binance:6582454568,2026-08-20,2026-08-19,settled,17.17,USD
coinbase:1073148013,2026-08-20,2026-08-19,settled,2059.07,USD
coinbase:1073148012,2026-08-20,2026-08-19,settled,2059.07,USD
binance:6582454569,2026-08-20,2026-08-19,settled,102.31,USD
coinbase:1073148014,2026-08-20,2026-08-19,settled,420.01,USD
coinbase:1073148015,2026-08-20,2026-08-19,settled,521.66,USD
coinbase:1073148021,2026-08-20,2026-08-19,settled,1648.33,USD
coinbase:1073148020,2026-08-20,2026-08-19,settled,11664.99,USD
coinbase:1073148019,2026-08-20,2026-08-19,settled,2050.84,USD
coinbase:1073148018,2026-08-20,2026-08-19,settled,99.94,USD
coinbase:1073148017,2026-08-24,2026-08-22,settled,1.17,USD
coinbase:1073148016,2026-08-20,2026-08-19,settled,3.37,USD
coinbase:1073148022,2026-08-20,2026-08-19,settled,418.69,USD
binance:6582454570,2026-08-20,2026-08-19,settled,48468.19,USD
binance:6582454601,2026-08-20,2026-08-19,settled,10.99,USD
binance:6582454603,2026-08-20,2026-08-19,settled,7291.66,USD
binance:6582454606,2026-08-20,2026-08-19,settled,23316.96,USD
binance:6582454610,2026-08-20,2026-08-19,settled,1799.74,USD
binance:6582454611,2026-08-20,2026-08-19,settled,10.99,USD
binance:6582454613,2026-08-20,2026-08-19,settled,199.82,USD
binance:6582454614,2026-08-20,2026-08-19,settled,5.49,USD
binance:6582454615,2026-08-20,2026-08-19,settled,5.49,USD
binance:6582454616,2026-08-20,2026-08-19,settled,7.55,USD
coinbase:1073148023,2026-08-20,2026-08-19,settled,0.00,USD
binance:6582454617,2026-08-20,2026-08-19,settled,5493.38,USD
binance:6582454623,2026-08-20,2026-08-19,settled,1373.35,USD
binance:6582454625,2026-08-20,2026-08-19,settled,334.41,USD
binance:6582454630,2026-08-20,2026-08-19,settled,10.99,USD
binance:6582454632,2026-08-20,2026-08-19,settled,16.48,USD
binance:6582454635,2026-08-20,2026-08-19,settled,324.80,USD
binance:6582454636,2026-08-20,2026-08-19,settled,2746.71,USD
binance:6582454637,2026-08-20,2026-08-19,settled,590.54,USD
binance:6582454638,2026-08-20,2026-08-19,settled,295.27,USD
binance:6582454639,2026-08-20,2026-08-19,settled,83.77,USD
binance:6582454649,2026-08-20,2026-08-19,settled,16.48,USD
binance:6582454652,2026-08-20,2026-08-19,settled,10014.53,USD
binance:6582454655,2026-08-20,2026-08-21,settled,5.49,USD
binance:6582454656,2026-08-20,2026-08-19,settled,12.36,USD
binance:6582454657,2026-08-20,2026-08-19,settled,27.47,USD
binance:6582454662,2026-08-20,2026-08-19,settled,11.67,USD
binance:6582454664,2026-08-20,2026-08-19,settled,11.67,USD
binance:6582454666,2026-08-20,2026-08-19,settled,45.32,USD
binance:6582454674,2026-08-20,2026-08-19,settled,16.48,USD
binance:6582454677,2026-08-20,2026-08-19,settled,46.01,USD
binance:6582454685,2026-08-20,2026-08-19,settled,10.99,USD
binance:6582454687,2026-08-20,2026-08-19,settled,17485.38,USD
binance:6582454696,2026-08-20,2026-08-19,settled,40.52,USD
binance:6582454703,2026-08-20,2026-08-19,settled,10.99,USD
binance:6582454705,2026-08-20,2026-08-21,settled,16.48,USD
binance:6582454708,2026-08-20,2026-08-19,settled,15.80,USD
binance:6582454709,2026-08-20,2026-08-19,settled,1373.50,USD
binance:6582454716,2026-08-20,2026-08-19,settled,137.35,USD
coinbase:1073148025,2026-08-20,2026-08-19,settled,0.00,USD
binance:6582454717,2026-08-20,2026-08-19,settled,2060.25,USD
binance:6582454718,2026-08-20,2026-08-19,settled,521.93,USD
kraken:105348544,2026-08-20,2026-08-19,settled,68.63,USD
kraken:105348545,2026-08-20,2026-08-19,settled,6.86,USD
kraken:105348546,2026-08-20,2026-08-19,settled,68.63,USD
kraken:105348547,2026-08-20,2026-08-19,settled,50.00,USD
kraken:105348548,2026-08-24,2026-08-21,settled,25.19,USD
kraken:105348549,2026-08-20,2026-08-21,settled,12.09,USD
kraken:105348550,2026-08-20,2026-08-19,settled,344.56,USD
binance:6582454719,2026-08-20,2026-08-19,settled,18.54,USD
coinbase:1073148026,2026-08-20,2026-08-19,settled,0.00,USD
coinbase:1073148027,2026-08-20,2026-08-19,settled,0.00,USD
binance:6582454720,2026-08-20,2026-08-19,settled,68.67,USD
binance:6582454725,2026-08-20,2026-08-19,settled,1098.80,USD
binance:6582454726,2026-08-20,2026-08-19,settled,2678.32,USD
binance:6582454727,2026-08-20,2026-08-19,settled,1236.15,USD
binance:6582454735,2026-08-20,2026-08-19,settled,618.07,USD
binance:6582454736,2026-08-20,2026-08-19,settled,755.42,USD
binance:6582454737,2026-08-20,2026-08-19,settled,206.02,USD
binance:6582454738,2026-08-20,2026-08-19,settled,182.68,USD
binance:6582454739,2026-08-20,2026-08-19,settled,97.52,USD
coinbase:1073148028,2026-08-24,2026-08-21,settled,0.01,USD
binance:6582454740,2026-08-20,2026-08-19,settled,10.30,USD
binance:6582454741,2026-08-20,2026-08-19,settled,8.24,USD
binance:6582454742,2026-08-20,2026-08-19,settled,30.22,USD
binance:6582454743,2026-08-20,2026-08-19,settled,18.54,USD
binance:6582454744,2026-08-20,2026-08-19,settled,244.48,USD
coinbase:1073148029,2026-08-20,2026-08-19,settled,0.00,USD
binance:6582454746,2026-08-20,2026-08-19,settled,1304.82,USD
binance:6582454747,2026-08-20,2026-08-19,settled,1373.50,USD
binance:6582454748,2026-08-20,2026-08-19,settled,21.29,USD
binance:6582454749,2026-08-20,2026-08-19,settled,5493.99,USD
binance:6582454750,2026-08-20,2026-08-19,settled,755.42,USD
binance:6582454751,2026-08-20,2026-08-19,settled,1236.15,USD
binance:6582454752,2026-08-20,2026-08-19,settled,755.42,USD
binance:6582454753,2026-08-20,2026-08-19,settled,618.07,USD
binance:6582454754,2026-08-20,2026-08-19,settled,350.24,USD
binance:6582454755,2026-08-20,2026-08-22,settled,206.02,USD
binance:6582454756,2026-08-20,2026-08-19,settled,6.87,USD
binance:6582454757,2026-08-20,2026-08-19,settled,487.59,USD
coinbase:1073148030,2026-08-20,2026-08-19,settled,0.00,USD
coinbase:1073148031,2026-08-20,2026-08-19,settled,2433.51,USD
binance:6582454758,2026-08-20,2026-08-19,settled,19.23,USD
coinbase:1073148032,2026-08-20,2026-08-19,settled,0.00,USD
binance:6582454759,2026-08-20,2026-08-19,settled,17.17,USD
coinbase:1073148033,2026-08-20,2026-08-19,settled,0.00,USD
binance:6582454760,2026-08-20,2026-08-19,settled,5.49,USD
binance:6582454761,2026-08-20,2026-08-19,settled,6180.74,USD
binance:6582454762,2026-08-20,2026-08-19,settled,3740.04,USD
binance:6582454789,2026-08-20,2026-08-19,settled,32.96,USD
binance:6582454795,2026-08-20,2026-08-19,settled,16.48,USD
binance:6582454798,2026-08-20,2026-08-19,settled,1704.53,USD
binance:6582454799,2026-08-20,2026-08-19,settled,1286.29,USD
binance:6582454800,2026-08-20,2026-08-19,settled,12.36,USD
binance:6582454801,2026-08-20,2026-08-19,settled,11.67,USD
binance:6582454803,2026-08-20,2026-08-19,settled,5.49,USD
binance:6582454804,2026-08-20,2026-08-19,settled,10.99,USD
binance:6582454806,2026-08-20,2026-08-19,settled,16.48,USD
binance:6582454809,2026-08-20,2026-08-19,settled,3901.56,USD
binance:6582454812,2026-08-20,2026-08-19,settled,5.49,USD
binance:6582454813,2026-08-20,2026-08-19,settled,20.60,USD
binance:6582454814,2026-08-20,2026-08-19,settled,6.18,USD
binance:6582454815,2026-08-20,2026-08-19,settled,10.99,USD
binance:6582454817,2026-08-20,2026-08-19,settled,5.49,USD
binance:6582454818,2026-08-24,2026-08-22,settled,16.48,USD
binance:6582454821,2026-08-20,2026-08-19,settled,184.06,USD
binance:6582454822,2026-08-20,2026-08-19,settled,1615.36,USD
binance:6582454823,2026-08-20,2026-08-19,settled,199.86,USD
binance:6582454827,2026-08-20,2026-08-19,settled,3662.73,USD
binance:6582454828,2026-08-20,2026-08-19,settled,6.18,USD
coinbase:1073148034,2026-08-20,2026-08-19,settled,0.00,USD
binance:6582454830,2026-08-20,2026-08-19,settled,1236.25,USD
binance:6582454840,2026-08-24,2026-08-22,settled,755.49,USD
binance:6582454841,2026-08-20,2026-08-19,settled,618.12,USD
binance:6582454842,2026-08-20,2026-08-19,settled,206.04,USD
coinbase:1073148035,2026-08-20,2026-08-19,settled,0.00,USD
binance:6582454843,2026-08-20,2026-08-19,settled,118.82,USD
coinbase:1073148036,2026-08-20,2026-08-19,settled,0.00,USD
coinbase:1073148037,2026-08-20,2026-08-19,settled,0.00,USD
binance:6582454844,2026-08-20,2026-08-19,settled,39.83,USD
coinbase:1073148038,2026-08-20,2026-08-19,settled,0.00,USD
binance:6582454845,2026-08-20,2026-08-19,settled,52.20,USD
binance:6582454846,2026-08-20,2026-08-19,settled,2000.66,USD
binance:6582454847,2026-08-20,2026-08-19,settled,13.74,USD
binance:6582454848,2026-08-20,2026-08-19,settled,2733.48,USD
binance:6582454849,2026-08-20,2026-08-19,settled,59.75,USD
coinbase:1073148039,2026-08-20,2026-08-19,settled,0.00,USD
binance:6582454850,2026-08-20,2026-08-19,settled,618.12,USD
binance:6582454851,2026-08-20,2026-08-19,settled,755.49,USD
coinbase:1073148040,2026-08-20,2026-08-19,settled,0.00,USD
binance:6582454852,2026-08-20,2026-08-19,settled,206.04,USD
binance:6582454853,2026-08-20,2026-08-19,settled,1923.05,USD
binance:6582454854,2026-08-20,2026-08-19,settled,618.12,USD
binance:6582454855,2026-08-20,2026-08-19,settled,1236.25,USD
binance:6582454856,2026-08-20,2026-08-19,settled,412.08,USD
binance:6582454857,2026-08-20,2026-08-19,settled,2060.41,USD
coinbase:1073148041,2026-08-20,2026-08-19,settled,0.00,USD
coinbase:1073148042,2026-08-20,2026-08-19,settled,0.00,USD
binance:6582454858,2026-08-20,2026-08-19,settled,807.68,USD
binance:6582454859,2026-08-20,2026-08-19,settled,7966.93,USD
coinbase:1073148043,2026-08-20,2026-08-19,settled,0.00,USD
binance:6582454873,2026-08-20,2026-08-19,settled,201.92,USD
binance:6582454884,2026-08-20,2026-08-19,settled,618.12,USD
binance:6582454885,2026-08-20,2026-08-19,settled,755.49,USD
binance:6582454886,2026-08-20,2026-08-19,settled,1762.34,USD
binance:6582454901,2026-08-20,2026-08-19,settled,32.97,USD
binance:6582454907,2026-08-20,2026-08-19,settled,16.48,USD
binance:6582454910,2026-08-24,2026-08-21,settled,248.63,USD
coinbase:1073148044,2026-08-20,2026-08-19,settled,0.00,USD
binance:6582454911,2026-08-24,2026-08-21,settled,2060.43,USD
binance:6582454922,2026-08-20,2026-08-19,settled,4045.31,USD
binance:6582454936,2026-08-20,2026-08-19,settled,33.65,USD
binance:6582454942,2026-08-20,2026-08-19,settled,5.49,USD
binance:6582454943,2026-08-20,2026-08-19,settled,16.48,USD
binance:6582454946,2026-08-20,2026-08-19,settled,19.92,USD
binance:6582454947,2026-08-20,2026-08-19,settled,68.68,USD
binance:6582454948,2026-08-20,2026-08-19,settled,1304.97,USD
binance:6582454963,2026-08-20,2026-08-19,settled,10989.19,USD
binance:6582454967,2026-08-20,2026-08-19,settled,1236.28,USD
binance:6582454968,2026-08-20,2026-08-19,settled,618.14,USD
binance:6582454969,2026-08-20,2026-08-19,settled,206.05,USD
coinbase:1073148045,2026-08-20,2026-08-19,settled,0.02,USD
binance:6582454970,2026-08-24,2026-08-21,settled,78.30,USD
binance:6582454971,2026-08-20,2026-08-19,settled,2884.66,USD
binance:6582454972,2026-08-20,2026-08-19,settled,480.78,USD
binance:6582454973,2026-08-24,2026-08-22,settled,480.78,USD
coinbase:1073148048,2026-08-20,2026-08-19,settled,192.05,USD
coinbase:1073148047,2026-08-20,2026-08-19,settled,1.17,USD
coinbase:1073148046,2026-08-20,2026-08-19,settled,1.16,USD
binance:6582454974,2026-08-20,2026-08-19,settled,274.73,USD
binance:6582454975,2026-08-20,2026-08-19,settled,2335.20,USD
binance:6582454976,2026-08-20,2026-08-19,settled,618.14,USD
coinbase:1073148051,2026-08-20,2026-08-19,settled,75.00,USD
coinbase:1073148050,2026-08-20,2026-08-19,settled,1743.91,USD
coinbase:1073148049,2026-08-20,2026-08-19,settled,100.23,USD
coinbase:1073148052,2026-08-20,2026-08-19,settled,5000.54,USD
coinbase:1073148053,2026-08-20,2026-08-19,settled,75.00,USD
coinbase:1073148054,2026-08-20,2026-08-19,settled,5000.54,USD
coinbase:1073148055,2026-08-20,2026-08-19,settled,733.36,USD
coinbase:1073148056,2026-08-20,2026-08-19,settled,0.00,USD
coinbase:1073148057,2026-08-20,2026-08-22,settled,0.00,USD
coinbase:1073148059,2026-08-20,2026-08-19,settled,420.00,USD
coinbase:1073148058,2026-08-20,2026-08-19,settled,75.00,USD
coinbase:1073148060,2026-08-20,2026-08-19,settled,0.00,USD
coinbase:1073148061,2026-08-20,2026-08-19,settled,419.99,USD
coinbase:1073148062,2026-08-20,2026-08-19,settled,2022.34,USD
coinbase:1073148063,2026-08-24,2026-08-21,settled,10.71,USD
coinbase:1073148065,2026-08-20,2026-08-19,settled,13.54,USD
coinbase:1073148066,2026-08-20,2026-08-21,settled,18.25,USD
coinbase:1073148067,2026-08-20,2026-08-19,settled,38.52,USD
coinbase:1073148068,2026-08-20,2026-08-19,settled,69.53,USD
coinbase:1073148069,2026-08-20,2026-08-19,settled,10.43,USD
coinbase:1073148070,2026-08-20,2026-08-19,settled,28.45,USD
coinbase:1073148071,2026-08-20,2026-08-19,settled,37.96,USD
coinbase:1073148072,2026-08-20,2026-08-19,settled,48.38,USD
coinbase:1073148073,2026-08-20,2026-08-19,settled,22.77,USD
coinbase:1073148074,2026-08-20,2026-08-19,settled,27.14,USD
coinbase:1073148075,2026-08-20,2026-08-19,settled,121.56,USD
coinbase:1073148076,2026-08-20,2026-08-19,settled,17.46,USD
coinbase:1073148077,2026-08-20,2026-08-19,settled,57.92,USD
coinbase:1073148078,2026-08-20,2026-08-19,settled,13.79,USD
coinbase:1073148079,2026-08-20,2026-08-19,settled,44.66,USD
coinbase:1073148080,2026-08-20,2026-08-19,settled,49.82,USD
coinbase:1073148081,2026-08-20,2026-08-19,settled,0.00,USD
coinbase:1073148082,2026-08-20,2026-08-19,settled,0.01,USD
binance:6582454977,2026-08-20,2026-08-19,settled,1999.34,USD
coinbase:1073148083,2026-08-20,2026-08-19,settled,0.00,USD
binance:6582454978,2026-08-20,2026-08-19,settled,11.68,USD
binance:6582454979,2026-08-20,2026-08-19,settled,49.45,USD
binance:6582454980,2026-08-20,2026-08-19,settled,14770.15,USD
coinbase:1073148084,2026-08-20,2026-08-19,settled,5.05,USD
coinbase:1073148086,2026-08-20,2026-08-19,settled,0.00,USD
coinbase:1073148088,2026-08-20,2026-08-19,settled,2554.53,USD
coinbase:1073148087,2026-08-20,2026-08-19,settled,1859.33,USD
binance:6582455000,2026-08-20,2026-08-19,settled,990.40,USD
coinbase:1073148093,2026-08-20,2026-08-19,settled,104.98,USD
coinbase:1073148092,2026-08-20,2026-08-19,settled,419.99,USD
coinbase:1073148091,2026-08-20,2026-08-19,settled,1.57,USD
coinbase:1073148090,2026-08-20,2026-08-19,settled,63.36,USD
coinbase:1073148089,2026-08-24,2026-08-21,settled,419.99,USD
coinbase:1073148095,2026-08-20,2026-08-19,settled,1743.78,USD
coinbase:1073148094,2026-08-20,2026-08-19,settled,200.46,USD
binance:6582455014,2026-08-20,2026-08-19,settled,22066.97,USD
binance:6582455016,2026-08-20,2026-08-19,settled,20.60,USD
coinbase:1073148096,2026-08-20,2026-08-19,settled,0.00,USD
coinbase:1073148097,2026-08-20,2026-08-19,settled,0.00,USD
binance:6582455017,2026-08-20,2026-08-19,settled,1098.92,USD
binance:6582455018,2026-08-20,2026-08-19,settled,443.69,USD
binance:6582455037,2026-08-20,2026-08-19,settled,49.45,USD
binance:6582455046,2026-08-20,2026-08-19,settled,10.99,USD
binance:6582455048,2026-08-20,2026-08-19,settled,5.49,USD
binance:6582455049,2026-08-20,2026-08-19,settled,16.48,USD
binance:6582455052,2026-08-20,2026-08-19,settled,92.03,USD
binance:6582455053,2026-08-20,2026-08-19,settled,755.51,USD
binance:6582455054,2026-08-20,2026-08-19,settled,618.14,USD
binance:6582455055,2026-08-20,2026-08-19,settled,206.05,USD
coinbase:1073148098,2026-08-20,2026-08-19,settled,0.01,USD
kraken:105348551,2026-08-20,2026-08-19,settled,64.33,USD
coinbase:1073148099,2026-08-20,2026-08-19,settled,0.02,USD
coinbase:1073148102,2026-08-20,2026-08-19,settled,1743.97,USD
coinbase:1073148101,2026-08-20,2026-08-19,settled,420.00,USD
coinbase:1073148100,2026-08-20,2026-08-19,settled,75.00,USD
binance:6582455071,2026-08-20,2026-08-19,settled,17.17,USD
binance:6582455072,2026-08-20,2026-08-19,settled,1465.00,USD
binance:6582455090,2026-08-20,2026-08-19,settled,60.44,USD
binance:6582455101,2026-08-20,2026-08-19,settled,466.35,USD
binance:6582455103,2026-08-20,2026-08-19,settled,2060.48,USD
binance:6582455104,2026-08-20,2026-08-19,settled,343.41,USD
binance:6582455105,2026-08-20,2026-08-19,settled,1236.29,USD
coinbase:1073148105,2026-08-20,2026-08-19,settled,273.67,USD
coinbase:1073148104,2026-08-20,2026-08-19,settled,1578.08,USD
coinbase:1073148103,2026-08-21,2026-08-20,settled,100.23,USD
binance:6582455106,2026-08-20,2026-08-19,settled,436.13,USD
coinbase:1073148107,2026-08-20,2026-08-19,settled,8262.44,USD
coinbase:1073148106,2026-08-24,2026-08-22,settled,420.00,USD
coinbase:1073148109,2026-08-20,2026-08-19,settled,1430.74,USD
coinbase:1073148108,2026-08-20,2026-08-19,settled,420.00,USD
binance:6582455107,2026-08-20,2026-08-19,settled,1210.87,USD
binance:6582455140,2026-08-20,2026-08-19,settled,49.45,USD
binance:6582455149,2026-08-20,2026-08-19,settled,16.48,USD
binance:6582455152,2026-08-20,2026-08-19,settled,1372.97,USD
binance:6582455156,2026-08-20,2026-08-19,settled,21.98,USD
binance:6582455160,2026-08-20,2026-08-19,settled,16.48,USD
binance:6582455163,2026-08-20,2026-08-19,settled,1799.49,USD
binance:6582455164,2026-08-20,2026-08-19,settled,6.18,USD
binance:6582455165,2026-08-20,2026-08-19,settled,5.49,USD
binance:6582455166,2026-08-20,2026-08-19,settled,10.99,USD
binance:6582455168,2026-08-20,2026-08-19,settled,5.49,USD
coinbase:1073148110,2026-08-20,2026-08-19,settled,0.00,USD
binance:6582455169,2026-08-20,2026-08-19,settled,412.11,USD
binance:6582455182,2026-08-24,2026-08-22,settled,412.11,USD
binance:6582455183,2026-08-20,2026-08-19,settled,343.42,USD
binance:6582455184,2026-08-20,2026-08-19,settled,412.11,USD
binance:6582455185,2026-08-24,2026-08-21,settled,206.05,USD
coinbase:1073148111,2026-08-20,2026-08-19,settled,0.00,USD
coinbase:1073148112,2026-08-20,2026-08-19,settled,14.57,USD
binance:6582455186,2026-08-20,2026-08-19,settled,23.35,USD
coinbase:1073148114,2026-08-20,2026-08-19,settled,420.00,USD
coinbase:1073148113,2026-08-20,2026-08-19,settled,1743.92,USD
coinbase:1073148115,2026-08-20,2026-08-19,settled,419.98,USD
binance:6582455187,2026-08-20,2026-08-19,settled,1740.47,USD
binance:6582455188,2026-08-20,2026-08-19,settled,213.61,USD
coinbase:1073148117,2026-08-20,2026-08-19,settled,0.00,USD
coinbase:1073148118,2026-08-20,2026-08-19,settled,0.01,USD
coinbase:1073148119,2026-08-20,2026-08-19,settled,0.01,USD
coinbase:1073148120,2026-08-20,2026-08-19,settled,0.00,USD
coinbase:1073148121,2026-08-20,2026-08-19,settled,0.00,USD
binance:6582455189,2026-08-20,2026-08-19,settled,109.21,USD
coinbase:1073148122,2026-08-20,2026-08-19,settled,276.41,USD
binance:6582455190,2026-08-20,2026-08-20,settled,14.42,USD
coinbase:1073148123,2026-08-20,2026-08-19,settled,0.00,USD
binance:6582455191,2026-08-20,2026-08-19,settled,6.87,USD
binance:6582455192,2026-08-20,2026-08-19,settled,755.53,USD
binance:6582455193,2026-08-20,2026-08-19,settled,1236.32,USD
binance:6582455194,2026-08-20,2026-08-19,settled,618.16,USD
binance:6582455195,2026-08-20,2026-08-19,settled,618.16,USD
binance:6582455196,2026-08-20,2026-08-19,settled,206.05,USD
coinbase:1073148124,2026-08-20,2026-08-19,settled,10165.76,USD
coinbase:1073148133,2026-08-20,2026-08-19,settled,1.17,USD
coinbase:1073148131,2026-08-21,2026-08-20,settled,865.75,USD
coinbase:1073148130,2026-08-20,2026-08-19,settled,865.75,USD
coinbase:1073148129,2026-08-20,2026-08-19,settled,865.75,USD
coinbase:1073148128,2026-08-20,2026-08-19,settled,865.75,USD
coinbase:1073148127,2026-08-20,2026-08-19,settled,865.75,USD
coinbase:1073148126,2026-08-20,2026-08-19,settled,100.23,USD
coinbase:1073148125,2026-08-20,2026-08-19,settled,1991.10,USD
binance:6582455197,2026-08-20,2026-08-19,settled,579.01,USD
binance:6582455198,2026-08-20,2026-08-19,settled,500.71,USD
binance:6582455199,2026-08-20,2026-08-19,settled,500.71,USD
binance:6582455200,2026-08-20,2026-08-19,settled,4.81,USD
binance:6582455201,2026-08-21,2026-08-20,settled,357.16,USD
binance:6582455202,2026-08-20,2026-08-19,settled,18.54,USD
binance:6582455203,2026-08-20,2026-08-19,settled,500.71,USD
binance:6582455204,2026-08-20,2026-08-19,settled,500.71,USD
coinbase:1073148134,2026-08-20,2026-08-19,settled,0.00,USD
binance:6582455205,2026-08-20,2026-08-19,settled,500.71,USD
binance:6582455206,2026-08-20,2026-08-19,settled,15.80,USD
binance:6582455207,2026-08-20,2026-08-19,settled,9.62,USD
binance:6582455208,2026-08-20,2026-08-19,settled,500.71,USD
coinbase:1073148135,2026-08-20,2026-08-19,settled,0.00,USD
coinbase:1073148136,2026-08-20,2026-08-19,settled,0.00,USD
binance:6582455209,2026-08-20,2026-08-19,settled,8.93,USD
binance:6582455210,2026-08-20,2026-08-19,settled,6.87,USD
binance:6582455211,2026-08-20,2026-08-19,settled,5.49,USD
binance:6582455212,2026-08-20,2026-08-19,settled,1236.32,USD
binance:6582455214,2026-08-20,2026-08-19,settled,618.16,USD
binance:6582455215,2026-08-20,2026-08-19,settled,755.53,USD
binance:6582455216,2026-08-20,2026-08-19,settled,8.93,USD
binance:6582455217,2026-08-20,2026-08-19,settled,5.49,USD
binance:6582455218,2026-08-20,2026-08-19,settled,30.91,USD
coinbase:1073148138,2026-08-20,2026-08-19,settled,0.00,USD
binance:6582455219,2026-08-20,2026-08-19,settled,500.71,USD
binance:6582455220,2026-08-20,2026-08-19,settled,206.05,USD
coinbase:1073148139,2026-08-20,2026-08-19,settled,0.00,USD
binance:6582455221,2026-08-20,2026-08-19,settled,30.22,USD
binance:6582455222,2026-08-20,2026-08-19,settled,500.71,USD
coinbase:1073148140,2026-08-20,2026-08-19,settled,0.00,USD
binance:6582455223,2026-08-20,2026-08-19,settled,500.71,USD
coinbase:1073148141,2026-08-20,2026-08-19,settled,9945.90,USD
coinbase:1073148143,2026-08-20,2026-08-19,settled,7.95,USD
coinbase:1073148142,2026-08-20,2026-08-19,settled,1.17,USD
binance:6582455224,2026-08-20,2026-08-19,settled,8.24,USD
binance:6582455225,2026-08-20,2026-08-19,settled,590.69,USD
binance:6582455226,2026-08-20,2026-08-19,settled,1098.96,USD
binance:6582455227,2026-08-20,2026-08-19,settled,2403.28,USD
binance:6582455252,2026-08-20,2026-08-19,settled,27.47,USD
binance:6582455257,2026-08-20,2026-08-19,settled,13.05,USD
binance:6582455258,2026-08-20,2026-08-19,settled,753.48,USD
coinbase:1073148145,2026-08-20,2026-08-19,settled,2.79,USD
coinbase:1073148144,2026-08-20,2026-08-19,settled,1.17,USD
coinbase:1073148146,2026-08-20,2026-08-19,settled,0.00,USD
binance:6582455275,2026-08-20,2026-08-19,settled,5.49,USD
binance:6582455276,2026-08-20,2026-08-19,settled,618.17,USD
binance:6582455284,2026-08-20,2026-08-19,settled,6.87,USD
binance:6582455286,2026-08-20,2026-08-19,settled,618.17,USD
binance:6582455287,2026-08-20,2026-08-19,settled,206.06,USD
binance:6582455288,2026-08-20,2026-08-22,settled,11359.96,USD
binance:6582455302,2026-08-20,2026-08-19,settled,16.48,USD
binance:6582455305,2026-08-20,2026-08-19,settled,465.00,USD
binance:6582455306,2026-08-20,2026-08-19,settled,11.68,USD
binance:6582455308,2026-08-20,2026-08-19,settled,10.99,USD
binance:6582455310,2026-08-20,2026-08-19,settled,27.47,USD
binance:6582455315,2026-08-20,2026-08-19,settled,16.48,USD
binance:6582455318,2026-08-20,2026-08-19,settled,2072.98,USD
binance:6582455319,2026-08-20,2026-08-19,settled,16.49,USD
binance:6582455322,2026-08-20,2026-08-19,settled,1799.62,USD
binance:6582455323,2026-08-20,2026-08-19,settled,5.50,USD
binance:6582455324,2026-08-20,2026-08-19,settled,45.33,USD
binance:6582455332,2026-08-20,2026-08-19,settled,32.97,USD
binance:6582455338,2026-08-20,2026-08-19,settled,10.99,USD
binance:6582455340,2026-08-24,2026-08-22,settled,5.50,USD
binance:6582455341,2026-08-20,2026-08-19,settled,16.49,USD
binance:6582455344,2026-08-20,2026-08-19,settled,73.50,USD
binance:6582455357,2026-08-20,2026-08-19,settled,16.49,USD
binance:6582455360,2026-08-20,2026-08-19,settled,12.36,USD
binance:6582455361,2026-08-20,2026-08-19,settled,6.18,USD
binance:6582455362,2026-08-20,2026-08-19,settled,15.11,USD
coinbase:1073148147,2026-08-20,2026-08-19,settled,0.00,USD
binance:6582455365,2026-08-20,2026-08-19,settled,39.84,USD
binance:6582455366,2026-08-20,2026-08-19,settled,618.22,USD
binance:6582455383,2026-08-24,2026-08-21,settled,1236.45,USD
binance:6582455384,2026-08-20,2026-08-19,settled,298.12,USD
binance:6582455390,2026-08-20,2026-08-19,settled,32.97,USD
binance:6582455396,2026-08-20,2026-08-19,settled,29.54,USD
binance:6582455397,2026-08-20,2026-08-19,settled,34.35,USD
binance:6582455403,2026-08-20,2026-08-19,settled,4.81,USD
binance:6582455404,2026-08-20,2026-08-19,settled,17.86,USD
binance:6582455408,2026-08-20,2026-08-19,settled,10.99,USD
binance:6582455410,2026-08-20,2026-08-19,settled,16.49,USD
coinbase:1073148148,2026-08-20,2026-08-19,settled,0.00,USD
coinbase:1073148151,2026-08-20,2026-08-19,settled,953.67,USD
coinbase:1073148150,2026-08-20,2026-08-19,settled,15.90,USD
coinbase:1073148149,2026-08-20,2026-08-19,settled,1.17,USD
binance:6582455413,2026-08-20,2026-08-19,settled,257.60,USD
coinbase:1073148152,2026-08-20,2026-08-19,settled,0.01,USD
binance:6582455414,2026-08-20,2026-08-19,settled,206.08,USD
coinbase:1073148153,2026-08-20,2026-08-19,settled,0.01,USD
coinbase:1073148154,2026-08-20,2026-08-19,settled,0.00,USD
binance:6582455415,2026-08-20,2026-08-19,settled,618.24,USD
binance:6582455416,2026-08-20,2026-08-19,settled,618.24,USD
binance:6582455426,2026-08-20,2026-08-19,settled,1236.47,USD
binance:6582455427,2026-08-20,2026-08-19,settled,9.62,USD
coinbase:1073148156,2026-08-20,2026-08-19,settled,1.17,USD
coinbase:1073148155,2026-08-20,2026-08-19,settled,2.75,USD
binance:6582455428,2026-08-20,2026-08-19,settled,19.23,USD
coinbase:1073148158,2026-08-20,2026-08-19,settled,12.12,USD
binance:6582455429,2026-08-20,2026-08-19,settled,618.24,USD
binance:6582455430,2026-08-20,2026-08-19,settled,1236.47,USD
binance:6582455431,2026-08-20,2026-08-21,settled,618.24,USD
binance:6582455432,2026-08-20,2026-08-19,settled,206.08,USD
coinbase:1073148161,2026-08-20,2026-08-19,settled,420.00,USD
coinbase:1073148160,2026-08-20,2026-08-19,settled,1311.65,USD
coinbase:1073148159,2026-08-20,2026-08-19,settled,3009.49,USD
coinbase:1073148162,2026-08-20,2026-08-19,settled,3.14,USD
coinbase:1073148163,2026-08-20,2026-08-19,settled,1543.84,USD
coinbase:1073148165,2026-08-20,2026-08-19,settled,419.99,USD
coinbase:1073148166,2026-08-20,2026-08-19,settled,419.99,USD
coinbase:1073148167,2026-08-20,2026-08-19,settled,1761.52,USD
coinbase:1073148168,2026-08-20,2026-08-19,settled,3021.47,USD
coinbase:1073148169,2026-08-20,2026-08-19,settled,2120.83,USD
coinbase:1073148170,2026-08-20,2026-08-19,settled,19.79,USD
coinbase:1073148171,2026-08-20,2026-08-19,settled,174.82,USD
coinbase:1073148172,2026-08-20,2026-08-19,settled,52.66,USD
coinbase:1073148173,2026-08-20,2026-08-19,settled,61.26,USD
coinbase:1073148174,2026-08-20,2026-08-19,settled,28.41,USD
coinbase:1073148175,2026-08-20,2026-08-19,settled,45.17,USD
coinbase:1073148176,2026-08-20,2026-08-19,settled,84.59,USD
coinbase:1073148177,2026-08-20,2026-08-19,settled,167.93,USD
coinbase:1073148178,2026-08-20,2026-08-19,settled,26.50,USD
coinbase:1073148180,2026-08-20,2026-08-19,settled,98.66,USD
coinbase:1073148181,2026-08-20,2026-08-20,settled,1256.26,USD
coinbase:1073148182,2026-08-20,2026-08-19,settled,103.30,USD
coinbase:1073148183,2026-08-20,2026-08-19,settled,188.34,USD
binance:6582455433,2026-08-20,2026-08-19,settled,9.62,USD
coinbase:1073148185,2026-08-20,2026-08-19,settled,39.61,USD
coinbase:1073148186,2026-08-20,2026-08-19,settled,0.00,USD
coinbase:1073148189,2026-08-20,2026-08-19,settled,420.00,USD
coinbase:1073148188,2026-08-20,2026-08-19,settled,8013.40,USD
coinbase:1073148187,2026-08-20,2026-08-19,settled,1311.62,USD
coinbase:1073148191,2026-08-20,2026-08-19,settled,1377.11,USD
coinbase:1073148192,2026-08-21,2026-08-20,settled,13.35,USD
coinbase:1073148193,2026-08-20,2026-08-19,settled,23.53,USD
coinbase:1073148194,2026-08-20,2026-08-19,settled,55.77,USD
coinbase:1073148195,2026-08-20,2026-08-19,settled,15.38,USD
coinbase:1073148196,2026-08-20,2026-08-19,settled,26.25,USD
coinbase:1073148197,2026-08-20,2026-08-19,settled,1816.60,USD
coinbase:1073148198,2026-08-20,2026-08-19,settled,45.13,USD
coinbase:1073148199,2026-08-20,2026-08-19,settled,81.96,USD
coinbase:1073148200,2026-08-20,2026-08-19,settled,576.98,USD
coinbase:1073148202,2026-08-20,2026-08-19,settled,200.50,USD
coinbase:1073148203,2026-08-20,2026-08-19,settled,1700.72,USD
coinbase:1073148204,2026-08-20,2026-08-19,settled,284.70,USD
coinbase:1073148206,2026-08-20,2026-08-19,settled,93.20,USD
coinbase:1073148207,2026-08-20,2026-08-19,settled,331.05,USD
coinbase:1073148208,2026-08-20,2026-08-19,settled,14.78,USD
coinbase:1073148209,2026-08-20,2026-08-19,settled,62.46,USD
coinbase:1073148210,2026-08-20,2026-08-19,settled,80.29,USD
coinbase:1073148211,2026-08-20,2026-08-19,settled,0.01,USD
coinbase:1073148212,2026-08-20,2026-08-19,settled,24.76,USD
coinbase:1073148213,2026-08-20,2026-08-19,settled,0.00,USD
binance:6582455434,2026-08-20,2026-08-19,settled,93.42,USD
coinbase:1073148214,2026-08-20,2026-08-19,settled,9.65,USD
coinbase:1073148215,2026-08-20,2026-08-19,settled,49.51,USD
binance:6582455435,2026-08-20,2026-08-19,settled,11.68,USD
coinbase:1073148216,2026-08-20,2026-08-19,settled,97.20,USD
binance:6582455436,2026-08-20,2026-08-19,settled,255.54,USD
binance:6582455437,2026-08-20,2026-08-19,settled,2747.71,USD
binance:6582455438,2026-08-20,2026-08-19,settled,686.93,USD
binance:6582455439,2026-08-20,2026-08-19,settled,1373.86,USD
binance:6582455440,2026-08-20,2026-08-19,settled,618.24,USD
binance:6582455441,2026-08-20,2026-08-19,settled,1236.47,USD
binance:6582455442,2026-08-20,2026-08-19,settled,618.24,USD
binance:6582455443,2026-08-20,2026-08-19,settled,206.08,USD
coinbase:1073148218,2026-08-24,2026-08-22,settled,530.78,USD
binance:6582455444,2026-08-20,2026-08-19,settled,1218.61,USD
binance:6582455462,2026-08-20,2026-08-19,settled,404.60,USD
binance:6582455470,2026-08-20,2026-08-19,settled,5.50,USD
binance:6582455471,2026-08-20,2026-08-19,settled,47.40,USD
binance:6582455472,2026-08-20,2026-08-19,settled,10.99,USD
binance:6582455474,2026-08-20,2026-08-19,settled,5.50,USD
binance:6582455475,2026-08-20,2026-08-21,settled,5.50,USD
coinbase:1073148219,2026-08-20,2026-08-19,settled,6.68,USD
coinbase:1073148222,2026-08-20,2026-08-19,settled,8541.59,USD
coinbase:1073148221,2026-08-20,2026-08-20,settled,420.00,USD
coinbase:1073148220,2026-08-20,2026-08-19,settled,1311.62,USD
coinbase:1073148223,2026-08-20,2026-08-19,settled,35.39,USD
coinbase:1073148224,2026-08-20,2026-08-19,settled,155.57,USD
coinbase:1073148225,2026-08-20,2026-08-19,settled,846.90,USD
coinbase:1073148226,2026-08-20,2026-08-19,settled,123.73,USD
coinbase:1073148227,2026-08-20,2026-08-19,settled,17.80,USD
coinbase:1073148228,2026-08-20,2026-08-19,settled,4.95,USD
coinbase:1073148229,2026-08-20,2026-08-19,settled,0.00,USD
binance:6582455492,2026-08-20,2026-08-19,settled,1373.90,USD
binance:6582455493,2026-08-20,2026-08-19,settled,5495.62,USD
binance:6582455494,2026-08-20,2026-08-19,settled,391.56,USD
binance:6582455495,2026-08-20,2026-08-19,settled,10827.05,USD
binance:6582455521,2026-08-20,2026-08-19,settled,32.97,USD
binance:6582455527,2026-08-20,2026-08-19,settled,21.98,USD
binance:6582455531,2026-08-20,2026-08-19,settled,11.68,USD
binance:6582455533,2026-08-20,2026-08-19,settled,6.18,USD
binance:6582455534,2026-08-20,2026-08-19,settled,56.33,USD
binance:6582455544,2026-08-20,2026-08-19,settled,21.98,USD
binance:6582455548,2026-08-20,2026-08-19,settled,57.70,USD
binance:6582455557,2026-08-20,2026-08-19,settled,510.42,USD
binance:6582455560,2026-08-20,2026-08-19,settled,32.97,USD
binance:6582455561,2026-08-20,2026-08-21,settled,21.98,USD
binance:6582455565,2026-08-20,2026-08-19,settled,16.49,USD
binance:6582455568,2026-08-20,2026-08-19,settled,10.99,USD
binance:6582455570,2026-08-20,2026-08-19,settled,3823.09,USD
binance:6582455571,2026-08-20,2026-08-19,settled,11.68,USD
binance:6582455573,2026-08-20,2026-08-19,settled,5.50,USD
binance:6582455574,2026-08-20,2026-08-19,settled,199.91,USD
binance:6582455575,2026-08-20,2026-08-19,settled,5.50,USD
binance:6582455576,2026-08-20,2026-08-19,settled,10.99,USD
binance:6582455579,2026-08-20,2026-08-19,settled,187.55,USD
binance:6582455580,2026-08-20,2026-08-19,settled,16.49,USD
binance:6582455583,2026-08-20,2026-08-21,settled,274.80,USD
binance:6582455585,2026-08-20,2026-08-19,settled,274.80,USD
binance:6582455587,2026-08-20,2026-08-19,settled,274.80,USD
binance:6582455588,2026-08-20,2026-08-19,settled,206.10,USD
coinbase:1073148230,2026-08-20,2026-08-19,settled,4.95,USD
binance:6582455589,2026-08-20,2026-08-19,settled,687.00,USD
binance:6582455590,2026-08-20,2026-08-19,settled,1374.00,USD
coinbase:1073148231,2026-08-20,2026-08-19,settled,24.75,USD
coinbase:1073148232,2026-08-20,2026-08-19,settled,0.01,USD
coinbase:1073148234,2026-08-20,2026-08-19,settled,3428.93,USD
coinbase:1073148233,2026-08-20,2026-08-19,settled,2784.22,USD
coinbase:1073148235,2026-08-20,2026-08-19,settled,6518.44,USD
coinbase:1073148236,2026-08-20,2026-08-19,settled,0.01,USD
coinbase:1073148237,2026-08-20,2026-08-19,settled,0.00,USD
binance:6582455591,2026-08-20,2026-08-19,settled,1236.60,USD
binance:6582455592,2026-08-20,2026-08-19,settled,618.30,USD
binance:6582455593,2026-08-20,2026-08-19,settled,206.10,USD
binance:6582455594,2026-08-20,2026-08-19,settled,19.92,USD
binance:6582455595,2026-08-20,2026-08-19,settled,1593.84,USD
coinbase:1073148238,2026-08-20,2026-08-19,settled,0.00,USD
coinbase:1073148239,2026-08-20,2026-08-19,settled,4.70,USD
coinbase:1073148240,2026-08-20,2026-08-19,settled,495.12,USD
coinbase:1073148241,2026-08-20,2026-08-19,settled,15.15,USD
coinbase:1073148242,2026-08-20,2026-08-19,settled,0.00,USD
coinbase:1073148243,2026-08-20,2026-08-19,settled,9.66,USD
binance:6582455597,2026-08-20,2026-08-19,settled,84.50,USD
binance:6582455598,2026-08-20,2026-08-19,settled,119.54,USD
binance:6582455599,2026-08-20,2026-08-19,settled,25886.84,USD
coinbase:1073148245,2026-08-20,2026-08-19,settled,420.00,USD
coinbase:1073148244,2026-08-20,2026-08-19,settled,109.91,USD
coinbase:1073148246,2026-08-20,2026-08-19,settled,0.00,USD
coinbase:1073148249,2026-08-20,2026-08-19,settled,872.14,USD
coinbase:1073148248,2026-08-20,2026-08-19,settled,419.99,USD
coinbase:1073148247,2026-08-20,2026-08-19,settled,90.60,USD
coinbase:1073148250,2026-08-20,2026-08-19,settled,0.01,USD
coinbase:1073148251,2026-08-20,2026-08-19,settled,3021.61,USD
coinbase:1073148252,2026-08-20,2026-08-19,settled,400.11,USD
coinbase:1073148253,2026-08-20,2026-08-19,settled,0.00,USD
coinbase:1073148254,2026-08-20,2026-08-19,settled,0.01,USD
coinbase:1073148255,2026-08-20,2026-08-19,settled,0.00,USD
coinbase:1073148256,2026-08-20,2026-08-19,settled,19.80,USD
coinbase:1073148257,2026-08-20,2026-08-19,settled,0.00,USD
coinbase:1073148258,2026-08-20,2026-08-19,settled,19.81,USD
coinbase:1073148259,2026-08-24,2026-08-22,settled,0.00,USD
coinbase:1073148260,2026-08-20,2026-08-19,settled,0.00,USD
binance:6582455601,2026-08-20,2026-08-19,settled,10888.26,USD
binance:6582455602,2026-08-20,2026-08-19,settled,121.60,USD
coinbase:1073148261,2026-08-20,2026-08-19,settled,24.30,USD
coinbase:1073148262,2026-08-20,2026-08-19,settled,0.00,USD
coinbase:1073148263,2026-08-20,2026-08-19,settled,216.67,USD
binance:6582455603,2026-08-20,2026-08-22,settled,2000.54,USD
coinbase:1073148264,2026-08-20,2026-08-19,settled,100.03,USD
coinbase:1073148265,2026-08-20,2026-08-19,settled,420.00,USD
coinbase:1073148266,2026-08-20,2026-08-19,settled,19.44,USD
coinbase:1073148267,2026-08-20,2026-08-19,settled,804.30,USD
binance:6582455604,2026-08-20,2026-08-19,settled,1999.86,USD
coinbase:1073148268,2026-08-20,2026-08-19,settled,0.00,USD
binance:6582455605,2026-08-20,2026-08-19,settled,14548.60,USD
coinbase:1073148270,2026-08-20,2026-08-19,settled,96.49,USD
coinbase:1073148269,2026-08-20,2026-08-19,settled,176.21,USD
binance:6582455607,2026-08-20,2026-08-19,settled,4.81,USD
coinbase:1073148271,2026-08-20,2026-08-19,settled,0.00,USD
coinbase:1073148272,2026-08-20,2026-08-19,settled,0.00,USD
binance:6582455608,2026-08-20,2026-08-19,settled,68.70,USD
coinbase:1073148273,2026-08-20,2026-08-19,settled,0.01,USD
binance:6582455609,2026-08-20,2026-08-19,settled,1084.09,USD
binance:6582455610,2026-08-20,2026-08-19,settled,2061.00,USD
coinbase:1073148274,2026-08-20,2026-08-19,settled,0.01,USD
binance:6582455627,2026-08-20,2026-08-19,settled,2061.00,USD
coinbase:1073148275,2026-08-20,2026-08-19,settled,0.00,USD
binance:6582455628,2026-08-20,2026-08-20,settled,16.49,USD
binance:6582455629,2026-08-20,2026-08-19,settled,1305.30,USD
binance:6582455631,2026-08-20,2026-08-19,settled,1236.60,USD
binance:6582455632,2026-08-20,2026-08-19,settled,618.30,USD
binance:6582455633,2026-08-20,2026-08-19,settled,618.30,USD
binance:6582455634,2026-08-20,2026-08-19,settled,755.70,USD
binance:6582455635,2026-08-20,2026-08-19,settled,206.10,USD
binance:6582455636,2026-08-20,2026-08-19,settled,4999.99,USD
binance:6582455637,2026-08-20,2026-08-19,settled,1374.00,USD
binance:6582455644,2026-08-20,2026-08-19,settled,4122.00,USD
coinbase:1073148276,2026-08-20,2026-08-19,settled,1.72,USD
binance:6582455645,2026-08-20,2026-08-19,settled,697.30,USD
coinbase:1073148277,2026-08-20,2026-08-19,settled,0.00,USD
coinbase:1073148278,2026-08-20,2026-08-19,settled,0.00,USD
binance:6582455646,2026-08-20,2026-08-19,settled,206.10,USD
coinbase:1073148280,2026-08-20,2026-08-19,settled,872.17,USD
coinbase:1073148279,2026-08-20,2026-08-19,settled,420.00,USD
coinbase:1073148281,2026-08-24,2026-08-22,settled,100.24,USD
coinbase:1073148282,2026-08-20,2026-08-19,settled,420.00,USD
binance:6582455647,2026-08-20,2026-08-19,settled,513.19,USD
coinbase:1073148284,2026-08-20,2026-08-19,settled,1.35,USD
coinbase:1073148285,2026-08-20,2026-08-19,settled,0.01,USD
coinbase:1073148286,2026-08-20,2026-08-19,settled,0.00,USD
binance:6582455649,2026-08-20,2026-08-19,settled,153.20,USD
coinbase:1073148287,2026-08-20,2026-08-19,settled,15.06,USD
coinbase:1073148288,2026-08-20,2026-08-19,settled,0.01,USD
coinbase:1073148289,2026-08-20,2026-08-19,settled,4.99,USD
coinbase:1073148291,2026-08-20,2026-08-19,settled,872.16,USD
coinbase:1073148290,2026-08-20,2026-08-19,settled,415.00,USD
coinbase:1073148293,2026-08-20,2026-08-19,settled,8882.01,USD
coinbase:1073148292,2026-08-20,2026-08-19,settled,98.90,USD
coinbase:1073148294,2026-08-20,2026-08-19,settled,0.00,USD
binance:6582455650,2026-08-20,2026-08-19,settled,311.90,USD
binance:6582455651,2026-08-20,2026-08-19,settled,755.70,USD
binance:6582455661,2026-08-20,2026-08-19,settled,618.30,USD
binance:6582455662,2026-08-20,2026-08-19,settled,28.17,USD
coinbase:1073148296,2026-08-20,2026-08-19,settled,539.54,USD
coinbase:1073148295,2026-08-20,2026-08-19,settled,420.00,USD
binance:6582455663,2026-08-20,2026-08-19,settled,1374.00,USD
binance:6582455689,2026-08-24,2026-08-22,settled,4122.00,USD
coinbase:1073148297,2026-08-20,2026-08-19,settled,0.00,USD
binance:6582455690,2026-08-20,2026-08-19,settled,1374.00,USD
binance:6582455691,2026-08-20,2026-08-19,settled,206.10,USD
binance:6582455692,2026-08-20,2026-08-19,settled,13.05,USD
binance:6582455693,2026-08-20,2026-08-19,settled,239.76,USD
coinbase:1073148298,2026-08-20,2026-08-19,settled,4.99,USD
coinbase:1073148299,2026-08-20,2026-08-19,settled,0.00,USD
coinbase:1073148300,2026-08-20,2026-08-19,settled,0.01,USD
coinbase:1073148301,2026-08-20,2026-08-19,settled,0.00,USD
binance:6582455694,2026-08-20,2026-08-19,settled,77.63,USD
binance:6582455695,2026-08-20,2026-08-19,settled,9.62,USD
binance:6582455696,2026-08-20,2026-08-19,settled,618.30,USD
binance:6582455697,2026-08-20,2026-08-19,settled,755.70,USD
binance:6582455698,2026-08-20,2026-08-19,settled,9.62,USD
coinbase:1073148302,2026-08-20,2026-08-19,settled,0.00,USD
coinbase:1073148303,2026-08-20,2026-08-19,settled,148.51,USD
coinbase:1073148304,2026-08-20,2026-08-19,settled,0.00,USD
binance:6582455699,2026-08-20,2026-08-19,settled,70.76,USD
kraken:105348553,2026-08-20,2026-08-19,settled,50.00,USD
kraken:105348554,2026-08-20,2026-08-19,settled,6.86,USD
kraken:105348555,2026-08-20,2026-08-19,settled,68.64,USD
kraken:105348556,2026-08-24,2026-08-22,settled,3.50,USD
kraken:105348558,2026-08-20,2026-08-19,settled,3.50,USD
kraken:105348559,2026-08-20,2026-08-19,settled,8635.11,USD
kraken:105348560,2026-08-24,2026-08-22,settled,3.50,USD
kraken:105348561,2026-08-20,2026-08-19,settled,48.61,USD
kraken:105348562,2026-08-20,2026-08-19,settled,12.10,USD
kraken:105348563,2026-08-20,2026-08-19,settled,475.08,USD
binance:6582455700,2026-08-20,2026-08-19,settled,618.30,USD
binance:6582455701,2026-08-20,2026-08-19,settled,206.10,USD
coinbase:1073148306,2026-08-20,2026-08-19,settled,0.00,USD
binance:6582455702,2026-08-20,2026-08-19,settled,206.10,USD
binance:6582455703,2026-08-20,2026-08-19,settled,229.46,USD
coinbase:1073148307,2026-08-20,2026-08-19,settled,534.49,USD
binance:6582455704,2026-08-20,2026-08-19,settled,2541.90,USD
coinbase:1073148308,2026-08-20,2026-08-19,settled,0.00,USD
coinbase:1073148309,2026-08-20,2026-08-19,settled,57.33,USD
coinbase:1073148310,2026-08-20,2026-08-19,settled,0.01,USD
coinbase:1073148311,2026-08-20,2026-08-19,settled,0.00,USD
binance:6582455705,2026-08-20,2026-08-19,settled,9.62,USD
binance:6582455706,2026-08-24,2026-08-21,settled,199.92,USD
binance:6582455707,2026-08-20,2026-08-19,settled,37.10,USD
binance:6582455708,2026-08-20,2026-08-19,settled,5079.68,USD
coinbase:1073148313,2026-08-20,2026-08-19,settled,0.00,USD
binance:6582455709,2026-08-20,2026-08-19,settled,1533.38,USD
coinbase:1073148314,2026-08-20,2026-08-22,settled,0.00,USD
binance:6582455710,2026-08-20,2026-08-19,settled,184.12,USD
binance:6582455711,2026-08-20,2026-08-19,settled,10000.66,USD
binance:6582455720,2026-08-20,2026-08-19,settled,2954.10,USD
binance:6582455721,2026-08-20,2026-08-19,settled,590.82,USD
binance:6582455722,2026-08-20,2026-08-19,settled,6.87,USD
coinbase:1073148315,2026-08-20,2026-08-19,settled,0.00,USD
coinbase:1073148317,2026-08-20,2026-08-19,settled,4568.87,USD
coinbase:1073148316,2026-08-20,2026-08-19,settled,6569.53,USD
coinbase:1073148318,2026-08-20,2026-08-19,settled,1148.26,USD
coinbase:1073148319,2026-08-20,2026-08-19,settled,3717.68,USD
coinbase:1073148321,2026-08-20,2026-08-19,settled,75.00,USD
coinbase:1073148320,2026-08-20,2026-08-19,settled,4500.49,USD
binance:6582455723,2026-08-20,2026-08-19,settled,6996.41,USD
binance:6582455762,2026-08-20,2026-08-19,settled,38.47,USD
binance:6582455769,2026-08-20,2026-08-19,settled,5.50,USD
binance:6582455770,2026-08-20,2026-08-19,settled,5.50,USD
binance:6582455771,2026-08-20,2026-08-19,settled,5.50,USD
binance:6582455772,2026-08-20,2026-08-19,settled,16.49,USD
binance:6582455775,2026-08-20,2026-08-19,settled,4215.98,USD
binance:6582455777,2026-08-20,2026-08-19,settled,5.50,USD
binance:6582455778,2026-08-20,2026-08-19,settled,10.99,USD
binance:6582455780,2026-08-20,2026-08-19,settled,5.50,USD
binance:6582455781,2026-08-20,2026-08-19,settled,27.48,USD
binance:6582455786,2026-08-20,2026-08-19,settled,10.99,USD
binance:6582455788,2026-08-20,2026-08-19,settled,5.50,USD
binance:6582455790,2026-08-20,2026-08-19,settled,21.98,USD
binance:6582455794,2026-08-20,2026-08-19,settled,5.50,USD
binance:6582455795,2026-08-20,2026-08-19,settled,5.50,USD
coinbase:1073148323,2026-08-20,2026-08-19,settled,4.20,USD
coinbase:1073148322,2026-08-20,2026-08-19,settled,3.15,USD
coinbase:1073148324,2026-08-20,2026-08-19,settled,1.17,USD
coinbase:1073148325,2026-08-20,2026-08-19,settled,1.17,USD
coinbase:1073148326,2026-08-20,2026-08-19,settled,0.00,USD
coinbase:1073148327,2026-08-20,2026-08-19,settled,1.17,USD
coinbase:1073148329,2026-08-20,2026-08-19,settled,116.95,USD
coinbase:1073148328,2026-08-20,2026-08-19,settled,1.17,USD
coinbase:1073148330,2026-08-20,2026-08-19,settled,50.73,USD
coinbase:1073148331,2026-08-20,2026-08-19,settled,25.85,USD
coinbase:1073148332,2026-08-20,2026-08-19,settled,55.92,USD
coinbase:1073148333,2026-08-20,2026-08-19,settled,0.00,USD
coinbase:1073148334,2026-08-20,2026-08-19,settled,0.00,USD
binance:6582455796,2026-08-20,2026-08-19,settled,23142.71,USD
binance:6582455817,2026-08-20,2026-08-19,settled,36.41,USD
binance:6582455824,2026-08-20,2026-08-19,settled,16.49,USD
binance:6582455827,2026-08-20,2026-08-19,settled,27.48,USD
binance:6582455832,2026-08-20,2026-08-19,settled,5.50,USD
binance:6582455833,2026-08-20,2026-08-19,settled,10.99,USD
binance:6582455835,2026-08-20,2026-08-19,settled,16.49,USD
binance:6582455838,2026-08-20,2026-08-19,settled,78.31,USD
binance:6582455852,2026-08-20,2026-08-19,settled,16.49,USD
binance:6582455855,2026-08-20,2026-08-19,settled,5.50,USD
binance:6582455856,2026-08-20,2026-08-19,settled,12.36,USD
binance:6582455857,2026-08-20,2026-08-19,settled,5.50,USD
binance:6582455858,2026-08-24,2026-08-21,settled,10.99,USD
binance:6582455860,2026-08-20,2026-08-19,settled,11.68,USD
binance:6582455862,2026-08-20,2026-08-19,settled,834.56,USD
binance:6582455863,2026-08-20,2026-08-19,settled,28.85,USD
binance:6582455868,2026-08-20,2026-08-19,settled,5.50,USD
binance:6582455869,2026-08-20,2026-08-19,settled,5.50,USD
binance:6582455870,2026-08-20,2026-08-19,settled,10.99,USD
binance:6582455872,2026-08-20,2026-08-19,settled,3294.30,USD
binance:6582455879,2026-08-20,2026-08-19,settled,10.99,USD
binance:6582455881,2026-08-20,2026-08-19,settled,17.86,USD
binance:6582455884,2026-08-20,2026-08-19,settled,16.49,USD
binance:6582455887,2026-08-20,2026-08-19,settled,5.50,USD
binance:6582455889,2026-08-20,2026-08-19,settled,21.98,USD
binance:6582455893,2026-08-20,2026-08-19,settled,5.49,USD
binance:6582455894,2026-08-20,2026-08-19,settled,16.48,USD
coinbase:1073148335,2026-08-20,2026-08-19,settled,97.16,USD
coinbase:1073148339,2026-08-20,2026-08-19,settled,686.55,USD
coinbase:1073148338,2026-08-20,2026-08-19,settled,439.40,USD
coinbase:1073148337,2026-08-20,2026-08-19,settled,6296.78,USD
coinbase:1073148336,2026-08-20,2026-08-19,settled,1.17,USD
coinbase:1073148340,2026-08-20,2026-08-19,settled,0.00,USD
binance:6582455897,2026-08-20,2026-08-19,settled,6.87,USD
binance:6582455899,2026-08-20,2026-08-19,settled,7.56,USD
coinbase:1073148341,2026-08-20,2026-08-19,settled,0.00,USD
coinbase:1073148342,2026-08-20,2026-08-19,settled,1.16,USD
coinbase:1073148343,2026-08-20,2026-08-19,settled,0.00,USD
coinbase:1073148345,2026-08-20,2026-08-19,settled,0.15,USD
binance:6582455900,2026-08-20,2026-08-19,settled,4262.00,USD
binance:6582455927,2026-08-20,2026-08-19,settled,32.97,USD
binance:6582455933,2026-08-20,2026-08-19,settled,11.68,USD
binance:6582455935,2026-08-20,2026-08-19,settled,10.99,USD
binance:6582455937,2026-08-20,2026-08-19,settled,10.99,USD
binance:6582455939,2026-08-20,2026-08-19,settled,6.18,USD
binance:6582455941,2026-08-20,2026-08-19,settled,78.30,USD
coinbase:1073148346,2026-08-20,2026-08-19,settled,0.01,USD
binance:6582455955,2026-08-20,2026-08-19,settled,133.25,USD
binance:6582455979,2026-08-20,2026-08-19,settled,43.96,USD
binance:6582455987,2026-08-20,2026-08-19,settled,5.49,USD
binance:6582455988,2026-08-20,2026-08-19,settled,189.57,USD
binance:6582455989,2026-08-20,2026-08-19,settled,94.78,USD
binance:6582456006,2026-08-20,2026-08-19,settled,43.96,USD
binance:6582456014,2026-08-20,2026-08-19,settled,6.18,USD
binance:6582456015,2026-08-20,2026-08-19,settled,5.49,USD
binance:6582456016,2026-08-20,2026-08-19,settled,12.36,USD
binance:6582456017,2026-08-20,2026-08-19,settled,16.48,USD
coinbase:1073148348,2026-08-20,2026-08-19,settled,439.36,USD
coinbase:1073148347,2026-08-20,2026-08-21,settled,1.01,USD
coinbase:1073148349,2026-08-20,2026-08-19,settled,0.00,USD
binance:6582456020,2026-08-20,2026-08-19,settled,6.87,USD
binance:6582456021,2026-08-20,2026-08-19,settled,125.00,USD
coinbase:1073148350,2026-08-20,2026-08-19,settled,0.00,USD
coinbase:1073148351,2026-08-20,2026-08-19,settled,0.00,USD
coinbase:1073148352,2026-08-20,2026-08-19,settled,0.00,USD
kraken:105348564,2026-08-20,2026-08-19,settled,5.34,USD
kraken:105348565,2026-08-20,2026-08-19,settled,50.00,USD
kraken:105348566,2026-08-20,2026-08-19,settled,68.66,USD
kraken:105348567,2026-08-20,2026-08-19,settled,3.50,USD
kraken:105348568,2026-08-20,2026-08-19,settled,3310.80,USD
binance:6582456022,2026-08-20,2026-08-19,settled,480.78,USD
binance:6582456023,2026-08-20,2026-08-19,settled,84.48,USD
binance:6582456024,2026-08-20,2026-08-19,settled,120.19,USD
coinbase:1073148354,2026-08-20,2026-08-19,settled,209.51,USD
coinbase:1073148355,2026-08-20,2026-08-19,settled,0.01,USD
coinbase:1073148356,2026-08-20,2026-08-19,settled,9.89,USD
binance:6582456025,2026-08-20,2026-08-19,settled,10.30,USD
coinbase:1073148357,2026-08-20,2026-08-19,settled,0.01,USD
coinbase:1073148358,2026-08-20,2026-08-19,settled,0.01,USD
binance:6582456026,2026-08-20,2026-08-19,settled,10000.16,USD
binance:6582456027,2026-08-20,2026-08-19,settled,6.87,USD
coinbase:1073148359,2026-08-20,2026-08-19,settled,3074.19,USD
binance:6582456028,2026-08-20,2026-08-19,settled,590.67,USD
binance:6582456038,2026-08-20,2026-08-19,settled,686.82,USD
coinbase:1073148360,2026-08-24,2026-08-22,settled,418.76,USD
binance:6582456039,2026-08-20,2026-08-19,settled,511.68,USD
binance:6582456059,2026-08-20,2026-08-19,settled,5.49,USD
binance:6582456060,2026-08-20,2026-08-19,settled,13.74,USD
binance:6582456063,2026-08-20,2026-08-19,settled,37.09,USD
binance:6582456070,2026-08-20,2026-08-19,settled,10.99,USD
binance:6582456072,2026-08-20,2026-08-19,settled,10.99,USD
binance:6582456074,2026-08-20,2026-08-19,settled,32.97,USD
binance:6582456080,2026-08-20,2026-08-19,settled,27.47,USD
binance:6582456085,2026-08-20,2026-08-19,settled,27.47,USD
binance:6582456090,2026-08-20,2026-08-19,settled,67.31,USD
binance:6582456102,2026-08-20,2026-08-19,settled,16.48,USD
binance:6582456105,2026-08-20,2026-08-19,settled,50.83,USD
binance:6582456114,2026-08-20,2026-08-19,settled,27.47,USD
binance:6582456119,2026-08-20,2026-08-19,settled,10.99,USD
binance:6582456121,2026-08-20,2026-08-19,settled,5.49,USD
binance:6582456122,2026-08-20,2026-08-19,settled,38.46,USD
binance:6582456128,2026-08-20,2026-08-19,settled,5.49,USD
binance:6582456129,2026-08-20,2026-08-19,settled,39.84,USD
binance:6582456136,2026-08-20,2026-08-19,settled,5.50,USD
binance:6582456137,2026-08-20,2026-08-19,settled,49.46,USD
coinbase:1073148362,2026-08-20,2026-08-19,settled,12.56,USD
coinbase:1073148361,2026-08-20,2026-08-19,settled,1.17,USD
binance:6582456139,2026-08-20,2026-08-19,settled,56.32,USD
binance:6582456148,2026-08-20,2026-08-19,settled,5.50,USD
binance:6582456149,2026-08-20,2026-08-19,settled,12.36,USD
binance:6582456150,2026-08-20,2026-08-19,settled,16.49,USD
binance:6582456153,2026-08-20,2026-08-19,settled,28.85,USD
binance:6582456158,2026-08-20,2026-08-19,settled,62.51,USD
binance:6582456159,2026-08-20,2026-08-19,settled,5.50,USD
binance:6582456160,2026-08-20,2026-08-19,settled,17.17,USD
binance:6582456163,2026-08-20,2026-08-19,settled,1288.68,USD
binance:6582456164,2026-08-20,2026-08-19,settled,23.36,USD
binance:6582456168,2026-08-20,2026-08-19,settled,216.38,USD
binance:6582456169,2026-08-20,2026-08-19,settled,5.50,USD
binance:6582456170,2026-08-20,2026-08-19,settled,274.78,USD
binance:6582456171,2026-08-20,2026-08-21,settled,7.56,USD
binance:6582456172,2026-08-20,2026-08-19,settled,1194.62,USD
coinbase:1073148363,2026-08-21,2026-08-20,settled,0.00,USD
coinbase:1073148365,2026-08-20,2026-08-19,settled,1.17,USD
coinbase:1073148364,2026-08-20,2026-08-19,settled,0.58,USD
binance:6582456196,2026-08-20,2026-08-19,settled,6.18,USD
binance:6582456176,2026-08-20,2026-08-19,settled,2451.06,USD
binance:6582456197,2026-08-20,2026-08-19,settled,111.29,USD
binance:6582456216,2026-08-20,2026-08-19,settled,27.48,USD
binance:6582456221,2026-08-20,2026-08-19,settled,10.99,USD
binance:6582456223,2026-08-20,2026-08-19,settled,6.18,USD
binance:6582456224,2026-08-20,2026-08-19,settled,12.37,USD
binance:6582456225,2026-08-20,2026-08-19,settled,10.99,USD
binance:6582456227,2026-08-20,2026-08-19,settled,10.99,USD
binance:6582456229,2026-08-20,2026-08-19,settled,16.49,USD
coinbase:1073148366,2026-08-20,2026-08-19,settled,0.00,USD
coinbase:1073148367,2026-08-20,2026-08-19,settled,0.00,USD
binance:6582456232,2026-08-20,2026-08-19,settled,131.90,USD
coinbase:1073148368,2026-08-20,2026-08-19,settled,0.00,USD
binance:6582456241,2026-08-20,2026-08-19,settled,53.58,USD
binance:6582456242,2026-08-20,2026-08-19,settled,17.17,USD
binance:6582456243,2026-08-20,2026-08-19,settled,10.30,USD
coinbase:1073148369,2026-08-20,2026-08-19,settled,0.00,USD
coinbase:1073148372,2026-08-20,2026-08-21,settled,1991.44,USD
coinbase:1073148371,2026-08-20,2026-08-19,settled,1.17,USD
coinbase:1073148370,2026-08-20,2026-08-19,settled,1.17,USD
coinbase:1073148373,2026-08-20,2026-08-19,settled,0.01,USD
binance:6582456244,2026-08-20,2026-08-19,settled,9.62,USD
binance:6582456245,2026-08-20,2026-08-19,settled,122.28,USD
binance:6582456266,2026-08-20,2026-08-19,settled,27.48,USD
binance:6582456271,2026-08-20,2026-08-19,settled,27.48,USD
binance:6582456276,2026-08-20,2026-08-19,settled,10.99,USD
binance:6582456278,2026-08-20,2026-08-19,settled,5.50,USD
binance:6582456279,2026-08-20,2026-08-19,settled,526.24,USD
binance:6582456283,2026-08-20,2026-08-19,settled,16.49,USD
binance:6582456287,2026-08-20,2026-08-19,settled,128.47,USD
coinbase:1073148374,2026-08-20,2026-08-19,settled,0.00,USD
binance:6582456310,2026-08-20,2026-08-19,settled,68.70,USD
binance:6582456323,2026-08-20,2026-08-19,settled,59.77,USD
binance:6582456324,2026-08-20,2026-08-19,settled,68.70,USD
binance:6582456328,2026-08-20,2026-08-19,settled,82.44,USD
binance:6582456329,2026-08-20,2026-08-22,settled,6.87,USD
coinbase:1073148375,2026-08-20,2026-08-19,settled,0.00,USD
coinbase:1073148376,2026-08-20,2026-08-19,settled,1.17,USD
coinbase:1073148377,2026-08-20,2026-08-19,settled,2225.08,USD
coinbase:1073148378,2026-08-20,2026-08-19,settled,0.00,USD
binance:6582456330,2026-08-20,2026-08-19,settled,55.65,USD
binance:6582456331,2026-08-24,2026-08-22,settled,489.83,USD
binance:6582456350,2026-08-20,2026-08-19,settled,27.48,USD
binance:6582456355,2026-08-20,2026-08-19,settled,289.23,USD
binance:6582456356,2026-08-20,2026-08-19,settled,38.47,USD
binance:6582456363,2026-08-20,2026-08-19,settled,16.49,USD
binance:6582456366,2026-08-20,2026-08-19,settled,1236.63,USD
binance:6582456367,2026-08-20,2026-08-19,settled,192.36,USD
binance:6582456368,2026-08-20,2026-08-19,settled,46.72,USD
binance:6582456371,2026-08-20,2026-08-22,settled,17.18,USD
binance:6582456374,2026-08-20,2026-08-19,settled,6.18,USD
binance:6582456375,2026-08-20,2026-08-19,settled,16.49,USD
binance:6582456378,2026-08-20,2026-08-19,settled,852.60,USD
binance:6582456385,2026-08-20,2026-08-19,settled,755.73,USD
binance:6582456386,2026-08-20,2026-08-19,settled,1236.65,USD
binance:6582456387,2026-08-20,2026-08-19,settled,618.33,USD
binance:6582456388,2026-08-20,2026-08-19,settled,618.33,USD
binance:6582456389,2026-08-20,2026-08-19,settled,1856.35,USD
binance:6582456409,2026-08-20,2026-08-19,settled,89.31,USD
binance:6582456425,2026-08-20,2026-08-19,settled,21.98,USD
binance:6582456429,2026-08-20,2026-08-19,settled,12.37,USD
binance:6582456430,2026-08-20,2026-08-19,settled,5.50,USD
binance:6582456431,2026-08-20,2026-08-19,settled,5.50,USD
binance:6582456432,2026-08-20,2026-08-21,settled,206.12,USD
binance:6582456433,2026-08-20,2026-08-19,settled,3674.34,USD
binance:6582456444,2026-08-20,2026-08-19,settled,16.49,USD
binance:6582456447,2026-08-20,2026-08-19,settled,10.99,USD
binance:6582456449,2026-08-20,2026-08-19,settled,5.50,USD
coinbase:1073148379,2026-08-20,2026-08-19,settled,0.00,USD
coinbase:1073148380,2026-08-20,2026-08-19,settled,0.01,USD
coinbase:1073148381,2026-08-20,2026-08-19,settled,0.01,USD
kraken:105348569,2026-08-20,2026-08-19,settled,50.00,USD
kraken:105348570,2026-08-20,2026-08-19,settled,68.66,USD
kraken:105348571,2026-08-20,2026-08-19,settled,3.50,USD
kraken:105348572,2026-08-20,2026-08-19,settled,3.50,USD
kraken:105348573,2026-08-20,2026-08-19,settled,68.66,USD
kraken:105348574,2026-08-20,2026-08-19,settled,6.87,USD
kraken:105348575,2026-08-20,2026-08-19,settled,302.49,USD
coinbase:1073148382,2026-08-20,2026-08-19,settled,0.00,USD
binance:6582456450,2026-08-20,2026-08-19,settled,299.56,USD
coinbase:1073148383,2026-08-20,2026-08-19,settled,0.01,USD
coinbase:1073148384,2026-08-20,2026-08-19,settled,0.00,USD
binance:6582456460,2026-08-20,2026-08-19,settled,137.41,USD
binance:6582456461,2026-08-20,2026-08-19,settled,137.41,USD
binance:6582456465,2026-08-20,2026-08-19,settled,137.41,USD
coinbase:1073148385,2026-08-20,2026-08-19,settled,0.00,USD
coinbase:1073148386,2026-08-20,2026-08-19,settled,0.00,USD
coinbase:1073148387,2026-08-20,2026-08-19,settled,0.00,USD
coinbase:1073148388,2026-08-20,2026-08-19,settled,0.00,USD
binance:6582456466,2026-08-20,2026-08-19,settled,2000.73,USD
coinbase:1073148389,2026-08-20,2026-08-19,settled,0.00,USD
coinbase:1073148390,2026-08-20,2026-08-19,settled,0.00,USD
kraken:105348576,2026-08-20,2026-08-19,settled,4.16,USD
kraken:105348577,2026-08-20,2026-08-19,settled,3429.08,USD
kraken:105348578,2026-08-20,2026-08-19,settled,3433.24,USD
binance:6582456467,2026-08-20,2026-08-19,settled,1236.72,USD
binance:6582456468,2026-08-20,2026-08-19,settled,6.87,USD
binance:6582456469,2026-08-20,2026-08-19,settled,2748.26,USD
binance:6582456470,2026-08-20,2026-08-22,settled,1236.72,USD
binance:6582456471,2026-08-20,2026-08-21,settled,1374.13,USD
binance:6582456472,2026-08-20,2026-08-19,settled,687.07,USD
binance:6582456473,2026-08-20,2026-08-19,settled,232.92,USD
coinbase:1073148391,2026-08-20,2026-08-19,settled,0.00,USD
kraken:105348579,2026-08-20,2026-08-19,settled,1029.97,USD
binance:6582456474,2026-08-20,2026-08-19,settled,2065.32,USD
coinbase:1073148392,2026-08-20,2026-08-19,settled,0.00,USD
coinbase:1073148393,2026-08-20,2026-08-19,settled,47.42,USD
binance:6582456475,2026-08-20,2026-08-19,settled,5.50,USD
coinbase:1073148394,2026-08-20,2026-08-19,settled,2.19,USD
coinbase:1073148395,2026-08-20,2026-08-19,settled,0.00,USD
binance:6582456476,2026-08-20,2026-08-19,settled,10374.69,USD
binance:6582456478,2026-08-20,2026-08-19,settled,107.18,USD
binance:6582456479,2026-08-20,2026-08-19,settled,618.36,USD
binance:6582456480,2026-08-20,2026-08-19,settled,755.77,USD
binance:6582456481,2026-08-20,2026-08-19,settled,1374.13,USD
binance:6582456482,2026-08-20,2026-08-19,settled,618.36,USD
binance:6582456483,2026-08-20,2026-08-19,settled,1236.72,USD
coinbase:1073148396,2026-08-20,2026-08-19,settled,0.02,USD
coinbase:1073148399,2026-08-20,2026-08-19,settled,9947.96,USD
coinbase:1073148398,2026-08-20,2026-08-19,settled,7.95,USD
coinbase:1073148397,2026-08-20,2026-08-19,settled,7673.27,USD
binance:6582456484,2026-08-20,2026-08-22,settled,2748.26,USD
binance:6582456485,2026-08-20,2026-08-19,settled,1374.13,USD
binance:6582456498,2026-08-20,2026-08-19,settled,618.36,USD
binance:6582456499,2026-08-20,2026-08-19,settled,4192.47,USD
binance:6582456500,2026-08-20,2026-08-19,settled,755.77,USD
coinbase:1073148400,2026-08-20,2026-08-19,settled,0.02,USD
coinbase:1073148403,2026-08-20,2026-08-19,settled,0.04,USD
coinbase:1073148402,2026-08-20,2026-08-19,settled,1.17,USD
coinbase:1073148401,2026-08-20,2026-08-19,settled,1.17,USD
binance:6582456509,2026-08-20,2026-08-19,settled,448.65,USD
binance:6582456510,2026-08-20,2026-08-19,settled,1236.72,USD
binance:6582456515,2026-08-20,2026-08-19,settled,687.07,USD
binance:6582456516,2026-08-24,2026-08-21,settled,618.36,USD
binance:6582456518,2026-08-20,2026-08-19,settled,125.05,USD
binance:6582456519,2026-08-20,2026-08-19,settled,15.12,USD
binance:6582456520,2026-08-20,2026-08-19,settled,171.77,USD
binance:6582456521,2026-08-20,2026-08-19,settled,2748.26,USD
binance:6582456522,2026-08-20,2026-08-19,settled,1374.13,USD
binance:6582456523,2026-08-20,2026-08-19,settled,10000.24,USD
binance:6582456524,2026-08-20,2026-08-19,settled,6.87,USD
binance:6582456525,2026-08-20,2026-08-19,settled,693.94,USD
binance:6582456556,2026-08-20,2026-08-19,settled,43.97,USD
binance:6582456564,2026-08-20,2026-08-19,settled,5.50,USD
binance:6582456565,2026-08-20,2026-08-19,settled,16.49,USD
binance:6582456568,2026-08-20,2026-08-19,settled,10.99,USD
binance:6582456570,2026-08-20,2026-08-19,settled,11.68,USD
binance:6582456572,2026-08-20,2026-08-19,settled,5.50,USD
binance:6582456573,2026-08-20,2026-08-19,settled,16.49,USD
binance:6582456576,2026-08-20,2026-08-19,settled,16.49,USD
binance:6582456579,2026-08-20,2026-08-19,settled,1291.04,USD
binance:6582456580,2026-08-20,2026-08-19,settled,105.81,USD
binance:6582456599,2026-08-20,2026-08-19,settled,38.48,USD
binance:6582456606,2026-08-20,2026-08-19,settled,16.49,USD
binance:6582456609,2026-08-20,2026-08-19,settled,79.02,USD
binance:6582456623,2026-08-20,2026-08-19,settled,10.99,USD
binance:6582456625,2026-08-20,2026-08-19,settled,12.37,USD
binance:6582456626,2026-08-20,2026-08-19,settled,16.49,USD
binance:6582456629,2026-08-20,2026-08-19,settled,1117.93,USD
binance:6582456630,2026-08-20,2026-08-19,settled,618.40,USD
binance:6582456631,2026-08-20,2026-08-19,settled,755.83,USD
binance:6582456635,2026-08-20,2026-08-19,settled,618.40,USD
binance:6582456636,2026-08-20,2026-08-19,settled,259.04,USD
binance:6582456637,2026-08-20,2026-08-19,settled,414.33,USD
binance:6582456638,2026-08-20,2026-08-19,settled,468.61,USD
binance:6582456639,2026-08-20,2026-08-19,settled,5.50,USD
binance:6582456640,2026-08-20,2026-08-19,settled,345.62,USD
binance:6582456641,2026-08-20,2026-08-19,settled,601.91,USD
binance:6582456642,2026-08-20,2026-08-19,settled,757.89,USD
binance:6582456643,2026-08-20,2026-08-19,settled,298.21,USD
binance:6582456644,2026-08-20,2026-08-19,settled,718.03,USD
binance:6582456656,2026-08-20,2026-08-19,settled,490.60,USD
binance:6582456657,2026-08-20,2026-08-19,settled,1214.13,USD
binance:6582456658,2026-08-24,2026-08-22,settled,294.77,USD
binance:6582456659,2026-08-20,2026-08-19,settled,501.59,USD
binance:6582456660,2026-08-20,2026-08-19,settled,206.13,USD
binance:6582456661,2026-08-20,2026-08-19,settled,7257.99,USD
binance:6582456678,2026-08-20,2026-08-19,settled,21.99,USD
binance:6582456682,2026-08-20,2026-08-19,settled,10.99,USD
binance:6582456684,2026-08-20,2026-08-19,settled,11.68,USD
binance:6582456686,2026-08-20,2026-08-19,settled,16.49,USD
coinbase:1073148406,2026-08-20,2026-08-19,settled,1.17,USD
coinbase:1073148405,2026-08-20,2026-08-19,settled,1991.79,USD
coinbase:1073148408,2026-08-20,2026-08-19,settled,1000.00,USD
coinbase:1073148407,2026-08-20,2026-08-19,settled,1000.00,USD
coinbase:1073148409,2026-08-20,2026-08-19,settled,0.00,USD
binance:6582456689,2026-08-20,2026-08-21,settled,40.54,USD
coinbase:1073148410,2026-08-21,2026-08-20,settled,0.41,USD
binance:6582456691,2026-08-20,2026-08-19,settled,673.38,USD
coinbase:1073148411,2026-08-20,2026-08-19,settled,0.00,USD
coinbase:1073148412,2026-08-20,2026-08-19,settled,0.00,USD
binance:6582456692,2026-08-20,2026-08-19,settled,68.71,USD
binance:6582456693,2026-08-20,2026-08-19,settled,137.42,USD
binance:6582456694,2026-08-20,2026-08-19,settled,68.71,USD
binance:6582456695,2026-08-20,2026-08-19,settled,68.71,USD
binance:6582456696,2026-08-20,2026-08-19,settled,6545.49,USD
coinbase:1073148414,2026-08-20,2026-08-19,settled,1.17,USD
coinbase:1073148413,2026-08-20,2026-08-19,settled,1.17,USD
binance:6582456697,2026-08-20,2026-08-19,settled,206.14,USD
binance:6582456698,2026-08-20,2026-08-19,settled,1236.81,USD
binance:6582456699,2026-08-20,2026-08-19,settled,618.41,USD
binance:6582456700,2026-08-20,2026-08-19,settled,755.83,USD
coinbase:1073148415,2026-08-20,2026-08-19,settled,23.70,USD
coinbase:1073148416,2026-08-20,2026-08-19,settled,0.01,USD
binance:6582456701,2026-08-20,2026-08-19,settled,6.87,USD
binance:6582456702,2026-08-20,2026-08-19,settled,618.41,USD
binance:6582456703,2026-08-20,2026-08-19,settled,206.14,USD
binance:6582456704,2026-08-20,2026-08-19,settled,121.62,USD
binance:6582456705,2026-08-20,2026-08-19,settled,343.56,USD
binance:6582456706,2026-08-20,2026-08-19,settled,359.36,USD
binance:6582456707,2026-08-20,2026-08-19,settled,360.05,USD
binance:6582456708,2026-08-20,2026-08-19,settled,171.78,USD
binance:6582456709,2026-08-20,2026-08-19,settled,2000.89,USD
coinbase:1073148417,2026-08-20,2026-08-19,settled,0.00,USD
binance:6582456710,2026-08-20,2026-08-19,settled,499.54,USD
coinbase:1073148420,2026-08-20,2026-08-19,settled,360.82,USD
coinbase:1073148418,2026-08-20,2026-08-19,settled,420.00,USD
binance:6582456711,2026-08-20,2026-08-19,settled,8.93,USD
coinbase:1073148421,2026-08-20,2026-08-19,settled,0.00,USD
coinbase:1073148422,2026-08-20,2026-08-19,settled,0.01,USD
coinbase:1073148423,2026-08-20,2026-08-19,settled,0.00,USD
coinbase:1073148424,2026-08-20,2026-08-19,settled,4.70,USD
coinbase:1073148426,2026-08-20,2026-08-19,settled,173.48,USD
coinbase:1073148425,2026-08-20,2026-08-19,settled,420.00,USD
binance:6582456712,2026-08-20,2026-08-19,settled,151.17,USD
coinbase:1073148427,2026-08-20,2026-08-19,settled,0.00,USD
coinbase:1073148429,2026-08-20,2026-08-19,settled,590.23,USD
coinbase:1073148430,2026-08-20,2026-08-19,settled,0.01,USD
coinbase:1073148431,2026-08-20,2026-08-19,settled,0.00,USD
binance:6582456713,2026-08-20,2026-08-19,settled,755.83,USD
binance:6582456714,2026-08-20,2026-08-19,settled,618.41,USD
binance:6582456715,2026-08-20,2026-08-19,settled,618.41,USD
binance:6582456716,2026-08-20,2026-08-19,settled,13646.17,USD
coinbase:1073148432,2026-08-20,2026-08-19,settled,0.00,USD
binance:6582456717,2026-08-20,2026-08-19,settled,206.14,USD
coinbase:1073148433,2026-08-20,2026-08-19,settled,0.00,USD
coinbase:1073148434,2026-08-20,2026-08-19,settled,0.00,USD
coinbase:1073148435,2026-08-20,2026-08-19,settled,0.01,USD
binance:6582456718,2026-08-20,2026-08-19,settled,6.87,USD
coinbase:1073148436,2026-08-20,2026-08-19,settled,0.00,USD
binance:6582456719,2026-08-20,2026-08-19,settled,65.96,USD
coinbase:1073148437,2026-08-20,2026-08-19,settled,99.05,USD
binance:6582456720,2026-08-20,2026-08-19,settled,60.47,USD
coinbase:1073148438,2026-08-20,2026-08-19,settled,0.00,USD
coinbase:1073148440,2026-08-20,2026-08-19,settled,5224.86,USD
coinbase:1073148439,2026-08-20,2026-08-19,settled,420.00,USD
coinbase:1073148441,2026-08-20,2026-08-19,settled,4642.11,USD
coinbase:1073148442,2026-08-20,2026-08-19,settled,42.03,USD
coinbase:1073148443,2026-08-20,2026-08-19,settled,21.81,USD
coinbase:1073148444,2026-08-20,2026-08-19,settled,178.50,USD
coinbase:1073148445,2026-08-20,2026-08-19,settled,97.64,USD
coinbase:1073148446,2026-08-20,2026-08-19,settled,420.00,USD
coinbase:1073148447,2026-08-20,2026-08-19,settled,419.99,USD
coinbase:1073148448,2026-08-20,2026-08-19,settled,2122.50,USD
coinbase:1073148449,2026-08-20,2026-08-19,settled,70.68,USD
binance:6582456721,2026-08-20,2026-08-19,settled,618.41,USD
binance:6582456722,2026-08-20,2026-08-19,settled,618.41,USD
binance:6582456723,2026-08-20,2026-08-19,settled,755.83,USD
binance:6582456724,2026-08-20,2026-08-19,settled,206.14,USD
coinbase:1073148451,2026-08-20,2026-08-19,settled,4245.84,USD
coinbase:1073148450,2026-08-20,2026-08-19,settled,420.00,USD
coinbase:1073148452,2026-08-20,2026-08-19,settled,420.00,USD
coinbase:1073148453,2026-08-20,2026-08-19,settled,0.01,USD
coinbase:1073148454,2026-08-20,2026-08-19,settled,9.90,USD
coinbase:1073148455,2026-08-20,2026-08-19,settled,156.59,USD
binance:6582456725,2026-08-20,2026-08-19,settled,5674.91,USD
binance:6582456728,2026-08-20,2026-08-19,settled,109.25,USD
binance:6582456729,2026-08-20,2026-08-19,settled,67.34,USD
coinbase:1073148456,2026-08-20,2026-08-19,settled,28.50,USD
binance:6582456730,2026-08-20,2026-08-19,settled,68.02,USD
coinbase:1073148457,2026-08-20,2026-08-19,settled,19.44,USD
coinbase:1073148458,2026-08-20,2026-08-19,settled,0.00,USD
binance:6582456731,2026-08-20,2026-08-19,settled,60.47,USD
binance:6582456732,2026-08-20,2026-08-19,settled,109.25,USD
coinbase:1073148459,2026-08-20,2026-08-19,settled,124.62,USD
binance:6582456733,2026-08-20,2026-08-19,settled,67.34,USD
binance:6582456734,2026-08-20,2026-08-19,settled,68.02,USD
binance:6582456735,2026-08-20,2026-08-19,settled,60.47,USD
binance:6582456736,2026-08-20,2026-08-19,settled,105.13,USD
coinbase:1073148460,2026-08-20,2026-08-19,settled,19.81,USD
binance:6582456737,2026-08-20,2026-08-19,settled,32.29,USD
coinbase:1073148462,2026-08-20,2026-08-19,settled,0.00,USD
coinbase:1073148463,2026-08-20,2026-08-19,settled,23.72,USD
coinbase:1073148464,2026-08-20,2026-08-19,settled,0.00,USD
binance:6582456738,2026-08-20,2026-08-19,settled,3339.39,USD
binance:6582456739,2026-08-20,2026-08-19,settled,151.85,USD
kraken:105348581,2026-08-20,2026-08-19,settled,4.65,USD
coinbase:1073148465,2026-08-24,2026-08-21,settled,0.00,USD
coinbase:1073148466,2026-08-20,2026-08-19,settled,0.00,USD
binance:6582456740,2026-08-20,2026-08-19,settled,6.87,USD
binance:6582456741,2026-08-20,2026-08-19,settled,1620.91,USD
coinbase:1073148467,2026-08-20,2026-08-19,settled,0.00,USD
coinbase:1073148468,2026-08-20,2026-08-19,settled,494.07,USD
binance:6582456742,2026-08-20,2026-08-19,settled,10993.89,USD
binance:6582456743,2026-08-20,2026-08-22,settled,10000.32,USD
binance:6582456745,2026-08-20,2026-08-19,settled,6.87,USD
coinbase:1073148469,2026-08-20,2026-08-19,settled,0.00,USD
coinbase:1073148471,2026-08-20,2026-08-19,settled,7901.05,USD
coinbase:1073148470,2026-08-20,2026-08-19,settled,1744.63,USD
coinbase:1073148473,2026-08-20,2026-08-19,settled,859.80,USD
coinbase:1073148472,2026-08-20,2026-08-19,settled,1000.00,USD
coinbase:1073148474,2026-08-20,2026-08-22,settled,2668.70,USD
coinbase:1073148476,2026-08-20,2026-08-19,settled,2165.97,USD
binance:6582456746,2026-08-20,2026-08-19,settled,687.12,USD
binance:6582456756,2026-08-20,2026-08-19,settled,122.99,USD
binance:6582456757,2026-08-20,2026-08-19,settled,100.32,USD
coinbase:1073148478,2026-08-20,2026-08-19,settled,3331.60,USD
coinbase:1073148477,2026-08-20,2026-08-19,settled,1.17,USD
coinbase:1073148479,2026-08-20,2026-08-19,settled,0.00,USD
binance:6582456758,2026-08-20,2026-08-19,settled,14.43,USD
coinbase:1073148480,2026-08-20,2026-08-19,settled,90.80,USD
coinbase:1073148481,2026-08-20,2026-08-19,settled,0.01,USD
binance:6582456759,2026-08-20,2026-08-19,settled,1077.40,USD
coinbase:1073148482,2026-08-20,2026-08-19,settled,0.00,USD
binance:6582456760,2026-08-20,2026-08-19,settled,83.14,USD
binance:6582456761,2026-08-20,2026-08-19,settled,1005.25,USD
coinbase:1073148483,2026-08-20,2026-08-19,settled,0.00,USD
binance:6582456762,2026-08-20,2026-08-19,settled,24.74,USD
binance:6582456763,2026-08-20,2026-08-19,settled,46.04,USD
coinbase:1073148484,2026-08-20,2026-08-19,settled,0.00,USD
coinbase:1073148485,2026-08-20,2026-08-19,settled,0.00,USD
binance:6582456764,2026-08-20,2026-08-19,settled,893.25,USD
binance:6582456765,2026-08-20,2026-08-19,settled,10.99,USD
binance:6582456766,2026-08-20,2026-08-19,settled,68.02,USD
coinbase:1073148486,2026-08-20,2026-08-19,settled,0.00,USD
binance:6582456767,2026-08-20,2026-08-19,settled,503.66,USD
binance:6582456768,2026-08-20,2026-08-19,settled,408.84,USD
binance:6582456769,2026-08-20,2026-08-19,settled,50.16,USD
coinbase:1073148487,2026-08-20,2026-08-19,settled,0.00,USD
binance:6582456770,2026-08-20,2026-08-19,settled,1671.07,USD
coinbase:1073148488,2026-08-20,2026-08-22,settled,0.00,USD
binance:6582456778,2026-08-20,2026-08-19,settled,239.12,USD
binance:6582456779,2026-08-20,2026-08-19,settled,68.71,USD
binance:6582456780,2026-08-24,2026-08-22,settled,470.68,USD
coinbase:1073148489,2026-08-20,2026-08-19,settled,0.00,USD
coinbase:1073148491,2026-08-20,2026-08-19,settled,566.56,USD
coinbase:1073148490,2026-08-20,2026-08-19,settled,679.97,USD
coinbase:1073148492,2026-08-20,2026-08-19,settled,948.67,USD
binance:6582456781,2026-08-20,2026-08-19,settled,1999.51,USD
coinbase:1073148493,2026-08-20,2026-08-19,settled,0.00,USD
coinbase:1073148494,2026-08-20,2026-08-19,settled,0.01,USD
binance:6582456782,2026-08-20,2026-08-19,settled,6.87,USD
coinbase:1073148495,2026-08-20,2026-08-19,settled,0.01,USD
binance:6582456783,2026-08-20,2026-08-19,settled,3553.78,USD
coinbase:1073148496,2026-08-20,2026-08-19,settled,0.00,USD
binance:6582456788,2026-08-20,2026-08-19,settled,2000.89,USD
kraken:105348582,2026-08-20,2026-08-19,settled,630.98,USD
binance:6582456789,2026-08-20,2026-08-19,settled,189.64,USD
coinbase:1073148497,2026-08-20,2026-08-19,settled,0.00,USD
binance:6582456790,2026-08-20,2026-08-19,settled,7.56,USD
coinbase:1073148498,2026-08-20,2026-08-19,settled,316.84,USD
binance:6582456791,2026-08-20,2026-08-19,settled,68.71,USD
binance:6582456792,2026-08-20,2026-08-19,settled,5318.98,USD
binance:6582456799,2026-08-20,2026-08-19,settled,25.42,USD
binance:6582456800,2026-08-20,2026-08-19,settled,192.39,USD
binance:6582456801,2026-08-20,2026-08-19,settled,99.63,USD
binance:6582456802,2026-08-20,2026-08-19,settled,447.31,USD
binance:6582456803,2026-08-20,2026-08-19,settled,289.28,USD
binance:6582456804,2026-08-20,2026-08-19,settled,49.47,USD
binance:6582456805,2026-08-20,2026-08-19,settled,33.67,USD
coinbase:1073148499,2026-08-20,2026-08-19,settled,98.99,USD
coinbase:1073148500,2026-08-20,2026-08-19,settled,97.18,USD
coinbase:1073148501,2026-08-20,2026-08-19,settled,0.00,USD
coinbase:1073148505,2026-08-20,2026-08-19,settled,552.91,USD
coinbase:1073148504,2026-08-20,2026-08-19,settled,7.95,USD
coinbase:1073148503,2026-08-20,2026-08-19,settled,499.97,USD
coinbase:1073148502,2026-08-24,2026-08-21,settled,1854.54,USD
coinbase:1073148506,2026-08-20,2026-08-19,settled,0.01,USD
binance:6582456806,2026-08-20,2026-08-19,settled,499.53,USD
coinbase:1073148508,2026-08-20,2026-08-19,settled,0.98,USD
binance:6582456807,2026-08-20,2026-08-19,settled,79.71,USD
coinbase:1073148510,2026-08-20,2026-08-19,settled,0.00,USD
coinbase:1073148512,2026-08-20,2026-08-19,settled,1311.90,USD
coinbase:1073148511,2026-08-20,2026-08-19,settled,4.75,USD
kraken:105348583,2026-08-20,2026-08-19,settled,1281.04,USD
binance:6582456809,2026-08-20,2026-08-19,settled,13.74,USD
binance:6582456810,2026-08-24,2026-08-21,settled,24.74,USD
coinbase:1073148513,2026-08-20,2026-08-19,settled,0.00,USD
coinbase:1073148514,2026-08-20,2026-08-19,settled,1009.84,USD
coinbase:1073148515,2026-08-20,2026-08-19,settled,0.00,USD
coinbase:1073148516,2026-08-20,2026-08-19,settled,0.00,USD
binance:6582456811,2026-08-20,2026-08-19,settled,316.07,USD
coinbase:1073148517,2026-08-20,2026-08-19,settled,0.00,USD
coinbase:1073148518,2026-08-20,2026-08-21,settled,0.01,USD
coinbase:1073148519,2026-08-20,2026-08-19,settled,0.00,USD
coinbase:1073148520,2026-08-20,2026-08-19,settled,15.09,USD
coinbase:1073148522,2026-08-20,2026-08-19,settled,51.48,USD
coinbase:1073148521,2026-08-20,2026-08-19,settled,104.13,USD
binance:6582456812,2026-08-20,2026-08-19,settled,2729.23,USD
coinbase:1073148523,2026-08-24,2026-08-21,settled,0.00,USD
binance:6582456813,2026-08-20,2026-08-19,settled,687.12,USD
binance:6582456814,2026-08-20,2026-08-19,settled,803.93,USD
binance:6582456816,2026-08-20,2026-08-19,settled,6.87,USD
binance:6582456818,2026-08-20,2026-08-19,settled,15122.79,USD
binance:6582456819,2026-08-20,2026-08-19,settled,33396.01,USD
binance:6582456820,2026-08-24,2026-08-21,settled,22015.96,USD
binance:6582456821,2026-08-20,2026-08-19,settled,105373.71,USD
coinbase:1073148526,2026-08-20,2026-08-19,settled,1991.88,USD
coinbase:1073148525,2026-08-20,2026-08-19,settled,3195.05,USD
coinbase:1073148524,2026-08-20,2026-08-19,settled,200.54,USD
coinbase:1073148528,2026-08-20,2026-08-19,settled,4852.88,USD
coinbase:1073148527,2026-08-20,2026-08-19,settled,6.97,USD
coinbase:1073148531,2026-08-20,2026-08-19,settled,1000.00,USD
coinbase:1073148530,2026-08-20,2026-08-19,settled,1000.00,USD
coinbase:1073148529,2026-08-20,2026-08-19,settled,5096.74,USD
coinbase:1073148535,2026-08-20,2026-08-19,settled,74.39,USD
coinbase:1073148534,2026-08-20,2026-08-19,settled,1.17,USD
coinbase:1073148536,2026-08-20,2026-08-19,settled,0.00,USD
binance:6582456822,2026-08-20,2026-08-19,settled,51.53,USD
coinbase:1073148537,2026-08-20,2026-08-19,settled,26.64,USD
binance:6582456823,2026-08-20,2026-08-19,settled,85.20,USD
coinbase:1073148538,2026-08-20,2026-08-19,settled,0.00,USD
coinbase:1073148540,2026-08-20,2026-08-19,settled,580.26,USD
coinbase:1073148539,2026-08-20,2026-08-19,settled,420.00,USD
binance:6582456824,2026-08-20,2026-08-19,settled,167.66,USD
kraken:105348584,2026-08-24,2026-08-21,settled,50.00,USD
kraken:105348585,2026-08-20,2026-08-19,settled,6.87,USD
kraken:105348586,2026-08-20,2026-08-19,settled,68.66,USD
kraken:105348587,2026-08-20,2026-08-19,settled,3.50,USD
kraken:105348588,2026-08-20,2026-08-19,settled,3.50,USD
kraken:105348589,2026-08-20,2026-08-19,settled,51282.22,USD
kraken:105348590,2026-08-20,2026-08-19,settled,13562.31,USD
kraken:105348591,2026-08-20,2026-08-19,settled,41176.09,USD
kraken:105348592,2026-08-20,2026-08-19,settled,15711.06,USD
kraken:105348593,2026-08-20,2026-08-19,settled,8387.93,USD
binance:6582456825,2026-08-20,2026-08-19,settled,5.50,USD
binance:6582456826,2026-08-20,2026-08-19,settled,6572.29,USD
coinbase:1073148541,2026-08-20,2026-08-19,settled,0.00,USD
coinbase:1073148542,2026-08-20,2026-08-19,settled,55.56,USD
coinbase:1073148543,2026-08-20,2026-08-19,settled,0.00,USD
kraken:105348594,2026-08-20,2026-08-19,settled,4.17,USD
kraken:105348595,2026-08-20,2026-08-19,settled,27015.17,USD
binance:6582456829,2026-08-20,2026-08-19,settled,12.37,USD
coinbase:1073148544,2026-08-20,2026-08-19,settled,8.60,USD
coinbase:1073148545,2026-08-20,2026-08-19,settled,0.00,USD
binance:6582456830,2026-08-20,2026-08-19,settled,14265.26,USD
binance:6582456835,2026-08-20,2026-08-19,settled,5.50,USD
coinbase:1073148546,2026-08-20,2026-08-19,settled,0.01,USD
coinbase:1073148547,2026-08-20,2026-08-19,settled,0.00,USD
coinbase:1073148548,2026-08-20,2026-08-19,settled,0.01,USD
coinbase:1073148549,2026-08-20,2026-08-19,settled,0.00,USD
coinbase:1073148551,2026-08-20,2026-08-19,settled,1311.99,USD
coinbase:1073148550,2026-08-20,2026-08-19,settled,411.37,USD
coinbase:1073148553,2026-08-20,2026-08-19,settled,1000.00,USD
coinbase:1073148552,2026-08-20,2026-08-19,settled,1000.00,USD
coinbase:1073148554,2026-08-20,2026-08-19,settled,419.99,USD
coinbase:1073148556,2026-08-20,2026-08-19,settled,4928.03,USD
coinbase:1073148555,2026-08-20,2026-08-19,settled,200.54,USD
coinbase:1073148558,2026-08-20,2026-08-19,settled,19.80,USD
binance:6582456836,2026-08-20,2026-08-22,settled,54.28,USD
coinbase:1073148559,2026-08-20,2026-08-19,settled,15.85,USD
coinbase:1073148560,2026-08-20,2026-08-19,settled,56.63,USD
coinbase:1073148561,2026-08-20,2026-08-19,settled,1.17,USD
binance:6582456837,2026-08-20,2026-08-19,settled,8.93,USD
coinbase:1073148563,2026-08-20,2026-08-19,settled,388.71,USD
coinbase:1073148564,2026-08-20,2026-08-22,settled,412.09,USD
binance:6582456838,2026-08-20,2026-08-19,settled,96.88,USD
coinbase:1073148565,2026-08-20,2026-08-19,settled,0.01,USD
binance:6582456840,2026-08-20,2026-08-19,settled,7999.43,USD
binance:6582456841,2026-08-20,2026-08-19,settled,8.25,USD
coinbase:1073148566,2026-08-20,2026-08-19,settled,0.00,USD
coinbase:1073148567,2026-08-20,2026-08-19,settled,0.01,USD
coinbase:1073148568,2026-08-20,2026-08-19,settled,971.94,USD
binance:6582456842,2026-08-20,2026-08-19,settled,140.86,USD
binance:6582456843,2026-08-20,2026-08-19,settled,19.93,USD
binance:6582456844,2026-08-20,2026-08-19,settled,6572.29,USD
coinbase:1073148569,2026-08-20,2026-08-19,settled,0.00,USD
binance:6582456845,2026-08-20,2026-08-19,settled,13.06,USD
coinbase:1073148570,2026-08-20,2026-08-19,settled,0.00,USD
coinbase:1073148571,2026-08-20,2026-08-19,settled,101.00,USD
binance:6582456846,2026-08-20,2026-08-19,settled,2061.35,USD
kraken:105348597,2026-08-20,2026-08-19,settled,99920.95,USD
coinbase:1073148572,2026-08-20,2026-08-19,settled,0.00,USD
binance:6582456847,2026-08-20,2026-08-19,settled,687.12,USD
binance:6582456848,2026-08-20,2026-08-19,settled,48.10,USD
coinbase:1073148573,2026-08-20,2026-08-19,settled,0.02,USD
binance:6582456849,2026-08-20,2026-08-19,settled,1236.81,USD
binance:6582456850,2026-08-20,2026-08-19,settled,618.41,USD
binance:6582456851,2026-08-20,2026-08-19,settled,618.41,USD
binance:6582456852,2026-08-20,2026-08-19,settled,6.87,USD
binance:6582456853,2026-08-20,2026-08-19,settled,206.14,USD
coinbase:1073148574,2026-08-20,2026-08-19,settled,0.00,USD
coinbase:1073148575,2026-08-20,2026-08-19,settled,0.00,USD
binance:6582456854,2026-08-20,2026-08-19,settled,21.30,USD
coinbase:1073148576,2026-08-20,2026-08-19,settled,0.00,USD
coinbase:1073148577,2026-08-20,2026-08-19,settled,0.00,USD
coinbase:1073148578,2026-08-20,2026-08-19,settled,252.42,USD
coinbase:1073148579,2026-08-20,2026-08-19,settled,0.00,USD
kraken:105348599,2026-08-20,2026-08-19,settled,4.72,USD
binance:6582456855,2026-08-20,2026-08-19,settled,999.76,USD
coinbase:1073148580,2026-08-20,2026-08-19,settled,0.00,USD
binance:6582456856,2026-08-20,2026-08-19,settled,483.04,USD
coinbase:1073148581,2026-08-20,2026-08-19,settled,0.00,USD
coinbase:1073148582,2026-08-20,2026-08-19,settled,0.02,USD
coinbase:1073148583,2026-08-20,2026-08-19,settled,0.00,USD
binance:6582456857,2026-08-20,2026-08-19,settled,18.55,USD
binance:6582456858,2026-08-20,2026-08-19,settled,1023.12,USD
coinbase:1073148584,2026-08-20,2026-08-22,settled,22.76,USD
coinbase:1073148585,2026-08-20,2026-08-19,settled,0.00,USD
binance:6582456859,2026-08-20,2026-08-19,settled,1402.41,USD
coinbase:1073148586,2026-08-20,2026-08-19,settled,0.01,USD
kraken:105348600,2026-08-20,2026-08-19,settled,240.20,USD
coinbase:1073148588,2026-08-20,2026-08-19,settled,5.49,USD
coinbase:1073148587,2026-08-20,2026-08-22,settled,1.37,USD
coinbase:1073148589,2026-08-20,2026-08-19,settled,0.00,USD
binance:6582456863,2026-08-20,2026-08-19,settled,239.80,USD
coinbase:1073148590,2026-08-20,2026-08-19,settled,0.00,USD
coinbase:1073148591,2026-08-20,2026-08-19,settled,0.00,USD
coinbase:1073148592,2026-08-20,2026-08-19,settled,0.00,USD
binance:6582456865,2026-08-20,2026-08-19,settled,13.06,USD
coinbase:1073148593,2026-08-20,2026-08-19,settled,0.00,USD
binance:6582456866,2026-08-20,2026-08-19,settled,30.23,USD
binance:6582456867,2026-08-20,2026-08-19,settled,5.50,USD
binance:6582456868,2026-08-20,2026-08-19,settled,997.70,USD
coinbase:1073148594,2026-08-20,2026-08-19,settled,0.01,USD
coinbase:1073148595,2026-08-20,2026-08-19,settled,0.00,USD
coinbase:1073148597,2026-08-20,2026-08-19,settled,23.41,USD
coinbase:1073148596,2026-08-20,2026-08-19,settled,71.46,USD
binance:6582456869,2026-08-20,2026-08-19,settled,1622.97,USD
binance:6582456870,2026-08-20,2026-08-19,settled,43.29,USD
binance:6582456871,2026-08-20,2026-08-19,settled,1499.98,USD
binance:6582456872,2026-08-20,2026-08-19,settled,2000.89,USD
binance:6582456873,2026-08-20,2026-08-19,settled,1236.81,USD
binance:6582456874,2026-08-20,2026-08-19,settled,618.41,USD
binance:6582456875,2026-08-20,2026-08-19,settled,206.14,USD
binance:6582456876,2026-08-20,2026-08-19,settled,39.17,USD
coinbase:1073148598,2026-08-20,2026-08-19,settled,2.19,USD
coinbase:1073148600,2026-08-20,2026-08-19,settled,5392.67,USD
coinbase:1073148599,2026-08-20,2026-08-19,settled,2975.24,USD
coinbase:1073148601,2026-08-20,2026-08-19,settled,0.00,USD
coinbase:1073148602,2026-08-20,2026-08-19,settled,0.00,USD
coinbase:1073148604,2026-08-20,2026-08-19,settled,0.00,USD
binance:6582456877,2026-08-20,2026-08-19,settled,202.70,USD
coinbase:1073148605,2026-08-20,2026-08-19,settled,0.00,USD
coinbase:1073148606,2026-08-20,2026-08-19,settled,0.00,USD
coinbase:1073148607,2026-08-20,2026-08-19,settled,0.00,USD
kraken:105348601,2026-08-20,2026-08-19,settled,48.81,USD
coinbase:1073148609,2026-08-20,2026-08-19,settled,0.00,USD
binance:6582456878,2026-08-20,2026-08-19,settled,6.87,USD
binance:6582456879,2026-08-20,2026-08-19,settled,1374.24,USD
binance:6582456880,2026-08-20,2026-08-19,settled,261.10,USD
coinbase:1073148612,2026-08-20,2026-08-19,settled,3000.84,USD
coinbase:1073148611,2026-08-20,2026-08-19,settled,695.34,USD
coinbase:1073148610,2026-08-20,2026-08-19,settled,1586.42,USD
coinbase:1073148617,2026-08-20,2026-08-19,settled,199.99,USD
coinbase:1073148616,2026-08-20,2026-08-19,settled,1000.00,USD
coinbase:1073148615,2026-08-20,2026-08-19,settled,1000.00,USD
coinbase:1073148614,2026-08-20,2026-08-19,settled,1991.85,USD
coinbase:1073148613,2026-08-20,2026-08-19,settled,439.58,USD
coinbase:1073148618,2026-08-20,2026-08-19,settled,2.19,USD
coinbase:1073148621,2026-08-20,2026-08-19,settled,5774.42,USD
coinbase:1073148620,2026-08-20,2026-08-19,settled,1.17,USD
coinbase:1073148619,2026-08-20,2026-08-19,settled,198.36,USD
coinbase:1073148622,2026-08-20,2026-08-19,settled,2.19,USD
coinbase:1073148631,2026-08-20,2026-08-19,settled,25603.63,USD
coinbase:1073148630,2026-08-20,2026-08-19,settled,12166.70,USD
coinbase:1073148629,2026-08-20,2026-08-19,settled,1.17,USD
coinbase:1073148628,2026-08-20,2026-08-19,settled,1.17,USD
coinbase:1073148627,2026-08-20,2026-08-19,settled,75.01,USD
coinbase:1073148626,2026-08-20,2026-08-19,settled,1.17,USD
coinbase:1073148625,2026-08-20,2026-08-19,settled,686.91,USD
coinbase:1073148624,2026-08-20,2026-08-19,settled,3.46,USD
coinbase:1073148623,2026-08-20,2026-08-19,settled,4091.41,USD
coinbase:1073148632,2026-08-20,2026-08-19,settled,2.19,USD
coinbase:1073148639,2026-08-20,2026-08-19,settled,4340.68,USD
coinbase:1073148638,2026-08-20,2026-08-19,settled,687.04,USD
coinbase:1073148637,2026-08-20,2026-08-22,settled,1.17,USD
coinbase:1073148636,2026-08-20,2026-08-19,settled,8537.77,USD
coinbase:1073148635,2026-08-20,2026-08-19,settled,152.70,USD
coinbase:1073148634,2026-08-20,2026-08-19,settled,104.42,USD
coinbase:1073148633,2026-08-20,2026-08-19,settled,16405.18,USD
coinbase:1073148645,2026-08-20,2026-08-19,settled,11177.41,USD
coinbase:1073148644,2026-08-20,2026-08-19,settled,2748.23,USD
coinbase:1073148643,2026-08-20,2026-08-19,settled,1374.11,USD
coinbase:1073148642,2026-08-20,2026-08-19,settled,4847.15,USD
coinbase:1073148641,2026-08-20,2026-08-19,settled,1.17,USD
coinbase:1073148640,2026-08-20,2026-08-19,settled,6811.45,USD
coinbase:1073148647,2026-08-20,2026-08-19,settled,0.00,USD
binance:6582456881,2026-08-20,2026-08-19,settled,6.87,USD
coinbase:1073148648,2026-08-20,2026-08-19,settled,0.01,USD
binance:6582456882,2026-08-20,2026-08-19,settled,6572.29,USD
binance:6582456883,2026-08-20,2026-08-19,settled,10.99,USD
binance:6582456884,2026-08-20,2026-08-19,settled,10.99,USD
binance:6582456885,2026-08-20,2026-08-19,settled,10.99,USD
binance:6582456886,2026-08-20,2026-08-19,settled,99.63,USD
coinbase:1073148649,2026-08-20,2026-08-19,settled,0.00,USD
coinbase:1073148650,2026-08-20,2026-08-19,settled,1.70,USD
binance:6582456887,2026-08-20,2026-08-19,settled,13.06,USD
coinbase:1073148651,2026-08-20,2026-08-19,settled,0.00,USD
coinbase:1073148652,2026-08-20,2026-08-19,settled,0.00,USD
coinbase:1073148653,2026-08-20,2026-08-19,settled,1422.72,USD
binance:6582456888,2026-08-20,2026-08-19,settled,206.14,USD
binance:6582456889,2026-08-20,2026-08-19,settled,3480.94,USD
coinbase:1073148655,2026-08-20,2026-08-19,settled,128.15,USD
coinbase:1073148656,2026-08-20,2026-08-19,settled,0.00,USD
coinbase:1073148657,2026-08-20,2026-08-19,settled,0.00,USD
binance:6582456893,2026-08-20,2026-08-19,settled,7.56,USD
coinbase:1073148658,2026-08-20,2026-08-19,settled,0.00,USD
binance:6582456894,2026-08-20,2026-08-19,settled,10.99,USD
coinbase:1073148659,2026-08-20,2026-08-19,settled,0.00,USD
coinbase:1073148660,2026-08-20,2026-08-19,settled,0.00,USD
coinbase:1073148661,2026-08-20,2026-08-19,settled,0.00,USD
binance:6582456895,2026-08-20,2026-08-19,settled,1956.23,USD
coinbase:1073148662,2026-08-20,2026-08-19,settled,0.00,USD
binance:6582456896,2026-08-20,2026-08-19,settled,89435.32,USD
binance:6582456897,2026-08-20,2026-08-19,settled,101938.12,USD
binance:6582456898,2026-08-20,2026-08-19,settled,97914.36,USD
binance:6582456899,2026-08-20,2026-08-19,settled,21324.03,USD
binance:6582456901,2026-08-20,2026-08-19,settled,68230.85,USD
binance:6582456902,2026-08-20,2026-08-19,settled,3412.23,USD
binance:6582456903,2026-08-20,2026-08-19,settled,26344.80,USD
binance:6582456904,2026-08-20,2026-08-19,settled,8453.62,USD
binance:6582456905,2026-08-20,2026-08-19,settled,14781.29,USD
binance:6582456906,2026-08-20,2026-08-19,settled,12539.91,USD
binance:6582456907,2026-08-20,2026-08-19,settled,274.85,USD
binance:6582456908,2026-08-20,2026-08-19,settled,308.52,USD
binance:6582456909,2026-08-20,2026-08-19,settled,2235.20,USD
binance:6582456910,2026-08-20,2026-08-19,settled,261.10,USD
binance:6582456911,2026-08-20,2026-08-19,settled,6.87,USD
binance:6582456912,2026-08-20,2026-08-19,settled,755.83,USD
binance:6582456913,2026-08-20,2026-08-19,settled,1236.81,USD
binance:6582456914,2026-08-20,2026-08-19,settled,618.41,USD
binance:6582456915,2026-08-20,2026-08-19,settled,618.41,USD
binance:6582456916,2026-08-20,2026-08-19,settled,9564.00,USD
binance:6582456917,2026-08-20,2026-08-19,settled,15636.75,USD
binance:6582456918,2026-08-20,2026-08-19,settled,12902.71,USD
coinbase:1073148663,2026-08-20,2026-08-19,settled,148.49,USD
binance:6582456919,2026-08-20,2026-08-19,settled,206.14,USD
coinbase:1073148664,2026-08-20,2026-08-22,settled,0.00,USD
binance:6582456920,2026-08-20,2026-08-21,settled,50.16,USD
binance:6582456921,2026-08-20,2026-08-20,settled,10.31,USD
coinbase:1073148665,2026-08-20,2026-08-19,settled,0.00,USD
binance:6582456922,2026-08-20,2026-08-19,settled,31.61,USD
binance:6582456923,2026-08-20,2026-08-20,settled,6.18,USD
binance:6582456924,2026-08-20,2026-08-19,settled,19.93,USD
binance:6582456925,2026-08-24,2026-08-21,settled,6.87,USD
kraken:105348602,2026-08-20,2026-08-19,settled,18.54,USD
binance:6582456926,2026-08-20,2026-08-19,settled,1236.81,USD
binance:6582456927,2026-08-20,2026-08-19,settled,618.41,USD
binance:6582456928,2026-08-24,2026-08-21,settled,618.41,USD
binance:6582456929,2026-08-20,2026-08-19,settled,755.83,USD
binance:6582456930,2026-08-20,2026-08-19,settled,162.16,USD
binance:6582456931,2026-08-20,2026-08-19,settled,206.14,USD
coinbase:1073148667,2026-08-20,2026-08-19,settled,0.01,USD
binance:6582456932,2026-08-20,2026-08-19,settled,6987.30,USD
binance:6582456944,2026-08-20,2026-08-19,settled,10890.14,USD
binance:6582456947,2026-08-20,2026-08-19,settled,61.84,USD
binance:6582456948,2026-08-20,2026-08-21,settled,20.61,USD
binance:6582456949,2026-08-20,2026-08-19,settled,21.30,USD
binance:6582456950,2026-08-20,2026-08-19,settled,192.39,USD
coinbase:1073148668,2026-08-20,2026-08-19,settled,48.59,USD
binance:6582456951,2026-08-20,2026-08-19,settled,70.77,USD
binance:6582456952,2026-08-20,2026-08-19,settled,10.31,USD
coinbase:1073148669,2026-08-24,2026-08-21,settled,0.00,USD
coinbase:1073148670,2026-08-20,2026-08-19,settled,0.00,USD
binance:6582456953,2026-08-20,2026-08-19,settled,1071.90,USD
coinbase:1073148671,2026-08-20,2026-08-19,settled,0.01,USD
coinbase:1073148672,2026-08-20,2026-08-19,settled,0.00,USD
coinbase:1073148673,2026-08-20,2026-08-19,settled,0.01,USD
coinbase:1073148674,2026-08-20,2026-08-19,settled,0.00,USD
coinbase:1073148675,2026-08-20,2026-08-21,settled,24.19,USD
coinbase:1073148676,2026-08-20,2026-08-19,settled,0.00,USD
binance:6582456954,2026-08-20,2026-08-19,settled,755.83,USD
binance:6582456955,2026-08-20,2026-08-19,settled,618.41,USD
binance:6582456956,2026-08-20,2026-08-19,settled,206.14,USD
binance:6582456957,2026-08-20,2026-08-19,settled,618.41,USD
binance:6582456958,2026-08-20,2026-08-19,settled,1236.81,USD
binance:6582456959,2026-08-20,2026-08-19,settled,14551.79,USD
binance:6582456964,2026-08-20,2026-08-19,settled,579.24,USD
coinbase:1073148678,2026-08-20,2026-08-19,settled,0.00,USD
coinbase:1073148679,2026-08-20,2026-08-19,settled,0.00,USD
binance:6582456965,2026-08-20,2026-08-19,settled,200.64,USD
coinbase:1073148680,2026-08-20,2026-08-19,settled,0.00,USD
binance:6582456967,2026-08-20,2026-08-19,settled,29.55,USD
binance:6582456968,2026-08-20,2026-08-19,settled,49.47,USD
coinbase:1073148681,2026-08-20,2026-08-19,settled,0.00,USD
kraken:105348603,2026-08-20,2026-08-19,settled,49.48,USD
coinbase:1073148682,2026-08-20,2026-08-19,settled,0.00,USD
coinbase:1073148683,2026-08-20,2026-08-19,settled,10.35,USD
coinbase:1073148684,2026-08-20,2026-08-19,settled,0.00,USD
binance:6582456969,2026-08-20,2026-08-19,settled,30.92,USD
coinbase:1073148685,2026-08-20,2026-08-19,settled,0.00,USD
binance:6582456970,2026-08-20,2026-08-19,settled,49.47,USD
coinbase:1073148687,2026-08-20,2026-08-19,settled,1927.48,USD
coinbase:1073148686,2026-08-24,2026-08-22,settled,395.75,USD
binance:6582456971,2026-08-20,2026-08-19,settled,46.72,USD
binance:6582456972,2026-08-24,2026-08-22,settled,3175.17,USD
binance:6582456973,2026-08-20,2026-08-19,settled,580.61,USD
binance:6582456974,2026-08-20,2026-08-19,settled,219.19,USD
coinbase:1073148688,2026-08-20,2026-08-19,settled,0.00,USD
coinbase:1073148689,2026-08-20,2026-08-19,settled,0.01,USD
coinbase:1073148690,2026-08-20,2026-08-19,settled,0.25,USD
binance:6582456975,2026-08-20,2026-08-19,settled,1009.38,USD
coinbase:1073148691,2026-08-20,2026-08-19,settled,0.00,USD
binance:6582456976,2026-08-20,2026-08-19,settled,19.93,USD
kraken:105348605,2026-08-20,2026-08-19,settled,10000.00,USD
coinbase:1073148692,2026-08-20,2026-08-19,settled,0.00,USD
coinbase:1073148695,2026-08-20,2026-08-19,settled,369.42,USD
coinbase:1073148694,2026-08-20,2026-08-19,settled,10.11,USD
coinbase:1073148693,2026-08-20,2026-08-19,settled,140.26,USD
coinbase:1073148696,2026-08-20,2026-08-19,settled,1.07,USD
coinbase:1073148697,2026-08-20,2026-08-19,settled,0.00,USD
binance:6582456977,2026-08-20,2026-08-19,settled,355635.25,USD
binance:6582456978,2026-08-20,2026-08-19,settled,75468.95,USD
binance:6582457015,2026-08-20,2026-08-19,settled,3103.03,USD
binance:6582457035,2026-08-20,2026-08-19,settled,27.48,USD
binance:6582457040,2026-08-20,2026-08-19,settled,50.16,USD
binance:6582457049,2026-08-20,2026-08-19,settled,5.50,USD
binance:6582457051,2026-08-20,2026-08-19,settled,96.20,USD
binance:6582457069,2026-08-20,2026-08-22,settled,32.98,USD
binance:6582457075,2026-08-20,2026-08-19,settled,5.50,USD
binance:6582457076,2026-08-20,2026-08-19,settled,16.49,USD
binance:6582457077,2026-08-20,2026-08-19,settled,61.16,USD
binance:6582457078,2026-08-20,2026-08-19,settled,10.99,USD
binance:6582457080,2026-08-20,2026-08-19,settled,199.96,USD
binance:6582457081,2026-08-20,2026-08-19,settled,16.49,USD
binance:6582457084,2026-08-20,2026-08-19,settled,1421.70,USD
binance:6582457088,2026-08-20,2026-08-19,settled,5.50,USD
binance:6582457089,2026-08-20,2026-08-19,settled,16.49,USD
binance:6582457092,2026-08-20,2026-08-20,settled,3843.91,USD
binance:6582457093,2026-08-20,2026-08-19,settled,11.68,USD
binance:6582457095,2026-08-20,2026-08-19,settled,5.50,USD
binance:6582457096,2026-08-20,2026-08-19,settled,6.18,USD
binance:6582457097,2026-08-20,2026-08-19,settled,8.25,USD
binance:6582457098,2026-08-20,2026-08-19,settled,6.87,USD
binance:6582457099,2026-08-20,2026-08-19,settled,5.50,USD
binance:6582457100,2026-08-21,2026-08-20,settled,5.50,USD
binance:6582457101,2026-08-20,2026-08-19,settled,12.37,USD
binance:6582457102,2026-08-20,2026-08-19,settled,16.49,USD
binance:6582457105,2026-08-20,2026-08-19,settled,687.17,USD
binance:6582457113,2026-08-20,2026-08-19,settled,5497.38,USD
binance:6582457124,2026-08-20,2026-08-19,settled,8246.07,USD
binance:6582457125,2026-08-24,2026-08-21,settled,1236.91,USD
binance:6582457126,2026-08-20,2026-08-19,settled,618.46,USD
binance:6582457127,2026-08-20,2026-08-19,settled,618.46,USD
binance:6582457128,2026-08-20,2026-08-19,settled,206.15,USD
coinbase:1073148698,2026-08-20,2026-08-19,settled,0.00,USD
coinbase:1073148699,2026-08-20,2026-08-19,settled,0.01,USD
binance:6582457129,2026-08-20,2026-08-19,settled,412.30,USD
binance:6582457130,2026-08-20,2026-08-19,settled,13.06,USD
coinbase:1073148700,2026-08-20,2026-08-19,settled,0.01,USD
coinbase:1073148703,2026-08-20,2026-08-21,settled,3942.90,USD
coinbase:1073148702,2026-08-20,2026-08-19,settled,6535.29,USD
coinbase:1073148701,2026-08-24,2026-08-21,settled,1817.39,USD
coinbase:1073148704,2026-08-24,2026-08-22,settled,0.00,USD
binance:6582457131,2026-08-20,2026-08-20,settled,352.52,USD
coinbase:1073148705,2026-08-20,2026-08-19,settled,8.53,USD
coinbase:1073148706,2026-08-20,2026-08-19,settled,0.00,USD
binance:6582457132,2026-08-20,2026-08-19,settled,511.26,USD
binance:6582457133,2026-08-20,2026-08-19,settled,99.64,USD
binance:6582457134,2026-08-20,2026-08-19,settled,8.25,USD
coinbase:1073148707,2026-08-20,2026-08-19,settled,0.00,USD
binance:6582457135,2026-08-20,2026-08-19,settled,48.79,USD
coinbase:1073148708,2026-08-20,2026-08-19,settled,1538.52,USD
coinbase:1073148710,2026-08-20,2026-08-19,settled,383.83,USD
binance:6582457136,2026-08-20,2026-08-19,settled,105.14,USD
kraken:105348606,2026-08-20,2026-08-19,settled,24.42,USD
coinbase:1073148711,2026-08-20,2026-08-19,settled,0.00,USD
coinbase:1073148712,2026-08-20,2026-08-19,settled,137.41,USD
binance:6582457137,2026-08-20,2026-08-19,settled,2748.69,USD
binance:6582457156,2026-08-20,2026-08-19,settled,7303.96,USD
binance:6582457160,2026-08-20,2026-08-19,settled,128.50,USD
binance:6582457183,2026-08-20,2026-08-19,settled,19.24,USD
coinbase:1073148716,2026-08-20,2026-08-19,settled,3001.14,USD
coinbase:1073148715,2026-08-20,2026-08-19,settled,0.01,USD
coinbase:1073148714,2026-08-20,2026-08-19,settled,10.28,USD
coinbase:1073148713,2026-08-20,2026-08-19,settled,9428.91,USD
binance:6582457187,2026-08-20,2026-08-20,settled,206.84,USD
coinbase:1073148717,2026-08-20,2026-08-19,settled,16.58,USD
coinbase:1073148718,2026-08-20,2026-08-19,settled,0.01,USD
coinbase:1073148719,2026-08-20,2026-08-19,settled,0.01,USD
coinbase:1073148720,2026-08-20,2026-08-19,settled,0.00,USD
binance:6582457188,2026-08-20,2026-08-19,settled,7.56,USD
coinbase:1073148721,2026-08-20,2026-08-19,settled,0.02,USD
coinbase:1073148722,2026-08-20,2026-08-19,settled,0.00,USD
coinbase:1073148725,2026-08-20,2026-08-19,settled,3001.21,USD
coinbase:1073148723,2026-08-20,2026-08-19,settled,1318.56,USD
binance:6582457190,2026-08-20,2026-08-19,settled,17.18,USD
binance:6582457191,2026-08-20,2026-08-19,settled,121.63,USD
binance:6582457212,2026-08-20,2026-08-19,settled,27.49,USD
binance:6582457217,2026-08-20,2026-08-19,settled,8.25,USD
binance:6582457218,2026-08-20,2026-08-19,settled,46.04,USD
binance:6582457226,2026-08-20,2026-08-19,settled,10.99,USD
binance:6582457228,2026-08-20,2026-08-19,settled,5.50,USD
binance:6582457229,2026-08-20,2026-08-19,settled,9.62,USD
binance:6582457230,2026-08-20,2026-08-19,settled,16.49,USD
binance:6582457235,2026-08-20,2026-08-19,settled,16.49,USD
binance:6582457238,2026-08-20,2026-08-19,settled,315.42,USD
binance:6582457242,2026-08-20,2026-08-19,settled,11.68,USD
coinbase:1073148728,2026-08-20,2026-08-19,settled,1992.19,USD
coinbase:1073148727,2026-08-20,2026-08-19,settled,3001.36,USD
coinbase:1073148726,2026-08-20,2026-08-19,settled,1.17,USD
coinbase:1073148730,2026-08-20,2026-08-19,settled,1.02,USD
coinbase:1073148729,2026-08-20,2026-08-19,settled,1.17,USD
coinbase:1073148740,2026-08-20,2026-08-19,settled,1612.70,USD
coinbase:1073148739,2026-08-20,2026-08-19,settled,35045.13,USD
coinbase:1073148738,2026-08-20,2026-08-19,settled,1.17,USD
coinbase:1073148737,2026-08-20,2026-08-19,settled,5378.23,USD
coinbase:1073148736,2026-08-20,2026-08-19,settled,990.50,USD
coinbase:1073148735,2026-08-20,2026-08-19,settled,1.17,USD
coinbase:1073148734,2026-08-20,2026-08-19,settled,8000.00,USD
coinbase:1073148733,2026-08-20,2026-08-19,settled,1.17,USD
coinbase:1073148732,2026-08-20,2026-08-19,settled,500.08,USD
coinbase:1073148731,2026-08-20,2026-08-19,settled,10303.98,USD
coinbase:1073148751,2026-08-20,2026-08-19,settled,6236.08,USD
coinbase:1073148750,2026-08-20,2026-08-19,settled,406.80,USD
coinbase:1073148749,2026-08-20,2026-08-19,settled,1.17,USD
coinbase:1073148747,2026-08-20,2026-08-19,settled,1374.28,USD
coinbase:1073148746,2026-08-20,2026-08-19,settled,5497.12,USD
coinbase:1073148744,2026-08-20,2026-08-19,settled,10000.00,USD
coinbase:1073148743,2026-08-20,2026-08-19,settled,1.50,USD
coinbase:1073148742,2026-08-24,2026-08-22,settled,1.17,USD
coinbase:1073148741,2026-08-20,2026-08-19,settled,2792.30,USD
binance:6582457243,2026-08-20,2026-08-19,settled,2000.44,USD
coinbase:1073148752,2026-08-20,2026-08-19,settled,0.00,USD
binance:6582457253,2026-08-20,2026-08-19,settled,687.20,USD
binance:6582457254,2026-08-20,2026-08-19,settled,1374.40,USD
binance:6582457256,2026-08-20,2026-08-19,settled,3504.72,USD
binance:6582457257,2026-08-20,2026-08-19,settled,5497.60,USD
binance:6582457258,2026-08-20,2026-08-19,settled,1917.98,USD
binance:6582457284,2026-08-20,2026-08-19,settled,38.48,USD
binance:6582457291,2026-08-20,2026-08-19,settled,35.05,USD
binance:6582457297,2026-08-20,2026-08-19,settled,56.35,USD
binance:6582457306,2026-08-20,2026-08-19,settled,11.00,USD
binance:6582457308,2026-08-20,2026-08-19,settled,16.49,USD
binance:6582457311,2026-08-20,2026-08-19,settled,130.57,USD
binance:6582457312,2026-08-20,2026-08-19,settled,130.57,USD
binance:6582457313,2026-08-20,2026-08-19,settled,151.19,USD
binance:6582457314,2026-08-20,2026-08-19,settled,123.70,USD
binance:6582457316,2026-08-20,2026-08-19,settled,174.55,USD
binance:6582457331,2026-08-20,2026-08-19,settled,5.50,USD
binance:6582457332,2026-08-20,2026-08-19,settled,6.18,USD
binance:6582457333,2026-08-20,2026-08-19,settled,6.19,USD
binance:6582457334,2026-08-20,2026-08-19,settled,16.49,USD
binance:6582457337,2026-08-20,2026-08-19,settled,249.46,USD
binance:6582457338,2026-08-20,2026-08-19,settled,5.50,USD
binance:6582457339,2026-08-20,2026-08-19,settled,12.37,USD
binance:6582457340,2026-08-20,2026-08-19,settled,11.00,USD
binance:6582457342,2026-08-20,2026-08-19,settled,16.49,USD
binance:6582457345,2026-08-20,2026-08-19,settled,114.77,USD
binance:6582457346,2026-08-20,2026-08-19,settled,1237.04,USD
binance:6582457347,2026-08-20,2026-08-19,settled,618.52,USD
kraken:105348607,2026-08-24,2026-08-21,settled,44257.53,USD
kraken:105348608,2026-08-20,2026-08-19,settled,50.00,USD
kraken:105348609,2026-08-20,2026-08-19,settled,68.67,USD
kraken:105348610,2026-08-20,2026-08-19,settled,6.87,USD
binance:6582457348,2026-08-20,2026-08-19,settled,206.17,USD
binance:6582457349,2026-08-20,2026-08-19,settled,20.62,USD
binance:6582457350,2026-08-20,2026-08-19,settled,123.02,USD
coinbase:1073148753,2026-08-20,2026-08-19,settled,0.36,USD
coinbase:1073148754,2026-08-20,2026-08-19,settled,0.00,USD
coinbase:1073148755,2026-08-20,2026-08-19,settled,0.00,USD
coinbase:1073148756,2026-08-20,2026-08-19,settled,0.00,USD
coinbase:1073148757,2026-08-20,2026-08-19,settled,0.00,USD
coinbase:1073148758,2026-08-20,2026-08-19,settled,0.00,USD
binance:6582457351,2026-08-20,2026-08-19,settled,697.55,USD
coinbase:1073148759,2026-08-20,2026-08-19,settled,0.00,USD
binance:6582457352,2026-08-20,2026-08-19,settled,21.99,USD
binance:6582457353,2026-08-20,2026-08-19,settled,68.72,USD
binance:6582457354,2026-08-20,2026-08-19,settled,3933.11,USD
binance:6582457356,2026-08-20,2026-08-19,settled,57.73,USD
coinbase:1073148760,2026-08-20,2026-08-19,settled,0.00,USD
coinbase:1073148761,2026-08-20,2026-08-19,settled,0.00,USD
coinbase:1073148762,2026-08-20,2026-08-19,settled,0.00,USD
binance:6582457357,2026-08-20,2026-08-19,settled,19.93,USD
coinbase:1073148763,2026-08-20,2026-08-19,settled,6.48,USD
binance:6582457358,2026-08-21,2026-08-20,settled,143.63,USD
binance:6582457359,2026-08-20,2026-08-19,settled,15.12,USD
coinbase:1073148764,2026-08-20,2026-08-19,settled,0.00,USD
coinbase:1073148765,2026-08-20,2026-08-19,settled,0.00,USD
binance:6582457360,2026-08-20,2026-08-19,settled,2267.91,USD
binance:6582457373,2026-08-20,2026-08-19,settled,5497.96,USD
binance:6582457374,2026-08-20,2026-08-19,settled,618.52,USD
binance:6582457375,2026-08-20,2026-08-19,settled,618.52,USD
binance:6582457376,2026-08-20,2026-08-19,settled,618.52,USD
binance:6582457377,2026-08-21,2026-08-20,settled,618.52,USD
binance:6582457378,2026-08-20,2026-08-19,settled,206.17,USD
binance:6582457379,2026-08-20,2026-08-19,settled,49.48,USD
coinbase:1073148766,2026-08-20,2026-08-19,settled,0.00,USD
binance:6582457380,2026-08-20,2026-08-19,settled,2061.74,USD
binance:6582457389,2026-08-20,2026-08-19,settled,1580.66,USD
coinbase:1073148767,2026-08-20,2026-08-19,settled,0.00,USD
coinbase:1073148768,2026-08-24,2026-08-22,settled,0.00,USD
binance:6582457390,2026-08-20,2026-08-19,settled,332.63,USD
coinbase:1073148770,2026-08-24,2026-08-21,settled,0.00,USD
binance:6582457391,2026-08-20,2026-08-19,settled,5497.96,USD
binance:6582457392,2026-08-20,2026-08-19,settled,1237.04,USD
binance:6582457393,2026-08-20,2026-08-19,settled,1999.88,USD
binance:6582457394,2026-08-20,2026-08-19,settled,618.52,USD
binance:6582457395,2026-08-20,2026-08-19,settled,755.97,USD
binance:6582457396,2026-08-20,2026-08-19,settled,5497.96,USD
binance:6582457397,2026-08-20,2026-08-19,settled,618.52,USD
binance:6582457398,2026-08-20,2026-08-19,settled,1384.80,USD
binance:6582457428,2026-08-20,2026-08-19,settled,43.98,USD
binance:6582457436,2026-08-20,2026-08-19,settled,11.00,USD
binance:6582457438,2026-08-20,2026-08-21,settled,11.68,USD
binance:6582457440,2026-08-20,2026-08-19,settled,16.49,USD
binance:6582457443,2026-08-20,2026-08-19,settled,206.17,USD
binance:6582457444,2026-08-20,2026-08-21,settled,1694.07,USD
binance:6582457463,2026-08-20,2026-08-19,settled,32.99,USD
binance:6582457469,2026-08-20,2026-08-19,settled,28.18,USD
binance:6582457470,2026-08-20,2026-08-22,settled,28.18,USD
binance:6582457471,2026-08-20,2026-08-19,settled,8.25,USD
binance:6582457472,2026-08-20,2026-08-19,settled,11.00,USD
binance:6582457474,2026-08-20,2026-08-19,settled,11.00,USD
binance:6582457476,2026-08-20,2026-08-19,settled,16.49,USD
binance:6582457479,2026-08-20,2026-08-19,settled,2749.02,USD
binance:6582457481,2026-08-20,2026-08-19,settled,1374.51,USD
coinbase:1073148771,2026-08-20,2026-08-19,settled,0.03,USD
binance:6582457498,2026-08-20,2026-08-19,settled,618.53,USD
binance:6582457499,2026-08-24,2026-08-21,settled,618.53,USD
kraken:105348611,2026-08-20,2026-08-19,settled,1.03,USD
binance:6582457500,2026-08-20,2026-08-19,settled,206.18,USD
coinbase:1073148772,2026-08-20,2026-08-19,settled,0.00,USD
binance:6582457501,2026-08-20,2026-08-19,settled,1663.16,USD
binance:6582457520,2026-08-20,2026-08-19,settled,32.99,USD
binance:6582457526,2026-08-20,2026-08-19,settled,5.50,USD
binance:6582457527,2026-08-20,2026-08-19,settled,16.49,USD
binance:6582457528,2026-08-20,2026-08-19,settled,183.50,USD
binance:6582457529,2026-08-20,2026-08-19,settled,19.93,USD
binance:6582457530,2026-08-20,2026-08-19,settled,16.49,USD
binance:6582457533,2026-08-24,2026-08-22,settled,1154.61,USD
binance:6582457534,2026-08-20,2026-08-19,settled,343.63,USD
binance:6582457535,2026-08-20,2026-08-19,settled,323.70,USD
binance:6582457540,2026-08-20,2026-08-19,settled,11.00,USD
binance:6582457542,2026-08-20,2026-08-19,settled,16.49,USD
binance:6582457545,2026-08-20,2026-08-19,settled,691.40,USD
binance:6582457546,2026-08-20,2026-08-19,settled,108.59,USD
binance:6582457547,2026-08-20,2026-08-19,settled,17.18,USD
binance:6582457550,2026-08-20,2026-08-20,settled,16.49,USD
binance:6582457553,2026-08-20,2026-08-19,settled,1564.25,USD
binance:6582457554,2026-08-20,2026-08-19,settled,756.01,USD
binance:6582457557,2026-08-24,2026-08-21,settled,1237.11,USD
coinbase:1073148773,2026-08-20,2026-08-19,settled,194.39,USD
binance:6582457558,2026-08-20,2026-08-19,settled,46.74,USD
coinbase:1073148774,2026-08-20,2026-08-19,settled,0.00,USD
coinbase:1073148776,2026-08-20,2026-08-19,settled,21.55,USD
coinbase:1073148775,2026-08-20,2026-08-19,settled,68.12,USD
coinbase:1073148777,2026-08-20,2026-08-19,settled,0.00,USD
coinbase:1073148778,2026-08-20,2026-08-19,settled,29.70,USD
kraken:105348613,2026-08-20,2026-08-19,settled,50.00,USD
kraken:105348614,2026-08-20,2026-08-19,settled,6.87,USD
kraken:105348615,2026-08-20,2026-08-19,settled,68.68,USD
kraken:105348616,2026-08-20,2026-08-19,settled,3.50,USD
kraken:105348617,2026-08-20,2026-08-19,settled,3.50,USD
kraken:105348618,2026-08-24,2026-08-21,settled,260.18,USD
coinbase:1073148779,2026-08-20,2026-08-19,settled,0.99,USD
binance:6582457559,2026-08-20,2026-08-19,settled,2199.99,USD
coinbase:1073148781,2026-08-20,2026-08-19,settled,0.00,USD
coinbase:1073148782,2026-08-20,2026-08-19,settled,4.86,USD
coinbase:1073148783,2026-08-20,2026-08-19,settled,0.00,USD
coinbase:1073148784,2026-08-20,2026-08-19,settled,9.65,USD
binance:6582457560,2026-08-20,2026-08-19,settled,542.95,USD
binance:6582457573,2026-08-20,2026-08-21,settled,1038.48,USD
binance:6582457574,2026-08-20,2026-08-19,settled,1374.56,USD
binance:6582457575,2026-08-20,2026-08-19,settled,1374.56,USD
binance:6582457583,2026-08-20,2026-08-19,settled,34393.61,USD
binance:6582457607,2026-08-24,2026-08-21,settled,54.98,USD
binance:6582457617,2026-08-20,2026-08-19,settled,38.49,USD
binance:6582457624,2026-08-20,2026-08-19,settled,1388.32,USD
binance:6582457625,2026-08-20,2026-08-19,settled,11.00,USD
binance:6582457627,2026-08-20,2026-08-19,settled,21.99,USD
binance:6582457631,2026-08-20,2026-08-19,settled,6.19,USD
binance:6582457632,2026-08-20,2026-08-19,settled,34.37,USD
binance:6582457633,2026-08-20,2026-08-19,settled,16.50,USD
binance:6582457636,2026-08-20,2026-08-19,settled,3770.57,USD
binance:6582457641,2026-08-24,2026-08-22,settled,38.49,USD
binance:6582457642,2026-08-20,2026-08-19,settled,60.48,USD
binance:6582457643,2026-08-20,2026-08-19,settled,12.37,USD
binance:6582457644,2026-08-20,2026-08-19,settled,11.68,USD
binance:6582457646,2026-08-20,2026-08-19,settled,5.50,USD
binance:6582457647,2026-08-20,2026-08-19,settled,683.19,USD
binance:6582457648,2026-08-20,2026-08-19,settled,6.19,USD
binance:6582457649,2026-08-20,2026-08-19,settled,5.50,USD
binance:6582457650,2026-08-20,2026-08-19,settled,11.68,USD
binance:6582457651,2026-08-20,2026-08-19,settled,5.50,USD
binance:6582457652,2026-08-20,2026-08-19,settled,5.50,USD
binance:6582457653,2026-08-20,2026-08-19,settled,165.65,USD
binance:6582457655,2026-08-20,2026-08-19,settled,5.50,USD
binance:6582457656,2026-08-20,2026-08-19,settled,16.50,USD
binance:6582457659,2026-08-20,2026-08-19,settled,643.34,USD
binance:6582457660,2026-08-20,2026-08-19,settled,5498.63,USD
binance:6582457661,2026-08-20,2026-08-19,settled,3857.97,USD
binance:6582457662,2026-08-20,2026-08-19,settled,6.87,USD
binance:6582457663,2026-08-20,2026-08-19,settled,16.50,USD
binance:6582457666,2026-08-24,2026-08-22,settled,3917.78,USD
binance:6582457670,2026-08-20,2026-08-19,settled,5.50,USD
binance:6582457671,2026-08-20,2026-08-19,settled,11.68,USD
binance:6582457673,2026-08-20,2026-08-19,settled,14.43,USD
binance:6582457674,2026-08-20,2026-08-19,settled,5.50,USD
binance:6582457675,2026-08-20,2026-08-19,settled,4813.51,USD
binance:6582457677,2026-08-20,2026-08-19,settled,1559.60,USD
binance:6582457678,2026-08-20,2026-08-19,settled,274.94,USD
binance:6582457679,2026-08-20,2026-08-19,settled,6.19,USD
binance:6582457680,2026-08-20,2026-08-19,settled,5.50,USD
binance:6582457681,2026-08-20,2026-08-19,settled,1388.46,USD
binance:6582457682,2026-08-20,2026-08-19,settled,5.50,USD
binance:6582457683,2026-08-20,2026-08-19,settled,16.50,USD
binance:6582457684,2026-08-20,2026-08-19,settled,5.50,USD
binance:6582457685,2026-08-20,2026-08-19,settled,24.06,USD
binance:6582457686,2026-08-20,2026-08-19,settled,6.19,USD
binance:6582457687,2026-08-20,2026-08-19,settled,9.62,USD
binance:6582457688,2026-08-20,2026-08-19,settled,6.19,USD
binance:6582457689,2026-08-20,2026-08-19,settled,5.50,USD
binance:6582457692,2026-08-24,2026-08-22,settled,5.50,USD
binance:6582457693,2026-08-20,2026-08-19,settled,12.37,USD
binance:6582457694,2026-08-24,2026-08-21,settled,12.37,USD
binance:6582457696,2026-08-20,2026-08-19,settled,5.50,USD
binance:6582457697,2026-08-24,2026-08-21,settled,8.25,USD
binance:6582457698,2026-08-20,2026-08-19,settled,274.95,USD
binance:6582457699,2026-08-20,2026-08-19,settled,8.94,USD
binance:6582457700,2026-08-20,2026-08-19,settled,8.25,USD
binance:6582457701,2026-08-20,2026-08-19,settled,5.50,USD
binance:6582457702,2026-08-20,2026-08-19,settled,34.37,USD
binance:6582457703,2026-08-24,2026-08-22,settled,307.95,USD
binance:6582457704,2026-08-20,2026-08-19,settled,618.65,USD
binance:6582457705,2026-08-20,2026-08-19,settled,1237.30,USD
binance:6582457706,2026-08-20,2026-08-19,settled,756.13,USD
binance:6582457712,2026-08-20,2026-08-19,settled,6.87,USD
binance:6582457713,2026-08-20,2026-08-19,settled,618.65,USD
coinbase:1073148786,2026-08-20,2026-08-19,settled,1308.21,USD
coinbase:1073148785,2026-08-20,2026-08-19,settled,2727.42,USD
coinbase:1073148787,2026-08-20,2026-08-19,settled,1883.26,USD
coinbase:1073148789,2026-08-20,2026-08-19,settled,1992.39,USD
coinbase:1073148788,2026-08-20,2026-08-19,settled,6760.50,USD
binance:6582457717,2026-08-20,2026-08-19,settled,20.62,USD
binance:6582457718,2026-08-20,2026-08-19,settled,206.22,USD
coinbase:1073148793,2026-08-20,2026-08-19,settled,687.16,USD
coinbase:1073148792,2026-08-20,2026-08-19,settled,729.55,USD
coinbase:1073148791,2026-08-20,2026-08-19,settled,1.17,USD
coinbase:1073148790,2026-08-20,2026-08-19,settled,1.17,USD
binance:6582457720,2026-08-20,2026-08-21,settled,116.86,USD
binance:6582457740,2026-08-20,2026-08-19,settled,22.00,USD
binance:6582457744,2026-08-20,2026-08-19,settled,68.74,USD
binance:6582457745,2026-08-20,2026-08-19,settled,16.50,USD
binance:6582457748,2026-08-20,2026-08-19,settled,580.16,USD
binance:6582457749,2026-08-20,2026-08-19,settled,549.92,USD
binance:6582457750,2026-08-20,2026-08-19,settled,1652.50,USD
binance:6582457757,2026-08-20,2026-08-19,settled,12.37,USD
binance:6582457758,2026-08-20,2026-08-19,settled,103.11,USD
binance:6582457760,2026-08-20,2026-08-19,settled,11.69,USD
binance:6582457762,2026-08-24,2026-08-21,settled,75.62,USD
binance:6582457763,2026-08-20,2026-08-19,settled,344.39,USD
binance:6582457764,2026-08-20,2026-08-19,settled,212.41,USD
binance:6582457775,2026-08-20,2026-08-19,settled,33.00,USD
binance:6582457781,2026-08-20,2026-08-19,settled,33.00,USD
binance:6582457787,2026-08-20,2026-08-19,settled,70.12,USD
binance:6582457788,2026-08-20,2026-08-20,settled,6.19,USD
binance:6582457789,2026-08-20,2026-08-19,settled,6.19,USD
binance:6582457790,2026-08-20,2026-08-19,settled,11.00,USD
binance:6582457792,2026-08-20,2026-08-19,settled,6.19,USD
binance:6582457793,2026-08-24,2026-08-21,settled,6.19,USD
binance:6582457794,2026-08-20,2026-08-19,settled,72.18,USD
binance:6582457795,2026-08-20,2026-08-19,settled,16.50,USD
binance:6582457798,2026-08-20,2026-08-19,settled,283.22,USD
binance:6582457799,2026-08-20,2026-08-19,settled,618.68,USD
binance:6582457800,2026-08-20,2026-08-19,settled,96.93,USD
binance:6582457801,2026-08-20,2026-08-19,settled,5.50,USD
binance:6582457802,2026-08-20,2026-08-19,settled,132.67,USD
binance:6582457804,2026-08-20,2026-08-19,settled,11.00,USD
binance:6582457806,2026-08-20,2026-08-19,settled,16.50,USD
binance:6582457809,2026-08-20,2026-08-19,settled,974.77,USD
binance:6582457810,2026-08-24,2026-08-22,settled,413.83,USD
binance:6582457811,2026-08-20,2026-08-19,settled,37.81,USD
binance:6582457812,2026-08-20,2026-08-22,settled,11.00,USD
binance:6582457814,2026-08-20,2026-08-19,settled,27.50,USD
binance:6582457819,2026-08-20,2026-08-19,settled,5.50,USD
binance:6582457820,2026-08-20,2026-08-19,settled,11.69,USD
binance:6582457822,2026-08-20,2026-08-19,settled,36.43,USD
binance:6582457823,2026-08-21,2026-08-20,settled,5.50,USD
binance:6582457824,2026-08-20,2026-08-19,settled,24.75,USD
binance:6582457827,2026-08-24,2026-08-21,settled,12.37,USD
binance:6582457828,2026-08-20,2026-08-19,settled,11.69,USD
binance:6582457829,2026-08-20,2026-08-19,settled,5.50,USD
binance:6582457830,2026-08-20,2026-08-19,settled,5.50,USD
binance:6582457831,2026-08-20,2026-08-19,settled,5.50,USD
binance:6582457832,2026-08-20,2026-08-19,settled,4.12,USD
coinbase:1073148794,2026-08-20,2026-08-19,settled,0.01,USD
binance:6582457833,2026-08-20,2026-08-19,settled,20.62,USD
binance:6582457837,2026-08-20,2026-08-19,settled,20.62,USD
binance:6582457840,2026-08-21,2026-08-20,settled,6.19,USD
coinbase:1073148796,2026-08-20,2026-08-19,settled,325.21,USD
coinbase:1073148795,2026-08-20,2026-08-19,settled,74.99,USD
coinbase:1073148797,2026-08-20,2026-08-19,settled,30.02,USD
binance:6582457841,2026-08-20,2026-08-19,settled,7.56,USD
binance:6582457842,2026-08-20,2026-08-19,settled,137.49,USD
coinbase:1073148798,2026-08-20,2026-08-19,settled,0.00,USD
coinbase:1073148800,2026-08-20,2026-08-19,settled,136.27,USD
coinbase:1073148799,2026-08-20,2026-08-19,settled,1.17,USD
coinbase:1073148803,2026-08-20,2026-08-19,settled,33.87,USD
coinbase:1073148802,2026-08-20,2026-08-19,settled,1.17,USD
coinbase:1073148801,2026-08-20,2026-08-19,settled,239.85,USD
coinbase:1073148804,2026-08-20,2026-08-19,settled,1.02,USD
coinbase:1073148805,2026-08-20,2026-08-19,settled,0.00,USD
binance:6582457849,2026-08-20,2026-08-19,settled,485.35,USD
binance:6582457850,2026-08-20,2026-08-19,settled,1237.43,USD
binance:6582457851,2026-08-20,2026-08-19,settled,618.71,USD
binance:6582457852,2026-08-20,2026-08-19,settled,756.21,USD
binance:6582457853,2026-08-20,2026-08-19,settled,9.62,USD
coinbase:1073148806,2026-08-20,2026-08-19,settled,0.00,USD
coinbase:1073148808,2026-08-20,2026-08-19,settled,0.01,USD
coinbase:1073148809,2026-08-20,2026-08-19,settled,8.54,USD
binance:6582457854,2026-08-20,2026-08-19,settled,9397.59,USD
binance:6582457855,2026-08-20,2026-08-19,settled,206.24,USD
binance:6582457856,2026-08-20,2026-08-19,settled,5213.02,USD
binance:6582457870,2026-08-20,2026-08-19,settled,27.50,USD
binance:6582457875,2026-08-20,2026-08-19,settled,10.31,USD
binance:6582457876,2026-08-20,2026-08-19,settled,152.62,USD
binance:6582457877,2026-08-20,2026-08-19,settled,11.69,USD
binance:6582457879,2026-08-20,2026-08-19,settled,39.87,USD
binance:6582457880,2026-08-20,2026-08-19,settled,5.50,USD
binance:6582457881,2026-08-20,2026-08-19,settled,8.25,USD
binance:6582457882,2026-08-20,2026-08-19,settled,6.19,USD
binance:6582457883,2026-08-20,2026-08-19,settled,22.69,USD
coinbase:1073148810,2026-08-20,2026-08-19,settled,0.00,USD
coinbase:1073148811,2026-08-20,2026-08-19,settled,1.66,USD
coinbase:1073148812,2026-08-20,2026-08-19,settled,0.00,USD
kraken:105348620,2026-08-20,2026-08-19,settled,9.85,USD
binance:6582457887,2026-08-20,2026-08-19,settled,1035.35,USD
coinbase:1073148813,2026-08-20,2026-08-19,settled,19.65,USD
coinbase:1073148816,2026-08-20,2026-08-19,settled,111.22,USD
coinbase:1073148815,2026-08-20,2026-08-19,settled,420.00,USD
coinbase:1073148814,2026-08-20,2026-08-19,settled,73.33,USD
coinbase:1073148818,2026-08-20,2026-08-19,settled,8182.87,USD
coinbase:1073148817,2026-08-20,2026-08-19,settled,1312.62,USD
coinbase:1073148819,2026-08-20,2026-08-19,settled,858.89,USD
coinbase:1073148820,2026-08-20,2026-08-19,settled,918.26,USD
coinbase:1073148821,2026-08-20,2026-08-19,settled,189.65,USD
coinbase:1073148822,2026-08-20,2026-08-19,settled,1097.49,USD
binance:6582457888,2026-08-20,2026-08-19,settled,5003.51,USD
coinbase:1073148823,2026-08-20,2026-08-19,settled,419.99,USD
coinbase:1073148824,2026-08-20,2026-08-19,settled,0.00,USD
coinbase:1073148825,2026-08-20,2026-08-19,settled,0.00,USD
coinbase:1073148826,2026-08-20,2026-08-19,settled,3.03,USD
coinbase:1073148827,2026-08-20,2026-08-19,settled,0.00,USD
coinbase:1073148828,2026-08-20,2026-08-19,settled,58.34,USD
coinbase:1073148829,2026-08-20,2026-08-19,settled,0.00,USD
coinbase:1073148830,2026-08-20,2026-08-22,settled,0.01,USD
coinbase:1073148831,2026-08-20,2026-08-19,settled,0.00,USD
binance:6582457890,2026-08-21,2026-08-20,settled,1099.98,USD
coinbase:1073148832,2026-08-20,2026-08-19,settled,0.00,USD
coinbase:1073148833,2026-08-20,2026-08-19,settled,0.00,USD
binance:6582457891,2026-08-20,2026-08-19,settled,412.49,USD
binance:6582457892,2026-08-20,2026-08-19,settled,9487.29,USD
binance:6582457893,2026-08-20,2026-08-19,settled,206.25,USD
coinbase:1073148834,2026-08-20,2026-08-19,settled,0.00,USD
binance:6582457895,2026-08-20,2026-08-19,settled,7999.57,USD
coinbase:1073148835,2026-08-20,2026-08-19,settled,0.00,USD
binance:6582457897,2026-08-20,2026-08-19,settled,7.56,USD
binance:6582457898,2026-08-20,2026-08-19,settled,68.75,USD
coinbase:1073148836,2026-08-20,2026-08-19,settled,0.00,USD
binance:6582457899,2026-08-20,2026-08-19,settled,15.81,USD
coinbase:1073148837,2026-08-20,2026-08-21,settled,0.00,USD
binance:6582457900,2026-08-20,2026-08-19,settled,395.99,USD
binance:6582457901,2026-08-20,2026-08-19,settled,224.12,USD
binance:6582457902,2026-08-20,2026-08-19,settled,320.37,USD
binance:6582457903,2026-08-20,2026-08-19,settled,618.74,USD
binance:6582457904,2026-08-20,2026-08-19,settled,756.23,USD
coinbase:1073148838,2026-08-20,2026-08-19,settled,0.72,USD
coinbase:1073148839,2026-08-20,2026-08-19,settled,0.00,USD
coinbase:1073148840,2026-08-20,2026-08-19,settled,297.09,USD
coinbase:1073148841,2026-08-20,2026-08-19,settled,0.00,USD
binance:6582457905,2026-08-20,2026-08-19,settled,105.87,USD
coinbase:1073148842,2026-08-20,2026-08-22,settled,0.04,USD
coinbase:1073148843,2026-08-20,2026-08-19,settled,0.01,USD
binance:6582457906,2026-08-20,2026-08-19,settled,165.68,USD
coinbase:1073148844,2026-08-24,2026-08-21,settled,0.00,USD
coinbase:1073148845,2026-08-20,2026-08-19,settled,400.21,USD
coinbase:1073148847,2026-08-20,2026-08-19,settled,55.51,USD
coinbase:1073148846,2026-08-20,2026-08-19,settled,19.79,USD
binance:6582457907,2026-08-20,2026-08-19,settled,9.62,USD
coinbase:1073148848,2026-08-20,2026-08-19,settled,0.01,USD
binance:6582457908,2026-08-20,2026-08-19,settled,89.37,USD
coinbase:1073148851,2026-08-20,2026-08-19,settled,872.77,USD
coinbase:1073148850,2026-08-20,2026-08-19,settled,420.00,USD
coinbase:1073148849,2026-08-20,2026-08-19,settled,18.76,USD
kraken:105348621,2026-08-20,2026-08-19,settled,40.15,USD
kraken:105348622,2026-08-20,2026-08-21,settled,6.87,USD
kraken:105348623,2026-08-20,2026-08-19,settled,68.69,USD
kraken:105348624,2026-08-20,2026-08-19,settled,4464.76,USD
binance:6582457909,2026-08-20,2026-08-19,settled,22.00,USD
binance:6582457910,2026-08-20,2026-08-19,settled,299.74,USD
binance:6582457911,2026-08-20,2026-08-19,settled,189.06,USD
binance:6582457912,2026-08-20,2026-08-19,settled,10000.15,USD
binance:6582457913,2026-08-20,2026-08-19,settled,6.87,USD
coinbase:1073148852,2026-08-20,2026-08-19,settled,0.00,USD
coinbase:1073148854,2026-08-20,2026-08-19,settled,3.26,USD
coinbase:1073148853,2026-08-20,2026-08-19,settled,4196.74,USD
binance:6582457915,2026-08-20,2026-08-19,settled,30.94,USD
binance:6582457916,2026-08-20,2026-08-19,settled,56245.88,USD
binance:6582457963,2026-08-20,2026-08-19,settled,38.50,USD
binance:6582457970,2026-08-20,2026-08-19,settled,101.75,USD
binance:6582457971,2026-08-20,2026-08-19,settled,5.50,USD
binance:6582457972,2026-08-20,2026-08-19,settled,5.50,USD
binance:6582457973,2026-08-20,2026-08-19,settled,16.50,USD
binance:6582457976,2026-08-20,2026-08-19,settled,4274.64,USD
binance:6582457978,2026-08-20,2026-08-19,settled,16.50,USD
binance:6582457981,2026-08-20,2026-08-19,settled,7823.31,USD
binance:6582457991,2026-08-20,2026-08-19,settled,158.12,USD
binance:6582457999,2026-08-20,2026-08-19,settled,15.81,USD
binance:6582458002,2026-08-20,2026-08-19,settled,173.24,USD
binance:6582458005,2026-08-20,2026-08-19,settled,5.50,USD
binance:6582458006,2026-08-20,2026-08-19,settled,38.50,USD
binance:6582458013,2026-08-20,2026-08-19,settled,16.50,USD
binance:6582458016,2026-08-20,2026-08-19,settled,5.50,USD
binance:6582458017,2026-08-20,2026-08-19,settled,11.00,USD
binance:6582458019,2026-08-20,2026-08-19,settled,351.28,USD
binance:6582458020,2026-08-20,2026-08-19,settled,18.56,USD
binance:6582458024,2026-08-20,2026-08-19,settled,27.50,USD
binance:6582458029,2026-08-20,2026-08-19,settled,16.50,USD
binance:6582458032,2026-08-20,2026-08-19,settled,5.50,USD
binance:6582458033,2026-08-20,2026-08-19,settled,49.49,USD
binance:6582458042,2026-08-20,2026-08-19,settled,5.50,USD
binance:6582458043,2026-08-20,2026-08-21,settled,6.19,USD
binance:6582458044,2026-08-20,2026-08-19,settled,16.50,USD
binance:6582458047,2026-08-20,2026-08-19,settled,222.03,USD
binance:6582458049,2026-08-20,2026-08-19,settled,2806.70,USD
binance:6582458070,2026-08-20,2026-08-19,settled,38.50,USD
binance:6582458077,2026-08-20,2026-08-19,settled,5.50,USD
binance:6582458078,2026-08-20,2026-08-19,settled,7.56,USD
binance:6582458079,2026-08-20,2026-08-19,settled,11.00,USD
coinbase:1073148856,2026-08-20,2026-08-19,settled,27.35,USD
coinbase:1073148855,2026-08-20,2026-08-19,settled,1.17,USD
coinbase:1073148857,2026-08-20,2026-08-19,settled,2020.20,USD
coinbase:1073148864,2026-08-20,2026-08-19,settled,16495.98,USD
coinbase:1073148863,2026-08-20,2026-08-19,settled,12802.59,USD
coinbase:1073148862,2026-08-20,2026-08-19,settled,687.10,USD
coinbase:1073148861,2026-08-20,2026-08-19,settled,524.95,USD
coinbase:1073148860,2026-08-20,2026-08-19,settled,1.17,USD
coinbase:1073148859,2026-08-20,2026-08-19,settled,419.99,USD
coinbase:1073148858,2026-08-20,2026-08-19,settled,1.06,USD
coinbase:1073148865,2026-08-20,2026-08-19,settled,419.99,USD
binance:6582458081,2026-08-20,2026-08-19,settled,12312.64,USD
binance:6582458109,2026-08-20,2026-08-19,settled,38.49,USD
binance:6582458116,2026-08-20,2026-08-19,settled,11.00,USD
binance:6582458118,2026-08-20,2026-08-19,settled,497.67,USD
binance:6582458122,2026-08-20,2026-08-19,settled,12.37,USD
binance:6582458123,2026-08-20,2026-08-19,settled,5.50,USD
binance:6582458124,2026-08-20,2026-08-19,settled,5.50,USD
binance:6582458125,2026-08-20,2026-08-19,settled,27.49,USD
coinbase:1073148869,2026-08-20,2026-08-20,settled,4.91,USD
coinbase:1073148868,2026-08-20,2026-08-19,settled,687.05,USD
coinbase:1073148867,2026-08-20,2026-08-19,settled,1.17,USD
coinbase:1073148866,2026-08-20,2026-08-19,settled,1.17,USD
coinbase:1073148870,2026-08-20,2026-08-19,settled,0.00,USD
binance:6582458133,2026-08-20,2026-08-19,settled,1374.75,USD
coinbase:1073148871,2026-08-20,2026-08-19,settled,0.01,USD
coinbase:1073148872,2026-08-20,2026-08-19,settled,33.71,USD
coinbase:1073148873,2026-08-20,2026-08-19,settled,0.00,USD
coinbase:1073148874,2026-08-20,2026-08-19,settled,0.00,USD
binance:6582458134,2026-08-20,2026-08-19,settled,716.24,USD
coinbase:1073148875,2026-08-20,2026-08-19,settled,0.00,USD
coinbase:1073148876,2026-08-20,2026-08-19,settled,0.00,USD
coinbase:1073148877,2026-08-20,2026-08-19,settled,0.00,USD
coinbase:1073148878,2026-08-20,2026-08-19,settled,0.00,USD
kraken:105348625,2026-08-20,2026-08-19,settled,44.17,USD
binance:6582458137,2026-08-20,2026-08-19,settled,1500.54,USD
binance:6582458144,2026-08-20,2026-08-19,settled,100.36,USD
binance:6582458145,2026-08-20,2026-08-19,settled,19.25,USD
coinbase:1073148879,2026-08-20,2026-08-19,settled,0.00,USD
binance:6582458146,2026-08-20,2026-08-19,settled,19.25,USD
coinbase:1073148880,2026-08-20,2026-08-19,settled,0.00,USD
coinbase:1073148881,2026-08-20,2026-08-19,settled,0.00,USD
binance:6582458147,2026-08-20,2026-08-19,settled,2422.30,USD
binance:6582458149,2026-08-20,2026-08-19,settled,31.62,USD
binance:6582458150,2026-08-20,2026-08-19,settled,192.46,USD
binance:6582458151,2026-08-20,2026-08-19,settled,92.11,USD
coinbase:1073148882,2026-08-20,2026-08-19,settled,0.00,USD
coinbase:1073148885,2026-08-20,2026-08-19,settled,1521.33,USD
coinbase:1073148884,2026-08-20,2026-08-19,settled,2061.17,USD
coinbase:1073148883,2026-08-20,2026-08-19,settled,3366.21,USD
binance:6582458152,2026-08-20,2026-08-19,settled,280.45,USD
binance:6582458153,2026-08-20,2026-08-19,settled,158.78,USD
binance:6582458154,2026-08-20,2026-08-19,settled,39.87,USD
binance:6582458155,2026-08-20,2026-08-19,settled,52.24,USD
binance:6582458156,2026-08-20,2026-08-19,settled,2000.94,USD
coinbase:1073148886,2026-08-20,2026-08-19,settled,0.00,USD
coinbase:1073148887,2026-08-20,2026-08-19,settled,1.48,USD
binance:6582458157,2026-08-20,2026-08-19,settled,10804.13,USD
coinbase:1073148889,2026-08-20,2026-08-19,settled,0.01,USD
coinbase:1073148890,2026-08-20,2026-08-19,settled,0.00,USD
coinbase:1073148891,2026-08-20,2026-08-19,settled,0.00,USD
coinbase:1073148892,2026-08-20,2026-08-19,settled,0.02,USD
binance:6582458160,2026-08-20,2026-08-19,settled,99.67,USD
coinbase:1073148893,2026-08-20,2026-08-19,settled,0.00,USD
coinbase:1073148894,2026-08-20,2026-08-19,settled,0.00,USD
coinbase:1073148895,2026-08-20,2026-08-21,settled,0.00,USD
coinbase:1073148896,2026-08-24,2026-08-22,settled,0.00,USD
binance:6582458161,2026-08-20,2026-08-19,settled,101.04,USD
kraken:105348626,2026-08-20,2026-08-19,settled,55.78,USD
kraken:105348627,2026-08-20,2026-08-19,settled,44.27,USD
coinbase:1073148898,2026-08-20,2026-08-19,settled,0.00,USD
coinbase:1073148899,2026-08-20,2026-08-19,settled,0.00,USD
binance:6582458162,2026-08-20,2026-08-19,settled,623.45,USD
coinbase:1073148900,2026-08-20,2026-08-19,settled,22.77,USD
coinbase:1073148901,2026-08-20,2026-08-19,settled,0.00,USD
coinbase:1073148902,2026-08-20,2026-08-19,settled,0.00,USD
coinbase:1073148912,2026-08-20,2026-08-19,settled,1000.00,USD
coinbase:1073148911,2026-08-20,2026-08-19,settled,1000.00,USD
coinbase:1073148910,2026-08-20,2026-08-19,settled,25.14,USD
coinbase:1073148909,2026-08-20,2026-08-19,settled,3785.84,USD
coinbase:1073148908,2026-08-20,2026-08-19,settled,75.00,USD
coinbase:1073148907,2026-08-20,2026-08-19,settled,17223.26,USD
coinbase:1073148906,2026-08-20,2026-08-19,settled,9107.85,USD
coinbase:1073148905,2026-08-20,2026-08-19,settled,1.40,USD
coinbase:1073148904,2026-08-20,2026-08-19,settled,872.58,USD
binance:6582458163,2026-08-20,2026-08-19,settled,349.87,USD
binance:6582458164,2026-08-20,2026-08-19,settled,11.00,USD
binance:6582458165,2026-08-20,2026-08-19,settled,6.87,USD
coinbase:1073148913,2026-08-20,2026-08-19,settled,23.71,USD
coinbase:1073148916,2026-08-20,2026-08-19,settled,10.57,USD
coinbase:1073148915,2026-08-20,2026-08-19,settled,2.77,USD
coinbase:1073148914,2026-08-20,2026-08-19,settled,87.66,USD
binance:6582458166,2026-08-20,2026-08-19,settled,2997.63,USD
binance:6582458168,2026-08-20,2026-08-19,settled,7111.56,USD
binance:6582458186,2026-08-20,2026-08-19,settled,8363.27,USD
binance:6582458187,2026-08-20,2026-08-19,settled,6999.52,USD
coinbase:1073148918,2026-08-20,2026-08-19,settled,685.83,USD
coinbase:1073148917,2026-08-20,2026-08-19,settled,1.17,USD
binance:6582458188,2026-08-20,2026-08-19,settled,25569.59,USD
binance:6582458214,2026-08-20,2026-08-19,settled,22.00,USD
binance:6582458218,2026-08-20,2026-08-19,settled,5.50,USD
binance:6582458219,2026-08-20,2026-08-19,settled,6.19,USD
binance:6582458220,2026-08-20,2026-08-19,settled,16.50,USD
binance:6582458229,2026-08-20,2026-08-19,settled,11.68,USD
binance:6582458231,2026-08-20,2026-08-19,settled,5.50,USD
binance:6582458232,2026-08-20,2026-08-19,settled,16.50,USD
binance:6582458235,2026-08-20,2026-08-19,settled,6008.01,USD
binance:6582458237,2026-08-20,2026-08-19,settled,16.50,USD
binance:6582458240,2026-08-20,2026-08-19,settled,1380.17,USD
binance:6582458242,2026-08-20,2026-08-19,settled,20.62,USD
binance:6582458248,2026-08-20,2026-08-19,settled,5.50,USD
binance:6582458249,2026-08-24,2026-08-21,settled,11.00,USD
binance:6582458251,2026-08-20,2026-08-19,settled,11.00,USD
binance:6582458253,2026-08-20,2026-08-19,settled,5.50,USD
binance:6582458254,2026-08-20,2026-08-19,settled,11.00,USD
binance:6582458256,2026-08-20,2026-08-19,settled,11.68,USD
binance:6582458258,2026-08-24,2026-08-21,settled,12.37,USD
binance:6582458259,2026-08-20,2026-08-19,settled,5.50,USD
binance:6582458260,2026-08-20,2026-08-19,settled,11.00,USD
binance:6582458262,2026-08-20,2026-08-19,settled,6.19,USD
binance:6582458263,2026-08-20,2026-08-19,settled,5.50,USD
binance:6582458264,2026-08-20,2026-08-19,settled,6.19,USD
binance:6582458265,2026-08-20,2026-08-19,settled,5.50,USD
binance:6582458266,2026-08-20,2026-08-19,settled,282.48,USD
binance:6582458267,2026-08-20,2026-08-19,settled,975.97,USD
coinbase:1073148919,2026-08-20,2026-08-19,settled,0.03,USD
binance:6582458268,2026-08-20,2026-08-19,settled,2444.69,USD
binance:6582458290,2026-08-20,2026-08-19,settled,43.99,USD
binance:6582458298,2026-08-20,2026-08-19,settled,6.19,USD
binance:6582458299,2026-08-20,2026-08-19,settled,16.49,USD
binance:6582458302,2026-08-20,2026-08-19,settled,16.49,USD
binance:6582458305,2026-08-20,2026-08-19,settled,27.49,USD
binance:6582458310,2026-08-20,2026-08-19,settled,32.30,USD
binance:6582458311,2026-08-20,2026-08-19,settled,32.99,USD
binance:6582458312,2026-08-20,2026-08-19,settled,5.50,USD
binance:6582458313,2026-08-20,2026-08-19,settled,11.68,USD
binance:6582458315,2026-08-20,2026-08-19,settled,16.49,USD
binance:6582458318,2026-08-20,2026-08-19,settled,5.50,USD
binance:6582458319,2026-08-20,2026-08-19,settled,129.90,USD
binance:6582458320,2026-08-20,2026-08-19,settled,3415.71,USD
binance:6582458321,2026-08-20,2026-08-19,settled,46.05,USD
binance:6582458329,2026-08-20,2026-08-19,settled,5.50,USD
binance:6582458330,2026-08-20,2026-08-19,settled,5.50,USD
binance:6582458331,2026-08-20,2026-08-19,settled,11.00,USD
binance:6582458333,2026-08-20,2026-08-19,settled,7.56,USD
binance:6582458334,2026-08-20,2026-08-19,settled,11.00,USD
binance:6582458336,2026-08-20,2026-08-22,settled,11.68,USD
binance:6582458338,2026-08-20,2026-08-19,settled,17.87,USD
binance:6582458341,2026-08-20,2026-08-19,settled,16.49,USD
binance:6582458344,2026-08-20,2026-08-19,settled,442.59,USD
binance:6582458345,2026-08-20,2026-08-19,settled,137.45,USD
binance:6582458346,2026-08-20,2026-08-19,settled,6.87,USD
coinbase:1073148922,2026-08-20,2026-08-19,settled,686.95,USD
coinbase:1073148921,2026-08-24,2026-08-21,settled,1.17,USD
coinbase:1073148920,2026-08-20,2026-08-19,settled,1.14,USD
coinbase:1073148923,2026-08-20,2026-08-19,settled,11797.95,USD
coinbase:1073148924,2026-08-20,2026-08-19,settled,719.11,USD
coinbase:1073148926,2026-08-20,2026-08-19,settled,27765.06,USD
coinbase:1073148925,2026-08-20,2026-08-19,settled,1.17,USD
coinbase:1073148927,2026-08-20,2026-08-19,settled,652.56,USD
coinbase:1073148928,2026-08-20,2026-08-19,settled,1717.26,USD
coinbase:1073148929,2026-08-20,2026-08-19,settled,382.31,USD
coinbase:1073148930,2026-08-20,2026-08-19,settled,2376.49,USD
coinbase:1073148931,2026-08-20,2026-08-19,settled,4195.61,USD
coinbase:1073148932,2026-08-20,2026-08-19,settled,2558.36,USD
coinbase:1073148933,2026-08-20,2026-08-19,settled,7601.41,USD
coinbase:1073148934,2026-08-20,2026-08-19,settled,1127.16,USD
coinbase:1073148935,2026-08-20,2026-08-19,settled,5743.15,USD
coinbase:1073148936,2026-08-20,2026-08-19,settled,1975.72,USD
binance:6582458347,2026-08-20,2026-08-19,settled,7439.43,USD
binance:6582458361,2026-08-20,2026-08-19,settled,11.00,USD
binance:6582458363,2026-08-20,2026-08-19,settled,12.37,USD
binance:6582458364,2026-08-20,2026-08-19,settled,5.50,USD
binance:6582458365,2026-08-20,2026-08-19,settled,16.49,USD
binance:6582458368,2026-08-20,2026-08-19,settled,1373.07,USD
binance:6582458381,2026-08-20,2026-08-19,settled,5.50,USD
binance:6582458382,2026-08-20,2026-08-19,settled,270.08,USD
binance:6582458393,2026-08-20,2026-08-19,settled,1149.04,USD
binance:6582458404,2026-08-20,2026-08-19,settled,21.99,USD
binance:6582458408,2026-08-20,2026-08-19,settled,5.50,USD
binance:6582458409,2026-08-20,2026-08-19,settled,5.50,USD
binance:6582458410,2026-08-20,2026-08-19,settled,4086.09,USD
binance:6582458411,2026-08-20,2026-08-19,settled,5.50,USD
binance:6582458412,2026-08-20,2026-08-19,settled,5.50,USD
coinbase:1073148937,2026-08-20,2026-08-19,settled,4832.32,USD
coinbase:1073148938,2026-08-20,2026-08-19,settled,4537.04,USD
coinbase:1073148939,2026-08-20,2026-08-19,settled,20102.46,USD
coinbase:1073148940,2026-08-20,2026-08-19,settled,1008.87,USD
coinbase:1073148941,2026-08-20,2026-08-19,settled,2054.45,USD
coinbase:1073148942,2026-08-20,2026-08-19,settled,1765.52,USD
coinbase:1073148943,2026-08-20,2026-08-19,settled,1261.08,USD
coinbase:1073148944,2026-08-20,2026-08-19,settled,2054.45,USD
coinbase:1073148945,2026-08-20,2026-08-19,settled,3916.93,USD
coinbase:1073148946,2026-08-20,2026-08-19,settled,4903.25,USD
coinbase:1073148947,2026-08-20,2026-08-19,settled,424.11,USD
coinbase:1073148949,2026-08-20,2026-08-19,settled,872.37,USD
coinbase:1073148948,2026-08-20,2026-08-19,settled,628.68,USD
binance:6582458413,2026-08-20,2026-08-19,settled,1450.64,USD
binance:6582458439,2026-08-20,2026-08-19,settled,32.98,USD
binance:6582458445,2026-08-20,2026-08-19,settled,5.50,USD
binance:6582458446,2026-08-20,2026-08-19,settled,99.64,USD
binance:6582458447,2026-08-20,2026-08-21,settled,12.37,USD
binance:6582458448,2026-08-20,2026-08-19,settled,5.50,USD
binance:6582458449,2026-08-20,2026-08-19,settled,6.18,USD
binance:6582458450,2026-08-20,2026-08-19,settled,16.49,USD
binance:6582458453,2026-08-20,2026-08-19,settled,2710.15,USD
binance:6582458474,2026-08-20,2026-08-19,settled,43.98,USD
binance:6582458482,2026-08-20,2026-08-19,settled,5.50,USD
binance:6582458483,2026-08-20,2026-08-19,settled,16.49,USD
binance:6582458486,2026-08-20,2026-08-19,settled,1401.10,USD
binance:6582458504,2026-08-20,2026-08-19,settled,43.98,USD
binance:6582458512,2026-08-20,2026-08-19,settled,10.99,USD
binance:6582458514,2026-08-20,2026-08-19,settled,7.56,USD
binance:6582458515,2026-08-20,2026-08-19,settled,16.49,USD
binance:6582458518,2026-08-20,2026-08-19,settled,4062.29,USD
binance:6582458523,2026-08-20,2026-08-19,settled,16.49,USD
kraken:105348628,2026-08-20,2026-08-19,settled,50.00,USD
kraken:105348629,2026-08-20,2026-08-19,settled,68.69,USD
kraken:105348630,2026-08-20,2026-08-19,settled,5358.02,USD
coinbase:1073148952,2026-08-20,2026-08-19,settled,686.85,USD
coinbase:1073148951,2026-08-20,2026-08-19,settled,1.17,USD
coinbase:1073148950,2026-08-20,2026-08-19,settled,1.17,USD
coinbase:1073148954,2026-08-24,2026-08-22,settled,4740.45,USD
coinbase:1073148953,2026-08-20,2026-08-19,settled,4601.48,USD
binance:6582458526,2026-08-20,2026-08-19,settled,27.48,USD
coinbase:1073148955,2026-08-20,2026-08-19,settled,0.00,USD
binance:6582458527,2026-08-20,2026-08-19,settled,144.30,USD
binance:6582458552,2026-08-20,2026-08-19,settled,38.48,USD
binance:6582458559,2026-08-20,2026-08-19,settled,16.49,USD
binance:6582458562,2026-08-20,2026-08-19,settled,2005.70,USD
binance:6582458564,2026-08-20,2026-08-19,settled,28.86,USD
binance:6582458565,2026-08-20,2026-08-19,settled,5.50,USD
binance:6582458566,2026-08-20,2026-08-19,settled,16.49,USD
binance:6582458569,2026-08-20,2026-08-21,settled,21.99,USD
binance:6582458573,2026-08-20,2026-08-19,settled,1549.44,USD
binance:6582458575,2026-08-20,2026-08-19,settled,10.99,USD
binance:6582458577,2026-08-20,2026-08-19,settled,34.36,USD
binance:6582458582,2026-08-20,2026-08-19,settled,171.77,USD
binance:6582458583,2026-08-20,2026-08-19,settled,16.49,USD
binance:6582458586,2026-08-20,2026-08-19,settled,5.50,USD
binance:6582458587,2026-08-20,2026-08-19,settled,16.49,USD
binance:6582458590,2026-08-20,2026-08-19,settled,4022.26,USD
binance:6582458595,2026-08-20,2026-08-19,settled,13.05,USD
binance:6582458596,2026-08-20,2026-08-19,settled,48.78,USD
binance:6582458605,2026-08-20,2026-08-20,settled,1.37,USD
binance:6582458606,2026-08-20,2026-08-19,settled,27.48,USD
binance:6582458611,2026-08-20,2026-08-19,settled,50.16,USD
binance:6582458620,2026-08-20,2026-08-19,settled,5.50,USD
binance:6582458621,2026-08-20,2026-08-19,settled,10.99,USD
binance:6582458623,2026-08-20,2026-08-19,settled,50.84,USD
binance:6582458632,2026-08-20,2026-08-19,settled,10.99,USD
binance:6582458634,2026-08-20,2026-08-19,settled,1297.19,USD
binance:6582458648,2026-08-20,2026-08-19,settled,43.97,USD
binance:6582458656,2026-08-20,2026-08-19,settled,250.78,USD
binance:6582458658,2026-08-20,2026-08-19,settled,80.39,USD
binance:6582458672,2026-08-20,2026-08-19,settled,21.99,USD
binance:6582458676,2026-08-20,2026-08-19,settled,5.50,USD
binance:6582458677,2026-08-20,2026-08-19,settled,5.50,USD
binance:6582458678,2026-08-20,2026-08-19,settled,5.50,USD
binance:6582458679,2026-08-20,2026-08-19,settled,16.49,USD
binance:6582458682,2026-08-20,2026-08-19,settled,10040.48,USD
binance:6582458690,2026-08-20,2026-08-19,settled,10.99,USD
binance:6582458692,2026-08-20,2026-08-19,settled,16.49,USD
binance:6582458695,2026-08-20,2026-08-19,settled,17.86,USD
binance:6582458698,2026-08-20,2026-08-19,settled,5.50,USD
binance:6582458699,2026-08-20,2026-08-19,settled,41.22,USD
coinbase:1073148956,2026-08-20,2026-08-19,settled,1550.79,USD
coinbase:1073148957,2026-08-20,2026-08-19,settled,0.32,USD
coinbase:1073148959,2026-08-20,2026-08-19,settled,686.80,USD
coinbase:1073148958,2026-08-20,2026-08-19,settled,1.16,USD
binance:6582458706,2026-08-20,2026-08-19,settled,94.12,USD
binance:6582458723,2026-08-20,2026-08-19,settled,32.98,USD
binance:6582458729,2026-08-20,2026-08-19,settled,17.86,USD
binance:6582458732,2026-08-20,2026-08-19,settled,6.18,USD
binance:6582458733,2026-08-20,2026-08-19,settled,5.50,USD
coinbase:1073148964,2026-08-20,2026-08-19,settled,8087.59,USD
coinbase:1073148963,2026-08-20,2026-08-19,settled,686.75,USD
coinbase:1073148961,2026-08-20,2026-08-19,settled,1.17,USD
coinbase:1073148960,2026-08-20,2026-08-19,settled,1.17,USD
coinbase:1073148965,2026-08-20,2026-08-19,settled,0.01,USD
kraken:105348631,2026-08-20,2026-08-19,settled,4120.67,USD
coinbase:1073148967,2026-08-20,2026-08-19,settled,42.09,USD
coinbase:1073148966,2026-08-20,2026-08-19,settled,1.17,USD
coinbase:1073148968,2026-08-20,2026-08-21,settled,243.48,USD
coinbase:1073148969,2026-08-20,2026-08-19,settled,66.05,USD
coinbase:1073148970,2026-08-20,2026-08-19,settled,1.17,USD
coinbase:1073148971,2026-08-20,2026-08-19,settled,3503.34,USD
coinbase:1073148972,2026-08-20,2026-08-19,settled,0.00,USD
binance:6582458734,2026-08-20,2026-08-19,settled,100.99,USD
binance:6582458752,2026-08-20,2026-08-19,settled,38.47,USD
binance:6582458759,2026-08-20,2026-08-19,settled,10.99,USD
binance:6582458761,2026-08-20,2026-08-19,settled,68.70,USD
binance:6582458762,2026-08-20,2026-08-19,settled,10.99,USD
binance:6582458764,2026-08-20,2026-08-19,settled,618.99,USD
binance:6582458769,2026-08-20,2026-08-19,settled,7516.47,USD
binance:6582458773,2026-08-20,2026-08-19,settled,16.49,USD
binance:6582458776,2026-08-20,2026-08-19,settled,3981.14,USD
binance:6582458780,2026-08-20,2026-08-19,settled,5.50,USD
binance:6582458781,2026-08-20,2026-08-19,settled,100.99,USD
binance:6582458799,2026-08-20,2026-08-19,settled,122.28,USD
binance:6582458821,2026-08-20,2026-08-19,settled,32.98,USD
binance:6582458827,2026-08-20,2026-08-19,settled,21.98,USD
binance:6582458832,2026-08-20,2026-08-19,settled,12.37,USD
binance:6582458833,2026-08-20,2026-08-19,settled,6.18,USD
binance:6582458835,2026-08-20,2026-08-19,settled,16.49,USD
binance:6582458838,2026-08-20,2026-08-19,settled,94.80,USD
binance:6582458855,2026-08-20,2026-08-19,settled,32.97,USD
binance:6582458861,2026-08-20,2026-08-19,settled,5.50,USD
binance:6582458862,2026-08-20,2026-08-19,settled,5.50,USD
binance:6582458863,2026-08-20,2026-08-19,settled,3916.88,USD
binance:6582458864,2026-08-20,2026-08-19,settled,5.50,USD
binance:6582458865,2026-08-20,2026-08-19,settled,7.56,USD
binance:6582458866,2026-08-20,2026-08-19,settled,16.49,USD
binance:6582458869,2026-08-20,2026-08-19,settled,5.50,USD
binance:6582458870,2026-08-20,2026-08-20,settled,27.48,USD
binance:6582458875,2026-08-24,2026-08-22,settled,28.16,USD
binance:6582458880,2026-08-20,2026-08-19,settled,5.50,USD
binance:6582458881,2026-08-20,2026-08-19,settled,5.50,USD
binance:6582458882,2026-08-20,2026-08-19,settled,10.99,USD
binance:6582458884,2026-08-20,2026-08-19,settled,6.18,USD
binance:6582458885,2026-08-20,2026-08-19,settled,6.18,USD
binance:6582458886,2026-08-20,2026-08-19,settled,12.36,USD
binance:6582458887,2026-08-20,2026-08-22,settled,16.49,USD
binance:6582458890,2026-08-20,2026-08-19,settled,1285.87,USD
binance:6582458891,2026-08-20,2026-08-19,settled,6.18,USD
coinbase:1073148974,2026-08-20,2026-08-19,settled,872.05,USD
coinbase:1073148973,2026-08-20,2026-08-19,settled,1.17,USD
coinbase:1073148976,2026-08-20,2026-08-19,settled,686.65,USD
coinbase:1073148975,2026-08-20,2026-08-19,settled,0.00,USD
coinbase:1073148979,2026-08-20,2026-08-19,settled,70.12,USD
coinbase:1073148978,2026-08-20,2026-08-19,settled,1.17,USD
coinbase:1073148977,2026-08-20,2026-08-19,settled,1.17,USD
coinbase:1073148980,2026-08-20,2026-08-19,settled,0.00,USD
coinbase:1073148981,2026-08-20,2026-08-19,settled,95.18,USD
coinbase:1073148983,2026-08-20,2026-08-19,settled,1.17,USD
coinbase:1073148982,2026-08-20,2026-08-19,settled,12159.25,USD
coinbase:1073148986,2026-08-20,2026-08-19,settled,2088.27,USD
coinbase:1073148985,2026-08-20,2026-08-19,settled,5296.70,USD
coinbase:1073148984,2026-08-20,2026-08-19,settled,1.17,USD
coinbase:1073148987,2026-08-20,2026-08-19,settled,0.00,USD
coinbase:1073148988,2026-08-20,2026-08-19,settled,0.00,USD
binance:6582458893,2026-08-20,2026-08-19,settled,1611.45,USD
binance:6582458916,2026-08-20,2026-08-19,settled,16.49,USD
binance:6582458919,2026-08-20,2026-08-19,settled,11.68,USD
binance:6582458921,2026-08-20,2026-08-19,settled,16.49,USD
binance:6582458924,2026-08-20,2026-08-19,settled,316.65,USD
binance:6582458925,2026-08-20,2026-08-19,settled,781.67,USD
binance:6582458927,2026-08-20,2026-08-19,settled,5.50,USD
binance:6582458928,2026-08-20,2026-08-19,settled,5.50,USD
binance:6582458929,2026-08-20,2026-08-19,settled,5.49,USD
binance:6582458930,2026-08-20,2026-08-19,settled,16.48,USD
binance:6582458933,2026-08-20,2026-08-19,settled,10.99,USD
binance:6582458935,2026-08-20,2026-08-19,settled,16.48,USD
binance:6582458938,2026-08-20,2026-08-19,settled,787.15,USD
binance:6582458940,2026-08-20,2026-08-19,settled,16.48,USD
binance:6582458943,2026-08-20,2026-08-19,settled,5.49,USD
binance:6582458944,2026-08-20,2026-08-19,settled,5.49,USD
binance:6582458945,2026-08-20,2026-08-19,settled,6.18,USD
binance:6582458946,2026-08-20,2026-08-19,settled,16.48,USD
binance:6582458949,2026-08-20,2026-08-19,settled,1032.34,USD
binance:6582458951,2026-08-20,2026-08-19,settled,5.49,USD
binance:6582458952,2026-08-20,2026-08-19,settled,6.18,USD
binance:6582458955,2026-08-20,2026-08-19,settled,16.48,USD
binance:6582458958,2026-08-20,2026-08-19,settled,1373.68,USD
binance:6582458959,2026-08-20,2026-08-19,settled,20.61,USD
binance:6582458960,2026-08-20,2026-08-19,settled,11.68,USD
binance:6582458962,2026-08-20,2026-08-21,settled,820.76,USD
binance:6582458964,2026-08-20,2026-08-19,settled,5.49,USD
binance:6582458965,2026-08-20,2026-08-19,settled,11.68,USD
binance:6582458967,2026-08-20,2026-08-19,settled,12.36,USD
binance:6582458968,2026-08-20,2026-08-19,settled,5.49,USD
binance:6582458969,2026-08-20,2026-08-19,settled,22030.61,USD
binance:6582458972,2026-08-20,2026-08-19,settled,5001.45,USD
binance:6582458975,2026-08-20,2026-08-19,settled,17.17,USD
binance:6582458976,2026-08-20,2026-08-19,settled,5.49,USD
binance:6582458977,2026-08-20,2026-08-19,settled,5.49,USD
binance:6582458978,2026-08-20,2026-08-19,settled,105.08,USD
binance:6582458979,2026-08-20,2026-08-19,settled,5.49,USD
binance:6582458980,2026-08-24,2026-08-21,settled,1114.01,USD
binance:6582458981,2026-08-20,2026-08-19,settled,63.19,USD
binance:6582458982,2026-08-20,2026-08-19,settled,1199.86,USD
coinbase:1073148989,2026-08-20,2026-08-19,settled,499.87,USD
coinbase:1073148995,2026-08-20,2026-08-19,settled,11997.76,USD
coinbase:1073148994,2026-08-20,2026-08-19,settled,12156.69,USD
coinbase:1073148993,2026-08-20,2026-08-19,settled,1.17,USD
coinbase:1073148992,2026-08-20,2026-08-19,settled,4430.05,USD
coinbase:1073148991,2026-08-20,2026-08-19,settled,1.17,USD
coinbase:1073148990,2026-08-20,2026-08-19,settled,1.17,USD
coinbase:1073148999,2026-08-20,2026-08-19,settled,22276.94,USD
coinbase:1073148998,2026-08-20,2026-08-22,settled,30000.00,USD
coinbase:1073148997,2026-08-20,2026-08-19,settled,16360.59,USD
coinbase:1073149006,2026-08-20,2026-08-19,settled,7943.35,USD
coinbase:1073149005,2026-08-20,2026-08-19,settled,11996.72,USD
coinbase:1073149004,2026-08-20,2026-08-19,settled,9996.93,USD
coinbase:1073149003,2026-08-20,2026-08-19,settled,12155.17,USD
coinbase:1073149002,2026-08-20,2026-08-19,settled,18815.17,USD
coinbase:1073149001,2026-08-20,2026-08-19,settled,0.58,USD
coinbase:1073149007,2026-08-20,2026-08-19,settled,2.19,USD
coinbase:1073149011,2026-08-20,2026-08-19,settled,2602.46,USD
coinbase:1073149010,2026-08-20,2026-08-19,settled,4998.28,USD
coinbase:1073149009,2026-08-20,2026-08-19,settled,150.00,USD
coinbase:1073149008,2026-08-20,2026-08-19,settled,40288.16,USD
coinbase:1073149014,2026-08-20,2026-08-19,settled,26490.91,USD
coinbase:1073149013,2026-08-20,2026-08-19,settled,12153.64,USD
coinbase:1073149012,2026-08-20,2026-08-19,settled,9393.26,USD
binance:6582458987,2026-08-20,2026-08-19,settled,2037.78,USD
binance:6582459008,2026-08-20,2026-08-19,settled,5.49,USD
binance:6582459009,2026-08-20,2026-08-19,settled,21.98,USD
binance:6582459013,2026-08-20,2026-08-19,settled,10.99,USD
binance:6582459015,2026-08-20,2026-08-19,settled,6.18,USD
binance:6582459016,2026-08-20,2026-08-19,settled,171.70,USD
binance:6582459017,2026-08-20,2026-08-19,settled,5.49,USD
binance:6582459018,2026-08-20,2026-08-19,settled,16.48,USD
binance:6582459021,2026-08-20,2026-08-19,settled,884.57,USD
binance:6582459036,2026-08-20,2026-08-19,settled,5.49,USD
binance:6582459037,2026-08-20,2026-08-19,settled,6.18,USD
kraken:105348632,2026-08-20,2026-08-19,settled,99.97,USD
kraken:105348633,2026-08-20,2026-08-19,settled,50.00,USD
kraken:105348634,2026-08-20,2026-08-19,settled,50.00,USD
binance:6582459038,2026-08-20,2026-08-19,settled,858.46,USD
binance:6582459048,2026-08-20,2026-08-19,settled,10.99,USD
binance:6582459050,2026-08-20,2026-08-19,settled,2.75,USD
binance:6582459051,2026-08-20,2026-08-19,settled,2.75,USD
binance:6582459052,2026-08-20,2026-08-19,settled,10.99,USD
binance:6582459054,2026-08-20,2026-08-19,settled,0.69,USD
binance:6582459055,2026-08-24,2026-08-21,settled,5.49,USD
binance:6582459056,2026-08-20,2026-08-19,settled,5.49,USD
binance:6582459057,2026-08-20,2026-08-19,settled,2.06,USD
binance:6582459070,2026-08-20,2026-08-19,settled,787.70,USD
binance:6582459072,2026-08-20,2026-08-19,settled,5.49,USD
binance:6582459073,2026-08-20,2026-08-19,settled,11.67,USD
binance:6582459075,2026-08-20,2026-08-19,settled,16.48,USD
binance:6582459078,2026-08-20,2026-08-19,settled,1124.88,USD
binance:6582459080,2026-08-20,2026-08-19,settled,8.93,USD
binance:6582459058,2026-08-20,2026-08-19,settled,21.29,USD
binance:6582459061,2026-08-20,2026-08-19,settled,5.49,USD
binance:6582459062,2026-08-20,2026-08-19,settled,16.48,USD
binance:6582459065,2026-08-20,2026-08-19,settled,1126.26,USD
binance:6582459081,2026-08-20,2026-08-19,settled,59.75,USD
binance:6582459082,2026-08-20,2026-08-19,settled,5.49,USD
binance:6582459091,2026-08-20,2026-08-19,settled,87.90,USD
binance:6582459092,2026-08-20,2026-08-19,settled,87.90,USD
binance:6582459093,2026-08-20,2026-08-19,settled,87.90,USD
binance:6582459094,2026-08-20,2026-08-19,settled,87.90,USD
binance:6582459095,2026-08-20,2026-08-19,settled,87.90,USD
binance:6582459096,2026-08-20,2026-08-19,settled,98.89,USD
binance:6582459097,2026-08-20,2026-08-19,settled,87.90,USD
binance:6582459098,2026-08-20,2026-08-19,settled,87.90,USD
binance:6582459099,2026-08-20,2026-08-19,settled,87.90,USD
binance:6582459100,2026-08-20,2026-08-19,settled,87.90,USD
binance:6582459101,2026-08-20,2026-08-19,settled,87.90,USD
binance:6582459102,2026-08-20,2026-08-19,settled,87.90,USD
binance:6582459103,2026-08-20,2026-08-19,settled,998.50,USD
binance:6582459104,2026-08-20,2026-08-19,settled,12.36,USD
binance:6582459106,2026-08-20,2026-08-19,settled,39.83,USD
binance:6582459113,2026-08-20,2026-08-19,settled,7.55,USD
binance:6582459114,2026-08-20,2026-08-19,settled,16.48,USD
binance:6582459117,2026-08-20,2026-08-19,settled,775.30,USD
binance:6582459118,2026-08-20,2026-08-19,settled,87.90,USD
binance:6582459119,2026-08-20,2026-08-19,settled,87.90,USD
binance:6582459120,2026-08-20,2026-08-19,settled,87.90,USD
binance:6582459121,2026-08-20,2026-08-19,settled,87.90,USD
binance:6582459122,2026-08-20,2026-08-19,settled,17040.04,USD
binance:6582459124,2026-08-20,2026-08-19,settled,2745.47,USD
binance:6582459125,2026-08-20,2026-08-19,settled,19056.97,USD
binance:6582459126,2026-08-20,2026-08-19,settled,50.82,USD
binance:6582459130,2026-08-20,2026-08-19,settled,6.18,USD
binance:6582459131,2026-08-20,2026-08-19,settled,11.67,USD
binance:6582459133,2026-08-20,2026-08-19,settled,5.49,USD
binance:6582459134,2026-08-20,2026-08-19,settled,5.49,USD
binance:6582459135,2026-08-20,2026-08-19,settled,11.67,USD
binance:6582459137,2026-08-20,2026-08-19,settled,16.48,USD
binance:6582459140,2026-08-20,2026-08-19,settled,1265.58,USD
binance:6582459141,2026-08-20,2026-08-19,settled,25.41,USD
binance:6582459142,2026-08-20,2026-08-19,settled,20111.23,USD
binance:6582459144,2026-08-20,2026-08-19,settled,1420.09,USD
binance:6582459145,2026-08-20,2026-08-19,settled,8622.88,USD
binance:6582459146,2026-08-20,2026-08-19,settled,8411.55,USD
binance:6582459149,2026-08-20,2026-08-19,settled,87.90,USD
binance:6582459150,2026-08-20,2026-08-19,settled,13252.92,USD
binance:6582459153,2026-08-20,2026-08-19,settled,9244.04,USD
binance:6582459155,2026-08-20,2026-08-19,settled,1812.93,USD
binance:6582459156,2026-08-20,2026-08-19,settled,8879.39,USD
binance:6582459157,2026-08-20,2026-08-19,settled,87.90,USD
binance:6582459158,2026-08-20,2026-08-19,settled,99.57,USD
binance:6582459159,2026-08-20,2026-08-19,settled,147.64,USD
binance:6582459161,2026-08-20,2026-08-19,settled,2850.61,USD
binance:6582459162,2026-08-20,2026-08-19,settled,12888.97,USD
binance:6582459163,2026-08-20,2026-08-19,settled,8111.62,USD
binance:6582459164,2026-08-20,2026-08-19,settled,15576.35,USD
binance:6582459167,2026-08-20,2026-08-19,settled,1076.77,USD
binance:6582459168,2026-08-20,2026-08-19,settled,13263.45,USD
binance:6582459169,2026-08-20,2026-08-19,settled,6886.50,USD
binance:6582459176,2026-08-20,2026-08-19,settled,7124.11,USD
binance:6582459177,2026-08-20,2026-08-19,settled,21843.43,USD
binance:6582459178,2026-08-24,2026-08-21,settled,7124.11,USD
binance:6582459179,2026-08-20,2026-08-19,settled,87.90,USD
binance:6582459180,2026-08-20,2026-08-19,settled,5.49,USD
binance:6582459181,2026-08-20,2026-08-19,settled,5.49,USD
binance:6582459182,2026-08-20,2026-08-19,settled,118.80,USD
binance:6582459185,2026-08-20,2026-08-19,settled,16.48,USD
binance:6582459188,2026-08-20,2026-08-19,settled,5.49,USD
binance:6582459189,2026-08-20,2026-08-19,settled,5.49,USD
binance:6582459190,2026-08-20,2026-08-19,settled,12.36,USD
binance:6582459191,2026-08-20,2026-08-19,settled,56.31,USD
binance:6582459192,2026-08-20,2026-08-19,settled,6497.40,USD
binance:6582459193,2026-08-20,2026-08-19,settled,2901.92,USD
binance:6582459194,2026-08-20,2026-08-19,settled,3595.50,USD
binance:6582459195,2026-08-20,2026-08-19,settled,34.33,USD
binance:6582459200,2026-08-20,2026-08-19,settled,6497.40,USD
binance:6582459201,2026-08-20,2026-08-21,settled,3555.65,USD
binance:6582459202,2026-08-20,2026-08-19,settled,3568.03,USD
binance:6582459203,2026-08-20,2026-08-19,settled,6485.07,USD
binance:6582459205,2026-08-20,2026-08-19,settled,7805.58,USD
binance:6582459206,2026-08-20,2026-08-19,settled,12179.11,USD
binance:6582459208,2026-08-20,2026-08-19,settled,6497.45,USD
binance:6582459209,2026-08-20,2026-08-19,settled,20229.84,USD
binance:6582459211,2026-08-20,2026-08-19,settled,18495.27,USD
binance:6582459213,2026-08-20,2026-08-19,settled,123.60,USD
binance:6582459214,2026-08-20,2026-08-19,settled,903.69,USD
binance:6582459215,2026-08-20,2026-08-19,settled,18894.41,USD
binance:6582459219,2026-08-20,2026-08-19,settled,5.49,USD
binance:6582459220,2026-08-20,2026-08-19,settled,37.08,USD
binance:6582459221,2026-08-20,2026-08-19,settled,51.50,USD
binance:6582459222,2026-08-20,2026-08-20,settled,9367.25,USD
binance:6582459223,2026-08-20,2026-08-19,settled,9455.83,USD
binance:6582459224,2026-08-20,2026-08-19,settled,3673.15,USD
binance:6582459225,2026-08-20,2026-08-19,settled,5782.69,USD
binance:6582459226,2026-08-20,2026-08-19,settled,9455.86,USD
binance:6582459227,2026-08-20,2026-08-19,settled,5137.93,USD
binance:6582459228,2026-08-20,2026-08-19,settled,123.61,USD
binance:6582459229,2026-08-20,2026-08-19,settled,21003.73,USD
binance:6582459233,2026-08-20,2026-08-19,settled,2976.20,USD
binance:6582459234,2026-08-20,2026-08-19,settled,4147.74,USD
binance:6582459235,2026-08-20,2026-08-19,settled,5.49,USD
binance:6582459236,2026-08-20,2026-08-19,settled,1002.60,USD
binance:6582459237,2026-08-20,2026-08-19,settled,10.99,USD
binance:6582459239,2026-08-20,2026-08-19,settled,9783.64,USD
binance:6582459240,2026-08-20,2026-08-19,settled,11881.55,USD
binance:6582459241,2026-08-20,2026-08-19,settled,7051.54,USD
binance:6582459242,2026-08-20,2026-08-19,settled,20.60,USD
binance:6582459243,2026-08-20,2026-08-19,settled,6894.42,USD
binance:6582459244,2026-08-20,2026-08-19,settled,20.60,USD
binance:6582459245,2026-08-20,2026-08-19,settled,6389.20,USD
binance:6582459246,2026-08-20,2026-08-19,settled,13433.53,USD
binance:6582459247,2026-08-20,2026-08-19,settled,1799.83,USD
binance:6582459248,2026-08-20,2026-08-19,settled,13776.20,USD
binance:6582459249,2026-08-20,2026-08-19,settled,5.49,USD
binance:6582459250,2026-08-20,2026-08-19,settled,4159.27,USD
binance:6582459251,2026-08-20,2026-08-19,settled,8.24,USD
binance:6582459252,2026-08-20,2026-08-19,settled,23.35,USD
binance:6582459256,2026-08-20,2026-08-19,settled,10.99,USD
binance:6582459258,2026-08-20,2026-08-19,settled,28.84,USD
binance:6582459263,2026-08-20,2026-08-19,settled,16.48,USD
binance:6582459266,2026-08-20,2026-08-19,settled,817.83,USD
binance:6582459267,2026-08-20,2026-08-19,settled,6.18,USD
binance:6582459268,2026-08-20,2026-08-19,settled,5.49,USD
binance:6582459269,2026-08-20,2026-08-19,settled,6.18,USD
binance:6582459270,2026-08-20,2026-08-19,settled,10.99,USD
binance:6582459272,2026-08-20,2026-08-19,settled,21.97,USD
binance:6582459276,2026-08-20,2026-08-19,settled,27.47,USD
coinbase:1073149016,2026-08-20,2026-08-22,settled,0.00,USD
binance:6582459281,2026-08-20,2026-08-19,settled,1387.05,USD
binance:6582459285,2026-08-20,2026-08-19,settled,19.23,USD
binance:6582459289,2026-08-20,2026-08-19,settled,10.99,USD
binance:6582459291,2026-08-20,2026-08-19,settled,16.48,USD
binance:6582459294,2026-08-20,2026-08-19,settled,4959.01,USD
binance:6582459302,2026-08-20,2026-08-19,settled,27.47,USD
binance:6582459303,2026-08-20,2026-08-19,settled,38.45,USD
coinbase:1073149017,2026-08-20,2026-08-19,settled,9011.75,USD
coinbase:1073149018,2026-08-20,2026-08-22,settled,1364.58,USD
coinbase:1073149022,2026-08-20,2026-08-19,settled,23992.55,USD
coinbase:1073149021,2026-08-20,2026-08-19,settled,6444.02,USD
coinbase:1073149020,2026-08-20,2026-08-19,settled,12154.50,USD
coinbase:1073149019,2026-08-20,2026-08-19,settled,9996.70,USD
binance:6582459310,2026-08-20,2026-08-19,settled,36254.81,USD
kraken:105348635,2026-08-20,2026-08-19,settled,99.95,USD
kraken:105348636,2026-08-20,2026-08-19,settled,6014.41,USD
coinbase:1073149026,2026-08-20,2026-08-19,settled,7412.86,USD
coinbase:1073149025,2026-08-20,2026-08-19,settled,3454.62,USD
coinbase:1073149024,2026-08-20,2026-08-19,settled,12155.69,USD
coinbase:1073149023,2026-08-20,2026-08-19,settled,3370.70,USD
binance:6582459317,2026-08-20,2026-08-19,settled,16.48,USD
binance:6582459320,2026-08-20,2026-08-19,settled,7.55,USD
binance:6582459321,2026-08-20,2026-08-19,settled,10.99,USD
binance:6582459323,2026-08-20,2026-08-19,settled,5.49,USD
binance:6582459324,2026-08-20,2026-08-19,settled,6.18,USD
binance:6582459325,2026-08-20,2026-08-19,settled,6.18,USD
binance:6582459326,2026-08-20,2026-08-19,settled,11.67,USD
binance:6582459328,2026-08-20,2026-08-19,settled,27.47,USD
binance:6582459333,2026-08-20,2026-08-19,settled,10.99,USD
binance:6582459335,2026-08-20,2026-08-19,settled,16.48,USD
binance:6582459338,2026-08-20,2026-08-19,settled,1363.62,USD
binance:6582459339,2026-08-20,2026-08-19,settled,42.57,USD
binance:6582459346,2026-08-20,2026-08-19,settled,13.73,USD
kraken:105348637,2026-08-20,2026-08-19,settled,3985.59,USD
kraken:105348638,2026-08-20,2026-08-19,settled,823.59,USD
kraken:105348639,2026-08-20,2026-08-19,settled,78.93,USD
kraken:105348640,2026-08-20,2026-08-19,settled,53.42,USD
kraken:105348641,2026-08-20,2026-08-19,settled,100.00,USD
kraken:105348642,2026-08-20,2026-08-19,settled,34.31,USD
coinbase:1073149027,2026-08-20,2026-08-19,settled,0.00,USD
binance:6582459348,2026-08-20,2026-08-19,settled,8601.95,USD
binance:6582459352,2026-08-20,2026-08-19,settled,5.49,USD
coinbase:1073149028,2026-08-20,2026-08-19,settled,374.77,USD
binance:6582459353,2026-08-20,2026-08-19,settled,10940.56,USD
coinbase:1073149029,2026-08-20,2026-08-19,settled,0.00,USD
coinbase:1073149030,2026-08-20,2026-08-19,settled,0.01,USD
binance:6582459362,2026-08-20,2026-08-19,settled,34.33,USD
coinbase:1073149031,2026-08-20,2026-08-19,settled,0.00,USD
binance:6582459366,2026-08-20,2026-08-19,settled,549.98,USD
binance:6582459367,2026-08-20,2026-08-19,settled,6.87,USD
binance:6582459369,2026-08-20,2026-08-19,settled,1002.46,USD
binance:6582459374,2026-08-20,2026-08-19,settled,7813.02,USD
binance:6582459384,2026-08-24,2026-08-21,settled,12937.94,USD
binance:6582459389,2026-08-20,2026-08-19,settled,27.46,USD
binance:6582459394,2026-08-20,2026-08-19,settled,10.30,USD
binance:6582459395,2026-08-20,2026-08-19,settled,5.49,USD
binance:6582459396,2026-08-20,2026-08-19,settled,5.49,USD
binance:6582459397,2026-08-20,2026-08-19,settled,16.48,USD
binance:6582459400,2026-08-20,2026-08-19,settled,16.48,USD
coinbase:1073149032,2026-08-20,2026-08-19,settled,12154.56,USD
binance:6582459403,2026-08-20,2026-08-19,settled,14006.64,USD
coinbase:1073149033,2026-08-20,2026-08-19,settled,0.00,USD
coinbase:1073149034,2026-08-20,2026-08-19,settled,0.00,USD
coinbase:1073149035,2026-08-20,2026-08-19,settled,0.01,USD
binance:6582459404,2026-08-20,2026-08-19,settled,61754.18,USD
binance:6582459405,2026-08-20,2026-08-19,settled,88269.30,USD
binance:6582459417,2026-08-20,2026-08-19,settled,10.99,USD
binance:6582459419,2026-08-20,2026-08-19,settled,5.49,USD
binance:6582459420,2026-08-20,2026-08-19,settled,16.48,USD
binance:6582459423,2026-08-20,2026-08-19,settled,6268.63,USD
binance:6582459428,2026-08-20,2026-08-19,settled,5.49,USD
binance:6582459429,2026-08-20,2026-08-19,settled,13.73,USD
binance:6582459432,2026-08-20,2026-08-19,settled,2.75,USD
binance:6582459433,2026-08-20,2026-08-19,settled,5.49,USD
binance:6582459435,2026-08-20,2026-08-19,settled,33.64,USD
binance:6582459440,2026-08-20,2026-08-19,settled,6.18,USD
binance:6582459441,2026-08-20,2026-08-19,settled,11.67,USD
binance:6582459443,2026-08-20,2026-08-19,settled,17.85,USD
binance:6582459446,2026-08-20,2026-08-19,settled,27.46,USD
binance:6582459451,2026-08-20,2026-08-19,settled,13.73,USD
binance:6582459453,2026-08-20,2026-08-19,settled,27.46,USD
binance:6582459458,2026-08-20,2026-08-19,settled,36.39,USD
binance:6582459464,2026-08-20,2026-08-19,settled,10.98,USD
binance:6582459466,2026-08-20,2026-08-19,settled,16.48,USD
binance:6582459469,2026-08-20,2026-08-19,settled,10709.98,USD
coinbase:1073149037,2026-08-20,2026-08-19,settled,367.65,USD
coinbase:1073149036,2026-08-20,2026-08-19,settled,2894.05,USD
coinbase:1073149038,2026-08-20,2026-08-19,settled,595.44,USD
coinbase:1073149039,2026-08-20,2026-08-19,settled,138.53,USD
coinbase:1073149040,2026-08-20,2026-08-19,settled,260.80,USD
coinbase:1073149041,2026-08-20,2026-08-19,settled,676.38,USD
coinbase:1073149043,2026-08-20,2026-08-19,settled,1.17,USD
coinbase:1073149042,2026-08-20,2026-08-19,settled,19.96,USD
coinbase:1073149045,2026-08-20,2026-08-19,settled,116.71,USD
coinbase:1073149044,2026-08-20,2026-08-19,settled,1.17,USD
coinbase:1073149046,2026-08-24,2026-08-21,settled,390.89,USD
coinbase:1073149047,2026-08-20,2026-08-19,settled,109.72,USD
coinbase:1073149048,2026-08-20,2026-08-19,settled,0.00,USD
coinbase:1073149049,2026-08-20,2026-08-19,settled,738.46,USD
coinbase:1073149050,2026-08-20,2026-08-19,settled,31.72,USD
coinbase:1073149051,2026-08-20,2026-08-19,settled,2523.91,USD
coinbase:1073149052,2026-08-20,2026-08-19,settled,174.42,USD
coinbase:1073149053,2026-08-20,2026-08-19,settled,1092.76,USD
coinbase:1073149054,2026-08-20,2026-08-19,settled,20.55,USD
coinbase:1073149055,2026-08-20,2026-08-19,settled,124.91,USD
coinbase:1073149056,2026-08-20,2026-08-19,settled,500.31,USD
coinbase:1073149057,2026-08-20,2026-08-19,settled,438.51,USD
binance:6582459470,2026-08-20,2026-08-19,settled,349.45,USD
coinbase:1073149058,2026-08-20,2026-08-19,settled,318.06,USD
coinbase:1073149059,2026-08-20,2026-08-19,settled,323.60,USD
coinbase:1073149060,2026-08-20,2026-08-19,settled,306.16,USD
coinbase:1073149061,2026-08-20,2026-08-19,settled,229.49,USD
coinbase:1073149062,2026-08-20,2026-08-19,settled,114.13,USD
coinbase:1073149063,2026-08-20,2026-08-19,settled,338.23,USD
coinbase:1073149064,2026-08-20,2026-08-19,settled,0.00,USD
coinbase:1073149065,2026-08-20,2026-08-19,settled,31.60,USD
coinbase:1073149066,2026-08-20,2026-08-19,settled,0.01,USD
coinbase:1073149073,2026-08-20,2026-08-20,settled,8000.00,USD
coinbase:1073149072,2026-08-20,2026-08-19,settled,1990.04,USD
coinbase:1073149071,2026-08-20,2026-08-19,settled,525.03,USD
coinbase:1073149070,2026-08-20,2026-08-19,settled,261.07,USD
coinbase:1073149069,2026-08-20,2026-08-19,settled,420.01,USD
coinbase:1073149068,2026-08-20,2026-08-19,settled,1950.38,USD
coinbase:1073149067,2026-08-20,2026-08-19,settled,2997.96,USD
coinbase:1073149074,2026-08-20,2026-08-19,settled,0.00,USD
coinbase:1073149076,2026-08-24,2026-08-21,settled,0.00,USD
binance:6582459471,2026-08-20,2026-08-19,settled,962.53,USD
binance:6582459472,2026-08-20,2026-08-19,settled,53.55,USD
coinbase:1073149077,2026-08-20,2026-08-19,settled,0.00,USD
coinbase:1073149078,2026-08-20,2026-08-21,settled,0.00,USD
binance:6582459473,2026-08-20,2026-08-19,settled,5330.96,USD
coinbase:1073149079,2026-08-20,2026-08-19,settled,0.00,USD
coinbase:1073149080,2026-08-20,2026-08-19,settled,0.00,USD
coinbase:1073149081,2026-08-20,2026-08-19,settled,0.01,USD
coinbase:1073149082,2026-08-20,2026-08-19,settled,0.00,USD
coinbase:1073149087,2026-08-20,2026-08-19,settled,2011.75,USD
coinbase:1073149086,2026-08-20,2026-08-19,settled,2998.22,USD
coinbase:1073149085,2026-08-20,2026-08-19,settled,871.52,USD
coinbase:1073149084,2026-08-20,2026-08-19,settled,2058.70,USD
coinbase:1073149083,2026-08-20,2026-08-19,settled,2058.70,USD
coinbase:1073149089,2026-08-20,2026-08-19,settled,2452.81,USD
coinbase:1073149088,2026-08-20,2026-08-19,settled,46.95,USD
binance:6582459474,2026-08-20,2026-08-19,settled,396.82,USD
binance:6582459475,2026-08-20,2026-08-19,settled,33.64,USD
coinbase:1073149090,2026-08-20,2026-08-19,settled,0.00,USD
binance:6582459476,2026-08-20,2026-08-19,settled,10000.10,USD
coinbase:1073149091,2026-08-20,2026-08-19,settled,0.01,USD
binance:6582459477,2026-08-20,2026-08-19,settled,6.87,USD
binance:6582459487,2026-08-20,2026-08-19,settled,686.54,USD
binance:6582459489,2026-08-20,2026-08-19,settled,1373.07,USD
binance:6582459497,2026-08-20,2026-08-19,settled,1925.05,USD
binance:6582459511,2026-08-20,2026-08-19,settled,5.49,USD
binance:6582459512,2026-08-20,2026-08-19,settled,10.98,USD
binance:6582459514,2026-08-20,2026-08-19,settled,21.97,USD
binance:6582459518,2026-08-20,2026-08-19,settled,16.48,USD
binance:6582459521,2026-08-20,2026-08-19,settled,480.59,USD
binance:6582459525,2026-08-20,2026-08-19,settled,68.66,USD
binance:6582459526,2026-08-20,2026-08-19,settled,2196.99,USD
binance:6582459527,2026-08-20,2026-08-22,settled,2746.24,USD
binance:6582459528,2026-08-20,2026-08-19,settled,10984.96,USD
binance:6582459529,2026-08-20,2026-08-19,settled,2746.24,USD
binance:6582459534,2026-08-20,2026-08-19,settled,333.67,USD
binance:6582459545,2026-08-20,2026-08-19,settled,5.49,USD
binance:6582459546,2026-08-20,2026-08-19,settled,16.48,USD
binance:6582459549,2026-08-20,2026-08-19,settled,5.49,USD
binance:6582459550,2026-08-20,2026-08-19,settled,45.31,USD
binance:6582459558,2026-08-20,2026-08-19,settled,39.82,USD
binance:6582459565,2026-08-20,2026-08-19,settled,5.49,USD
binance:6582459566,2026-08-20,2026-08-19,settled,5.49,USD
binance:6582459567,2026-08-20,2026-08-19,settled,5.49,USD
binance:6582459568,2026-08-20,2026-08-21,settled,10.99,USD
binance:6582459570,2026-08-20,2026-08-19,settled,10.99,USD
binance:6582459572,2026-08-20,2026-08-19,settled,16.48,USD
binance:6582459575,2026-08-20,2026-08-19,settled,16.48,USD
binance:6582459578,2026-08-20,2026-08-19,settled,2744.97,USD
binance:6582459584,2026-08-20,2026-08-22,settled,199.80,USD
binance:6582459585,2026-08-20,2026-08-21,settled,4145.62,USD
binance:6582459586,2026-08-20,2026-08-19,settled,5.49,USD
coinbase:1073149093,2026-08-20,2026-08-19,settled,985.30,USD
coinbase:1073149092,2026-08-20,2026-08-19,settled,2998.22,USD
coinbase:1073149095,2026-08-20,2026-08-19,settled,525.03,USD
coinbase:1073149094,2026-08-20,2026-08-19,settled,420.01,USD
coinbase:1073149098,2026-08-20,2026-08-19,settled,1990.26,USD
coinbase:1073149096,2026-08-20,2026-08-19,settled,105.24,USD
coinbase:1073149099,2026-08-20,2026-08-19,settled,12222.98,USD
coinbase:1073149101,2026-08-20,2026-08-19,settled,2069.03,USD
coinbase:1073149100,2026-08-20,2026-08-19,settled,1.17,USD
coinbase:1073149102,2026-08-20,2026-08-19,settled,480.38,USD
coinbase:1073149103,2026-08-20,2026-08-19,settled,525.03,USD
coinbase:1073149105,2026-08-20,2026-08-19,settled,7547.52,USD
coinbase:1073149106,2026-08-20,2026-08-19,settled,1946.22,USD
binance:6582459587,2026-08-20,2026-08-19,settled,59.73,USD
binance:6582459588,2026-08-20,2026-08-19,settled,3599.82,USD
binance:6582459589,2026-08-20,2026-08-19,settled,3542.83,USD
binance:6582459601,2026-08-20,2026-08-19,settled,2662.62,USD
binance:6582459613,2026-08-20,2026-08-19,settled,21.97,USD
binance:6582459617,2026-08-20,2026-08-19,settled,16.48,USD
binance:6582459620,2026-08-20,2026-08-19,settled,6263.14,USD
binance:6582459624,2026-08-20,2026-08-19,settled,27.46,USD
binance:6582459629,2026-08-20,2026-08-19,settled,16.48,USD
binance:6582459632,2026-08-24,2026-08-22,settled,1023.72,USD
binance:6582459636,2026-08-20,2026-08-19,settled,5.49,USD
binance:6582459637,2026-08-24,2026-08-22,settled,63.17,USD
binance:6582459647,2026-08-20,2026-08-19,settled,975.00,USD
binance:6582459668,2026-08-20,2026-08-19,settled,21.97,USD
binance:6582459672,2026-08-20,2026-08-19,settled,16.48,USD
binance:6582459675,2026-08-20,2026-08-19,settled,16.48,USD
binance:6582459678,2026-08-20,2026-08-19,settled,2999.15,USD
binance:6582459679,2026-08-20,2026-08-19,settled,27.46,USD
binance:6582459684,2026-08-20,2026-08-19,settled,10.99,USD
binance:6582459686,2026-08-20,2026-08-19,settled,4074.53,USD
binance:6582459687,2026-08-20,2026-08-19,settled,10.99,USD
binance:6582459689,2026-08-20,2026-08-19,settled,5.49,USD
binance:6582459690,2026-08-20,2026-08-19,settled,32.96,USD
binance:6582459691,2026-08-20,2026-08-19,settled,10.99,USD
coinbase:1073149107,2026-08-20,2026-08-19,settled,525.03,USD
binance:6582459693,2026-08-20,2026-08-19,settled,54.93,USD
binance:6582459694,2026-08-20,2026-08-19,settled,824.00,USD
binance:6582459699,2026-08-20,2026-08-19,settled,755.34,USD
binance:6582459700,2026-08-24,2026-08-21,settled,2060.01,USD
binance:6582459701,2026-08-20,2026-08-19,settled,6.18,USD
coinbase:1073149108,2026-08-20,2026-08-19,settled,0.00,USD
binance:6582459702,2026-08-20,2026-08-19,settled,6042.69,USD
binance:6582459703,2026-08-20,2026-08-22,settled,343.33,USD
binance:6582459704,2026-08-20,2026-08-19,settled,5493.35,USD
binance:6582459714,2026-08-20,2026-08-19,settled,927.00,USD
binance:6582459715,2026-08-20,2026-08-19,settled,7.55,USD
binance:6582459716,2026-08-20,2026-08-19,settled,26.78,USD
coinbase:1073149109,2026-08-20,2026-08-19,settled,0.01,USD
binance:6582459717,2026-08-20,2026-08-19,settled,39.83,USD
coinbase:1073149110,2026-08-20,2026-08-19,settled,0.00,USD
binance:6582459718,2026-08-20,2026-08-19,settled,10000.64,USD
binance:6582459721,2026-08-20,2026-08-19,settled,3096.88,USD
binance:6582459722,2026-08-20,2026-08-19,settled,6.87,USD
binance:6582459723,2026-08-20,2026-08-19,settled,3543.21,USD
binance:6582459724,2026-08-20,2026-08-19,settled,9202.74,USD
binance:6582459729,2026-08-20,2026-08-19,settled,16239.72,USD
coinbase:1073149111,2026-08-20,2026-08-19,settled,0.00,USD
binance:6582459734,2026-08-20,2026-08-19,settled,30549.89,USD
binance:6582459750,2026-08-20,2026-08-19,settled,27.47,USD
binance:6582459755,2026-08-20,2026-08-19,settled,5.49,USD
binance:6582459756,2026-08-20,2026-08-19,settled,16.48,USD
binance:6582459759,2026-08-20,2026-08-19,settled,2765.89,USD
binance:6582459760,2026-08-20,2026-08-22,settled,54.25,USD
binance:6582459767,2026-08-20,2026-08-19,settled,16.48,USD
binance:6582459770,2026-08-20,2026-08-19,settled,45.32,USD
coinbase:1073149112,2026-08-20,2026-08-19,settled,0.00,USD
coinbase:1073149115,2026-08-20,2026-08-19,settled,14567.09,USD
coinbase:1073149114,2026-08-20,2026-08-19,settled,7248.76,USD
coinbase:1073149113,2026-08-20,2026-08-19,settled,1.66,USD
coinbase:1073149116,2026-08-20,2026-08-19,settled,1352.81,USD
coinbase:1073149117,2026-08-20,2026-08-19,settled,796.83,USD
coinbase:1073149120,2026-08-20,2026-08-19,settled,113.70,USD
coinbase:1073149119,2026-08-20,2026-08-19,settled,3.51,USD
coinbase:1073149118,2026-08-20,2026-08-19,settled,744.15,USD
coinbase:1073149121,2026-08-20,2026-08-19,settled,16.44,USD
coinbase:1073149122,2026-08-20,2026-08-19,settled,0.00,USD
binance:6582459778,2026-08-20,2026-08-19,settled,48.07,USD
kraken:105348644,2026-08-20,2026-08-19,settled,14.93,USD
coinbase:1073149124,2026-08-20,2026-08-19,settled,1213.81,USD
coinbase:1073149123,2026-08-20,2026-08-19,settled,1.17,USD
coinbase:1073149125,2026-08-20,2026-08-19,settled,0.00,USD
binance:6582459782,2026-08-20,2026-08-19,settled,598.75,USD
binance:6582459783,2026-08-20,2026-08-19,settled,990.14,USD
binance:6582459784,2026-08-20,2026-08-19,settled,37.77,USD
binance:6582459785,2026-08-20,2026-08-19,settled,2036.59,USD
binance:6582459798,2026-08-20,2026-08-19,settled,10.99,USD
binance:6582459800,2026-08-20,2026-08-19,settled,5.49,USD
binance:6582459801,2026-08-20,2026-08-19,settled,16.48,USD
binance:6582459804,2026-08-20,2026-08-19,settled,194.31,USD
coinbase:1073149126,2026-08-20,2026-08-19,settled,0.00,USD
binance:6582459806,2026-08-20,2026-08-19,settled,8.93,USD
coinbase:1073149127,2026-08-24,2026-08-21,settled,0.00,USD
binance:6582459807,2026-08-20,2026-08-19,settled,92.69,USD
coinbase:1073149128,2026-08-20,2026-08-19,settled,0.00,USD
binance:6582459808,2026-08-20,2026-08-19,settled,9.61,USD
coinbase:1073149129,2026-08-20,2026-08-19,settled,0.00,USD
coinbase:1073149130,2026-08-20,2026-08-19,settled,0.00,USD
coinbase:1073149134,2026-08-20,2026-08-19,settled,1190.63,USD
coinbase:1073149133,2026-08-20,2026-08-19,settled,6712.94,USD
coinbase:1073149132,2026-08-20,2026-08-19,settled,2579.26,USD
coinbase:1073149131,2026-08-20,2026-08-19,settled,845.02,USD
coinbase:1073149135,2026-08-20,2026-08-19,settled,0.00,USD
binance:6582459809,2026-08-20,2026-08-19,settled,50.12,USD
coinbase:1073149136,2026-08-20,2026-08-19,settled,0.00,USD
binance:6582459810,2026-08-20,2026-08-19,settled,151.06,USD
coinbase:1073149137,2026-08-20,2026-08-19,settled,0.00,USD
coinbase:1073149138,2026-08-20,2026-08-19,settled,0.01,USD
coinbase:1073149139,2026-08-20,2026-08-19,settled,15.84,USD
binance:6582459811,2026-08-20,2026-08-19,settled,49.44,USD
coinbase:1073149140,2026-08-20,2026-08-19,settled,0.00,USD
coinbase:1073149143,2026-08-20,2026-08-19,settled,1572.67,USD
coinbase:1073149142,2026-08-20,2026-08-19,settled,17256.65,USD
coinbase:1073149141,2026-08-20,2026-08-19,settled,1372.55,USD
coinbase:1073149144,2026-08-20,2026-08-19,settled,0.00,USD
kraken:105348645,2026-08-20,2026-08-19,settled,35.07,USD
kraken:105348646,2026-08-20,2026-08-19,settled,37.11,USD
coinbase:1073149145,2026-08-20,2026-08-19,settled,0.00,USD
coinbase:1073149146,2026-08-20,2026-08-19,settled,0.01,USD
binance:6582459812,2026-08-20,2026-08-19,settled,499.86,USD
coinbase:1073149147,2026-08-20,2026-08-19,settled,137.26,USD
coinbase:1073149148,2026-08-20,2026-08-19,settled,0.00,USD
binance:6582459813,2026-08-20,2026-08-19,settled,26.78,USD
binance:6582459814,2026-08-20,2026-08-19,settled,10000.63,USD
binance:6582459815,2026-08-20,2026-08-19,settled,428.45,USD
binance:6582459816,2026-08-20,2026-08-19,settled,480.63,USD
binance:6582459817,2026-08-20,2026-08-19,settled,556.16,USD
binance:6582459818,2026-08-20,2026-08-19,settled,506.73,USD
binance:6582459819,2026-08-20,2026-08-19,settled,456.60,USD
binance:6582459820,2026-08-20,2026-08-19,settled,2000.81,USD
coinbase:1073149149,2026-08-20,2026-08-19,settled,35.83,USD
binance:6582459821,2026-08-20,2026-08-19,settled,6.87,USD
coinbase:1073149150,2026-08-20,2026-08-19,settled,0.00,USD
binance:6582459823,2026-08-20,2026-08-19,settled,3722.86,USD
binance:6582459853,2026-08-20,2026-08-22,settled,5.49,USD
binance:6582459854,2026-08-20,2026-08-19,settled,5.49,USD
binance:6582459855,2026-08-20,2026-08-19,settled,5.49,USD
binance:6582459856,2026-08-20,2026-08-19,settled,10.99,USD
binance:6582459858,2026-08-20,2026-08-22,settled,5.49,USD
binance:6582459859,2026-08-20,2026-08-19,settled,5.49,USD
binance:6582459860,2026-08-20,2026-08-19,settled,16.48,USD
coinbase:1073149155,2026-08-20,2026-08-19,settled,2058.84,USD
coinbase:1073149154,2026-08-20,2026-08-19,settled,7.94,USD
coinbase:1073149153,2026-08-20,2026-08-19,settled,2998.41,USD
coinbase:1073149152,2026-08-20,2026-08-19,settled,420.00,USD
coinbase:1073149157,2026-08-20,2026-08-19,settled,420.01,USD
coinbase:1073149156,2026-08-20,2026-08-19,settled,439.23,USD
coinbase:1073149158,2026-08-20,2026-08-19,settled,2998.41,USD
coinbase:1073149159,2026-08-20,2026-08-19,settled,1990.30,USD
coinbase:1073149163,2026-08-20,2026-08-19,settled,186.04,USD
coinbase:1073149162,2026-08-20,2026-08-19,settled,1.17,USD
coinbase:1073149160,2026-08-20,2026-08-19,settled,1.17,USD
coinbase:1073149164,2026-08-20,2026-08-19,settled,0.00,USD
coinbase:1073149165,2026-08-20,2026-08-19,settled,194.38,USD
binance:6582459863,2026-08-20,2026-08-19,settled,9.61,USD
coinbase:1073149166,2026-08-20,2026-08-19,settled,0.00,USD
binance:6582459864,2026-08-20,2026-08-19,settled,74.84,USD
binance:6582459877,2026-08-20,2026-08-19,settled,5.49,USD
binance:6582459878,2026-08-20,2026-08-19,settled,27.47,USD
binance:6582459885,2026-08-20,2026-08-19,settled,10.99,USD
binance:6582459887,2026-08-20,2026-08-19,settled,10.99,USD
binance:6582459889,2026-08-20,2026-08-19,settled,16.48,USD
binance:6582459892,2026-08-20,2026-08-19,settled,3004.85,USD
binance:6582459894,2026-08-20,2026-08-19,settled,38.45,USD
binance:6582459901,2026-08-20,2026-08-19,settled,10.99,USD
binance:6582459903,2026-08-20,2026-08-19,settled,27.47,USD
binance:6582459908,2026-08-20,2026-08-19,settled,5.49,USD
binance:6582459909,2026-08-20,2026-08-19,settled,686.67,USD
binance:6582459912,2026-08-20,2026-08-19,settled,852.84,USD
binance:6582459930,2026-08-20,2026-08-19,settled,32.96,USD
binance:6582459936,2026-08-20,2026-08-19,settled,255.44,USD
binance:6582459937,2026-08-20,2026-08-19,settled,37.77,USD
binance:6582459943,2026-08-20,2026-08-19,settled,10.99,USD
binance:6582459945,2026-08-20,2026-08-19,settled,12.36,USD
binance:6582459946,2026-08-20,2026-08-19,settled,5.49,USD
binance:6582459947,2026-08-20,2026-08-19,settled,16.48,USD
binance:6582459950,2026-08-20,2026-08-19,settled,38.45,USD
binance:6582459957,2026-08-20,2026-08-19,settled,110.56,USD
binance:6582459958,2026-08-20,2026-08-19,settled,38.45,USD
binance:6582459965,2026-08-20,2026-08-19,settled,442.23,USD
binance:6582459966,2026-08-20,2026-08-19,settled,686.69,USD
binance:6582459967,2026-08-20,2026-08-19,settled,765.66,USD
binance:6582459985,2026-08-20,2026-08-19,settled,32.96,USD
binance:6582459991,2026-08-20,2026-08-19,settled,16.48,USD
binance:6582459994,2026-08-20,2026-08-19,settled,199.83,USD
binance:6582459995,2026-08-20,2026-08-19,settled,5.49,USD
binance:6582459996,2026-08-20,2026-08-19,settled,206.01,USD
coinbase:1073149167,2026-08-20,2026-08-19,settled,271.13,USD
coinbase:1073149171,2026-08-20,2026-08-19,settled,1.45,USD
coinbase:1073149170,2026-08-20,2026-08-19,settled,1.17,USD
coinbase:1073149169,2026-08-20,2026-08-19,settled,1.17,USD
coinbase:1073149168,2026-08-20,2026-08-19,settled,1.17,USD
binance:6582459998,2026-08-20,2026-08-19,settled,1373.40,USD
binance:6582460007,2026-08-20,2026-08-19,settled,3543.37,USD
binance:6582460008,2026-08-20,2026-08-19,settled,1236.06,USD
binance:6582460009,2026-08-20,2026-08-19,settled,755.37,USD
binance:6582460010,2026-08-20,2026-08-19,settled,206.01,USD
coinbase:1073149172,2026-08-20,2026-08-19,settled,0.00,USD
binance:6582460011,2026-08-20,2026-08-19,settled,34.33,USD
binance:6582460012,2026-08-20,2026-08-19,settled,1236.06,USD
binance:6582460013,2026-08-20,2026-08-19,settled,755.37,USD
binance:6582460014,2026-08-20,2026-08-19,settled,8644.17,USD
binance:6582460029,2026-08-24,2026-08-22,settled,21.97,USD
binance:6582460034,2026-08-20,2026-08-19,settled,10.99,USD
binance:6582460036,2026-08-20,2026-08-19,settled,27.47,USD
binance:6582460041,2026-08-20,2026-08-19,settled,32.96,USD
binance:6582460047,2026-08-20,2026-08-19,settled,5.49,USD
binance:6582460048,2026-08-20,2026-08-19,settled,16.48,USD
binance:6582460064,2026-08-20,2026-08-19,settled,10.99,USD
binance:6582460066,2026-08-20,2026-08-19,settled,11.67,USD
binance:6582460068,2026-08-20,2026-08-19,settled,16.48,USD
binance:6582460071,2026-08-20,2026-08-19,settled,3956.99,USD
binance:6582460086,2026-08-20,2026-08-19,settled,16.48,USD
binance:6582460089,2026-08-20,2026-08-19,settled,206.03,USD
coinbase:1073149173,2026-08-20,2026-08-19,settled,0.00,USD
coinbase:1073149174,2026-08-20,2026-08-19,settled,19.81,USD
coinbase:1073149176,2026-08-20,2026-08-19,settled,0.00,USD
coinbase:1073149177,2026-08-20,2026-08-19,settled,0.01,USD
coinbase:1073149178,2026-08-20,2026-08-19,settled,0.01,USD
binance:6582460091,2026-08-20,2026-08-19,settled,10.30,USD
binance:6582460093,2026-08-20,2026-08-19,settled,19.92,USD
binance:6582460098,2026-08-20,2026-08-19,settled,75.54,USD
binance:6582460100,2026-08-20,2026-08-19,settled,12.36,USD
coinbase:1073149180,2026-08-20,2026-08-19,settled,871.84,USD
coinbase:1073149179,2026-08-20,2026-08-19,settled,1128.35,USD
coinbase:1073149183,2026-08-20,2026-08-19,settled,524.97,USD
coinbase:1073149182,2026-08-20,2026-08-19,settled,100.21,USD
coinbase:1073149181,2026-08-20,2026-08-19,settled,419.99,USD
kraken:105348647,2026-08-20,2026-08-19,settled,0.04,USD
kraken:105348648,2026-08-20,2026-08-19,settled,28.04,USD
coinbase:1073149186,2026-08-20,2026-08-19,settled,1.17,USD
coinbase:1073149185,2026-08-20,2026-08-19,settled,2332.50,USD
coinbase:1073149184,2026-08-20,2026-08-19,settled,437.22,USD
coinbase:1073149187,2026-08-20,2026-08-19,settled,14.85,USD
coinbase:1073149189,2026-08-20,2026-08-19,settled,9.02,USD
coinbase:1073149188,2026-08-20,2026-08-19,settled,1.17,USD
coinbase:1073149190,2026-08-20,2026-08-19,settled,3332.31,USD
coinbase:1073149191,2026-08-20,2026-08-19,settled,0.01,USD
binance:6582460109,2026-08-20,2026-08-19,settled,999.91,USD
binance:6582460117,2026-08-20,2026-08-19,settled,6.87,USD
binance:6582460118,2026-08-20,2026-08-19,settled,10000.49,USD
coinbase:1073149192,2026-08-20,2026-08-19,settled,0.00,USD
coinbase:1073149193,2026-08-20,2026-08-19,settled,0.00,USD
binance:6582460119,2026-08-20,2026-08-19,settled,4917.84,USD
binance:6582460120,2026-08-20,2026-08-19,settled,171.69,USD
binance:6582460121,2026-08-20,2026-08-19,settled,30.90,USD
coinbase:1073149195,2026-08-20,2026-08-19,settled,0.00,USD
binance:6582460122,2026-08-20,2026-08-19,settled,9.61,USD
binance:6582460123,2026-08-20,2026-08-19,settled,55.63,USD
coinbase:1073149196,2026-08-20,2026-08-19,settled,0.00,USD
binance:6582460124,2026-08-20,2026-08-19,settled,7.55,USD
coinbase:1073149198,2026-08-20,2026-08-19,settled,684.80,USD
coinbase:1073149197,2026-08-20,2026-08-19,settled,1.54,USD
binance:6582460125,2026-08-20,2026-08-19,settled,6.87,USD
coinbase:1073149199,2026-08-20,2026-08-19,settled,0.00,USD
binance:6582460126,2026-08-20,2026-08-19,settled,10362.41,USD
binance:6582460127,2026-08-20,2026-08-19,settled,2646.74,USD
binance:6582460128,2026-08-20,2026-08-19,settled,1676.36,USD
binance:6582460129,2026-08-20,2026-08-19,settled,3543.64,USD
binance:6582460138,2026-08-20,2026-08-19,settled,1612.49,USD
binance:6582460146,2026-08-20,2026-08-19,settled,38.46,USD
binance:6582460153,2026-08-20,2026-08-19,settled,32.96,USD
binance:6582460159,2026-08-20,2026-08-19,settled,16.48,USD
binance:6582460162,2026-08-20,2026-08-19,settled,3981.65,USD
binance:6582460163,2026-08-20,2026-08-19,settled,21.98,USD
binance:6582460167,2026-08-20,2026-08-19,settled,5.49,USD
binance:6582460168,2026-08-20,2026-08-19,settled,10.99,USD
binance:6582460170,2026-08-20,2026-08-19,settled,5.49,USD
binance:6582460172,2026-08-24,2026-08-21,settled,5.49,USD
binance:6582460174,2026-08-20,2026-08-19,settled,37.77,USD
binance:6582460182,2026-08-20,2026-08-19,settled,10.99,USD
binance:6582460184,2026-08-20,2026-08-19,settled,27.47,USD
binance:6582460189,2026-08-20,2026-08-19,settled,65.24,USD
binance:6582460201,2026-08-20,2026-08-19,settled,27.47,USD
binance:6582460206,2026-08-20,2026-08-19,settled,10.99,USD
binance:6582460208,2026-08-20,2026-08-19,settled,16.48,USD
binance:6582460211,2026-08-20,2026-08-19,settled,3947.79,USD
binance:6582460212,2026-08-20,2026-08-19,settled,27.47,USD
binance:6582460217,2026-08-20,2026-08-19,settled,27.47,USD
binance:6582460222,2026-08-20,2026-08-19,settled,10.99,USD
binance:6582460224,2026-08-20,2026-08-19,settled,11.67,USD
binance:6582460226,2026-08-20,2026-08-19,settled,5.49,USD
binance:6582460227,2026-08-20,2026-08-19,settled,5.49,USD
binance:6582460228,2026-08-20,2026-08-19,settled,5.49,USD
binance:6582460229,2026-08-20,2026-08-19,settled,6.18,USD
binance:6582460230,2026-08-20,2026-08-22,settled,10.99,USD
binance:6582460232,2026-08-20,2026-08-19,settled,585.71,USD
binance:6582460235,2026-08-20,2026-08-19,settled,5.49,USD
binance:6582460236,2026-08-20,2026-08-19,settled,16.48,USD
binance:6582460239,2026-08-20,2026-08-19,settled,2059.93,USD
coinbase:1073149202,2026-08-20,2026-08-19,settled,97.19,USD
coinbase:1073149204,2026-08-20,2026-08-19,settled,158.87,USD
coinbase:1073149203,2026-08-20,2026-08-19,settled,100.19,USD
coinbase:1073149205,2026-08-20,2026-08-19,settled,13065.45,USD
coinbase:1073149206,2026-08-20,2026-08-19,settled,27.16,USD
coinbase:1073149207,2026-08-21,2026-08-20,settled,9.90,USD
coinbase:1073149208,2026-08-20,2026-08-19,settled,0.00,USD
coinbase:1073149209,2026-08-20,2026-08-19,settled,0.00,USD
coinbase:1073149210,2026-08-20,2026-08-19,settled,24.75,USD
coinbase:1073149211,2026-08-20,2026-08-19,settled,0.01,USD
coinbase:1073149212,2026-08-20,2026-08-19,settled,4.95,USD
coinbase:1073149213,2026-08-20,2026-08-19,settled,0.00,USD
coinbase:1073149214,2026-08-20,2026-08-19,settled,0.00,USD
binance:6582460242,2026-08-20,2026-08-19,settled,228.65,USD
coinbase:1073149216,2026-08-20,2026-08-19,settled,151.49,USD
coinbase:1073149217,2026-08-20,2026-08-19,settled,0.00,USD
coinbase:1073149218,2026-08-20,2026-08-19,settled,0.01,USD
coinbase:1073149219,2026-08-20,2026-08-19,settled,2.72,USD
coinbase:1073149220,2026-08-20,2026-08-19,settled,0.01,USD
kraken:105348649,2026-08-20,2026-08-19,settled,9.79,USD
coinbase:1073149221,2026-08-20,2026-08-21,settled,0.00,USD
coinbase:1073149222,2026-08-20,2026-08-19,settled,0.00,USD
binance:6582460243,2026-08-20,2026-08-19,settled,4.81,USD
coinbase:1073149223,2026-08-20,2026-08-19,settled,1.73,USD
coinbase:1073149224,2026-08-20,2026-08-19,settled,24.70,USD
coinbase:1073149226,2026-08-20,2026-08-19,settled,0.00,USD
coinbase:1073149227,2026-08-20,2026-08-19,settled,0.02,USD
binance:6582460244,2026-08-20,2026-08-19,settled,15.11,USD
binance:6582460245,2026-08-20,2026-08-19,settled,319.98,USD
coinbase:1073149228,2026-08-20,2026-08-19,settled,0.00,USD
coinbase:1073149229,2026-08-20,2026-08-19,settled,148.49,USD
coinbase:1073149230,2026-08-20,2026-08-19,settled,0.00,USD
coinbase:1073149232,2026-08-20,2026-08-19,settled,3.14,USD
coinbase:1073149231,2026-08-20,2026-08-19,settled,1518.42,USD
coinbase:1073149234,2026-08-20,2026-08-19,settled,0.01,USD
binance:6582460246,2026-08-20,2026-08-19,settled,99.56,USD
coinbase:1073149235,2026-08-20,2026-08-19,settled,0.00,USD
coinbase:1073149237,2026-08-20,2026-08-19,settled,569.71,USD
coinbase:1073149236,2026-08-20,2026-08-19,settled,439.25,USD
coinbase:1073149238,2026-08-20,2026-08-19,settled,0.00,USD
coinbase:1073149240,2026-08-20,2026-08-19,settled,0.00,USD
binance:6582460248,2026-08-20,2026-08-19,settled,192.26,USD
kraken:105348650,2026-08-20,2026-08-22,settled,54.89,USD
binance:6582460249,2026-08-24,2026-08-22,settled,137.33,USD
coinbase:1073149243,2026-08-20,2026-08-19,settled,2058.97,USD
coinbase:1073149242,2026-08-20,2026-08-22,settled,548.48,USD
coinbase:1073149241,2026-08-20,2026-08-19,settled,2058.97,USD
binance:6582460250,2026-08-20,2026-08-19,settled,137.33,USD
kraken:105348652,2026-08-20,2026-08-19,settled,6.86,USD
kraken:105348653,2026-08-20,2026-08-19,settled,68.63,USD
kraken:105348654,2026-08-20,2026-08-19,settled,50.00,USD
kraken:105348655,2026-08-20,2026-08-19,settled,2776.80,USD
coinbase:1073149244,2026-08-20,2026-08-19,settled,0.00,USD
binance:6582460251,2026-08-20,2026-08-19,settled,70.72,USD
binance:6582460252,2026-08-20,2026-08-19,settled,68.66,USD
binance:6582460254,2026-08-20,2026-08-19,settled,28.84,USD
coinbase:1073149245,2026-08-20,2026-08-19,settled,0.00,USD
coinbase:1073149246,2026-08-20,2026-08-19,settled,20.87,USD
coinbase:1073149247,2026-08-20,2026-08-19,settled,0.00,USD
binance:6582460255,2026-08-20,2026-08-19,settled,2999.25,USD
binance:6582460256,2026-08-20,2026-08-19,settled,68905.18,USD
coinbase:1073149248,2026-08-20,2026-08-19,settled,1957.12,USD
binance:6582460275,2026-08-20,2026-08-19,settled,11.67,USD
binance:6582460276,2026-08-20,2026-08-19,settled,686.64,USD
binance:6582460277,2026-08-20,2026-08-19,settled,5493.13,USD
binance:6582460278,2026-08-20,2026-08-19,settled,1373.28,USD
binance:6582460281,2026-08-20,2026-08-19,settled,2746.57,USD
binance:6582460282,2026-08-20,2026-08-19,settled,372.85,USD
binance:6582460284,2026-08-20,2026-08-19,settled,707.24,USD
binance:6582460285,2026-08-20,2026-08-19,settled,1476.28,USD
coinbase:1073149249,2026-08-20,2026-08-19,settled,29.16,USD
binance:6582460327,2026-08-20,2026-08-19,settled,16.48,USD
binance:6582460331,2026-08-20,2026-08-19,settled,5.49,USD
binance:6582460332,2026-08-20,2026-08-19,settled,16.48,USD
coinbase:1073149250,2026-08-20,2026-08-19,settled,0.00,USD
kraken:105348656,2026-08-20,2026-08-19,settled,80.06,USD
coinbase:1073149251,2026-08-20,2026-08-19,settled,48.59,USD
coinbase:1073149252,2026-08-20,2026-08-19,settled,0.00,USD
coinbase:1073149253,2026-08-20,2026-08-19,settled,2351.92,USD
coinbase:1073149254,2026-08-20,2026-08-19,settled,94.86,USD
binance:6582460335,2026-08-20,2026-08-19,settled,1896.57,USD
coinbase:1073149255,2026-08-20,2026-08-19,settled,0.00,USD
coinbase:1073149256,2026-08-20,2026-08-19,settled,0.00,USD
coinbase:1073149257,2026-08-20,2026-08-19,settled,0.00,USD
binance:6582460336,2026-08-20,2026-08-19,settled,10882.96,USD
coinbase:1073149258,2026-08-20,2026-08-19,settled,28.42,USD
binance:6582460337,2026-08-20,2026-08-19,settled,6.87,USD
coinbase:1073149259,2026-08-20,2026-08-19,settled,0.00,USD
binance:6582460339,2026-08-20,2026-08-19,settled,480.67,USD
coinbase:1073149260,2026-08-20,2026-08-19,settled,0.00,USD
coinbase:1073149261,2026-08-20,2026-08-19,settled,100.42,USD
coinbase:1073149262,2026-08-20,2026-08-19,settled,0.00,USD
coinbase:1073149263,2026-08-20,2026-08-19,settled,0.00,USD
coinbase:1073149264,2026-08-20,2026-08-19,settled,9.65,USD
coinbase:1073149265,2026-08-20,2026-08-19,settled,0.00,USD
coinbase:1073149266,2026-08-20,2026-08-19,settled,0.00,USD
coinbase:1073149267,2026-08-20,2026-08-19,settled,0.00,USD
coinbase:1073149268,2026-08-20,2026-08-19,settled,0.00,USD
coinbase:1073149269,2026-08-20,2026-08-19,settled,0.01,USD
binance:6582460340,2026-08-20,2026-08-22,settled,20496.95,USD
coinbase:1073149271,2026-08-20,2026-08-19,settled,0.00,USD
kraken:105348657,2026-08-20,2026-08-19,settled,4692.11,USD
kraken:105348658,2026-08-20,2026-08-19,settled,50.00,USD
kraken:105348659,2026-08-20,2026-08-19,settled,3647.33,USD
kraken:105348660,2026-08-20,2026-08-19,settled,68.63,USD
kraken:105348661,2026-08-20,2026-08-19,settled,4948.01,USD
kraken:105348662,2026-08-20,2026-08-19,settled,6.86,USD
kraken:105348663,2026-08-20,2026-08-19,settled,9131.40,USD
kraken:105348664,2026-08-20,2026-08-19,settled,3.50,USD
kraken:105348665,2026-08-24,2026-08-22,settled,8997.24,USD
kraken:105348666,2026-08-20,2026-08-19,settled,3.50,USD
kraken:105348667,2026-08-20,2026-08-19,settled,13.59,USD
kraken:105348668,2026-08-20,2026-08-19,settled,34.39,USD
kraken:105348669,2026-08-20,2026-08-19,settled,3.50,USD
kraken:105348670,2026-08-20,2026-08-19,settled,27455.36,USD
kraken:105348671,2026-08-20,2026-08-19,settled,20523.52,USD
kraken:105348672,2026-08-20,2026-08-19,settled,15321.98,USD
binance:6582460341,2026-08-20,2026-08-19,settled,14.42,USD
coinbase:1073149272,2026-08-20,2026-08-19,settled,0.00,USD
coinbase:1073149273,2026-08-20,2026-08-19,settled,0.00,USD
coinbase:1073149274,2026-08-20,2026-08-19,settled,32.67,USD
coinbase:1073149275,2026-08-20,2026-08-19,settled,0.00,USD
binance:6582460342,2026-08-20,2026-08-19,settled,230.03,USD
coinbase:1073149276,2026-08-20,2026-08-19,settled,0.00,USD
binance:6582460343,2026-08-20,2026-08-19,settled,1069.14,USD
coinbase:1073149277,2026-08-20,2026-08-19,settled,0.00,USD
coinbase:1073149278,2026-08-20,2026-08-19,settled,0.51,USD
coinbase:1073149280,2026-08-20,2026-08-19,settled,548.53,USD
coinbase:1073149279,2026-08-20,2026-08-19,settled,473.81,USD
coinbase:1073149281,2026-08-20,2026-08-19,settled,0.00,USD
kraken:105348673,2026-08-20,2026-08-19,settled,19.37,USD
coinbase:1073149282,2026-08-20,2026-08-19,settled,0.00,USD
coinbase:1073149283,2026-08-20,2026-08-19,settled,949.01,USD
coinbase:1073149284,2026-08-20,2026-08-19,settled,0.00,USD
binance:6582460344,2026-08-20,2026-08-19,settled,1564.91,USD
coinbase:1073149285,2026-08-20,2026-08-19,settled,0.00,USD
coinbase:1073149286,2026-08-20,2026-08-19,settled,0.01,USD
binance:6582460345,2026-08-20,2026-08-19,settled,28.84,USD
kraken:105348674,2026-08-20,2026-08-19,settled,50.00,USD
kraken:105348675,2026-08-24,2026-08-21,settled,3.50,USD
kraken:105348676,2026-08-20,2026-08-19,settled,3.50,USD
kraken:105348677,2026-08-20,2026-08-19,settled,472.99,USD
binance:6582460346,2026-08-20,2026-08-19,settled,21.29,USD
coinbase:1073149287,2026-08-20,2026-08-19,settled,425.58,USD
binance:6582460347,2026-08-20,2026-08-19,settled,8.93,USD
binance:6582460348,2026-08-20,2026-08-19,settled,8.24,USD
coinbase:1073149288,2026-08-20,2026-08-19,settled,0.00,USD
coinbase:1073149289,2026-08-20,2026-08-19,settled,0.00,USD
coinbase:1073149292,2026-08-20,2026-08-19,settled,30.42,USD
coinbase:1073149291,2026-08-20,2026-08-19,settled,203.28,USD
coinbase:1073149290,2026-08-20,2026-08-19,settled,18.20,USD
binance:6582460349,2026-08-20,2026-08-19,settled,498.52,USD
binance:6582460350,2026-08-20,2026-08-19,settled,18.54,USD
coinbase:1073149293,2026-08-20,2026-08-19,settled,618.13,USD
binance:6582460351,2026-08-21,2026-08-20,settled,6.87,USD
binance:6582460352,2026-08-20,2026-08-19,settled,371.49,USD
binance:6582460394,2026-08-20,2026-08-19,settled,32.96,USD
binance:6582460400,2026-08-20,2026-08-19,settled,5.49,USD
binance:6582460401,2026-08-20,2026-08-19,settled,16.48,USD
binance:6582460404,2026-08-20,2026-08-19,settled,260.25,USD
binance:6582460405,2026-08-20,2026-08-19,settled,1373.35,USD
binance:6582460406,2026-08-20,2026-08-19,settled,171.67,USD
binance:6582460408,2026-08-20,2026-08-19,settled,199.82,USD
binance:6582460410,2026-08-20,2026-08-19,settled,16.48,USD
binance:6582460413,2026-08-20,2026-08-19,settled,2353.28,USD
binance:6582460414,2026-08-20,2026-08-19,settled,72.79,USD
binance:6582460427,2026-08-20,2026-08-19,settled,5.49,USD
binance:6582460428,2026-08-20,2026-08-20,settled,16.48,USD
binance:6582460431,2026-08-20,2026-08-19,settled,1353.46,USD
binance:6582460437,2026-08-24,2026-08-21,settled,56.31,USD
binance:6582460447,2026-08-20,2026-08-19,settled,17.85,USD
binance:6582460450,2026-08-20,2026-08-19,settled,10.99,USD
binance:6582460452,2026-08-20,2026-08-19,settled,5.49,USD
binance:6582460453,2026-08-21,2026-08-20,settled,16.48,USD
binance:6582460456,2026-08-20,2026-08-19,settled,22.66,USD
binance:6582460460,2026-08-20,2026-08-19,settled,5.49,USD
binance:6582460461,2026-08-20,2026-08-19,settled,10.99,USD
binance:6582460463,2026-08-20,2026-08-19,settled,5.49,USD
binance:6582460464,2026-08-20,2026-08-19,settled,5.49,USD
binance:6582460465,2026-08-20,2026-08-19,settled,5.49,USD
binance:6582460466,2026-08-20,2026-08-19,settled,5.49,USD
binance:6582460470,2026-08-20,2026-08-19,settled,38.46,USD
binance:6582460477,2026-08-21,2026-08-20,settled,16.48,USD
binance:6582460480,2026-08-20,2026-08-19,settled,1181.15,USD
binance:6582460481,2026-08-20,2026-08-19,settled,618.04,USD
binance:6582460482,2026-08-20,2026-08-19,settled,755.38,USD
binance:6582460483,2026-08-20,2026-08-19,settled,1891.21,USD
binance:6582460501,2026-08-20,2026-08-19,settled,21.97,USD
binance:6582460505,2026-08-20,2026-08-19,settled,10.99,USD
binance:6582460507,2026-08-20,2026-08-19,settled,32.96,USD
binance:6582460513,2026-08-20,2026-08-19,settled,27.47,USD
binance:6582460518,2026-08-20,2026-08-19,settled,11.67,USD
binance:6582460520,2026-08-20,2026-08-19,settled,16.48,USD
binance:6582460523,2026-08-20,2026-08-19,settled,3005.15,USD
binance:6582460525,2026-08-20,2026-08-19,settled,7.55,USD
binance:6582460526,2026-08-20,2026-08-19,settled,10.99,USD
binance:6582460528,2026-08-20,2026-08-19,settled,5.49,USD
binance:6582460529,2026-08-20,2026-08-19,settled,16.48,USD
binance:6582460532,2026-08-20,2026-08-19,settled,1594.63,USD
binance:6582460533,2026-08-20,2026-08-19,settled,206.02,USD
binance:6582460535,2026-08-20,2026-08-19,settled,199.84,USD
binance:6582460536,2026-08-20,2026-08-19,settled,686.75,USD
binance:6582460549,2026-08-20,2026-08-19,settled,1373.50,USD
coinbase:1073149295,2026-08-20,2026-08-19,settled,340.87,USD
coinbase:1073149294,2026-08-20,2026-08-19,settled,2.32,USD
coinbase:1073149296,2026-08-20,2026-08-19,settled,9601.74,USD
coinbase:1073149297,2026-08-20,2026-08-21,settled,850.93,USD
coinbase:1073149307,2026-08-20,2026-08-19,settled,171.27,USD
coinbase:1073149306,2026-08-20,2026-08-19,settled,150.00,USD
coinbase:1073149305,2026-08-20,2026-08-19,settled,1.17,USD
coinbase:1073149304,2026-08-20,2026-08-19,settled,0.08,USD
coinbase:1073149303,2026-08-20,2026-08-19,settled,0.17,USD
coinbase:1073149302,2026-08-20,2026-08-19,settled,0.08,USD
coinbase:1073149301,2026-08-20,2026-08-19,settled,1.17,USD
coinbase:1073149300,2026-08-20,2026-08-19,settled,1990.69,USD
coinbase:1073149298,2026-08-20,2026-08-19,settled,1.17,USD
binance:6582460550,2026-08-20,2026-08-19,settled,2746.99,USD
coinbase:1073149309,2026-08-20,2026-08-19,settled,353.14,USD
coinbase:1073149308,2026-08-20,2026-08-19,settled,12004.43,USD
binance:6582460551,2026-08-20,2026-08-19,settled,34.34,USD
binance:6582460552,2026-08-20,2026-08-19,settled,206.02,USD
binance:6582460553,2026-08-20,2026-08-19,settled,2000.50,USD
binance:6582460554,2026-08-20,2026-08-19,settled,11937.74,USD
binance:6582460570,2026-08-20,2026-08-19,settled,27.47,USD
binance:6582460575,2026-08-20,2026-08-19,settled,39.83,USD
binance:6582460582,2026-08-20,2026-08-19,settled,2190.74,USD
coinbase:1073149310,2026-08-20,2026-08-19,settled,0.02,USD
binance:6582460583,2026-08-20,2026-08-19,settled,401.75,USD
binance:6582460586,2026-08-20,2026-08-19,settled,89.28,USD
binance:6582460607,2026-08-20,2026-08-19,settled,27.47,USD
binance:6582460612,2026-08-20,2026-08-19,settled,12.36,USD
binance:6582460613,2026-08-20,2026-08-19,settled,11.67,USD
binance:6582460615,2026-08-20,2026-08-19,settled,6.18,USD
binance:6582460616,2026-08-20,2026-08-19,settled,10.99,USD
binance:6582460618,2026-08-20,2026-08-19,settled,5.49,USD
binance:6582460619,2026-08-20,2026-08-19,settled,784.30,USD
binance:6582460620,2026-08-20,2026-08-19,settled,3239.52,USD
binance:6582460621,2026-08-20,2026-08-22,settled,16.48,USD
binance:6582460624,2026-08-20,2026-08-19,settled,5.49,USD
binance:6582460625,2026-08-20,2026-08-19,settled,5.49,USD
binance:6582460626,2026-08-20,2026-08-19,settled,5.49,USD
binance:6582460627,2026-08-20,2026-08-19,settled,10.99,USD
binance:6582460629,2026-08-20,2026-08-19,settled,27.47,USD
binance:6582460634,2026-08-20,2026-08-19,settled,5.49,USD
binance:6582460635,2026-08-20,2026-08-19,settled,5.49,USD
binance:6582460636,2026-08-20,2026-08-19,settled,2678.51,USD
binance:6582460637,2026-08-20,2026-08-19,settled,68.68,USD
binance:6582460638,2026-08-20,2026-08-19,settled,1373.60,USD
binance:6582460639,2026-08-20,2026-08-19,settled,10.30,USD
binance:6582460641,2026-08-20,2026-08-19,settled,106.45,USD
binance:6582460659,2026-08-20,2026-08-19,settled,27.47,USD
binance:6582460664,2026-08-20,2026-08-21,settled,10.99,USD
binance:6582460666,2026-08-20,2026-08-19,settled,10.99,USD
binance:6582460670,2026-08-20,2026-08-19,settled,5.49,USD
binance:6582460672,2026-08-20,2026-08-19,settled,16.48,USD
binance:6582460675,2026-08-24,2026-08-21,settled,72.80,USD
binance:6582460688,2026-08-20,2026-08-19,settled,21.98,USD
binance:6582460692,2026-08-20,2026-08-19,settled,12.36,USD
binance:6582460693,2026-08-20,2026-08-19,settled,5.49,USD
binance:6582460694,2026-08-20,2026-08-19,settled,6.18,USD
binance:6582460695,2026-08-24,2026-08-21,settled,10003.13,USD
binance:6582460696,2026-08-20,2026-08-19,settled,3963.79,USD
binance:6582460697,2026-08-20,2026-08-19,settled,5.49,USD
binance:6582460698,2026-08-20,2026-08-19,settled,16.48,USD
binance:6582460701,2026-08-20,2026-08-19,settled,5.49,USD
binance:6582460702,2026-08-20,2026-08-19,settled,5.49,USD
binance:6582460703,2026-08-20,2026-08-19,settled,5.49,USD
binance:6582460704,2026-08-20,2026-08-19,settled,6.18,USD
binance:6582460705,2026-08-20,2026-08-19,settled,7.56,USD
binance:6582460706,2026-08-20,2026-08-19,settled,5.49,USD
binance:6582460707,2026-08-20,2026-08-19,settled,16.48,USD
binance:6582460710,2026-08-20,2026-08-21,settled,6.18,USD
coinbase:1073149311,2026-08-20,2026-08-19,settled,3001.24,USD
coinbase:1073149312,2026-08-20,2026-08-19,settled,0.00,USD
coinbase:1073149313,2026-08-20,2026-08-20,settled,3207.68,USD
coinbase:1073149314,2026-08-20,2026-08-19,settled,4628.82,USD
coinbase:1073149315,2026-08-20,2026-08-19,settled,0.00,USD
binance:6582460712,2026-08-20,2026-08-19,settled,618.18,USD
binance:6582460713,2026-08-20,2026-08-19,settled,755.55,USD
binance:6582460714,2026-08-20,2026-08-19,settled,1236.36,USD
coinbase:1073149316,2026-08-20,2026-08-19,settled,0.00,USD
binance:6582460715,2026-08-20,2026-08-19,settled,1175.23,USD
coinbase:1073149318,2026-08-20,2026-08-19,settled,0.00,USD
coinbase:1073149319,2026-08-20,2026-08-19,settled,0.00,USD
coinbase:1073149320,2026-08-20,2026-08-19,settled,52.18,USD
binance:6582460716,2026-08-20,2026-08-19,settled,713.65,USD
coinbase:1073149321,2026-08-20,2026-08-19,settled,0.00,USD
binance:6582460717,2026-08-20,2026-08-19,settled,14424.19,USD
coinbase:1073149322,2026-08-20,2026-08-19,settled,0.00,USD
coinbase:1073149323,2026-08-24,2026-08-21,settled,0.00,USD
coinbase:1073149324,2026-08-20,2026-08-19,settled,0.00,USD
coinbase:1073149325,2026-08-20,2026-08-19,settled,0.00,USD
binance:6582460719,2026-08-20,2026-08-19,settled,1373.73,USD
binance:6582460723,2026-08-20,2026-08-19,settled,686.87,USD
binance:6582460724,2026-08-20,2026-08-19,settled,2747.46,USD
coinbase:1073149328,2026-08-20,2026-08-19,settled,3001.30,USD
coinbase:1073149327,2026-08-20,2026-08-19,settled,15.89,USD
coinbase:1073149326,2026-08-20,2026-08-19,settled,1702.93,USD
binance:6582460726,2026-08-20,2026-08-19,settled,41.21,USD
coinbase:1073149329,2026-08-20,2026-08-19,settled,0.00,USD
coinbase:1073149330,2026-08-20,2026-08-21,settled,225.95,USD
coinbase:1073149331,2026-08-20,2026-08-19,settled,0.00,USD
binance:6582460727,2026-08-20,2026-08-19,settled,17.17,USD
coinbase:1073149332,2026-08-20,2026-08-19,settled,0.00,USD
binance:6582460728,2026-08-24,2026-08-21,settled,62.50,USD
coinbase:1073149333,2026-08-20,2026-08-19,settled,0.00,USD
coinbase:1073149334,2026-08-20,2026-08-19,settled,0.00,USD
binance:6582460729,2026-08-24,2026-08-21,settled,1958.26,USD
coinbase:1073149336,2026-08-20,2026-08-19,settled,0.78,USD
coinbase:1073149335,2026-08-20,2026-08-19,settled,1.16,USD
coinbase:1073149337,2026-08-20,2026-08-19,settled,0.01,USD
coinbase:1073149338,2026-08-20,2026-08-19,settled,0.00,USD
binance:6582460731,2026-08-20,2026-08-19,settled,6.87,USD
coinbase:1073149339,2026-08-20,2026-08-19,settled,0.00,USD
binance:6582460733,2026-08-20,2026-08-19,settled,2230.25,USD
binance:6582460769,2026-08-20,2026-08-19,settled,10.99,USD
binance:6582460771,2026-08-20,2026-08-19,settled,10.99,USD
binance:6582460773,2026-08-20,2026-08-19,settled,5793.66,USD
binance:6582460780,2026-08-20,2026-08-19,settled,1942.44,USD
binance:6582460783,2026-08-20,2026-08-19,settled,50.83,USD
binance:6582460792,2026-08-20,2026-08-19,settled,10.99,USD
binance:6582460794,2026-08-20,2026-08-19,settled,16.48,USD
binance:6582460797,2026-08-20,2026-08-19,settled,57.01,USD
binance:6582460807,2026-08-20,2026-08-19,settled,16.48,USD
binance:6582460810,2026-08-20,2026-08-19,settled,5.49,USD
binance:6582460811,2026-08-20,2026-08-19,settled,27.47,USD
binance:6582460816,2026-08-20,2026-08-19,settled,5.49,USD
binance:6582460817,2026-08-20,2026-08-19,settled,48.76,USD
binance:6582460825,2026-08-20,2026-08-19,settled,6.18,USD
binance:6582460826,2026-08-20,2026-08-19,settled,21.98,USD
binance:6582460830,2026-08-20,2026-08-21,settled,11.68,USD
binance:6582460832,2026-08-20,2026-08-19,settled,16.48,USD
coinbase:1073149344,2026-08-20,2026-08-19,settled,5392.37,USD
coinbase:1073149343,2026-08-20,2026-08-19,settled,420.00,USD
coinbase:1073149342,2026-08-20,2026-08-19,settled,2045.13,USD
coinbase:1073149341,2026-08-20,2026-08-19,settled,2176.32,USD
coinbase:1073149340,2026-08-20,2026-08-19,settled,74.99,USD
coinbase:1073149345,2026-08-20,2026-08-19,settled,634.49,USD
coinbase:1073149347,2026-08-20,2026-08-19,settled,956.27,USD
coinbase:1073149348,2026-08-20,2026-08-19,settled,15.88,USD
coinbase:1073149349,2026-08-20,2026-08-19,settled,917.86,USD
coinbase:1073149352,2026-08-20,2026-08-19,settled,419.99,USD
coinbase:1073149351,2026-08-20,2026-08-19,settled,1000.00,USD
coinbase:1073149350,2026-08-20,2026-08-19,settled,1000.00,USD
coinbase:1073149353,2026-08-20,2026-08-19,settled,0.00,USD
binance:6582460835,2026-08-20,2026-08-19,settled,10018.25,USD
binance:6582460842,2026-08-20,2026-08-19,settled,286.39,USD
binance:6582460860,2026-08-20,2026-08-19,settled,16.48,USD
binance:6582460863,2026-08-20,2026-08-19,settled,45.33,USD
binance:6582460871,2026-08-20,2026-08-19,settled,21.98,USD
binance:6582460875,2026-08-20,2026-08-19,settled,16.48,USD
binance:6582460878,2026-08-20,2026-08-19,settled,83.79,USD
binance:6582460893,2026-08-20,2026-08-19,settled,38.46,USD
binance:6582460900,2026-08-20,2026-08-19,settled,5.49,USD
binance:6582460901,2026-08-20,2026-08-19,settled,11.67,USD
binance:6582460903,2026-08-20,2026-08-22,settled,12.36,USD
binance:6582460904,2026-08-20,2026-08-19,settled,27.47,USD
binance:6582460909,2026-08-20,2026-08-19,settled,10.99,USD
binance:6582460911,2026-08-20,2026-08-19,settled,655.15,USD
binance:6582460912,2026-08-20,2026-08-19,settled,89.96,USD
binance:6582460928,2026-08-20,2026-08-19,settled,32.96,USD
binance:6582460934,2026-08-20,2026-08-19,settled,11.67,USD
binance:6582460936,2026-08-20,2026-08-19,settled,10.99,USD
binance:6582460938,2026-08-20,2026-08-19,settled,1354.90,USD
binance:6582460939,2026-08-20,2026-08-19,settled,2658.30,USD
binance:6582460940,2026-08-20,2026-08-19,settled,10.99,USD
binance:6582460942,2026-08-20,2026-08-19,settled,16.48,USD
binance:6582460945,2026-08-20,2026-08-19,settled,16.48,USD
coinbase:1073149355,2026-08-20,2026-08-19,settled,75.00,USD
coinbase:1073149354,2026-08-20,2026-08-19,settled,1.17,USD
coinbase:1073149356,2026-08-20,2026-08-19,settled,75.00,USD
coinbase:1073149357,2026-08-20,2026-08-19,settled,200.42,USD
coinbase:1073149358,2026-08-20,2026-08-19,settled,0.00,USD
coinbase:1073149361,2026-08-20,2026-08-19,settled,10413.07,USD
coinbase:1073149360,2026-08-20,2026-08-19,settled,3.08,USD
binance:6582460949,2026-08-20,2026-08-19,settled,6.87,USD
binance:6582460951,2026-08-24,2026-08-22,settled,128.42,USD
binance:6582460974,2026-08-20,2026-08-19,settled,21.97,USD
binance:6582460978,2026-08-20,2026-08-19,settled,5.49,USD
binance:6582460979,2026-08-20,2026-08-19,settled,10.99,USD
binance:6582460981,2026-08-20,2026-08-19,settled,6.18,USD
binance:6582460982,2026-08-20,2026-08-19,settled,5.49,USD
binance:6582460983,2026-08-20,2026-08-19,settled,10.99,USD
binance:6582460985,2026-08-20,2026-08-19,settled,16.48,USD
binance:6582460988,2026-08-24,2026-08-22,settled,3978.69,USD
binance:6582460989,2026-08-20,2026-08-22,settled,10.99,USD
binance:6582460991,2026-08-20,2026-08-19,settled,5.49,USD
binance:6582460992,2026-08-20,2026-08-19,settled,35.02,USD
coinbase:1073149363,2026-08-20,2026-08-19,settled,2001.94,USD
coinbase:1073149362,2026-08-20,2026-08-19,settled,1.17,USD
coinbase:1073149364,2026-08-20,2026-08-19,settled,0.00,USD
binance:6582460994,2026-08-20,2026-08-19,settled,144.89,USD
binance:6582461020,2026-08-20,2026-08-19,settled,32.96,USD
binance:6582461026,2026-08-20,2026-08-19,settled,10.99,USD
binance:6582461028,2026-08-20,2026-08-19,settled,5.49,USD
binance:6582461029,2026-08-20,2026-08-19,settled,16.48,USD
binance:6582461032,2026-08-20,2026-08-19,settled,5.49,USD
binance:6582461033,2026-08-20,2026-08-19,settled,512.25,USD
binance:6582461037,2026-08-20,2026-08-19,settled,16.48,USD
binance:6582461040,2026-08-20,2026-08-19,settled,78.28,USD
binance:6582461054,2026-08-20,2026-08-19,settled,32.96,USD
binance:6582461060,2026-08-20,2026-08-19,settled,10.99,USD
binance:6582461062,2026-08-20,2026-08-19,settled,27.47,USD
binance:6582461067,2026-08-20,2026-08-19,settled,16.48,USD
binance:6582461071,2026-08-20,2026-08-19,settled,10.99,USD
binance:6582461073,2026-08-20,2026-08-19,settled,16.48,USD
binance:6582461077,2026-08-20,2026-08-19,settled,68.66,USD
binance:6582461078,2026-08-20,2026-08-19,settled,7.55,USD
binance:6582461079,2026-08-20,2026-08-21,settled,55.62,USD
binance:6582461080,2026-08-20,2026-08-19,settled,3944.74,USD
binance:6582461081,2026-08-20,2026-08-19,settled,1373.27,USD
binance:6582461082,2026-08-20,2026-08-19,settled,6.18,USD
coinbase:1073149367,2026-08-20,2026-08-19,settled,2175.73,USD
coinbase:1073149366,2026-08-20,2026-08-19,settled,3.14,USD
binance:6582461083,2026-08-20,2026-08-19,settled,255.43,USD
coinbase:1073149369,2026-08-20,2026-08-19,settled,0.00,USD
binance:6582461086,2026-08-20,2026-08-19,settled,26.09,USD
binance:6582461087,2026-08-20,2026-08-19,settled,13.73,USD
coinbase:1073149370,2026-08-20,2026-08-19,settled,0.02,USD
coinbase:1073149373,2026-08-20,2026-08-19,settled,0.24,USD
coinbase:1073149372,2026-08-20,2026-08-19,settled,2175.65,USD
coinbase:1073149371,2026-08-20,2026-08-19,settled,0.06,USD
coinbase:1073149375,2026-08-20,2026-08-19,settled,0.00,USD
coinbase:1073149376,2026-08-20,2026-08-19,settled,3.00,USD
coinbase:1073149377,2026-08-20,2026-08-19,settled,3.16,USD
binance:6582461088,2026-08-20,2026-08-19,settled,12413.65,USD
coinbase:1073149378,2026-08-20,2026-08-19,settled,0.00,USD
binance:6582461104,2026-08-20,2026-08-19,settled,9.61,USD
binance:6582461105,2026-08-24,2026-08-22,settled,1678.13,USD
binance:6582461107,2026-08-20,2026-08-19,settled,25.41,USD
kraken:105348678,2026-08-20,2026-08-19,settled,2951.02,USD
binance:6582461108,2026-08-20,2026-08-19,settled,26.09,USD
binance:6582461109,2026-08-20,2026-08-19,settled,661.23,USD
binance:6582461110,2026-08-20,2026-08-19,settled,156.55,USD
coinbase:1073149379,2026-08-20,2026-08-19,settled,0.00,USD
coinbase:1073149380,2026-08-20,2026-08-19,settled,0.01,USD
binance:6582461111,2026-08-20,2026-08-19,settled,28.84,USD
coinbase:1073149381,2026-08-20,2026-08-19,settled,21.82,USD
coinbase:1073149382,2026-08-20,2026-08-22,settled,80.85,USD
coinbase:1073149383,2026-08-20,2026-08-19,settled,0.00,USD
binance:6582461112,2026-08-20,2026-08-19,settled,5.49,USD
binance:6582461113,2026-08-20,2026-08-19,settled,394.13,USD
coinbase:1073149384,2026-08-20,2026-08-19,settled,0.00,USD
coinbase:1073149385,2026-08-20,2026-08-19,settled,0.00,USD
coinbase:1073149386,2026-08-20,2026-08-19,settled,3.19,USD
coinbase:1073149387,2026-08-20,2026-08-19,settled,0.00,USD
coinbase:1073149388,2026-08-20,2026-08-19,settled,0.00,USD
binance:6582461114,2026-08-20,2026-08-19,settled,7.55,USD
kraken:105348679,2026-08-20,2026-08-19,settled,50.00,USD
kraken:105348680,2026-08-20,2026-08-19,settled,264.76,USD
coinbase:1073149389,2026-08-20,2026-08-19,settled,0.00,USD
binance:6582461115,2026-08-20,2026-08-19,settled,8.93,USD
coinbase:1073149390,2026-08-20,2026-08-19,settled,0.00,USD
binance:6582461116,2026-08-20,2026-08-19,settled,275.34,USD
coinbase:1073149392,2026-08-20,2026-08-19,settled,167.84,USD
coinbase:1073149391,2026-08-20,2026-08-19,settled,803.65,USD
coinbase:1073149394,2026-08-20,2026-08-19,settled,0.02,USD
coinbase:1073149395,2026-08-20,2026-08-19,settled,0.00,USD
coinbase:1073149396,2026-08-20,2026-08-19,settled,473.92,USD
coinbase:1073149397,2026-08-20,2026-08-22,settled,0.00,USD
binance:6582461117,2026-08-20,2026-08-19,settled,19.23,USD
coinbase:1073149398,2026-08-20,2026-08-19,settled,0.00,USD
binance:6582461118,2026-08-20,2026-08-19,settled,205.99,USD
coinbase:1073149399,2026-08-20,2026-08-19,settled,0.00,USD
binance:6582461119,2026-08-20,2026-08-19,settled,10.99,USD
binance:6582461120,2026-08-20,2026-08-22,settled,23.35,USD
coinbase:1073149400,2026-08-20,2026-08-19,settled,0.00,USD
coinbase:1073149401,2026-08-20,2026-08-19,settled,418.64,USD
coinbase:1073149403,2026-08-20,2026-08-19,settled,417.29,USD
coinbase:1073149402,2026-08-20,2026-08-22,settled,1.36,USD
coinbase:1073149404,2026-08-20,2026-08-19,settled,2.19,USD
coinbase:1073149412,2026-08-20,2026-08-19,settled,14904.93,USD
coinbase:1073149411,2026-08-20,2026-08-19,settled,100.23,USD
coinbase:1073149410,2026-08-20,2026-08-19,settled,3000.45,USD
coinbase:1073149409,2026-08-20,2026-08-19,settled,525.03,USD
coinbase:1073149408,2026-08-20,2026-08-19,settled,0.08,USD
coinbase:1073149407,2026-08-20,2026-08-19,settled,0.17,USD
coinbase:1073149406,2026-08-20,2026-08-19,settled,0.08,USD
coinbase:1073149405,2026-08-20,2026-08-19,settled,0.53,USD
coinbase:1073149413,2026-08-20,2026-08-19,settled,2.19,USD
coinbase:1073149415,2026-08-20,2026-08-19,settled,41178.21,USD
coinbase:1073149422,2026-08-20,2026-08-19,settled,8694.76,USD
coinbase:1073149421,2026-08-24,2026-08-22,settled,1.17,USD
coinbase:1073149420,2026-08-20,2026-08-19,settled,760.42,USD
coinbase:1073149419,2026-08-20,2026-08-19,settled,1.17,USD
coinbase:1073149418,2026-08-20,2026-08-19,settled,1990.50,USD
coinbase:1073149417,2026-08-20,2026-08-19,settled,1.17,USD
coinbase:1073149416,2026-08-20,2026-08-19,settled,29730.51,USD
binance:6582461121,2026-08-20,2026-08-19,settled,1373.27,USD
binance:6582461122,2026-08-20,2026-08-19,settled,686.63,USD
binance:6582461123,2026-08-20,2026-08-19,settled,201.18,USD
binance:6582461158,2026-08-20,2026-08-19,settled,43.94,USD
binance:6582461166,2026-08-20,2026-08-19,settled,27.47,USD
binance:6582461171,2026-08-20,2026-08-19,settled,5.49,USD
binance:6582461172,2026-08-20,2026-08-19,settled,105.75,USD
binance:6582461191,2026-08-20,2026-08-19,settled,433.97,USD
binance:6582461195,2026-08-20,2026-08-19,settled,6.87,USD
binance:6582461197,2026-08-20,2026-08-19,settled,93.39,USD
binance:6582461213,2026-08-20,2026-08-19,settled,21.97,USD
binance:6582461219,2026-08-20,2026-08-19,settled,38.45,USD
binance:6582461226,2026-08-20,2026-08-19,settled,5.49,USD
binance:6582461227,2026-08-20,2026-08-19,settled,16.48,USD
binance:6582461230,2026-08-20,2026-08-19,settled,122.92,USD
binance:6582461252,2026-08-20,2026-08-19,settled,27.47,USD
binance:6582461257,2026-08-20,2026-08-19,settled,54.93,USD
binance:6582461267,2026-08-20,2026-08-19,settled,5.49,USD
binance:6582461268,2026-08-20,2026-08-19,settled,10.99,USD
binance:6582461270,2026-08-20,2026-08-19,settled,5.49,USD
coinbase:1073149431,2026-08-20,2026-08-19,settled,1585.04,USD
coinbase:1073149430,2026-08-20,2026-08-19,settled,75.01,USD
coinbase:1073149429,2026-08-20,2026-08-19,settled,1.17,USD
coinbase:1073149427,2026-08-20,2026-08-19,settled,0.08,USD
coinbase:1073149426,2026-08-20,2026-08-19,settled,1.17,USD
coinbase:1073149425,2026-08-20,2026-08-19,settled,420.05,USD
coinbase:1073149424,2026-08-20,2026-08-19,settled,728.79,USD
coinbase:1073149423,2026-08-20,2026-08-19,settled,420.04,USD
coinbase:1073149433,2026-08-20,2026-08-19,settled,32011.47,USD
coinbase:1073149432,2026-08-20,2026-08-19,settled,10419.26,USD
binance:6582461272,2026-08-20,2026-08-19,settled,133.22,USD
binance:6582461295,2026-08-20,2026-08-20,settled,43.95,USD
binance:6582461303,2026-08-20,2026-08-19,settled,10.99,USD
binance:6582461305,2026-08-20,2026-08-19,settled,16.48,USD
binance:6582461308,2026-08-20,2026-08-19,settled,686.72,USD
binance:6582461311,2026-08-20,2026-08-19,settled,121.55,USD
coinbase:1073149435,2026-08-20,2026-08-19,settled,0.01,USD
coinbase:1073149436,2026-08-20,2026-08-19,settled,0.01,USD
coinbase:1073149437,2026-08-20,2026-08-19,settled,0.00,USD
binance:6582461312,2026-08-20,2026-08-19,settled,183.36,USD
coinbase:1073149438,2026-08-20,2026-08-19,settled,0.01,USD
binance:6582461323,2026-08-20,2026-08-19,settled,860.47,USD
binance:6582461324,2026-08-20,2026-08-19,settled,21.29,USD
coinbase:1073149439,2026-08-20,2026-08-19,settled,0.00,USD
binance:6582461325,2026-08-20,2026-08-19,settled,3409.59,USD
coinbase:1073149440,2026-08-20,2026-08-19,settled,137.30,USD
coinbase:1073149441,2026-08-20,2026-08-19,settled,0.00,USD
coinbase:1073149442,2026-08-20,2026-08-19,settled,46.41,USD
binance:6582461327,2026-08-20,2026-08-19,settled,24.72,USD
coinbase:1073149443,2026-08-20,2026-08-19,settled,1372.43,USD
coinbase:1073149444,2026-08-20,2026-08-19,settled,0.00,USD
coinbase:1073149448,2026-08-20,2026-08-19,settled,860.99,USD
coinbase:1073149447,2026-08-20,2026-08-19,settled,100.24,USD
coinbase:1073149446,2026-08-20,2026-08-19,settled,524.97,USD
coinbase:1073149445,2026-08-20,2026-08-19,settled,419.99,USD
coinbase:1073149449,2026-08-20,2026-08-19,settled,47.43,USD
coinbase:1073149450,2026-08-20,2026-08-19,settled,0.00,USD
binance:6582461328,2026-08-20,2026-08-19,settled,8.93,USD
coinbase:1073149451,2026-08-20,2026-08-19,settled,0.01,USD
coinbase:1073149452,2026-08-20,2026-08-19,settled,28.49,USD
coinbase:1073149453,2026-08-20,2026-08-19,settled,0.00,USD
binance:6582461329,2026-08-20,2026-08-19,settled,6.87,USD
coinbase:1073149454,2026-08-20,2026-08-19,settled,6.33,USD
binance:6582461330,2026-08-20,2026-08-21,settled,10000.08,USD
coinbase:1073149455,2026-08-20,2026-08-19,settled,10104.81,USD
coinbase:1073149456,2026-08-20,2026-08-19,settled,268.89,USD
coinbase:1073149457,2026-08-20,2026-08-19,settled,584.62,USD
coinbase:1073149458,2026-08-20,2026-08-19,settled,373.69,USD
coinbase:1073149459,2026-08-20,2026-08-19,settled,51.89,USD
coinbase:1073149460,2026-08-20,2026-08-19,settled,116.74,USD
coinbase:1073149461,2026-08-20,2026-08-19,settled,52.55,USD
coinbase:1073149462,2026-08-20,2026-08-19,settled,46.89,USD
coinbase:1073149463,2026-08-20,2026-08-19,settled,594.38,USD
coinbase:1073149464,2026-08-20,2026-08-19,settled,46.70,USD
coinbase:1073149465,2026-08-20,2026-08-19,settled,36.60,USD
coinbase:1073149466,2026-08-20,2026-08-19,settled,128.14,USD
coinbase:1073149467,2026-08-20,2026-08-19,settled,725.12,USD
coinbase:1073149468,2026-08-20,2026-08-19,settled,57.85,USD
coinbase:1073149469,2026-08-20,2026-08-19,settled,238.24,USD
coinbase:1073149470,2026-08-20,2026-08-19,settled,118.94,USD
coinbase:1073149471,2026-08-20,2026-08-19,settled,45.93,USD
coinbase:1073149472,2026-08-20,2026-08-19,settled,39.93,USD
coinbase:1073149473,2026-08-20,2026-08-19,settled,52.39,USD
coinbase:1073149474,2026-08-20,2026-08-19,settled,116.11,USD
coinbase:1073149475,2026-08-20,2026-08-19,settled,79.80,USD
coinbase:1073149477,2026-08-20,2026-08-19,settled,164.06,USD
coinbase:1073149476,2026-08-20,2026-08-19,settled,188.95,USD
coinbase:1073149478,2026-08-20,2026-08-19,settled,190.21,USD
coinbase:1073149481,2026-08-20,2026-08-19,settled,75.00,USD
coinbase:1073149480,2026-08-20,2026-08-19,settled,1.40,USD
coinbase:1073149479,2026-08-20,2026-08-19,settled,1447.96,USD
coinbase:1073149482,2026-08-20,2026-08-19,settled,1.17,USD
coinbase:1073149483,2026-08-20,2026-08-19,settled,0.00,USD
kraken:105348681,2026-08-20,2026-08-19,settled,105.78,USD
binance:6582461331,2026-08-20,2026-08-19,settled,3233.10,USD
coinbase:1073149484,2026-08-20,2026-08-19,settled,0.00,USD
binance:6582461337,2026-08-20,2026-08-19,settled,6.87,USD
binance:6582461338,2026-08-20,2026-08-19,settled,13685.04,USD
binance:6582461359,2026-08-20,2026-08-19,settled,5.49,USD
binance:6582461360,2026-08-20,2026-08-19,settled,54.94,USD
binance:6582461370,2026-08-20,2026-08-19,settled,5.49,USD
binance:6582461371,2026-08-20,2026-08-19,settled,20.60,USD
binance:6582461372,2026-08-20,2026-08-19,settled,16.48,USD
binance:6582461375,2026-08-20,2026-08-19,settled,1373.36,USD
binance:6582461376,2026-08-20,2026-08-19,settled,265.75,USD
binance:6582461389,2026-08-20,2026-08-19,settled,16.48,USD
binance:6582461392,2026-08-20,2026-08-19,settled,3471.79,USD
coinbase:1073149485,2026-08-20,2026-08-19,settled,49.51,USD
binance:6582461393,2026-08-20,2026-08-19,settled,18.54,USD
binance:6582461394,2026-08-20,2026-08-19,settled,69.35,USD
coinbase:1073149486,2026-08-20,2026-08-19,settled,0.01,USD
binance:6582461395,2026-08-20,2026-08-19,settled,46.01,USD
coinbase:1073149487,2026-08-20,2026-08-19,settled,0.00,USD
coinbase:1073149488,2026-08-20,2026-08-19,settled,24.74,USD
coinbase:1073149489,2026-08-24,2026-08-21,settled,30.34,USD
binance:6582461396,2026-08-20,2026-08-19,settled,818.51,USD
coinbase:1073149490,2026-08-20,2026-08-19,settled,0.00,USD
coinbase:1073149491,2026-08-20,2026-08-19,settled,1237.64,USD
binance:6582461397,2026-08-20,2026-08-19,settled,59.74,USD
binance:6582461398,2026-08-20,2026-08-19,settled,6.87,USD
binance:6582461399,2026-08-20,2026-08-19,settled,2943.74,USD
coinbase:1073149492,2026-08-20,2026-08-19,settled,0.00,USD
binance:6582461400,2026-08-20,2026-08-19,settled,50.13,USD
binance:6582461401,2026-08-20,2026-08-19,settled,236.21,USD
binance:6582461432,2026-08-20,2026-08-19,settled,27.47,USD
binance:6582461437,2026-08-20,2026-08-19,settled,16.48,USD
binance:6582461440,2026-08-20,2026-08-19,settled,10228.24,USD
binance:6582461443,2026-08-20,2026-08-19,settled,1373.38,USD
binance:6582461444,2026-08-20,2026-08-19,settled,100.94,USD
binance:6582461462,2026-08-24,2026-08-21,settled,27.47,USD
coinbase:1073149493,2026-08-20,2026-08-19,settled,418.68,USD
binance:6582461467,2026-08-20,2026-08-19,settled,73.48,USD
binance:6582461480,2026-08-20,2026-08-19,settled,16.48,USD
binance:6582461483,2026-08-20,2026-08-19,settled,5.49,USD
binance:6582461484,2026-08-21,2026-08-20,settled,16.48,USD
coinbase:1073149494,2026-08-20,2026-08-19,settled,0.00,USD
binance:6582461487,2026-08-20,2026-08-19,settled,9.61,USD
coinbase:1073149495,2026-08-20,2026-08-19,settled,0.00,USD
binance:6582461488,2026-08-20,2026-08-19,settled,24.03,USD
binance:6582461489,2026-08-20,2026-08-19,settled,10.30,USD
kraken:105348682,2026-08-20,2026-08-19,settled,1.61,USD
binance:6582461491,2026-08-20,2026-08-19,settled,10.30,USD
coinbase:1073149496,2026-08-20,2026-08-19,settled,0.00,USD
coinbase:1073149497,2026-08-20,2026-08-19,settled,23.11,USD
binance:6582461492,2026-08-20,2026-08-19,settled,5.49,USD
coinbase:1073149498,2026-08-20,2026-08-19,settled,0.00,USD
coinbase:1073149499,2026-08-20,2026-08-19,settled,0.00,USD
binance:6582461493,2026-08-24,2026-08-21,settled,10.30,USD
kraken:105348683,2026-08-20,2026-08-19,settled,11.05,USD
binance:6582461494,2026-08-20,2026-08-19,settled,25.41,USD
coinbase:1073149500,2026-08-20,2026-08-19,settled,0.00,USD
binance:6582461495,2026-08-20,2026-08-19,settled,10.30,USD
binance:6582461496,2026-08-20,2026-08-19,settled,458.72,USD
coinbase:1073149501,2026-08-20,2026-08-19,settled,0.00,USD
binance:6582461497,2026-08-20,2026-08-19,settled,15.11,USD
binance:6582461498,2026-08-20,2026-08-19,settled,100.26,USD
binance:6582461499,2026-08-20,2026-08-19,settled,20.60,USD
binance:6582461500,2026-08-20,2026-08-19,settled,45.32,USD
binance:6582461501,2026-08-20,2026-08-19,settled,28.84,USD
binance:6582461502,2026-08-20,2026-08-19,settled,192.28,USD
coinbase:1073149502,2026-08-20,2026-08-19,settled,0.00,USD
binance:6582461503,2026-08-20,2026-08-19,settled,30.22,USD
binance:6582461504,2026-08-20,2026-08-19,settled,65.92,USD
binance:6582461505,2026-08-20,2026-08-19,settled,500.61,USD
coinbase:1073149503,2026-08-20,2026-08-19,settled,0.00,USD
coinbase:1073149504,2026-08-20,2026-08-19,settled,0.00,USD
coinbase:1073149505,2026-08-20,2026-08-19,settled,0.00,USD
coinbase:1073149506,2026-08-20,2026-08-19,settled,0.00,USD
coinbase:1073149507,2026-08-20,2026-08-19,settled,0.00,USD
kraken:105348684,2026-08-20,2026-08-19,settled,57.58,USD
kraken:105348685,2026-08-20,2026-08-19,settled,6.86,USD
kraken:105348686,2026-08-20,2026-08-19,settled,50.00,USD
kraken:105348687,2026-08-20,2026-08-19,settled,418.89,USD
binance:6582461506,2026-08-20,2026-08-19,settled,30.22,USD
coinbase:1073149508,2026-08-20,2026-08-19,settled,0.00,USD
binance:6582461507,2026-08-20,2026-08-19,settled,50.13,USD
coinbase:1073149509,2026-08-20,2026-08-19,settled,0.00,USD
kraken:105348688,2026-08-20,2026-08-19,settled,400.00,USD
binance:6582461508,2026-08-20,2026-08-19,settled,500.61,USD
binance:6582461509,2026-08-20,2026-08-19,settled,686.71,USD
binance:6582461510,2026-08-20,2026-08-19,settled,9618.79,USD
binance:6582461513,2026-08-20,2026-08-19,settled,100.26,USD
coinbase:1073149510,2026-08-20,2026-08-19,settled,0.00,USD
binance:6582461514,2026-08-20,2026-08-19,settled,39.83,USD
binance:6582461515,2026-08-20,2026-08-19,settled,6.87,USD
binance:6582461516,2026-08-20,2026-08-19,settled,25.41,USD
binance:6582461517,2026-08-20,2026-08-19,settled,1236.08,USD
coinbase:1073149511,2026-08-20,2026-08-19,settled,0.00,USD
binance:6582461518,2026-08-20,2026-08-19,settled,135.28,USD
binance:6582461542,2026-08-20,2026-08-19,settled,16.48,USD
binance:6582461545,2026-08-20,2026-08-19,settled,10.30,USD
binance:6582461546,2026-08-20,2026-08-19,settled,49.44,USD
binance:6582461555,2026-08-20,2026-08-19,settled,10.99,USD
binance:6582461556,2026-08-20,2026-08-19,settled,5.49,USD
binance:6582461557,2026-08-20,2026-08-21,settled,20.60,USD
binance:6582461558,2026-08-20,2026-08-19,settled,686.74,USD
binance:6582461559,2026-08-20,2026-08-19,settled,1373.47,USD
binance:6582461560,2026-08-20,2026-08-19,settled,1373.47,USD
binance:6582461561,2026-08-20,2026-08-19,settled,274.69,USD
binance:6582461562,2026-08-20,2026-08-19,settled,412.04,USD
binance:6582461563,2026-08-20,2026-08-19,settled,94.77,USD
binance:6582461579,2026-08-20,2026-08-19,settled,38.46,USD
binance:6582461586,2026-08-20,2026-08-19,settled,10.99,USD
binance:6582461588,2026-08-24,2026-08-21,settled,10.99,USD
binance:6582461590,2026-08-20,2026-08-19,settled,12.36,USD
binance:6582461591,2026-08-20,2026-08-19,settled,16.48,USD
binance:6582461594,2026-08-20,2026-08-19,settled,111.26,USD
binance:6582461614,2026-08-20,2026-08-19,settled,38.46,USD
binance:6582461621,2026-08-24,2026-08-21,settled,5.49,USD
binance:6582461622,2026-08-24,2026-08-22,settled,6.18,USD
binance:6582461623,2026-08-20,2026-08-19,settled,10.99,USD
binance:6582461625,2026-08-20,2026-08-19,settled,10.99,USD
binance:6582461628,2026-08-20,2026-08-19,settled,6404.94,USD
binance:6582461646,2026-08-20,2026-08-19,settled,38.46,USD
binance:6582461653,2026-08-20,2026-08-19,settled,6.18,USD
binance:6582461654,2026-08-20,2026-08-19,settled,5.49,USD
binance:6582461655,2026-08-20,2026-08-19,settled,5.49,USD
binance:6582461656,2026-08-20,2026-08-19,settled,27.47,USD
binance:6582461661,2026-08-20,2026-08-19,settled,41.89,USD
binance:6582461667,2026-08-20,2026-08-19,settled,11.68,USD
binance:6582461669,2026-08-20,2026-08-19,settled,5.49,USD
binance:6582461670,2026-08-20,2026-08-19,settled,10.99,USD
binance:6582461672,2026-08-20,2026-08-19,settled,10.99,USD
binance:6582461674,2026-08-20,2026-08-21,settled,5.49,USD
binance:6582461675,2026-08-20,2026-08-19,settled,38.46,USD
binance:6582461682,2026-08-20,2026-08-19,settled,206.04,USD
binance:6582461683,2026-08-20,2026-08-19,settled,10.30,USD
binance:6582461685,2026-08-20,2026-08-19,settled,180.63,USD
coinbase:1073149512,2026-08-20,2026-08-19,settled,0.00,USD
binance:6582461690,2026-08-20,2026-08-19,settled,10524.54,USD
coinbase:1073149513,2026-08-20,2026-08-19,settled,0.01,USD
binance:6582461691,2026-08-20,2026-08-19,settled,15.80,USD
binance:6582461692,2026-08-20,2026-08-19,settled,10.30,USD
binance:6582461693,2026-08-20,2026-08-19,settled,10.30,USD
coinbase:1073149514,2026-08-20,2026-08-19,settled,0.02,USD
coinbase:1073149515,2026-08-20,2026-08-19,settled,0.00,USD
binance:6582461694,2026-08-20,2026-08-19,settled,150.41,USD
binance:6582461695,2026-08-20,2026-08-19,settled,100.27,USD
binance:6582461696,2026-08-20,2026-08-19,settled,59.75,USD
coinbase:1073149516,2026-08-20,2026-08-19,settled,1.16,USD
binance:6582461698,2026-08-20,2026-08-19,settled,2060.40,USD
binance:6582461699,2026-08-24,2026-08-21,settled,20.60,USD
coinbase:1073149520,2026-08-24,2026-08-21,settled,100.00,USD
coinbase:1073149519,2026-08-20,2026-08-19,settled,3001.08,USD
coinbase:1073149518,2026-08-20,2026-08-19,settled,1.17,USD
binance:6582461700,2026-08-20,2026-08-19,settled,20.60,USD
binance:6582461701,2026-08-20,2026-08-19,settled,686.80,USD
binance:6582461702,2026-08-20,2026-08-19,settled,68.68,USD
binance:6582461703,2026-08-20,2026-08-19,settled,30.22,USD
binance:6582461704,2026-08-20,2026-08-19,settled,50.14,USD
binance:6582461706,2026-08-21,2026-08-20,settled,20.60,USD
binance:6582461707,2026-08-20,2026-08-19,settled,30.22,USD
binance:6582461708,2026-08-20,2026-08-19,settled,137.36,USD
kraken:105348689,2026-08-20,2026-08-19,settled,47.79,USD
coinbase:1073149521,2026-08-20,2026-08-19,settled,0.00,USD
coinbase:1073149522,2026-08-20,2026-08-19,settled,0.00,USD
coinbase:1073149527,2026-08-24,2026-08-21,settled,124.32,USD
coinbase:1073149526,2026-08-20,2026-08-19,settled,1373.01,USD
coinbase:1073149524,2026-08-20,2026-08-19,settled,3.14,USD
coinbase:1073149523,2026-08-20,2026-08-19,settled,75.00,USD
binance:6582461709,2026-08-20,2026-08-19,settled,30.22,USD
binance:6582461710,2026-08-20,2026-08-19,settled,686.80,USD
binance:6582461711,2026-08-20,2026-08-19,settled,1167.56,USD
binance:6582461712,2026-08-20,2026-08-19,settled,72.11,USD
coinbase:1073149529,2026-08-20,2026-08-19,settled,47.37,USD
coinbase:1073149528,2026-08-20,2026-08-19,settled,1.17,USD
coinbase:1073149530,2026-08-20,2026-08-19,settled,0.01,USD
coinbase:1073149531,2026-08-20,2026-08-19,settled,0.02,USD
coinbase:1073149532,2026-08-20,2026-08-19,settled,152.40,USD
binance:6582461713,2026-08-20,2026-08-19,settled,20.60,USD
binance:6582461714,2026-08-20,2026-08-19,settled,26.10,USD
coinbase:1073149533,2026-08-20,2026-08-19,settled,0.00,USD
coinbase:1073149534,2026-08-20,2026-08-22,settled,0.00,USD
binance:6582461717,2026-08-20,2026-08-19,settled,10.30,USD
coinbase:1073149535,2026-08-20,2026-08-19,settled,500.00,USD
coinbase:1073149536,2026-08-20,2026-08-19,settled,0.00,USD
coinbase:1073149537,2026-08-20,2026-08-19,settled,5.00,USD
coinbase:1073149538,2026-08-20,2026-08-19,settled,0.01,USD
binance:6582461719,2026-08-20,2026-08-19,settled,21.29,USD
binance:6582461720,2026-08-20,2026-08-19,settled,10.30,USD
coinbase:1073149539,2026-08-20,2026-08-19,settled,0.00,USD
binance:6582461721,2026-08-20,2026-08-19,settled,508.23,USD
binance:6582461722,2026-08-20,2026-08-19,settled,3000.63,USD
coinbase:1073149540,2026-08-20,2026-08-19,settled,9.90,USD
binance:6582461723,2026-08-20,2026-08-19,settled,9999.83,USD
coinbase:1073149541,2026-08-20,2026-08-19,settled,0.01,USD
coinbase:1073149542,2026-08-20,2026-08-19,settled,0.01,USD
coinbase:1073149543,2026-08-20,2026-08-19,settled,0.00,USD
binance:6582461729,2026-08-20,2026-08-19,settled,20.60,USD
binance:6582461730,2026-08-20,2026-08-19,settled,686.80,USD
binance:6582461731,2026-08-20,2026-08-19,settled,1373.60,USD
binance:6582461732,2026-08-20,2026-08-19,settled,755.48,USD
binance:6582461733,2026-08-20,2026-08-19,settled,618.12,USD
binance:6582461734,2026-08-20,2026-08-19,settled,6.87,USD
binance:6582461735,2026-08-20,2026-08-19,settled,2067.96,USD
binance:6582461770,2026-08-20,2026-08-19,settled,27.47,USD
binance:6582461775,2026-08-20,2026-08-19,settled,10.99,USD
binance:6582461777,2026-08-20,2026-08-19,settled,206.04,USD
coinbase:1073149544,2026-08-20,2026-08-19,settled,0.00,USD
coinbase:1073149545,2026-08-20,2026-08-19,settled,282.44,USD
binance:6582461779,2026-08-20,2026-08-19,settled,6310.41,USD
binance:6582461780,2026-08-20,2026-08-19,settled,14.42,USD
coinbase:1073149546,2026-08-20,2026-08-19,settled,0.00,USD
binance:6582461783,2026-08-20,2026-08-19,settled,50.14,USD
coinbase:1073149547,2026-08-20,2026-08-19,settled,0.00,USD
binance:6582461788,2026-08-20,2026-08-19,settled,6.87,USD
coinbase:1073149550,2026-08-20,2026-08-19,settled,8880.15,USD
coinbase:1073149548,2026-08-20,2026-08-19,settled,605.67,USD
binance:6582461789,2026-08-20,2026-08-19,settled,1957.41,USD
binance:6582461790,2026-08-20,2026-08-19,settled,199.17,USD
coinbase:1073149551,2026-08-20,2026-08-19,settled,0.00,USD
binance:6582461805,2026-08-20,2026-08-19,settled,21.98,USD
binance:6582461810,2026-08-20,2026-08-19,settled,17.17,USD
binance:6582461813,2026-08-20,2026-08-19,settled,6.18,USD
binance:6582461814,2026-08-20,2026-08-19,settled,16.48,USD
coinbase:1073149552,2026-08-20,2026-08-19,settled,0.00,USD
coinbase:1073149553,2026-08-20,2026-08-19,settled,218.81,USD
coinbase:1073149554,2026-08-20,2026-08-19,settled,0.00,USD
binance:6582461817,2026-08-20,2026-08-19,settled,158.66,USD
coinbase:1073149555,2026-08-24,2026-08-22,settled,0.00,USD
coinbase:1073149556,2026-08-20,2026-08-19,settled,0.01,USD
binance:6582461818,2026-08-20,2026-08-19,settled,203.99,USD
coinbase:1073149557,2026-08-20,2026-08-19,settled,0.00,USD
coinbase:1073149558,2026-08-20,2026-08-19,settled,3350.08,USD
coinbase:1073149559,2026-08-20,2026-08-19,settled,0.01,USD
coinbase:1073149560,2026-08-20,2026-08-19,settled,0.00,USD
binance:6582461819,2026-08-20,2026-08-19,settled,33.65,USD
coinbase:1073149561,2026-08-20,2026-08-19,settled,0.00,USD
binance:6582461820,2026-08-20,2026-08-19,settled,77.61,USD
coinbase:1073149562,2026-08-20,2026-08-19,settled,0.00,USD
coinbase:1073149563,2026-08-20,2026-08-19,settled,0.01,USD
coinbase:1073149565,2026-08-20,2026-08-19,settled,680.13,USD
coinbase:1073149564,2026-08-20,2026-08-19,settled,2850.24,USD
coinbase:1073149566,2026-08-20,2026-08-19,settled,0.00,USD
binance:6582461821,2026-08-20,2026-08-19,settled,3155.32,USD
binance:6582461822,2026-08-20,2026-08-19,settled,8349.15,USD
binance:6582461823,2026-08-20,2026-08-19,settled,29.53,USD
coinbase:1073149567,2026-08-20,2026-08-19,settled,0.01,USD
binance:6582461824,2026-08-20,2026-08-19,settled,791.23,USD
coinbase:1073149568,2026-08-20,2026-08-19,settled,500.00,USD
binance:6582461825,2026-08-20,2026-08-19,settled,6.87,USD
binance:6582461826,2026-08-20,2026-08-19,settled,9.62,USD
coinbase:1073149569,2026-08-20,2026-08-19,settled,379.48,USD
coinbase:1073149571,2026-08-24,2026-08-21,settled,194.36,USD
kraken:105348690,2026-08-20,2026-08-19,settled,24.56,USD
kraken:105348691,2026-08-20,2026-08-19,settled,2.21,USD
kraken:105348692,2026-08-20,2026-08-19,settled,46.55,USD
kraken:105348693,2026-08-20,2026-08-19,settled,22.08,USD
kraken:105348694,2026-08-20,2026-08-19,settled,6.86,USD
coinbase:1073149574,2026-08-20,2026-08-19,settled,9.90,USD
coinbase:1073149575,2026-08-20,2026-08-21,settled,0.00,USD
coinbase:1073149576,2026-08-20,2026-08-19,settled,0.00,USD
binance:6582461828,2026-08-20,2026-08-19,settled,1058.41,USD
binance:6582461833,2026-08-20,2026-08-19,settled,1002.09,USD
coinbase:1073149577,2026-08-20,2026-08-19,settled,48.59,USD
binance:6582461834,2026-08-20,2026-08-19,settled,9.62,USD
coinbase:1073149578,2026-08-20,2026-08-19,settled,0.00,USD
coinbase:1073149579,2026-08-20,2026-08-19,settled,0.00,USD
coinbase:1073149580,2026-08-20,2026-08-19,settled,0.01,USD
binance:6582461837,2026-08-20,2026-08-19,settled,26.10,USD
coinbase:1073149581,2026-08-20,2026-08-19,settled,0.00,USD
coinbase:1073149583,2026-08-21,2026-08-20,settled,871.10,USD
coinbase:1073149582,2026-08-20,2026-08-19,settled,175.09,USD
coinbase:1073149584,2026-08-20,2026-08-19,settled,99.02,USD
binance:6582461838,2026-08-20,2026-08-19,settled,137.37,USD
coinbase:1073149585,2026-08-24,2026-08-21,settled,0.00,USD
binance:6582461839,2026-08-20,2026-08-19,settled,206.05,USD
coinbase:1073149586,2026-08-20,2026-08-19,settled,0.01,USD
coinbase:1073149587,2026-08-20,2026-08-19,settled,0.00,USD
binance:6582461840,2026-08-20,2026-08-19,settled,299.46,USD
binance:6582461843,2026-08-20,2026-08-19,settled,6.87,USD
coinbase:1073149588,2026-08-20,2026-08-19,settled,0.00,USD
coinbase:1073149599,2026-08-20,2026-08-19,settled,23440.67,USD
coinbase:1073149598,2026-08-20,2026-08-19,settled,32010.50,USD
coinbase:1073149597,2026-08-20,2026-08-19,settled,12003.94,USD
coinbase:1073149596,2026-08-20,2026-08-19,settled,1373.01,USD
coinbase:1073149595,2026-08-20,2026-08-19,settled,3431.51,USD
coinbase:1073149593,2026-08-20,2026-08-19,settled,3487.44,USD
coinbase:1073149592,2026-08-20,2026-08-19,settled,2.10,USD
coinbase:1073149591,2026-08-20,2026-08-19,settled,12939.45,USD
coinbase:1073149590,2026-08-20,2026-08-19,settled,1914.63,USD
coinbase:1073149589,2026-08-20,2026-08-19,settled,6.28,USD
binance:6582461844,2026-08-20,2026-08-19,settled,605.79,USD
coinbase:1073149600,2026-08-20,2026-08-19,settled,0.00,USD
binance:6582461845,2026-08-20,2026-08-19,settled,8.93,USD
coinbase:1073149601,2026-08-20,2026-08-19,settled,0.01,USD
binance:6582461846,2026-08-20,2026-08-19,settled,10.99,USD
coinbase:1073149602,2026-08-20,2026-08-19,settled,0.00,USD
coinbase:1073149603,2026-08-20,2026-08-19,settled,14.47,USD
binance:6582461847,2026-08-20,2026-08-19,settled,499.33,USD
coinbase:1073149604,2026-08-20,2026-08-19,settled,0.00,USD
coinbase:1073149605,2026-08-20,2026-08-19,settled,0.01,USD
binance:6582461848,2026-08-20,2026-08-19,settled,19.92,USD
coinbase:1073149606,2026-08-20,2026-08-19,settled,0.00,USD
coinbase:1073149607,2026-08-20,2026-08-19,settled,0.01,USD
coinbase:1073149608,2026-08-20,2026-08-19,settled,0.00,USD
binance:6582461849,2026-08-20,2026-08-19,settled,29.53,USD
coinbase:1073149609,2026-08-20,2026-08-19,settled,0.00,USD
binance:6582461850,2026-08-20,2026-08-19,settled,1373.67,USD
binance:6582461851,2026-08-20,2026-08-19,settled,686.83,USD
binance:6582461852,2026-08-20,2026-08-21,settled,1373.67,USD
binance:6582461853,2026-08-20,2026-08-19,settled,6.87,USD
binance:6582461854,2026-08-24,2026-08-22,settled,755.52,USD
kraken:105348695,2026-08-20,2026-08-19,settled,50.00,USD
kraken:105348696,2026-08-20,2026-08-19,settled,68.64,USD
kraken:105348697,2026-08-20,2026-08-19,settled,6.86,USD
kraken:105348698,2026-08-20,2026-08-19,settled,3.50,USD
kraken:105348700,2026-08-24,2026-08-21,settled,421.09,USD
binance:6582461889,2026-08-20,2026-08-19,settled,38.46,USD
binance:6582461896,2026-08-20,2026-08-19,settled,10.30,USD
binance:6582461898,2026-08-20,2026-08-19,settled,83.11,USD
binance:6582461913,2026-08-20,2026-08-19,settled,32.97,USD
binance:6582461919,2026-08-20,2026-08-19,settled,66.62,USD
binance:6582461931,2026-08-20,2026-08-19,settled,16.48,USD
binance:6582461934,2026-08-20,2026-08-19,settled,32.97,USD
coinbase:1073149616,2026-08-20,2026-08-19,settled,1.17,USD
coinbase:1073149615,2026-08-20,2026-08-19,settled,9944.82,USD
coinbase:1073149614,2026-08-20,2026-08-19,settled,6.03,USD
coinbase:1073149613,2026-08-20,2026-08-19,settled,1000.00,USD
coinbase:1073149612,2026-08-20,2026-08-19,settled,1000.00,USD
coinbase:1073149611,2026-08-20,2026-08-19,settled,663.52,USD
coinbase:1073149610,2026-08-20,2026-08-19,settled,1331.30,USD
coinbase:1073149617,2026-08-20,2026-08-19,settled,300.00,USD
binance:6582461940,2026-08-20,2026-08-19,settled,1111.32,USD
coinbase:1073149618,2026-08-20,2026-08-19,settled,0.00,USD
coinbase:1073149619,2026-08-20,2026-08-19,settled,0.00,USD
coinbase:1073149637,2026-08-20,2026-08-19,settled,10101.61,USD
coinbase:1073149636,2026-08-20,2026-08-19,settled,12161.43,USD
coinbase:1073149635,2026-08-20,2026-08-19,settled,1.17,USD
coinbase:1073149634,2026-08-20,2026-08-19,settled,300.09,USD
coinbase:1073149633,2026-08-20,2026-08-19,settled,8000.00,USD
coinbase:1073149632,2026-08-20,2026-08-19,settled,32018.59,USD
coinbase:1073149631,2026-08-20,2026-08-19,settled,12006.87,USD
coinbase:1073149630,2026-08-20,2026-08-19,settled,12794.79,USD
coinbase:1073149629,2026-08-20,2026-08-19,settled,1.17,USD
coinbase:1073149628,2026-08-20,2026-08-19,settled,0.08,USD
coinbase:1073149627,2026-08-20,2026-08-19,settled,0.17,USD
coinbase:1073149626,2026-08-20,2026-08-19,settled,1.17,USD
coinbase:1073149625,2026-08-20,2026-08-19,settled,1991.22,USD
coinbase:1073149624,2026-08-24,2026-08-22,settled,200.47,USD
coinbase:1073149623,2026-08-20,2026-08-19,settled,1.17,USD
coinbase:1073149622,2026-08-24,2026-08-22,settled,3000.75,USD
coinbase:1073149621,2026-08-20,2026-08-19,settled,1.17,USD
coinbase:1073149620,2026-08-20,2026-08-19,settled,150.00,USD
binance:6582461942,2026-08-20,2026-08-19,settled,618.17,USD
binance:6582461943,2026-08-20,2026-08-19,settled,1236.33,USD
binance:6582461944,2026-08-20,2026-08-19,settled,1092.09,USD
binance:6582461958,2026-08-24,2026-08-21,settled,16.48,USD
binance:6582461961,2026-08-20,2026-08-19,settled,11.68,USD
binance:6582461963,2026-08-20,2026-08-21,settled,5.49,USD
binance:6582461964,2026-08-20,2026-08-19,settled,10.99,USD
binance:6582461966,2026-08-20,2026-08-19,settled,16.48,USD
binance:6582461969,2026-08-20,2026-08-19,settled,29.54,USD
coinbase:1073149638,2026-08-20,2026-08-19,settled,39.60,USD
binance:6582461975,2026-08-20,2026-08-19,settled,206.06,USD
coinbase:1073149641,2026-08-20,2026-08-19,settled,727.93,USD
coinbase:1073149640,2026-08-20,2026-08-19,settled,1.17,USD
coinbase:1073149639,2026-08-20,2026-08-19,settled,2961.37,USD
binance:6582461978,2026-08-20,2026-08-19,settled,483.56,USD
coinbase:1073149642,2026-08-20,2026-08-19,settled,0.00,USD
coinbase:1073149651,2026-08-20,2026-08-19,settled,3676.78,USD
coinbase:1073149650,2026-08-20,2026-08-19,settled,524.97,USD
coinbase:1073149649,2026-08-20,2026-08-19,settled,419.99,USD
coinbase:1073149648,2026-08-20,2026-08-19,settled,1000.00,USD
coinbase:1073149647,2026-08-20,2026-08-19,settled,1000.00,USD
coinbase:1073149646,2026-08-20,2026-08-19,settled,75.00,USD
coinbase:1073149645,2026-08-20,2026-08-19,settled,3048.63,USD
coinbase:1073149644,2026-08-20,2026-08-19,settled,200.47,USD
coinbase:1073149652,2026-08-20,2026-08-19,settled,0.01,USD
binance:6582461979,2026-08-20,2026-08-19,settled,824.25,USD
binance:6582461980,2026-08-20,2026-08-19,settled,618.19,USD
binance:6582461981,2026-08-20,2026-08-19,settled,755.56,USD
kraken:105348701,2026-08-20,2026-08-19,settled,11.22,USD
coinbase:1073149653,2026-08-20,2026-08-19,settled,0.00,USD
coinbase:1073149654,2026-08-20,2026-08-19,settled,160.87,USD
coinbase:1073149656,2026-08-20,2026-08-19,settled,2946.08,USD
coinbase:1073149655,2026-08-20,2026-08-19,settled,75.00,USD
coinbase:1073149658,2026-08-20,2026-08-19,settled,316.36,USD
coinbase:1073149657,2026-08-20,2026-08-19,settled,102.46,USD
binance:6582461982,2026-08-20,2026-08-19,settled,17.86,USD
coinbase:1073149659,2026-08-20,2026-08-19,settled,0.01,USD
coinbase:1073149660,2026-08-20,2026-08-19,settled,0.00,USD
coinbase:1073149661,2026-08-20,2026-08-19,settled,0.00,USD
coinbase:1073149662,2026-08-20,2026-08-19,settled,0.01,USD
binance:6582461983,2026-08-20,2026-08-19,settled,522.71,USD
coinbase:1073149665,2026-08-20,2026-08-19,settled,3.57,USD
coinbase:1073149664,2026-08-20,2026-08-19,settled,1.16,USD
binance:6582461984,2026-08-20,2026-08-19,settled,4774.46,USD
binance:6582461985,2026-08-20,2026-08-19,settled,1040.61,USD
coinbase:1073149666,2026-08-20,2026-08-19,settled,0.00,USD
binance:6582461986,2026-08-20,2026-08-19,settled,192.32,USD
coinbase:1073149667,2026-08-20,2026-08-19,settled,0.00,USD
binance:6582461987,2026-08-20,2026-08-19,settled,10886.27,USD
coinbase:1073149668,2026-08-20,2026-08-19,settled,0.00,USD
coinbase:1073149669,2026-08-20,2026-08-19,settled,305.66,USD
binance:6582461988,2026-08-20,2026-08-19,settled,755.56,USD
coinbase:1073149670,2026-08-20,2026-08-19,settled,49.50,USD
coinbase:1073149671,2026-08-20,2026-08-19,settled,0.00,USD
binance:6582461989,2026-08-20,2026-08-19,settled,4983.96,USD
binance:6582461991,2026-08-20,2026-08-19,settled,95.48,USD
binance:6582461992,2026-08-20,2026-08-19,settled,1236.37,USD
binance:6582461993,2026-08-20,2026-08-19,settled,965.75,USD
coinbase:1073149672,2026-08-20,2026-08-19,settled,0.00,USD
coinbase:1073149673,2026-08-20,2026-08-19,settled,0.01,USD
binance:6582461994,2026-08-20,2026-08-19,settled,8.24,USD
coinbase:1073149674,2026-08-20,2026-08-19,settled,0.00,USD
coinbase:1073149675,2026-08-20,2026-08-19,settled,0.02,USD
binance:6582461995,2026-08-20,2026-08-19,settled,21049.95,USD
coinbase:1073149676,2026-08-20,2026-08-19,settled,0.00,USD
coinbase:1073149677,2026-08-20,2026-08-19,settled,0.00,USD
binance:6582461996,2026-08-20,2026-08-19,settled,213.62,USD
coinbase:1073149678,2026-08-20,2026-08-19,settled,0.00,USD
binance:6582461997,2026-08-20,2026-08-19,settled,8.93,USD
binance:6582461998,2026-08-20,2026-08-19,settled,2645.84,USD
coinbase:1073149679,2026-08-20,2026-08-19,settled,0.00,USD
coinbase:1073149680,2026-08-20,2026-08-19,settled,0.02,USD
coinbase:1073149681,2026-08-20,2026-08-19,settled,0.00,USD
coinbase:1073149682,2026-08-20,2026-08-19,settled,0.00,USD
coinbase:1073149683,2026-08-20,2026-08-19,settled,0.00,USD
coinbase:1073149684,2026-08-20,2026-08-19,settled,0.00,USD
binance:6582461999,2026-08-20,2026-08-19,settled,10230.99,USD
coinbase:1073149685,2026-08-20,2026-08-19,settled,0.00,USD
binance:6582462002,2026-08-20,2026-08-19,settled,6.87,USD
binance:6582462003,2026-08-20,2026-08-19,settled,618.19,USD
binance:6582462004,2026-08-20,2026-08-19,settled,755.56,USD
binance:6582462025,2026-08-20,2026-08-19,settled,27342.40,USD
coinbase:1073149686,2026-08-20,2026-08-19,settled,0.00,USD
binance:6582462038,2026-08-20,2026-08-19,settled,16.48,USD
binance:6582462039,2026-08-20,2026-08-19,settled,1236.37,USD
coinbase:1073149687,2026-08-20,2026-08-19,settled,0.00,USD
binance:6582462040,2026-08-24,2026-08-21,settled,48.77,USD
coinbase:1073149688,2026-08-20,2026-08-19,settled,12.78,USD
binance:6582462041,2026-08-20,2026-08-19,settled,408.00,USD
coinbase:1073149689,2026-08-20,2026-08-19,settled,0.00,USD
coinbase:1073149690,2026-08-20,2026-08-19,settled,0.01,USD
binance:6582462046,2026-08-20,2026-08-19,settled,500.73,USD
binance:6582462047,2026-08-20,2026-08-19,settled,6.87,USD
binance:6582462048,2026-08-20,2026-08-19,settled,19560.12,USD
binance:6582462074,2026-08-20,2026-08-19,settled,2953.56,USD
binance:6582462075,2026-08-20,2026-08-19,settled,1436.94,USD
binance:6582462095,2026-08-20,2026-08-19,settled,38.46,USD
binance:6582462102,2026-08-20,2026-08-19,settled,5.49,USD
binance:6582462103,2026-08-20,2026-08-19,settled,5.49,USD
binance:6582462104,2026-08-20,2026-08-19,settled,16.48,USD
binance:6582462107,2026-08-20,2026-08-19,settled,34.34,USD
binance:6582462113,2026-08-24,2026-08-21,settled,111.27,USD
binance:6582462133,2026-08-20,2026-08-19,settled,32.97,USD
binance:6582462139,2026-08-20,2026-08-19,settled,5.49,USD
binance:6582462140,2026-08-20,2026-08-19,settled,54.26,USD
binance:6582462143,2026-08-20,2026-08-19,settled,16.48,USD
binance:6582462146,2026-08-20,2026-08-22,settled,1037.12,USD
binance:6582462161,2026-08-20,2026-08-19,settled,5.49,USD
binance:6582462162,2026-08-20,2026-08-19,settled,16.48,USD
binance:6582462165,2026-08-20,2026-08-19,settled,2472.55,USD
binance:6582462166,2026-08-20,2026-08-19,settled,5.49,USD
binance:6582462167,2026-08-20,2026-08-19,settled,16.48,USD
coinbase:1073149692,2026-08-20,2026-08-19,settled,2945.98,USD
coinbase:1073149691,2026-08-20,2026-08-19,settled,74.96,USD
coinbase:1073149694,2026-08-20,2026-08-19,settled,14121.01,USD
coinbase:1073149693,2026-08-20,2026-08-19,settled,974.38,USD
coinbase:1073149698,2026-08-20,2026-08-19,settled,2.80,USD
coinbase:1073149697,2026-08-20,2026-08-19,settled,2459.67,USD
coinbase:1073149696,2026-08-20,2026-08-19,settled,17223.12,USD
coinbase:1073149695,2026-08-20,2026-08-19,settled,1974.91,USD
coinbase:1073149702,2026-08-20,2026-08-19,settled,277.86,USD
coinbase:1073149701,2026-08-20,2026-08-19,settled,3.14,USD
coinbase:1073149700,2026-08-20,2026-08-19,settled,74.49,USD
coinbase:1073149699,2026-08-20,2026-08-19,settled,1.17,USD
coinbase:1073149705,2026-08-20,2026-08-19,settled,150.05,USD
coinbase:1073149704,2026-08-20,2026-08-19,settled,1.17,USD
coinbase:1073149706,2026-08-20,2026-08-19,settled,141.60,USD
coinbase:1073149707,2026-08-20,2026-08-19,settled,0.00,USD
coinbase:1073149708,2026-08-20,2026-08-19,settled,386.65,USD
binance:6582462170,2026-08-20,2026-08-19,settled,1234.89,USD
coinbase:1073149709,2026-08-20,2026-08-19,settled,0.00,USD
coinbase:1073149717,2026-08-20,2026-08-19,settled,24304.68,USD
coinbase:1073149716,2026-08-20,2026-08-19,settled,2029.33,USD
coinbase:1073149715,2026-08-20,2026-08-19,settled,5001.08,USD
coinbase:1073149714,2026-08-20,2026-08-19,settled,410.32,USD
coinbase:1073149713,2026-08-20,2026-08-19,settled,6537.07,USD
coinbase:1073149712,2026-08-20,2026-08-19,settled,8284.99,USD
coinbase:1073149711,2026-08-20,2026-08-19,settled,3919.57,USD
coinbase:1073149710,2026-08-20,2026-08-19,settled,1.16,USD
coinbase:1073149718,2026-08-20,2026-08-19,settled,99.98,USD
coinbase:1073149719,2026-08-20,2026-08-19,settled,0.00,USD
coinbase:1073149720,2026-08-20,2026-08-19,settled,0.01,USD
coinbase:1073149721,2026-08-20,2026-08-19,settled,2.52,USD
coinbase:1073149722,2026-08-20,2026-08-19,settled,0.01,USD
coinbase:1073149723,2026-08-20,2026-08-19,settled,0.00,USD
coinbase:1073149724,2026-08-20,2026-08-19,settled,3.03,USD
coinbase:1073149725,2026-08-20,2026-08-19,settled,0.00,USD
binance:6582462171,2026-08-20,2026-08-19,settled,31.59,USD
coinbase:1073149726,2026-08-20,2026-08-19,settled,0.00,USD
coinbase:1073149727,2026-08-20,2026-08-19,settled,0.00,USD
coinbase:1073149728,2026-08-20,2026-08-19,settled,2374.54,USD
binance:6582462175,2026-08-20,2026-08-21,settled,26.10,USD
coinbase:1073149729,2026-08-20,2026-08-19,settled,0.00,USD
coinbase:1073149730,2026-08-20,2026-08-19,settled,0.00,USD
coinbase:1073149731,2026-08-20,2026-08-19,settled,0.00,USD
coinbase:1073149732,2026-08-20,2026-08-19,settled,0.00,USD
binance:6582462176,2026-08-20,2026-08-19,settled,6.87,USD
binance:6582462177,2026-08-20,2026-08-19,settled,17871.56,USD
binance:6582462195,2026-08-20,2026-08-19,settled,27.47,USD
binance:6582462200,2026-08-20,2026-08-19,settled,12.36,USD
binance:6582462203,2026-08-20,2026-08-19,settled,15.80,USD
binance:6582462205,2026-08-20,2026-08-19,settled,10.99,USD
binance:6582462207,2026-08-20,2026-08-19,settled,20.60,USD
binance:6582462210,2026-08-20,2026-08-19,settled,11.68,USD
binance:6582462212,2026-08-20,2026-08-19,settled,22.66,USD
binance:6582462217,2026-08-20,2026-08-19,settled,23.35,USD
binance:6582462221,2026-08-20,2026-08-19,settled,15.80,USD
binance:6582462240,2026-08-20,2026-08-19,settled,10.99,USD
binance:6582462224,2026-08-20,2026-08-19,settled,241.06,USD
binance:6582462242,2026-08-20,2026-08-19,settled,20.60,USD
binance:6582462246,2026-08-20,2026-08-19,settled,63.87,USD
binance:6582462258,2026-08-20,2026-08-19,settled,38.46,USD
binance:6582462265,2026-08-20,2026-08-19,settled,10.99,USD
binance:6582462267,2026-08-20,2026-08-19,settled,82.41,USD
binance:6582462274,2026-08-20,2026-08-19,settled,12.36,USD
binance:6582462275,2026-08-20,2026-08-19,settled,15.11,USD
binance:6582462276,2026-08-20,2026-08-19,settled,63.18,USD
binance:6582462285,2026-08-20,2026-08-19,settled,32.96,USD
binance:6582462286,2026-08-20,2026-08-19,settled,5.49,USD
binance:6582462287,2026-08-20,2026-08-19,settled,67.30,USD
binance:6582462299,2026-08-20,2026-08-19,settled,5.49,USD
binance:6582462300,2026-08-20,2026-08-19,settled,72.79,USD
binance:6582462313,2026-08-20,2026-08-19,settled,21.98,USD
binance:6582462317,2026-08-20,2026-08-19,settled,10.99,USD
binance:6582462319,2026-08-20,2026-08-19,settled,10.99,USD
binance:6582462321,2026-08-20,2026-08-19,settled,10.99,USD
binance:6582462323,2026-08-20,2026-08-19,settled,5.49,USD
binance:6582462324,2026-08-20,2026-08-19,settled,6.18,USD
binance:6582462325,2026-08-20,2026-08-19,settled,16.48,USD
binance:6582462328,2026-08-20,2026-08-19,settled,5.49,USD
binance:6582462329,2026-08-20,2026-08-19,settled,59.74,USD
binance:6582462332,2026-08-20,2026-08-19,settled,18.54,USD
binance:6582462335,2026-08-20,2026-08-19,settled,5.49,USD
binance:6582462336,2026-08-20,2026-08-19,settled,11.67,USD
binance:6582462338,2026-08-20,2026-08-22,settled,2999.50,USD
binance:6582462339,2026-08-20,2026-08-19,settled,5.49,USD
binance:6582462340,2026-08-20,2026-08-19,settled,16.48,USD
coinbase:1073149734,2026-08-20,2026-08-19,settled,10043.27,USD
coinbase:1073149733,2026-08-20,2026-08-19,settled,3.15,USD
coinbase:1073149735,2026-08-20,2026-08-19,settled,28.43,USD
coinbase:1073149736,2026-08-20,2026-08-19,settled,27.45,USD
coinbase:1073149737,2026-08-20,2026-08-19,settled,260.99,USD
coinbase:1073149738,2026-08-20,2026-08-19,settled,492.80,USD
coinbase:1073149739,2026-08-20,2026-08-19,settled,1533.50,USD
coinbase:1073149741,2026-08-20,2026-08-19,settled,2287.52,USD
coinbase:1073149744,2026-08-20,2026-08-19,settled,3444.59,USD
coinbase:1073149745,2026-08-20,2026-08-19,settled,0.00,USD
coinbase:1073149746,2026-08-20,2026-08-19,settled,945.08,USD
binance:6582462343,2026-08-20,2026-08-19,settled,361.89,USD
binance:6582462373,2026-08-20,2026-08-19,settled,38.45,USD
binance:6582462380,2026-08-20,2026-08-19,settled,16.48,USD
binance:6582462383,2026-08-20,2026-08-19,settled,1539.56,USD
binance:6582462384,2026-08-20,2026-08-19,settled,12.36,USD
binance:6582462388,2026-08-20,2026-08-19,settled,1373.36,USD
binance:6582462389,2026-08-20,2026-08-19,settled,5.49,USD
binance:6582462390,2026-08-20,2026-08-19,settled,10.99,USD
binance:6582462392,2026-08-20,2026-08-19,settled,5.49,USD
binance:6582462393,2026-08-20,2026-08-19,settled,16.48,USD
binance:6582462396,2026-08-20,2026-08-19,settled,6.18,USD
coinbase:1073149748,2026-08-20,2026-08-19,settled,3047.65,USD
coinbase:1073149747,2026-08-20,2026-08-19,settled,1.17,USD
coinbase:1073149749,2026-08-20,2026-08-19,settled,1.17,USD
binance:6582462397,2026-08-20,2026-08-19,settled,20.60,USD
binance:6582462398,2026-08-20,2026-08-19,settled,2833.87,USD
binance:6582462416,2026-08-20,2026-08-19,settled,16.48,USD
binance:6582462420,2026-08-20,2026-08-19,settled,5.49,USD
binance:6582462421,2026-08-20,2026-08-19,settled,7.55,USD
binance:6582462423,2026-08-20,2026-08-19,settled,54.93,USD
binance:6582462433,2026-08-20,2026-08-19,settled,6.18,USD
binance:6582462434,2026-08-20,2026-08-21,settled,5.49,USD
binance:6582462435,2026-08-20,2026-08-19,settled,199.81,USD
coinbase:1073149750,2026-08-20,2026-08-19,settled,0.00,USD
coinbase:1073149751,2026-08-20,2026-08-19,settled,1.17,USD
coinbase:1073149753,2026-08-20,2026-08-19,settled,1.19,USD
binance:6582462436,2026-08-20,2026-08-19,settled,20.60,USD
coinbase:1073149755,2026-08-20,2026-08-19,settled,400.37,USD
coinbase:1073149754,2026-08-20,2026-08-19,settled,1.17,USD
coinbase:1073149756,2026-08-20,2026-08-19,settled,0.00,USD
coinbase:1073149757,2026-08-20,2026-08-19,settled,90.26,USD
binance:6582462438,2026-08-20,2026-08-19,settled,20.60,USD
coinbase:1073149758,2026-08-20,2026-08-19,settled,0.00,USD
binance:6582462439,2026-08-20,2026-08-19,settled,20.60,USD
binance:6582462440,2026-08-20,2026-08-19,settled,101.62,USD
binance:6582462441,2026-08-20,2026-08-19,settled,20.60,USD
coinbase:1073149760,2026-08-20,2026-08-19,settled,474.12,USD
coinbase:1073149761,2026-08-20,2026-08-19,settled,0.00,USD
binance:6582462442,2026-08-20,2026-08-19,settled,20.60,USD
coinbase:1073149762,2026-08-20,2026-08-19,settled,0.00,USD
coinbase:1073149763,2026-08-20,2026-08-19,settled,149.99,USD
binance:6582462443,2026-08-20,2026-08-19,settled,20.60,USD
binance:6582462444,2026-08-20,2026-08-19,settled,48.75,USD
coinbase:1073149764,2026-08-20,2026-08-19,settled,0.00,USD
coinbase:1073149765,2026-08-20,2026-08-19,settled,0.01,USD
coinbase:1073149767,2026-08-20,2026-08-19,settled,0.00,USD
binance:6582462445,2026-08-20,2026-08-19,settled,480.64,USD
coinbase:1073149768,2026-08-20,2026-08-19,settled,15.41,USD
coinbase:1073149769,2026-08-20,2026-08-19,settled,0.00,USD
binance:6582462446,2026-08-20,2026-08-19,settled,20.60,USD
binance:6582462447,2026-08-20,2026-08-19,settled,176.46,USD
coinbase:1073149770,2026-08-20,2026-08-19,settled,0.00,USD
kraken:105348702,2026-08-20,2026-08-19,settled,88.73,USD
kraken:105348703,2026-08-20,2026-08-19,settled,50.00,USD
kraken:105348704,2026-08-20,2026-08-19,settled,6.86,USD
kraken:105348705,2026-08-20,2026-08-19,settled,68.65,USD
kraken:105348706,2026-08-20,2026-08-19,settled,283.12,USD
binance:6582462452,2026-08-20,2026-08-19,settled,8239.49,USD
binance:6582462454,2026-08-20,2026-08-19,settled,20.60,USD
coinbase:1073149771,2026-08-20,2026-08-19,settled,0.00,USD
binance:6582462456,2026-08-20,2026-08-19,settled,20.60,USD
coinbase:1073149772,2026-08-20,2026-08-19,settled,98.98,USD
coinbase:1073149773,2026-08-20,2026-08-19,settled,0.00,USD
coinbase:1073149774,2026-08-20,2026-08-19,settled,326.57,USD
binance:6582462457,2026-08-20,2026-08-19,settled,76.22,USD
coinbase:1073149776,2026-08-20,2026-08-19,settled,72.76,USD
coinbase:1073149775,2026-08-20,2026-08-19,settled,24.40,USD
binance:6582462458,2026-08-20,2026-08-19,settled,20.60,USD
coinbase:1073149777,2026-08-20,2026-08-21,settled,0.01,USD
coinbase:1073149778,2026-08-20,2026-08-19,settled,0.00,USD
coinbase:1073149779,2026-08-20,2026-08-19,settled,0.00,USD
binance:6582462459,2026-08-20,2026-08-19,settled,122.91,USD
binance:6582462460,2026-08-20,2026-08-19,settled,20.60,USD
coinbase:1073149780,2026-08-20,2026-08-19,settled,0.01,USD
coinbase:1073149781,2026-08-20,2026-08-19,settled,0.00,USD
coinbase:1073149782,2026-08-20,2026-08-19,settled,49.49,USD
coinbase:1073149783,2026-08-20,2026-08-19,settled,0.00,USD
coinbase:1073149784,2026-08-20,2026-08-19,settled,0.00,USD
kraken:105348707,2026-08-20,2026-08-19,settled,3494.03,USD
kraken:105348709,2026-08-20,2026-08-19,settled,50.00,USD
kraken:105348710,2026-08-20,2026-08-19,settled,68.58,USD
binance:6582462461,2026-08-20,2026-08-19,settled,20.60,USD
kraken:105348711,2026-08-20,2026-08-19,settled,477.07,USD
coinbase:1073149785,2026-08-20,2026-08-19,settled,9.90,USD
binance:6582462462,2026-08-20,2026-08-19,settled,50.12,USD
coinbase:1073149788,2026-08-20,2026-08-19,settled,0.00,USD
binance:6582462463,2026-08-20,2026-08-19,settled,7.55,USD
coinbase:1073149789,2026-08-20,2026-08-19,settled,0.00,USD
binance:6582462464,2026-08-24,2026-08-22,settled,120.16,USD
coinbase:1073149790,2026-08-20,2026-08-19,settled,33.65,USD
binance:6582462465,2026-08-20,2026-08-19,settled,20.60,USD
coinbase:1073149791,2026-08-20,2026-08-19,settled,0.00,USD
coinbase:1073149792,2026-08-20,2026-08-19,settled,0.00,USD
coinbase:1073149793,2026-08-20,2026-08-19,settled,0.00,USD
binance:6582462466,2026-08-20,2026-08-19,settled,1991.21,USD
coinbase:1073149794,2026-08-24,2026-08-22,settled,437.22,USD
binance:6582462467,2026-08-20,2026-08-19,settled,6866.24,USD
coinbase:1073149795,2026-08-20,2026-08-19,settled,0.00,USD
coinbase:1073149796,2026-08-20,2026-08-19,settled,194.32,USD
coinbase:1073149797,2026-08-20,2026-08-19,settled,0.00,USD
coinbase:1073149798,2026-08-20,2026-08-19,settled,8.54,USD
binance:6582462468,2026-08-20,2026-08-19,settled,20.60,USD
coinbase:1073149799,2026-08-20,2026-08-19,settled,0.00,USD
binance:6582462469,2026-08-20,2026-08-19,settled,255.42,USD
coinbase:1073149802,2026-08-20,2026-08-19,settled,0.01,USD
coinbase:1073149805,2026-08-20,2026-08-19,settled,3.68,USD
coinbase:1073149804,2026-08-20,2026-08-19,settled,502.88,USD
coinbase:1073149803,2026-08-20,2026-08-19,settled,9130.67,USD
coinbase:1073149806,2026-08-20,2026-08-19,settled,521.61,USD
coinbase:1073149810,2026-08-20,2026-08-19,settled,1100.86,USD
coinbase:1073149809,2026-08-20,2026-08-19,settled,420.01,USD
coinbase:1073149808,2026-08-20,2026-08-19,settled,1000.00,USD
coinbase:1073149807,2026-08-20,2026-08-19,settled,478.39,USD
binance:6582462470,2026-08-20,2026-08-19,settled,398.93,USD
coinbase:1073149811,2026-08-20,2026-08-19,settled,521.63,USD
coinbase:1073149812,2026-08-20,2026-08-19,settled,3.40,USD
binance:6582462471,2026-08-20,2026-08-19,settled,6.87,USD
binance:6582462473,2026-08-20,2026-08-19,settled,1235.92,USD
binance:6582462482,2026-08-20,2026-08-19,settled,2457.43,USD
binance:6582462521,2026-08-20,2026-08-19,settled,43.94,USD
binance:6582462529,2026-08-20,2026-08-19,settled,27.47,USD
binance:6582462534,2026-08-20,2026-08-19,settled,10.99,USD
binance:6582462536,2026-08-20,2026-08-19,settled,5.49,USD
binance:6582462537,2026-08-20,2026-08-19,settled,16.48,USD
binance:6582462540,2026-08-20,2026-08-19,settled,302.12,USD
binance:6582462541,2026-08-20,2026-08-19,settled,302.12,USD
binance:6582462542,2026-08-20,2026-08-22,settled,295.26,USD
binance:6582462543,2026-08-20,2026-08-22,settled,302.12,USD
binance:6582462544,2026-08-20,2026-08-19,settled,302.12,USD
coinbase:1073149813,2026-08-20,2026-08-19,settled,0.00,USD
binance:6582462545,2026-08-20,2026-08-19,settled,5287.15,USD
binance:6582462546,2026-08-20,2026-08-19,settled,205.99,USD
binance:6582462547,2026-08-24,2026-08-21,settled,94.76,USD
binance:6582462563,2026-08-20,2026-08-19,settled,32.96,USD
binance:6582462569,2026-08-20,2026-08-19,settled,16.48,USD
binance:6582462580,2026-08-20,2026-08-19,settled,54.93,USD
binance:6582462590,2026-08-20,2026-08-19,settled,5.49,USD
binance:6582462591,2026-08-20,2026-08-19,settled,16.48,USD
binance:6582462594,2026-08-20,2026-08-19,settled,27.47,USD
coinbase:1073149814,2026-08-20,2026-08-19,settled,0.00,USD
binance:6582462599,2026-08-20,2026-08-19,settled,39.14,USD
binance:6582462606,2026-08-20,2026-08-19,settled,27.47,USD
binance:6582462611,2026-08-20,2026-08-19,settled,78.28,USD
binance:6582462625,2026-08-24,2026-08-21,settled,16.48,USD
binance:6582462628,2026-08-20,2026-08-19,settled,34.33,USD
binance:6582462634,2026-08-20,2026-08-19,settled,10.99,USD
binance:6582462636,2026-08-20,2026-08-19,settled,27.47,USD
binance:6582462643,2026-08-20,2026-08-19,settled,89.27,USD
binance:6582462659,2026-08-20,2026-08-19,settled,32.96,USD
binance:6582462665,2026-08-20,2026-08-19,settled,5.49,USD
binance:6582462666,2026-08-20,2026-08-19,settled,10.99,USD
binance:6582462667,2026-08-20,2026-08-19,settled,43.95,USD
binance:6582462675,2026-08-20,2026-08-19,settled,111.25,USD
binance:6582462695,2026-08-20,2026-08-19,settled,32.96,USD
binance:6582462701,2026-08-20,2026-08-19,settled,5.49,USD
binance:6582462702,2026-08-20,2026-08-22,settled,211.51,USD
binance:6582462705,2026-08-20,2026-08-19,settled,590.58,USD
binance:6582462706,2026-08-20,2026-08-19,settled,6198.98,USD
binance:6582462715,2026-08-20,2026-08-19,settled,40.52,USD
binance:6582462722,2026-08-20,2026-08-19,settled,5.49,USD
binance:6582462725,2026-08-20,2026-08-19,settled,6.18,USD
binance:6582462727,2026-08-20,2026-08-19,settled,27.47,USD
binance:6582462732,2026-08-20,2026-08-19,settled,5.49,USD
binance:6582462733,2026-08-20,2026-08-19,settled,10.99,USD
binance:6582462735,2026-08-20,2026-08-19,settled,7.55,USD
binance:6582462736,2026-08-20,2026-08-19,settled,5.49,USD
binance:6582462737,2026-08-20,2026-08-22,settled,5.49,USD
binance:6582462738,2026-08-20,2026-08-19,settled,27.47,USD
binance:6582462743,2026-08-20,2026-08-19,settled,27.47,USD
binance:6582462748,2026-08-20,2026-08-19,settled,12.36,USD
binance:6582462749,2026-08-20,2026-08-22,settled,10.99,USD
binance:6582462751,2026-08-20,2026-08-19,settled,5.49,USD
binance:6582462754,2026-08-20,2026-08-19,settled,6.18,USD
binance:6582462755,2026-08-20,2026-08-19,settled,5.49,USD
binance:6582462756,2026-08-20,2026-08-19,settled,5.49,USD
binance:6582462757,2026-08-20,2026-08-19,settled,78.98,USD
coinbase:1073149816,2026-08-20,2026-08-19,settled,3110.13,USD
coinbase:1073149815,2026-08-20,2026-08-19,settled,1.17,USD
coinbase:1073149818,2026-08-20,2026-08-19,settled,1990.76,USD
coinbase:1073149817,2026-08-20,2026-08-19,settled,1.17,USD
coinbase:1073149821,2026-08-20,2026-08-19,settled,2.53,USD
coinbase:1073149820,2026-08-20,2026-08-19,settled,1.17,USD
coinbase:1073149819,2026-08-20,2026-08-21,settled,1.17,USD
binance:6582462771,2026-08-20,2026-08-19,settled,1229.33,USD
coinbase:1073149822,2026-08-20,2026-08-19,settled,97.19,USD
binance:6582462772,2026-08-20,2026-08-19,settled,20.60,USD
coinbase:1073149823,2026-08-20,2026-08-19,settled,3432.60,USD
coinbase:1073149824,2026-08-20,2026-08-19,settled,0.99,USD
coinbase:1073149825,2026-08-20,2026-08-19,settled,3.03,USD
coinbase:1073149833,2026-08-20,2026-08-19,settled,3216.01,USD
coinbase:1073149832,2026-08-20,2026-08-22,settled,524.97,USD
coinbase:1073149831,2026-08-20,2026-08-19,settled,419.99,USD
coinbase:1073149830,2026-08-20,2026-08-19,settled,99.72,USD
coinbase:1073149829,2026-08-20,2026-08-19,settled,819.86,USD
coinbase:1073149828,2026-08-20,2026-08-19,settled,75.00,USD
coinbase:1073149827,2026-08-20,2026-08-19,settled,3048.15,USD
coinbase:1073149826,2026-08-20,2026-08-19,settled,1566.13,USD
coinbase:1073149834,2026-08-20,2026-08-19,settled,9.90,USD
coinbase:1073149835,2026-08-20,2026-08-19,settled,247.03,USD
binance:6582462773,2026-08-20,2026-08-19,settled,6.87,USD
coinbase:1073149836,2026-08-20,2026-08-19,settled,0.00,USD
coinbase:1073149837,2026-08-24,2026-08-21,settled,36.64,USD
coinbase:1073149841,2026-08-20,2026-08-19,settled,3048.15,USD
coinbase:1073149839,2026-08-20,2026-08-19,settled,420.00,USD
coinbase:1073149838,2026-08-20,2026-08-19,settled,74.99,USD
binance:6582462774,2026-08-20,2026-08-19,settled,936.07,USD
coinbase:1073149842,2026-08-20,2026-08-19,settled,418.76,USD
coinbase:1073149843,2026-08-20,2026-08-19,settled,0.00,USD
kraken:105348712,2026-08-20,2026-08-19,settled,0.07,USD
kraken:105348713,2026-08-20,2026-08-19,settled,50.00,USD
kraken:105348714,2026-08-20,2026-08-19,settled,133.40,USD
coinbase:1073149844,2026-08-20,2026-08-19,settled,0.00,USD
binance:6582462775,2026-08-24,2026-08-22,settled,37.77,USD
binance:6582462776,2026-08-20,2026-08-19,settled,29.53,USD
coinbase:1073149845,2026-08-20,2026-08-19,settled,0.00,USD
binance:6582462777,2026-08-20,2026-08-19,settled,561.10,USD
coinbase:1073149846,2026-08-20,2026-08-19,settled,971.97,USD
coinbase:1073149849,2026-08-20,2026-08-19,settled,16.51,USD
coinbase:1073149848,2026-08-20,2026-08-19,settled,2.38,USD
coinbase:1073149847,2026-08-20,2026-08-22,settled,1.16,USD
binance:6582462779,2026-08-20,2026-08-19,settled,69.36,USD
coinbase:1073149850,2026-08-20,2026-08-19,settled,0.00,USD
coinbase:1073149851,2026-08-20,2026-08-19,settled,2.02,USD
coinbase:1073149852,2026-08-20,2026-08-19,settled,0.01,USD
coinbase:1073149853,2026-08-20,2026-08-19,settled,0.00,USD
binance:6582462780,2026-08-20,2026-08-19,settled,4.81,USD
binance:6582462781,2026-08-20,2026-08-19,settled,8.93,USD
coinbase:1073149854,2026-08-20,2026-08-19,settled,0.00,USD
coinbase:1073149855,2026-08-20,2026-08-19,settled,1.48,USD
coinbase:1073149856,2026-08-20,2026-08-19,settled,0.01,USD
coinbase:1073149857,2026-08-20,2026-08-19,settled,98.19,USD
coinbase:1073149858,2026-08-20,2026-08-19,settled,0.00,USD
coinbase:1073149859,2026-08-20,2026-08-20,settled,0.00,USD
coinbase:1073149860,2026-08-20,2026-08-21,settled,0.01,USD
coinbase:1073149862,2026-08-20,2026-08-21,settled,0.00,USD
coinbase:1073149866,2026-08-24,2026-08-21,settled,4097.50,USD
coinbase:1073149865,2026-08-20,2026-08-19,settled,1372.93,USD
coinbase:1073149863,2026-08-20,2026-08-19,settled,3000.07,USD
binance:6582462782,2026-08-20,2026-08-22,settled,616.72,USD
coinbase:1073149867,2026-08-20,2026-08-19,settled,0.00,USD
coinbase:1073149868,2026-08-20,2026-08-19,settled,0.02,USD
coinbase:1073149869,2026-08-20,2026-08-19,settled,0.00,USD
coinbase:1073149870,2026-08-20,2026-08-19,settled,0.01,USD
binance:6582462783,2026-08-20,2026-08-19,settled,24.72,USD
binance:6582462788,2026-08-20,2026-08-19,settled,5211.94,USD
coinbase:1073149872,2026-08-20,2026-08-19,settled,29.16,USD
binance:6582462789,2026-08-20,2026-08-19,settled,112.63,USD
binance:6582462793,2026-08-20,2026-08-19,settled,5576.62,USD
coinbase:1073149873,2026-08-20,2026-08-22,settled,0.00,USD
coinbase:1073149874,2026-08-20,2026-08-19,settled,74.88,USD
coinbase:1073149875,2026-08-20,2026-08-19,settled,0.00,USD
coinbase:1073149876,2026-08-20,2026-08-19,settled,10.90,USD
coinbase:1073149877,2026-08-20,2026-08-19,settled,0.00,USD
coinbase:1073149878,2026-08-20,2026-08-19,settled,0.00,USD
coinbase:1073149879,2026-08-20,2026-08-19,settled,0.01,USD
coinbase:1073149880,2026-08-20,2026-08-19,settled,0.01,USD
coinbase:1073149881,2026-08-20,2026-08-19,settled,0.00,USD
coinbase:1073149882,2026-08-20,2026-08-19,settled,0.00,USD
kraken:105348715,2026-08-20,2026-08-19,settled,2727.14,USD
kraken:105348716,2026-08-20,2026-08-19,settled,274.58,USD
kraken:105348717,2026-08-20,2026-08-19,settled,50.00,USD
kraken:105348718,2026-08-20,2026-08-19,settled,6.86,USD
kraken:105348719,2026-08-20,2026-08-19,settled,68.65,USD
kraken:105348721,2026-08-20,2026-08-19,settled,5354.37,USD
kraken:105348722,2026-08-20,2026-08-19,settled,784.87,USD
kraken:105348723,2026-08-20,2026-08-19,settled,7551.04,USD
kraken:105348724,2026-08-20,2026-08-22,settled,68.65,USD
kraken:105348725,2026-08-20,2026-08-19,settled,20.00,USD
kraken:105348726,2026-08-20,2026-08-19,settled,50000.03,USD
kraken:105348727,2026-08-20,2026-08-19,settled,29690.68,USD
coinbase:1073149883,2026-08-20,2026-08-19,settled,0.00,USD
coinbase:1073149884,2026-08-20,2026-08-19,settled,7.07,USD
binance:6582462794,2026-08-20,2026-08-19,settled,75.55,USD
coinbase:1073149885,2026-08-20,2026-08-19,settled,0.00,USD
binance:6582462795,2026-08-20,2026-08-19,settled,868.77,USD
coinbase:1073149886,2026-08-20,2026-08-19,settled,28.49,USD
coinbase:1073149887,2026-08-20,2026-08-19,settled,0.00,USD
coinbase:1073149888,2026-08-20,2026-08-19,settled,1.69,USD
binance:6582462796,2026-08-20,2026-08-19,settled,17916.60,USD
binance:6582462805,2026-08-20,2026-08-19,settled,499.29,USD
coinbase:1073149889,2026-08-20,2026-08-19,settled,0.00,USD
coinbase:1073149891,2026-08-20,2026-08-19,settled,0.00,USD
coinbase:1073149892,2026-08-20,2026-08-19,settled,0.00,USD
coinbase:1073149893,2026-08-20,2026-08-19,settled,0.01,USD
binance:6582462806,2026-08-20,2026-08-19,settled,101.64,USD
coinbase:1073149894,2026-08-20,2026-08-19,settled,529.59,USD
coinbase:1073149897,2026-08-20,2026-08-19,settled,420.00,USD
coinbase:1073149896,2026-08-20,2026-08-19,settled,75.00,USD
coinbase:1073149895,2026-08-20,2026-08-19,settled,3047.90,USD
coinbase:1073149898,2026-08-20,2026-08-19,settled,0.00,USD
binance:6582462810,2026-08-20,2026-08-19,settled,1438.11,USD
binance:6582462814,2026-08-20,2026-08-19,settled,40.52,USD
coinbase:1073149899,2026-08-20,2026-08-19,settled,0.00,USD
coinbase:1073149900,2026-08-20,2026-08-19,settled,0.00,USD
coinbase:1073149901,2026-08-20,2026-08-19,settled,0.01,USD
coinbase:1073149902,2026-08-20,2026-08-19,settled,0.00,USD
coinbase:1073149903,2026-08-20,2026-08-19,settled,0.00,USD
binance:6582462815,2026-08-20,2026-08-19,settled,343.39,USD
binance:6582462816,2026-08-20,2026-08-19,settled,61.12,USD
binance:6582462826,2026-08-20,2026-08-19,settled,6.87,USD
binance:6582462828,2026-08-20,2026-08-19,settled,274.71,USD
coinbase:1073149905,2026-08-20,2026-08-19,settled,0.00,USD
binance:6582462833,2026-08-20,2026-08-19,settled,686.78,USD
binance:6582462834,2026-08-20,2026-08-19,settled,2747.10,USD
binance:6582462835,2026-08-20,2026-08-19,settled,1098.84,USD
coinbase:1073149906,2026-08-20,2026-08-19,settled,15.87,USD
binance:6582462836,2026-08-20,2026-08-19,settled,686.78,USD
binance:6582462837,2026-08-20,2026-08-19,settled,17357.56,USD
coinbase:1073149908,2026-08-20,2026-08-19,settled,2998.89,USD
coinbase:1073149907,2026-08-20,2026-08-19,settled,7.95,USD
coinbase:1073149910,2026-08-20,2026-08-19,settled,369.28,USD
coinbase:1073149909,2026-08-20,2026-08-19,settled,26823.51,USD
coinbase:1073149911,2026-08-20,2026-08-19,settled,7092.11,USD
coinbase:1073149912,2026-08-20,2026-08-19,settled,3226.60,USD
binance:6582462839,2026-08-20,2026-08-19,settled,270.59,USD
binance:6582462869,2026-08-20,2026-08-19,settled,43.95,USD
binance:6582462877,2026-08-20,2026-08-19,settled,5.49,USD
binance:6582462878,2026-08-20,2026-08-19,settled,10.99,USD
binance:6582462880,2026-08-20,2026-08-19,settled,153.16,USD
coinbase:1073149913,2026-08-20,2026-08-19,settled,0.00,USD
coinbase:1073149914,2026-08-20,2026-08-19,settled,0.00,USD
coinbase:1073149915,2026-08-20,2026-08-19,settled,0.00,USD
binance:6582462881,2026-08-20,2026-08-19,settled,1991.71,USD
binance:6582462882,2026-08-20,2026-08-19,settled,139.42,USD
binance:6582462907,2026-08-20,2026-08-19,settled,21.98,USD
binance:6582462911,2026-08-20,2026-08-19,settled,10.99,USD
binance:6582462914,2026-08-20,2026-08-19,settled,5.49,USD
binance:6582462915,2026-08-20,2026-08-19,settled,16.48,USD
binance:6582462918,2026-08-20,2026-08-19,settled,104.40,USD
coinbase:1073149916,2026-08-20,2026-08-19,settled,0.00,USD
binance:6582462919,2026-08-20,2026-08-19,settled,755.50,USD
binance:6582462921,2026-08-20,2026-08-19,settled,206.05,USD
binance:6582462922,2026-08-20,2026-08-19,settled,2747.28,USD
binance:6582462923,2026-08-20,2026-08-19,settled,1373.64,USD
binance:6582462924,2026-08-20,2026-08-19,settled,686.82,USD
binance:6582462925,2026-08-20,2026-08-19,settled,6.87,USD
binance:6582462927,2026-08-20,2026-08-19,settled,1236.28,USD
binance:6582462935,2026-08-20,2026-08-19,settled,618.14,USD
coinbase:1073149918,2026-08-20,2026-08-19,settled,3000.52,USD
coinbase:1073149917,2026-08-20,2026-08-19,settled,1.17,USD
coinbase:1073149919,2026-08-20,2026-08-19,settled,3000.52,USD
coinbase:1073149920,2026-08-20,2026-08-19,settled,1.94,USD
coinbase:1073149921,2026-08-20,2026-08-19,settled,0.00,USD
binance:6582462936,2026-08-20,2026-08-19,settled,48.76,USD
coinbase:1073149922,2026-08-20,2026-08-19,settled,0.00,USD
binance:6582462937,2026-08-20,2026-08-19,settled,116.07,USD
binance:6582462938,2026-08-20,2026-08-19,settled,221504.35,USD
coinbase:1073149923,2026-08-20,2026-08-22,settled,0.00,USD
binance:6582462957,2026-08-20,2026-08-19,settled,1236.28,USD
binance:6582462958,2026-08-20,2026-08-19,settled,755.50,USD
binance:6582462959,2026-08-20,2026-08-19,settled,206.05,USD
binance:6582462960,2026-08-20,2026-08-19,settled,618.14,USD
coinbase:1073149924,2026-08-20,2026-08-19,settled,0.00,USD
coinbase:1073149925,2026-08-20,2026-08-19,settled,0.01,USD
binance:6582462961,2026-08-20,2026-08-19,settled,425.14,USD
coinbase:1073149926,2026-08-20,2026-08-19,settled,0.00,USD
coinbase:1073149927,2026-08-20,2026-08-19,settled,0.00,USD
coinbase:1073149928,2026-08-20,2026-08-19,settled,0.02,USD
binance:6582462962,2026-08-20,2026-08-19,settled,1068.69,USD
coinbase:1073149935,2026-08-20,2026-08-19,settled,1367.51,USD
coinbase:1073149934,2026-08-20,2026-08-19,settled,5001.88,USD
coinbase:1073149933,2026-08-20,2026-08-19,settled,419.99,USD
coinbase:1073149932,2026-08-20,2026-08-19,settled,200.42,USD
coinbase:1073149931,2026-08-20,2026-08-19,settled,420.00,USD
coinbase:1073149930,2026-08-20,2026-08-19,settled,2615.77,USD
coinbase:1073149929,2026-08-20,2026-08-19,settled,74.96,USD
coinbase:1073149936,2026-08-20,2026-08-19,settled,0.00,USD
coinbase:1073149937,2026-08-20,2026-08-19,settled,54.46,USD
coinbase:1073149938,2026-08-20,2026-08-19,settled,6.68,USD
coinbase:1073149939,2026-08-20,2026-08-19,settled,0.00,USD
coinbase:1073149942,2026-08-20,2026-08-19,settled,18.93,USD
coinbase:1073149941,2026-08-20,2026-08-19,settled,1.17,USD
coinbase:1073149940,2026-08-20,2026-08-19,settled,7.95,USD
binance:6582462963,2026-08-20,2026-08-19,settled,89.29,USD
coinbase:1073149943,2026-08-20,2026-08-19,settled,15.77,USD
binance:6582462964,2026-08-20,2026-08-19,settled,299.45,USD
binance:6582462965,2026-08-20,2026-08-19,settled,100.28,USD
binance:6582462966,2026-08-20,2026-08-19,settled,123.63,USD
coinbase:1073149944,2026-08-20,2026-08-19,settled,0.00,USD
coinbase:1073149945,2026-08-20,2026-08-19,settled,189.72,USD
coinbase:1073149946,2026-08-20,2026-08-19,settled,9.17,USD
binance:6582462967,2026-08-20,2026-08-19,settled,98.90,USD
binance:6582462968,2026-08-20,2026-08-19,settled,10000.10,USD
binance:6582462974,2026-08-24,2026-08-22,settled,6.87,USD
coinbase:1073149954,2026-08-20,2026-08-19,settled,418.49,USD
coinbase:1073149953,2026-08-20,2026-08-19,settled,2.66,USD
coinbase:1073149952,2026-08-20,2026-08-19,settled,1000.00,USD
coinbase:1073149951,2026-08-20,2026-08-19,settled,1000.00,USD
coinbase:1073149950,2026-08-20,2026-08-19,settled,420.00,USD
coinbase:1073149949,2026-08-20,2026-08-19,settled,75.00,USD
coinbase:1073149948,2026-08-20,2026-08-19,settled,2905.24,USD
coinbase:1073149947,2026-08-20,2026-08-19,settled,2176.18,USD
binance:6582462975,2026-08-20,2026-08-19,settled,388.74,USD
coinbase:1073149960,2026-08-20,2026-08-19,settled,663.19,USD
coinbase:1073149959,2026-08-20,2026-08-19,settled,4078.21,USD
coinbase:1073149958,2026-08-20,2026-08-19,settled,686.45,USD
coinbase:1073149957,2026-08-20,2026-08-19,settled,524.97,USD
coinbase:1073149956,2026-08-20,2026-08-19,settled,1.17,USD
coinbase:1073149955,2026-08-20,2026-08-19,settled,1.50,USD
coinbase:1073149961,2026-08-20,2026-08-19,settled,3020.46,USD
coinbase:1073149962,2026-08-20,2026-08-19,settled,1980.92,USD
coinbase:1073149964,2026-08-20,2026-08-19,settled,401.85,USD
coinbase:1073149963,2026-08-20,2026-08-19,settled,3.15,USD
binance:6582462976,2026-08-20,2026-08-19,settled,401.10,USD
coinbase:1073149965,2026-08-20,2026-08-19,settled,94.85,USD
binance:6582462977,2026-08-20,2026-08-19,settled,590.67,USD
binance:6582462978,2026-08-20,2026-08-19,settled,254.12,USD
binance:6582462979,2026-08-20,2026-08-19,settled,2650.44,USD
binance:6582462980,2026-08-20,2026-08-19,settled,1153.86,USD
binance:6582462981,2026-08-20,2026-08-19,settled,3626.41,USD
binance:6582462982,2026-08-20,2026-08-19,settled,2346.86,USD
binance:6582463009,2026-08-20,2026-08-19,settled,21.98,USD
binance:6582463013,2026-08-20,2026-08-19,settled,9.62,USD
coinbase:1073149966,2026-08-20,2026-08-19,settled,0.02,USD
binance:6582463014,2026-08-20,2026-08-19,settled,65.25,USD
binance:6582463025,2026-08-20,2026-08-19,settled,16.48,USD
binance:6582463028,2026-08-20,2026-08-19,settled,17.17,USD
binance:6582463031,2026-08-20,2026-08-19,settled,83.79,USD
binance:6582463046,2026-08-20,2026-08-19,settled,16.48,USD
binance:6582463049,2026-08-20,2026-08-19,settled,39.83,USD
binance:6582463056,2026-08-20,2026-08-19,settled,2242.32,USD
binance:6582463077,2026-08-20,2026-08-19,settled,38.46,USD
binance:6582463084,2026-08-24,2026-08-21,settled,16.48,USD
binance:6582463087,2026-08-20,2026-08-19,settled,10.99,USD
binance:6582463089,2026-08-20,2026-08-19,settled,5.49,USD
binance:6582463090,2026-08-20,2026-08-19,settled,5.49,USD
binance:6582463091,2026-08-20,2026-08-19,settled,16.48,USD
coinbase:1073149968,2026-08-20,2026-08-19,settled,1.17,USD
coinbase:1073149967,2026-08-20,2026-08-19,settled,1.42,USD
coinbase:1073149969,2026-08-20,2026-08-19,settled,589.59,USD
coinbase:1073149972,2026-08-20,2026-08-19,settled,25.56,USD
coinbase:1073149971,2026-08-20,2026-08-19,settled,1.17,USD
coinbase:1073149970,2026-08-20,2026-08-19,settled,1.17,USD
coinbase:1073149973,2026-08-20,2026-08-19,settled,0.00,USD
binance:6582463094,2026-08-24,2026-08-22,settled,4227.58,USD
binance:6582463111,2026-08-20,2026-08-19,settled,27.47,USD
binance:6582463116,2026-08-20,2026-08-19,settled,11.67,USD
binance:6582463118,2026-08-20,2026-08-19,settled,10.99,USD
binance:6582463120,2026-08-20,2026-08-19,settled,16.48,USD
binance:6582463123,2026-08-20,2026-08-19,settled,2999.62,USD
binance:6582463124,2026-08-20,2026-08-19,settled,27.47,USD
binance:6582463129,2026-08-20,2026-08-19,settled,16.48,USD
binance:6582463133,2026-08-20,2026-08-19,settled,48.07,USD
coinbase:1073149974,2026-08-20,2026-08-19,settled,0.00,USD
kraken:105348728,2026-08-20,2026-08-19,settled,50.00,USD
kraken:105348729,2026-08-20,2026-08-19,settled,123.56,USD
kraken:105348730,2026-08-20,2026-08-19,settled,68.65,USD
kraken:105348731,2026-08-20,2026-08-19,settled,3.50,USD
kraken:105348733,2026-08-20,2026-08-19,settled,250.00,USD
kraken:105348734,2026-08-20,2026-08-19,settled,3.50,USD
kraken:105348735,2026-08-24,2026-08-21,settled,3.50,USD
coinbase:1073149975,2026-08-20,2026-08-19,settled,0.00,USD
coinbase:1073149977,2026-08-20,2026-08-19,settled,1008.69,USD
coinbase:1073149976,2026-08-20,2026-08-19,settled,1.16,USD
coinbase:1073149978,2026-08-20,2026-08-19,settled,0.00,USD
coinbase:1073149979,2026-08-20,2026-08-19,settled,0.00,USD
coinbase:1073149980,2026-08-20,2026-08-19,settled,2.02,USD
coinbase:1073149981,2026-08-20,2026-08-19,settled,0.01,USD
coinbase:1073149982,2026-08-20,2026-08-19,settled,0.00,USD
coinbase:1073149983,2026-08-20,2026-08-19,settled,0.00,USD
coinbase:1073149984,2026-08-20,2026-08-19,settled,9882.59,USD
binance:6582463134,2026-08-20,2026-08-19,settled,11.67,USD
coinbase:1073149985,2026-08-20,2026-08-19,settled,0.00,USD
coinbase:1073149986,2026-08-20,2026-08-19,settled,0.01,USD
coinbase:1073149987,2026-08-20,2026-08-19,settled,51.31,USD
binance:6582463135,2026-08-20,2026-08-19,settled,226.62,USD
coinbase:1073149988,2026-08-20,2026-08-19,settled,0.00,USD
coinbase:1073149989,2026-08-20,2026-08-19,settled,59.43,USD
coinbase:1073149991,2026-08-24,2026-08-22,settled,997.30,USD
coinbase:1073149990,2026-08-20,2026-08-19,settled,1000.00,USD
coinbase:1073149992,2026-08-20,2026-08-19,settled,2.70,USD
coinbase:1073149994,2026-08-20,2026-08-19,settled,4.03,USD
binance:6582463136,2026-08-20,2026-08-19,settled,556.92,USD
coinbase:1073149995,2026-08-20,2026-08-19,settled,0.00,USD
coinbase:1073149996,2026-08-20,2026-08-19,settled,0.00,USD
binance:6582463137,2026-08-20,2026-08-19,settled,5.49,USD
coinbase:1073149997,2026-08-20,2026-08-19,settled,0.00,USD
coinbase:1073149998,2026-08-20,2026-08-19,settled,0.00,USD
coinbase:1073149999,2026-08-20,2026-08-19,settled,0.00,USD
coinbase:1073150000,2026-08-20,2026-08-19,settled,50.23,USD
binance:6582463138,2026-08-20,2026-08-19,settled,3974.69,USD
binance:6582463139,2026-08-20,2026-08-19,settled,1999.02,USD
coinbase:1073150001,2026-08-20,2026-08-19,settled,0.00,USD
binance:6582463140,2026-08-20,2026-08-19,settled,99.57,USD
binance:6582463141,2026-08-20,2026-08-19,settled,210.13,USD
coinbase:1073150002,2026-08-20,2026-08-19,settled,0.00,USD
coinbase:1073150003,2026-08-20,2026-08-19,settled,50.49,USD
coinbase:1073150004,2026-08-20,2026-08-19,settled,50.91,USD
coinbase:1073150005,2026-08-20,2026-08-19,settled,0.00,USD
coinbase:1073150006,2026-08-20,2026-08-19,settled,0.00,USD
coinbase:1073150007,2026-08-20,2026-08-19,settled,0.99,USD
kraken:105348736,2026-08-20,2026-08-19,settled,48.89,USD
coinbase:1073150008,2026-08-20,2026-08-19,settled,0.00,USD
coinbase:1073150009,2026-08-20,2026-08-19,settled,0.01,USD
binance:6582463142,2026-08-20,2026-08-19,settled,119278.61,USD
binance:6582463196,2026-08-20,2026-08-21,settled,59.74,USD
coinbase:1073150010,2026-08-20,2026-08-19,settled,1009.91,USD
coinbase:1073150011,2026-08-20,2026-08-19,settled,0.00,USD
coinbase:1073150012,2026-08-20,2026-08-19,settled,0.00,USD
binance:6582463198,2026-08-20,2026-08-19,settled,70.73,USD
coinbase:1073150013,2026-08-20,2026-08-19,settled,0.01,USD
coinbase:1073150014,2026-08-20,2026-08-19,settled,0.02,USD
binance:6582463202,2026-08-20,2026-08-19,settled,183.35,USD
coinbase:1073150015,2026-08-20,2026-08-19,settled,0.02,USD
coinbase:1073150016,2026-08-20,2026-08-19,settled,148.61,USD
binance:6582463203,2026-08-20,2026-08-19,settled,894.79,USD
coinbase:1073150017,2026-08-20,2026-08-19,settled,4.95,USD
coinbase:1073150018,2026-08-20,2026-08-19,settled,97.16,USD
binance:6582463204,2026-08-20,2026-08-19,settled,39.83,USD
coinbase:1073150019,2026-08-20,2026-08-19,settled,0.01,USD
coinbase:1073150020,2026-08-20,2026-08-19,settled,202.01,USD
coinbase:1073150021,2026-08-20,2026-08-19,settled,0.00,USD
coinbase:1073150022,2026-08-20,2026-08-19,settled,128.06,USD
coinbase:1073150023,2026-08-24,2026-08-22,settled,0.00,USD
coinbase:1073150024,2026-08-20,2026-08-19,settled,0.00,USD
coinbase:1073150025,2026-08-20,2026-08-19,settled,0.01,USD
binance:6582463205,2026-08-20,2026-08-19,settled,305.59,USD
coinbase:1073150026,2026-08-20,2026-08-19,settled,0.00,USD
coinbase:1073150027,2026-08-20,2026-08-19,settled,0.00,USD
binance:6582463206,2026-08-20,2026-08-19,settled,1784.08,USD
binance:6582463207,2026-08-20,2026-08-19,settled,306.27,USD
coinbase:1073150028,2026-08-20,2026-08-19,settled,0.00,USD
binance:6582463209,2026-08-20,2026-08-19,settled,24.03,USD
coinbase:1073150030,2026-08-20,2026-08-19,settled,0.00,USD
binance:6582463210,2026-08-20,2026-08-19,settled,54.25,USD
binance:6582463211,2026-08-20,2026-08-19,settled,184.73,USD
binance:6582463212,2026-08-20,2026-08-19,settled,132.54,USD
coinbase:1073150031,2026-08-20,2026-08-19,settled,0.00,USD
binance:6582463213,2026-08-20,2026-08-19,settled,192.28,USD
binance:6582463214,2026-08-20,2026-08-19,settled,68.67,USD
coinbase:1073150032,2026-08-20,2026-08-19,settled,0.00,USD
coinbase:1073150033,2026-08-20,2026-08-19,settled,10.10,USD
binance:6582463215,2026-08-20,2026-08-19,settled,2613.63,USD
binance:6582463216,2026-08-20,2026-08-19,settled,65.92,USD
coinbase:1073150034,2026-08-20,2026-08-19,settled,0.01,USD
coinbase:1073150035,2026-08-20,2026-08-19,settled,0.00,USD
binance:6582463217,2026-08-20,2026-08-19,settled,68.67,USD
binance:6582463218,2026-08-20,2026-08-19,settled,892.73,USD
coinbase:1073150036,2026-08-20,2026-08-19,settled,0.00,USD
coinbase:1073150037,2026-08-20,2026-08-19,settled,0.00,USD
binance:6582463219,2026-08-20,2026-08-19,settled,686.71,USD
binance:6582463220,2026-08-20,2026-08-19,settled,137.34,USD
binance:6582463221,2026-08-20,2026-08-19,settled,1785.45,USD
binance:6582463222,2026-08-20,2026-08-19,settled,1236.08,USD
binance:6582463223,2026-08-20,2026-08-19,settled,3364.89,USD
binance:6582463224,2026-08-20,2026-08-19,settled,137.34,USD
binance:6582463225,2026-08-20,2026-08-19,settled,2056.02,USD
binance:6582463226,2026-08-20,2026-08-21,settled,1991.47,USD
binance:6582463227,2026-08-20,2026-08-19,settled,102.32,USD
coinbase:1073150038,2026-08-20,2026-08-19,settled,1052.42,USD
coinbase:1073150039,2026-08-20,2026-08-19,settled,0.00,USD
coinbase:1073150040,2026-08-20,2026-08-19,settled,0.01,USD
coinbase:1073150041,2026-08-20,2026-08-19,settled,56.91,USD
coinbase:1073150042,2026-08-20,2026-08-19,settled,0.00,USD
binance:6582463228,2026-08-20,2026-08-19,settled,137.34,USD
coinbase:1073150043,2026-08-20,2026-08-19,settled,0.00,USD
binance:6582463229,2026-08-20,2026-08-19,settled,6078.78,USD
coinbase:1073150044,2026-08-20,2026-08-19,settled,0.00,USD
coinbase:1073150045,2026-08-20,2026-08-19,settled,0.31,USD
binance:6582463230,2026-08-20,2026-08-19,settled,3009.18,USD
coinbase:1073150046,2026-08-20,2026-08-19,settled,0.00,USD
binance:6582463231,2026-08-20,2026-08-19,settled,10.30,USD
coinbase:1073150047,2026-08-20,2026-08-19,settled,49.50,USD
binance:6582463232,2026-08-20,2026-08-19,settled,1236.08,USD
coinbase:1073150048,2026-08-20,2026-08-19,settled,0.00,USD
coinbase:1073150049,2026-08-20,2026-08-19,settled,0.00,USD
coinbase:1073150050,2026-08-20,2026-08-19,settled,99.01,USD
coinbase:1073150051,2026-08-20,2026-08-19,settled,9.65,USD
coinbase:1073150052,2026-08-20,2026-08-19,settled,48.59,USD
coinbase:1073150053,2026-08-20,2026-08-19,settled,0.01,USD
coinbase:1073150054,2026-08-20,2026-08-19,settled,0.99,USD
binance:6582463234,2026-08-20,2026-08-19,settled,56.31,USD
binance:6582463235,2026-08-20,2026-08-19,settled,82414.48,USD
binance:6582463263,2026-08-24,2026-08-21,settled,511.60,USD
coinbase:1073150056,2026-08-20,2026-08-19,settled,149.88,USD
coinbase:1073150055,2026-08-20,2026-08-19,settled,1.63,USD
coinbase:1073150058,2026-08-20,2026-08-19,settled,0.00,USD
coinbase:1073150059,2026-08-20,2026-08-19,settled,29.70,USD
coinbase:1073150060,2026-08-20,2026-08-19,settled,551.21,USD
coinbase:1073150063,2026-08-20,2026-08-19,settled,7582.28,USD
coinbase:1073150062,2026-08-20,2026-08-19,settled,5100.80,USD
coinbase:1073150061,2026-08-20,2026-08-19,settled,2467.25,USD
coinbase:1073150064,2026-08-20,2026-08-19,settled,0.01,USD
binance:6582463264,2026-08-20,2026-08-19,settled,9.61,USD
coinbase:1073150066,2026-08-24,2026-08-21,settled,299.62,USD
coinbase:1073150067,2026-08-20,2026-08-19,settled,0.00,USD
coinbase:1073150068,2026-08-20,2026-08-19,settled,99.01,USD
coinbase:1073150069,2026-08-20,2026-08-19,settled,0.00,USD
coinbase:1073150070,2026-08-20,2026-08-19,settled,0.00,USD
coinbase:1073150071,2026-08-20,2026-08-19,settled,14.85,USD
coinbase:1073150072,2026-08-20,2026-08-19,settled,0.00,USD
coinbase:1073150073,2026-08-20,2026-08-19,settled,411.86,USD
binance:6582463265,2026-08-20,2026-08-19,settled,499.24,USD
coinbase:1073150074,2026-08-20,2026-08-19,settled,0.00,USD
coinbase:1073150075,2026-08-20,2026-08-19,settled,0.00,USD
coinbase:1073150076,2026-08-20,2026-08-19,settled,0.00,USD
binance:6582463266,2026-08-20,2026-08-19,settled,169.62,USD
binance:6582463267,2026-08-20,2026-08-19,settled,46.01,USD
binance:6582463268,2026-08-20,2026-08-19,settled,10884.40,USD
coinbase:1073150077,2026-08-20,2026-08-19,settled,0.00,USD
coinbase:1073150078,2026-08-20,2026-08-19,settled,9.90,USD
binance:6582463284,2026-08-20,2026-08-19,settled,68671.29,USD
coinbase:1073150079,2026-08-20,2026-08-19,settled,0.00,USD
binance:6582463296,2026-08-20,2026-08-19,settled,175.11,USD
binance:6582463297,2026-08-20,2026-08-19,settled,70402.49,USD
binance:6582463326,2026-08-20,2026-08-19,settled,240.35,USD
coinbase:1073150080,2026-08-20,2026-08-19,settled,4.74,USD
coinbase:1073150081,2026-08-20,2026-08-19,settled,4.95,USD
coinbase:1073150082,2026-08-20,2026-08-21,settled,0.00,USD
binance:6582463331,2026-08-20,2026-08-19,settled,2809.34,USD
coinbase:1073150083,2026-08-20,2026-08-19,settled,0.00,USD
coinbase:1073150084,2026-08-20,2026-08-19,settled,5.22,USD
coinbase:1073150085,2026-08-20,2026-08-19,settled,1.72,USD
binance:6582463338,2026-08-20,2026-08-19,settled,229.36,USD
binance:6582463339,2026-08-20,2026-08-19,settled,6.87,USD
binance:6582463340,2026-08-20,2026-08-19,settled,686.71,USD
binance:6582463343,2026-08-20,2026-08-19,settled,1373.43,USD
binance:6582463344,2026-08-20,2026-08-19,settled,2746.85,USD
binance:6582463345,2026-08-20,2026-08-19,settled,1236.08,USD
binance:6582463352,2026-08-20,2026-08-19,settled,618.04,USD
binance:6582463353,2026-08-20,2026-08-19,settled,755.38,USD
binance:6582463362,2026-08-20,2026-08-19,settled,1628.20,USD
binance:6582463389,2026-08-20,2026-08-19,settled,541.13,USD
binance:6582463394,2026-08-20,2026-08-19,settled,686.71,USD
coinbase:1073150086,2026-08-20,2026-08-19,settled,0.00,USD
binance:6582463395,2026-08-20,2026-08-19,settled,590.57,USD
binance:6582463419,2026-08-24,2026-08-22,settled,60.43,USD
binance:6582463430,2026-08-20,2026-08-19,settled,150.39,USD
binance:6582463437,2026-08-20,2026-08-19,settled,5.49,USD
binance:6582463438,2026-08-20,2026-08-19,settled,100.26,USD
binance:6582463456,2026-08-20,2026-08-21,settled,155.20,USD
binance:6582463484,2026-08-20,2026-08-19,settled,38.46,USD
binance:6582463491,2026-08-20,2026-08-19,settled,5.49,USD
binance:6582463492,2026-08-20,2026-08-19,settled,96.14,USD
binance:6582463507,2026-08-20,2026-08-19,settled,21.98,USD
binance:6582463511,2026-08-20,2026-08-19,settled,83.78,USD
binance:6582463526,2026-08-20,2026-08-19,settled,27.47,USD
binance:6582463531,2026-08-20,2026-08-19,settled,16.48,USD
binance:6582463534,2026-08-20,2026-08-19,settled,2207.87,USD
coinbase:1073150087,2026-08-20,2026-08-19,settled,521.69,USD
coinbase:1073150091,2026-08-20,2026-08-19,settled,221.25,USD
coinbase:1073150090,2026-08-20,2026-08-19,settled,1.17,USD
coinbase:1073150089,2026-08-20,2026-08-19,settled,1415.95,USD
coinbase:1073150088,2026-08-20,2026-08-19,settled,359.16,USD
binance:6582463543,2026-08-20,2026-08-19,settled,100.27,USD
binance:6582463560,2026-08-20,2026-08-19,settled,27.47,USD
binance:6582463565,2026-08-20,2026-08-19,settled,10.99,USD
binance:6582463567,2026-08-20,2026-08-19,settled,10.99,USD
binance:6582463569,2026-08-20,2026-08-19,settled,5.49,USD
binance:6582463570,2026-08-20,2026-08-21,settled,10.99,USD
binance:6582463572,2026-08-20,2026-08-19,settled,5.49,USD
binance:6582463573,2026-08-20,2026-08-19,settled,27.47,USD
binance:6582463578,2026-08-20,2026-08-21,settled,16.48,USD
binance:6582463581,2026-08-20,2026-08-19,settled,4067.82,USD
binance:6582463583,2026-08-20,2026-08-19,settled,5.49,USD
binance:6582463584,2026-08-20,2026-08-19,settled,17.17,USD
binance:6582463587,2026-08-20,2026-08-19,settled,10.99,USD
binance:6582463589,2026-08-20,2026-08-19,settled,27.47,USD
binance:6582463594,2026-08-20,2026-08-19,settled,27.47,USD
binance:6582463599,2026-08-20,2026-08-19,settled,10.99,USD
binance:6582463601,2026-08-20,2026-08-19,settled,21.98,USD
binance:6582463605,2026-08-20,2026-08-19,settled,5.49,USD
binance:6582463606,2026-08-20,2026-08-19,settled,21.98,USD
binance:6582463610,2026-08-20,2026-08-19,settled,755.49,USD
binance:6582463620,2026-08-20,2026-08-19,settled,618.13,USD
binance:6582463621,2026-08-20,2026-08-19,settled,206.04,USD
coinbase:1073150093,2026-08-20,2026-08-19,settled,0.25,USD
coinbase:1073150092,2026-08-20,2026-08-19,settled,100.00,USD
coinbase:1073150095,2026-08-20,2026-08-19,settled,2684.66,USD
coinbase:1073150094,2026-08-20,2026-08-19,settled,1.17,USD
coinbase:1073150097,2026-08-20,2026-08-19,settled,16007.57,USD
coinbase:1073150098,2026-08-20,2026-08-19,settled,1796.53,USD
coinbase:1073150102,2026-08-20,2026-08-19,settled,161.41,USD
coinbase:1073150101,2026-08-20,2026-08-19,settled,1.17,USD
coinbase:1073150100,2026-08-20,2026-08-19,settled,7.95,USD
coinbase:1073150099,2026-08-20,2026-08-19,settled,2747.07,USD
coinbase:1073150103,2026-08-20,2026-08-19,settled,96.11,USD
coinbase:1073150105,2026-08-20,2026-08-19,settled,277.80,USD
coinbase:1073150104,2026-08-20,2026-08-19,settled,2742.87,USD
binance:6582463624,2026-08-24,2026-08-22,settled,97.53,USD
binance:6582463625,2026-08-20,2026-08-19,settled,252.06,USD
coinbase:1073150106,2026-08-20,2026-08-19,settled,0.00,USD
coinbase:1073150108,2026-08-20,2026-08-19,settled,1.02,USD
coinbase:1073150107,2026-08-20,2026-08-19,settled,1.17,USD
coinbase:1073150113,2026-08-20,2026-08-19,settled,7188.31,USD
coinbase:1073150112,2026-08-20,2026-08-19,settled,1.17,USD
coinbase:1073150111,2026-08-20,2026-08-19,settled,1716.46,USD
coinbase:1073150110,2026-08-20,2026-08-19,settled,1.17,USD
coinbase:1073150109,2026-08-20,2026-08-19,settled,2999.57,USD
coinbase:1073150115,2026-08-20,2026-08-19,settled,45.01,USD
coinbase:1073150117,2026-08-20,2026-08-19,settled,4.95,USD
coinbase:1073150118,2026-08-20,2026-08-19,settled,48.60,USD
coinbase:1073150119,2026-08-20,2026-08-19,settled,1.98,USD
binance:6582463626,2026-08-20,2026-08-19,settled,72.12,USD
coinbase:1073150120,2026-08-20,2026-08-19,settled,0.00,USD
binance:6582463627,2026-08-20,2026-08-19,settled,49.45,USD
binance:6582463628,2026-08-20,2026-08-19,settled,4963.57,USD
binance:6582463629,2026-08-20,2026-08-19,settled,12.36,USD
binance:6582463630,2026-08-20,2026-08-19,settled,10.99,USD
coinbase:1073150121,2026-08-20,2026-08-19,settled,0.00,USD
coinbase:1073150122,2026-08-20,2026-08-19,settled,0.01,USD
binance:6582463631,2026-08-20,2026-08-19,settled,1326.23,USD
coinbase:1073150123,2026-08-20,2026-08-22,settled,48.60,USD
coinbase:1073150124,2026-08-20,2026-08-19,settled,0.00,USD
coinbase:1073150125,2026-08-20,2026-08-19,settled,24.30,USD
coinbase:1073150126,2026-08-20,2026-08-19,settled,0.00,USD
binance:6582463632,2026-08-20,2026-08-19,settled,192.31,USD
coinbase:1073150127,2026-08-20,2026-08-19,settled,0.01,USD
coinbase:1073150129,2026-08-20,2026-08-19,settled,3261.81,USD
coinbase:1073150128,2026-08-20,2026-08-19,settled,67.51,USD
coinbase:1073150130,2026-08-20,2026-08-19,settled,9.90,USD
coinbase:1073150131,2026-08-20,2026-08-19,settled,903.53,USD
coinbase:1073150132,2026-08-20,2026-08-19,settled,0.00,USD
coinbase:1073150133,2026-08-20,2026-08-19,settled,0.00,USD
binance:6582463633,2026-08-20,2026-08-19,settled,6410.68,USD
coinbase:1073150134,2026-08-20,2026-08-19,settled,0.00,USD
coinbase:1073150135,2026-08-20,2026-08-19,settled,505.11,USD
binance:6582463634,2026-08-20,2026-08-19,settled,16188.79,USD
coinbase:1073150136,2026-08-20,2026-08-19,settled,9.65,USD
coinbase:1073150137,2026-08-20,2026-08-19,settled,0.01,USD
binance:6582463636,2026-08-20,2026-08-19,settled,203.98,USD
coinbase:1073150138,2026-08-20,2026-08-19,settled,0.01,USD
coinbase:1073150139,2026-08-20,2026-08-19,settled,0.00,USD
binance:6582463637,2026-08-20,2026-08-19,settled,279.53,USD
binance:6582463638,2026-08-20,2026-08-19,settled,2000.68,USD
binance:6582463639,2026-08-20,2026-08-19,settled,806.31,USD
coinbase:1073150140,2026-08-20,2026-08-19,settled,2.97,USD
coinbase:1073150141,2026-08-20,2026-08-19,settled,0.00,USD
coinbase:1073150142,2026-08-20,2026-08-19,settled,48.60,USD
kraken:105348737,2026-08-20,2026-08-19,settled,20.00,USD
kraken:105348738,2026-08-20,2026-08-19,settled,50.00,USD
kraken:105348739,2026-08-20,2026-08-19,settled,68.64,USD
kraken:105348740,2026-08-20,2026-08-19,settled,6.86,USD
kraken:105348741,2026-08-20,2026-08-19,settled,68.64,USD
binance:6582463640,2026-08-20,2026-08-19,settled,103.02,USD
coinbase:1073150143,2026-08-20,2026-08-19,settled,1.73,USD
coinbase:1073150144,2026-08-20,2026-08-19,settled,0.00,USD
coinbase:1073150145,2026-08-20,2026-08-19,settled,0.00,USD
kraken:105348742,2026-08-20,2026-08-19,settled,30.95,USD
binance:6582463641,2026-08-20,2026-08-19,settled,43.96,USD
coinbase:1073150146,2026-08-20,2026-08-19,settled,0.02,USD
coinbase:1073150147,2026-08-20,2026-08-19,settled,0.00,USD
binance:6582463642,2026-08-20,2026-08-19,settled,5.49,USD
binance:6582463643,2026-08-20,2026-08-19,settled,73.49,USD
coinbase:1073150148,2026-08-20,2026-08-19,settled,0.00,USD
coinbase:1073150149,2026-08-20,2026-08-19,settled,166.02,USD
coinbase:1073150150,2026-08-20,2026-08-19,settled,97.22,USD
binance:6582463644,2026-08-20,2026-08-19,settled,351.65,USD
kraken:105348743,2026-08-20,2026-08-19,settled,6.83,USD
coinbase:1073150151,2026-08-20,2026-08-19,settled,0.00,USD
coinbase:1073150152,2026-08-20,2026-08-19,settled,0.01,USD
coinbase:1073150153,2026-08-20,2026-08-19,settled,12.53,USD
coinbase:1073150155,2026-08-20,2026-08-19,settled,0.00,USD
binance:6582463645,2026-08-20,2026-08-19,settled,39.83,USD
coinbase:1073150156,2026-08-20,2026-08-19,settled,0.00,USD
coinbase:1073150157,2026-08-20,2026-08-19,settled,1470.51,USD
coinbase:1073150158,2026-08-20,2026-08-19,settled,0.00,USD
coinbase:1073150159,2026-08-20,2026-08-19,settled,0.02,USD
coinbase:1073150160,2026-08-20,2026-08-19,settled,0.00,USD
coinbase:1073150161,2026-08-20,2026-08-19,settled,0.00,USD
binance:6582463646,2026-08-20,2026-08-19,settled,15.11,USD
coinbase:1073150162,2026-08-20,2026-08-22,settled,0.00,USD
binance:6582463647,2026-08-20,2026-08-19,settled,117.44,USD
coinbase:1073150163,2026-08-20,2026-08-19,settled,14.85,USD
binance:6582463648,2026-08-20,2026-08-19,settled,20.60,USD
kraken:105348744,2026-08-24,2026-08-21,settled,8.23,USD
coinbase:1073150164,2026-08-20,2026-08-19,settled,0.00,USD
binance:6582463649,2026-08-20,2026-08-19,settled,46.70,USD
binance:6582463656,2026-08-20,2026-08-19,settled,144.23,USD
binance:6582463657,2026-08-20,2026-08-19,settled,34.34,USD
coinbase:1073150165,2026-08-20,2026-08-19,settled,0.00,USD
coinbase:1073150166,2026-08-20,2026-08-19,settled,0.00,USD
binance:6582463658,2026-08-20,2026-08-19,settled,33.65,USD
coinbase:1073150167,2026-08-20,2026-08-19,settled,38.68,USD
binance:6582463659,2026-08-20,2026-08-19,settled,10.99,USD
binance:6582463660,2026-08-20,2026-08-19,settled,20.60,USD
coinbase:1073150168,2026-08-20,2026-08-19,settled,0.00,USD
coinbase:1073150169,2026-08-20,2026-08-19,settled,0.01,USD
coinbase:1073150170,2026-08-20,2026-08-19,settled,0.00,USD
binance:6582463661,2026-08-20,2026-08-19,settled,182.69,USD
coinbase:1073150171,2026-08-20,2026-08-19,settled,0.00,USD
coinbase:1073150176,2026-08-20,2026-08-19,settled,3182.51,USD
coinbase:1073150175,2026-08-20,2026-08-19,settled,4274.29,USD
coinbase:1073150174,2026-08-20,2026-08-19,settled,3132.32,USD
coinbase:1073150173,2026-08-20,2026-08-19,settled,381.29,USD
coinbase:1073150177,2026-08-20,2026-08-19,settled,15.69,USD
coinbase:1073150179,2026-08-20,2026-08-19,settled,41.37,USD
coinbase:1073150180,2026-08-20,2026-08-19,settled,140.10,USD
coinbase:1073150181,2026-08-20,2026-08-19,settled,93.83,USD
coinbase:1073150182,2026-08-20,2026-08-19,settled,28.94,USD
coinbase:1073150183,2026-08-20,2026-08-19,settled,363.99,USD
coinbase:1073150184,2026-08-20,2026-08-19,settled,125.93,USD
coinbase:1073150185,2026-08-20,2026-08-19,settled,75.33,USD
coinbase:1073150186,2026-08-20,2026-08-19,settled,47.95,USD
coinbase:1073150187,2026-08-20,2026-08-19,settled,269.65,USD
coinbase:1073150188,2026-08-20,2026-08-19,settled,155.53,USD
coinbase:1073150189,2026-08-20,2026-08-19,settled,160.58,USD
coinbase:1073150190,2026-08-20,2026-08-19,settled,36.60,USD
coinbase:1073150191,2026-08-20,2026-08-19,settled,591.67,USD
coinbase:1073150193,2026-08-20,2026-08-19,settled,114.00,USD
coinbase:1073150194,2026-08-20,2026-08-19,settled,52.67,USD
coinbase:1073150195,2026-08-20,2026-08-19,settled,119.31,USD
coinbase:1073150196,2026-08-20,2026-08-19,settled,261.67,USD
coinbase:1073150197,2026-08-20,2026-08-19,settled,392.25,USD
coinbase:1073150198,2026-08-20,2026-08-19,settled,163.23,USD
coinbase:1073150199,2026-08-20,2026-08-19,settled,151.54,USD
coinbase:1073150200,2026-08-20,2026-08-19,settled,46.88,USD
coinbase:1073150201,2026-08-20,2026-08-19,settled,108.11,USD
coinbase:1073150202,2026-08-20,2026-08-19,settled,67.74,USD
coinbase:1073150203,2026-08-20,2026-08-19,settled,36.54,USD
coinbase:1073150204,2026-08-20,2026-08-19,settled,120.69,USD
coinbase:1073150205,2026-08-20,2026-08-19,settled,286.63,USD
coinbase:1073150206,2026-08-20,2026-08-19,settled,160.43,USD
binance:6582463662,2026-08-20,2026-08-19,settled,123.63,USD
coinbase:1073150207,2026-08-20,2026-08-19,settled,194.40,USD
coinbase:1073150208,2026-08-20,2026-08-19,settled,0.01,USD
coinbase:1073150209,2026-08-20,2026-08-19,settled,0.01,USD
binance:6582463663,2026-08-20,2026-08-21,settled,9.62,USD
coinbase:1073150210,2026-08-20,2026-08-19,settled,0.00,USD
binance:6582463664,2026-08-20,2026-08-21,settled,68.68,USD
coinbase:1073150211,2026-08-20,2026-08-19,settled,0.00,USD
binance:6582463665,2026-08-20,2026-08-19,settled,2567.30,USD
coinbase:1073150213,2026-08-20,2026-08-19,settled,0.00,USD
coinbase:1073150214,2026-08-20,2026-08-19,settled,0.01,USD
coinbase:1073150215,2026-08-20,2026-08-19,settled,0.00,USD
coinbase:1073150216,2026-08-21,2026-08-20,settled,0.01,USD
coinbase:1073150217,2026-08-20,2026-08-19,settled,0.00,USD
coinbase:1073150218,2026-08-20,2026-08-19,settled,0.00,USD
coinbase:1073150219,2026-08-20,2026-08-19,settled,0.00,USD
coinbase:1073150220,2026-08-20,2026-08-19,settled,0.01,USD
coinbase:1073150221,2026-08-20,2026-08-19,settled,0.00,USD
binance:6582463666,2026-08-20,2026-08-19,settled,267.86,USD
coinbase:1073150222,2026-08-20,2026-08-19,settled,0.00,USD
binance:6582463667,2026-08-20,2026-08-19,settled,4539.81,USD
binance:6582463668,2026-08-20,2026-08-19,settled,6.87,USD
coinbase:1073150223,2026-08-20,2026-08-19,settled,0.00,USD
coinbase:1073150224,2026-08-20,2026-08-19,settled,0.01,USD
coinbase:1073150225,2026-08-20,2026-08-19,settled,0.00,USD
binance:6582463669,2026-08-20,2026-08-19,settled,113.32,USD
coinbase:1073150226,2026-08-20,2026-08-19,settled,0.00,USD
coinbase:1073150231,2026-08-20,2026-08-19,settled,639.96,USD
coinbase:1073150230,2026-08-20,2026-08-19,settled,3736.71,USD
coinbase:1073150229,2026-08-20,2026-08-19,settled,2.67,USD
coinbase:1073150228,2026-08-20,2026-08-19,settled,3.14,USD
coinbase:1073150227,2026-08-20,2026-08-19,settled,5779.90,USD
coinbase:1073150232,2026-08-20,2026-08-19,settled,1277.41,USD
coinbase:1073150233,2026-08-20,2026-08-19,settled,151.12,USD
coinbase:1073150234,2026-08-20,2026-08-19,settled,1488.60,USD
coinbase:1073150235,2026-08-20,2026-08-19,settled,0.00,USD
kraken:105348745,2026-08-20,2026-08-19,settled,3198.61,USD
binance:6582463670,2026-08-20,2026-08-19,settled,2176.50,USD
binance:6582463671,2026-08-20,2026-08-19,settled,1671.70,USD
coinbase:1073150236,2026-08-20,2026-08-19,settled,0.00,USD
coinbase:1073150237,2026-08-20,2026-08-19,settled,0.00,USD
kraken:105348746,2026-08-20,2026-08-19,settled,11.76,USD
coinbase:1073150238,2026-08-20,2026-08-19,settled,63.64,USD
coinbase:1073150239,2026-08-20,2026-08-19,settled,0.00,USD
binance:6582463672,2026-08-20,2026-08-19,settled,13.05,USD
binance:6582463673,2026-08-20,2026-08-19,settled,149.72,USD
coinbase:1073150240,2026-08-20,2026-08-19,settled,0.00,USD
coinbase:1073150241,2026-08-20,2026-08-19,settled,343.25,USD
binance:6582463681,2026-08-20,2026-08-19,settled,218.41,USD
coinbase:1073150242,2026-08-24,2026-08-21,settled,0.01,USD
coinbase:1073150243,2026-08-20,2026-08-19,settled,0.01,USD
coinbase:1073150244,2026-08-20,2026-08-19,settled,0.00,USD
binance:6582463682,2026-08-20,2026-08-19,settled,72.80,USD
coinbase:1073150245,2026-08-20,2026-08-19,settled,0.00,USD
coinbase:1073150246,2026-08-20,2026-08-19,settled,0.00,USD
binance:6582463683,2026-08-20,2026-08-19,settled,115.38,USD
binance:6582463684,2026-08-20,2026-08-19,settled,10000.64,USD
binance:6582463698,2026-08-20,2026-08-19,settled,26758.11,USD
coinbase:1073150247,2026-08-20,2026-08-19,settled,27.50,USD
binance:6582463708,2026-08-20,2026-08-19,settled,6.87,USD
binance:6582463709,2026-08-20,2026-08-19,settled,3124.98,USD
binance:6582463710,2026-08-20,2026-08-19,settled,8212.87,USD
binance:6582463747,2026-08-20,2026-08-19,settled,38.46,USD
binance:6582463754,2026-08-20,2026-08-19,settled,12.36,USD
binance:6582463756,2026-08-20,2026-08-19,settled,39.15,USD
binance:6582463763,2026-08-20,2026-08-19,settled,10.99,USD
binance:6582463765,2026-08-20,2026-08-19,settled,16.48,USD
binance:6582463768,2026-08-20,2026-08-19,settled,495.18,USD
binance:6582463769,2026-08-20,2026-08-19,settled,3846.06,USD
binance:6582463786,2026-08-20,2026-08-19,settled,10.99,USD
binance:6582463788,2026-08-20,2026-08-19,settled,5.49,USD
binance:6582463789,2026-08-20,2026-08-19,settled,5.49,USD
binance:6582463790,2026-08-20,2026-08-19,settled,21.98,USD
binance:6582463794,2026-08-20,2026-08-19,settled,5.49,USD
binance:6582463795,2026-08-20,2026-08-19,settled,399.70,USD
binance:6582463796,2026-08-20,2026-08-19,settled,5.49,USD
binance:6582463797,2026-08-20,2026-08-19,settled,16.48,USD
binance:6582463800,2026-08-20,2026-08-19,settled,3986.71,USD
binance:6582463801,2026-08-20,2026-08-19,settled,5.49,USD
binance:6582463802,2026-08-20,2026-08-19,settled,16.48,USD
binance:6582463805,2026-08-20,2026-08-19,settled,71.42,USD
binance:6582463818,2026-08-20,2026-08-19,settled,16.48,USD
binance:6582463821,2026-08-20,2026-08-19,settled,1373.52,USD
binance:6582463822,2026-08-20,2026-08-19,settled,5.49,USD
binance:6582463823,2026-08-20,2026-08-19,settled,6.18,USD
binance:6582463825,2026-08-20,2026-08-19,settled,10.99,USD
binance:6582463827,2026-08-20,2026-08-19,settled,5.49,USD
binance:6582463828,2026-08-20,2026-08-19,settled,5.49,USD
binance:6582463829,2026-08-20,2026-08-19,settled,5.49,USD
binance:6582463830,2026-08-20,2026-08-22,settled,6.18,USD
binance:6582463831,2026-08-20,2026-08-19,settled,16.48,USD
coinbase:1073150250,2026-08-20,2026-08-19,settled,2995.63,USD
coinbase:1073150249,2026-08-20,2026-08-19,settled,3.15,USD
coinbase:1073150248,2026-08-20,2026-08-19,settled,2613.21,USD
coinbase:1073150255,2026-08-20,2026-08-19,settled,15442.37,USD
coinbase:1073150254,2026-08-20,2026-08-19,settled,1.17,USD
coinbase:1073150253,2026-08-20,2026-08-19,settled,1000.00,USD
coinbase:1073150252,2026-08-20,2026-08-19,settled,1000.00,USD
coinbase:1073150251,2026-08-20,2026-08-19,settled,75.00,USD
coinbase:1073150256,2026-08-20,2026-08-19,settled,1.17,USD
coinbase:1073150257,2026-08-20,2026-08-19,settled,0.01,USD
binance:6582463834,2026-08-20,2026-08-19,settled,1468.21,USD
binance:6582463851,2026-08-20,2026-08-19,settled,10.99,USD
binance:6582463853,2026-08-20,2026-08-19,settled,10.99,USD
binance:6582463855,2026-08-20,2026-08-19,settled,7.55,USD
binance:6582463856,2026-08-20,2026-08-19,settled,59.74,USD
binance:6582463857,2026-08-20,2026-08-19,settled,16.48,USD
coinbase:1073150259,2026-08-20,2026-08-19,settled,4351.82,USD
coinbase:1073150258,2026-08-20,2026-08-19,settled,1.16,USD
coinbase:1073150260,2026-08-20,2026-08-19,settled,149.83,USD
binance:6582463860,2026-08-20,2026-08-19,settled,2978.91,USD
binance:6582463878,2026-08-20,2026-08-19,settled,32.96,USD
binance:6582463884,2026-08-20,2026-08-19,settled,5.49,USD
binance:6582463885,2026-08-20,2026-08-19,settled,78.97,USD
binance:6582463899,2026-08-20,2026-08-19,settled,49.44,USD
binance:6582463908,2026-08-20,2026-08-19,settled,16.48,USD
binance:6582463911,2026-08-20,2026-08-19,settled,12.36,USD
binance:6582463912,2026-08-20,2026-08-19,settled,10.99,USD
binance:6582463914,2026-08-20,2026-08-19,settled,14.42,USD
binance:6582463915,2026-08-20,2026-08-19,settled,16.48,USD
binance:6582463918,2026-08-24,2026-08-21,settled,1373.34,USD
binance:6582463919,2026-08-20,2026-08-19,settled,2999.37,USD
binance:6582463920,2026-08-20,2026-08-19,settled,5.49,USD
binance:6582463921,2026-08-20,2026-08-19,settled,10.99,USD
binance:6582463923,2026-08-20,2026-08-19,settled,6.18,USD
binance:6582463924,2026-08-20,2026-08-19,settled,6.18,USD
binance:6582463925,2026-08-20,2026-08-19,settled,5.49,USD
binance:6582463929,2026-08-20,2026-08-19,settled,6.18,USD
binance:6582463931,2026-08-20,2026-08-19,settled,19.91,USD
binance:6582463932,2026-08-20,2026-08-19,settled,20.60,USD
coinbase:1073150262,2026-08-20,2026-08-19,settled,4351.62,USD
coinbase:1073150261,2026-08-24,2026-08-21,settled,1.17,USD
kraken:105348747,2026-08-20,2026-08-19,settled,5072.39,USD
kraken:105348748,2026-08-24,2026-08-21,settled,50.00,USD
kraken:105348749,2026-08-20,2026-08-19,settled,68.64,USD
kraken:105348750,2026-08-20,2026-08-19,settled,3.50,USD
binance:6582463933,2026-08-20,2026-08-19,settled,54.93,USD
binance:6582463934,2026-08-20,2026-08-19,settled,20.60,USD
kraken:105348751,2026-08-20,2026-08-19,settled,174.74,USD
binance:6582463935,2026-08-24,2026-08-21,settled,20.60,USD
coinbase:1073150263,2026-08-20,2026-08-19,settled,0.01,USD
binance:6582463937,2026-08-20,2026-08-19,settled,20.60,USD
coinbase:1073150264,2026-08-20,2026-08-19,settled,0.00,USD
binance:6582463938,2026-08-20,2026-08-19,settled,20.60,USD
binance:6582463939,2026-08-20,2026-08-19,settled,263.67,USD
binance:6582463940,2026-08-20,2026-08-19,settled,20.60,USD
coinbase:1073150265,2026-08-20,2026-08-19,settled,0.00,USD
binance:6582463941,2026-08-20,2026-08-19,settled,9.61,USD
binance:6582463943,2026-08-20,2026-08-19,settled,20.60,USD
coinbase:1073150269,2026-08-20,2026-08-19,settled,1.70,USD
coinbase:1073150268,2026-08-20,2026-08-19,settled,1.40,USD
coinbase:1073150267,2026-08-20,2026-08-19,settled,1.15,USD
binance:6582463944,2026-08-20,2026-08-19,settled,7.55,USD
binance:6582463945,2026-08-20,2026-08-19,settled,20.60,USD
binance:6582463946,2026-08-20,2026-08-19,settled,19.91,USD
coinbase:1073150270,2026-08-20,2026-08-19,settled,0.00,USD
coinbase:1073150271,2026-08-20,2026-08-19,settled,84.82,USD
binance:6582463947,2026-08-20,2026-08-19,settled,29.53,USD
binance:6582463948,2026-08-20,2026-08-19,settled,6.87,USD
coinbase:1073150272,2026-08-20,2026-08-19,settled,0.00,USD
coinbase:1073150276,2026-08-20,2026-08-19,settled,5225.70,USD
coinbase:1073150275,2026-08-20,2026-08-19,settled,1.92,USD
coinbase:1073150274,2026-08-20,2026-08-19,settled,3486.62,USD
coinbase:1073150273,2026-08-20,2026-08-19,settled,2148.37,USD
coinbase:1073150277,2026-08-20,2026-08-19,settled,27.49,USD
coinbase:1073150278,2026-08-20,2026-08-19,settled,169.87,USD
coinbase:1073150279,2026-08-20,2026-08-19,settled,16.42,USD
coinbase:1073150280,2026-08-20,2026-08-19,settled,1396.49,USD
binance:6582463950,2026-08-20,2026-08-19,settled,563.74,USD
binance:6582463953,2026-08-20,2026-08-19,settled,20.60,USD
coinbase:1073150281,2026-08-20,2026-08-19,settled,0.00,USD
coinbase:1073150282,2026-08-20,2026-08-19,settled,401.89,USD
coinbase:1073150283,2026-08-20,2026-08-19,settled,0.00,USD
coinbase:1073150284,2026-08-20,2026-08-21,settled,0.00,USD
coinbase:1073150285,2026-08-20,2026-08-19,settled,0.00,USD
coinbase:1073150286,2026-08-20,2026-08-19,settled,0.01,USD
coinbase:1073150287,2026-08-20,2026-08-19,settled,0.00,USD
binance:6582463954,2026-08-20,2026-08-19,settled,64.55,USD
binance:6582463955,2026-08-20,2026-08-19,settled,2000.91,USD
binance:6582463956,2026-08-20,2026-08-19,settled,20.60,USD
coinbase:1073150288,2026-08-20,2026-08-19,settled,0.00,USD
coinbase:1073150290,2026-08-20,2026-08-19,settled,970.03,USD
coinbase:1073150289,2026-08-20,2026-08-19,settled,15.88,USD
coinbase:1073150291,2026-08-20,2026-08-19,settled,0.00,USD
binance:6582463957,2026-08-20,2026-08-19,settled,1373.31,USD
binance:6582463958,2026-08-20,2026-08-19,settled,20.60,USD
binance:6582463959,2026-08-20,2026-08-19,settled,1098.65,USD
binance:6582463960,2026-08-20,2026-08-19,settled,1373.31,USD
binance:6582463961,2026-08-20,2026-08-19,settled,1647.97,USD
binance:6582463963,2026-08-20,2026-08-19,settled,5493.23,USD
binance:6582463964,2026-08-20,2026-08-19,settled,2263.90,USD
binance:6582463983,2026-08-20,2026-08-19,settled,5.49,USD
binance:6582463984,2026-08-20,2026-08-19,settled,82.40,USD
binance:6582463985,2026-08-20,2026-08-19,settled,6.87,USD
binance:6582463987,2026-08-20,2026-08-19,settled,31.59,USD
binance:6582463988,2026-08-20,2026-08-19,settled,23.35,USD
coinbase:1073150293,2026-08-20,2026-08-19,settled,9934.00,USD
coinbase:1073150292,2026-08-20,2026-08-19,settled,162.10,USD
coinbase:1073150295,2026-08-20,2026-08-19,settled,415.27,USD
coinbase:1073150294,2026-08-20,2026-08-19,settled,3.41,USD
coinbase:1073150296,2026-08-20,2026-08-19,settled,4.75,USD
binance:6582463992,2026-08-20,2026-08-19,settled,10986.60,USD
coinbase:1073150297,2026-08-20,2026-08-19,settled,0.00,USD
binance:6582463993,2026-08-20,2026-08-19,settled,206.00,USD
binance:6582463994,2026-08-20,2026-08-19,settled,29.53,USD
binance:6582463999,2026-08-20,2026-08-19,settled,5.49,USD
binance:6582464000,2026-08-20,2026-08-19,settled,5.49,USD
binance:6582464001,2026-08-20,2026-08-19,settled,5.49,USD
binance:6582464002,2026-08-20,2026-08-19,settled,16.48,USD
binance:6582464005,2026-08-20,2026-08-19,settled,1805.25,USD
binance:6582464007,2026-08-20,2026-08-19,settled,199.82,USD
binance:6582464008,2026-08-20,2026-08-19,settled,5.49,USD
binance:6582464009,2026-08-20,2026-08-19,settled,16.48,USD
binance:6582464012,2026-08-20,2026-08-19,settled,1373.37,USD
binance:6582464014,2026-08-20,2026-08-19,settled,29.53,USD
binance:6582464019,2026-08-20,2026-08-19,settled,5.49,USD
binance:6582464020,2026-08-20,2026-08-19,settled,5.49,USD
binance:6582464021,2026-08-20,2026-08-19,settled,10.99,USD
binance:6582464022,2026-08-20,2026-08-19,settled,10.30,USD
binance:6582464023,2026-08-20,2026-08-19,settled,16.48,USD
binance:6582464026,2026-08-20,2026-08-19,settled,4048.15,USD
binance:6582464027,2026-08-20,2026-08-19,settled,5.49,USD
binance:6582464028,2026-08-20,2026-08-19,settled,1236.09,USD
binance:6582464031,2026-08-20,2026-08-19,settled,199.83,USD
coinbase:1073150298,2026-08-20,2026-08-19,settled,0.00,USD
coinbase:1073150299,2026-08-20,2026-08-19,settled,686.41,USD
binance:6582464032,2026-08-20,2026-08-19,settled,1604.86,USD
coinbase:1073150300,2026-08-20,2026-08-19,settled,1243.84,USD
binance:6582464033,2026-08-20,2026-08-19,settled,70.05,USD
binance:6582464034,2026-08-20,2026-08-19,settled,20.60,USD
coinbase:1073150301,2026-08-20,2026-08-19,settled,0.00,USD
binance:6582464035,2026-08-20,2026-08-19,settled,1999.72,USD
coinbase:1073150302,2026-08-20,2026-08-19,settled,0.01,USD
coinbase:1073150303,2026-08-20,2026-08-19,settled,0.01,USD
coinbase:1073150304,2026-08-20,2026-08-19,settled,0.00,USD
binance:6582464036,2026-08-20,2026-08-19,settled,9.61,USD
coinbase:1073150305,2026-08-20,2026-08-19,settled,0.00,USD
coinbase:1073150306,2026-08-20,2026-08-19,settled,0.47,USD
coinbase:1073150307,2026-08-20,2026-08-20,settled,28.49,USD
binance:6582464037,2026-08-20,2026-08-19,settled,7.55,USD
coinbase:1073150308,2026-08-20,2026-08-19,settled,0.00,USD
binance:6582464038,2026-08-20,2026-08-19,settled,96.83,USD
coinbase:1073150310,2026-08-20,2026-08-19,settled,0.00,USD
coinbase:1073150311,2026-08-20,2026-08-19,settled,1.16,USD
kraken:105348752,2026-08-20,2026-08-19,settled,112.52,USD
binance:6582464039,2026-08-20,2026-08-19,settled,534.95,USD
coinbase:1073150313,2026-08-20,2026-08-19,settled,0.00,USD
kraken:105348753,2026-08-20,2026-08-19,settled,1000.00,USD
binance:6582464040,2026-08-20,2026-08-19,settled,29.53,USD
coinbase:1073150314,2026-08-20,2026-08-19,settled,0.01,USD
coinbase:1073150315,2026-08-20,2026-08-19,settled,0.00,USD
coinbase:1073150317,2026-08-20,2026-08-19,settled,0.00,USD
binance:6582464041,2026-08-20,2026-08-19,settled,15.11,USD
binance:6582464042,2026-08-20,2026-08-19,settled,239.66,USD
coinbase:1073150319,2026-08-20,2026-08-19,settled,9942.95,USD
coinbase:1073150318,2026-08-20,2026-08-19,settled,14.32,USD
binance:6582464043,2026-08-20,2026-08-19,settled,79.66,USD
coinbase:1073150321,2026-08-20,2026-08-19,settled,10.46,USD
coinbase:1073150320,2026-08-20,2026-08-19,settled,1.17,USD
coinbase:1073150322,2026-08-20,2026-08-19,settled,0.00,USD
binance:6582464044,2026-08-20,2026-08-19,settled,135.97,USD
binance:6582464045,2026-08-20,2026-08-19,settled,1798.51,USD
coinbase:1073150323,2026-08-20,2026-08-19,settled,7574.05,USD
coinbase:1073150324,2026-08-20,2026-08-19,settled,0.00,USD
coinbase:1073150325,2026-08-20,2026-08-19,settled,0.00,USD
binance:6582464046,2026-08-20,2026-08-19,settled,121.55,USD
binance:6582464047,2026-08-20,2026-08-19,settled,68.67,USD
coinbase:1073150326,2026-08-20,2026-08-19,settled,0.04,USD
coinbase:1073150327,2026-08-20,2026-08-19,settled,44.83,USD
coinbase:1073150328,2026-08-20,2026-08-19,settled,0.00,USD
coinbase:1073150329,2026-08-20,2026-08-19,settled,0.00,USD
coinbase:1073150330,2026-08-20,2026-08-19,settled,0.02,USD
coinbase:1073150331,2026-08-20,2026-08-19,settled,0.00,USD
binance:6582464048,2026-08-20,2026-08-19,settled,68.67,USD
coinbase:1073150332,2026-08-21,2026-08-20,settled,2032.45,USD
coinbase:1073150333,2026-08-20,2026-08-19,settled,0.00,USD
binance:6582464049,2026-08-20,2026-08-19,settled,96.14,USD
binance:6582464050,2026-08-20,2026-08-19,settled,68.67,USD
binance:6582464051,2026-08-21,2026-08-20,settled,68.67,USD
coinbase:1073150335,2026-08-20,2026-08-19,settled,0.00,USD
coinbase:1073150336,2026-08-20,2026-08-19,settled,0.00,USD
coinbase:1073150337,2026-08-20,2026-08-19,settled,0.00,USD
binance:6582464052,2026-08-20,2026-08-19,settled,6.18,USD
coinbase:1073150338,2026-08-20,2026-08-22,settled,0.00,USD
coinbase:1073150339,2026-08-20,2026-08-19,settled,0.00,USD
coinbase:1073150340,2026-08-20,2026-08-19,settled,0.00,USD
coinbase:1073150341,2026-08-20,2026-08-19,settled,0.00,USD
binance:6582464053,2026-08-20,2026-08-19,settled,22.66,USD
coinbase:1073150342,2026-08-20,2026-08-19,settled,0.00,USD
binance:6582464054,2026-08-20,2026-08-19,settled,99.57,USD
binance:6582464055,2026-08-20,2026-08-19,settled,20.60,USD
coinbase:1073150343,2026-08-20,2026-08-19,settled,0.00,USD
coinbase:1073150344,2026-08-20,2026-08-19,settled,0.03,USD
coinbase:1073150345,2026-08-20,2026-08-19,settled,40.50,USD
binance:6582464056,2026-08-20,2026-08-19,settled,5.49,USD
coinbase:1073150347,2026-08-20,2026-08-19,settled,113.81,USD
coinbase:1073150348,2026-08-20,2026-08-19,settled,0.02,USD
coinbase:1073150349,2026-08-20,2026-08-19,settled,0.00,USD
binance:6582464057,2026-08-20,2026-08-19,settled,3488.52,USD
binance:6582464058,2026-08-20,2026-08-19,settled,7981.02,USD
binance:6582464079,2026-08-20,2026-08-19,settled,32.96,USD
binance:6582464085,2026-08-20,2026-08-19,settled,6.18,USD
binance:6582464086,2026-08-20,2026-08-19,settled,21.98,USD
binance:6582464090,2026-08-20,2026-08-19,settled,1805.43,USD
binance:6582464092,2026-08-20,2026-08-19,settled,7.55,USD
binance:6582464093,2026-08-20,2026-08-19,settled,16.48,USD
binance:6582464096,2026-08-20,2026-08-19,settled,889.33,USD
binance:6582464097,2026-08-20,2026-08-19,settled,1373.48,USD
binance:6582464098,2026-08-20,2026-08-19,settled,1756.00,USD
binance:6582464100,2026-08-20,2026-08-19,settled,199.84,USD
binance:6582464101,2026-08-20,2026-08-19,settled,12.36,USD
binance:6582464102,2026-08-20,2026-08-19,settled,5.49,USD
binance:6582464103,2026-08-20,2026-08-19,settled,16.48,USD
binance:6582464106,2026-08-20,2026-08-19,settled,3005.25,USD
binance:6582464108,2026-08-20,2026-08-19,settled,10.99,USD
binance:6582464109,2026-08-20,2026-08-19,settled,5.49,USD
binance:6582464110,2026-08-20,2026-08-19,settled,16.48,USD
binance:6582464113,2026-08-20,2026-08-19,settled,5.49,USD
binance:6582464114,2026-08-20,2026-08-19,settled,11.67,USD
binance:6582464116,2026-08-20,2026-08-19,settled,5.49,USD
binance:6582464117,2026-08-20,2026-08-19,settled,5.49,USD
binance:6582464118,2026-08-20,2026-08-19,settled,5.49,USD
binance:6582464119,2026-08-24,2026-08-22,settled,5.49,USD
binance:6582464120,2026-08-20,2026-08-19,settled,5.49,USD
binance:6582464121,2026-08-20,2026-08-19,settled,5.49,USD
binance:6582464122,2026-08-20,2026-08-19,settled,17.17,USD
binance:6582464123,2026-08-20,2026-08-19,settled,398.34,USD
binance:6582464124,2026-08-20,2026-08-19,settled,92.72,USD
binance:6582464126,2026-08-20,2026-08-19,settled,6.18,USD
binance:6582464127,2026-08-20,2026-08-19,settled,253.42,USD
binance:6582464128,2026-08-20,2026-08-19,settled,14.42,USD
binance:6582464130,2026-08-20,2026-08-19,settled,305.62,USD
binance:6582464131,2026-08-20,2026-08-19,settled,488.31,USD
binance:6582464132,2026-08-20,2026-08-19,settled,1236.22,USD
binance:6582464133,2026-08-20,2026-08-19,settled,755.47,USD
binance:6582464134,2026-08-20,2026-08-19,settled,298.07,USD
binance:6582464135,2026-08-20,2026-08-19,settled,618.11,USD
binance:6582464136,2026-08-20,2026-08-19,settled,89.97,USD
binance:6582464152,2026-08-20,2026-08-19,settled,38.46,USD
binance:6582464159,2026-08-20,2026-08-19,settled,199.86,USD
binance:6582464160,2026-08-20,2026-08-19,settled,16.48,USD
binance:6582464163,2026-08-20,2026-08-19,settled,1799.39,USD
binance:6582464164,2026-08-20,2026-08-19,settled,16.48,USD
binance:6582464168,2026-08-20,2026-08-19,settled,206.04,USD
coinbase:1073150350,2026-08-20,2026-08-19,settled,673.46,USD
coinbase:1073150354,2026-08-20,2026-08-19,settled,3000.17,USD
coinbase:1073150353,2026-08-20,2026-08-19,settled,544.66,USD
coinbase:1073150352,2026-08-20,2026-08-19,settled,7.95,USD
coinbase:1073150351,2026-08-20,2026-08-19,settled,1345.41,USD
coinbase:1073150355,2026-08-24,2026-08-21,settled,27.46,USD
coinbase:1073150356,2026-08-20,2026-08-19,settled,1.17,USD
coinbase:1073150357,2026-08-20,2026-08-19,settled,0.00,USD
binance:6582464169,2026-08-20,2026-08-19,settled,6.87,USD
binance:6582464171,2026-08-20,2026-08-19,settled,55.63,USD
binance:6582464181,2026-08-20,2026-08-19,settled,27.47,USD
binance:6582464187,2026-08-20,2026-08-19,settled,98.90,USD
binance:6582464191,2026-08-20,2026-08-19,settled,110.58,USD
binance:6582464204,2026-08-20,2026-08-19,settled,3813.86,USD
binance:6582464206,2026-08-20,2026-08-19,settled,38.46,USD
binance:6582464213,2026-08-20,2026-08-19,settled,205.36,USD
binance:6582464215,2026-08-20,2026-08-19,settled,5.49,USD
binance:6582464216,2026-08-20,2026-08-19,settled,12.36,USD
binance:6582464217,2026-08-20,2026-08-19,settled,11.68,USD
binance:6582464219,2026-08-20,2026-08-19,settled,6.18,USD
binance:6582464220,2026-08-20,2026-08-19,settled,311.14,USD
coinbase:1073150358,2026-08-20,2026-08-19,settled,1.96,USD
coinbase:1073150363,2026-08-20,2026-08-19,settled,4966.55,USD
coinbase:1073150362,2026-08-20,2026-08-19,settled,1.17,USD
coinbase:1073150361,2026-08-20,2026-08-19,settled,1.17,USD
coinbase:1073150360,2026-08-20,2026-08-19,settled,268.68,USD
coinbase:1073150359,2026-08-20,2026-08-19,settled,2640.02,USD
coinbase:1073150364,2026-08-20,2026-08-19,settled,2819.81,USD
coinbase:1073150365,2026-08-20,2026-08-21,settled,0.00,USD
binance:6582464224,2026-08-20,2026-08-19,settled,1236.30,USD
binance:6582464225,2026-08-20,2026-08-19,settled,755.52,USD
binance:6582464226,2026-08-20,2026-08-19,settled,206.05,USD
coinbase:1073150366,2026-08-20,2026-08-19,settled,0.00,USD
binance:6582464227,2026-08-20,2026-08-19,settled,901.81,USD
binance:6582464229,2026-08-20,2026-08-19,settled,9077.89,USD
binance:6582464230,2026-08-20,2026-08-19,settled,979.43,USD
binance:6582464231,2026-08-20,2026-08-19,settled,17253.27,USD
binance:6582464246,2026-08-20,2026-08-19,settled,21.98,USD
binance:6582464250,2026-08-20,2026-08-19,settled,17.86,USD
binance:6582464253,2026-08-20,2026-08-19,settled,16.48,USD
binance:6582464256,2026-08-20,2026-08-19,settled,5.49,USD
binance:6582464257,2026-08-20,2026-08-19,settled,11.68,USD
binance:6582464259,2026-08-24,2026-08-22,settled,16.48,USD
binance:6582464262,2026-08-20,2026-08-19,settled,5.49,USD
binance:6582464263,2026-08-20,2026-08-19,settled,5.49,USD
binance:6582464264,2026-08-20,2026-08-19,settled,37.78,USD
binance:6582464269,2026-08-20,2026-08-19,settled,5.49,USD
binance:6582464270,2026-08-20,2026-08-19,settled,5.50,USD
binance:6582464271,2026-08-20,2026-08-19,settled,7.56,USD
binance:6582464272,2026-08-24,2026-08-21,settled,5.50,USD
binance:6582464273,2026-08-20,2026-08-19,settled,21.98,USD
binance:6582464277,2026-08-20,2026-08-19,settled,21.98,USD
binance:6582464281,2026-08-24,2026-08-22,settled,316.65,USD
binance:6582464285,2026-08-20,2026-08-19,settled,5.50,USD
binance:6582464286,2026-08-20,2026-08-19,settled,18.55,USD
binance:6582464289,2026-08-20,2026-08-19,settled,10.99,USD
binance:6582464290,2026-08-20,2026-08-19,settled,34.34,USD
binance:6582464296,2026-08-20,2026-08-19,settled,16.49,USD
binance:6582464299,2026-08-20,2026-08-19,settled,19.23,USD
binance:6582464303,2026-08-20,2026-08-19,settled,5.50,USD
binance:6582464304,2026-08-20,2026-08-19,settled,6.18,USD
binance:6582464305,2026-08-20,2026-08-19,settled,16.49,USD
binance:6582464308,2026-08-20,2026-08-19,settled,5.50,USD
binance:6582464309,2026-08-20,2026-08-19,settled,5.50,USD
binance:6582464310,2026-08-20,2026-08-19,settled,50.14,USD
binance:6582464319,2026-08-20,2026-08-19,settled,997.39,USD
binance:6582464322,2026-08-20,2026-08-19,settled,311.17,USD
binance:6582464323,2026-08-20,2026-08-19,settled,206.07,USD
binance:6582464324,2026-08-24,2026-08-22,settled,2785.40,USD
binance:6582464325,2026-08-20,2026-08-19,settled,1373.81,USD
binance:6582464340,2026-08-20,2026-08-19,settled,27.48,USD
binance:6582464345,2026-08-20,2026-08-19,settled,11.68,USD
binance:6582464347,2026-08-20,2026-08-19,settled,16.49,USD
binance:6582464350,2026-08-20,2026-08-22,settled,1216.54,USD
binance:6582464352,2026-08-20,2026-08-19,settled,16.49,USD
binance:6582464355,2026-08-20,2026-08-19,settled,3956.72,USD
binance:6582464357,2026-08-20,2026-08-19,settled,5.50,USD
binance:6582464358,2026-08-24,2026-08-22,settled,5.50,USD
binance:6582464359,2026-08-20,2026-08-19,settled,7.56,USD
kraken:105348755,2026-08-20,2026-08-19,settled,50.00,USD
kraken:105348756,2026-08-20,2026-08-19,settled,20.00,USD
kraken:105348757,2026-08-20,2026-08-19,settled,68.64,USD
kraken:105348758,2026-08-20,2026-08-19,settled,68.64,USD
kraken:105348759,2026-08-20,2026-08-19,settled,6.86,USD
binance:6582464360,2026-08-20,2026-08-19,settled,7.56,USD
coinbase:1073150368,2026-08-20,2026-08-19,settled,0.00,USD
binance:6582464362,2026-08-24,2026-08-21,settled,255.55,USD
coinbase:1073150372,2026-08-20,2026-08-19,settled,133.83,USD
coinbase:1073150371,2026-08-20,2026-08-19,settled,1.17,USD
coinbase:1073150370,2026-08-20,2026-08-19,settled,1.17,USD
coinbase:1073150369,2026-08-20,2026-08-19,settled,1.17,USD
kraken:105348761,2026-08-20,2026-08-19,settled,6.00,USD
binance:6582464363,2026-08-20,2026-08-19,settled,8.24,USD
binance:6582464364,2026-08-20,2026-08-19,settled,686.95,USD
binance:6582464365,2026-08-20,2026-08-19,settled,1373.91,USD
binance:6582464366,2026-08-20,2026-08-19,settled,755.65,USD
binance:6582464367,2026-08-20,2026-08-19,settled,6.87,USD
binance:6582464368,2026-08-20,2026-08-19,settled,206.09,USD
coinbase:1073150373,2026-08-20,2026-08-19,settled,0.01,USD
coinbase:1073150379,2026-08-24,2026-08-21,settled,965.54,USD
coinbase:1073150378,2026-08-20,2026-08-19,settled,1.17,USD
coinbase:1073150377,2026-08-20,2026-08-19,settled,66.66,USD
coinbase:1073150376,2026-08-20,2026-08-19,settled,1.17,USD
coinbase:1073150375,2026-08-20,2026-08-19,settled,7.95,USD
coinbase:1073150374,2026-08-20,2026-08-19,settled,1.17,USD
coinbase:1073150380,2026-08-20,2026-08-19,settled,0.01,USD
coinbase:1073150381,2026-08-20,2026-08-19,settled,48.20,USD
binance:6582464369,2026-08-20,2026-08-19,settled,13.05,USD
binance:6582464370,2026-08-20,2026-08-19,settled,313.25,USD
binance:6582464371,2026-08-20,2026-08-21,settled,594.22,USD
coinbase:1073150382,2026-08-20,2026-08-19,settled,0.00,USD
coinbase:1073150383,2026-08-20,2026-08-19,settled,0.60,USD
coinbase:1073150384,2026-08-20,2026-08-19,settled,6.35,USD
coinbase:1073150385,2026-08-20,2026-08-21,settled,0.01,USD
coinbase:1073150386,2026-08-20,2026-08-19,settled,0.00,USD
binance:6582464372,2026-08-20,2026-08-19,settled,19.92,USD
binance:6582464373,2026-08-20,2026-08-22,settled,279.59,USD
binance:6582464374,2026-08-20,2026-08-19,settled,837.40,USD
coinbase:1073150387,2026-08-20,2026-08-19,settled,194.44,USD
coinbase:1073150388,2026-08-20,2026-08-19,settled,0.00,USD
coinbase:1073150389,2026-08-20,2026-08-19,settled,0.00,USD
coinbase:1073150390,2026-08-20,2026-08-19,settled,166.07,USD
coinbase:1073150391,2026-08-20,2026-08-19,settled,0.00,USD
binance:6582464375,2026-08-20,2026-08-19,settled,6869.54,USD
coinbase:1073150392,2026-08-20,2026-08-19,settled,0.00,USD
coinbase:1073150393,2026-08-20,2026-08-19,settled,0.00,USD
coinbase:1073150394,2026-08-20,2026-08-19,settled,0.00,USD
coinbase:1073150395,2026-08-20,2026-08-19,settled,0.00,USD
binance:6582464376,2026-08-20,2026-08-19,settled,39.84,USD
coinbase:1073150396,2026-08-20,2026-08-19,settled,0.00,USD
coinbase:1073150397,2026-08-20,2026-08-19,settled,0.00,USD
coinbase:1073150398,2026-08-20,2026-08-19,settled,0.00,USD
binance:6582464377,2026-08-20,2026-08-19,settled,1328.57,USD
binance:6582464378,2026-08-20,2026-08-19,settled,103.73,USD
coinbase:1073150399,2026-08-20,2026-08-19,settled,0.00,USD
binance:6582464379,2026-08-20,2026-08-22,settled,68.70,USD
coinbase:1073150400,2026-08-20,2026-08-19,settled,0.01,USD
coinbase:1073150401,2026-08-20,2026-08-19,settled,0.00,USD
coinbase:1073150402,2026-08-20,2026-08-19,settled,0.00,USD
coinbase:1073150403,2026-08-20,2026-08-19,settled,0.00,USD
binance:6582464380,2026-08-20,2026-08-19,settled,2000.41,USD
binance:6582464381,2026-08-24,2026-08-21,settled,49.46,USD
binance:6582464382,2026-08-20,2026-08-19,settled,14371.76,USD
coinbase:1073150404,2026-08-20,2026-08-19,settled,0.00,USD
coinbase:1073150405,2026-08-20,2026-08-19,settled,0.01,USD
binance:6582464392,2026-08-20,2026-08-19,settled,19.23,USD
coinbase:1073150406,2026-08-20,2026-08-19,settled,0.00,USD
binance:6582464393,2026-08-20,2026-08-19,settled,6.87,USD
coinbase:1073150413,2026-08-20,2026-08-19,settled,12033.06,USD
coinbase:1073150412,2026-08-20,2026-08-19,settled,75.00,USD
coinbase:1073150411,2026-08-20,2026-08-19,settled,16237.15,USD
coinbase:1073150410,2026-08-20,2026-08-19,settled,2288.58,USD
coinbase:1073150409,2026-08-20,2026-08-19,settled,474.79,USD
coinbase:1073150408,2026-08-20,2026-08-19,settled,10832.58,USD
coinbase:1073150407,2026-08-24,2026-08-21,settled,2060.07,USD
coinbase:1073150414,2026-08-20,2026-08-19,settled,419.99,USD
coinbase:1073150416,2026-08-20,2026-08-19,settled,524.97,USD
coinbase:1073150415,2026-08-20,2026-08-19,settled,200.47,USD
coinbase:1073150418,2026-08-20,2026-08-19,settled,0.00,USD
binance:6582464394,2026-08-20,2026-08-19,settled,64.57,USD
binance:6582464400,2026-08-20,2026-08-19,settled,39.84,USD
kraken:105348762,2026-08-20,2026-08-19,settled,50.00,USD
kraken:105348763,2026-08-20,2026-08-19,settled,20.00,USD
kraken:105348764,2026-08-20,2026-08-19,settled,68.64,USD
kraken:105348765,2026-08-20,2026-08-19,settled,6.86,USD
kraken:105348766,2026-08-20,2026-08-19,settled,3.50,USD
kraken:105348767,2026-08-20,2026-08-19,settled,3.50,USD
kraken:105348768,2026-08-20,2026-08-19,settled,6864.87,USD
kraken:105348769,2026-08-20,2026-08-19,settled,3488.05,USD
kraken:105348770,2026-08-20,2026-08-19,settled,3792.86,USD
kraken:105348771,2026-08-24,2026-08-21,settled,3.50,USD
kraken:105348772,2026-08-20,2026-08-19,settled,3.50,USD
kraken:105348773,2026-08-20,2026-08-19,settled,50000.03,USD
kraken:105348774,2026-08-20,2026-08-19,settled,99.97,USD
kraken:105348775,2026-08-20,2026-08-19,settled,152.96,USD
kraken:105348776,2026-08-20,2026-08-19,settled,34100.42,USD
binance:6582464401,2026-08-20,2026-08-19,settled,30.91,USD
coinbase:1073150419,2026-08-20,2026-08-19,settled,0.00,USD
binance:6582464402,2026-08-20,2026-08-19,settled,6.87,USD
binance:6582464403,2026-08-20,2026-08-19,settled,12770.47,USD
binance:6582464408,2026-08-20,2026-08-19,settled,14707.68,USD
binance:6582464414,2026-08-20,2026-08-19,settled,5210.55,USD
binance:6582464415,2026-08-20,2026-08-19,settled,15308.08,USD
binance:6582464423,2026-08-20,2026-08-19,settled,10891.65,USD
binance:6582464426,2026-08-20,2026-08-19,settled,11380.08,USD
binance:6582464432,2026-08-20,2026-08-19,settled,5.50,USD
binance:6582464433,2026-08-20,2026-08-19,settled,11.68,USD
binance:6582464435,2026-08-20,2026-08-19,settled,16.49,USD
binance:6582464438,2026-08-20,2026-08-19,settled,1805.33,USD
binance:6582464440,2026-08-20,2026-08-19,settled,6.18,USD
binance:6582464441,2026-08-20,2026-08-19,settled,5.50,USD
binance:6582464442,2026-08-20,2026-08-19,settled,12.37,USD
binance:6582464443,2026-08-20,2026-08-19,settled,199.91,USD
binance:6582464448,2026-08-20,2026-08-19,settled,397.76,USD
binance:6582464449,2026-08-20,2026-08-19,settled,2747.91,USD
binance:6582464450,2026-08-20,2026-08-19,settled,228.08,USD
binance:6582464451,2026-08-20,2026-08-19,settled,558.51,USD
binance:6582464456,2026-08-20,2026-08-19,settled,5.50,USD
binance:6582464457,2026-08-20,2026-08-19,settled,5.50,USD
binance:6582464458,2026-08-20,2026-08-19,settled,16.49,USD
binance:6582464461,2026-08-20,2026-08-19,settled,5.50,USD
binance:6582464462,2026-08-20,2026-08-19,settled,5.50,USD
binance:6582464463,2026-08-20,2026-08-19,settled,5.50,USD
binance:6582464464,2026-08-20,2026-08-19,settled,16.49,USD
binance:6582464467,2026-08-20,2026-08-19,settled,10.99,USD
binance:6582464470,2026-08-20,2026-08-19,settled,5.50,USD
binance:6582464471,2026-08-24,2026-08-21,settled,733.02,USD
binance:6582464472,2026-08-20,2026-08-19,settled,10993.93,USD
binance:6582464474,2026-08-20,2026-08-19,settled,199.91,USD
binance:6582464475,2026-08-20,2026-08-19,settled,5.50,USD
binance:6582464476,2026-08-20,2026-08-19,settled,5.50,USD
binance:6582464477,2026-08-20,2026-08-19,settled,5.50,USD
binance:6582464478,2026-08-20,2026-08-19,settled,1400.11,USD
binance:6582464479,2026-08-20,2026-08-19,settled,1511.40,USD
binance:6582464481,2026-08-20,2026-08-19,settled,257.62,USD
binance:6582464482,2026-08-20,2026-08-19,settled,733.03,USD
binance:6582464483,2026-08-20,2026-08-19,settled,686.31,USD
binance:6582464484,2026-08-20,2026-08-19,settled,1084.09,USD
binance:6582464485,2026-08-20,2026-08-19,settled,379.22,USD
binance:6582464486,2026-08-20,2026-08-19,settled,774.25,USD
binance:6582464487,2026-08-20,2026-08-19,settled,684.94,USD
binance:6582464488,2026-08-20,2026-08-19,settled,1500.41,USD
binance:6582464489,2026-08-20,2026-08-19,settled,270.68,USD
binance:6582464490,2026-08-20,2026-08-19,settled,1236.60,USD
binance:6582464492,2026-08-20,2026-08-19,settled,618.30,USD
binance:6582464493,2026-08-20,2026-08-19,settled,206.10,USD
binance:6582464494,2026-08-20,2026-08-19,settled,99.61,USD
coinbase:1073150420,2026-08-20,2026-08-19,settled,3000.82,USD
coinbase:1073150422,2026-08-20,2026-08-19,settled,1000.00,USD
coinbase:1073150421,2026-08-20,2026-08-19,settled,1000.00,USD
coinbase:1073150426,2026-08-20,2026-08-19,settled,1991.33,USD
coinbase:1073150425,2026-08-20,2026-08-19,settled,26.89,USD
coinbase:1073150424,2026-08-20,2026-08-19,settled,264.40,USD
coinbase:1073150423,2026-08-20,2026-08-19,settled,200.48,USD
coinbase:1073150429,2026-08-20,2026-08-19,settled,17726.30,USD
coinbase:1073150428,2026-08-20,2026-08-19,settled,2.42,USD
coinbase:1073150427,2026-08-20,2026-08-19,settled,1.17,USD
coinbase:1073150430,2026-08-20,2026-08-19,settled,1.17,USD
coinbase:1073150431,2026-08-20,2026-08-19,settled,1235.86,USD
coinbase:1073150432,2026-08-20,2026-08-19,settled,2.19,USD
coinbase:1073150433,2026-08-20,2026-08-19,settled,2.19,USD
coinbase:1073150434,2026-08-20,2026-08-19,settled,48.07,USD
coinbase:1073150435,2026-08-24,2026-08-21,settled,684.51,USD
coinbase:1073150438,2026-08-20,2026-08-19,settled,1792.28,USD
coinbase:1073150437,2026-08-20,2026-08-19,settled,1.17,USD
coinbase:1073150436,2026-08-20,2026-08-19,settled,1.17,USD
coinbase:1073150439,2026-08-20,2026-08-19,settled,48.59,USD
coinbase:1073150440,2026-08-20,2026-08-19,settled,0.00,USD
binance:6582464495,2026-08-24,2026-08-22,settled,2748.00,USD
binance:6582464496,2026-08-20,2026-08-19,settled,1236.60,USD
binance:6582464497,2026-08-24,2026-08-21,settled,755.70,USD
binance:6582464498,2026-08-20,2026-08-19,settled,618.30,USD
binance:6582464499,2026-08-20,2026-08-19,settled,206.10,USD
binance:6582464500,2026-08-20,2026-08-19,settled,2748.00,USD
coinbase:1073150441,2026-08-20,2026-08-19,settled,137.36,USD
coinbase:1073150442,2026-08-20,2026-08-19,settled,0.00,USD
binance:6582464509,2026-08-20,2026-08-19,settled,2748.00,USD
binance:6582464510,2026-08-20,2026-08-19,settled,618.30,USD
binance:6582464511,2026-08-20,2026-08-19,settled,755.70,USD
binance:6582464512,2026-08-20,2026-08-19,settled,1236.60,USD
binance:6582464513,2026-08-20,2026-08-19,settled,206.10,USD
coinbase:1073150443,2026-08-20,2026-08-19,settled,0.00,USD
coinbase:1073150444,2026-08-20,2026-08-19,settled,0.00,USD
coinbase:1073150445,2026-08-20,2026-08-19,settled,0.00,USD
coinbase:1073150446,2026-08-20,2026-08-19,settled,0.00,USD
coinbase:1073150452,2026-08-20,2026-08-19,settled,1.17,USD
coinbase:1073150451,2026-08-20,2026-08-19,settled,1991.79,USD
coinbase:1073150450,2026-08-20,2026-08-19,settled,1000.00,USD
coinbase:1073150449,2026-08-20,2026-08-19,settled,1000.00,USD
coinbase:1073150448,2026-08-20,2026-08-20,settled,8000.00,USD
coinbase:1073150447,2026-08-20,2026-08-21,settled,2864.23,USD
coinbase:1073150453,2026-08-20,2026-08-19,settled,0.00,USD
coinbase:1073150455,2026-08-20,2026-08-19,settled,75.00,USD
coinbase:1073150456,2026-08-20,2026-08-19,settled,15.32,USD
coinbase:1073150457,2026-08-20,2026-08-19,settled,41.95,USD
coinbase:1073150458,2026-08-20,2026-08-19,settled,1489.49,USD
coinbase:1073150459,2026-08-20,2026-08-19,settled,21.62,USD
coinbase:1073150460,2026-08-20,2026-08-19,settled,198.93,USD
coinbase:1073150461,2026-08-20,2026-08-19,settled,29.70,USD
coinbase:1073150462,2026-08-20,2026-08-19,settled,278.63,USD
coinbase:1073150463,2026-08-20,2026-08-19,settled,0.00,USD
binance:6582464514,2026-08-20,2026-08-19,settled,110.61,USD
kraken:105348777,2026-08-20,2026-08-19,settled,53.02,USD
coinbase:1073150464,2026-08-20,2026-08-19,settled,0.00,USD
binance:6582464515,2026-08-20,2026-08-19,settled,36312.06,USD
binance:6582464518,2026-08-20,2026-08-19,settled,10000.66,USD
binance:6582464524,2026-08-20,2026-08-19,settled,6.87,USD
coinbase:1073150466,2026-08-20,2026-08-19,settled,395.62,USD
coinbase:1073150465,2026-08-20,2026-08-19,settled,10833.01,USD
coinbase:1073150467,2026-08-20,2026-08-19,settled,11.27,USD
coinbase:1073150468,2026-08-20,2026-08-20,settled,414.99,USD
coinbase:1073150470,2026-08-20,2026-08-19,settled,14804.90,USD
coinbase:1073150469,2026-08-20,2026-08-19,settled,991.67,USD
coinbase:1073150472,2026-08-24,2026-08-21,settled,998.33,USD
coinbase:1073150473,2026-08-24,2026-08-22,settled,1.67,USD
coinbase:1073150474,2026-08-20,2026-08-19,settled,1.17,USD
coinbase:1073150475,2026-08-20,2026-08-19,settled,199.14,USD
coinbase:1073150476,2026-08-20,2026-08-19,settled,91.80,USD
coinbase:1073150477,2026-08-20,2026-08-19,settled,908.20,USD
coinbase:1073150481,2026-08-20,2026-08-19,settled,686.65,USD
coinbase:1073150480,2026-08-20,2026-08-19,settled,1.17,USD
coinbase:1073150479,2026-08-20,2026-08-19,settled,3.14,USD
coinbase:1073150478,2026-08-20,2026-08-19,settled,1.35,USD
binance:6582464526,2026-08-20,2026-08-19,settled,24843.97,USD
binance:6582464553,2026-08-20,2026-08-19,settled,21.98,USD
binance:6582464557,2026-08-20,2026-08-19,settled,5.50,USD
binance:6582464558,2026-08-20,2026-08-19,settled,21.98,USD
binance:6582464562,2026-08-20,2026-08-19,settled,10.99,USD
binance:6582464564,2026-08-20,2026-08-19,settled,10.99,USD
binance:6582464566,2026-08-20,2026-08-19,settled,21.98,USD
binance:6582464570,2026-08-20,2026-08-19,settled,16.49,USD
binance:6582464573,2026-08-20,2026-08-19,settled,2032.08,USD
binance:6582464580,2026-08-20,2026-08-19,settled,27.48,USD
binance:6582464585,2026-08-21,2026-08-20,settled,10.99,USD
binance:6582464587,2026-08-20,2026-08-19,settled,16.49,USD
binance:6582464590,2026-08-20,2026-08-19,settled,6003.45,USD
binance:6582464591,2026-08-20,2026-08-19,settled,45.34,USD
binance:6582464599,2026-08-24,2026-08-21,settled,50.84,USD
binance:6582464608,2026-08-20,2026-08-19,settled,27.48,USD
binance:6582464613,2026-08-20,2026-08-19,settled,5.50,USD
binance:6582464614,2026-08-20,2026-08-19,settled,1454.97,USD
binance:6582464631,2026-08-20,2026-08-19,settled,38.47,USD
binance:6582464638,2026-08-20,2026-08-19,settled,16.49,USD
binance:6582464641,2026-08-20,2026-08-19,settled,16.49,USD
binance:6582464644,2026-08-20,2026-08-19,settled,16.49,USD
binance:6582464647,2026-08-20,2026-08-19,settled,1373.86,USD
binance:6582464648,2026-08-20,2026-08-19,settled,4070.06,USD
binance:6582464649,2026-08-20,2026-08-19,settled,5.50,USD
binance:6582464650,2026-08-20,2026-08-19,settled,7.56,USD
binance:6582464651,2026-08-24,2026-08-22,settled,6.18,USD
binance:6582464652,2026-08-20,2026-08-19,settled,16.49,USD
binance:6582464655,2026-08-20,2026-08-19,settled,5.50,USD
binance:6582464656,2026-08-20,2026-08-19,settled,32.97,USD
binance:6582464657,2026-08-20,2026-08-19,settled,5.50,USD
binance:6582464658,2026-08-20,2026-08-22,settled,47.40,USD
binance:6582464659,2026-08-20,2026-08-19,settled,5.50,USD
binance:6582464660,2026-08-20,2026-08-19,settled,1775.64,USD
binance:6582464684,2026-08-20,2026-08-19,settled,38.47,USD
binance:6582464691,2026-08-20,2026-08-19,settled,12.36,USD
binance:6582464692,2026-08-20,2026-08-19,settled,5.50,USD
binance:6582464693,2026-08-20,2026-08-19,settled,16.49,USD
binance:6582464696,2026-08-20,2026-08-19,settled,16.49,USD
coinbase:1073150483,2026-08-20,2026-08-19,settled,2722.31,USD
coinbase:1073150482,2026-08-20,2026-08-19,settled,1.17,USD
coinbase:1073150484,2026-08-20,2026-08-19,settled,0.00,USD
kraken:105348778,2026-08-20,2026-08-19,settled,50.00,USD
kraken:105348779,2026-08-20,2026-08-19,settled,68.66,USD
coinbase:1073150485,2026-08-20,2026-08-19,settled,1.17,USD
coinbase:1073150486,2026-08-20,2026-08-19,settled,0.00,USD
coinbase:1073150487,2026-08-20,2026-08-19,settled,0.00,USD
kraken:105348780,2026-08-20,2026-08-22,settled,4710.27,USD
kraken:105348781,2026-08-20,2026-08-19,settled,50.00,USD
kraken:105348782,2026-08-20,2026-08-19,settled,50.00,USD
binance:6582464699,2026-08-20,2026-08-19,settled,6.87,USD
coinbase:1073150488,2026-08-20,2026-08-19,settled,16.18,USD
coinbase:1073150489,2026-08-20,2026-08-19,settled,0.00,USD
binance:6582464701,2026-08-20,2026-08-19,settled,926.61,USD
binance:6582464718,2026-08-20,2026-08-19,settled,16.49,USD
binance:6582464721,2026-08-20,2026-08-20,settled,10.99,USD
binance:6582464723,2026-08-20,2026-08-19,settled,10.99,USD
binance:6582464725,2026-08-20,2026-08-19,settled,10.99,USD
binance:6582464727,2026-08-20,2026-08-19,settled,16.48,USD
binance:6582464730,2026-08-24,2026-08-22,settled,72.81,USD
binance:6582464743,2026-08-20,2026-08-19,settled,27.47,USD
binance:6582464748,2026-08-20,2026-08-19,settled,16.48,USD
binance:6582464751,2026-08-20,2026-08-19,settled,1373.73,USD
binance:6582464752,2026-08-20,2026-08-19,settled,5.49,USD
binance:6582464753,2026-08-20,2026-08-21,settled,6.18,USD
binance:6582464754,2026-08-20,2026-08-19,settled,7.56,USD
binance:6582464755,2026-08-20,2026-08-19,settled,27.47,USD
binance:6582464760,2026-08-20,2026-08-19,settled,2999.47,USD
binance:6582464761,2026-08-20,2026-08-19,settled,4035.20,USD
binance:6582464762,2026-08-20,2026-08-19,settled,6.18,USD
binance:6582464763,2026-08-20,2026-08-19,settled,16.48,USD
binance:6582464766,2026-08-20,2026-08-19,settled,54.95,USD
coinbase:1073150490,2026-08-20,2026-08-19,settled,0.00,USD
binance:6582464767,2026-08-20,2026-08-19,settled,99.59,USD
binance:6582464768,2026-08-20,2026-08-19,settled,29.53,USD
coinbase:1073150492,2026-08-20,2026-08-19,settled,10044.29,USD
coinbase:1073150491,2026-08-20,2026-08-19,settled,1.16,USD
coinbase:1073150494,2026-08-20,2026-08-19,settled,1049.11,USD
coinbase:1073150493,2026-08-20,2026-08-19,settled,4.35,USD
coinbase:1073150495,2026-08-20,2026-08-19,settled,47.46,USD
coinbase:1073150496,2026-08-20,2026-08-19,settled,60.69,USD
coinbase:1073150497,2026-08-20,2026-08-19,settled,461.10,USD
coinbase:1073150498,2026-08-20,2026-08-19,settled,50.80,USD
coinbase:1073150499,2026-08-20,2026-08-19,settled,776.83,USD
binance:6582464769,2026-08-20,2026-08-19,settled,261.68,USD
coinbase:1073150500,2026-08-20,2026-08-19,settled,20.38,USD
coinbase:1073150501,2026-08-20,2026-08-19,settled,5697.18,USD
coinbase:1073150502,2026-08-20,2026-08-19,settled,63.02,USD
coinbase:1073150504,2026-08-20,2026-08-19,settled,1762.86,USD
coinbase:1073150503,2026-08-20,2026-08-19,settled,7248.23,USD
binance:6582464770,2026-08-20,2026-08-19,settled,480.78,USD
coinbase:1073150505,2026-08-20,2026-08-19,settled,0.03,USD
coinbase:1073150508,2026-08-20,2026-08-19,settled,529.79,USD
coinbase:1073150507,2026-08-20,2026-08-19,settled,4.37,USD
coinbase:1073150506,2026-08-20,2026-08-19,settled,1.14,USD
binance:6582464771,2026-08-20,2026-08-19,settled,26.10,USD
kraken:105348783,2026-08-20,2026-08-19,settled,40.85,USD
kraken:105348784,2026-08-20,2026-08-19,settled,50.00,USD
kraken:105348785,2026-08-20,2026-08-19,settled,29.14,USD
binance:6582464775,2026-08-20,2026-08-19,settled,6.87,USD
binance:6582464777,2026-08-20,2026-08-19,settled,940.27,USD
binance:6582464804,2026-08-20,2026-08-19,settled,54.95,USD
binance:6582464814,2026-08-20,2026-08-19,settled,5.49,USD
binance:6582464815,2026-08-20,2026-08-19,settled,12.36,USD
binance:6582464816,2026-08-20,2026-08-19,settled,10.99,USD
binance:6582464818,2026-08-20,2026-08-19,settled,122.25,USD
binance:6582464840,2026-08-20,2026-08-19,settled,38.46,USD
binance:6582464847,2026-08-20,2026-08-20,settled,16.48,USD
binance:6582464850,2026-08-20,2026-08-19,settled,1373.63,USD
coinbase:1073150509,2026-08-20,2026-08-19,settled,21.45,USD
coinbase:1073150510,2026-08-20,2026-08-19,settled,0.01,USD
binance:6582464852,2026-08-20,2026-08-19,settled,1387.36,USD
binance:6582464861,2026-08-20,2026-08-19,settled,12105.07,USD
binance:6582464871,2026-08-20,2026-08-19,settled,27.47,USD
binance:6582464876,2026-08-20,2026-08-19,settled,10.99,USD
binance:6582464878,2026-08-20,2026-08-19,settled,9.62,USD
binance:6582464879,2026-08-20,2026-08-19,settled,10.99,USD
binance:6582464881,2026-08-20,2026-08-19,settled,1490.35,USD
coinbase:1073150511,2026-08-20,2026-08-19,settled,0.00,USD
binance:6582464903,2026-08-20,2026-08-19,settled,61.81,USD
binance:6582464914,2026-08-24,2026-08-22,settled,32.97,USD
binance:6582464920,2026-08-20,2026-08-19,settled,11.68,USD
binance:6582464922,2026-08-20,2026-08-19,settled,27.47,USD
binance:6582464927,2026-08-20,2026-08-19,settled,54.94,USD
binance:6582464937,2026-08-24,2026-08-21,settled,16.48,USD
binance:6582464940,2026-08-20,2026-08-19,settled,78.98,USD
binance:6582464954,2026-08-20,2026-08-19,settled,27.47,USD
binance:6582464959,2026-08-20,2026-08-19,settled,18.54,USD
coinbase:1073150512,2026-08-20,2026-08-19,settled,242.32,USD
coinbase:1073150514,2026-08-20,2026-08-19,settled,9715.42,USD
coinbase:1073150513,2026-08-20,2026-08-19,settled,960.66,USD
coinbase:1073150515,2026-08-20,2026-08-19,settled,46.79,USD
coinbase:1073150517,2026-08-20,2026-08-19,settled,2.94,USD
coinbase:1073150516,2026-08-20,2026-08-19,settled,1067.85,USD
coinbase:1073150520,2026-08-20,2026-08-19,settled,24.70,USD
coinbase:1073150519,2026-08-20,2026-08-19,settled,1.17,USD
coinbase:1073150518,2026-08-20,2026-08-19,settled,1.17,USD
coinbase:1073150524,2026-08-20,2026-08-19,settled,72.94,USD
coinbase:1073150523,2026-08-20,2026-08-19,settled,1.17,USD
coinbase:1073150522,2026-08-24,2026-08-22,settled,24.70,USD
coinbase:1073150521,2026-08-20,2026-08-19,settled,1.17,USD
coinbase:1073150525,2026-08-20,2026-08-19,settled,0.01,USD
binance:6582464965,2026-08-20,2026-08-19,settled,14.42,USD
coinbase:1073150528,2026-08-20,2026-08-19,settled,3247.24,USD
coinbase:1073150527,2026-08-20,2026-08-19,settled,3247.22,USD
coinbase:1073150526,2026-08-20,2026-08-19,settled,3020.08,USD
coinbase:1073150529,2026-08-20,2026-08-19,settled,0.00,USD
kraken:105348786,2026-08-20,2026-08-19,settled,54.03,USD
coinbase:1073150530,2026-08-20,2026-08-19,settled,42.31,USD
coinbase:1073150531,2026-08-20,2026-08-19,settled,0.00,USD
binance:6582464966,2026-08-20,2026-08-19,settled,19.23,USD
binance:6582464967,2026-08-20,2026-08-19,settled,33.65,USD
coinbase:1073150532,2026-08-20,2026-08-19,settled,395.84,USD
coinbase:1073150533,2026-08-20,2026-08-19,settled,141.34,USD
coinbase:1073150534,2026-08-20,2026-08-19,settled,0.00,USD
binance:6582464973,2026-08-20,2026-08-19,settled,99.58,USD
binance:6582464981,2026-08-20,2026-08-19,settled,1199.10,USD
binance:6582464983,2026-08-20,2026-08-19,settled,1199.10,USD
binance:6582464984,2026-08-20,2026-08-19,settled,1199.10,USD
binance:6582464985,2026-08-20,2026-08-19,settled,2997.75,USD
binance:6582464986,2026-08-20,2026-08-19,settled,2997.75,USD
binance:6582464987,2026-08-20,2026-08-19,settled,2997.75,USD
binance:6582464989,2026-08-20,2026-08-19,settled,8700.00,USD
binance:6582464991,2026-08-20,2026-08-19,settled,1199.10,USD
binance:6582464992,2026-08-20,2026-08-19,settled,1199.10,USD
binance:6582464993,2026-08-20,2026-08-19,settled,1199.10,USD
binance:6582464994,2026-08-20,2026-08-19,settled,2864.52,USD
binance:6582464995,2026-08-20,2026-08-19,settled,2864.52,USD
binance:6582464997,2026-08-20,2026-08-19,settled,2997.75,USD
binance:6582464999,2026-08-20,2026-08-19,settled,3379.59,USD
binance:6582465000,2026-08-20,2026-08-19,settled,770.56,USD
binance:6582465001,2026-08-20,2026-08-19,settled,179.25,USD
binance:6582465002,2026-08-20,2026-08-19,settled,73768.69,USD
binance:6582465022,2026-08-20,2026-08-19,settled,5.49,USD
binance:6582465023,2026-08-20,2026-08-19,settled,5.49,USD
binance:6582465024,2026-08-20,2026-08-19,settled,274.71,USD
binance:6582465025,2026-08-20,2026-08-19,settled,22.66,USD
binance:6582465029,2026-08-20,2026-08-19,settled,901.07,USD
binance:6582465031,2026-08-20,2026-08-19,settled,899.69,USD
binance:6582465032,2026-08-20,2026-08-19,settled,899.69,USD
binance:6582465033,2026-08-20,2026-08-19,settled,231.45,USD
binance:6582465037,2026-08-20,2026-08-19,settled,5.49,USD
binance:6582465038,2026-08-20,2026-08-19,settled,16.48,USD
binance:6582465041,2026-08-20,2026-08-19,settled,945.03,USD
binance:6582465042,2026-08-20,2026-08-19,settled,5.49,USD
binance:6582465043,2026-08-20,2026-08-19,settled,5.49,USD
binance:6582465044,2026-08-20,2026-08-19,settled,12.36,USD
binance:6582465046,2026-08-20,2026-08-19,settled,5.49,USD
binance:6582465050,2026-08-24,2026-08-21,settled,5.49,USD
binance:6582465051,2026-08-20,2026-08-19,settled,16.48,USD
binance:6582465054,2026-08-20,2026-08-19,settled,5.49,USD
binance:6582465055,2026-08-20,2026-08-19,settled,5.49,USD
binance:6582465056,2026-08-20,2026-08-19,settled,16.48,USD
binance:6582465059,2026-08-20,2026-08-19,settled,1324.16,USD
binance:6582465060,2026-08-20,2026-08-19,settled,82.42,USD
binance:6582465061,2026-08-20,2026-08-19,settled,1757.53,USD
binance:6582465062,2026-08-20,2026-08-19,settled,605.07,USD
binance:6582465063,2026-08-20,2026-08-19,settled,494.50,USD
binance:6582465064,2026-08-20,2026-08-19,settled,501.37,USD
binance:6582465065,2026-08-20,2026-08-19,settled,487.63,USD
binance:6582465066,2026-08-20,2026-08-19,settled,859.88,USD
binance:6582465067,2026-08-20,2026-08-19,settled,590.65,USD
binance:6582465068,2026-08-20,2026-08-19,settled,2593.37,USD
binance:6582465074,2026-08-20,2026-08-19,settled,2953.26,USD
binance:6582465076,2026-08-20,2026-08-19,settled,2170.99,USD
binance:6582465077,2026-08-20,2026-08-19,settled,8290.42,USD
binance:6582465082,2026-08-20,2026-08-19,settled,10.99,USD
binance:6582465084,2026-08-20,2026-08-19,settled,11.68,USD
binance:6582465086,2026-08-20,2026-08-19,settled,5.49,USD
binance:6582465087,2026-08-20,2026-08-19,settled,2927.20,USD
binance:6582465092,2026-08-20,2026-08-19,settled,5.49,USD
binance:6582465093,2026-08-20,2026-08-19,settled,6.87,USD
binance:6582465095,2026-08-20,2026-08-19,settled,21.98,USD
binance:6582465099,2026-08-20,2026-08-19,settled,5.49,USD
binance:6582465101,2026-08-20,2026-08-19,settled,5.49,USD
binance:6582465102,2026-08-20,2026-08-19,settled,5.49,USD
binance:6582465103,2026-08-20,2026-08-19,settled,5.49,USD
binance:6582465104,2026-08-20,2026-08-19,settled,16.48,USD
binance:6582465107,2026-08-20,2026-08-19,settled,127.06,USD
binance:6582465111,2026-08-20,2026-08-19,settled,5.49,USD
binance:6582465112,2026-08-20,2026-08-19,settled,5.49,USD
binance:6582465113,2026-08-20,2026-08-19,settled,16.48,USD
binance:6582465116,2026-08-20,2026-08-19,settled,5.49,USD
coinbase:1073150535,2026-08-20,2026-08-19,settled,20.72,USD
binance:6582465117,2026-08-20,2026-08-19,settled,1794.03,USD
coinbase:1073150538,2026-08-20,2026-08-19,settled,128.56,USD
coinbase:1073150537,2026-08-20,2026-08-19,settled,420.02,USD
coinbase:1073150536,2026-08-20,2026-08-19,settled,685.64,USD
coinbase:1073150540,2026-08-20,2026-08-19,settled,525.04,USD
coinbase:1073150539,2026-08-20,2026-08-19,settled,2870.50,USD
coinbase:1073150541,2026-08-20,2026-08-19,settled,2952.64,USD
coinbase:1073150542,2026-08-20,2026-08-21,settled,46.42,USD
coinbase:1073150543,2026-08-20,2026-08-19,settled,1.17,USD
binance:6582465118,2026-08-20,2026-08-19,settled,577.63,USD
binance:6582465119,2026-08-20,2026-08-19,settled,1005.53,USD
binance:6582465120,2026-08-20,2026-08-19,settled,9052.55,USD
binance:6582465121,2026-08-20,2026-08-19,settled,981.49,USD
binance:6582465127,2026-08-20,2026-08-19,settled,5.49,USD
binance:6582465128,2026-08-20,2026-08-19,settled,5.49,USD
binance:6582465129,2026-08-20,2026-08-19,settled,5.49,USD
binance:6582465130,2026-08-20,2026-08-19,settled,5.49,USD
binance:6582465131,2026-08-20,2026-08-19,settled,5.49,USD
binance:6582465132,2026-08-20,2026-08-19,settled,5.49,USD
binance:6582465134,2026-08-20,2026-08-19,settled,5.49,USD
coinbase:1073150544,2026-08-20,2026-08-19,settled,34.62,USD
coinbase:1073150545,2026-08-20,2026-08-19,settled,39.56,USD
coinbase:1073150546,2026-08-20,2026-08-19,settled,35.59,USD
coinbase:1073150547,2026-08-20,2026-08-19,settled,10.18,USD
binance:6582465135,2026-08-20,2026-08-19,settled,18.55,USD
binance:6582465138,2026-08-20,2026-08-19,settled,16.48,USD
binance:6582465141,2026-08-20,2026-08-19,settled,5.49,USD
binance:6582465142,2026-08-20,2026-08-19,settled,7.56,USD
binance:6582465143,2026-08-20,2026-08-19,settled,5.50,USD
binance:6582465144,2026-08-20,2026-08-19,settled,16.49,USD
binance:6582465147,2026-08-20,2026-08-19,settled,16.49,USD
binance:6582465150,2026-08-20,2026-08-19,settled,11.68,USD
binance:6582465152,2026-08-20,2026-08-19,settled,5.50,USD
binance:6582465153,2026-08-20,2026-08-19,settled,12.36,USD
binance:6582465154,2026-08-20,2026-08-22,settled,6.18,USD
binance:6582465155,2026-08-20,2026-08-19,settled,16.49,USD
binance:6582465158,2026-08-20,2026-08-19,settled,1235.05,USD
coinbase:1073150548,2026-08-20,2026-08-19,settled,1839.83,USD
coinbase:1073150549,2026-08-20,2026-08-19,settled,96.11,USD
binance:6582465159,2026-08-20,2026-08-19,settled,17.86,USD
coinbase:1073150550,2026-08-20,2026-08-19,settled,0.00,USD
coinbase:1073150551,2026-08-20,2026-08-19,settled,1839.02,USD
binance:6582465162,2026-08-20,2026-08-19,settled,5.50,USD
coinbase:1073150557,2026-08-20,2026-08-19,settled,200.46,USD
coinbase:1073150556,2026-08-20,2026-08-19,settled,26.45,USD
coinbase:1073150555,2026-08-20,2026-08-19,settled,2.69,USD
coinbase:1073150552,2026-08-20,2026-08-19,settled,13.47,USD
binance:6582465163,2026-08-20,2026-08-19,settled,17.86,USD
binance:6582465166,2026-08-20,2026-08-19,settled,6.18,USD
binance:6582465167,2026-08-20,2026-08-21,settled,24.04,USD
binance:6582465171,2026-08-20,2026-08-19,settled,5.50,USD
binance:6582465172,2026-08-20,2026-08-19,settled,10.99,USD
binance:6582465173,2026-08-20,2026-08-19,settled,165.55,USD
binance:6582465174,2026-08-20,2026-08-19,settled,215.01,USD
binance:6582465179,2026-08-20,2026-08-19,settled,5.50,USD
coinbase:1073150558,2026-08-20,2026-08-19,settled,1270.56,USD
binance:6582465180,2026-08-20,2026-08-19,settled,1373.87,USD
binance:6582465184,2026-08-20,2026-08-19,settled,686.94,USD
coinbase:1073150559,2026-08-20,2026-08-19,settled,137.32,USD
coinbase:1073150560,2026-08-20,2026-08-19,settled,1.17,USD
coinbase:1073150572,2026-08-20,2026-08-19,settled,11251.85,USD
coinbase:1073150571,2026-08-20,2026-08-19,settled,50.02,USD
coinbase:1073150570,2026-08-20,2026-08-19,settled,12163.40,USD
coinbase:1073150569,2026-08-20,2026-08-19,settled,5899.72,USD
coinbase:1073150568,2026-08-20,2026-08-19,settled,1.50,USD
coinbase:1073150567,2026-08-20,2026-08-19,settled,1.17,USD
coinbase:1073150566,2026-08-20,2026-08-19,settled,712.62,USD
coinbase:1073150565,2026-08-20,2026-08-19,settled,50.03,USD
coinbase:1073150564,2026-08-20,2026-08-19,settled,18829.57,USD
coinbase:1073150563,2026-08-20,2026-08-19,settled,5174.29,USD
coinbase:1073150562,2026-08-20,2026-08-19,settled,1.17,USD
coinbase:1073150561,2026-08-20,2026-08-19,settled,1.17,USD
binance:6582465187,2026-08-20,2026-08-19,settled,5495.48,USD
binance:6582465188,2026-08-20,2026-08-19,settled,1373.87,USD
coinbase:1073150573,2026-08-20,2026-08-19,settled,3021.79,USD
binance:6582465189,2026-08-20,2026-08-19,settled,548.86,USD
binance:6582465190,2026-08-20,2026-08-19,settled,688.31,USD
binance:6582465191,2026-08-20,2026-08-19,settled,368.20,USD
binance:6582465192,2026-08-20,2026-08-19,settled,365.45,USD
coinbase:1073150576,2026-08-20,2026-08-19,settled,3116.41,USD
coinbase:1073150575,2026-08-20,2026-08-19,settled,3000.29,USD
kraken:105348787,2026-08-20,2026-08-19,settled,50.00,USD
kraken:105348788,2026-08-20,2026-08-19,settled,2341.09,USD
kraken:105348789,2026-08-20,2026-08-19,settled,501.30,USD
kraken:105348790,2026-08-20,2026-08-19,settled,2235.94,USD
kraken:105348791,2026-08-20,2026-08-19,settled,7551.90,USD
kraken:105348792,2026-08-20,2026-08-19,settled,26461.17,USD
kraken:105348793,2026-08-20,2026-08-19,settled,4778.29,USD
kraken:105348794,2026-08-20,2026-08-22,settled,31935.75,USD
kraken:105348795,2026-08-20,2026-08-19,settled,49999.94,USD
kraken:105348796,2026-08-20,2026-08-19,settled,250.00,USD
kraken:105348797,2026-08-20,2026-08-19,settled,3.50,USD
kraken:105348798,2026-08-20,2026-08-19,settled,252.58,USD
kraken:105348799,2026-08-20,2026-08-19,settled,3.50,USD
kraken:105348800,2026-08-20,2026-08-19,settled,4777.81,USD
kraken:105348801,2026-08-20,2026-08-19,settled,99.95,USD
kraken:105348802,2026-08-20,2026-08-19,settled,6062.55,USD
binance:6582465193,2026-08-20,2026-08-19,settled,2076.61,USD
binance:6582465194,2026-08-20,2026-08-19,settled,206.08,USD
coinbase:1073150577,2026-08-20,2026-08-19,settled,0.00,USD
binance:6582465195,2026-08-20,2026-08-19,settled,84.49,USD
binance:6582465209,2026-08-20,2026-08-19,settled,16.49,USD
binance:6582465212,2026-08-20,2026-08-19,settled,5.50,USD
binance:6582465215,2026-08-20,2026-08-19,settled,16.49,USD
binance:6582465218,2026-08-20,2026-08-19,settled,312.57,USD
binance:6582465228,2026-08-20,2026-08-19,settled,16.49,USD
binance:6582465231,2026-08-20,2026-08-21,settled,6.18,USD
binance:6582465232,2026-08-20,2026-08-19,settled,12.37,USD
binance:6582465233,2026-08-20,2026-08-19,settled,5.50,USD
binance:6582465234,2026-08-20,2026-08-19,settled,3955.65,USD
binance:6582465235,2026-08-20,2026-08-19,settled,5.50,USD
coinbase:1073150578,2026-08-20,2026-08-19,settled,0.00,USD
coinbase:1073150579,2026-08-20,2026-08-19,settled,137.35,USD
coinbase:1073150580,2026-08-20,2026-08-19,settled,137.35,USD
binance:6582465236,2026-08-20,2026-08-19,settled,1374.00,USD
binance:6582465241,2026-08-20,2026-08-19,settled,2748.00,USD
binance:6582465242,2026-08-20,2026-08-19,settled,2679.30,USD
binance:6582465243,2026-08-20,2026-08-19,settled,68.70,USD
binance:6582465244,2026-08-20,2026-08-19,settled,206.10,USD
coinbase:1073150581,2026-08-20,2026-08-19,settled,0.01,USD
binance:6582465251,2026-08-20,2026-08-19,settled,6.87,USD
coinbase:1073150583,2026-08-20,2026-08-19,settled,10335.85,USD
coinbase:1073150582,2026-08-20,2026-08-19,settled,75.00,USD
coinbase:1073150584,2026-08-20,2026-08-19,settled,100.07,USD
coinbase:1073150585,2026-08-20,2026-08-19,settled,75.00,USD
binance:6582465252,2026-08-24,2026-08-21,settled,206.10,USD
binance:6582465253,2026-08-20,2026-08-19,settled,586.70,USD
coinbase:1073150586,2026-08-20,2026-08-21,settled,0.00,USD
coinbase:1073150587,2026-08-20,2026-08-19,settled,162.70,USD
binance:6582465254,2026-08-20,2026-08-19,settled,6446.12,USD
binance:6582465272,2026-08-20,2026-08-19,settled,59.08,USD
binance:6582465283,2026-08-20,2026-08-19,settled,192.36,USD
binance:6582465284,2026-08-20,2026-08-19,settled,345.56,USD
coinbase:1073150588,2026-08-20,2026-08-19,settled,1.48,USD
coinbase:1073150589,2026-08-20,2026-08-19,settled,0.01,USD
binance:6582465285,2026-08-20,2026-08-19,settled,991.34,USD
binance:6582465286,2026-08-20,2026-08-19,settled,12.37,USD
coinbase:1073150590,2026-08-20,2026-08-19,settled,37.80,USD
binance:6582465287,2026-08-20,2026-08-19,settled,93.43,USD
coinbase:1073150592,2026-08-20,2026-08-21,settled,9435.27,USD
coinbase:1073150591,2026-08-20,2026-08-19,settled,644.95,USD
coinbase:1073150593,2026-08-20,2026-08-19,settled,14.43,USD
coinbase:1073150594,2026-08-20,2026-08-19,settled,55.27,USD
coinbase:1073150595,2026-08-20,2026-08-19,settled,100.26,USD
coinbase:1073150596,2026-08-20,2026-08-22,settled,0.01,USD
coinbase:1073150597,2026-08-20,2026-08-19,settled,0.00,USD
coinbase:1073150598,2026-08-20,2026-08-19,settled,0.00,USD
binance:6582465288,2026-08-20,2026-08-19,settled,7.56,USD
coinbase:1073150599,2026-08-20,2026-08-19,settled,0.00,USD
binance:6582465289,2026-08-21,2026-08-20,settled,6.87,USD
binance:6582465290,2026-08-20,2026-08-19,settled,656.08,USD
coinbase:1073150600,2026-08-20,2026-08-19,settled,486.73,USD
coinbase:1073150601,2026-08-20,2026-08-19,settled,0.00,USD
binance:6582465291,2026-08-20,2026-08-19,settled,559.90,USD
coinbase:1073150602,2026-08-20,2026-08-19,settled,0.00,USD
binance:6582465292,2026-08-20,2026-08-19,settled,99.61,USD
coinbase:1073150605,2026-08-20,2026-08-19,settled,706.60,USD
coinbase:1073150604,2026-08-20,2026-08-19,settled,420.00,USD
binance:6582465293,2026-08-20,2026-08-19,settled,21.30,USD
coinbase:1073150606,2026-08-20,2026-08-19,settled,0.00,USD
binance:6582465294,2026-08-20,2026-08-19,settled,19.24,USD
coinbase:1073150607,2026-08-20,2026-08-19,settled,40.49,USD
coinbase:1073150609,2026-08-24,2026-08-21,settled,1292.74,USD
coinbase:1073150608,2026-08-20,2026-08-19,settled,379.51,USD
binance:6582465295,2026-08-20,2026-08-19,settled,6.87,USD
coinbase:1073150611,2026-08-20,2026-08-20,settled,420.00,USD
coinbase:1073150612,2026-08-20,2026-08-19,settled,0.00,USD
coinbase:1073150613,2026-08-20,2026-08-19,settled,247.51,USD
coinbase:1073150615,2026-08-20,2026-08-19,settled,686.70,USD
coinbase:1073150614,2026-08-20,2026-08-19,settled,1.17,USD
binance:6582465296,2026-08-20,2026-08-19,settled,212.28,USD
coinbase:1073150616,2026-08-20,2026-08-19,settled,2.39,USD
coinbase:1073150617,2026-08-20,2026-08-19,settled,0.01,USD
coinbase:1073150618,2026-08-20,2026-08-19,settled,0.00,USD
coinbase:1073150619,2026-08-20,2026-08-19,settled,0.00,USD
binance:6582465298,2026-08-20,2026-08-19,settled,5.50,USD
coinbase:1073150620,2026-08-24,2026-08-21,settled,0.00,USD
binance:6582465299,2026-08-20,2026-08-19,settled,11.68,USD
coinbase:1073150621,2026-08-20,2026-08-19,settled,47.41,USD
coinbase:1073150622,2026-08-20,2026-08-19,settled,0.00,USD
binance:6582465300,2026-08-20,2026-08-19,settled,59.08,USD
coinbase:1073150623,2026-08-20,2026-08-19,settled,1.04,USD
coinbase:1073150624,2026-08-20,2026-08-19,settled,0.00,USD
coinbase:1073150633,2026-08-20,2026-08-19,settled,2.50,USD
coinbase:1073150632,2026-08-20,2026-08-19,settled,1.17,USD
coinbase:1073150631,2026-08-20,2026-08-19,settled,1.17,USD
coinbase:1073150630,2026-08-20,2026-08-19,settled,12163.54,USD
coinbase:1073150629,2026-08-20,2026-08-19,settled,12009.43,USD
coinbase:1073150628,2026-08-20,2026-08-19,settled,1991.73,USD
coinbase:1073150627,2026-08-20,2026-08-19,settled,1.17,USD
coinbase:1073150626,2026-08-20,2026-08-19,settled,1.17,USD
coinbase:1073150625,2026-08-20,2026-08-19,settled,2.65,USD
coinbase:1073150639,2026-08-20,2026-08-19,settled,4708.59,USD
coinbase:1073150638,2026-08-20,2026-08-19,settled,406.62,USD
coinbase:1073150637,2026-08-20,2026-08-19,settled,12010.24,USD
coinbase:1073150636,2026-08-20,2026-08-19,settled,32026.14,USD
coinbase:1073150635,2026-08-20,2026-08-19,settled,729.18,USD
coinbase:1073150634,2026-08-20,2026-08-19,settled,3000.41,USD
coinbase:1073150640,2026-08-20,2026-08-19,settled,0.00,USD
coinbase:1073150641,2026-08-20,2026-08-19,settled,0.00,USD
coinbase:1073150642,2026-08-20,2026-08-19,settled,0.00,USD
coinbase:1073150643,2026-08-20,2026-08-19,settled,0.00,USD
coinbase:1073150644,2026-08-20,2026-08-19,settled,404.01,USD
coinbase:1073150645,2026-08-20,2026-08-19,settled,0.01,USD
coinbase:1073150646,2026-08-20,2026-08-19,settled,0.00,USD
coinbase:1073150647,2026-08-20,2026-08-19,settled,0.03,USD
coinbase:1073150648,2026-08-20,2026-08-19,settled,0.00,USD
coinbase:1073150649,2026-08-20,2026-08-19,settled,14.58,USD
coinbase:1073150650,2026-08-20,2026-08-19,settled,0.00,USD
coinbase:1073150651,2026-08-20,2026-08-19,settled,94.91,USD
coinbase:1073150652,2026-08-20,2026-08-19,settled,0.01,USD
coinbase:1073150653,2026-08-20,2026-08-19,settled,0.00,USD
coinbase:1073150654,2026-08-20,2026-08-19,settled,0.00,USD
coinbase:1073150657,2026-08-20,2026-08-19,settled,180.77,USD
coinbase:1073150656,2026-08-24,2026-08-22,settled,3.35,USD
coinbase:1073150655,2026-08-20,2026-08-19,settled,15.94,USD
coinbase:1073150658,2026-08-20,2026-08-19,settled,0.00,USD
coinbase:1073150659,2026-08-20,2026-08-19,settled,0.00,USD
coinbase:1073150660,2026-08-20,2026-08-19,settled,0.00,USD
coinbase:1073150661,2026-08-20,2026-08-19,settled,0.00,USD
coinbase:1073150662,2026-08-20,2026-08-19,settled,0.00,USD
coinbase:1073150663,2026-08-20,2026-08-19,settled,0.00,USD
coinbase:1073150664,2026-08-20,2026-08-19,settled,0.00,USD
coinbase:1073150665,2026-08-20,2026-08-19,settled,1.45,USD
coinbase:1073150666,2026-08-20,2026-08-19,settled,0.00,USD
coinbase:1073150667,2026-08-20,2026-08-22,settled,0.00,USD
coinbase:1073150668,2026-08-20,2026-08-19,settled,0.00,USD
coinbase:1073150669,2026-08-20,2026-08-19,settled,0.01,USD
coinbase:1073150670,2026-08-20,2026-08-19,settled,0.00,USD
coinbase:1073150672,2026-08-20,2026-08-19,settled,283.64,USD
coinbase:1073150671,2026-08-20,2026-08-19,settled,7.94,USD
coinbase:1073150673,2026-08-20,2026-08-19,settled,0.00,USD
coinbase:1073150674,2026-08-20,2026-08-19,settled,0.01,USD
coinbase:1073150675,2026-08-20,2026-08-19,settled,31.69,USD
coinbase:1073150676,2026-08-20,2026-08-21,settled,98.88,USD
coinbase:1073150677,2026-08-20,2026-08-19,settled,0.01,USD
coinbase:1073150678,2026-08-20,2026-08-19,settled,53.54,USD
coinbase:1073150679,2026-08-20,2026-08-19,settled,1.55,USD
coinbase:1073150680,2026-08-20,2026-08-19,settled,220.00,USD
coinbase:1073150681,2026-08-20,2026-08-19,settled,0.01,USD
kraken:105348803,2026-08-20,2026-08-21,settled,50.00,USD
kraken:105348804,2026-08-20,2026-08-19,settled,20.00,USD
kraken:105348805,2026-08-20,2026-08-19,settled,68.65,USD
kraken:105348806,2026-08-20,2026-08-19,settled,68.65,USD
kraken:105348807,2026-08-20,2026-08-19,settled,6.87,USD
kraken:105348808,2026-08-20,2026-08-19,settled,97.12,USD
kraken:105348809,2026-08-20,2026-08-19,settled,3.50,USD
kraken:105348810,2026-08-20,2026-08-19,settled,4352.95,USD
kraken:105348811,2026-08-20,2026-08-21,settled,40.52,USD
kraken:105348812,2026-08-20,2026-08-19,settled,161.25,USD
kraken:105348813,2026-08-20,2026-08-19,settled,20.00,USD
kraken:105348814,2026-08-20,2026-08-19,settled,50.00,USD
kraken:105348815,2026-08-20,2026-08-19,settled,6.87,USD
kraken:105348816,2026-08-20,2026-08-19,settled,68.66,USD
kraken:105348817,2026-08-20,2026-08-19,settled,3.50,USD
kraken:105348818,2026-08-20,2026-08-19,settled,3.50,USD
kraken:105348819,2026-08-24,2026-08-21,settled,3.50,USD
kraken:105348820,2026-08-20,2026-08-19,settled,343.96,USD
