event_type,entity_type,entity_ref,event_at,details
BREAK_IDENTIFIED,trade_stage,kraken:105347819|clearing,2026-08-19T00:00:00+00:00,category=PRICING
BREAK_IDENTIFIED,trade_stage,kraken:105347821|clearing,2026-08-19T00:00:00+00:00,category=MISSING_RECORD
BREAK_IDENTIFIED,trade_stage,kraken:105347825|clearing,2026-08-19T00:00:00+00:00,category=TIMING
BREAK_IDENTIFIED,trade_stage,kraken:105347832|clearing,2026-08-19T00:00:00+00:00,category=PRICING
BREAK_IDENTIFIED,trade_stage,kraken:105347838|clearing,2026-08-19T00:00:00+00:00,category=QUANTITY
BREAK_IDENTIFIED,trade_stage,kraken:105347843|clearing,2026-08-19T00:00:00+00:00,category=PRICING
BREAK_IDENTIFIED,trade_stage,kraken:105347863|clearing,2026-08-19T00:00:00+00:00,category=MISSING_RECORD
BREAK_IDENTIFIED,trade_stage,kraken:105347876|clearing,2026-08-19T00:00:00+00:00,category=QUANTITY
BREAK_IDENTIFIED,trade_stage,kraken:105347886|clearing,2026-08-19T00:00:00+00:00,category=QUANTITY
BREAK_IDENTIFIED,trade_stage,kraken:105347887|clearing,2026-08-19T00:00:00+00:00,category=MISSING_RECORD
BREAK_IDENTIFIED,trade_stage,kraken:105347889|clearing,2026-08-19T00:00:00+00:00,category=QUANTITY
BREAK_IDENTIFIED,trade_stage,kraken:105347895|clearing,2026-08-19T00:00:00+00:00,category=TIMING
BREAK_IDENTIFIED,trade_stage,kraken:105347898|clearing,2026-08-19T00:00:00+00:00,category=TIMING
BREAK_IDENTIFIED,trade_stage,kraken:105347918|clearing,2026-08-19T00:00:00+00:00,category=QUANTITY
BREAK_IDENTIFIED,trade_stage,kraken:105347920|clearing,2026-08-19T00:00:00+00:00,category=QUANTITY
BREAK_IDENTIFIED,trade_stage,kraken:105347923|clearing,2026-08-19T00:00:00+00:00,category=TIMING
BREAK_IDENTIFIED,trade_stage,kraken:105347929|clearing,2026-08-19T00:00:00+00:00,category=MISSING_RECORD
BREAK_IDENTIFIED,trade_stage,kraken:105347931|clearing,2026-08-19T00:00:00+00:00,category=TIMING
BREAK_IDENTIFIED,trade_stage,kraken:105347933|clearing,2026-08-19T00:00:00+00:00,category=QUANTITY
BREAK_IDENTIFIED,trade_stage,kraken:105347940|clearing,2026-08-19T00:00:00+00:00,category=TIMING
BREAK_IDENTIFIED,trade_stage,kraken:105347945|clearing,2026-08-19T00:00:00+00:00,category=TIMING
BREAK_IDENTIFIED,trade_stage,kraken:105347946|clearing,2026-08-19T00:00:00+00:00,category=MISSING_RECORD
BREAK_IDENTIFIED,trade_stage,kraken:105347950|clearing,2026-08-19T00:00:00+00:00,category=MISSING_RECORD
BREAK_IDENTIFIED,trade_stage,kraken:105347951|clearing,2026-08-19T00:00:00+00:00,category=QUANTITY
BREAK_IDENTIFIED,trade_stage,kraken:105347963|clearing,2026-08-19T00:00:00+00:00,category=PRICING
BREAK_IDENTIFIED,trade_stage,kraken:105347973|clearing,2026-08-19T00:00:00+00:00,category=QUANTITY
BREAK_IDENTIFIED,trade_stage,kraken:105347976|clearing,2026-08-19T00:00:00+00:00,category=REFERENCE_DATA
BREAK_IDENTIFIED,trade_stage,kraken:105347987|clearing,2026-08-19T00:00:00+00:00,category=QUANTITY
BREAK_IDENTIFIED,trade_stage,kraken:105348031|clearing,2026-08-19T00:00:00+00:00,category=TIMING
BREAK_IDENTIFIED,trade_stage,kraken:105348037|clearing,2026-08-19T00:00:00+00:00,category=MISSING_RECORD
BREAK_IDENTIFIED,trade_stage,kraken:105348051|clearing,2026-08-19T00:00:00+00:00,category=TIMING
BREAK_IDENTIFIED,trade_stage,kraken:105348058|clearing,2026-08-19T00:00:00+00:00,category=QUANTITY
BREAK_IDENTIFIED,trade_stage,kraken:105348067|clearing,2026-08-19T00:00:00+00:00,category=REFERENCE_DATA
BREAK_IDENTIFIED,trade_stage,kraken:105348069|clearing,2026-08-19T00:00:00+00:00,category=PRICING
BREAK_IDENTIFIED,trade_stage,kraken:105348072|clearing,2026-08-19T00:00:00+00:00,category=TIMING
BREAK_IDENTIFIED,trade_stage,kraken:105348087|clearing,2026-08-19T00:00:00+00:00,category=TIMING
BREAK_IDENTIFIED,trade_stage,kraken:105348094|clearing,2026-08-19T00:00:00+00:00,category=MISSING_RECORD
BREAK_IDENTIFIED,trade_stage,kraken:105348107|clearing,2026-08-19T00:00:00+00:00,category=REFERENCE_DATA
BREAK_IDENTIFIED,trade_stage,kraken:105348112|clearing,2026-08-19T00:00:00+00:00,category=TIMING
BREAK_IDENTIFIED,trade_stage,kraken:105348123|clearing,2026-08-19T00:00:00+00:00,category=QUANTITY
BREAK_IDENTIFIED,trade_stage,kraken:105348125|clearing,2026-08-19T00:00:00+00:00,category=TIMING
BREAK_IDENTIFIED,trade_stage,kraken:105348131|clearing,2026-08-19T00:00:00+00:00,category=QUANTITY
BREAK_IDENTIFIED,trade_stage,kraken:105348135|clearing,2026-08-19T00:00:00+00:00,category=MISSING_RECORD
BREAK_IDENTIFIED,trade_stage,kraken:105348145|clearing,2026-08-19T00:00:00+00:00,category=QUANTITY
BREAK_IDENTIFIED,trade_stage,kraken:105348155|clearing,2026-08-19T00:00:00+00:00,category=PRICING
BREAK_IDENTIFIED,trade_stage,kraken:105348162|clearing,2026-08-19T00:00:00+00:00,category=TIMING
BREAK_IDENTIFIED,trade_stage,kraken:105348165|clearing,2026-08-19T00:00:00+00:00,category=PRICING
BREAK_IDENTIFIED,trade_stage,kraken:105348178|clearing,2026-08-19T00:00:00+00:00,category=TIMING
BREAK_IDENTIFIED,trade_stage,kraken:105348203|clearing,2026-08-19T00:00:00+00:00,category=PRICING
BREAK_IDENTIFIED,trade_stage,kraken:105348215|clearing,2026-08-19T00:00:00+00:00,category=QUANTITY
BREAK_IDENTIFIED,trade_stage,kraken:105348217|clearing,2026-08-19T00:00:00+00:00,category=TIMING
BREAK_IDENTIFIED,trade_stage,kraken:105348224|clearing,2026-08-19T00:00:00+00:00,category=QUANTITY
BREAK_IDENTIFIED,trade_stage,kraken:105348237|clearing,2026-08-19T00:00:00+00:00,category=PRICING
BREAK_IDENTIFIED,trade_stage,kraken:105348250|clearing,2026-08-19T00:00:00+00:00,category=TIMING
BREAK_IDENTIFIED,trade_stage,kraken:105348263|clearing,2026-08-19T00:00:00+00:00,category=MISSING_RECORD
BREAK_IDENTIFIED,trade_stage,kraken:105348271|clearing,2026-08-19T00:00:00+00:00,category=QUANTITY
BREAK_IDENTIFIED,trade_stage,kraken:105348272|clearing,2026-08-19T00:00:00+00:00,category=REFERENCE_DATA
BREAK_IDENTIFIED,trade_stage,kraken:105348273|clearing,2026-08-19T00:00:00+00:00,category=PRICING
BREAK_IDENTIFIED,trade_stage,kraken:105348279|clearing,2026-08-19T00:00:00+00:00,category=TIMING
BREAK_IDENTIFIED,trade_stage,kraken:105348283|clearing,2026-08-19T00:00:00+00:00,category=TIMING
BREAK_IDENTIFIED,trade_stage,kraken:105348289|clearing,2026-08-19T00:00:00+00:00,category=PRICING
BREAK_IDENTIFIED,trade_stage,coinbase:1073145698|clearing,2026-08-19T00:00:00+00:00,category=QUANTITY
BREAK_IDENTIFIED,trade_stage,coinbase:1073145697|clearing,2026-08-19T00:00:00+00:00,category=TIMING
BREAK_IDENTIFIED,trade_stage,coinbase:1073145696|clearing,2026-08-19T00:00:00+00:00,category=PRICING
BREAK_IDENTIFIED,trade_stage,coinbase:1073145691|clearing,2026-08-19T00:00:00+00:00,category=TIMING
BREAK_IDENTIFIED,trade_stage,coinbase:1073145705|clearing,2026-08-19T00:00:00+00:00,category=TIMING
BREAK_IDENTIFIED,trade_stage,coinbase:1073145715|clearing,2026-08-19T00:00:00+00:00,category=TIMING
BREAK_IDENTIFIED,trade_stage,coinbase:1073145730|clearing,2026-08-19T00:00:00+00:00,category=PRICING
BREAK_IDENTIFIED,trade_stage,coinbase:1073145736|clearing,2026-08-19T00:00:00+00:00,category=TIMING
BREAK_IDENTIFIED,trade_stage,coinbase:1073145742|clearing,2026-08-19T00:00:00+00:00,category=TIMING
BREAK_IDENTIFIED,trade_stage,coinbase:1073145748|clearing,2026-08-19T00:00:00+00:00,category=QUANTITY
BREAK_IDENTIFIED,trade_stage,coinbase:1073145751|clearing,2026-08-19T00:00:00+00:00,category=REFERENCE_DATA
BREAK_IDENTIFIED,trade_stage,coinbase:1073145765|clearing,2026-08-19T00:00:00+00:00,category=QUANTITY
BREAK_IDENTIFIED,trade_stage,coinbase:1073145772|clearing,2026-08-19T00:00:00+00:00,category=TIMING
BREAK_IDENTIFIED,trade_stage,coinbase:1073145774|clearing,2026-08-19T00:00:00+00:00,category=QUANTITY
BREAK_IDENTIFIED,trade_stage,coinbase:1073145786|clearing,2026-08-19T00:00:00+00:00,category=TIMING
BREAK_IDENTIFIED,trade_stage,kraken:105348292|clearing,2026-08-19T00:00:00+00:00,category=TIMING
BREAK_IDENTIFIED,trade_stage,coinbase:1073145805|clearing,2026-08-19T00:00:00+00:00,category=TIMING
BREAK_IDENTIFIED,trade_stage,coinbase:1073145812|clearing,2026-08-19T00:00:00+00:00,category=TIMING
BREAK_IDENTIFIED,trade_stage,coinbase:1073145813|clearing,2026-08-19T00:00:00+00:00,category=MISSING_RECORD
BREAK_IDENTIFIED,trade_stage,coinbase:1073145836|clearing,2026-08-19T00:00:00+00:00,category=TIMING
BREAK_IDENTIFIED,trade_stage,coinbase:1073145838|clearing,2026-08-19T00:00:00+00:00,category=TIMING
BREAK_IDENTIFIED,trade_stage,coinbase:1073145853|clearing,2026-08-19T00:00:00+00:00,category=TIMING
BREAK_IDENTIFIED,trade_stage,coinbase:1073145852|clearing,2026-08-19T00:00:00+00:00,category=TIMING
BREAK_IDENTIFIED,trade_stage,coinbase:1073145863|clearing,2026-08-19T00:00:00+00:00,category=PRICING
BREAK_IDENTIFIED,trade_stage,coinbase:1073145865|clearing,2026-08-19T00:00:00+00:00,category=MISSING_RECORD
BREAK_IDENTIFIED,trade_stage,coinbase:1073145874|clearing,2026-08-19T00:00:00+00:00,category=QUANTITY
BREAK_IDENTIFIED,trade_stage,coinbase:1073145879|clearing,2026-08-19T00:00:00+00:00,category=PRICING
BREAK_IDENTIFIED,trade_stage,coinbase:1073145888|clearing,2026-08-19T00:00:00+00:00,category=QUANTITY
BREAK_IDENTIFIED,trade_stage,coinbase:1073145893|clearing,2026-08-19T00:00:00+00:00,category=PRICING
BREAK_IDENTIFIED,trade_stage,coinbase:1073145903|clearing,2026-08-19T00:00:00+00:00,category=PRICING
BREAK_IDENTIFIED,trade_stage,kraken:105348299|clearing,2026-08-19T00:00:00+00:00,category=TIMING
BREAK_IDENTIFIED,trade_stage,coinbase:1073145917|clearing,2026-08-19T00:00:00+00:00,category=QUANTITY
BREAK_IDENTIFIED,trade_stage,coinbase:1073145927|clearing,2026-08-19T00:00:00+00:00,category=QUANTITY
BREAK_IDENTIFIED,trade_stage,coinbase:1073145964|clearing,2026-08-19T00:00:00+00:00,category=PRICING
BREAK_IDENTIFIED,trade_stage,coinbase:1073145957|clearing,2026-08-19T00:00:00+00:00,category=QUANTITY
BREAK_IDENTIFIED,trade_stage,coinbase:1073145949|clearing,2026-08-19T00:00:00+00:00,category=QUANTITY
BREAK_IDENTIFIED,trade_stage,coinbase:1073145974|clearing,2026-08-19T00:00:00+00:00,category=PRICING
BREAK_IDENTIFIED,trade_stage,coinbase:1073145972|clearing,2026-08-19T00:00:00+00:00,category=QUANTITY
BREAK_IDENTIFIED,trade_stage,coinbase:1073145971|clearing,2026-08-19T00:00:00+00:00,category=MISSING_RECORD
BREAK_IDENTIFIED,trade_stage,coinbase:1073145970|clearing,2026-08-19T00:00:00+00:00,category=TIMING
BREAK_IDENTIFIED,trade_stage,coinbase:1073145968|clearing,2026-08-19T00:00:00+00:00,category=PRICING
BREAK_IDENTIFIED,trade_stage,coinbase:1073145980|clearing,2026-08-19T00:00:00+00:00,category=TIMING
BREAK_IDENTIFIED,trade_stage,coinbase:1073145976|clearing,2026-08-19T00:00:00+00:00,category=PRICING
BREAK_IDENTIFIED,trade_stage,coinbase:1073145985|clearing,2026-08-19T00:00:00+00:00,category=MISSING_RECORD
BREAK_IDENTIFIED,trade_stage,coinbase:1073146027|clearing,2026-08-19T00:00:00+00:00,category=PRICING
BREAK_IDENTIFIED,trade_stage,kraken:105348303|clearing,2026-08-19T00:00:00+00:00,category=QUANTITY
BREAK_IDENTIFIED,trade_stage,kraken:105348316|clearing,2026-08-19T00:00:00+00:00,category=MISSING_RECORD
BREAK_IDENTIFIED,trade_stage,coinbase:1073146056|clearing,2026-08-19T00:00:00+00:00,category=QUANTITY
BREAK_IDENTIFIED,trade_stage,coinbase:1073146067|clearing,2026-08-19T00:00:00+00:00,category=QUANTITY
BREAK_IDENTIFIED,trade_stage,coinbase:1073146066|clearing,2026-08-19T00:00:00+00:00,category=QUANTITY
BREAK_IDENTIFIED,trade_stage,coinbase:1073146080|clearing,2026-08-19T00:00:00+00:00,category=PRICING
BREAK_IDENTIFIED,trade_stage,coinbase:1073146081|clearing,2026-08-19T00:00:00+00:00,category=QUANTITY
BREAK_IDENTIFIED,trade_stage,coinbase:1073146089|clearing,2026-08-19T00:00:00+00:00,category=PRICING
BREAK_IDENTIFIED,trade_stage,coinbase:1073146097|clearing,2026-08-19T00:00:00+00:00,category=REFERENCE_DATA
BREAK_IDENTIFIED,trade_stage,coinbase:1073146101|clearing,2026-08-19T00:00:00+00:00,category=PRICING
BREAK_IDENTIFIED,trade_stage,coinbase:1073146102|clearing,2026-08-19T00:00:00+00:00,category=PRICING
BREAK_IDENTIFIED,trade_stage,coinbase:1073146121|clearing,2026-08-19T00:00:00+00:00,category=QUANTITY
BREAK_IDENTIFIED,trade_stage,coinbase:1073146125|clearing,2026-08-19T00:00:00+00:00,category=TIMING
BREAK_IDENTIFIED,trade_stage,coinbase:1073146132|clearing,2026-08-19T00:00:00+00:00,category=MISSING_RECORD
BREAK_IDENTIFIED,trade_stage,coinbase:1073146134|clearing,2026-08-19T00:00:00+00:00,category=REFERENCE_DATA
BREAK_IDENTIFIED,trade_stage,coinbase:1073146161|clearing,2026-08-19T00:00:00+00:00,category=PRICING
BREAK_IDENTIFIED,trade_stage,coinbase:1073146158|clearing,2026-08-19T00:00:00+00:00,category=MISSING_RECORD
BREAK_IDENTIFIED,trade_stage,coinbase:1073146172|clearing,2026-08-19T00:00:00+00:00,category=TIMING
BREAK_IDENTIFIED,trade_stage,coinbase:1073146182|clearing,2026-08-19T00:00:00+00:00,category=QUANTITY
BREAK_IDENTIFIED,trade_stage,coinbase:1073146201|clearing,2026-08-19T00:00:00+00:00,category=TIMING
BREAK_IDENTIFIED,trade_stage,coinbase:1073146215|clearing,2026-08-19T00:00:00+00:00,category=TIMING
BREAK_IDENTIFIED,trade_stage,coinbase:1073146216|clearing,2026-08-19T00:00:00+00:00,category=TIMING
BREAK_IDENTIFIED,trade_stage,coinbase:1073146219|clearing,2026-08-19T00:00:00+00:00,category=TIMING
BREAK_IDENTIFIED,trade_stage,coinbase:1073146220|clearing,2026-08-19T00:00:00+00:00,category=MISSING_RECORD
BREAK_IDENTIFIED,trade_stage,kraken:105348323|clearing,2026-08-19T00:00:00+00:00,category=PRICING
BREAK_IDENTIFIED,trade_stage,coinbase:1073146259|clearing,2026-08-19T00:00:00+00:00,category=TIMING
BREAK_IDENTIFIED,trade_stage,coinbase:1073146272|clearing,2026-08-19T00:00:00+00:00,category=QUANTITY
BREAK_IDENTIFIED,trade_stage,coinbase:1073146290|clearing,2026-08-19T00:00:00+00:00,category=REFERENCE_DATA
BREAK_IDENTIFIED,trade_stage,coinbase:1073146320|clearing,2026-08-19T00:00:00+00:00,category=TIMING
BREAK_IDENTIFIED,trade_stage,coinbase:1073146348|clearing,2026-08-19T00:00:00+00:00,category=MISSING_RECORD
BREAK_IDENTIFIED,trade_stage,coinbase:1073146364|clearing,2026-08-19T00:00:00+00:00,category=QUANTITY
BREAK_IDENTIFIED,trade_stage,coinbase:1073146366|clearing,2026-08-19T00:00:00+00:00,category=TIMING
BREAK_IDENTIFIED,trade_stage,coinbase:1073146365|clearing,2026-08-19T00:00:00+00:00,category=QUANTITY
BREAK_IDENTIFIED,trade_stage,coinbase:1073146371|clearing,2026-08-19T00:00:00+00:00,category=TIMING
BREAK_IDENTIFIED,trade_stage,coinbase:1073146376|clearing,2026-08-19T00:00:00+00:00,category=TIMING
BREAK_IDENTIFIED,trade_stage,coinbase:1073146380|clearing,2026-08-19T00:00:00+00:00,category=TIMING
BREAK_IDENTIFIED,trade_stage,coinbase:1073146386|clearing,2026-08-19T00:00:00+00:00,category=QUANTITY
BREAK_IDENTIFIED,trade_stage,coinbase:1073146392|clearing,2026-08-19T00:00:00+00:00,category=REFERENCE_DATA
BREAK_IDENTIFIED,trade_stage,coinbase:1073146395|clearing,2026-08-19T00:00:00+00:00,category=QUANTITY
BREAK_IDENTIFIED,trade_stage,coinbase:1073146400|clearing,2026-08-19T00:00:00+00:00,category=TIMING
BREAK_IDENTIFIED,trade_stage,coinbase:1073146426|clearing,2026-08-19T00:00:00+00:00,category=REFERENCE_DATA
BREAK_IDENTIFIED,trade_stage,coinbase:1073146427|clearing,2026-08-19T00:00:00+00:00,category=MISSING_RECORD
BREAK_IDENTIFIED,trade_stage,coinbase:1073146429|clearing,2026-08-19T00:00:00+00:00,category=PRICING
BREAK_IDENTIFIED,trade_stage,kraken:105348338|clearing,2026-08-19T00:00:00+00:00,category=PRICING
BREAK_IDENTIFIED,trade_stage,kraken:105348340|clearing,2026-08-19T00:00:00+00:00,category=TIMING
BREAK_IDENTIFIED,trade_stage,coinbase:1073146449|clearing,2026-08-19T00:00:00+00:00,category=PRICING
BREAK_IDENTIFIED,trade_stage,coinbase:1073146450|clearing,2026-08-19T00:00:00+00:00,category=TIMING
BREAK_IDENTIFIED,trade_stage,coinbase:1073146464|clearing,2026-08-19T00:00:00+00:00,category=REFERENCE_DATA
BREAK_IDENTIFIED,trade_stage,coinbase:1073146468|clearing,2026-08-19T00:00:00+00:00,category=TIMING
BREAK_IDENTIFIED,trade_stage,coinbase:1073146470|clearing,2026-08-19T00:00:00+00:00,category=PRICING
BREAK_IDENTIFIED,trade_stage,coinbase:1073146472|clearing,2026-08-19T00:00:00+00:00,category=TIMING
BREAK_IDENTIFIED,trade_stage,coinbase:1073146473|clearing,2026-08-19T00:00:00+00:00,category=QUANTITY
BREAK_IDENTIFIED,trade_stage,coinbase:1073146478|clearing,2026-08-19T00:00:00+00:00,category=QUANTITY
BREAK_IDENTIFIED,trade_stage,coinbase:1073146481|clearing,2026-08-19T00:00:00+00:00,category=TIMING
BREAK_IDENTIFIED,trade_stage,coinbase:1073146479|clearing,2026-08-19T00:00:00+00:00,category=QUANTITY
BREAK_IDENTIFIED,trade_stage,coinbase:1073146484|clearing,2026-08-19T00:00:00+00:00,category=PRICING
BREAK_IDENTIFIED,trade_stage,coinbase:1073146498|clearing,2026-08-19T00:00:00+00:00,category=PRICING
BREAK_IDENTIFIED,trade_stage,coinbase:1073146501|clearing,2026-08-19T00:00:00+00:00,category=QUANTITY
BREAK_IDENTIFIED,trade_stage,coinbase:1073146512|clearing,2026-08-19T00:00:00+00:00,category=PRICING
BREAK_IDENTIFIED,trade_stage,coinbase:1073146517|clearing,2026-08-19T00:00:00+00:00,category=QUANTITY
BREAK_IDENTIFIED,trade_stage,coinbase:1073146520|clearing,2026-08-19T00:00:00+00:00,category=TIMING
BREAK_IDENTIFIED,trade_stage,coinbase:1073146526|clearing,2026-08-19T00:00:00+00:00,category=PRICING
BREAK_IDENTIFIED,trade_stage,coinbase:1073146542|clearing,2026-08-19T00:00:00+00:00,category=TIMING
BREAK_IDENTIFIED,trade_stage,coinbase:1073146541|clearing,2026-08-19T00:00:00+00:00,category=QUANTITY
BREAK_IDENTIFIED,trade_stage,coinbase:1073146536|clearing,2026-08-19T00:00:00+00:00,category=QUANTITY
BREAK_IDENTIFIED,trade_stage,coinbase:1073146535|clearing,2026-08-19T00:00:00+00:00,category=PRICING
BREAK_IDENTIFIED,trade_stage,coinbase:1073146543|clearing,2026-08-19T00:00:00+00:00,category=TIMING
BREAK_IDENTIFIED,trade_stage,kraken:105348351|clearing,2026-08-19T00:00:00+00:00,category=QUANTITY
BREAK_IDENTIFIED,trade_stage,coinbase:1073146546|clearing,2026-08-19T00:00:00+00:00,category=QUANTITY
BREAK_IDENTIFIED,trade_stage,coinbase:1073146547|clearing,2026-08-19T00:00:00+00:00,category=TIMING
BREAK_IDENTIFIED,trade_stage,coinbase:1073146552|clearing,2026-08-19T00:00:00+00:00,category=MISSING_RECORD
BREAK_IDENTIFIED,trade_stage,coinbase:1073146551|clearing,2026-08-19T00:00:00+00:00,category=TIMING
BREAK_IDENTIFIED,trade_stage,coinbase:1073146555|clearing,2026-08-19T00:00:00+00:00,category=REFERENCE_DATA
BREAK_IDENTIFIED,trade_stage,coinbase:1073146559|clearing,2026-08-19T00:00:00+00:00,category=PRICING
BREAK_IDENTIFIED,trade_stage,coinbase:1073146562|clearing,2026-08-19T00:00:00+00:00,category=TIMING
BREAK_IDENTIFIED,trade_stage,coinbase:1073146593|clearing,2026-08-19T00:00:00+00:00,category=PRICING
BREAK_IDENTIFIED,trade_stage,coinbase:1073146594|clearing,2026-08-19T00:00:00+00:00,category=PRICING
BREAK_IDENTIFIED,trade_stage,coinbase:1073146595|clearing,2026-08-19T00:00:00+00:00,category=PRICING
BREAK_IDENTIFIED,trade_stage,kraken:105348365|clearing,2026-08-19T00:00:00+00:00,category=QUANTITY
BREAK_IDENTIFIED,trade_stage,kraken:105348367|clearing,2026-08-19T00:00:00+00:00,category=PRICING
BREAK_IDENTIFIED,trade_stage,coinbase:1073146609|clearing,2026-08-19T00:00:00+00:00,category=PRICING
BREAK_IDENTIFIED,trade_stage,coinbase:1073146626|clearing,2026-08-19T00:00:00+00:00,category=QUANTITY
BREAK_IDENTIFIED,trade_stage,coinbase:1073146637|clearing,2026-08-19T00:00:00+00:00,category=TIMING
BREAK_IDENTIFIED,trade_stage,kraken:105348385|clearing,2026-08-19T00:00:00+00:00,category=QUANTITY
BREAK_IDENTIFIED,trade_stage,kraken:105348387|clearing,2026-08-19T00:00:00+00:00,category=QUANTITY
BREAK_IDENTIFIED,trade_stage,coinbase:1073146659|clearing,2026-08-19T00:00:00+00:00,category=MISSING_RECORD
BREAK_IDENTIFIED,trade_stage,coinbase:1073146655|clearing,2026-08-19T00:00:00+00:00,category=MISSING_RECORD
BREAK_IDENTIFIED,trade_stage,coinbase:1073146654|clearing,2026-08-19T00:00:00+00:00,category=MISSING_RECORD
BREAK_IDENTIFIED,trade_stage,kraken:105348390|clearing,2026-08-19T00:00:00+00:00,category=TIMING
BREAK_IDENTIFIED,trade_stage,kraken:105348391|clearing,2026-08-19T00:00:00+00:00,category=QUANTITY
BREAK_IDENTIFIED,trade_stage,coinbase:1073146669|clearing,2026-08-19T00:00:00+00:00,category=TIMING
BREAK_IDENTIFIED,trade_stage,kraken:105348396|clearing,2026-08-19T00:00:00+00:00,category=REFERENCE_DATA
BREAK_IDENTIFIED,trade_stage,kraken:105348398|clearing,2026-08-19T00:00:00+00:00,category=MISSING_RECORD
BREAK_IDENTIFIED,trade_stage,kraken:105348399|clearing,2026-08-19T00:00:00+00:00,category=TIMING
BREAK_IDENTIFIED,trade_stage,coinbase:1073146690|clearing,2026-08-19T00:00:00+00:00,category=QUANTITY
BREAK_IDENTIFIED,trade_stage,coinbase:1073146694|clearing,2026-08-19T00:00:00+00:00,category=MISSING_RECORD
BREAK_IDENTIFIED,trade_stage,coinbase:1073146700|clearing,2026-08-19T00:00:00+00:00,category=TIMING
BREAK_IDENTIFIED,trade_stage,coinbase:1073146728|clearing,2026-08-19T00:00:00+00:00,category=TIMING
BREAK_IDENTIFIED,trade_stage,coinbase:1073146730|clearing,2026-08-19T00:00:00+00:00,category=MISSING_RECORD
BREAK_IDENTIFIED,trade_stage,coinbase:1073146751|clearing,2026-08-19T00:00:00+00:00,category=PRICING
BREAK_IDENTIFIED,trade_stage,coinbase:1073146755|clearing,2026-08-19T00:00:00+00:00,category=PRICING
BREAK_IDENTIFIED,trade_stage,coinbase:1073146778|clearing,2026-08-19T00:00:00+00:00,category=TIMING
BREAK_IDENTIFIED,trade_stage,coinbase:1073146779|clearing,2026-08-19T00:00:00+00:00,category=QUANTITY
BREAK_IDENTIFIED,trade_stage,coinbase:1073146780|clearing,2026-08-19T00:00:00+00:00,category=QUANTITY
BREAK_IDENTIFIED,trade_stage,coinbase:1073146782|clearing,2026-08-19T00:00:00+00:00,category=PRICING
BREAK_IDENTIFIED,trade_stage,coinbase:1073146799|clearing,2026-08-19T00:00:00+00:00,category=QUANTITY
BREAK_IDENTIFIED,trade_stage,coinbase:1073146805|clearing,2026-08-19T00:00:00+00:00,category=QUANTITY
BREAK_IDENTIFIED,trade_stage,coinbase:1073146809|clearing,2026-08-19T00:00:00+00:00,category=QUANTITY
BREAK_IDENTIFIED,trade_stage,coinbase:1073146816|clearing,2026-08-19T00:00:00+00:00,category=REFERENCE_DATA
BREAK_IDENTIFIED,trade_stage,coinbase:1073146819|clearing,2026-08-19T00:00:00+00:00,category=PRICING
BREAK_IDENTIFIED,trade_stage,coinbase:1073146832|clearing,2026-08-19T00:00:00+00:00,category=QUANTITY
BREAK_IDENTIFIED,trade_stage,coinbase:1073146834|clearing,2026-08-19T00:00:00+00:00,category=TIMING
BREAK_IDENTIFIED,trade_stage,kraken:105348414|clearing,2026-08-19T00:00:00+00:00,category=TIMING
BREAK_IDENTIFIED,trade_stage,coinbase:1073146865|clearing,2026-08-19T00:00:00+00:00,category=TIMING
BREAK_IDENTIFIED,trade_stage,kraken:105348431|clearing,2026-08-19T00:00:00+00:00,category=QUANTITY
BREAK_IDENTIFIED,trade_stage,coinbase:1073146885|clearing,2026-08-19T00:00:00+00:00,category=PRICING
BREAK_IDENTIFIED,trade_stage,coinbase:1073146897|clearing,2026-08-19T00:00:00+00:00,category=QUANTITY
BREAK_IDENTIFIED,trade_stage,coinbase:1073146901|clearing,2026-08-19T00:00:00+00:00,category=REFERENCE_DATA
BREAK_IDENTIFIED,trade_stage,coinbase:1073146919|clearing,2026-08-19T00:00:00+00:00,category=QUANTITY
BREAK_IDENTIFIED,trade_stage,coinbase:1073146925|clearing,2026-08-19T00:00:00+00:00,category=PRICING
BREAK_IDENTIFIED,trade_stage,coinbase:1073146944|clearing,2026-08-19T00:00:00+00:00,category=TIMING
BREAK_IDENTIFIED,trade_stage,coinbase:1073146954|clearing,2026-08-19T00:00:00+00:00,category=REFERENCE_DATA
BREAK_IDENTIFIED,trade_stage,coinbase:1073146956|clearing,2026-08-19T00:00:00+00:00,category=TIMING
BREAK_IDENTIFIED,trade_stage,coinbase:1073146961|clearing,2026-08-19T00:00:00+00:00,category=TIMING
BREAK_IDENTIFIED,trade_stage,coinbase:1073146975|clearing,2026-08-19T00:00:00+00:00,category=TIMING
BREAK_IDENTIFIED,trade_stage,coinbase:1073146992|clearing,2026-08-19T00:00:00+00:00,category=MISSING_RECORD
BREAK_IDENTIFIED,trade_stage,coinbase:1073147009|clearing,2026-08-19T00:00:00+00:00,category=REFERENCE_DATA
BREAK_IDENTIFIED,trade_stage,coinbase:1073147014|clearing,2026-08-19T00:00:00+00:00,category=MISSING_RECORD
BREAK_IDENTIFIED,trade_stage,coinbase:1073147024|clearing,2026-08-19T00:00:00+00:00,category=PRICING
BREAK_IDENTIFIED,trade_stage,coinbase:1073147025|clearing,2026-08-19T00:00:00+00:00,category=TIMING
BREAK_IDENTIFIED,trade_stage,coinbase:1073147035|clearing,2026-08-19T00:00:00+00:00,category=MISSING_RECORD
BREAK_IDENTIFIED,trade_stage,coinbase:1073147043|clearing,2026-08-19T00:00:00+00:00,category=TIMING
BREAK_IDENTIFIED,trade_stage,binance:6582449431|clearing,2026-08-19T00:00:00+00:00,category=TIMING
BREAK_IDENTIFIED,trade_stage,binance:6582449474|clearing,2026-08-19T00:00:00+00:00,category=QUANTITY
BREAK_IDENTIFIED,trade_stage,coinbase:1073147047|clearing,2026-08-19T00:00:00+00:00,category=TIMING
BREAK_IDENTIFIED,trade_stage,binance:6582449486|clearing,2026-08-19T00:00:00+00:00,category=QUANTITY
BREAK_IDENTIFIED,trade_stage,binance:6582449487|clearing,2026-08-19T00:00:00+00:00,category=TIMING
BREAK_IDENTIFIED,trade_stage,coinbase:1073147050|clearing,2026-08-19T00:00:00+00:00,category=PRICING
BREAK_IDENTIFIED,trade_stage,coinbase:1073147071|clearing,2026-08-19T00:00:00+00:00,category=QUANTITY
BREAK_IDENTIFIED,trade_stage,binance:6582449503|clearing,2026-08-19T00:00:00+00:00,category=PRICING
BREAK_IDENTIFIED,trade_stage,binance:6582449537|clearing,2026-08-19T00:00:00+00:00,category=TIMING
BREAK_IDENTIFIED,trade_stage,binance:6582449544|clearing,2026-08-19T00:00:00+00:00,category=TIMING
BREAK_IDENTIFIED,trade_stage,binance:6582449568|clearing,2026-08-19T00:00:00+00:00,category=TIMING
BREAK_IDENTIFIED,trade_stage,binance:6582449588|clearing,2026-08-19T00:00:00+00:00,category=MISSING_RECORD
BREAK_IDENTIFIED,trade_stage,binance:6582449616|clearing,2026-08-19T00:00:00+00:00,category=QUANTITY
BREAK_IDENTIFIED,trade_stage,coinbase:1073147079|clearing,2026-08-19T00:00:00+00:00,category=MISSING_RECORD
BREAK_IDENTIFIED,trade_stage,binance:6582449729|clearing,2026-08-19T00:00:00+00:00,category=QUANTITY
BREAK_IDENTIFIED,trade_stage,binance:6582449776|clearing,2026-08-19T00:00:00+00:00,category=QUANTITY
BREAK_IDENTIFIED,trade_stage,coinbase:1073147086|clearing,2026-08-19T00:00:00+00:00,category=TIMING
BREAK_IDENTIFIED,trade_stage,binance:6582449789|clearing,2026-08-19T00:00:00+00:00,category=PRICING
BREAK_IDENTIFIED,trade_stage,binance:6582449829|clearing,2026-08-19T00:00:00+00:00,category=TIMING
BREAK_IDENTIFIED,trade_stage,binance:6582449850|clearing,2026-08-19T00:00:00+00:00,category=QUANTITY
BREAK_IDENTIFIED,trade_stage,binance:6582449872|clearing,2026-08-19T00:00:00+00:00,category=QUANTITY
BREAK_IDENTIFIED,trade_stage,binance:6582449889|clearing,2026-08-19T00:00:00+00:00,category=TIMING
BREAK_IDENTIFIED,trade_stage,coinbase:1073147100|clearing,2026-08-19T00:00:00+00:00,category=REFERENCE_DATA
BREAK_IDENTIFIED,trade_stage,coinbase:1073147106|clearing,2026-08-19T00:00:00+00:00,category=TIMING
BREAK_IDENTIFIED,trade_stage,coinbase:1073147115|clearing,2026-08-19T00:00:00+00:00,category=QUANTITY
BREAK_IDENTIFIED,trade_stage,coinbase:1073147129|clearing,2026-08-19T00:00:00+00:00,category=PRICING
BREAK_IDENTIFIED,trade_stage,coinbase:1073147141|clearing,2026-08-19T00:00:00+00:00,category=PRICING
BREAK_IDENTIFIED,trade_stage,binance:6582450104|clearing,2026-08-19T00:00:00+00:00,category=PRICING
BREAK_IDENTIFIED,trade_stage,binance:6582450122|clearing,2026-08-19T00:00:00+00:00,category=PRICING
BREAK_IDENTIFIED,trade_stage,binance:6582450129|clearing,2026-08-19T00:00:00+00:00,category=PRICING
BREAK_IDENTIFIED,trade_stage,binance:6582450164|clearing,2026-08-19T00:00:00+00:00,category=TIMING
BREAK_IDENTIFIED,trade_stage,binance:6582450193|clearing,2026-08-19T00:00:00+00:00,category=TIMING
BREAK_IDENTIFIED,trade_stage,binance:6582450196|clearing,2026-08-19T00:00:00+00:00,category=PRICING
BREAK_IDENTIFIED,trade_stage,binance:6582450211|clearing,2026-08-19T00:00:00+00:00,category=REFERENCE_DATA
BREAK_IDENTIFIED,trade_stage,binance:6582450251|clearing,2026-08-19T00:00:00+00:00,category=MISSING_RECORD
BREAK_IDENTIFIED,trade_stage,binance:6582450261|clearing,2026-08-19T00:00:00+00:00,category=PRICING
BREAK_IDENTIFIED,trade_stage,coinbase:1073147158|clearing,2026-08-19T00:00:00+00:00,category=TIMING
BREAK_IDENTIFIED,trade_stage,coinbase:1073147164|clearing,2026-08-19T00:00:00+00:00,category=MISSING_RECORD
BREAK_IDENTIFIED,trade_stage,coinbase:1073147165|clearing,2026-08-19T00:00:00+00:00,category=PRICING
BREAK_IDENTIFIED,trade_stage,binance:6582450340|clearing,2026-08-19T00:00:00+00:00,category=QUANTITY
BREAK_IDENTIFIED,trade_stage,binance:6582450342|clearing,2026-08-19T00:00:00+00:00,category=REFERENCE_DATA
BREAK_IDENTIFIED,trade_stage,coinbase:1073147174|clearing,2026-08-19T00:00:00+00:00,category=QUANTITY
BREAK_IDENTIFIED,trade_stage,coinbase:1073147173|clearing,2026-08-19T00:00:00+00:00,category=MISSING_RECORD
BREAK_IDENTIFIED,trade_stage,coinbase:1073147179|clearing,2026-08-19T00:00:00+00:00,category=QUANTITY
BREAK_IDENTIFIED,trade_stage,binance:6582450382|clearing,2026-08-19T00:00:00+00:00,category=TIMING
BREAK_IDENTIFIED,trade_stage,binance:6582450385|clearing,2026-08-19T00:00:00+00:00,category=PRICING
BREAK_IDENTIFIED,trade_stage,coinbase:1073147198|clearing,2026-08-19T00:00:00+00:00,category=MISSING_RECORD
BREAK_IDENTIFIED,trade_stage,binance:6582450420|clearing,2026-08-19T00:00:00+00:00,category=TIMING
BREAK_IDENTIFIED,trade_stage,binance:6582450505|clearing,2026-08-19T00:00:00+00:00,category=TIMING
BREAK_IDENTIFIED,trade_stage,coinbase:1073147216|clearing,2026-08-19T00:00:00+00:00,category=MISSING_RECORD
BREAK_IDENTIFIED,trade_stage,binance:6582450545|clearing,2026-08-19T00:00:00+00:00,category=MISSING_RECORD
BREAK_IDENTIFIED,trade_stage,binance:6582450560|clearing,2026-08-19T00:00:00+00:00,category=QUANTITY
BREAK_IDENTIFIED,trade_stage,binance:6582450584|clearing,2026-08-19T00:00:00+00:00,category=MISSING_RECORD
BREAK_IDENTIFIED,trade_stage,binance:6582450625|clearing,2026-08-19T00:00:00+00:00,category=PRICING
BREAK_IDENTIFIED,trade_stage,binance:6582450626|clearing,2026-08-19T00:00:00+00:00,category=REFERENCE_DATA
BREAK_IDENTIFIED,trade_stage,binance:6582450687|clearing,2026-08-19T00:00:00+00:00,category=PRICING
BREAK_IDENTIFIED,trade_stage,binance:6582450699|clearing,2026-08-19T00:00:00+00:00,category=QUANTITY
BREAK_IDENTIFIED,trade_stage,binance:6582450701|clearing,2026-08-19T00:00:00+00:00,category=TIMING
BREAK_IDENTIFIED,trade_stage,binance:6582450713|clearing,2026-08-19T00:00:00+00:00,category=MISSING_RECORD
BREAK_IDENTIFIED,trade_stage,binance:6582450720|clearing,2026-08-19T00:00:00+00:00,category=REFERENCE_DATA
BREAK_IDENTIFIED,trade_stage,binance:6582450733|clearing,2026-08-19T00:00:00+00:00,category=TIMING
BREAK_IDENTIFIED,trade_stage,coinbase:1073147224|clearing,2026-08-19T00:00:00+00:00,category=REFERENCE_DATA
BREAK_IDENTIFIED,trade_stage,coinbase:1073147226|clearing,2026-08-19T00:00:00+00:00,category=MISSING_RECORD
BREAK_IDENTIFIED,trade_stage,binance:6582450781|clearing,2026-08-19T00:00:00+00:00,category=TIMING
BREAK_IDENTIFIED,trade_stage,binance:6582450809|clearing,2026-08-19T00:00:00+00:00,category=TIMING
BREAK_IDENTIFIED,trade_stage,coinbase:1073147228|clearing,2026-08-19T00:00:00+00:00,category=TIMING
BREAK_IDENTIFIED,trade_stage,coinbase:1073147231|clearing,2026-08-19T00:00:00+00:00,category=REFERENCE_DATA
BREAK_IDENTIFIED,trade_stage,coinbase:1073147250|clearing,2026-08-19T00:00:00+00:00,category=QUANTITY
BREAK_IDENTIFIED,trade_stage,coinbase:1073147247|clearing,2026-08-19T00:00:00+00:00,category=QUANTITY
BREAK_IDENTIFIED,trade_stage,coinbase:1073147242|clearing,2026-08-19T00:00:00+00:00,category=TIMING
BREAK_IDENTIFIED,trade_stage,coinbase:1073147258|clearing,2026-08-19T00:00:00+00:00,category=TIMING
BREAK_IDENTIFIED,trade_stage,coinbase:1073147259|clearing,2026-08-19T00:00:00+00:00,category=TIMING
BREAK_IDENTIFIED,trade_stage,coinbase:1073147261|clearing,2026-08-19T00:00:00+00:00,category=PRICING
BREAK_IDENTIFIED,trade_stage,coinbase:1073147265|clearing,2026-08-19T00:00:00+00:00,category=PRICING
BREAK_IDENTIFIED,trade_stage,coinbase:1073147264|clearing,2026-08-19T00:00:00+00:00,category=QUANTITY
BREAK_IDENTIFIED,trade_stage,kraken:105348460|clearing,2026-08-19T00:00:00+00:00,category=QUANTITY
BREAK_IDENTIFIED,trade_stage,kraken:105348462|clearing,2026-08-19T00:00:00+00:00,category=PRICING
BREAK_IDENTIFIED,trade_stage,kraken:105348466|clearing,2026-08-19T00:00:00+00:00,category=QUANTITY
BREAK_IDENTIFIED,trade_stage,binance:6582450890|clearing,2026-08-19T00:00:00+00:00,category=TIMING
BREAK_IDENTIFIED,trade_stage,binance:6582450932|clearing,2026-08-19T00:00:00+00:00,category=PRICING
BREAK_IDENTIFIED,trade_stage,binance:6582450939|clearing,2026-08-19T00:00:00+00:00,category=TIMING
BREAK_IDENTIFIED,trade_stage,binance:6582450966|clearing,2026-08-19T00:00:00+00:00,category=QUANTITY
BREAK_IDENTIFIED,trade_stage,binance:6582450971|clearing,2026-08-19T00:00:00+00:00,category=PRICING
BREAK_IDENTIFIED,trade_stage,coinbase:1073147276|clearing,2026-08-19T00:00:00+00:00,category=TIMING
BREAK_IDENTIFIED,trade_stage,binance:6582450976|clearing,2026-08-19T00:00:00+00:00,category=PRICING
BREAK_IDENTIFIED,trade_stage,binance:6582451014|clearing,2026-08-19T00:00:00+00:00,category=TIMING
BREAK_IDENTIFIED,trade_stage,binance:6582451044|clearing,2026-08-19T00:00:00+00:00,category=PRICING
BREAK_IDENTIFIED,trade_stage,coinbase:1073147297|clearing,2026-08-19T00:00:00+00:00,category=PRICING
BREAK_IDENTIFIED,trade_stage,binance:6582451147|clearing,2026-08-19T00:00:00+00:00,category=TIMING
BREAK_IDENTIFIED,trade_stage,binance:6582451180|clearing,2026-08-19T00:00:00+00:00,category=PRICING
BREAK_IDENTIFIED,trade_stage,coinbase:1073147307|clearing,2026-08-19T00:00:00+00:00,category=PRICING
BREAK_IDENTIFIED,trade_stage,coinbase:1073147310|clearing,2026-08-19T00:00:00+00:00,category=PRICING
BREAK_IDENTIFIED,trade_stage,coinbase:1073147315|clearing,2026-08-19T00:00:00+00:00,category=PRICING
BREAK_IDENTIFIED,trade_stage,coinbase:1073147320|clearing,2026-08-19T00:00:00+00:00,category=REFERENCE_DATA
BREAK_IDENTIFIED,trade_stage,coinbase:1073147322|clearing,2026-08-19T00:00:00+00:00,category=PRICING
BREAK_IDENTIFIED,trade_stage,coinbase:1073147324|clearing,2026-08-19T00:00:00+00:00,category=QUANTITY
BREAK_IDENTIFIED,trade_stage,coinbase:1073147326|clearing,2026-08-19T00:00:00+00:00,category=TIMING
BREAK_IDENTIFIED,trade_stage,coinbase:1073147329|clearing,2026-08-19T00:00:00+00:00,category=QUANTITY
BREAK_IDENTIFIED,trade_stage,binance:6582451242|clearing,2026-08-19T00:00:00+00:00,category=QUANTITY
BREAK_IDENTIFIED,trade_stage,binance:6582451257|clearing,2026-08-19T00:00:00+00:00,category=PRICING
BREAK_IDENTIFIED,trade_stage,binance:6582451371|clearing,2026-08-19T00:00:00+00:00,category=QUANTITY
BREAK_IDENTIFIED,trade_stage,binance:6582451378|clearing,2026-08-19T00:00:00+00:00,category=QUANTITY
BREAK_IDENTIFIED,trade_stage,coinbase:1073147348|clearing,2026-08-19T00:00:00+00:00,category=REFERENCE_DATA
BREAK_IDENTIFIED,trade_stage,coinbase:1073147353|clearing,2026-08-19T00:00:00+00:00,category=MISSING_RECORD
BREAK_IDENTIFIED,trade_stage,coinbase:1073147358|clearing,2026-08-19T00:00:00+00:00,category=PRICING
BREAK_IDENTIFIED,trade_stage,coinbase:1073147367|clearing,2026-08-19T00:00:00+00:00,category=TIMING
BREAK_IDENTIFIED,trade_stage,binance:6582451479|clearing,2026-08-19T00:00:00+00:00,category=TIMING
BREAK_IDENTIFIED,trade_stage,binance:6582451498|clearing,2026-08-19T00:00:00+00:00,category=REFERENCE_DATA
BREAK_IDENTIFIED,trade_stage,binance:6582451512|clearing,2026-08-19T00:00:00+00:00,category=PRICING
BREAK_IDENTIFIED,trade_stage,binance:6582451639|clearing,2026-08-19T00:00:00+00:00,category=MISSING_RECORD
BREAK_IDENTIFIED,trade_stage,binance:6582451664|clearing,2026-08-19T00:00:00+00:00,category=QUANTITY
BREAK_IDENTIFIED,trade_stage,binance:6582451669|clearing,2026-08-19T00:00:00+00:00,category=PRICING
BREAK_IDENTIFIED,trade_stage,kraken:105348474|clearing,2026-08-19T00:00:00+00:00,category=REFERENCE_DATA
BREAK_IDENTIFIED,trade_stage,coinbase:1073147381|clearing,2026-08-19T00:00:00+00:00,category=PRICING
BREAK_IDENTIFIED,trade_stage,coinbase:1073147382|clearing,2026-08-19T00:00:00+00:00,category=TIMING
BREAK_IDENTIFIED,trade_stage,coinbase:1073147389|clearing,2026-08-19T00:00:00+00:00,category=PRICING
BREAK_IDENTIFIED,trade_stage,binance:6582451742|clearing,2026-08-19T00:00:00+00:00,category=QUANTITY
BREAK_IDENTIFIED,trade_stage,coinbase:1073147411|clearing,2026-08-19T00:00:00+00:00,category=TIMING
BREAK_IDENTIFIED,trade_stage,binance:6582451933|clearing,2026-08-19T00:00:00+00:00,category=QUANTITY
BREAK_IDENTIFIED,trade_stage,binance:6582451941|clearing,2026-08-19T00:00:00+00:00,category=TIMING
BREAK_IDENTIFIED,trade_stage,binance:6582451997|clearing,2026-08-19T00:00:00+00:00,category=TIMING
BREAK_IDENTIFIED,trade_stage,coinbase:1073147425|clearing,2026-08-19T00:00:00+00:00,category=REFERENCE_DATA
BREAK_IDENTIFIED,trade_stage,binance:6582451999|clearing,2026-08-19T00:00:00+00:00,category=REFERENCE_DATA
BREAK_IDENTIFIED,trade_stage,binance:6582452047|clearing,2026-08-19T00:00:00+00:00,category=TIMING
BREAK_IDENTIFIED,trade_stage,binance:6582452088|clearing,2026-08-19T00:00:00+00:00,category=REFERENCE_DATA
BREAK_IDENTIFIED,trade_stage,binance:6582452108|clearing,2026-08-19T00:00:00+00:00,category=PRICING
BREAK_IDENTIFIED,trade_stage,binance:6582452110|clearing,2026-08-19T00:00:00+00:00,category=PRICING
BREAK_IDENTIFIED,trade_stage,binance:6582452132|clearing,2026-08-19T00:00:00+00:00,category=REFERENCE_DATA
BREAK_IDENTIFIED,trade_stage,coinbase:1073147431|clearing,2026-08-19T00:00:00+00:00,category=TIMING
BREAK_IDENTIFIED,trade_stage,kraken:105348481|clearing,2026-08-19T00:00:00+00:00,category=TIMING
BREAK_IDENTIFIED,trade_stage,coinbase:1073147441|clearing,2026-08-19T00:00:00+00:00,category=PRICING
BREAK_IDENTIFIED,trade_stage,coinbase:1073147445|clearing,2026-08-19T00:00:00+00:00,category=PRICING
BREAK_IDENTIFIED,trade_stage,coinbase:1073147450|clearing,2026-08-19T00:00:00+00:00,category=MISSING_RECORD
BREAK_IDENTIFIED,trade_stage,binance:6582452199|clearing,2026-08-19T00:00:00+00:00,category=PRICING
BREAK_IDENTIFIED,trade_stage,binance:6582452201|clearing,2026-08-19T00:00:00+00:00,category=QUANTITY
BREAK_IDENTIFIED,trade_stage,coinbase:1073147455|clearing,2026-08-19T00:00:00+00:00,category=TIMING
BREAK_IDENTIFIED,trade_stage,binance:6582452202|clearing,2026-08-19T00:00:00+00:00,category=REFERENCE_DATA
BREAK_IDENTIFIED,trade_stage,binance:6582452206|clearing,2026-08-19T00:00:00+00:00,category=MISSING_RECORD
BREAK_IDENTIFIED,trade_stage,binance:6582452207|clearing,2026-08-19T00:00:00+00:00,category=REFERENCE_DATA
BREAK_IDENTIFIED,trade_stage,coinbase:1073147464|clearing,2026-08-19T00:00:00+00:00,category=PRICING
BREAK_IDENTIFIED,trade_stage,coinbase:1073147465|clearing,2026-08-19T00:00:00+00:00,category=MISSING_RECORD
BREAK_IDENTIFIED,trade_stage,binance:6582452238|clearing,2026-08-19T00:00:00+00:00,category=TIMING
BREAK_IDENTIFIED,trade_stage,binance:6582452322|clearing,2026-08-19T00:00:00+00:00,category=MISSING_RECORD
BREAK_IDENTIFIED,trade_stage,coinbase:1073147467|clearing,2026-08-19T00:00:00+00:00,category=REFERENCE_DATA
BREAK_IDENTIFIED,trade_stage,coinbase:1073147475|clearing,2026-08-19T00:00:00+00:00,category=QUANTITY
BREAK_IDENTIFIED,trade_stage,binance:6582452482|clearing,2026-08-19T00:00:00+00:00,category=MISSING_RECORD
BREAK_IDENTIFIED,trade_stage,binance:6582452525|clearing,2026-08-19T00:00:00+00:00,category=QUANTITY
BREAK_IDENTIFIED,trade_stage,binance:6582452543|clearing,2026-08-19T00:00:00+00:00,category=QUANTITY
BREAK_IDENTIFIED,trade_stage,coinbase:1073147485|clearing,2026-08-19T00:00:00+00:00,category=MISSING_RECORD
BREAK_IDENTIFIED,trade_stage,binance:6582452635|clearing,2026-08-19T00:00:00+00:00,category=TIMING
BREAK_IDENTIFIED,trade_stage,coinbase:1073147487|clearing,2026-08-19T00:00:00+00:00,category=MISSING_RECORD
BREAK_IDENTIFIED,trade_stage,binance:6582452663|clearing,2026-08-19T00:00:00+00:00,category=PRICING
BREAK_IDENTIFIED,trade_stage,coinbase:1073147517|clearing,2026-08-19T00:00:00+00:00,category=PRICING
BREAK_IDENTIFIED,trade_stage,binance:6582452688|clearing,2026-08-19T00:00:00+00:00,category=TIMING
BREAK_IDENTIFIED,trade_stage,binance:6582452690|clearing,2026-08-19T00:00:00+00:00,category=QUANTITY
BREAK_IDENTIFIED,trade_stage,binance:6582452706|clearing,2026-08-19T00:00:00+00:00,category=QUANTITY
BREAK_IDENTIFIED,trade_stage,binance:6582452712|clearing,2026-08-19T00:00:00+00:00,category=QUANTITY
BREAK_IDENTIFIED,trade_stage,binance:6582452727|clearing,2026-08-19T00:00:00+00:00,category=REFERENCE_DATA
BREAK_IDENTIFIED,trade_stage,binance:6582452752|clearing,2026-08-19T00:00:00+00:00,category=TIMING
BREAK_IDENTIFIED,trade_stage,coinbase:1073147521|clearing,2026-08-19T00:00:00+00:00,category=MISSING_RECORD
BREAK_IDENTIFIED,trade_stage,binance:6582452759|clearing,2026-08-19T00:00:00+00:00,category=MISSING_RECORD
BREAK_IDENTIFIED,trade_stage,coinbase:1073147526|clearing,2026-08-19T00:00:00+00:00,category=MISSING_RECORD
BREAK_IDENTIFIED,trade_stage,kraken:105348492|clearing,2026-08-19T00:00:00+00:00,category=MISSING_RECORD
BREAK_IDENTIFIED,trade_stage,binance:6582452770|clearing,2026-08-19T00:00:00+00:00,category=QUANTITY
BREAK_IDENTIFIED,trade_stage,binance:6582452809|clearing,2026-08-19T00:00:00+00:00,category=MISSING_RECORD
BREAK_IDENTIFIED,trade_stage,binance:6582452868|clearing,2026-08-19T00:00:00+00:00,category=QUANTITY
BREAK_IDENTIFIED,trade_stage,coinbase:1073147539|clearing,2026-08-19T00:00:00+00:00,category=QUANTITY
BREAK_IDENTIFIED,trade_stage,coinbase:1073147543|clearing,2026-08-19T00:00:00+00:00,category=QUANTITY
BREAK_IDENTIFIED,trade_stage,coinbase:1073147546|clearing,2026-08-19T00:00:00+00:00,category=QUANTITY
BREAK_IDENTIFIED,trade_stage,coinbase:1073147548|clearing,2026-08-19T00:00:00+00:00,category=QUANTITY
BREAK_IDENTIFIED,trade_stage,coinbase:1073147552|clearing,2026-08-19T00:00:00+00:00,category=TIMING
BREAK_IDENTIFIED,trade_stage,coinbase:1073147553|clearing,2026-08-19T00:00:00+00:00,category=MISSING_RECORD
BREAK_IDENTIFIED,trade_stage,coinbase:1073147558|clearing,2026-08-19T00:00:00+00:00,category=TIMING
BREAK_IDENTIFIED,trade_stage,coinbase:1073147559|clearing,2026-08-19T00:00:00+00:00,category=QUANTITY
BREAK_IDENTIFIED,trade_stage,coinbase:1073147568|clearing,2026-08-19T00:00:00+00:00,category=QUANTITY
BREAK_IDENTIFIED,trade_stage,coinbase:1073147571|clearing,2026-08-19T00:00:00+00:00,category=PRICING
BREAK_IDENTIFIED,trade_stage,binance:6582452946|clearing,2026-08-19T00:00:00+00:00,category=MISSING_RECORD
BREAK_IDENTIFIED,trade_stage,binance:6582452947|clearing,2026-08-19T00:00:00+00:00,category=MISSING_RECORD
BREAK_IDENTIFIED,trade_stage,binance:6582452979|clearing,2026-08-19T00:00:00+00:00,category=TIMING
BREAK_IDENTIFIED,trade_stage,coinbase:1073147581|clearing,2026-08-19T00:00:00+00:00,category=PRICING
BREAK_IDENTIFIED,trade_stage,binance:6582453095|clearing,2026-08-19T00:00:00+00:00,category=QUANTITY
BREAK_IDENTIFIED,trade_stage,binance:6582453157|clearing,2026-08-19T00:00:00+00:00,category=PRICING
BREAK_IDENTIFIED,trade_stage,coinbase:1073147591|clearing,2026-08-19T00:00:00+00:00,category=PRICING
BREAK_IDENTIFIED,trade_stage,coinbase:1073147594|clearing,2026-08-19T00:00:00+00:00,category=QUANTITY
BREAK_IDENTIFIED,trade_stage,kraken:105348502|clearing,2026-08-19T00:00:00+00:00,category=TIMING
BREAK_IDENTIFIED,trade_stage,coinbase:1073147596|clearing,2026-08-19T00:00:00+00:00,category=QUANTITY
BREAK_IDENTIFIED,trade_stage,coinbase:1073147599|clearing,2026-08-19T00:00:00+00:00,category=QUANTITY
BREAK_IDENTIFIED,trade_stage,coinbase:1073147605|clearing,2026-08-19T00:00:00+00:00,category=MISSING_RECORD
BREAK_IDENTIFIED,trade_stage,coinbase:1073147618|clearing,2026-08-19T00:00:00+00:00,category=TIMING
BREAK_IDENTIFIED,trade_stage,coinbase:1073147621|clearing,2026-08-19T00:00:00+00:00,category=QUANTITY
BREAK_IDENTIFIED,trade_stage,coinbase:1073147623|clearing,2026-08-19T00:00:00+00:00,category=REFERENCE_DATA
BREAK_IDENTIFIED,trade_stage,kraken:105348507|clearing,2026-08-19T00:00:00+00:00,category=TIMING
BREAK_IDENTIFIED,trade_stage,coinbase:1073147633|clearing,2026-08-19T00:00:00+00:00,category=QUANTITY
BREAK_IDENTIFIED,trade_stage,coinbase:1073147639|clearing,2026-08-19T00:00:00+00:00,category=TIMING
BREAK_IDENTIFIED,trade_stage,coinbase:1073147646|clearing,2026-08-19T00:00:00+00:00,category=QUANTITY
BREAK_IDENTIFIED,trade_stage,binance:6582453222|clearing,2026-08-19T00:00:00+00:00,category=TIMING
BREAK_IDENTIFIED,trade_stage,coinbase:1073147652|clearing,2026-08-19T00:00:00+00:00,category=MISSING_RECORD
BREAK_IDENTIFIED,trade_stage,coinbase:1073147654|clearing,2026-08-19T00:00:00+00:00,category=MISSING_RECORD
BREAK_IDENTIFIED,trade_stage,binance:6582453226|clearing,2026-08-19T00:00:00+00:00,category=PRICING
BREAK_IDENTIFIED,trade_stage,coinbase:1073147660|clearing,2026-08-19T00:00:00+00:00,category=PRICING
BREAK_IDENTIFIED,trade_stage,coinbase:1073147661|clearing,2026-08-19T00:00:00+00:00,category=PRICING
BREAK_IDENTIFIED,trade_stage,coinbase:1073147667|clearing,2026-08-19T00:00:00+00:00,category=QUANTITY
BREAK_IDENTIFIED,trade_stage,coinbase:1073147683|clearing,2026-08-19T00:00:00+00:00,category=MISSING_RECORD
BREAK_IDENTIFIED,trade_stage,coinbase:1073147688|clearing,2026-08-19T00:00:00+00:00,category=QUANTITY
BREAK_IDENTIFIED,trade_stage,coinbase:1073147692|clearing,2026-08-19T00:00:00+00:00,category=PRICING
BREAK_IDENTIFIED,trade_stage,coinbase:1073147697|clearing,2026-08-19T00:00:00+00:00,category=MISSING_RECORD
BREAK_IDENTIFIED,trade_stage,coinbase:1073147712|clearing,2026-08-19T00:00:00+00:00,category=MISSING_RECORD
BREAK_IDENTIFIED,trade_stage,coinbase:1073147711|clearing,2026-08-19T00:00:00+00:00,category=QUANTITY
BREAK_IDENTIFIED,trade_stage,coinbase:1073147718|clearing,2026-08-19T00:00:00+00:00,category=QUANTITY
BREAK_IDENTIFIED,trade_stage,binance:6582453321|clearing,2026-08-19T00:00:00+00:00,category=QUANTITY
BREAK_IDENTIFIED,trade_stage,binance:6582453369|clearing,2026-08-19T00:00:00+00:00,category=MISSING_RECORD
BREAK_IDENTIFIED,trade_stage,binance:6582453391|clearing,2026-08-19T00:00:00+00:00,category=PRICING
BREAK_IDENTIFIED,trade_stage,coinbase:1073147720|clearing,2026-08-19T00:00:00+00:00,category=TIMING
BREAK_IDENTIFIED,trade_stage,binance:6582453462|clearing,2026-08-19T00:00:00+00:00,category=TIMING
BREAK_IDENTIFIED,trade_stage,binance:6582453515|clearing,2026-08-19T00:00:00+00:00,category=TIMING
BREAK_IDENTIFIED,trade_stage,binance:6582453534|clearing,2026-08-19T00:00:00+00:00,category=PRICING
BREAK_IDENTIFIED,trade_stage,binance:6582453565|clearing,2026-08-19T00:00:00+00:00,category=QUANTITY
BREAK_IDENTIFIED,trade_stage,binance:6582453569|clearing,2026-08-19T00:00:00+00:00,category=QUANTITY
BREAK_IDENTIFIED,trade_stage,binance:6582453626|clearing,2026-08-19T00:00:00+00:00,category=QUANTITY
BREAK_IDENTIFIED,trade_stage,binance:6582453627|clearing,2026-08-19T00:00:00+00:00,category=QUANTITY
BREAK_IDENTIFIED,trade_stage,binance:6582453643|clearing,2026-08-19T00:00:00+00:00,category=TIMING
BREAK_IDENTIFIED,trade_stage,binance:6582453654|clearing,2026-08-19T00:00:00+00:00,category=TIMING
BREAK_IDENTIFIED,trade_stage,coinbase:1073147752|clearing,2026-08-19T00:00:00+00:00,category=MISSING_RECORD
BREAK_IDENTIFIED,trade_stage,coinbase:1073147765|clearing,2026-08-19T00:00:00+00:00,category=TIMING
BREAK_IDENTIFIED,trade_stage,coinbase:1073147768|clearing,2026-08-19T00:00:00+00:00,category=QUANTITY
BREAK_IDENTIFIED,trade_stage,binance:6582453685|clearing,2026-08-19T00:00:00+00:00,category=TIMING
BREAK_IDENTIFIED,trade_stage,binance:6582453694|clearing,2026-08-19T00:00:00+00:00,category=QUANTITY
BREAK_IDENTIFIED,trade_stage,coinbase:1073147791|clearing,2026-08-19T00:00:00+00:00,category=QUANTITY
BREAK_IDENTIFIED,trade_stage,coinbase:1073147792|clearing,2026-08-19T00:00:00+00:00,category=MISSING_RECORD
BREAK_IDENTIFIED,trade_stage,coinbase:1073147801|clearing,2026-08-19T00:00:00+00:00,category=MISSING_RECORD
BREAK_IDENTIFIED,trade_stage,coinbase:1073147810|clearing,2026-08-19T00:00:00+00:00,category=QUANTITY
BREAK_IDENTIFIED,trade_stage,coinbase:1073147828|clearing,2026-08-19T00:00:00+00:00,category=TIMING
BREAK_IDENTIFIED,trade_stage,binance:6582453717|clearing,2026-08-19T00:00:00+00:00,category=TIMING
BREAK_IDENTIFIED,trade_stage,coinbase:1073147858|clearing,2026-08-19T00:00:00+00:00,category=TIMING
BREAK_IDENTIFIED,trade_stage,binance:6582453734|clearing,2026-08-19T00:00:00+00:00,category=PRICING
BREAK_IDENTIFIED,trade_stage,coinbase:1073147863|clearing,2026-08-19T00:00:00+00:00,category=TIMING
BREAK_IDENTIFIED,trade_stage,coinbase:1073147864|clearing,2026-08-19T00:00:00+00:00,category=TIMING
BREAK_IDENTIFIED,trade_stage,coinbase:1073147869|clearing,2026-08-19T00:00:00+00:00,category=QUANTITY
BREAK_IDENTIFIED,trade_stage,kraken:105348516|clearing,2026-08-19T00:00:00+00:00,category=REFERENCE_DATA
BREAK_IDENTIFIED,trade_stage,kraken:105348525|clearing,2026-08-19T00:00:00+00:00,category=QUANTITY
BREAK_IDENTIFIED,trade_stage,coinbase:1073147872|clearing,2026-08-19T00:00:00+00:00,category=MISSING_RECORD
BREAK_IDENTIFIED,trade_stage,coinbase:1073147879|clearing,2026-08-19T00:00:00+00:00,category=REFERENCE_DATA
BREAK_IDENTIFIED,trade_stage,binance:6582453801|clearing,2026-08-19T00:00:00+00:00,category=MISSING_RECORD
BREAK_IDENTIFIED,trade_stage,binance:6582453809|clearing,2026-08-19T00:00:00+00:00,category=MISSING_RECORD
BREAK_IDENTIFIED,trade_stage,binance:6582453897|clearing,2026-08-19T00:00:00+00:00,category=TIMING
BREAK_IDENTIFIED,trade_stage,binance:6582453906|clearing,2026-08-19T00:00:00+00:00,category=MISSING_RECORD
BREAK_IDENTIFIED,trade_stage,binance:6582453912|clearing,2026-08-19T00:00:00+00:00,category=MISSING_RECORD
BREAK_IDENTIFIED,trade_stage,binance:6582453948|clearing,2026-08-19T00:00:00+00:00,category=TIMING
BREAK_IDENTIFIED,trade_stage,binance:6582453961|clearing,2026-08-19T00:00:00+00:00,category=PRICING
BREAK_IDENTIFIED,trade_stage,binance:6582453983|clearing,2026-08-19T00:00:00+00:00,category=MISSING_RECORD
BREAK_IDENTIFIED,trade_stage,coinbase:1073147889|clearing,2026-08-19T00:00:00+00:00,category=PRICING
BREAK_IDENTIFIED,trade_stage,coinbase:1073147894|clearing,2026-08-19T00:00:00+00:00,category=MISSING_RECORD
BREAK_IDENTIFIED,trade_stage,coinbase:1073147897|clearing,2026-08-19T00:00:00+00:00,category=QUANTITY
BREAK_IDENTIFIED,trade_stage,binance:6582454021|clearing,2026-08-19T00:00:00+00:00,category=TIMING
BREAK_IDENTIFIED,trade_stage,binance:6582454063|clearing,2026-08-19T00:00:00+00:00,category=REFERENCE_DATA
BREAK_IDENTIFIED,trade_stage,binance:6582454075|clearing,2026-08-19T00:00:00+00:00,category=REFERENCE_DATA
BREAK_IDENTIFIED,trade_stage,binance:6582454079|clearing,2026-08-19T00:00:00+00:00,category=QUANTITY
BREAK_IDENTIFIED,trade_stage,binance:6582454106|clearing,2026-08-19T00:00:00+00:00,category=REFERENCE_DATA
BREAK_IDENTIFIED,trade_stage,binance:6582454124|clearing,2026-08-19T00:00:00+00:00,category=QUANTITY
BREAK_IDENTIFIED,trade_stage,binance:6582454130|clearing,2026-08-19T00:00:00+00:00,category=TIMING
BREAK_IDENTIFIED,trade_stage,binance:6582454133|clearing,2026-08-19T00:00:00+00:00,category=QUANTITY
BREAK_IDENTIFIED,trade_stage,binance:6582454138|clearing,2026-08-19T00:00:00+00:00,category=PRICING
BREAK_IDENTIFIED,trade_stage,binance:6582454143|clearing,2026-08-19T00:00:00+00:00,category=TIMING
BREAK_IDENTIFIED,trade_stage,binance:6582454144|clearing,2026-08-19T00:00:00+00:00,category=TIMING
BREAK_IDENTIFIED,trade_stage,binance:6582454150|clearing,2026-08-19T00:00:00+00:00,category=TIMING
BREAK_IDENTIFIED,trade_stage,binance:6582454161|clearing,2026-08-19T00:00:00+00:00,category=QUANTITY
BREAK_IDENTIFIED,trade_stage,binance:6582454162|clearing,2026-08-19T00:00:00+00:00,category=MISSING_RECORD
BREAK_IDENTIFIED,trade_stage,binance:6582454170|clearing,2026-08-19T00:00:00+00:00,category=QUANTITY
BREAK_IDENTIFIED,trade_stage,binance:6582454192|clearing,2026-08-19T00:00:00+00:00,category=QUANTITY
BREAK_IDENTIFIED,trade_stage,binance:6582454197|clearing,2026-08-19T00:00:00+00:00,category=TIMING
BREAK_IDENTIFIED,trade_stage,binance:6582454201|clearing,2026-08-19T00:00:00+00:00,category=QUANTITY
BREAK_IDENTIFIED,trade_stage,binance:6582454207|clearing,2026-08-19T00:00:00+00:00,category=QUANTITY
BREAK_IDENTIFIED,trade_stage,binance:6582454209|clearing,2026-08-19T00:00:00+00:00,category=PRICING
BREAK_IDENTIFIED,trade_stage,binance:6582454211|clearing,2026-08-19T00:00:00+00:00,category=QUANTITY
BREAK_IDENTIFIED,trade_stage,binance:6582454241|clearing,2026-08-19T00:00:00+00:00,category=PRICING
BREAK_IDENTIFIED,trade_stage,binance:6582454288|clearing,2026-08-19T00:00:00+00:00,category=TIMING
BREAK_IDENTIFIED,trade_stage,binance:6582454290|clearing,2026-08-19T00:00:00+00:00,category=PRICING
BREAK_IDENTIFIED,trade_stage,binance:6582454292|clearing,2026-08-19T00:00:00+00:00,category=REFERENCE_DATA
BREAK_IDENTIFIED,trade_stage,binance:6582454312|clearing,2026-08-19T00:00:00+00:00,category=PRICING
BREAK_IDENTIFIED,trade_stage,binance:6582454322|clearing,2026-08-19T00:00:00+00:00,category=TIMING
BREAK_IDENTIFIED,trade_stage,binance:6582454328|clearing,2026-08-19T00:00:00+00:00,category=TIMING
BREAK_IDENTIFIED,trade_stage,coinbase:1073147920|clearing,2026-08-19T00:00:00+00:00,category=QUANTITY
BREAK_IDENTIFIED,trade_stage,coinbase:1073147913|clearing,2026-08-19T00:00:00+00:00,category=TIMING
BREAK_IDENTIFIED,trade_stage,coinbase:1073147911|clearing,2026-08-19T00:00:00+00:00,category=REFERENCE_DATA
BREAK_IDENTIFIED,trade_stage,coinbase:1073147908|clearing,2026-08-19T00:00:00+00:00,category=QUANTITY
BREAK_IDENTIFIED,trade_stage,coinbase:1073147906|clearing,2026-08-19T00:00:00+00:00,category=QUANTITY
BREAK_IDENTIFIED,trade_stage,coinbase:1073147945|clearing,2026-08-19T00:00:00+00:00,category=REFERENCE_DATA
BREAK_IDENTIFIED,trade_stage,coinbase:1073147937|clearing,2026-08-19T00:00:00+00:00,category=PRICING
BREAK_IDENTIFIED,trade_stage,coinbase:1073147957|clearing,2026-08-19T00:00:00+00:00,category=QUANTITY
BREAK_IDENTIFIED,trade_stage,coinbase:1073147952|clearing,2026-08-19T00:00:00+00:00,category=QUANTITY
BREAK_IDENTIFIED,trade_stage,coinbase:1073147951|clearing,2026-08-19T00:00:00+00:00,category=TIMING
BREAK_IDENTIFIED,trade_stage,coinbase:1073147959|clearing,2026-08-19T00:00:00+00:00,category=QUANTITY
BREAK_IDENTIFIED,trade_stage,coinbase:1073147965|clearing,2026-08-19T00:00:00+00:00,category=PRICING
BREAK_IDENTIFIED,trade_stage,coinbase:1073147969|clearing,2026-08-19T00:00:00+00:00,category=TIMING
BREAK_IDENTIFIED,trade_stage,binance:6582454385|clearing,2026-08-19T00:00:00+00:00,category=PRICING
BREAK_IDENTIFIED,trade_stage,kraken:105348537|clearing,2026-08-19T00:00:00+00:00,category=TIMING
BREAK_IDENTIFIED,trade_stage,kraken:105348539|clearing,2026-08-19T00:00:00+00:00,category=MISSING_RECORD
BREAK_IDENTIFIED,trade_stage,kraken:105348542|clearing,2026-08-19T00:00:00+00:00,category=PRICING
BREAK_IDENTIFIED,trade_stage,coinbase:1073147974|clearing,2026-08-19T00:00:00+00:00,category=MISSING_RECORD
BREAK_IDENTIFIED,trade_stage,binance:6582454449|clearing,2026-08-19T00:00:00+00:00,category=PRICING
BREAK_IDENTIFIED,trade_stage,binance:6582454450|clearing,2026-08-19T00:00:00+00:00,category=REFERENCE_DATA
BREAK_IDENTIFIED,trade_stage,binance:6582454455|clearing,2026-08-19T00:00:00+00:00,category=TIMING
BREAK_IDENTIFIED,trade_stage,binance:6582454461|clearing,2026-08-19T00:00:00+00:00,category=REFERENCE_DATA
BREAK_IDENTIFIED,trade_stage,binance:6582454491|clearing,2026-08-19T00:00:00+00:00,category=MISSING_RECORD
BREAK_IDENTIFIED,trade_stage,binance:6582454523|clearing,2026-08-19T00:00:00+00:00,category=PRICING
BREAK_IDENTIFIED,trade_stage,binance:6582454536|clearing,2026-08-19T00:00:00+00:00,category=MISSING_RECORD
BREAK_IDENTIFIED,trade_stage,binance:6582454538|clearing,2026-08-19T00:00:00+00:00,category=PRICING
BREAK_IDENTIFIED,trade_stage,binance:6582454552|clearing,2026-08-19T00:00:00+00:00,category=MISSING_RECORD
BREAK_IDENTIFIED,trade_stage,binance:6582454559|clearing,2026-08-19T00:00:00+00:00,category=PRICING
BREAK_IDENTIFIED,trade_stage,coinbase:1073148000|clearing,2026-08-19T00:00:00+00:00,category=PRICING
BREAK_IDENTIFIED,trade_stage,binance:6582454565|clearing,2026-08-19T00:00:00+00:00,category=MISSING_RECORD
BREAK_IDENTIFIED,trade_stage,coinbase:1073148008|clearing,2026-08-19T00:00:00+00:00,category=QUANTITY
BREAK_IDENTIFIED,trade_stage,coinbase:1073148011|clearing,2026-08-19T00:00:00+00:00,category=QUANTITY
BREAK_IDENTIFIED,trade_stage,binance:6582454625|clearing,2026-08-19T00:00:00+00:00,category=PRICING
BREAK_IDENTIFIED,trade_stage,binance:6582454652|clearing,2026-08-19T00:00:00+00:00,category=QUANTITY
BREAK_IDENTIFIED,trade_stage,binance:6582454655|clearing,2026-08-19T00:00:00+00:00,category=TIMING
BREAK_IDENTIFIED,trade_stage,coinbase:1073148024|clearing,2026-08-19T00:00:00+00:00,category=MISSING_RECORD
BREAK_IDENTIFIED,trade_stage,binance:6582454696|clearing,2026-08-19T00:00:00+00:00,category=REFERENCE_DATA
BREAK_IDENTIFIED,trade_stage,binance:6582454705|clearing,2026-08-19T00:00:00+00:00,category=TIMING
BREAK_IDENTIFIED,trade_stage,binance:6582454709|clearing,2026-08-19T00:00:00+00:00,category=QUANTITY
BREAK_IDENTIFIED,trade_stage,kraken:105348549|clearing,2026-08-19T00:00:00+00:00,category=TIMING
BREAK_IDENTIFIED,trade_stage,binance:6582454725|clearing,2026-08-19T00:00:00+00:00,category=PRICING
BREAK_IDENTIFIED,trade_stage,binance:6582454739|clearing,2026-08-19T00:00:00+00:00,category=QUANTITY
BREAK_IDENTIFIED,trade_stage,binance:6582454750|clearing,2026-08-19T00:00:00+00:00,category=QUANTITY
BREAK_IDENTIFIED,trade_stage,binance:6582454755|clearing,2026-08-19T00:00:00+00:00,category=TIMING
BREAK_IDENTIFIED,trade_stage,coinbase:1073148032|clearing,2026-08-19T00:00:00+00:00,category=PRICING
BREAK_IDENTIFIED,trade_stage,binance:6582454814|clearing,2026-08-19T00:00:00+00:00,category=QUANTITY
BREAK_IDENTIFIED,trade_stage,coinbase:1073148035|clearing,2026-08-19T00:00:00+00:00,category=PRICING
BREAK_IDENTIFIED,trade_stage,coinbase:1073148038|clearing,2026-08-19T00:00:00+00:00,category=QUANTITY
BREAK_IDENTIFIED,trade_stage,binance:6582454845|clearing,2026-08-19T00:00:00+00:00,category=QUANTITY
BREAK_IDENTIFIED,trade_stage,binance:6582454851|clearing,2026-08-19T00:00:00+00:00,category=PRICING
BREAK_IDENTIFIED,trade_stage,binance:6582454853|clearing,2026-08-19T00:00:00+00:00,category=QUANTITY
BREAK_IDENTIFIED,trade_stage,coinbase:1073148041|clearing,2026-08-19T00:00:00+00:00,category=QUANTITY
BREAK_IDENTIFIED,trade_stage,binance:6582454873|clearing,2026-08-19T00:00:00+00:00,category=QUANTITY
BREAK_IDENTIFIED,trade_stage,binance:6582454907|clearing,2026-08-19T00:00:00+00:00,category=QUANTITY
BREAK_IDENTIFIED,trade_stage,coinbase:1073148057|clearing,2026-08-19T00:00:00+00:00,category=TIMING
BREAK_IDENTIFIED,trade_stage,coinbase:1073148064|clearing,2026-08-19T00:00:00+00:00,category=MISSING_RECORD
BREAK_IDENTIFIED,trade_stage,coinbase:1073148066|clearing,2026-08-19T00:00:00+00:00,category=TIMING
BREAK_IDENTIFIED,trade_stage,coinbase:1073148077|clearing,2026-08-19T00:00:00+00:00,category=QUANTITY
BREAK_IDENTIFIED,trade_stage,coinbase:1073148085|clearing,2026-08-19T00:00:00+00:00,category=MISSING_RECORD
BREAK_IDENTIFIED,trade_stage,coinbase:1073148093|clearing,2026-08-19T00:00:00+00:00,category=QUANTITY
BREAK_IDENTIFIED,trade_stage,coinbase:1073148090|clearing,2026-08-19T00:00:00+00:00,category=PRICING
BREAK_IDENTIFIED,trade_stage,binance:6582455014|clearing,2026-08-19T00:00:00+00:00,category=PRICING
BREAK_IDENTIFIED,trade_stage,binance:6582455156|clearing,2026-08-19T00:00:00+00:00,category=PRICING
BREAK_IDENTIFIED,trade_stage,binance:6582455190|clearing,2026-08-19T00:00:00+00:00,category=TIMING
BREAK_IDENTIFIED,trade_stage,coinbase:1073148132|clearing,2026-08-19T00:00:00+00:00,category=MISSING_RECORD
BREAK_IDENTIFIED,trade_stage,binance:6582455199|clearing,2026-08-19T00:00:00+00:00,category=REFERENCE_DATA
BREAK_IDENTIFIED,trade_stage,binance:6582455200|clearing,2026-08-19T00:00:00+00:00,category=QUANTITY
BREAK_IDENTIFIED,trade_stage,binance:6582455213|clearing,2026-08-19T00:00:00+00:00,category=MISSING_RECORD
BREAK_IDENTIFIED,trade_stage,binance:6582455214|clearing,2026-08-19T00:00:00+00:00,category=QUANTITY
BREAK_IDENTIFIED,trade_stage,binance:6582455215|clearing,2026-08-19T00:00:00+00:00,category=PRICING
BREAK_IDENTIFIED,trade_stage,binance:6582455226|clearing,2026-08-19T00:00:00+00:00,category=PRICING
BREAK_IDENTIFIED,trade_stage,binance:6582455288|clearing,2026-08-19T00:00:00+00:00,category=TIMING
BREAK_IDENTIFIED,trade_stage,binance:6582455322|clearing,2026-08-19T00:00:00+00:00,category=PRICING
BREAK_IDENTIFIED,trade_stage,binance:6582455338|clearing,2026-08-19T00:00:00+00:00,category=PRICING
BREAK_IDENTIFIED,trade_stage,binance:6582455344|clearing,2026-08-19T00:00:00+00:00,category=QUANTITY
BREAK_IDENTIFIED,trade_stage,coinbase:1073148148|clearing,2026-08-19T00:00:00+00:00,category=PRICING
BREAK_IDENTIFIED,trade_stage,coinbase:1073148157|clearing,2026-08-19T00:00:00+00:00,category=MISSING_RECORD
BREAK_IDENTIFIED,trade_stage,binance:6582455431|clearing,2026-08-19T00:00:00+00:00,category=TIMING
BREAK_IDENTIFIED,trade_stage,coinbase:1073148159|clearing,2026-08-19T00:00:00+00:00,category=PRICING
BREAK_IDENTIFIED,trade_stage,coinbase:1073148164|clearing,2026-08-19T00:00:00+00:00,category=MISSING_RECORD
BREAK_IDENTIFIED,trade_stage,coinbase:1073148165|clearing,2026-08-19T00:00:00+00:00,category=REFERENCE_DATA
BREAK_IDENTIFIED,trade_stage,coinbase:1073148179|clearing,2026-08-19T00:00:00+00:00,category=MISSING_RECORD
BREAK_IDENTIFIED,trade_stage,coinbase:1073148181|clearing,2026-08-19T00:00:00+00:00,category=TIMING
BREAK_IDENTIFIED,trade_stage,coinbase:1073148183|clearing,2026-08-19T00:00:00+00:00,category=QUANTITY
BREAK_IDENTIFIED,trade_stage,coinbase:1073148184|clearing,2026-08-19T00:00:00+00:00,category=MISSING_RECORD
BREAK_IDENTIFIED,trade_stage,coinbase:1073148190|clearing,2026-08-19T00:00:00+00:00,category=TIMING
BREAK_IDENTIFIED,trade_stage,coinbase:1073148201|clearing,2026-08-19T00:00:00+00:00,category=MISSING_RECORD
BREAK_IDENTIFIED,trade_stage,coinbase:1073148202|clearing,2026-08-19T00:00:00+00:00,category=QUANTITY
BREAK_IDENTIFIED,trade_stage,coinbase:1073148205|clearing,2026-08-19T00:00:00+00:00,category=REFERENCE_DATA
BREAK_IDENTIFIED,trade_stage,coinbase:1073148215|clearing,2026-08-19T00:00:00+00:00,category=PRICING
BREAK_IDENTIFIED,trade_stage,binance:6582455475|clearing,2026-08-19T00:00:00+00:00,category=TIMING
BREAK_IDENTIFIED,trade_stage,coinbase:1073148221|clearing,2026-08-19T00:00:00+00:00,category=TIMING
BREAK_IDENTIFIED,trade_stage,binance:6582455476|clearing,2026-08-19T00:00:00+00:00,category=MISSING_RECORD
BREAK_IDENTIFIED,trade_stage,binance:6582455544|clearing,2026-08-19T00:00:00+00:00,category=REFERENCE_DATA
BREAK_IDENTIFIED,trade_stage,binance:6582455561|clearing,2026-08-19T00:00:00+00:00,category=TIMING
BREAK_IDENTIFIED,trade_stage,binance:6582455565|clearing,2026-08-19T00:00:00+00:00,category=PRICING
BREAK_IDENTIFIED,trade_stage,binance:6582455575|clearing,2026-08-19T00:00:00+00:00,category=QUANTITY
BREAK_IDENTIFIED,trade_stage,binance:6582455583|clearing,2026-08-19T00:00:00+00:00,category=TIMING
BREAK_IDENTIFIED,trade_stage,coinbase:1073148245|clearing,2026-08-19T00:00:00+00:00,category=PRICING
BREAK_IDENTIFIED,trade_stage,coinbase:1073148248|clearing,2026-08-19T00:00:00+00:00,category=PRICING
BREAK_IDENTIFIED,trade_stage,kraken:105348552|clearing,2026-08-19T00:00:00+00:00,category=MISSING_RECORD
BREAK_IDENTIFIED,trade_stage,coinbase:1073148259|clearing,2026-08-19T00:00:00+00:00,category=TIMING
BREAK_IDENTIFIED,trade_stage,binance:6582455603|clearing,2026-08-19T00:00:00+00:00,category=TIMING
BREAK_IDENTIFIED,trade_stage,binance:6582455628|clearing,2026-08-19T00:00:00+00:00,category=TIMING
BREAK_IDENTIFIED,trade_stage,binance:6582455630|clearing,2026-08-19T00:00:00+00:00,category=MISSING_RECORD
BREAK_IDENTIFIED,trade_stage,coinbase:1073148282|clearing,2026-08-19T00:00:00+00:00,category=PRICING
BREAK_IDENTIFIED,trade_stage,coinbase:1073148288|clearing,2026-08-19T00:00:00+00:00,category=REFERENCE_DATA
BREAK_IDENTIFIED,trade_stage,binance:6582455660|clearing,2026-08-19T00:00:00+00:00,category=PRICING
BREAK_IDENTIFIED,trade_stage,binance:6582455691|clearing,2026-08-19T00:00:00+00:00,category=REFERENCE_DATA
BREAK_IDENTIFIED,trade_stage,kraken:105348557|clearing,2026-08-19T00:00:00+00:00,category=MISSING_RECORD
BREAK_IDENTIFIED,trade_stage,coinbase:1073148312|clearing,2026-08-19T00:00:00+00:00,category=TIMING
BREAK_IDENTIFIED,trade_stage,coinbase:1073148314|clearing,2026-08-19T00:00:00+00:00,category=TIMING
BREAK_IDENTIFIED,trade_stage,coinbase:1073148323|clearing,2026-08-19T00:00:00+00:00,category=REFERENCE_DATA
BREAK_IDENTIFIED,trade_stage,coinbase:1073148326|clearing,2026-08-19T00:00:00+00:00,category=PRICING
BREAK_IDENTIFIED,trade_stage,coinbase:1073148327|clearing,2026-08-19T00:00:00+00:00,category=QUANTITY
BREAK_IDENTIFIED,trade_stage,binance:6582455863|clearing,2026-08-19T00:00:00+00:00,category=PRICING
BREAK_IDENTIFIED,trade_stage,binance:6582455888|clearing,2026-08-19T00:00:00+00:00,category=MISSING_RECORD
BREAK_IDENTIFIED,trade_stage,coinbase:1073148344|clearing,2026-08-19T00:00:00+00:00,category=MISSING_RECORD
BREAK_IDENTIFIED,trade_stage,binance:6582455935|clearing,2026-08-19T00:00:00+00:00,category=PRICING
BREAK_IDENTIFIED,trade_stage,binance:6582455941|clearing,2026-08-19T00:00:00+00:00,category=QUANTITY
BREAK_IDENTIFIED,trade_stage,binance:6582455988|clearing,2026-08-19T00:00:00+00:00,category=PRICING
BREAK_IDENTIFIED,trade_stage,binance:6582456006|clearing,2026-08-19T00:00:00+00:00,category=QUANTITY
BREAK_IDENTIFIED,trade_stage,coinbase:1073148347|clearing,2026-08-19T00:00:00+00:00,category=TIMING
BREAK_IDENTIFIED,trade_stage,coinbase:1073148353|clearing,2026-08-19T00:00:00+00:00,category=MISSING_RECORD
BREAK_IDENTIFIED,trade_stage,binance:6582456153|clearing,2026-08-19T00:00:00+00:00,category=PRICING
BREAK_IDENTIFIED,trade_stage,binance:6582456159|clearing,2026-08-19T00:00:00+00:00,category=QUANTITY
BREAK_IDENTIFIED,trade_stage,binance:6582456163|clearing,2026-08-19T00:00:00+00:00,category=REFERENCE_DATA
BREAK_IDENTIFIED,trade_stage,binance:6582456171|clearing,2026-08-19T00:00:00+00:00,category=TIMING
BREAK_IDENTIFIED,trade_stage,coinbase:1073148365|clearing,2026-08-19T00:00:00+00:00,category=PRICING
BREAK_IDENTIFIED,trade_stage,binance:6582456242|clearing,2026-08-19T00:00:00+00:00,category=QUANTITY
BREAK_IDENTIFIED,trade_stage,coinbase:1073148372|clearing,2026-08-19T00:00:00+00:00,category=TIMING
BREAK_IDENTIFIED,trade_stage,binance:6582456278|clearing,2026-08-19T00:00:00+00:00,category=PRICING
BREAK_IDENTIFIED,trade_stage,binance:6582456329|clearing,2026-08-19T00:00:00+00:00,category=TIMING
BREAK_IDENTIFIED,trade_stage,coinbase:1073148375|clearing,2026-08-19T00:00:00+00:00,category=PRICING
BREAK_IDENTIFIED,trade_stage,binance:6582456371|clearing,2026-08-19T00:00:00+00:00,category=TIMING
BREAK_IDENTIFIED,trade_stage,binance:6582456432|clearing,2026-08-19T00:00:00+00:00,category=TIMING
BREAK_IDENTIFIED,trade_stage,coinbase:1073148381|clearing,2026-08-19T00:00:00+00:00,category=QUANTITY
BREAK_IDENTIFIED,trade_stage,coinbase:1073148384|clearing,2026-08-19T00:00:00+00:00,category=PRICING
BREAK_IDENTIFIED,trade_stage,binance:6582456464|clearing,2026-08-19T00:00:00+00:00,category=MISSING_RECORD
BREAK_IDENTIFIED,trade_stage,binance:6582456470|clearing,2026-08-19T00:00:00+00:00,category=TIMING
BREAK_IDENTIFIED,trade_stage,binance:6582456471|clearing,2026-08-19T00:00:00+00:00,category=TIMING
BREAK_IDENTIFIED,trade_stage,coinbase:1073148394|clearing,2026-08-19T00:00:00+00:00,category=PRICING
BREAK_IDENTIFIED,trade_stage,kraken:105348580|clearing,2026-08-19T00:00:00+00:00,category=MISSING_RECORD
BREAK_IDENTIFIED,trade_stage,binance:6582456484|clearing,2026-08-19T00:00:00+00:00,category=TIMING
BREAK_IDENTIFIED,trade_stage,binance:6582456519|clearing,2026-08-19T00:00:00+00:00,category=PRICING
BREAK_IDENTIFIED,trade_stage,binance:6582456656|clearing,2026-08-19T00:00:00+00:00,category=PRICING
BREAK_IDENTIFIED,trade_stage,binance:6582456689|clearing,2026-08-19T00:00:00+00:00,category=TIMING
BREAK_IDENTIFIED,trade_stage,binance:6582456709|clearing,2026-08-19T00:00:00+00:00,category=PRICING
BREAK_IDENTIFIED,trade_stage,coinbase:1073148428|clearing,2026-08-19T00:00:00+00:00,category=MISSING_RECORD
BREAK_IDENTIFIED,trade_stage,binance:6582456715|clearing,2026-08-19T00:00:00+00:00,category=QUANTITY
BREAK_IDENTIFIED,trade_stage,binance:6582456722|clearing,2026-08-19T00:00:00+00:00,category=QUANTITY
BREAK_IDENTIFIED,trade_stage,binance:6582456728|clearing,2026-08-19T00:00:00+00:00,category=QUANTITY
BREAK_IDENTIFIED,trade_stage,binance:6582456729|clearing,2026-08-19T00:00:00+00:00,category=QUANTITY
BREAK_IDENTIFIED,trade_stage,coinbase:1073148458|clearing,2026-08-19T00:00:00+00:00,category=QUANTITY
BREAK_IDENTIFIED,trade_stage,coinbase:1073148461|clearing,2026-08-19T00:00:00+00:00,category=MISSING_RECORD
BREAK_IDENTIFIED,trade_stage,binance:6582456740|clearing,2026-08-19T00:00:00+00:00,category=REFERENCE_DATA
BREAK_IDENTIFIED,trade_stage,binance:6582456743|clearing,2026-08-19T00:00:00+00:00,category=TIMING
BREAK_IDENTIFIED,trade_stage,coinbase:1073148472|clearing,2026-08-19T00:00:00+00:00,category=PRICING
BREAK_IDENTIFIED,trade_stage,coinbase:1073148474|clearing,2026-08-19T00:00:00+00:00,category=TIMING
BREAK_IDENTIFIED,trade_stage,coinbase:1073148475|clearing,2026-08-19T00:00:00+00:00,category=MISSING_RECORD
BREAK_IDENTIFIED,trade_stage,coinbase:1073148486|clearing,2026-08-19T00:00:00+00:00,category=QUANTITY
BREAK_IDENTIFIED,trade_stage,coinbase:1073148488|clearing,2026-08-19T00:00:00+00:00,category=TIMING
BREAK_IDENTIFIED,trade_stage,binance:6582456781|clearing,2026-08-19T00:00:00+00:00,category=PRICING
BREAK_IDENTIFIED,trade_stage,coinbase:1073148495|clearing,2026-08-19T00:00:00+00:00,category=PRICING
BREAK_IDENTIFIED,trade_stage,binance:6582456788|clearing,2026-08-19T00:00:00+00:00,category=PRICING
BREAK_IDENTIFIED,trade_stage,binance:6582456803|clearing,2026-08-19T00:00:00+00:00,category=REFERENCE_DATA
BREAK_IDENTIFIED,trade_stage,coinbase:1073148507|clearing,2026-08-19T00:00:00+00:00,category=MISSING_RECORD
BREAK_IDENTIFIED,trade_stage,coinbase:1073148509|clearing,2026-08-19T00:00:00+00:00,category=MISSING_RECORD
BREAK_IDENTIFIED,trade_stage,kraken:105348583|clearing,2026-08-19T00:00:00+00:00,category=REFERENCE_DATA
BREAK_IDENTIFIED,trade_stage,coinbase:1073148518|clearing,2026-08-19T00:00:00+00:00,category=TIMING
BREAK_IDENTIFIED,trade_stage,coinbase:1073148522|clearing,2026-08-19T00:00:00+00:00,category=PRICING
BREAK_IDENTIFIED,trade_stage,binance:6582456813|clearing,2026-08-19T00:00:00+00:00,category=PRICING
BREAK_IDENTIFIED,trade_stage,binance:6582456815|clearing,2026-08-19T00:00:00+00:00,category=MISSING_RECORD
BREAK_IDENTIFIED,trade_stage,binance:6582456819|clearing,2026-08-19T00:00:00+00:00,category=QUANTITY
BREAK_IDENTIFIED,trade_stage,coinbase:1073148526|clearing,2026-08-19T00:00:00+00:00,category=PRICING
BREAK_IDENTIFIED,trade_stage,coinbase:1073148528|clearing,2026-08-19T00:00:00+00:00,category=REFERENCE_DATA
BREAK_IDENTIFIED,trade_stage,coinbase:1073148533|clearing,2026-08-19T00:00:00+00:00,category=MISSING_RECORD
BREAK_IDENTIFIED,trade_stage,coinbase:1073148532|clearing,2026-08-19T00:00:00+00:00,category=MISSING_RECORD
BREAK_IDENTIFIED,trade_stage,coinbase:1073148535|clearing,2026-08-19T00:00:00+00:00,category=QUANTITY
BREAK_IDENTIFIED,trade_stage,kraken:105348590|clearing,2026-08-19T00:00:00+00:00,category=PRICING
BREAK_IDENTIFIED,trade_stage,coinbase:1073148549|clearing,2026-08-19T00:00:00+00:00,category=PRICING
BREAK_IDENTIFIED,trade_stage,binance:6582456836|clearing,2026-08-19T00:00:00+00:00,category=TIMING
BREAK_IDENTIFIED,trade_stage,coinbase:1073148559|clearing,2026-08-19T00:00:00+00:00,category=QUANTITY
BREAK_IDENTIFIED,trade_stage,coinbase:1073148561|clearing,2026-08-19T00:00:00+00:00,category=QUANTITY
BREAK_IDENTIFIED,trade_stage,coinbase:1073148564|clearing,2026-08-19T00:00:00+00:00,category=TIMING
BREAK_IDENTIFIED,trade_stage,kraken:105348597|clearing,2026-08-19T00:00:00+00:00,category=QUANTITY
BREAK_IDENTIFIED,trade_stage,coinbase:1073148575|clearing,2026-08-19T00:00:00+00:00,category=PRICING
BREAK_IDENTIFIED,trade_stage,coinbase:1073148577|clearing,2026-08-19T00:00:00+00:00,category=PRICING
BREAK_IDENTIFIED,trade_stage,kraken:105348598|clearing,2026-08-19T00:00:00+00:00,category=MISSING_RECORD
BREAK_IDENTIFIED,trade_stage,coinbase:1073148584|clearing,2026-08-19T00:00:00+00:00,category=TIMING
BREAK_IDENTIFIED,trade_stage,coinbase:1073148586|clearing,2026-08-19T00:00:00+00:00,category=PRICING
BREAK_IDENTIFIED,trade_stage,coinbase:1073148587|clearing,2026-08-19T00:00:00+00:00,category=TIMING
BREAK_IDENTIFIED,trade_stage,coinbase:1073148603|clearing,2026-08-19T00:00:00+00:00,category=MISSING_RECORD
BREAK_IDENTIFIED,trade_stage,coinbase:1073148605|clearing,2026-08-19T00:00:00+00:00,category=QUANTITY
BREAK_IDENTIFIED,trade_stage,coinbase:1073148608|clearing,2026-08-19T00:00:00+00:00,category=MISSING_RECORD
BREAK_IDENTIFIED,trade_stage,coinbase:1073148619|clearing,2026-08-19T00:00:00+00:00,category=PRICING
BREAK_IDENTIFIED,trade_stage,coinbase:1073148637|clearing,2026-08-19T00:00:00+00:00,category=TIMING
BREAK_IDENTIFIED,trade_stage,coinbase:1073148646|clearing,2026-08-19T00:00:00+00:00,category=MISSING_RECORD
BREAK_IDENTIFIED,trade_stage,coinbase:1073148655|clearing,2026-08-19T00:00:00+00:00,category=QUANTITY
BREAK_IDENTIFIED,trade_stage,binance:6582456900|clearing,2026-08-19T00:00:00+00:00,category=MISSING_RECORD
BREAK_IDENTIFIED,trade_stage,binance:6582456902|clearing,2026-08-19T00:00:00+00:00,category=PRICING
BREAK_IDENTIFIED,trade_stage,coinbase:1073148663|clearing,2026-08-19T00:00:00+00:00,category=QUANTITY
BREAK_IDENTIFIED,trade_stage,coinbase:1073148664|clearing,2026-08-19T00:00:00+00:00,category=TIMING
BREAK_IDENTIFIED,trade_stage,binance:6582456920|clearing,2026-08-19T00:00:00+00:00,category=TIMING
BREAK_IDENTIFIED,trade_stage,binance:6582456921|clearing,2026-08-19T00:00:00+00:00,category=TIMING
BREAK_IDENTIFIED,trade_stage,binance:6582456923|clearing,2026-08-19T00:00:00+00:00,category=TIMING
BREAK_IDENTIFIED,trade_stage,binance:6582456932|clearing,2026-08-19T00:00:00+00:00,category=PRICING
BREAK_IDENTIFIED,trade_stage,binance:6582456944|clearing,2026-08-19T00:00:00+00:00,category=PRICING
BREAK_IDENTIFIED,trade_stage,binance:6582456948|clearing,2026-08-19T00:00:00+00:00,category=TIMING
BREAK_IDENTIFIED,trade_stage,coinbase:1073148674|clearing,2026-08-19T00:00:00+00:00,category=REFERENCE_DATA
BREAK_IDENTIFIED,trade_stage,coinbase:1073148675|clearing,2026-08-19T00:00:00+00:00,category=TIMING
BREAK_IDENTIFIED,trade_stage,coinbase:1073148677|clearing,2026-08-19T00:00:00+00:00,category=MISSING_RECORD
BREAK_IDENTIFIED,trade_stage,binance:6582456969|clearing,2026-08-19T00:00:00+00:00,category=QUANTITY
BREAK_IDENTIFIED,trade_stage,coinbase:1073148695|clearing,2026-08-19T00:00:00+00:00,category=PRICING
BREAK_IDENTIFIED,trade_stage,coinbase:1073148693|clearing,2026-08-19T00:00:00+00:00,category=PRICING
BREAK_IDENTIFIED,trade_stage,binance:6582457069|clearing,2026-08-19T00:00:00+00:00,category=TIMING
BREAK_IDENTIFIED,trade_stage,binance:6582457092|clearing,2026-08-19T00:00:00+00:00,category=TIMING
BREAK_IDENTIFIED,trade_stage,coinbase:1073148703|clearing,2026-08-19T00:00:00+00:00,category=TIMING
BREAK_IDENTIFIED,trade_stage,binance:6582457131|clearing,2026-08-19T00:00:00+00:00,category=TIMING
BREAK_IDENTIFIED,trade_stage,binance:6582457134|clearing,2026-08-19T00:00:00+00:00,category=PRICING
BREAK_IDENTIFIED,trade_stage,coinbase:1073148709|clearing,2026-08-19T00:00:00+00:00,category=MISSING_RECORD
BREAK_IDENTIFIED,trade_stage,binance:6582457187|clearing,2026-08-19T00:00:00+00:00,category=TIMING
BREAK_IDENTIFIED,trade_stage,binance:6582457228|clearing,2026-08-19T00:00:00+00:00,category=PRICING
BREAK_IDENTIFIED,trade_stage,binance:6582457233|clearing,2026-08-19T00:00:00+00:00,category=MISSING_RECORD
BREAK_IDENTIFIED,trade_stage,binance:6582457242|clearing,2026-08-19T00:00:00+00:00,category=PRICING
BREAK_IDENTIFIED,trade_stage,coinbase:1073148740|clearing,2026-08-19T00:00:00+00:00,category=PRICING
BREAK_IDENTIFIED,trade_stage,coinbase:1073148735|clearing,2026-08-19T00:00:00+00:00,category=QUANTITY
BREAK_IDENTIFIED,trade_stage,coinbase:1073148732|clearing,2026-08-19T00:00:00+00:00,category=PRICING
BREAK_IDENTIFIED,trade_stage,coinbase:1073148750|clearing,2026-08-19T00:00:00+00:00,category=QUANTITY
BREAK_IDENTIFIED,trade_stage,coinbase:1073148749|clearing,2026-08-19T00:00:00+00:00,category=REFERENCE_DATA
BREAK_IDENTIFIED,trade_stage,coinbase:1073148745|clearing,2026-08-19T00:00:00+00:00,category=MISSING_RECORD
BREAK_IDENTIFIED,trade_stage,binance:6582457255|clearing,2026-08-19T00:00:00+00:00,category=QUANTITY
BREAK_IDENTIFIED,trade_stage,binance:6582457256|clearing,2026-08-19T00:00:00+00:00,category=QUANTITY
BREAK_IDENTIFIED,trade_stage,binance:6582457291|clearing,2026-08-19T00:00:00+00:00,category=QUANTITY
BREAK_IDENTIFIED,trade_stage,binance:6582457297|clearing,2026-08-19T00:00:00+00:00,category=PRICING
BREAK_IDENTIFIED,trade_stage,binance:6582457316|clearing,2026-08-19T00:00:00+00:00,category=PRICING
BREAK_IDENTIFIED,trade_stage,binance:6582457332|clearing,2026-08-19T00:00:00+00:00,category=PRICING
BREAK_IDENTIFIED,trade_stage,coinbase:1073148769|clearing,2026-08-19T00:00:00+00:00,category=MISSING_RECORD
BREAK_IDENTIFIED,trade_stage,binance:6582457438|clearing,2026-08-19T00:00:00+00:00,category=TIMING
BREAK_IDENTIFIED,trade_stage,binance:6582457444|clearing,2026-08-19T00:00:00+00:00,category=TIMING
BREAK_IDENTIFIED,trade_stage,binance:6582457470|clearing,2026-08-19T00:00:00+00:00,category=TIMING
BREAK_IDENTIFIED,trade_stage,binance:6582457527|clearing,2026-08-19T00:00:00+00:00,category=PRICING
BREAK_IDENTIFIED,trade_stage,binance:6582457528|clearing,2026-08-19T00:00:00+00:00,category=QUANTITY
BREAK_IDENTIFIED,trade_stage,binance:6582457550|clearing,2026-08-19T00:00:00+00:00,category=TIMING
BREAK_IDENTIFIED,trade_stage,binance:6582457554|clearing,2026-08-19T00:00:00+00:00,category=QUANTITY
BREAK_IDENTIFIED,trade_stage,coinbase:1073148774|clearing,2026-08-19T00:00:00+00:00,category=QUANTITY
BREAK_IDENTIFIED,trade_stage,kraken:105348612|clearing,2026-08-19T00:00:00+00:00,category=MISSING_RECORD
BREAK_IDENTIFIED,trade_stage,kraken:105348614|clearing,2026-08-19T00:00:00+00:00,category=QUANTITY
BREAK_IDENTIFIED,trade_stage,kraken:105348619|clearing,2026-08-19T00:00:00+00:00,category=MISSING_RECORD
BREAK_IDENTIFIED,trade_stage,binance:6582457573|clearing,2026-08-19T00:00:00+00:00,category=TIMING
BREAK_IDENTIFIED,trade_stage,binance:6582457659|clearing,2026-08-19T00:00:00+00:00,category=QUANTITY
BREAK_IDENTIFIED,trade_stage,binance:6582457660|clearing,2026-08-19T00:00:00+00:00,category=QUANTITY
BREAK_IDENTIFIED,trade_stage,binance:6582457669|clearing,2026-08-19T00:00:00+00:00,category=QUANTITY
BREAK_IDENTIFIED,trade_stage,binance:6582457675|clearing,2026-08-19T00:00:00+00:00,category=PRICING
BREAK_IDENTIFIED,trade_stage,binance:6582457690|clearing,2026-08-19T00:00:00+00:00,category=MISSING_RECORD
BREAK_IDENTIFIED,trade_stage,binance:6582457702|clearing,2026-08-19T00:00:00+00:00,category=REFERENCE_DATA
BREAK_IDENTIFIED,trade_stage,coinbase:1073148788|clearing,2026-08-19T00:00:00+00:00,category=PRICING
BREAK_IDENTIFIED,trade_stage,binance:6582457720|clearing,2026-08-19T00:00:00+00:00,category=TIMING
BREAK_IDENTIFIED,trade_stage,binance:6582457758|clearing,2026-08-19T00:00:00+00:00,category=PRICING
BREAK_IDENTIFIED,trade_stage,binance:6582457788|clearing,2026-08-19T00:00:00+00:00,category=TIMING
BREAK_IDENTIFIED,trade_stage,binance:6582457793|clearing,2026-08-19T00:00:00+00:00,category=QUANTITY
BREAK_IDENTIFIED,trade_stage,binance:6582457799|clearing,2026-08-19T00:00:00+00:00,category=PRICING
BREAK_IDENTIFIED,trade_stage,binance:6582457801|clearing,2026-08-19T00:00:00+00:00,category=PRICING
BREAK_IDENTIFIED,trade_stage,binance:6582457809|clearing,2026-08-19T00:00:00+00:00,category=QUANTITY
BREAK_IDENTIFIED,trade_stage,binance:6582457812|clearing,2026-08-19T00:00:00+00:00,category=TIMING
BREAK_IDENTIFIED,trade_stage,binance:6582457814|clearing,2026-08-19T00:00:00+00:00,category=PRICING
BREAK_IDENTIFIED,trade_stage,binance:6582457829|clearing,2026-08-19T00:00:00+00:00,category=QUANTITY
BREAK_IDENTIFIED,trade_stage,binance:6582457841|clearing,2026-08-19T00:00:00+00:00,category=PRICING
BREAK_IDENTIFIED,trade_stage,binance:6582457850|clearing,2026-08-19T00:00:00+00:00,category=PRICING
BREAK_IDENTIFIED,trade_stage,coinbase:1073148807|clearing,2026-08-19T00:00:00+00:00,category=MISSING_RECORD
BREAK_IDENTIFIED,trade_stage,coinbase:1073148823|clearing,2026-08-19T00:00:00+00:00,category=QUANTITY
BREAK_IDENTIFIED,trade_stage,binance:6582457889|clearing,2026-08-19T00:00:00+00:00,category=MISSING_RECORD
BREAK_IDENTIFIED,trade_stage,coinbase:1073148830|clearing,2026-08-19T00:00:00+00:00,category=TIMING
BREAK_IDENTIFIED,trade_stage,binance:6582457893|clearing,2026-08-19T00:00:00+00:00,category=QUANTITY
BREAK_IDENTIFIED,trade_stage,binance:6582457894|clearing,2026-08-19T00:00:00+00:00,category=MISSING_RECORD
BREAK_IDENTIFIED,trade_stage,coinbase:1073148837|clearing,2026-08-19T00:00:00+00:00,category=TIMING
BREAK_IDENTIFIED,trade_stage,coinbase:1073148842|clearing,2026-08-19T00:00:00+00:00,category=TIMING
BREAK_IDENTIFIED,trade_stage,kraken:105348622|clearing,2026-08-19T00:00:00+00:00,category=TIMING
BREAK_IDENTIFIED,trade_stage,binance:6582457911|clearing,2026-08-19T00:00:00+00:00,category=PRICING
BREAK_IDENTIFIED,trade_stage,binance:6582457913|clearing,2026-08-19T00:00:00+00:00,category=PRICING
BREAK_IDENTIFIED,trade_stage,binance:6582457970|clearing,2026-08-19T00:00:00+00:00,category=PRICING
BREAK_IDENTIFIED,trade_stage,binance:6582458024|clearing,2026-08-19T00:00:00+00:00,category=QUANTITY
BREAK_IDENTIFIED,trade_stage,binance:6582458043|clearing,2026-08-19T00:00:00+00:00,category=TIMING
BREAK_IDENTIFIED,trade_stage,coinbase:1073148857|clearing,2026-08-19T00:00:00+00:00,category=QUANTITY
BREAK_IDENTIFIED,trade_stage,binance:6582458118|clearing,2026-08-19T00:00:00+00:00,category=PRICING
BREAK_IDENTIFIED,trade_stage,binance:6582458130|clearing,2026-08-19T00:00:00+00:00,category=MISSING_RECORD
BREAK_IDENTIFIED,trade_stage,coinbase:1073148869|clearing,2026-08-19T00:00:00+00:00,category=TIMING
BREAK_IDENTIFIED,trade_stage,coinbase:1073148878|clearing,2026-08-19T00:00:00+00:00,category=REFERENCE_DATA
BREAK_IDENTIFIED,trade_stage,binance:6582458152|clearing,2026-08-19T00:00:00+00:00,category=QUANTITY
BREAK_IDENTIFIED,trade_stage,coinbase:1073148888|clearing,2026-08-19T00:00:00+00:00,category=MISSING_RECORD
BREAK_IDENTIFIED,trade_stage,coinbase:1073148895|clearing,2026-08-19T00:00:00+00:00,category=TIMING
BREAK_IDENTIFIED,trade_stage,coinbase:1073148897|clearing,2026-08-19T00:00:00+00:00,category=MISSING_RECORD
BREAK_IDENTIFIED,trade_stage,coinbase:1073148898|clearing,2026-08-19T00:00:00+00:00,category=QUANTITY
BREAK_IDENTIFIED,trade_stage,coinbase:1073148900|clearing,2026-08-19T00:00:00+00:00,category=QUANTITY
BREAK_IDENTIFIED,trade_stage,coinbase:1073148903|clearing,2026-08-19T00:00:00+00:00,category=MISSING_RECORD
BREAK_IDENTIFIED,trade_stage,coinbase:1073148908|clearing,2026-08-19T00:00:00+00:00,category=REFERENCE_DATA
BREAK_IDENTIFIED,trade_stage,coinbase:1073148905|clearing,2026-08-19T00:00:00+00:00,category=PRICING
BREAK_IDENTIFIED,trade_stage,binance:6582458166|clearing,2026-08-19T00:00:00+00:00,category=PRICING
BREAK_IDENTIFIED,trade_stage,coinbase:1073148917|clearing,2026-08-19T00:00:00+00:00,category=QUANTITY
BREAK_IDENTIFIED,trade_stage,binance:6582458229|clearing,2026-08-19T00:00:00+00:00,category=PRICING
BREAK_IDENTIFIED,trade_stage,binance:6582458336|clearing,2026-08-19T00:00:00+00:00,category=TIMING
BREAK_IDENTIFIED,trade_stage,binance:6582458346|clearing,2026-08-19T00:00:00+00:00,category=QUANTITY
BREAK_IDENTIFIED,trade_stage,binance:6582458382|clearing,2026-08-19T00:00:00+00:00,category=QUANTITY
BREAK_IDENTIFIED,trade_stage,binance:6582458411|clearing,2026-08-19T00:00:00+00:00,category=QUANTITY
BREAK_IDENTIFIED,trade_stage,binance:6582458447|clearing,2026-08-19T00:00:00+00:00,category=TIMING
BREAK_IDENTIFIED,trade_stage,binance:6582458523|clearing,2026-08-19T00:00:00+00:00,category=PRICING
BREAK_IDENTIFIED,trade_stage,coinbase:1073148951|clearing,2026-08-19T00:00:00+00:00,category=QUANTITY
BREAK_IDENTIFIED,trade_stage,binance:6582458569|clearing,2026-08-19T00:00:00+00:00,category=TIMING
BREAK_IDENTIFIED,trade_stage,binance:6582458582|clearing,2026-08-19T00:00:00+00:00,category=QUANTITY
BREAK_IDENTIFIED,trade_stage,binance:6582458592|clearing,2026-08-19T00:00:00+00:00,category=MISSING_RECORD
BREAK_IDENTIFIED,trade_stage,binance:6582458605|clearing,2026-08-19T00:00:00+00:00,category=TIMING
BREAK_IDENTIFIED,trade_stage,binance:6582458632|clearing,2026-08-19T00:00:00+00:00,category=REFERENCE_DATA
BREAK_IDENTIFIED,trade_stage,coinbase:1073148962|clearing,2026-08-19T00:00:00+00:00,category=MISSING_RECORD
BREAK_IDENTIFIED,trade_stage,coinbase:1073148961|clearing,2026-08-19T00:00:00+00:00,category=PRICING
BREAK_IDENTIFIED,trade_stage,coinbase:1073148968|clearing,2026-08-19T00:00:00+00:00,category=TIMING
BREAK_IDENTIFIED,trade_stage,binance:6582458762|clearing,2026-08-19T00:00:00+00:00,category=REFERENCE_DATA
BREAK_IDENTIFIED,trade_stage,binance:6582458831|clearing,2026-08-19T00:00:00+00:00,category=MISSING_RECORD
BREAK_IDENTIFIED,trade_stage,binance:6582458834|clearing,2026-08-19T00:00:00+00:00,category=QUANTITY
BREAK_IDENTIFIED,trade_stage,binance:6582458870|clearing,2026-08-19T00:00:00+00:00,category=TIMING
BREAK_IDENTIFIED,trade_stage,binance:6582458887|clearing,2026-08-19T00:00:00+00:00,category=TIMING
BREAK_IDENTIFIED,trade_stage,coinbase:1073148973|clearing,2026-08-19T00:00:00+00:00,category=QUANTITY
BREAK_IDENTIFIED,trade_stage,coinbase:1073148975|clearing,2026-08-19T00:00:00+00:00,category=REFERENCE_DATA
BREAK_IDENTIFIED,trade_stage,binance:6582458929|clearing,2026-08-19T00:00:00+00:00,category=QUANTITY
BREAK_IDENTIFIED,trade_stage,binance:6582458959|clearing,2026-08-19T00:00:00+00:00,category=REFERENCE_DATA
BREAK_IDENTIFIED,trade_stage,binance:6582458962|clearing,2026-08-19T00:00:00+00:00,category=TIMING
BREAK_IDENTIFIED,trade_stage,binance:6582458965|clearing,2026-08-19T00:00:00+00:00,category=PRICING
BREAK_IDENTIFIED,trade_stage,binance:6582458978|clearing,2026-08-19T00:00:00+00:00,category=QUANTITY
BREAK_IDENTIFIED,trade_stage,binance:6582458981|clearing,2026-08-19T00:00:00+00:00,category=QUANTITY
BREAK_IDENTIFIED,trade_stage,coinbase:1073148996|clearing,2026-08-19T00:00:00+00:00,category=MISSING_RECORD
BREAK_IDENTIFIED,trade_stage,coinbase:1073148992|clearing,2026-08-19T00:00:00+00:00,category=PRICING
BREAK_IDENTIFIED,trade_stage,coinbase:1073148999|clearing,2026-08-19T00:00:00+00:00,category=QUANTITY
BREAK_IDENTIFIED,trade_stage,coinbase:1073148998|clearing,2026-08-19T00:00:00+00:00,category=TIMING
BREAK_IDENTIFIED,trade_stage,coinbase:1073149001|clearing,2026-08-19T00:00:00+00:00,category=QUANTITY
BREAK_IDENTIFIED,trade_stage,coinbase:1073149008|clearing,2026-08-19T00:00:00+00:00,category=QUANTITY
BREAK_IDENTIFIED,trade_stage,coinbase:1073149012|clearing,2026-08-19T00:00:00+00:00,category=PRICING
BREAK_IDENTIFIED,trade_stage,coinbase:1073149015|clearing,2026-08-19T00:00:00+00:00,category=MISSING_RECORD
BREAK_IDENTIFIED,trade_stage,binance:6582459075|clearing,2026-08-19T00:00:00+00:00,category=REFERENCE_DATA
BREAK_IDENTIFIED,trade_stage,binance:6582459078|clearing,2026-08-19T00:00:00+00:00,category=QUANTITY
BREAK_IDENTIFIED,trade_stage,binance:6582459088|clearing,2026-08-19T00:00:00+00:00,category=MISSING_RECORD
BREAK_IDENTIFIED,trade_stage,binance:6582459094|clearing,2026-08-19T00:00:00+00:00,category=QUANTITY
BREAK_IDENTIFIED,trade_stage,binance:6582459103|clearing,2026-08-19T00:00:00+00:00,category=PRICING
BREAK_IDENTIFIED,trade_stage,binance:6582459120|clearing,2026-08-19T00:00:00+00:00,category=QUANTITY
BREAK_IDENTIFIED,trade_stage,binance:6582459133|clearing,2026-08-19T00:00:00+00:00,category=PRICING
BREAK_IDENTIFIED,trade_stage,binance:6582459134|clearing,2026-08-19T00:00:00+00:00,category=QUANTITY
BREAK_IDENTIFIED,trade_stage,binance:6582459147|clearing,2026-08-19T00:00:00+00:00,category=MISSING_RECORD
BREAK_IDENTIFIED,trade_stage,binance:6582459201|clearing,2026-08-19T00:00:00+00:00,category=TIMING
BREAK_IDENTIFIED,trade_stage,binance:6582459202|clearing,2026-08-19T00:00:00+00:00,category=PRICING
BREAK_IDENTIFIED,trade_stage,binance:6582459204|clearing,2026-08-19T00:00:00+00:00,category=MISSING_RECORD
BREAK_IDENTIFIED,trade_stage,binance:6582459214|clearing,2026-08-19T00:00:00+00:00,category=REFERENCE_DATA
BREAK_IDENTIFIED,trade_stage,binance:6582459221|clearing,2026-08-19T00:00:00+00:00,category=PRICING
BREAK_IDENTIFIED,trade_stage,binance:6582459222|clearing,2026-08-19T00:00:00+00:00,category=TIMING
BREAK_IDENTIFIED,trade_stage,coinbase:1073149016|clearing,2026-08-19T00:00:00+00:00,category=TIMING
BREAK_IDENTIFIED,trade_stage,binance:6582459281|clearing,2026-08-19T00:00:00+00:00,category=PRICING
BREAK_IDENTIFIED,trade_stage,binance:6582459285|clearing,2026-08-19T00:00:00+00:00,category=PRICING
BREAK_IDENTIFIED,trade_stage,binance:6582459291|clearing,2026-08-19T00:00:00+00:00,category=QUANTITY
BREAK_IDENTIFIED,trade_stage,binance:6582459297|clearing,2026-08-19T00:00:00+00:00,category=MISSING_RECORD
BREAK_IDENTIFIED,trade_stage,coinbase:1073149018|clearing,2026-08-19T00:00:00+00:00,category=TIMING
BREAK_IDENTIFIED,trade_stage,binance:6582459324|clearing,2026-08-19T00:00:00+00:00,category=QUANTITY
BREAK_IDENTIFIED,trade_stage,coinbase:1073149027|clearing,2026-08-19T00:00:00+00:00,category=PRICING
BREAK_IDENTIFIED,trade_stage,binance:6582459362|clearing,2026-08-19T00:00:00+00:00,category=QUANTITY
BREAK_IDENTIFIED,trade_stage,binance:6582459369|clearing,2026-08-19T00:00:00+00:00,category=PRICING
BREAK_IDENTIFIED,trade_stage,binance:6582459434|clearing,2026-08-19T00:00:00+00:00,category=QUANTITY
BREAK_IDENTIFIED,trade_stage,binance:6582459451|clearing,2026-08-19T00:00:00+00:00,category=PRICING
BREAK_IDENTIFIED,trade_stage,binance:6582459466|clearing,2026-08-19T00:00:00+00:00,category=PRICING
BREAK_IDENTIFIED,trade_stage,coinbase:1073149043|clearing,2026-08-19T00:00:00+00:00,category=QUANTITY
BREAK_IDENTIFIED,trade_stage,coinbase:1073149047|clearing,2026-08-19T00:00:00+00:00,category=QUANTITY
BREAK_IDENTIFIED,trade_stage,coinbase:1073149056|clearing,2026-08-19T00:00:00+00:00,category=QUANTITY
BREAK_IDENTIFIED,trade_stage,coinbase:1073149066|clearing,2026-08-19T00:00:00+00:00,category=REFERENCE_DATA
BREAK_IDENTIFIED,trade_stage,coinbase:1073149073|clearing,2026-08-19T00:00:00+00:00,category=TIMING
BREAK_IDENTIFIED,trade_stage,coinbase:1073149078|clearing,2026-08-19T00:00:00+00:00,category=TIMING
BREAK_IDENTIFIED,trade_stage,binance:6582459487|clearing,2026-08-19T00:00:00+00:00,category=QUANTITY
BREAK_IDENTIFIED,trade_stage,binance:6582459525|clearing,2026-08-19T00:00:00+00:00,category=PRICING
BREAK_IDENTIFIED,trade_stage,binance:6582459527|clearing,2026-08-19T00:00:00+00:00,category=TIMING
BREAK_IDENTIFIED,trade_stage,binance:6582459545|clearing,2026-08-19T00:00:00+00:00,category=PRICING
BREAK_IDENTIFIED,trade_stage,binance:6582459565|clearing,2026-08-19T00:00:00+00:00,category=QUANTITY
BREAK_IDENTIFIED,trade_stage,binance:6582459568|clearing,2026-08-19T00:00:00+00:00,category=TIMING
BREAK_IDENTIFIED,trade_stage,binance:6582459578|clearing,2026-08-19T00:00:00+00:00,category=PRICING
BREAK_IDENTIFIED,trade_stage,binance:6582459584|clearing,2026-08-19T00:00:00+00:00,category=TIMING
BREAK_IDENTIFIED,trade_stage,binance:6582459585|clearing,2026-08-19T00:00:00+00:00,category=TIMING
BREAK_IDENTIFIED,trade_stage,coinbase:1073149095|clearing,2026-08-19T00:00:00+00:00,category=PRICING
BREAK_IDENTIFIED,trade_stage,coinbase:1073149098|clearing,2026-08-19T00:00:00+00:00,category=PRICING
BREAK_IDENTIFIED,trade_stage,coinbase:1073149102|clearing,2026-08-19T00:00:00+00:00,category=REFERENCE_DATA
BREAK_IDENTIFIED,trade_stage,coinbase:1073149104|clearing,2026-08-19T00:00:00+00:00,category=MISSING_RECORD
BREAK_IDENTIFIED,trade_stage,binance:6582459632|clearing,2026-08-19T00:00:00+00:00,category=QUANTITY
BREAK_IDENTIFIED,trade_stage,binance:6582459675|clearing,2026-08-19T00:00:00+00:00,category=QUANTITY
BREAK_IDENTIFIED,trade_stage,binance:6582459686|clearing,2026-08-19T00:00:00+00:00,category=QUANTITY
BREAK_IDENTIFIED,trade_stage,binance:6582459703|clearing,2026-08-19T00:00:00+00:00,category=TIMING
BREAK_IDENTIFIED,trade_stage,binance:6582459722|clearing,2026-08-19T00:00:00+00:00,category=QUANTITY
BREAK_IDENTIFIED,trade_stage,binance:6582459750|clearing,2026-08-19T00:00:00+00:00,category=QUANTITY
BREAK_IDENTIFIED,trade_stage,binance:6582459760|clearing,2026-08-19T00:00:00+00:00,category=TIMING
BREAK_IDENTIFIED,trade_stage,coinbase:1073149125|clearing,2026-08-19T00:00:00+00:00,category=QUANTITY
BREAK_IDENTIFIED,trade_stage,coinbase:1073149139|clearing,2026-08-19T00:00:00+00:00,category=PRICING
BREAK_IDENTIFIED,trade_stage,coinbase:1073149142|clearing,2026-08-19T00:00:00+00:00,category=PRICING
BREAK_IDENTIFIED,trade_stage,binance:6582459818|clearing,2026-08-19T00:00:00+00:00,category=PRICING
BREAK_IDENTIFIED,trade_stage,binance:6582459853|clearing,2026-08-19T00:00:00+00:00,category=TIMING
BREAK_IDENTIFIED,trade_stage,binance:6582459858|clearing,2026-08-19T00:00:00+00:00,category=TIMING
BREAK_IDENTIFIED,trade_stage,binance:6582459859|clearing,2026-08-19T00:00:00+00:00,category=PRICING
BREAK_IDENTIFIED,trade_stage,coinbase:1073149161|clearing,2026-08-19T00:00:00+00:00,category=MISSING_RECORD
BREAK_IDENTIFIED,trade_stage,binance:6582459937|clearing,2026-08-19T00:00:00+00:00,category=PRICING
BREAK_IDENTIFIED,trade_stage,binance:6582459965|clearing,2026-08-19T00:00:00+00:00,category=QUANTITY
BREAK_IDENTIFIED,trade_stage,binance:6582459991|clearing,2026-08-19T00:00:00+00:00,category=PRICING
BREAK_IDENTIFIED,trade_stage,binance:6582459998|clearing,2026-08-19T00:00:00+00:00,category=PRICING
BREAK_IDENTIFIED,trade_stage,binance:6582460033|clearing,2026-08-19T00:00:00+00:00,category=MISSING_RECORD
BREAK_IDENTIFIED,trade_stage,binance:6582460066|clearing,2026-08-19T00:00:00+00:00,category=QUANTITY
BREAK_IDENTIFIED,trade_stage,coinbase:1073149175|clearing,2026-08-19T00:00:00+00:00,category=MISSING_RECORD
BREAK_IDENTIFIED,trade_stage,binance:6582460099|clearing,2026-08-19T00:00:00+00:00,category=MISSING_RECORD
BREAK_IDENTIFIED,trade_stage,coinbase:1073149182|clearing,2026-08-19T00:00:00+00:00,category=QUANTITY
BREAK_IDENTIFIED,trade_stage,coinbase:1073149193|clearing,2026-08-19T00:00:00+00:00,category=QUANTITY
BREAK_IDENTIFIED,trade_stage,coinbase:1073149198|clearing,2026-08-19T00:00:00+00:00,category=PRICING
BREAK_IDENTIFIED,trade_stage,coinbase:1073149200|clearing,2026-08-19T00:00:00+00:00,category=QUANTITY
BREAK_IDENTIFIED,trade_stage,binance:6582460153|clearing,2026-08-19T00:00:00+00:00,category=PRICING
BREAK_IDENTIFIED,trade_stage,binance:6582460200|clearing,2026-08-19T00:00:00+00:00,category=MISSING_RECORD
BREAK_IDENTIFIED,trade_stage,binance:6582460228|clearing,2026-08-19T00:00:00+00:00,category=QUANTITY
BREAK_IDENTIFIED,trade_stage,binance:6582460230|clearing,2026-08-19T00:00:00+00:00,category=TIMING
BREAK_IDENTIFIED,trade_stage,coinbase:1073149207|clearing,2026-08-19T00:00:00+00:00,category=REFERENCE_DATA
BREAK_IDENTIFIED,trade_stage,binance:6582460242|clearing,2026-08-19T00:00:00+00:00,category=REFERENCE_DATA
BREAK_IDENTIFIED,trade_stage,coinbase:1073149216|clearing,2026-08-19T00:00:00+00:00,category=QUANTITY
BREAK_IDENTIFIED,trade_stage,coinbase:1073149217|clearing,2026-08-19T00:00:00+00:00,category=REFERENCE_DATA
BREAK_IDENTIFIED,trade_stage,coinbase:1073149221|clearing,2026-08-19T00:00:00+00:00,category=TIMING
BREAK_IDENTIFIED,trade_stage,coinbase:1073149225|clearing,2026-08-19T00:00:00+00:00,category=TIMING
BREAK_IDENTIFIED,trade_stage,coinbase:1073149233|clearing,2026-08-19T00:00:00+00:00,category=MISSING_RECORD
BREAK_IDENTIFIED,trade_stage,binance:6582460247|clearing,2026-08-19T00:00:00+00:00,category=MISSING_RECORD
BREAK_IDENTIFIED,trade_stage,coinbase:1073149239|clearing,2026-08-19T00:00:00+00:00,category=MISSING_RECORD
BREAK_IDENTIFIED,trade_stage,kraken:105348650|clearing,2026-08-19T00:00:00+00:00,category=TIMING
BREAK_IDENTIFIED,trade_stage,coinbase:1073149242|clearing,2026-08-19T00:00:00+00:00,category=TIMING
BREAK_IDENTIFIED,trade_stage,kraken:105348651|clearing,2026-08-19T00:00:00+00:00,category=MISSING_RECORD
BREAK_IDENTIFIED,trade_stage,coinbase:1073149247|clearing,2026-08-19T00:00:00+00:00,category=QUANTITY
BREAK_IDENTIFIED,trade_stage,binance:6582460275|clearing,2026-08-19T00:00:00+00:00,category=PRICING
BREAK_IDENTIFIED,trade_stage,binance:6582460283|clearing,2026-08-19T00:00:00+00:00,category=MISSING_RECORD
BREAK_IDENTIFIED,trade_stage,coinbase:1073149249|clearing,2026-08-19T00:00:00+00:00,category=QUANTITY
BREAK_IDENTIFIED,trade_stage,binance:6582460330|clearing,2026-08-19T00:00:00+00:00,category=TIMING
BREAK_IDENTIFIED,trade_stage,binance:6582460332|clearing,2026-08-19T00:00:00+00:00,category=QUANTITY
BREAK_IDENTIFIED,trade_stage,coinbase:1073149270|clearing,2026-08-19T00:00:00+00:00,category=MISSING_RECORD
BREAK_IDENTIFIED,trade_stage,binance:6582460340|clearing,2026-08-19T00:00:00+00:00,category=TIMING
BREAK_IDENTIFIED,trade_stage,kraken:105348665|clearing,2026-08-19T00:00:00+00:00,category=TIMING
BREAK_IDENTIFIED,trade_stage,coinbase:1073149272|clearing,2026-08-19T00:00:00+00:00,category=PRICING
BREAK_IDENTIFIED,trade_stage,binance:6582460345|clearing,2026-08-19T00:00:00+00:00,category=PRICING
BREAK_IDENTIFIED,trade_stage,binance:6582460400|clearing,2026-08-19T00:00:00+00:00,category=PRICING
BREAK_IDENTIFIED,trade_stage,binance:6582460409|clearing,2026-08-19T00:00:00+00:00,category=MISSING_RECORD
BREAK_IDENTIFIED,trade_stage,binance:6582460410|clearing,2026-08-19T00:00:00+00:00,category=PRICING
BREAK_IDENTIFIED,trade_stage,binance:6582460428|clearing,2026-08-19T00:00:00+00:00,category=TIMING
BREAK_IDENTIFIED,trade_stage,binance:6582460437|clearing,2026-08-19T00:00:00+00:00,category=TIMING
BREAK_IDENTIFIED,trade_stage,binance:6582460452|clearing,2026-08-19T00:00:00+00:00,category=QUANTITY
BREAK_IDENTIFIED,trade_stage,binance:6582460523|clearing,2026-08-19T00:00:00+00:00,category=PRICING
BREAK_IDENTIFIED,trade_stage,binance:6582460535|clearing,2026-08-19T00:00:00+00:00,category=REFERENCE_DATA
BREAK_IDENTIFIED,trade_stage,coinbase:1073149297|clearing,2026-08-19T00:00:00+00:00,category=TIMING
BREAK_IDENTIFIED,trade_stage,coinbase:1073149299|clearing,2026-08-19T00:00:00+00:00,category=MISSING_RECORD
BREAK_IDENTIFIED,trade_stage,coinbase:1073149309|clearing,2026-08-19T00:00:00+00:00,category=QUANTITY
BREAK_IDENTIFIED,trade_stage,coinbase:1073149308|clearing,2026-08-19T00:00:00+00:00,category=PRICING
BREAK_IDENTIFIED,trade_stage,binance:6582460602|clearing,2026-08-19T00:00:00+00:00,category=MISSING_RECORD
BREAK_IDENTIFIED,trade_stage,binance:6582460621|clearing,2026-08-19T00:00:00+00:00,category=TIMING
BREAK_IDENTIFIED,trade_stage,binance:6582460626|clearing,2026-08-19T00:00:00+00:00,category=PRICING
BREAK_IDENTIFIED,trade_stage,binance:6582460664|clearing,2026-08-19T00:00:00+00:00,category=TIMING
BREAK_IDENTIFIED,trade_stage,binance:6582460668|clearing,2026-08-19T00:00:00+00:00,category=PRICING
BREAK_IDENTIFIED,trade_stage,binance:6582460671|clearing,2026-08-19T00:00:00+00:00,category=MISSING_RECORD
BREAK_IDENTIFIED,trade_stage,binance:6582460694|clearing,2026-08-19T00:00:00+00:00,category=REFERENCE_DATA
BREAK_IDENTIFIED,trade_stage,binance:6582460702|clearing,2026-08-19T00:00:00+00:00,category=QUANTITY
BREAK_IDENTIFIED,trade_stage,binance:6582460710|clearing,2026-08-19T00:00:00+00:00,category=TIMING
BREAK_IDENTIFIED,trade_stage,coinbase:1073149313|clearing,2026-08-19T00:00:00+00:00,category=TIMING
BREAK_IDENTIFIED,trade_stage,coinbase:1073149314|clearing,2026-08-19T00:00:00+00:00,category=QUANTITY
BREAK_IDENTIFIED,trade_stage,binance:6582460713|clearing,2026-08-19T00:00:00+00:00,category=QUANTITY
BREAK_IDENTIFIED,trade_stage,binance:6582460715|clearing,2026-08-19T00:00:00+00:00,category=QUANTITY
BREAK_IDENTIFIED,trade_stage,coinbase:1073149319|clearing,2026-08-19T00:00:00+00:00,category=QUANTITY
BREAK_IDENTIFIED,trade_stage,binance:6582460725|clearing,2026-08-19T00:00:00+00:00,category=MISSING_RECORD
BREAK_IDENTIFIED,trade_stage,coinbase:1073149328|clearing,2026-08-19T00:00:00+00:00,category=PRICING
BREAK_IDENTIFIED,trade_stage,coinbase:1073149330|clearing,2026-08-19T00:00:00+00:00,category=TIMING
BREAK_IDENTIFIED,trade_stage,binance:6582460771|clearing,2026-08-19T00:00:00+00:00,category=PRICING
BREAK_IDENTIFIED,trade_stage,binance:6582460830|clearing,2026-08-19T00:00:00+00:00,category=TIMING
BREAK_IDENTIFIED,trade_stage,coinbase:1073149346|clearing,2026-08-19T00:00:00+00:00,category=MISSING_RECORD
BREAK_IDENTIFIED,trade_stage,binance:6582460903|clearing,2026-08-19T00:00:00+00:00,category=TIMING
BREAK_IDENTIFIED,trade_stage,binance:6582460981|clearing,2026-08-19T00:00:00+00:00,category=QUANTITY
BREAK_IDENTIFIED,trade_stage,binance:6582460983|clearing,2026-08-19T00:00:00+00:00,category=PRICING
BREAK_IDENTIFIED,trade_stage,binance:6582460989|clearing,2026-08-19T00:00:00+00:00,category=TIMING
BREAK_IDENTIFIED,trade_stage,binance:6582461070|clearing,2026-08-19T00:00:00+00:00,category=MISSING_RECORD
BREAK_IDENTIFIED,trade_stage,binance:6582461079|clearing,2026-08-19T00:00:00+00:00,category=TIMING
BREAK_IDENTIFIED,trade_stage,binance:6582461083|clearing,2026-08-19T00:00:00+00:00,category=PRICING
BREAK_IDENTIFIED,trade_stage,coinbase:1073149374|clearing,2026-08-19T00:00:00+00:00,category=MISSING_RECORD
BREAK_IDENTIFIED,trade_stage,binance:6582461107|clearing,2026-08-19T00:00:00+00:00,category=PRICING
BREAK_IDENTIFIED,trade_stage,binance:6582461110|clearing,2026-08-19T00:00:00+00:00,category=REFERENCE_DATA
BREAK_IDENTIFIED,trade_stage,coinbase:1073149382|clearing,2026-08-19T00:00:00+00:00,category=TIMING
BREAK_IDENTIFIED,trade_stage,coinbase:1073149397|clearing,2026-08-19T00:00:00+00:00,category=TIMING
BREAK_IDENTIFIED,trade_stage,binance:6582461117|clearing,2026-08-19T00:00:00+00:00,category=PRICING
BREAK_IDENTIFIED,trade_stage,binance:6582461120|clearing,2026-08-19T00:00:00+00:00,category=TIMING
BREAK_IDENTIFIED,trade_stage,coinbase:1073149402|clearing,2026-08-19T00:00:00+00:00,category=TIMING
BREAK_IDENTIFIED,trade_stage,binance:6582461217|clearing,2026-08-19T00:00:00+00:00,category=MISSING_RECORD
BREAK_IDENTIFIED,trade_stage,binance:6582461227|clearing,2026-08-19T00:00:00+00:00,category=QUANTITY
BREAK_IDENTIFIED,trade_stage,binance:6582461267|clearing,2026-08-19T00:00:00+00:00,category=PRICING
BREAK_IDENTIFIED,trade_stage,coinbase:1073149428|clearing,2026-08-19T00:00:00+00:00,category=MISSING_RECORD
BREAK_IDENTIFIED,trade_stage,coinbase:1073149434|clearing,2026-08-19T00:00:00+00:00,category=MISSING_RECORD
BREAK_IDENTIFIED,trade_stage,binance:6582461271|clearing,2026-08-19T00:00:00+00:00,category=MISSING_RECORD
BREAK_IDENTIFIED,trade_stage,binance:6582461295|clearing,2026-08-19T00:00:00+00:00,category=TIMING
BREAK_IDENTIFIED,trade_stage,coinbase:1073149438|clearing,2026-08-19T00:00:00+00:00,category=QUANTITY
BREAK_IDENTIFIED,trade_stage,binance:6582461324|clearing,2026-08-19T00:00:00+00:00,category=PRICING
BREAK_IDENTIFIED,trade_stage,coinbase:1073149451|clearing,2026-08-19T00:00:00+00:00,category=PRICING
BREAK_IDENTIFIED,trade_stage,binance:6582461330|clearing,2026-08-19T00:00:00+00:00,category=TIMING
BREAK_IDENTIFIED,trade_stage,coinbase:1073149456|clearing,2026-08-19T00:00:00+00:00,category=PRICING
BREAK_IDENTIFIED,trade_stage,coinbase:1073149462|clearing,2026-08-19T00:00:00+00:00,category=QUANTITY
BREAK_IDENTIFIED,trade_stage,binance:6582461360|clearing,2026-08-19T00:00:00+00:00,category=PRICING
BREAK_IDENTIFIED,trade_stage,binance:6582461396|clearing,2026-08-19T00:00:00+00:00,category=PRICING
BREAK_IDENTIFIED,trade_stage,binance:6582461490|clearing,2026-08-19T00:00:00+00:00,category=MISSING_RECORD
BREAK_IDENTIFIED,trade_stage,binance:6582461499|clearing,2026-08-19T00:00:00+00:00,category=QUANTITY
BREAK_IDENTIFIED,trade_stage,binance:6582461508|clearing,2026-08-19T00:00:00+00:00,category=QUANTITY
BREAK_IDENTIFIED,trade_stage,binance:6582461545|clearing,2026-08-19T00:00:00+00:00,category=QUANTITY
BREAK_IDENTIFIED,trade_stage,binance:6582461557|clearing,2026-08-19T00:00:00+00:00,category=TIMING
BREAK_IDENTIFIED,trade_stage,binance:6582461562|clearing,2026-08-19T00:00:00+00:00,category=QUANTITY
BREAK_IDENTIFIED,trade_stage,binance:6582461588|clearing,2026-08-19T00:00:00+00:00,category=QUANTITY
BREAK_IDENTIFIED,trade_stage,binance:6582461627|clearing,2026-08-19T00:00:00+00:00,category=TIMING
BREAK_IDENTIFIED,trade_stage,binance:6582461656|clearing,2026-08-19T00:00:00+00:00,category=QUANTITY
BREAK_IDENTIFIED,trade_stage,binance:6582461661|clearing,2026-08-19T00:00:00+00:00,category=PRICING
BREAK_IDENTIFIED,trade_stage,binance:6582461674|clearing,2026-08-19T00:00:00+00:00,category=TIMING
BREAK_IDENTIFIED,trade_stage,binance:6582461685|clearing,2026-08-19T00:00:00+00:00,category=PRICING
BREAK_IDENTIFIED,trade_stage,binance:6582461697|clearing,2026-08-19T00:00:00+00:00,category=MISSING_RECORD
BREAK_IDENTIFIED,trade_stage,coinbase:1073149517|clearing,2026-08-19T00:00:00+00:00,category=MISSING_RECORD
BREAK_IDENTIFIED,trade_stage,coinbase:1073149520|clearing,2026-08-19T00:00:00+00:00,category=QUANTITY
BREAK_IDENTIFIED,trade_stage,coinbase:1073149528|clearing,2026-08-19T00:00:00+00:00,category=PRICING
BREAK_IDENTIFIED,trade_stage,binance:6582461716|clearing,2026-08-19T00:00:00+00:00,category=QUANTITY
BREAK_IDENTIFIED,trade_stage,coinbase:1073149534|clearing,2026-08-19T00:00:00+00:00,category=TIMING
BREAK_IDENTIFIED,trade_stage,coinbase:1073149539|clearing,2026-08-19T00:00:00+00:00,category=QUANTITY
BREAK_IDENTIFIED,trade_stage,binance:6582461722|clearing,2026-08-19T00:00:00+00:00,category=PRICING
BREAK_IDENTIFIED,trade_stage,binance:6582461779|clearing,2026-08-19T00:00:00+00:00,category=REFERENCE_DATA
BREAK_IDENTIFIED,trade_stage,coinbase:1073149549|clearing,2026-08-19T00:00:00+00:00,category=MISSING_RECORD
BREAK_IDENTIFIED,trade_stage,coinbase:1073149551|clearing,2026-08-19T00:00:00+00:00,category=QUANTITY
BREAK_IDENTIFIED,trade_stage,binance:6582461809|clearing,2026-08-19T00:00:00+00:00,category=MISSING_RECORD
BREAK_IDENTIFIED,trade_stage,coinbase:1073149572|clearing,2026-08-19T00:00:00+00:00,category=MISSING_RECORD
BREAK_IDENTIFIED,trade_stage,coinbase:1073149573|clearing,2026-08-19T00:00:00+00:00,category=MISSING_RECORD
BREAK_IDENTIFIED,trade_stage,coinbase:1073149575|clearing,2026-08-19T00:00:00+00:00,category=TIMING
BREAK_IDENTIFIED,trade_stage,coinbase:1073149585|clearing,2026-08-19T00:00:00+00:00,category=TIMING
BREAK_IDENTIFIED,trade_stage,binance:6582461842|clearing,2026-08-19T00:00:00+00:00,category=MISSING_RECORD
BREAK_IDENTIFIED,trade_stage,coinbase:1073149599|clearing,2026-08-19T00:00:00+00:00,category=PRICING
BREAK_IDENTIFIED,trade_stage,coinbase:1073149594|clearing,2026-08-19T00:00:00+00:00,category=MISSING_RECORD
BREAK_IDENTIFIED,trade_stage,coinbase:1073149604|clearing,2026-08-19T00:00:00+00:00,category=PRICING
BREAK_IDENTIFIED,trade_stage,binance:6582461850|clearing,2026-08-19T00:00:00+00:00,category=QUANTITY
BREAK_IDENTIFIED,trade_stage,binance:6582461852|clearing,2026-08-19T00:00:00+00:00,category=TIMING
BREAK_IDENTIFIED,trade_stage,binance:6582461855|clearing,2026-08-19T00:00:00+00:00,category=MISSING_RECORD
BREAK_IDENTIFIED,trade_stage,binance:6582461897|clearing,2026-08-19T00:00:00+00:00,category=MISSING_RECORD
BREAK_IDENTIFIED,trade_stage,binance:6582461898|clearing,2026-08-19T00:00:00+00:00,category=PRICING
BREAK_IDENTIFIED,trade_stage,coinbase:1073149617|clearing,2026-08-19T00:00:00+00:00,category=REFERENCE_DATA
BREAK_IDENTIFIED,trade_stage,coinbase:1073149618|clearing,2026-08-19T00:00:00+00:00,category=PRICING
BREAK_IDENTIFIED,trade_stage,coinbase:1073149634|clearing,2026-08-19T00:00:00+00:00,category=PRICING
BREAK_IDENTIFIED,trade_stage,coinbase:1073149629|clearing,2026-08-19T00:00:00+00:00,category=REFERENCE_DATA
BREAK_IDENTIFIED,trade_stage,coinbase:1073149621|clearing,2026-08-19T00:00:00+00:00,category=PRICING
BREAK_IDENTIFIED,trade_stage,binance:6582461963|clearing,2026-08-19T00:00:00+00:00,category=TIMING
BREAK_IDENTIFIED,trade_stage,coinbase:1073149645|clearing,2026-08-19T00:00:00+00:00,category=REFERENCE_DATA
BREAK_IDENTIFIED,trade_stage,binance:6582461983|clearing,2026-08-19T00:00:00+00:00,category=PRICING
BREAK_IDENTIFIED,trade_stage,binance:6582461997|clearing,2026-08-19T00:00:00+00:00,category=QUANTITY
BREAK_IDENTIFIED,trade_stage,binance:6582461998|clearing,2026-08-19T00:00:00+00:00,category=REFERENCE_DATA
BREAK_IDENTIFIED,trade_stage,binance:6582462041|clearing,2026-08-19T00:00:00+00:00,category=QUANTITY
BREAK_IDENTIFIED,trade_stage,binance:6582462140|clearing,2026-08-19T00:00:00+00:00,category=PRICING
BREAK_IDENTIFIED,trade_stage,binance:6582462146|clearing,2026-08-19T00:00:00+00:00,category=TIMING
BREAK_IDENTIFIED,trade_stage,binance:6582462166|clearing,2026-08-19T00:00:00+00:00,category=PRICING
BREAK_IDENTIFIED,trade_stage,coinbase:1073149703|clearing,2026-08-19T00:00:00+00:00,category=MISSING_RECORD
BREAK_IDENTIFIED,trade_stage,binance:6582462170|clearing,2026-08-19T00:00:00+00:00,category=QUANTITY
BREAK_IDENTIFIED,trade_stage,binance:6582462175|clearing,2026-08-19T00:00:00+00:00,category=TIMING
BREAK_IDENTIFIED,trade_stage,binance:6582462194|clearing,2026-08-19T00:00:00+00:00,category=MISSING_RECORD
BREAK_IDENTIFIED,trade_stage,binance:6582462207|clearing,2026-08-19T00:00:00+00:00,category=PRICING
BREAK_IDENTIFIED,trade_stage,binance:6582462236|clearing,2026-08-19T00:00:00+00:00,category=MISSING_RECORD
BREAK_IDENTIFIED,trade_stage,binance:6582462285|clearing,2026-08-19T00:00:00+00:00,category=PRICING
BREAK_IDENTIFIED,trade_stage,binance:6582462338|clearing,2026-08-19T00:00:00+00:00,category=TIMING
BREAK_IDENTIFIED,trade_stage,coinbase:1073149742|clearing,2026-08-19T00:00:00+00:00,category=MISSING_RECORD
BREAK_IDENTIFIED,trade_stage,coinbase:1073149740|clearing,2026-08-19T00:00:00+00:00,category=MISSING_RECORD
BREAK_IDENTIFIED,trade_stage,coinbase:1073149743|clearing,2026-08-19T00:00:00+00:00,category=MISSING_RECORD
BREAK_IDENTIFIED,trade_stage,binance:6582462343|clearing,2026-08-19T00:00:00+00:00,category=PRICING
BREAK_IDENTIFIED,trade_stage,binance:6582462380|clearing,2026-08-19T00:00:00+00:00,category=PRICING
BREAK_IDENTIFIED,trade_stage,binance:6582462384|clearing,2026-08-19T00:00:00+00:00,category=PRICING
BREAK_IDENTIFIED,trade_stage,binance:6582462385|clearing,2026-08-19T00:00:00+00:00,category=MISSING_RECORD
BREAK_IDENTIFIED,trade_stage,binance:6582462389|clearing,2026-08-19T00:00:00+00:00,category=QUANTITY
BREAK_IDENTIFIED,trade_stage,binance:6582462397|clearing,2026-08-19T00:00:00+00:00,category=PRICING
BREAK_IDENTIFIED,trade_stage,binance:6582462422|clearing,2026-08-19T00:00:00+00:00,category=MISSING_RECORD
BREAK_IDENTIFIED,trade_stage,binance:6582462434|clearing,2026-08-19T00:00:00+00:00,category=TIMING
BREAK_IDENTIFIED,trade_stage,binance:6582462435|clearing,2026-08-19T00:00:00+00:00,category=PRICING
BREAK_IDENTIFIED,trade_stage,coinbase:1073149752|clearing,2026-08-19T00:00:00+00:00,category=MISSING_RECORD
BREAK_IDENTIFIED,trade_stage,coinbase:1073149755|clearing,2026-08-19T00:00:00+00:00,category=PRICING
BREAK_IDENTIFIED,trade_stage,coinbase:1073149756|clearing,2026-08-19T00:00:00+00:00,category=QUANTITY
BREAK_IDENTIFIED,trade_stage,binance:6582462438|clearing,2026-08-19T00:00:00+00:00,category=PRICING
BREAK_IDENTIFIED,trade_stage,coinbase:1073149759|clearing,2026-08-19T00:00:00+00:00,category=MISSING_RECORD
BREAK_IDENTIFIED,trade_stage,binance:6582462443|clearing,2026-08-19T00:00:00+00:00,category=REFERENCE_DATA
BREAK_IDENTIFIED,trade_stage,binance:6582462445|clearing,2026-08-19T00:00:00+00:00,category=QUANTITY
BREAK_IDENTIFIED,trade_stage,coinbase:1073149774|clearing,2026-08-19T00:00:00+00:00,category=QUANTITY
BREAK_IDENTIFIED,trade_stage,binance:6582462457|clearing,2026-08-19T00:00:00+00:00,category=PRICING
BREAK_IDENTIFIED,trade_stage,coinbase:1073149777|clearing,2026-08-19T00:00:00+00:00,category=TIMING
BREAK_IDENTIFIED,trade_stage,kraken:105348708|clearing,2026-08-19T00:00:00+00:00,category=MISSING_RECORD
BREAK_IDENTIFIED,trade_stage,binance:6582462466|clearing,2026-08-19T00:00:00+00:00,category=REFERENCE_DATA
BREAK_IDENTIFIED,trade_stage,coinbase:1073149800|clearing,2026-08-19T00:00:00+00:00,category=MISSING_RECORD
BREAK_IDENTIFIED,trade_stage,coinbase:1073149801|clearing,2026-08-19T00:00:00+00:00,category=PRICING
BREAK_IDENTIFIED,trade_stage,coinbase:1073149805|clearing,2026-08-19T00:00:00+00:00,category=REFERENCE_DATA
BREAK_IDENTIFIED,trade_stage,binance:6582462540|clearing,2026-08-19T00:00:00+00:00,category=QUANTITY
BREAK_IDENTIFIED,trade_stage,binance:6582462542|clearing,2026-08-19T00:00:00+00:00,category=TIMING
BREAK_IDENTIFIED,trade_stage,binance:6582462543|clearing,2026-08-19T00:00:00+00:00,category=TIMING
BREAK_IDENTIFIED,trade_stage,binance:6582462590|clearing,2026-08-19T00:00:00+00:00,category=PRICING
BREAK_IDENTIFIED,trade_stage,binance:6582462641|clearing,2026-08-19T00:00:00+00:00,category=MISSING_RECORD
BREAK_IDENTIFIED,trade_stage,binance:6582462659|clearing,2026-08-19T00:00:00+00:00,category=PRICING
BREAK_IDENTIFIED,trade_stage,binance:6582462702|clearing,2026-08-19T00:00:00+00:00,category=TIMING
BREAK_IDENTIFIED,trade_stage,binance:6582462715|clearing,2026-08-19T00:00:00+00:00,category=REFERENCE_DATA
BREAK_IDENTIFIED,trade_stage,binance:6582462722|clearing,2026-08-19T00:00:00+00:00,category=QUANTITY
BREAK_IDENTIFIED,trade_stage,binance:6582462723|clearing,2026-08-19T00:00:00+00:00,category=MISSING_RECORD
BREAK_IDENTIFIED,trade_stage,binance:6582462727|clearing,2026-08-19T00:00:00+00:00,category=REFERENCE_DATA
BREAK_IDENTIFIED,trade_stage,binance:6582462733|clearing,2026-08-19T00:00:00+00:00,category=QUANTITY
BREAK_IDENTIFIED,trade_stage,binance:6582462737|clearing,2026-08-19T00:00:00+00:00,category=TIMING
BREAK_IDENTIFIED,trade_stage,binance:6582462749|clearing,2026-08-19T00:00:00+00:00,category=TIMING
BREAK_IDENTIFIED,trade_stage,binance:6582462752|clearing,2026-08-19T00:00:00+00:00,category=MISSING_RECORD
BREAK_IDENTIFIED,trade_stage,coinbase:1073149819|clearing,2026-08-19T00:00:00+00:00,category=TIMING
BREAK_IDENTIFIED,trade_stage,coinbase:1073149832|clearing,2026-08-19T00:00:00+00:00,category=TIMING
BREAK_IDENTIFIED,trade_stage,coinbase:1073149840|clearing,2026-08-19T00:00:00+00:00,category=TIMING
BREAK_IDENTIFIED,trade_stage,binance:6582462778|clearing,2026-08-19T00:00:00+00:00,category=MISSING_RECORD
BREAK_IDENTIFIED,trade_stage,coinbase:1073149847|clearing,2026-08-19T00:00:00+00:00,category=TIMING
BREAK_IDENTIFIED,trade_stage,coinbase:1073149859|clearing,2026-08-19T00:00:00+00:00,category=TIMING
BREAK_IDENTIFIED,trade_stage,coinbase:1073149860|clearing,2026-08-19T00:00:00+00:00,category=TIMING
BREAK_IDENTIFIED,trade_stage,coinbase:1073149862|clearing,2026-08-19T00:00:00+00:00,category=TIMING
BREAK_IDENTIFIED,trade_stage,coinbase:1073149866|clearing,2026-08-19T00:00:00+00:00,category=PRICING
BREAK_IDENTIFIED,trade_stage,coinbase:1073149864|clearing,2026-08-19T00:00:00+00:00,category=MISSING_RECORD
BREAK_IDENTIFIED,trade_stage,binance:6582462782|clearing,2026-08-19T00:00:00+00:00,category=TIMING
BREAK_IDENTIFIED,trade_stage,binance:6582462788|clearing,2026-08-19T00:00:00+00:00,category=PRICING
BREAK_IDENTIFIED,trade_stage,coinbase:1073149871|clearing,2026-08-19T00:00:00+00:00,category=MISSING_RECORD
BREAK_IDENTIFIED,trade_stage,coinbase:1073149873|clearing,2026-08-19T00:00:00+00:00,category=TIMING
BREAK_IDENTIFIED,trade_stage,kraken:105348717|clearing,2026-08-19T00:00:00+00:00,category=QUANTITY
BREAK_IDENTIFIED,trade_stage,kraken:105348719|clearing,2026-08-19T00:00:00+00:00,category=PRICING
BREAK_IDENTIFIED,trade_stage,kraken:105348720|clearing,2026-08-19T00:00:00+00:00,category=MISSING_RECORD
BREAK_IDENTIFIED,trade_stage,kraken:105348724|clearing,2026-08-19T00:00:00+00:00,category=TIMING
BREAK_IDENTIFIED,trade_stage,kraken:105348725|clearing,2026-08-19T00:00:00+00:00,category=REFERENCE_DATA
BREAK_IDENTIFIED,trade_stage,coinbase:1073149890|clearing,2026-08-19T00:00:00+00:00,category=MISSING_RECORD
BREAK_IDENTIFIED,trade_stage,coinbase:1073149897|clearing,2026-08-19T00:00:00+00:00,category=PRICING
BREAK_IDENTIFIED,trade_stage,coinbase:1073149904|clearing,2026-08-19T00:00:00+00:00,category=MISSING_RECORD
BREAK_IDENTIFIED,trade_stage,coinbase:1073149921|clearing,2026-08-19T00:00:00+00:00,category=PRICING
BREAK_IDENTIFIED,trade_stage,coinbase:1073149923|clearing,2026-08-19T00:00:00+00:00,category=TIMING
BREAK_IDENTIFIED,trade_stage,binance:6582462959|clearing,2026-08-19T00:00:00+00:00,category=QUANTITY
BREAK_IDENTIFIED,trade_stage,binance:6582462963|clearing,2026-08-19T00:00:00+00:00,category=QUANTITY
BREAK_IDENTIFIED,trade_stage,binance:6582462964|clearing,2026-08-19T00:00:00+00:00,category=PRICING
BREAK_IDENTIFIED,trade_stage,binance:6582463089|clearing,2026-08-19T00:00:00+00:00,category=REFERENCE_DATA
BREAK_IDENTIFIED,trade_stage,binance:6582463124|clearing,2026-08-19T00:00:00+00:00,category=PRICING
BREAK_IDENTIFIED,trade_stage,coinbase:1073149987|clearing,2026-08-19T00:00:00+00:00,category=QUANTITY
BREAK_IDENTIFIED,trade_stage,binance:6582463196|clearing,2026-08-19T00:00:00+00:00,category=TIMING
BREAK_IDENTIFIED,trade_stage,coinbase:1073150010|clearing,2026-08-19T00:00:00+00:00,category=QUANTITY
BREAK_IDENTIFIED,trade_stage,binance:6582463202|clearing,2026-08-19T00:00:00+00:00,category=PRICING
BREAK_IDENTIFIED,trade_stage,coinbase:1073150023|clearing,2026-08-19T00:00:00+00:00,category=TIMING
BREAK_IDENTIFIED,trade_stage,binance:6582463226|clearing,2026-08-19T00:00:00+00:00,category=TIMING
BREAK_IDENTIFIED,trade_stage,coinbase:1073150052|clearing,2026-08-19T00:00:00+00:00,category=QUANTITY
BREAK_IDENTIFIED,trade_stage,coinbase:1073150057|clearing,2026-08-19T00:00:00+00:00,category=MISSING_RECORD
BREAK_IDENTIFIED,trade_stage,coinbase:1073150058|clearing,2026-08-19T00:00:00+00:00,category=PRICING
BREAK_IDENTIFIED,trade_stage,coinbase:1073150065|clearing,2026-08-19T00:00:00+00:00,category=MISSING_RECORD
BREAK_IDENTIFIED,trade_stage,coinbase:1073150070|clearing,2026-08-19T00:00:00+00:00,category=REFERENCE_DATA
BREAK_IDENTIFIED,trade_stage,coinbase:1073150072|clearing,2026-08-19T00:00:00+00:00,category=REFERENCE_DATA
BREAK_IDENTIFIED,trade_stage,binance:6582463266|clearing,2026-08-19T00:00:00+00:00,category=REFERENCE_DATA
BREAK_IDENTIFIED,trade_stage,coinbase:1073150082|clearing,2026-08-19T00:00:00+00:00,category=TIMING
BREAK_IDENTIFIED,trade_stage,binance:6582463396|clearing,2026-08-19T00:00:00+00:00,category=MISSING_RECORD
BREAK_IDENTIFIED,trade_stage,binance:6582463456|clearing,2026-08-19T00:00:00+00:00,category=TIMING
BREAK_IDENTIFIED,trade_stage,binance:6582463507|clearing,2026-08-19T00:00:00+00:00,category=QUANTITY
BREAK_IDENTIFIED,trade_stage,binance:6582463570|clearing,2026-08-19T00:00:00+00:00,category=TIMING
BREAK_IDENTIFIED,trade_stage,binance:6582463573|clearing,2026-08-19T00:00:00+00:00,category=QUANTITY
BREAK_IDENTIFIED,trade_stage,binance:6582463578|clearing,2026-08-19T00:00:00+00:00,category=TIMING
BREAK_IDENTIFIED,trade_stage,binance:6582463581|clearing,2026-08-19T00:00:00+00:00,category=PRICING
BREAK_IDENTIFIED,trade_stage,coinbase:1073150096|clearing,2026-08-19T00:00:00+00:00,category=MISSING_RECORD
BREAK_IDENTIFIED,trade_stage,coinbase:1073150108|clearing,2026-08-19T00:00:00+00:00,category=REFERENCE_DATA
BREAK_IDENTIFIED,trade_stage,coinbase:1073150112|clearing,2026-08-19T00:00:00+00:00,category=QUANTITY
BREAK_IDENTIFIED,trade_stage,coinbase:1073150110|clearing,2026-08-19T00:00:00+00:00,category=QUANTITY
BREAK_IDENTIFIED,trade_stage,coinbase:1073150114|clearing,2026-08-19T00:00:00+00:00,category=MISSING_RECORD
BREAK_IDENTIFIED,trade_stage,binance:6582463626|clearing,2026-08-19T00:00:00+00:00,category=REFERENCE_DATA
BREAK_IDENTIFIED,trade_stage,binance:6582463631|clearing,2026-08-19T00:00:00+00:00,category=PRICING
BREAK_IDENTIFIED,trade_stage,coinbase:1073150123|clearing,2026-08-19T00:00:00+00:00,category=TIMING
BREAK_IDENTIFIED,trade_stage,coinbase:1073150127|clearing,2026-08-19T00:00:00+00:00,category=PRICING
BREAK_IDENTIFIED,trade_stage,binance:6582463640|clearing,2026-08-19T00:00:00+00:00,category=PRICING
BREAK_IDENTIFIED,trade_stage,coinbase:1073150144|clearing,2026-08-19T00:00:00+00:00,category=QUANTITY
BREAK_IDENTIFIED,trade_stage,coinbase:1073150147|clearing,2026-08-19T00:00:00+00:00,category=PRICING
BREAK_IDENTIFIED,trade_stage,coinbase:1073150154|clearing,2026-08-19T00:00:00+00:00,category=MISSING_RECORD
BREAK_IDENTIFIED,trade_stage,coinbase:1073150153|clearing,2026-08-19T00:00:00+00:00,category=PRICING
BREAK_IDENTIFIED,trade_stage,coinbase:1073150162|clearing,2026-08-19T00:00:00+00:00,category=TIMING
BREAK_IDENTIFIED,trade_stage,binance:6582463650|clearing,2026-08-19T00:00:00+00:00,category=MISSING_RECORD
BREAK_IDENTIFIED,trade_stage,coinbase:1073150172|clearing,2026-08-19T00:00:00+00:00,category=MISSING_RECORD
BREAK_IDENTIFIED,trade_stage,coinbase:1073150173|clearing,2026-08-19T00:00:00+00:00,category=REFERENCE_DATA
BREAK_IDENTIFIED,trade_stage,coinbase:1073150185|clearing,2026-08-19T00:00:00+00:00,category=QUANTITY
BREAK_IDENTIFIED,trade_stage,coinbase:1073150192|clearing,2026-08-19T00:00:00+00:00,category=MISSING_RECORD
BREAK_IDENTIFIED,trade_stage,binance:6582463663|clearing,2026-08-19T00:00:00+00:00,category=TIMING
BREAK_IDENTIFIED,trade_stage,binance:6582463664|clearing,2026-08-19T00:00:00+00:00,category=TIMING
BREAK_IDENTIFIED,trade_stage,coinbase:1073150211|clearing,2026-08-19T00:00:00+00:00,category=PRICING
BREAK_IDENTIFIED,trade_stage,coinbase:1073150218|clearing,2026-08-19T00:00:00+00:00,category=QUANTITY
BREAK_IDENTIFIED,trade_stage,coinbase:1073150234|clearing,2026-08-19T00:00:00+00:00,category=PRICING
BREAK_IDENTIFIED,trade_stage,coinbase:1073150243|clearing,2026-08-19T00:00:00+00:00,category=QUANTITY
BREAK_IDENTIFIED,trade_stage,coinbase:1073150244|clearing,2026-08-19T00:00:00+00:00,category=QUANTITY
BREAK_IDENTIFIED,trade_stage,coinbase:1073150246|clearing,2026-08-19T00:00:00+00:00,category=PRICING
BREAK_IDENTIFIED,trade_stage,binance:6582463768|clearing,2026-08-19T00:00:00+00:00,category=QUANTITY
BREAK_IDENTIFIED,trade_stage,binance:6582463796|clearing,2026-08-19T00:00:00+00:00,category=PRICING
BREAK_IDENTIFIED,trade_stage,binance:6582463800|clearing,2026-08-19T00:00:00+00:00,category=QUANTITY
BREAK_IDENTIFIED,trade_stage,binance:6582463821|clearing,2026-08-19T00:00:00+00:00,category=PRICING
BREAK_IDENTIFIED,trade_stage,binance:6582463830|clearing,2026-08-19T00:00:00+00:00,category=TIMING
BREAK_IDENTIFIED,trade_stage,binance:6582463918|clearing,2026-08-19T00:00:00+00:00,category=TIMING
BREAK_IDENTIFIED,trade_stage,binance:6582463926|clearing,2026-08-19T00:00:00+00:00,category=MISSING_RECORD
BREAK_IDENTIFIED,trade_stage,coinbase:1073150266|clearing,2026-08-19T00:00:00+00:00,category=PRICING
BREAK_IDENTIFIED,trade_stage,coinbase:1073150269|clearing,2026-08-19T00:00:00+00:00,category=PRICING
BREAK_IDENTIFIED,trade_stage,coinbase:1073150271|clearing,2026-08-19T00:00:00+00:00,category=REFERENCE_DATA
BREAK_IDENTIFIED,trade_stage,binance:6582463948|clearing,2026-08-19T00:00:00+00:00,category=PRICING
BREAK_IDENTIFIED,trade_stage,coinbase:1073150273|clearing,2026-08-19T00:00:00+00:00,category=REFERENCE_DATA
BREAK_IDENTIFIED,trade_stage,coinbase:1073150278|clearing,2026-08-19T00:00:00+00:00,category=PRICING
BREAK_IDENTIFIED,trade_stage,coinbase:1073150282|clearing,2026-08-19T00:00:00+00:00,category=PRICING
BREAK_IDENTIFIED,trade_stage,coinbase:1073150284|clearing,2026-08-19T00:00:00+00:00,category=TIMING
BREAK_IDENTIFIED,trade_stage,coinbase:1073150289|clearing,2026-08-19T00:00:00+00:00,category=QUANTITY
BREAK_IDENTIFIED,trade_stage,binance:6582463962|clearing,2026-08-19T00:00:00+00:00,category=MISSING_RECORD
BREAK_IDENTIFIED,trade_stage,binance:6582463964|clearing,2026-08-19T00:00:00+00:00,category=QUANTITY
BREAK_IDENTIFIED,trade_stage,binance:6582463984|clearing,2026-08-19T00:00:00+00:00,category=QUANTITY
BREAK_IDENTIFIED,trade_stage,binance:6582463987|clearing,2026-08-19T00:00:00+00:00,category=QUANTITY
BREAK_IDENTIFIED,trade_stage,coinbase:1073150295|clearing,2026-08-19T00:00:00+00:00,category=QUANTITY
BREAK_IDENTIFIED,trade_stage,coinbase:1073150297|clearing,2026-08-19T00:00:00+00:00,category=QUANTITY
BREAK_IDENTIFIED,trade_stage,coinbase:1073150307|clearing,2026-08-19T00:00:00+00:00,category=TIMING
BREAK_IDENTIFIED,trade_stage,coinbase:1073150310|clearing,2026-08-19T00:00:00+00:00,category=QUANTITY
BREAK_IDENTIFIED,trade_stage,coinbase:1073150312|clearing,2026-08-19T00:00:00+00:00,category=MISSING_RECORD
BREAK_IDENTIFIED,trade_stage,coinbase:1073150316|clearing,2026-08-19T00:00:00+00:00,category=MISSING_RECORD
BREAK_IDENTIFIED,trade_stage,coinbase:1073150329|clearing,2026-08-19T00:00:00+00:00,category=QUANTITY
BREAK_IDENTIFIED,trade_stage,kraken:105348754|clearing,2026-08-19T00:00:00+00:00,category=MISSING_RECORD
BREAK_IDENTIFIED,trade_stage,coinbase:1073150334|clearing,2026-08-19T00:00:00+00:00,category=MISSING_RECORD
BREAK_IDENTIFIED,trade_stage,binance:6582464049|clearing,2026-08-19T00:00:00+00:00,category=PRICING
BREAK_IDENTIFIED,trade_stage,coinbase:1073150337|clearing,2026-08-19T00:00:00+00:00,category=QUANTITY
BREAK_IDENTIFIED,trade_stage,coinbase:1073150338|clearing,2026-08-19T00:00:00+00:00,category=TIMING
BREAK_IDENTIFIED,trade_stage,binance:6582464079|clearing,2026-08-19T00:00:00+00:00,category=QUANTITY
BREAK_IDENTIFIED,trade_stage,binance:6582464113|clearing,2026-08-19T00:00:00+00:00,category=QUANTITY
BREAK_IDENTIFIED,trade_stage,binance:6582464116|clearing,2026-08-19T00:00:00+00:00,category=QUANTITY
BREAK_IDENTIFIED,trade_stage,binance:6582464130|clearing,2026-08-19T00:00:00+00:00,category=REFERENCE_DATA
BREAK_IDENTIFIED,trade_stage,binance:6582464131|clearing,2026-08-19T00:00:00+00:00,category=QUANTITY
BREAK_IDENTIFIED,trade_stage,binance:6582464167|clearing,2026-08-19T00:00:00+00:00,category=MISSING_RECORD
BREAK_IDENTIFIED,trade_stage,coinbase:1073150352|clearing,2026-08-19T00:00:00+00:00,category=QUANTITY
BREAK_IDENTIFIED,trade_stage,binance:6582464186|clearing,2026-08-19T00:00:00+00:00,category=MISSING_RECORD
BREAK_IDENTIFIED,trade_stage,binance:6582464213|clearing,2026-08-19T00:00:00+00:00,category=PRICING
BREAK_IDENTIFIED,trade_stage,binance:6582464216|clearing,2026-08-19T00:00:00+00:00,category=QUANTITY
BREAK_IDENTIFIED,trade_stage,coinbase:1073150358|clearing,2026-08-19T00:00:00+00:00,category=QUANTITY
BREAK_IDENTIFIED,trade_stage,coinbase:1073150365|clearing,2026-08-19T00:00:00+00:00,category=TIMING
BREAK_IDENTIFIED,trade_stage,binance:6582464228|clearing,2026-08-19T00:00:00+00:00,category=MISSING_RECORD
BREAK_IDENTIFIED,trade_stage,binance:6582464326|clearing,2026-08-19T00:00:00+00:00,category=MISSING_RECORD
BREAK_IDENTIFIED,trade_stage,binance:6582464350|clearing,2026-08-19T00:00:00+00:00,category=TIMING
BREAK_IDENTIFIED,trade_stage,kraken:105348759|clearing,2026-08-19T00:00:00+00:00,category=REFERENCE_DATA
BREAK_IDENTIFIED,trade_stage,binance:6582464362|clearing,2026-08-19T00:00:00+00:00,category=QUANTITY
BREAK_IDENTIFIED,trade_stage,coinbase:1073150370|clearing,2026-08-19T00:00:00+00:00,category=QUANTITY
BREAK_IDENTIFIED,trade_stage,coinbase:1073150379|clearing,2026-08-19T00:00:00+00:00,category=QUANTITY
BREAK_IDENTIFIED,trade_stage,binance:6582464371|clearing,2026-08-19T00:00:00+00:00,category=TIMING
BREAK_IDENTIFIED,trade_stage,coinbase:1073150385|clearing,2026-08-19T00:00:00+00:00,category=TIMING
BREAK_IDENTIFIED,trade_stage,binance:6582464373|clearing,2026-08-19T00:00:00+00:00,category=TIMING
BREAK_IDENTIFIED,trade_stage,binance:6582464374|clearing,2026-08-19T00:00:00+00:00,category=PRICING
BREAK_IDENTIFIED,trade_stage,coinbase:1073150389|clearing,2026-08-19T00:00:00+00:00,category=REFERENCE_DATA
BREAK_IDENTIFIED,trade_stage,binance:6582464376|clearing,2026-08-19T00:00:00+00:00,category=PRICING
BREAK_IDENTIFIED,trade_stage,binance:6582464379|clearing,2026-08-19T00:00:00+00:00,category=TIMING
BREAK_IDENTIFIED,trade_stage,coinbase:1073150402|clearing,2026-08-19T00:00:00+00:00,category=PRICING
BREAK_IDENTIFIED,trade_stage,coinbase:1073150405|clearing,2026-08-19T00:00:00+00:00,category=PRICING
BREAK_IDENTIFIED,trade_stage,binance:6582464392|clearing,2026-08-19T00:00:00+00:00,category=QUANTITY
BREAK_IDENTIFIED,trade_stage,kraken:105348762|clearing,2026-08-19T00:00:00+00:00,category=PRICING
BREAK_IDENTIFIED,trade_stage,kraken:105348765|clearing,2026-08-19T00:00:00+00:00,category=QUANTITY
BREAK_IDENTIFIED,trade_stage,kraken:105348768|clearing,2026-08-19T00:00:00+00:00,category=REFERENCE_DATA
BREAK_IDENTIFIED,trade_stage,binance:6582464443|clearing,2026-08-19T00:00:00+00:00,category=REFERENCE_DATA
BREAK_IDENTIFIED,trade_stage,binance:6582464444|clearing,2026-08-19T00:00:00+00:00,category=MISSING_RECORD
BREAK_IDENTIFIED,trade_stage,binance:6582464445|clearing,2026-08-19T00:00:00+00:00,category=MISSING_RECORD
BREAK_IDENTIFIED,trade_stage,binance:6582464476|clearing,2026-08-19T00:00:00+00:00,category=PRICING
BREAK_IDENTIFIED,trade_stage,binance:6582464485|clearing,2026-08-19T00:00:00+00:00,category=PRICING
BREAK_IDENTIFIED,trade_stage,binance:6582464488|clearing,2026-08-19T00:00:00+00:00,category=QUANTITY
BREAK_IDENTIFIED,trade_stage,binance:6582464491|clearing,2026-08-19T00:00:00+00:00,category=MISSING_RECORD
BREAK_IDENTIFIED,trade_stage,binance:6582464493|clearing,2026-08-19T00:00:00+00:00,category=QUANTITY
BREAK_IDENTIFIED,trade_stage,coinbase:1073150420|clearing,2026-08-19T00:00:00+00:00,category=PRICING
BREAK_IDENTIFIED,trade_stage,coinbase:1073150424|clearing,2026-08-19T00:00:00+00:00,category=QUANTITY
BREAK_IDENTIFIED,trade_stage,coinbase:1073150439|clearing,2026-08-19T00:00:00+00:00,category=QUANTITY
BREAK_IDENTIFIED,trade_stage,coinbase:1073150449|clearing,2026-08-19T00:00:00+00:00,category=QUANTITY
BREAK_IDENTIFIED,trade_stage,coinbase:1073150448|clearing,2026-08-19T00:00:00+00:00,category=TIMING
BREAK_IDENTIFIED,trade_stage,coinbase:1073150447|clearing,2026-08-19T00:00:00+00:00,category=TIMING
BREAK_IDENTIFIED,trade_stage,coinbase:1073150454|clearing,2026-08-19T00:00:00+00:00,category=MISSING_RECORD
BREAK_IDENTIFIED,trade_stage,coinbase:1073150461|clearing,2026-08-19T00:00:00+00:00,category=QUANTITY
BREAK_IDENTIFIED,trade_stage,binance:6582464515|clearing,2026-08-19T00:00:00+00:00,category=QUANTITY
BREAK_IDENTIFIED,trade_stage,coinbase:1073150468|clearing,2026-08-19T00:00:00+00:00,category=TIMING
BREAK_IDENTIFIED,trade_stage,coinbase:1073150471|clearing,2026-08-19T00:00:00+00:00,category=MISSING_RECORD
BREAK_IDENTIFIED,trade_stage,coinbase:1073150477|clearing,2026-08-19T00:00:00+00:00,category=PRICING
BREAK_IDENTIFIED,trade_stage,binance:6582464553|clearing,2026-08-19T00:00:00+00:00,category=REFERENCE_DATA
BREAK_IDENTIFIED,trade_stage,binance:6582464566|clearing,2026-08-19T00:00:00+00:00,category=REFERENCE_DATA
BREAK_IDENTIFIED,trade_stage,binance:6582464613|clearing,2026-08-19T00:00:00+00:00,category=QUANTITY
BREAK_IDENTIFIED,trade_stage,binance:6582464652|clearing,2026-08-19T00:00:00+00:00,category=QUANTITY
BREAK_IDENTIFIED,trade_stage,binance:6582464658|clearing,2026-08-19T00:00:00+00:00,category=TIMING
BREAK_IDENTIFIED,trade_stage,kraken:105348780|clearing,2026-08-19T00:00:00+00:00,category=TIMING
BREAK_IDENTIFIED,trade_stage,binance:6582464721|clearing,2026-08-19T00:00:00+00:00,category=TIMING
BREAK_IDENTIFIED,trade_stage,binance:6582464753|clearing,2026-08-19T00:00:00+00:00,category=TIMING
BREAK_IDENTIFIED,trade_stage,binance:6582464755|clearing,2026-08-19T00:00:00+00:00,category=QUANTITY
BREAK_IDENTIFIED,trade_stage,coinbase:1073150502|clearing,2026-08-19T00:00:00+00:00,category=QUANTITY
BREAK_IDENTIFIED,trade_stage,coinbase:1073150506|clearing,2026-08-19T00:00:00+00:00,category=PRICING
BREAK_IDENTIFIED,trade_stage,kraken:105348783|clearing,2026-08-19T00:00:00+00:00,category=REFERENCE_DATA
BREAK_IDENTIFIED,trade_stage,binance:6582464847|clearing,2026-08-19T00:00:00+00:00,category=TIMING
BREAK_IDENTIFIED,trade_stage,coinbase:1073150509|clearing,2026-08-19T00:00:00+00:00,category=PRICING
BREAK_IDENTIFIED,trade_stage,binance:6582464851|clearing,2026-08-19T00:00:00+00:00,category=MISSING_RECORD
BREAK_IDENTIFIED,trade_stage,binance:6582464959|clearing,2026-08-19T00:00:00+00:00,category=QUANTITY
BREAK_IDENTIFIED,trade_stage,coinbase:1073150514|clearing,2026-08-19T00:00:00+00:00,category=QUANTITY
BREAK_IDENTIFIED,trade_stage,coinbase:1073150522|clearing,2026-08-19T00:00:00+00:00,category=TIMING
BREAK_IDENTIFIED,trade_stage,coinbase:1073150530|clearing,2026-08-19T00:00:00+00:00,category=QUANTITY
BREAK_IDENTIFIED,trade_stage,binance:6582464984|clearing,2026-08-19T00:00:00+00:00,category=QUANTITY
BREAK_IDENTIFIED,trade_stage,binance:6582465000|clearing,2026-08-19T00:00:00+00:00,category=QUANTITY
BREAK_IDENTIFIED,trade_stage,binance:6582465033|clearing,2026-08-19T00:00:00+00:00,category=PRICING
BREAK_IDENTIFIED,trade_stage,binance:6582465047|clearing,2026-08-19T00:00:00+00:00,category=MISSING_RECORD
BREAK_IDENTIFIED,trade_stage,binance:6582465100|clearing,2026-08-19T00:00:00+00:00,category=MISSING_RECORD
BREAK_IDENTIFIED,trade_stage,coinbase:1073150542|clearing,2026-08-19T00:00:00+00:00,category=TIMING
BREAK_IDENTIFIED,trade_stage,binance:6582465133|clearing,2026-08-19T00:00:00+00:00,category=MISSING_RECORD
BREAK_IDENTIFIED,trade_stage,binance:6582465147|clearing,2026-08-19T00:00:00+00:00,category=QUANTITY
BREAK_IDENTIFIED,trade_stage,binance:6582465153|clearing,2026-08-19T00:00:00+00:00,category=PRICING
BREAK_IDENTIFIED,trade_stage,binance:6582465154|clearing,2026-08-19T00:00:00+00:00,category=TIMING
BREAK_IDENTIFIED,trade_stage,binance:6582465155|clearing,2026-08-19T00:00:00+00:00,category=QUANTITY
BREAK_IDENTIFIED,trade_stage,coinbase:1073150553|clearing,2026-08-19T00:00:00+00:00,category=MISSING_RECORD
BREAK_IDENTIFIED,trade_stage,coinbase:1073150552|clearing,2026-08-19T00:00:00+00:00,category=PRICING
BREAK_IDENTIFIED,trade_stage,binance:6582465167|clearing,2026-08-19T00:00:00+00:00,category=TIMING
BREAK_IDENTIFIED,trade_stage,coinbase:1073150570|clearing,2026-08-19T00:00:00+00:00,category=PRICING
BREAK_IDENTIFIED,trade_stage,coinbase:1073150574|clearing,2026-08-19T00:00:00+00:00,category=MISSING_RECORD
BREAK_IDENTIFIED,trade_stage,kraken:105348794|clearing,2026-08-19T00:00:00+00:00,category=TIMING
BREAK_IDENTIFIED,trade_stage,binance:6582465209|clearing,2026-08-19T00:00:00+00:00,category=QUANTITY
BREAK_IDENTIFIED,trade_stage,binance:6582465213|clearing,2026-08-19T00:00:00+00:00,category=MISSING_RECORD
BREAK_IDENTIFIED,trade_stage,binance:6582465231|clearing,2026-08-19T00:00:00+00:00,category=TIMING
BREAK_IDENTIFIED,trade_stage,coinbase:1073150578|clearing,2026-08-19T00:00:00+00:00,category=QUANTITY
BREAK_IDENTIFIED,trade_stage,coinbase:1073150586|clearing,2026-08-19T00:00:00+00:00,category=TIMING
BREAK_IDENTIFIED,trade_stage,coinbase:1073150589|clearing,2026-08-19T00:00:00+00:00,category=QUANTITY
BREAK_IDENTIFIED,trade_stage,coinbase:1073150592|clearing,2026-08-19T00:00:00+00:00,category=TIMING
BREAK_IDENTIFIED,trade_stage,coinbase:1073150596|clearing,2026-08-19T00:00:00+00:00,category=TIMING
BREAK_IDENTIFIED,trade_stage,coinbase:1073150610|clearing,2026-08-19T00:00:00+00:00,category=MISSING_RECORD
BREAK_IDENTIFIED,trade_stage,coinbase:1073150611|clearing,2026-08-19T00:00:00+00:00,category=TIMING
BREAK_IDENTIFIED,trade_stage,binance:6582465296|clearing,2026-08-19T00:00:00+00:00,category=PRICING
BREAK_IDENTIFIED,trade_stage,coinbase:1073150617|clearing,2026-08-19T00:00:00+00:00,category=QUANTITY
BREAK_IDENTIFIED,trade_stage,binance:6582465297|clearing,2026-08-19T00:00:00+00:00,category=MISSING_RECORD
BREAK_IDENTIFIED,trade_stage,coinbase:1073150633|clearing,2026-08-19T00:00:00+00:00,category=QUANTITY
BREAK_IDENTIFIED,trade_stage,coinbase:1073150640|clearing,2026-08-19T00:00:00+00:00,category=QUANTITY
BREAK_IDENTIFIED,trade_stage,coinbase:1073150660|clearing,2026-08-19T00:00:00+00:00,category=REFERENCE_DATA
BREAK_IDENTIFIED,trade_stage,coinbase:1073150667|clearing,2026-08-19T00:00:00+00:00,category=TIMING
BREAK_IDENTIFIED,trade_stage,coinbase:1073150670|clearing,2026-08-19T00:00:00+00:00,category=PRICING
BREAK_IDENTIFIED,trade_stage,coinbase:1073150671|clearing,2026-08-19T00:00:00+00:00,category=QUANTITY
BREAK_IDENTIFIED,trade_stage,coinbase:1073150676|clearing,2026-08-19T00:00:00+00:00,category=TIMING
BREAK_IDENTIFIED,trade_stage,kraken:105348803|clearing,2026-08-19T00:00:00+00:00,category=TIMING
BREAK_IDENTIFIED,trade_stage,kraken:105348811|clearing,2026-08-19T00:00:00+00:00,category=TIMING
BREAK_IDENTIFIED,trade_stage,kraken:105348818|clearing,2026-08-19T00:00:00+00:00,category=QUANTITY
BREAK_IDENTIFIED,trade_stage,kraken:105347815|confirm,2026-08-19T00:00:00+00:00,category=QUANTITY
BREAK_IDENTIFIED,trade_stage,kraken:105347822|confirm,2026-08-19T00:00:00+00:00,category=TIMING
BREAK_IDENTIFIED,trade_stage,kraken:105347828|confirm,2026-08-19T00:00:00+00:00,category=PRICING
BREAK_IDENTIFIED,trade_stage,kraken:105347833|confirm,2026-08-19T00:00:00+00:00,category=MISSING_RECORD
BREAK_IDENTIFIED,trade_stage,kraken:105347840|confirm,2026-08-19T00:00:00+00:00,category=PRICING
BREAK_IDENTIFIED,trade_stage,kraken:105347841|confirm,2026-08-19T00:00:00+00:00,category=QUANTITY
BREAK_IDENTIFIED,trade_stage,kraken:105347843|confirm,2026-08-19T00:00:00+00:00,category=TIMING
BREAK_IDENTIFIED,trade_stage,kraken:105347844|confirm,2026-08-19T00:00:00+00:00,category=TIMING
BREAK_IDENTIFIED,trade_stage,kraken:105347846|confirm,2026-08-19T00:00:00+00:00,category=PRICING
BREAK_IDENTIFIED,trade_stage,kraken:105347847|confirm,2026-08-19T00:00:00+00:00,category=QUANTITY
BREAK_IDENTIFIED,trade_stage,kraken:105347854|confirm,2026-08-19T00:00:00+00:00,category=MISSING_RECORD
BREAK_IDENTIFIED,trade_stage,kraken:105347858|confirm,2026-08-19T00:00:00+00:00,category=PRICING
BREAK_IDENTIFIED,trade_stage,kraken:105347859|confirm,2026-08-19T00:00:00+00:00,category=TIMING
BREAK_IDENTIFIED,trade_stage,kraken:105347860|confirm,2026-08-19T00:00:00+00:00,category=MISSING_RECORD
BREAK_IDENTIFIED,trade_stage,kraken:105347861|confirm,2026-08-19T00:00:00+00:00,category=REFERENCE_DATA
BREAK_IDENTIFIED,trade_stage,kraken:105347863|confirm,2026-08-19T00:00:00+00:00,category=PRICING
BREAK_IDENTIFIED,trade_stage,kraken:105347867|confirm,2026-08-19T00:00:00+00:00,category=TIMING
BREAK_IDENTIFIED,trade_stage,kraken:105347873|confirm,2026-08-19T00:00:00+00:00,category=QUANTITY
BREAK_IDENTIFIED,trade_stage,kraken:105347877|confirm,2026-08-19T00:00:00+00:00,category=TIMING
BREAK_IDENTIFIED,trade_stage,kraken:105347884|confirm,2026-08-19T00:00:00+00:00,category=PRICING
BREAK_IDENTIFIED,trade_stage,kraken:105347887|confirm,2026-08-19T00:00:00+00:00,category=QUANTITY
BREAK_IDENTIFIED,trade_stage,kraken:105347892|confirm,2026-08-19T00:00:00+00:00,category=TIMING
BREAK_IDENTIFIED,trade_stage,kraken:105347893|confirm,2026-08-19T00:00:00+00:00,category=TIMING
BREAK_IDENTIFIED,trade_stage,kraken:105347894|confirm,2026-08-19T00:00:00+00:00,category=REFERENCE_DATA
BREAK_IDENTIFIED,trade_stage,kraken:105347901|confirm,2026-08-19T00:00:00+00:00,category=PRICING
BREAK_IDENTIFIED,trade_stage,kraken:105347915|confirm,2026-08-19T00:00:00+00:00,category=TIMING
BREAK_IDENTIFIED,trade_stage,kraken:105347918|confirm,2026-08-19T00:00:00+00:00,category=TIMING
BREAK_IDENTIFIED,trade_stage,kraken:105347929|confirm,2026-08-19T00:00:00+00:00,category=REFERENCE_DATA
BREAK_IDENTIFIED,trade_stage,kraken:105347932|confirm,2026-08-19T00:00:00+00:00,category=TIMING
BREAK_IDENTIFIED,trade_stage,kraken:105347934|confirm,2026-08-19T00:00:00+00:00,category=MISSING_RECORD
BREAK_IDENTIFIED,trade_stage,kraken:105347935|confirm,2026-08-19T00:00:00+00:00,category=QUANTITY
BREAK_IDENTIFIED,trade_stage,kraken:105347948|confirm,2026-08-19T00:00:00+00:00,category=QUANTITY
BREAK_IDENTIFIED,trade_stage,kraken:105347949|confirm,2026-08-19T00:00:00+00:00,category=REFERENCE_DATA
BREAK_IDENTIFIED,trade_stage,kraken:105347976|confirm,2026-08-19T00:00:00+00:00,category=QUANTITY
BREAK_IDENTIFIED,trade_stage,kraken:105347987|confirm,2026-08-19T00:00:00+00:00,category=QUANTITY
BREAK_IDENTIFIED,trade_stage,kraken:105348021|confirm,2026-08-19T00:00:00+00:00,category=PRICING
BREAK_IDENTIFIED,trade_stage,kraken:105348025|confirm,2026-08-19T00:00:00+00:00,category=TIMING
BREAK_IDENTIFIED,trade_stage,kraken:105348029|confirm,2026-08-19T00:00:00+00:00,category=TIMING
BREAK_IDENTIFIED,trade_stage,kraken:105348037|confirm,2026-08-19T00:00:00+00:00,category=QUANTITY
BREAK_IDENTIFIED,trade_stage,kraken:105348041|confirm,2026-08-19T00:00:00+00:00,category=PRICING
BREAK_IDENTIFIED,trade_stage,kraken:105348050|confirm,2026-08-19T00:00:00+00:00,category=MISSING_RECORD
BREAK_IDENTIFIED,trade_stage,kraken:105348077|confirm,2026-08-19T00:00:00+00:00,category=MISSING_RECORD
BREAK_IDENTIFIED,trade_stage,kraken:105348085|confirm,2026-08-19T00:00:00+00:00,category=PRICING
BREAK_IDENTIFIED,trade_stage,kraken:105348095|confirm,2026-08-19T00:00:00+00:00,category=PRICING
BREAK_IDENTIFIED,trade_stage,kraken:105348096|confirm,2026-08-19T00:00:00+00:00,category=TIMING
BREAK_IDENTIFIED,trade_stage,kraken:105348097|confirm,2026-08-19T00:00:00+00:00,category=TIMING
BREAK_IDENTIFIED,trade_stage,kraken:105348103|confirm,2026-08-19T00:00:00+00:00,category=MISSING_RECORD
BREAK_IDENTIFIED,trade_stage,kraken:105348115|confirm,2026-08-19T00:00:00+00:00,category=MISSING_RECORD
BREAK_IDENTIFIED,trade_stage,kraken:105348151|confirm,2026-08-19T00:00:00+00:00,category=QUANTITY
BREAK_IDENTIFIED,trade_stage,kraken:105348168|confirm,2026-08-19T00:00:00+00:00,category=PRICING
BREAK_IDENTIFIED,trade_stage,kraken:105348177|confirm,2026-08-19T00:00:00+00:00,category=PRICING
BREAK_IDENTIFIED,trade_stage,kraken:105348182|confirm,2026-08-19T00:00:00+00:00,category=TIMING
BREAK_IDENTIFIED,trade_stage,kraken:105348187|confirm,2026-08-19T00:00:00+00:00,category=PRICING
BREAK_IDENTIFIED,trade_stage,kraken:105348199|confirm,2026-08-19T00:00:00+00:00,category=MISSING_RECORD
BREAK_IDENTIFIED,trade_stage,kraken:105348201|confirm,2026-08-19T00:00:00+00:00,category=PRICING
BREAK_IDENTIFIED,trade_stage,kraken:105348205|confirm,2026-08-19T00:00:00+00:00,category=QUANTITY
BREAK_IDENTIFIED,trade_stage,kraken:105348207|confirm,2026-08-19T00:00:00+00:00,category=TIMING
BREAK_IDENTIFIED,trade_stage,kraken:105348210|confirm,2026-08-19T00:00:00+00:00,category=QUANTITY
BREAK_IDENTIFIED,trade_stage,kraken:105348227|confirm,2026-08-19T00:00:00+00:00,category=MISSING_RECORD
BREAK_IDENTIFIED,trade_stage,kraken:105348240|confirm,2026-08-19T00:00:00+00:00,category=MISSING_RECORD
BREAK_IDENTIFIED,trade_stage,kraken:105348242|confirm,2026-08-19T00:00:00+00:00,category=TIMING
BREAK_IDENTIFIED,trade_stage,kraken:105348251|confirm,2026-08-19T00:00:00+00:00,category=TIMING
BREAK_IDENTIFIED,trade_stage,kraken:105348275|confirm,2026-08-19T00:00:00+00:00,category=PRICING
BREAK_IDENTIFIED,trade_stage,kraken:105348276|confirm,2026-08-19T00:00:00+00:00,category=QUANTITY
BREAK_IDENTIFIED,trade_stage,kraken:105348291|confirm,2026-08-19T00:00:00+00:00,category=QUANTITY
BREAK_IDENTIFIED,trade_stage,coinbase:1073145692|confirm,2026-08-19T00:00:00+00:00,category=TIMING
BREAK_IDENTIFIED,trade_stage,coinbase:1073145689|confirm,2026-08-19T00:00:00+00:00,category=TIMING
BREAK_IDENTIFIED,trade_stage,coinbase:1073145709|confirm,2026-08-19T00:00:00+00:00,category=TIMING
BREAK_IDENTIFIED,trade_stage,coinbase:1073145719|confirm,2026-08-19T00:00:00+00:00,category=PRICING
BREAK_IDENTIFIED,trade_stage,coinbase:1073145730|confirm,2026-08-19T00:00:00+00:00,category=PRICING
BREAK_IDENTIFIED,trade_stage,coinbase:1073145734|confirm,2026-08-19T00:00:00+00:00,category=PRICING
BREAK_IDENTIFIED,trade_stage,coinbase:1073145740|confirm,2026-08-19T00:00:00+00:00,category=PRICING
BREAK_IDENTIFIED,trade_stage,coinbase:1073145742|confirm,2026-08-19T00:00:00+00:00,category=PRICING
BREAK_IDENTIFIED,trade_stage,coinbase:1073145753|confirm,2026-08-19T00:00:00+00:00,category=PRICING
BREAK_IDENTIFIED,trade_stage,coinbase:1073145755|confirm,2026-08-19T00:00:00+00:00,category=MISSING_RECORD
BREAK_IDENTIFIED,trade_stage,coinbase:1073145769|confirm,2026-08-19T00:00:00+00:00,category=PRICING
BREAK_IDENTIFIED,trade_stage,coinbase:1073145773|confirm,2026-08-19T00:00:00+00:00,category=QUANTITY
BREAK_IDENTIFIED,trade_stage,coinbase:1073145786|confirm,2026-08-19T00:00:00+00:00,category=REFERENCE_DATA
BREAK_IDENTIFIED,trade_stage,coinbase:1073145797|confirm,2026-08-19T00:00:00+00:00,category=QUANTITY
BREAK_IDENTIFIED,trade_stage,coinbase:1073145813|confirm,2026-08-19T00:00:00+00:00,category=QUANTITY
BREAK_IDENTIFIED,trade_stage,coinbase:1073145814|confirm,2026-08-19T00:00:00+00:00,category=REFERENCE_DATA
BREAK_IDENTIFIED,trade_stage,coinbase:1073145820|confirm,2026-08-19T00:00:00+00:00,category=REFERENCE_DATA
BREAK_IDENTIFIED,trade_stage,kraken:105348295|confirm,2026-08-19T00:00:00+00:00,category=PRICING
BREAK_IDENTIFIED,trade_stage,coinbase:1073145838|confirm,2026-08-19T00:00:00+00:00,category=PRICING
BREAK_IDENTIFIED,trade_stage,coinbase:1073145850|confirm,2026-08-19T00:00:00+00:00,category=TIMING
BREAK_IDENTIFIED,trade_stage,coinbase:1073145856|confirm,2026-08-19T00:00:00+00:00,category=TIMING
BREAK_IDENTIFIED,trade_stage,coinbase:1073145863|confirm,2026-08-19T00:00:00+00:00,category=TIMING
BREAK_IDENTIFIED,trade_stage,coinbase:1073145905|confirm,2026-08-19T00:00:00+00:00,category=TIMING
BREAK_IDENTIFIED,trade_stage,coinbase:1073145910|confirm,2026-08-19T00:00:00+00:00,category=MISSING_RECORD
BREAK_IDENTIFIED,trade_stage,coinbase:1073145918|confirm,2026-08-19T00:00:00+00:00,category=REFERENCE_DATA
BREAK_IDENTIFIED,trade_stage,coinbase:1073145933|confirm,2026-08-19T00:00:00+00:00,category=PRICING
BREAK_IDENTIFIED,trade_stage,coinbase:1073145936|confirm,2026-08-19T00:00:00+00:00,category=PRICING
BREAK_IDENTIFIED,trade_stage,coinbase:1073145937|confirm,2026-08-19T00:00:00+00:00,category=PRICING
BREAK_IDENTIFIED,trade_stage,coinbase:1073145945|confirm,2026-08-19T00:00:00+00:00,category=TIMING
BREAK_IDENTIFIED,trade_stage,coinbase:1073145960|confirm,2026-08-19T00:00:00+00:00,category=QUANTITY
BREAK_IDENTIFIED,trade_stage,coinbase:1073145959|confirm,2026-08-19T00:00:00+00:00,category=TIMING
BREAK_IDENTIFIED,trade_stage,coinbase:1073145996|confirm,2026-08-19T00:00:00+00:00,category=TIMING
BREAK_IDENTIFIED,trade_stage,coinbase:1073146013|confirm,2026-08-19T00:00:00+00:00,category=TIMING
BREAK_IDENTIFIED,trade_stage,coinbase:1073146007|confirm,2026-08-19T00:00:00+00:00,category=PRICING
BREAK_IDENTIFIED,trade_stage,coinbase:1073146002|confirm,2026-08-19T00:00:00+00:00,category=MISSING_RECORD
BREAK_IDENTIFIED,trade_stage,coinbase:1073146018|confirm,2026-08-19T00:00:00+00:00,category=MISSING_RECORD
BREAK_IDENTIFIED,trade_stage,coinbase:1073146023|confirm,2026-08-19T00:00:00+00:00,category=MISSING_RECORD
BREAK_IDENTIFIED,trade_stage,coinbase:1073146030|confirm,2026-08-19T00:00:00+00:00,category=TIMING
BREAK_IDENTIFIED,trade_stage,coinbase:1073146032|confirm,2026-08-19T00:00:00+00:00,category=PRICING
BREAK_IDENTIFIED,trade_stage,kraken:105348306|confirm,2026-08-19T00:00:00+00:00,category=PRICING
BREAK_IDENTIFIED,trade_stage,kraken:105348312|confirm,2026-08-19T00:00:00+00:00,category=TIMING
BREAK_IDENTIFIED,trade_stage,kraken:105348314|confirm,2026-08-19T00:00:00+00:00,category=MISSING_RECORD
BREAK_IDENTIFIED,trade_stage,coinbase:1073146044|confirm,2026-08-19T00:00:00+00:00,category=MISSING_RECORD
BREAK_IDENTIFIED,trade_stage,coinbase:1073146049|confirm,2026-08-19T00:00:00+00:00,category=TIMING
BREAK_IDENTIFIED,trade_stage,coinbase:1073146052|confirm,2026-08-19T00:00:00+00:00,category=TIMING
BREAK_IDENTIFIED,trade_stage,coinbase:1073146055|confirm,2026-08-19T00:00:00+00:00,category=PRICING
BREAK_IDENTIFIED,trade_stage,coinbase:1073146065|confirm,2026-08-19T00:00:00+00:00,category=PRICING
BREAK_IDENTIFIED,trade_stage,coinbase:1073146074|confirm,2026-08-19T00:00:00+00:00,category=TIMING
BREAK_IDENTIFIED,trade_stage,coinbase:1073146090|confirm,2026-08-19T00:00:00+00:00,category=PRICING
BREAK_IDENTIFIED,trade_stage,coinbase:1073146088|confirm,2026-08-19T00:00:00+00:00,category=TIMING
BREAK_IDENTIFIED,trade_stage,coinbase:1073146101|confirm,2026-08-19T00:00:00+00:00,category=TIMING
BREAK_IDENTIFIED,trade_stage,coinbase:1073146110|confirm,2026-08-19T00:00:00+00:00,category=PRICING
BREAK_IDENTIFIED,trade_stage,coinbase:1073146130|confirm,2026-08-19T00:00:00+00:00,category=TIMING
BREAK_IDENTIFIED,trade_stage,coinbase:1073146137|confirm,2026-08-19T00:00:00+00:00,category=QUANTITY
BREAK_IDENTIFIED,trade_stage,coinbase:1073146157|confirm,2026-08-19T00:00:00+00:00,category=MISSING_RECORD
BREAK_IDENTIFIED,trade_stage,coinbase:1073146168|confirm,2026-08-19T00:00:00+00:00,category=PRICING
BREAK_IDENTIFIED,trade_stage,coinbase:1073146171|confirm,2026-08-19T00:00:00+00:00,category=TIMING
BREAK_IDENTIFIED,trade_stage,coinbase:1073146179|confirm,2026-08-19T00:00:00+00:00,category=QUANTITY
BREAK_IDENTIFIED,trade_stage,coinbase:1073146187|confirm,2026-08-19T00:00:00+00:00,category=QUANTITY
BREAK_IDENTIFIED,trade_stage,coinbase:1073146189|confirm,2026-08-19T00:00:00+00:00,category=PRICING
BREAK_IDENTIFIED,trade_stage,coinbase:1073146198|confirm,2026-08-19T00:00:00+00:00,category=TIMING
BREAK_IDENTIFIED,trade_stage,coinbase:1073146209|confirm,2026-08-19T00:00:00+00:00,category=PRICING
BREAK_IDENTIFIED,trade_stage,coinbase:1073146217|confirm,2026-08-19T00:00:00+00:00,category=TIMING
BREAK_IDENTIFIED,trade_stage,coinbase:1073146220|confirm,2026-08-19T00:00:00+00:00,category=PRICING
BREAK_IDENTIFIED,trade_stage,coinbase:1073146243|confirm,2026-08-19T00:00:00+00:00,category=QUANTITY
BREAK_IDENTIFIED,trade_stage,coinbase:1073146260|confirm,2026-08-19T00:00:00+00:00,category=MISSING_RECORD
BREAK_IDENTIFIED,trade_stage,coinbase:1073146259|confirm,2026-08-19T00:00:00+00:00,category=QUANTITY
BREAK_IDENTIFIED,trade_stage,coinbase:1073146266|confirm,2026-08-19T00:00:00+00:00,category=TIMING
BREAK_IDENTIFIED,trade_stage,coinbase:1073146269|confirm,2026-08-19T00:00:00+00:00,category=TIMING
BREAK_IDENTIFIED,trade_stage,coinbase:1073146271|confirm,2026-08-19T00:00:00+00:00,category=TIMING
BREAK_IDENTIFIED,trade_stage,coinbase:1073146275|confirm,2026-08-19T00:00:00+00:00,category=MISSING_RECORD
BREAK_IDENTIFIED,trade_stage,coinbase:1073146276|confirm,2026-08-19T00:00:00+00:00,category=MISSING_RECORD
BREAK_IDENTIFIED,trade_stage,kraken:105348325|confirm,2026-08-19T00:00:00+00:00,category=QUANTITY
BREAK_IDENTIFIED,trade_stage,coinbase:1073146291|confirm,2026-08-19T00:00:00+00:00,category=PRICING
BREAK_IDENTIFIED,trade_stage,coinbase:1073146295|confirm,2026-08-19T00:00:00+00:00,category=QUANTITY
BREAK_IDENTIFIED,trade_stage,coinbase:1073146321|confirm,2026-08-19T00:00:00+00:00,category=QUANTITY
BREAK_IDENTIFIED,trade_stage,coinbase:1073146325|confirm,2026-08-19T00:00:00+00:00,category=QUANTITY
BREAK_IDENTIFIED,trade_stage,coinbase:1073146334|confirm,2026-08-19T00:00:00+00:00,category=TIMING
BREAK_IDENTIFIED,trade_stage,coinbase:1073146338|confirm,2026-08-19T00:00:00+00:00,category=PRICING
BREAK_IDENTIFIED,trade_stage,coinbase:1073146342|confirm,2026-08-19T00:00:00+00:00,category=REFERENCE_DATA
BREAK_IDENTIFIED,trade_stage,coinbase:1073146346|confirm,2026-08-19T00:00:00+00:00,category=PRICING
BREAK_IDENTIFIED,trade_stage,coinbase:1073146361|confirm,2026-08-19T00:00:00+00:00,category=QUANTITY
BREAK_IDENTIFIED,trade_stage,coinbase:1073146366|confirm,2026-08-19T00:00:00+00:00,category=QUANTITY
BREAK_IDENTIFIED,trade_stage,coinbase:1073146369|confirm,2026-08-19T00:00:00+00:00,category=TIMING
BREAK_IDENTIFIED,trade_stage,kraken:105348333|confirm,2026-08-19T00:00:00+00:00,category=TIMING
BREAK_IDENTIFIED,trade_stage,coinbase:1073146378|confirm,2026-08-19T00:00:00+00:00,category=MISSING_RECORD
BREAK_IDENTIFIED,trade_stage,coinbase:1073146400|confirm,2026-08-19T00:00:00+00:00,category=TIMING
BREAK_IDENTIFIED,trade_stage,coinbase:1073146402|confirm,2026-08-19T00:00:00+00:00,category=PRICING
BREAK_IDENTIFIED,trade_stage,coinbase:1073146406|confirm,2026-08-19T00:00:00+00:00,category=PRICING
BREAK_IDENTIFIED,trade_stage,coinbase:1073146407|confirm,2026-08-19T00:00:00+00:00,category=PRICING
BREAK_IDENTIFIED,trade_stage,coinbase:1073146414|confirm,2026-08-19T00:00:00+00:00,category=TIMING
BREAK_IDENTIFIED,trade_stage,coinbase:1073146413|confirm,2026-08-19T00:00:00+00:00,category=TIMING
BREAK_IDENTIFIED,trade_stage,coinbase:1073146419|confirm,2026-08-19T00:00:00+00:00,category=PRICING
BREAK_IDENTIFIED,trade_stage,kraken:105348336|confirm,2026-08-19T00:00:00+00:00,category=MISSING_RECORD
BREAK_IDENTIFIED,trade_stage,coinbase:1073146435|confirm,2026-08-19T00:00:00+00:00,category=TIMING
BREAK_IDENTIFIED,trade_stage,coinbase:1073146440|confirm,2026-08-19T00:00:00+00:00,category=PRICING
BREAK_IDENTIFIED,trade_stage,coinbase:1073146444|confirm,2026-08-19T00:00:00+00:00,category=PRICING
BREAK_IDENTIFIED,trade_stage,coinbase:1073146451|confirm,2026-08-19T00:00:00+00:00,category=PRICING
BREAK_IDENTIFIED,trade_stage,coinbase:1073146456|confirm,2026-08-19T00:00:00+00:00,category=MISSING_RECORD
BREAK_IDENTIFIED,trade_stage,coinbase:1073146462|confirm,2026-08-19T00:00:00+00:00,category=QUANTITY
BREAK_IDENTIFIED,trade_stage,coinbase:1073146469|confirm,2026-08-19T00:00:00+00:00,category=TIMING
BREAK_IDENTIFIED,trade_stage,coinbase:1073146479|confirm,2026-08-19T00:00:00+00:00,category=TIMING
BREAK_IDENTIFIED,trade_stage,kraken:105348345|confirm,2026-08-19T00:00:00+00:00,category=REFERENCE_DATA
BREAK_IDENTIFIED,trade_stage,kraken:105348347|confirm,2026-08-19T00:00:00+00:00,category=TIMING
BREAK_IDENTIFIED,trade_stage,coinbase:1073146504|confirm,2026-08-19T00:00:00+00:00,category=TIMING
BREAK_IDENTIFIED,trade_stage,coinbase:1073146512|confirm,2026-08-19T00:00:00+00:00,category=QUANTITY
BREAK_IDENTIFIED,trade_stage,coinbase:1073146514|confirm,2026-08-19T00:00:00+00:00,category=TIMING
BREAK_IDENTIFIED,trade_stage,coinbase:1073146531|confirm,2026-08-19T00:00:00+00:00,category=PRICING
BREAK_IDENTIFIED,trade_stage,coinbase:1073146530|confirm,2026-08-19T00:00:00+00:00,category=MISSING_RECORD
BREAK_IDENTIFIED,trade_stage,coinbase:1073146529|confirm,2026-08-19T00:00:00+00:00,category=QUANTITY
BREAK_IDENTIFIED,trade_stage,coinbase:1073146540|confirm,2026-08-19T00:00:00+00:00,category=TIMING
BREAK_IDENTIFIED,trade_stage,coinbase:1073146539|confirm,2026-08-19T00:00:00+00:00,category=QUANTITY
BREAK_IDENTIFIED,trade_stage,coinbase:1073146538|confirm,2026-08-19T00:00:00+00:00,category=TIMING
BREAK_IDENTIFIED,trade_stage,kraken:105348358|confirm,2026-08-19T00:00:00+00:00,category=TIMING
BREAK_IDENTIFIED,trade_stage,coinbase:1073146557|confirm,2026-08-19T00:00:00+00:00,category=QUANTITY
BREAK_IDENTIFIED,trade_stage,coinbase:1073146575|confirm,2026-08-19T00:00:00+00:00,category=MISSING_RECORD
BREAK_IDENTIFIED,trade_stage,coinbase:1073146576|confirm,2026-08-19T00:00:00+00:00,category=TIMING
BREAK_IDENTIFIED,trade_stage,coinbase:1073146580|confirm,2026-08-19T00:00:00+00:00,category=QUANTITY
BREAK_IDENTIFIED,trade_stage,coinbase:1073146581|confirm,2026-08-19T00:00:00+00:00,category=QUANTITY
BREAK_IDENTIFIED,trade_stage,coinbase:1073146589|confirm,2026-08-19T00:00:00+00:00,category=TIMING
BREAK_IDENTIFIED,trade_stage,coinbase:1073146590|confirm,2026-08-19T00:00:00+00:00,category=MISSING_RECORD
BREAK_IDENTIFIED,trade_stage,coinbase:1073146598|confirm,2026-08-19T00:00:00+00:00,category=QUANTITY
BREAK_IDENTIFIED,trade_stage,coinbase:1073146626|confirm,2026-08-19T00:00:00+00:00,category=PRICING
BREAK_IDENTIFIED,trade_stage,coinbase:1073146632|confirm,2026-08-19T00:00:00+00:00,category=TIMING
BREAK_IDENTIFIED,trade_stage,coinbase:1073146638|confirm,2026-08-19T00:00:00+00:00,category=PRICING
BREAK_IDENTIFIED,trade_stage,coinbase:1073146641|confirm,2026-08-19T00:00:00+00:00,category=QUANTITY
BREAK_IDENTIFIED,trade_stage,coinbase:1073146643|confirm,2026-08-19T00:00:00+00:00,category=QUANTITY
BREAK_IDENTIFIED,trade_stage,coinbase:1073146648|confirm,2026-08-19T00:00:00+00:00,category=TIMING
BREAK_IDENTIFIED,trade_stage,coinbase:1073146666|confirm,2026-08-19T00:00:00+00:00,category=QUANTITY
BREAK_IDENTIFIED,trade_stage,coinbase:1073146668|confirm,2026-08-19T00:00:00+00:00,category=QUANTITY
BREAK_IDENTIFIED,trade_stage,kraken:105348393|confirm,2026-08-19T00:00:00+00:00,category=TIMING
BREAK_IDENTIFIED,trade_stage,coinbase:1073146672|confirm,2026-08-19T00:00:00+00:00,category=PRICING
BREAK_IDENTIFIED,trade_stage,coinbase:1073146673|confirm,2026-08-19T00:00:00+00:00,category=PRICING
BREAK_IDENTIFIED,trade_stage,coinbase:1073146691|confirm,2026-08-19T00:00:00+00:00,category=TIMING
BREAK_IDENTIFIED,trade_stage,coinbase:1073146697|confirm,2026-08-19T00:00:00+00:00,category=MISSING_RECORD
BREAK_IDENTIFIED,trade_stage,coinbase:1073146700|confirm,2026-08-19T00:00:00+00:00,category=PRICING
BREAK_IDENTIFIED,trade_stage,coinbase:1073146715|confirm,2026-08-19T00:00:00+00:00,category=PRICING
BREAK_IDENTIFIED,trade_stage,coinbase:1073146716|confirm,2026-08-19T00:00:00+00:00,category=MISSING_RECORD
BREAK_IDENTIFIED,trade_stage,coinbase:1073146736|confirm,2026-08-19T00:00:00+00:00,category=MISSING_RECORD
BREAK_IDENTIFIED,trade_stage,kraken:105348406|confirm,2026-08-19T00:00:00+00:00,category=QUANTITY
BREAK_IDENTIFIED,trade_stage,coinbase:1073146773|confirm,2026-08-19T00:00:00+00:00,category=MISSING_RECORD
BREAK_IDENTIFIED,trade_stage,coinbase:1073146772|confirm,2026-08-19T00:00:00+00:00,category=MISSING_RECORD
BREAK_IDENTIFIED,trade_stage,coinbase:1073146781|confirm,2026-08-19T00:00:00+00:00,category=REFERENCE_DATA
BREAK_IDENTIFIED,trade_stage,coinbase:1073146787|confirm,2026-08-19T00:00:00+00:00,category=TIMING
BREAK_IDENTIFIED,trade_stage,coinbase:1073146793|confirm,2026-08-19T00:00:00+00:00,category=QUANTITY
BREAK_IDENTIFIED,trade_stage,coinbase:1073146802|confirm,2026-08-19T00:00:00+00:00,category=QUANTITY
BREAK_IDENTIFIED,trade_stage,coinbase:1073146815|confirm,2026-08-19T00:00:00+00:00,category=PRICING
BREAK_IDENTIFIED,trade_stage,coinbase:1073146829|confirm,2026-08-19T00:00:00+00:00,category=QUANTITY
BREAK_IDENTIFIED,trade_stage,coinbase:1073146834|confirm,2026-08-19T00:00:00+00:00,category=TIMING
BREAK_IDENTIFIED,trade_stage,kraken:105348413|confirm,2026-08-19T00:00:00+00:00,category=PRICING
BREAK_IDENTIFIED,trade_stage,kraken:105348414|confirm,2026-08-19T00:00:00+00:00,category=MISSING_RECORD
BREAK_IDENTIFIED,trade_stage,coinbase:1073146864|confirm,2026-08-19T00:00:00+00:00,category=TIMING
BREAK_IDENTIFIED,trade_stage,kraken:105348415|confirm,2026-08-19T00:00:00+00:00,category=PRICING
BREAK_IDENTIFIED,trade_stage,kraken:105348426|confirm,2026-08-19T00:00:00+00:00,category=REFERENCE_DATA
BREAK_IDENTIFIED,trade_stage,kraken:105348429|confirm,2026-08-19T00:00:00+00:00,category=PRICING
BREAK_IDENTIFIED,trade_stage,coinbase:1073146868|confirm,2026-08-19T00:00:00+00:00,category=QUANTITY
BREAK_IDENTIFIED,trade_stage,coinbase:1073146877|confirm,2026-08-19T00:00:00+00:00,category=MISSING_RECORD
BREAK_IDENTIFIED,trade_stage,coinbase:1073146887|confirm,2026-08-19T00:00:00+00:00,category=MISSING_RECORD
BREAK_IDENTIFIED,trade_stage,coinbase:1073146888|confirm,2026-08-19T00:00:00+00:00,category=MISSING_RECORD
BREAK_IDENTIFIED,trade_stage,coinbase:1073146901|confirm,2026-08-19T00:00:00+00:00,category=REFERENCE_DATA
BREAK_IDENTIFIED,trade_stage,coinbase:1073146903|confirm,2026-08-19T00:00:00+00:00,category=QUANTITY
BREAK_IDENTIFIED,trade_stage,coinbase:1073146919|confirm,2026-08-19T00:00:00+00:00,category=MISSING_RECORD
BREAK_IDENTIFIED,trade_stage,coinbase:1073146922|confirm,2026-08-19T00:00:00+00:00,category=REFERENCE_DATA
BREAK_IDENTIFIED,trade_stage,coinbase:1073146925|confirm,2026-08-19T00:00:00+00:00,category=TIMING
BREAK_IDENTIFIED,trade_stage,coinbase:1073146927|confirm,2026-08-19T00:00:00+00:00,category=QUANTITY
BREAK_IDENTIFIED,trade_stage,coinbase:1073146933|confirm,2026-08-19T00:00:00+00:00,category=PRICING
BREAK_IDENTIFIED,trade_stage,coinbase:1073146937|confirm,2026-08-19T00:00:00+00:00,category=PRICING
BREAK_IDENTIFIED,trade_stage,coinbase:1073146942|confirm,2026-08-19T00:00:00+00:00,category=TIMING
BREAK_IDENTIFIED,trade_stage,coinbase:1073146963|confirm,2026-08-19T00:00:00+00:00,category=TIMING
BREAK_IDENTIFIED,trade_stage,coinbase:1073146972|confirm,2026-08-19T00:00:00+00:00,category=PRICING
BREAK_IDENTIFIED,trade_stage,coinbase:1073146975|confirm,2026-08-19T00:00:00+00:00,category=PRICING
BREAK_IDENTIFIED,trade_stage,coinbase:1073146993|confirm,2026-08-19T00:00:00+00:00,category=TIMING
BREAK_IDENTIFIED,trade_stage,coinbase:1073146985|confirm,2026-08-19T00:00:00+00:00,category=QUANTITY
BREAK_IDENTIFIED,trade_stage,coinbase:1073147018|confirm,2026-08-19T00:00:00+00:00,category=PRICING
BREAK_IDENTIFIED,trade_stage,coinbase:1073147025|confirm,2026-08-19T00:00:00+00:00,category=MISSING_RECORD
BREAK_IDENTIFIED,trade_stage,kraken:105348439|confirm,2026-08-19T00:00:00+00:00,category=MISSING_RECORD
BREAK_IDENTIFIED,trade_stage,coinbase:1073147041|confirm,2026-08-19T00:00:00+00:00,category=QUANTITY
BREAK_IDENTIFIED,trade_stage,binance:6582449472|confirm,2026-08-19T00:00:00+00:00,category=TIMING
BREAK_IDENTIFIED,trade_stage,binance:6582449479|confirm,2026-08-19T00:00:00+00:00,category=PRICING
BREAK_IDENTIFIED,trade_stage,coinbase:1073147047|confirm,2026-08-19T00:00:00+00:00,category=PRICING
BREAK_IDENTIFIED,trade_stage,binance:6582449486|confirm,2026-08-19T00:00:00+00:00,category=QUANTITY
BREAK_IDENTIFIED,trade_stage,coinbase:1073147048|confirm,2026-08-19T00:00:00+00:00,category=PRICING
BREAK_IDENTIFIED,trade_stage,coinbase:1073147062|confirm,2026-08-19T00:00:00+00:00,category=QUANTITY
BREAK_IDENTIFIED,trade_stage,binance:6582449568|confirm,2026-08-19T00:00:00+00:00,category=TIMING
BREAK_IDENTIFIED,trade_stage,binance:6582449603|confirm,2026-08-19T00:00:00+00:00,category=QUANTITY
BREAK_IDENTIFIED,trade_stage,binance:6582449608|confirm,2026-08-19T00:00:00+00:00,category=MISSING_RECORD
BREAK_IDENTIFIED,trade_stage,binance:6582449633|confirm,2026-08-19T00:00:00+00:00,category=PRICING
BREAK_IDENTIFIED,trade_stage,binance:6582449634|confirm,2026-08-19T00:00:00+00:00,category=TIMING
BREAK_IDENTIFIED,trade_stage,coinbase:1073147078|confirm,2026-08-19T00:00:00+00:00,category=QUANTITY
BREAK_IDENTIFIED,trade_stage,coinbase:1073147081|confirm,2026-08-19T00:00:00+00:00,category=PRICING
BREAK_IDENTIFIED,trade_stage,binance:6582449697|confirm,2026-08-19T00:00:00+00:00,category=PRICING
BREAK_IDENTIFIED,trade_stage,binance:6582449759|confirm,2026-08-19T00:00:00+00:00,category=QUANTITY
BREAK_IDENTIFIED,trade_stage,binance:6582449776|confirm,2026-08-19T00:00:00+00:00,category=TIMING
BREAK_IDENTIFIED,trade_stage,binance:6582449782|confirm,2026-08-19T00:00:00+00:00,category=PRICING
BREAK_IDENTIFIED,trade_stage,binance:6582449855|confirm,2026-08-19T00:00:00+00:00,category=REFERENCE_DATA
BREAK_IDENTIFIED,trade_stage,binance:6582449856|confirm,2026-08-19T00:00:00+00:00,category=PRICING
BREAK_IDENTIFIED,trade_stage,kraken:105348448|confirm,2026-08-19T00:00:00+00:00,category=PRICING
BREAK_IDENTIFIED,trade_stage,binance:6582449922|confirm,2026-08-19T00:00:00+00:00,category=PRICING
BREAK_IDENTIFIED,trade_stage,binance:6582449923|confirm,2026-08-19T00:00:00+00:00,category=QUANTITY
BREAK_IDENTIFIED,trade_stage,coinbase:1073147119|confirm,2026-08-19T00:00:00+00:00,category=QUANTITY
BREAK_IDENTIFIED,trade_stage,coinbase:1073147125|confirm,2026-08-19T00:00:00+00:00,category=QUANTITY
BREAK_IDENTIFIED,trade_stage,coinbase:1073147126|confirm,2026-08-19T00:00:00+00:00,category=MISSING_RECORD
BREAK_IDENTIFIED,trade_stage,coinbase:1073147127|confirm,2026-08-19T00:00:00+00:00,category=PRICING
BREAK_IDENTIFIED,trade_stage,coinbase:1073147128|confirm,2026-08-19T00:00:00+00:00,category=PRICING
BREAK_IDENTIFIED,trade_stage,binance:6582449994|confirm,2026-08-19T00:00:00+00:00,category=REFERENCE_DATA
BREAK_IDENTIFIED,trade_stage,binance:6582449997|confirm,2026-08-19T00:00:00+00:00,category=REFERENCE_DATA
BREAK_IDENTIFIED,trade_stage,binance:6582450038|confirm,2026-08-19T00:00:00+00:00,category=TIMING
BREAK_IDENTIFIED,trade_stage,coinbase:1073147140|confirm,2026-08-19T00:00:00+00:00,category=TIMING
BREAK_IDENTIFIED,trade_stage,binance:6582450040|confirm,2026-08-19T00:00:00+00:00,category=PRICING
BREAK_IDENTIFIED,trade_stage,binance:6582450076|confirm,2026-08-19T00:00:00+00:00,category=TIMING
BREAK_IDENTIFIED,trade_stage,coinbase:1073147145|confirm,2026-08-19T00:00:00+00:00,category=TIMING
BREAK_IDENTIFIED,trade_stage,binance:6582450086|confirm,2026-08-19T00:00:00+00:00,category=TIMING
BREAK_IDENTIFIED,trade_stage,binance:6582450151|confirm,2026-08-19T00:00:00+00:00,category=TIMING
BREAK_IDENTIFIED,trade_stage,binance:6582450211|confirm,2026-08-19T00:00:00+00:00,category=PRICING
BREAK_IDENTIFIED,trade_stage,binance:6582450250|confirm,2026-08-19T00:00:00+00:00,category=MISSING_RECORD
BREAK_IDENTIFIED,trade_stage,binance:6582450270|confirm,2026-08-19T00:00:00+00:00,category=TIMING
BREAK_IDENTIFIED,trade_stage,coinbase:1073147152|confirm,2026-08-19T00:00:00+00:00,category=MISSING_RECORD
BREAK_IDENTIFIED,trade_stage,coinbase:1073147151|confirm,2026-08-19T00:00:00+00:00,category=MISSING_RECORD
BREAK_IDENTIFIED,trade_stage,coinbase:1073147162|confirm,2026-08-19T00:00:00+00:00,category=PRICING
BREAK_IDENTIFIED,trade_stage,coinbase:1073147171|confirm,2026-08-19T00:00:00+00:00,category=PRICING
BREAK_IDENTIFIED,trade_stage,coinbase:1073147180|confirm,2026-08-19T00:00:00+00:00,category=QUANTITY
BREAK_IDENTIFIED,trade_stage,coinbase:1073147184|confirm,2026-08-19T00:00:00+00:00,category=TIMING
BREAK_IDENTIFIED,trade_stage,binance:6582450386|confirm,2026-08-19T00:00:00+00:00,category=QUANTITY
BREAK_IDENTIFIED,trade_stage,coinbase:1073147195|confirm,2026-08-19T00:00:00+00:00,category=MISSING_RECORD
BREAK_IDENTIFIED,trade_stage,binance:6582450395|confirm,2026-08-19T00:00:00+00:00,category=QUANTITY
BREAK_IDENTIFIED,trade_stage,binance:6582450412|confirm,2026-08-19T00:00:00+00:00,category=MISSING_RECORD
BREAK_IDENTIFIED,trade_stage,binance:6582450419|confirm,2026-08-19T00:00:00+00:00,category=MISSING_RECORD
BREAK_IDENTIFIED,trade_stage,coinbase:1073147211|confirm,2026-08-19T00:00:00+00:00,category=QUANTITY
BREAK_IDENTIFIED,trade_stage,binance:6582450503|confirm,2026-08-19T00:00:00+00:00,category=PRICING
BREAK_IDENTIFIED,trade_stage,binance:6582450504|confirm,2026-08-19T00:00:00+00:00,category=PRICING
BREAK_IDENTIFIED,trade_stage,coinbase:1073147215|confirm,2026-08-19T00:00:00+00:00,category=QUANTITY
BREAK_IDENTIFIED,trade_stage,binance:6582450560|confirm,2026-08-19T00:00:00+00:00,category=PRICING
BREAK_IDENTIFIED,trade_stage,kraken:105348451|confirm,2026-08-19T00:00:00+00:00,category=QUANTITY
BREAK_IDENTIFIED,trade_stage,kraken:105348453|confirm,2026-08-19T00:00:00+00:00,category=PRICING
BREAK_IDENTIFIED,trade_stage,binance:6582450624|confirm,2026-08-19T00:00:00+00:00,category=TIMING
BREAK_IDENTIFIED,trade_stage,binance:6582450628|confirm,2026-08-19T00:00:00+00:00,category=PRICING
BREAK_IDENTIFIED,trade_stage,coinbase:1073147221|confirm,2026-08-19T00:00:00+00:00,category=PRICING
BREAK_IDENTIFIED,trade_stage,coinbase:1073147223|confirm,2026-08-19T00:00:00+00:00,category=MISSING_RECORD
BREAK_IDENTIFIED,trade_stage,coinbase:1073147226|confirm,2026-08-19T00:00:00+00:00,category=QUANTITY
BREAK_IDENTIFIED,trade_stage,coinbase:1073147225|confirm,2026-08-19T00:00:00+00:00,category=QUANTITY
BREAK_IDENTIFIED,trade_stage,binance:6582450807|confirm,2026-08-19T00:00:00+00:00,category=PRICING
BREAK_IDENTIFIED,trade_stage,binance:6582450835|confirm,2026-08-19T00:00:00+00:00,category=TIMING
BREAK_IDENTIFIED,trade_stage,coinbase:1073147264|confirm,2026-08-19T00:00:00+00:00,category=MISSING_RECORD
BREAK_IDENTIFIED,trade_stage,binance:6582450853|confirm,2026-08-19T00:00:00+00:00,category=QUANTITY
BREAK_IDENTIFIED,trade_stage,kraken:105348468|confirm,2026-08-19T00:00:00+00:00,category=PRICING
BREAK_IDENTIFIED,trade_stage,binance:6582450871|confirm,2026-08-19T00:00:00+00:00,category=PRICING
BREAK_IDENTIFIED,trade_stage,binance:6582450915|confirm,2026-08-19T00:00:00+00:00,category=TIMING
BREAK_IDENTIFIED,trade_stage,coinbase:1073147273|confirm,2026-08-19T00:00:00+00:00,category=TIMING
BREAK_IDENTIFIED,trade_stage,binance:6582450940|confirm,2026-08-19T00:00:00+00:00,category=QUANTITY
BREAK_IDENTIFIED,trade_stage,coinbase:1073147284|confirm,2026-08-19T00:00:00+00:00,category=MISSING_RECORD
BREAK_IDENTIFIED,trade_stage,coinbase:1073147289|confirm,2026-08-19T00:00:00+00:00,category=PRICING
BREAK_IDENTIFIED,trade_stage,binance:6582450993|confirm,2026-08-19T00:00:00+00:00,category=REFERENCE_DATA
BREAK_IDENTIFIED,trade_stage,binance:6582451001|confirm,2026-08-19T00:00:00+00:00,category=PRICING
BREAK_IDENTIFIED,trade_stage,binance:6582451041|confirm,2026-08-19T00:00:00+00:00,category=REFERENCE_DATA
BREAK_IDENTIFIED,trade_stage,coinbase:1073147294|confirm,2026-08-19T00:00:00+00:00,category=MISSING_RECORD
BREAK_IDENTIFIED,trade_stage,binance:6582451115|confirm,2026-08-19T00:00:00+00:00,category=PRICING
BREAK_IDENTIFIED,trade_stage,coinbase:1073147301|confirm,2026-08-19T00:00:00+00:00,category=QUANTITY
BREAK_IDENTIFIED,trade_stage,binance:6582451220|confirm,2026-08-19T00:00:00+00:00,category=PRICING
BREAK_IDENTIFIED,trade_stage,binance:6582451229|confirm,2026-08-19T00:00:00+00:00,category=QUANTITY
BREAK_IDENTIFIED,trade_stage,kraken:105348471|confirm,2026-08-19T00:00:00+00:00,category=TIMING
BREAK_IDENTIFIED,trade_stage,coinbase:1073147318|confirm,2026-08-19T00:00:00+00:00,category=MISSING_RECORD
BREAK_IDENTIFIED,trade_stage,coinbase:1073147320|confirm,2026-08-19T00:00:00+00:00,category=TIMING
BREAK_IDENTIFIED,trade_stage,binance:6582451239|confirm,2026-08-19T00:00:00+00:00,category=REFERENCE_DATA
BREAK_IDENTIFIED,trade_stage,binance:6582451319|confirm,2026-08-19T00:00:00+00:00,category=QUANTITY
BREAK_IDENTIFIED,trade_stage,binance:6582451349|confirm,2026-08-19T00:00:00+00:00,category=MISSING_RECORD
BREAK_IDENTIFIED,trade_stage,binance:6582451379|confirm,2026-08-19T00:00:00+00:00,category=QUANTITY
BREAK_IDENTIFIED,trade_stage,binance:6582451406|confirm,2026-08-19T00:00:00+00:00,category=PRICING
BREAK_IDENTIFIED,trade_stage,coinbase:1073147349|confirm,2026-08-19T00:00:00+00:00,category=TIMING
BREAK_IDENTIFIED,trade_stage,coinbase:1073147353|confirm,2026-08-19T00:00:00+00:00,category=QUANTITY
BREAK_IDENTIFIED,trade_stage,coinbase:1073147367|confirm,2026-08-19T00:00:00+00:00,category=PRICING
BREAK_IDENTIFIED,trade_stage,coinbase:1073147364|confirm,2026-08-19T00:00:00+00:00,category=PRICING
BREAK_IDENTIFIED,trade_stage,binance:6582451490|confirm,2026-08-19T00:00:00+00:00,category=MISSING_RECORD
BREAK_IDENTIFIED,trade_stage,binance:6582451491|confirm,2026-08-19T00:00:00+00:00,category=MISSING_RECORD
BREAK_IDENTIFIED,trade_stage,coinbase:1073147369|confirm,2026-08-19T00:00:00+00:00,category=PRICING
BREAK_IDENTIFIED,trade_stage,coinbase:1073147372|confirm,2026-08-19T00:00:00+00:00,category=TIMING
BREAK_IDENTIFIED,trade_stage,binance:6582451567|confirm,2026-08-19T00:00:00+00:00,category=TIMING
BREAK_IDENTIFIED,trade_stage,binance:6582451622|confirm,2026-08-19T00:00:00+00:00,category=TIMING
BREAK_IDENTIFIED,trade_stage,binance:6582451632|confirm,2026-08-19T00:00:00+00:00,category=QUANTITY
BREAK_IDENTIFIED,trade_stage,binance:6582451653|confirm,2026-08-19T00:00:00+00:00,category=TIMING
BREAK_IDENTIFIED,trade_stage,binance:6582451664|confirm,2026-08-19T00:00:00+00:00,category=MISSING_RECORD
BREAK_IDENTIFIED,trade_stage,binance:6582451668|confirm,2026-08-19T00:00:00+00:00,category=REFERENCE_DATA
BREAK_IDENTIFIED,trade_stage,binance:6582451669|confirm,2026-08-19T00:00:00+00:00,category=PRICING
BREAK_IDENTIFIED,trade_stage,binance:6582451673|confirm,2026-08-19T00:00:00+00:00,category=MISSING_RECORD
BREAK_IDENTIFIED,trade_stage,coinbase:1073147375|confirm,2026-08-19T00:00:00+00:00,category=MISSING_RECORD
BREAK_IDENTIFIED,trade_stage,kraken:105348474|confirm,2026-08-19T00:00:00+00:00,category=MISSING_RECORD
BREAK_IDENTIFIED,trade_stage,coinbase:1073147380|confirm,2026-08-19T00:00:00+00:00,category=TIMING
BREAK_IDENTIFIED,trade_stage,coinbase:1073147384|confirm,2026-08-19T00:00:00+00:00,category=PRICING
BREAK_IDENTIFIED,trade_stage,coinbase:1073147392|confirm,2026-08-19T00:00:00+00:00,category=MISSING_RECORD
BREAK_IDENTIFIED,trade_stage,binance:6582451747|confirm,2026-08-19T00:00:00+00:00,category=REFERENCE_DATA
BREAK_IDENTIFIED,trade_stage,binance:6582451765|confirm,2026-08-19T00:00:00+00:00,category=MISSING_RECORD
BREAK_IDENTIFIED,trade_stage,coinbase:1073147396|confirm,2026-08-19T00:00:00+00:00,category=QUANTITY
BREAK_IDENTIFIED,trade_stage,coinbase:1073147411|confirm,2026-08-19T00:00:00+00:00,category=QUANTITY
BREAK_IDENTIFIED,trade_stage,binance:6582451794|confirm,2026-08-19T00:00:00+00:00,category=MISSING_RECORD
BREAK_IDENTIFIED,trade_stage,binance:6582451808|confirm,2026-08-19T00:00:00+00:00,category=PRICING
BREAK_IDENTIFIED,trade_stage,binance:6582451856|confirm,2026-08-19T00:00:00+00:00,category=PRICING
BREAK_IDENTIFIED,trade_stage,binance:6582451881|confirm,2026-08-19T00:00:00+00:00,category=PRICING
BREAK_IDENTIFIED,trade_stage,binance:6582451936|confirm,2026-08-19T00:00:00+00:00,category=REFERENCE_DATA
BREAK_IDENTIFIED,trade_stage,binance:6582451959|confirm,2026-08-19T00:00:00+00:00,category=PRICING
BREAK_IDENTIFIED,trade_stage,binance:6582451994|confirm,2026-08-19T00:00:00+00:00,category=QUANTITY
BREAK_IDENTIFIED,trade_stage,coinbase:1073147429|confirm,2026-08-19T00:00:00+00:00,category=QUANTITY
BREAK_IDENTIFIED,trade_stage,binance:6582452097|confirm,2026-08-19T00:00:00+00:00,category=PRICING
BREAK_IDENTIFIED,trade_stage,binance:6582452142|confirm,2026-08-19T00:00:00+00:00,category=PRICING
BREAK_IDENTIFIED,trade_stage,binance:6582452164|confirm,2026-08-19T00:00:00+00:00,category=QUANTITY
BREAK_IDENTIFIED,trade_stage,coinbase:1073147433|confirm,2026-08-19T00:00:00+00:00,category=PRICING
BREAK_IDENTIFIED,trade_stage,coinbase:1073147444|confirm,2026-08-19T00:00:00+00:00,category=QUANTITY
BREAK_IDENTIFIED,trade_stage,binance:6582452196|confirm,2026-08-19T00:00:00+00:00,category=REFERENCE_DATA
BREAK_IDENTIFIED,trade_stage,coinbase:1073147447|confirm,2026-08-19T00:00:00+00:00,category=PRICING
BREAK_IDENTIFIED,trade_stage,kraken:105348482|confirm,2026-08-19T00:00:00+00:00,category=MISSING_RECORD
BREAK_IDENTIFIED,trade_stage,coinbase:1073147458|confirm,2026-08-19T00:00:00+00:00,category=QUANTITY
BREAK_IDENTIFIED,trade_stage,binance:6582452292|confirm,2026-08-19T00:00:00+00:00,category=PRICING
BREAK_IDENTIFIED,trade_stage,binance:6582452369|confirm,2026-08-19T00:00:00+00:00,category=PRICING
BREAK_IDENTIFIED,trade_stage,binance:6582452376|confirm,2026-08-19T00:00:00+00:00,category=QUANTITY
BREAK_IDENTIFIED,trade_stage,binance:6582452394|confirm,2026-08-19T00:00:00+00:00,category=TIMING
BREAK_IDENTIFIED,trade_stage,coinbase:1073147467|confirm,2026-08-19T00:00:00+00:00,category=TIMING
BREAK_IDENTIFIED,trade_stage,coinbase:1073147471|confirm,2026-08-19T00:00:00+00:00,category=PRICING
BREAK_IDENTIFIED,trade_stage,coinbase:1073147477|confirm,2026-08-19T00:00:00+00:00,category=QUANTITY
BREAK_IDENTIFIED,trade_stage,binance:6582452449|confirm,2026-08-19T00:00:00+00:00,category=TIMING
BREAK_IDENTIFIED,trade_stage,binance:6582452486|confirm,2026-08-19T00:00:00+00:00,category=PRICING
BREAK_IDENTIFIED,trade_stage,binance:6582452651|confirm,2026-08-19T00:00:00+00:00,category=TIMING
BREAK_IDENTIFIED,trade_stage,binance:6582452661|confirm,2026-08-19T00:00:00+00:00,category=TIMING
BREAK_IDENTIFIED,trade_stage,coinbase:1073147498|confirm,2026-08-19T00:00:00+00:00,category=TIMING
BREAK_IDENTIFIED,trade_stage,coinbase:1073147489|confirm,2026-08-19T00:00:00+00:00,category=PRICING
BREAK_IDENTIFIED,trade_stage,coinbase:1073147507|confirm,2026-08-19T00:00:00+00:00,category=REFERENCE_DATA
BREAK_IDENTIFIED,trade_stage,coinbase:1073147516|confirm,2026-08-19T00:00:00+00:00,category=MISSING_RECORD
BREAK_IDENTIFIED,trade_stage,binance:6582452683|confirm,2026-08-19T00:00:00+00:00,category=TIMING
BREAK_IDENTIFIED,trade_stage,binance:6582452710|confirm,2026-08-19T00:00:00+00:00,category=MISSING_RECORD
BREAK_IDENTIFIED,trade_stage,binance:6582452728|confirm,2026-08-19T00:00:00+00:00,category=PRICING
BREAK_IDENTIFIED,trade_stage,binance:6582452729|confirm,2026-08-19T00:00:00+00:00,category=QUANTITY
BREAK_IDENTIFIED,trade_stage,binance:6582452753|confirm,2026-08-19T00:00:00+00:00,category=MISSING_RECORD
BREAK_IDENTIFIED,trade_stage,binance:6582452763|confirm,2026-08-19T00:00:00+00:00,category=PRICING
BREAK_IDENTIFIED,trade_stage,kraken:105348485|confirm,2026-08-19T00:00:00+00:00,category=TIMING
BREAK_IDENTIFIED,trade_stage,coinbase:1073147526|confirm,2026-08-19T00:00:00+00:00,category=MISSING_RECORD
BREAK_IDENTIFIED,trade_stage,kraken:105348492|confirm,2026-08-19T00:00:00+00:00,category=REFERENCE_DATA
BREAK_IDENTIFIED,trade_stage,binance:6582452768|confirm,2026-08-19T00:00:00+00:00,category=MISSING_RECORD
BREAK_IDENTIFIED,trade_stage,binance:6582452770|confirm,2026-08-19T00:00:00+00:00,category=QUANTITY
BREAK_IDENTIFIED,trade_stage,binance:6582452820|confirm,2026-08-19T00:00:00+00:00,category=TIMING
BREAK_IDENTIFIED,trade_stage,binance:6582452823|confirm,2026-08-19T00:00:00+00:00,category=PRICING
BREAK_IDENTIFIED,trade_stage,binance:6582452864|confirm,2026-08-19T00:00:00+00:00,category=PRICING
BREAK_IDENTIFIED,trade_stage,binance:6582452866|confirm,2026-08-19T00:00:00+00:00,category=MISSING_RECORD
BREAK_IDENTIFIED,trade_stage,binance:6582452868|confirm,2026-08-19T00:00:00+00:00,category=MISSING_RECORD
BREAK_IDENTIFIED,trade_stage,coinbase:1073147540|confirm,2026-08-19T00:00:00+00:00,category=PRICING
BREAK_IDENTIFIED,trade_stage,coinbase:1073147539|confirm,2026-08-19T00:00:00+00:00,category=MISSING_RECORD
BREAK_IDENTIFIED,trade_stage,coinbase:1073147544|confirm,2026-08-19T00:00:00+00:00,category=PRICING
BREAK_IDENTIFIED,trade_stage,coinbase:1073147545|confirm,2026-08-19T00:00:00+00:00,category=PRICING
BREAK_IDENTIFIED,trade_stage,binance:6582452889|confirm,2026-08-19T00:00:00+00:00,category=PRICING
BREAK_IDENTIFIED,trade_stage,coinbase:1073147555|confirm,2026-08-19T00:00:00+00:00,category=PRICING
BREAK_IDENTIFIED,trade_stage,binance:6582452896|confirm,2026-08-19T00:00:00+00:00,category=REFERENCE_DATA
BREAK_IDENTIFIED,trade_stage,coinbase:1073147569|confirm,2026-08-19T00:00:00+00:00,category=TIMING
BREAK_IDENTIFIED,trade_stage,coinbase:1073147571|confirm,2026-08-19T00:00:00+00:00,category=TIMING
BREAK_IDENTIFIED,trade_stage,binance:6582452931|confirm,2026-08-19T00:00:00+00:00,category=QUANTITY
BREAK_IDENTIFIED,trade_stage,binance:6582452932|confirm,2026-08-19T00:00:00+00:00,category=PRICING
BREAK_IDENTIFIED,trade_stage,binance:6582453002|confirm,2026-08-19T00:00:00+00:00,category=MISSING_RECORD
BREAK_IDENTIFIED,trade_stage,binance:6582453037|confirm,2026-08-19T00:00:00+00:00,category=PRICING
BREAK_IDENTIFIED,trade_stage,binance:6582453042|confirm,2026-08-19T00:00:00+00:00,category=TIMING
BREAK_IDENTIFIED,trade_stage,binance:6582453088|confirm,2026-08-19T00:00:00+00:00,category=QUANTITY
BREAK_IDENTIFIED,trade_stage,binance:6582453115|confirm,2026-08-19T00:00:00+00:00,category=QUANTITY
BREAK_IDENTIFIED,trade_stage,coinbase:1073147590|confirm,2026-08-19T00:00:00+00:00,category=QUANTITY
BREAK_IDENTIFIED,trade_stage,coinbase:1073147591|confirm,2026-08-19T00:00:00+00:00,category=TIMING
BREAK_IDENTIFIED,trade_stage,coinbase:1073147596|confirm,2026-08-19T00:00:00+00:00,category=QUANTITY
BREAK_IDENTIFIED,trade_stage,binance:6582453160|confirm,2026-08-19T00:00:00+00:00,category=TIMING
BREAK_IDENTIFIED,trade_stage,coinbase:1073147605|confirm,2026-08-19T00:00:00+00:00,category=REFERENCE_DATA
BREAK_IDENTIFIED,trade_stage,coinbase:1073147606|confirm,2026-08-19T00:00:00+00:00,category=MISSING_RECORD
BREAK_IDENTIFIED,trade_stage,coinbase:1073147607|confirm,2026-08-19T00:00:00+00:00,category=TIMING
BREAK_IDENTIFIED,trade_stage,coinbase:1073147621|confirm,2026-08-19T00:00:00+00:00,category=REFERENCE_DATA
BREAK_IDENTIFIED,trade_stage,binance:6582453173|confirm,2026-08-19T00:00:00+00:00,category=QUANTITY
BREAK_IDENTIFIED,trade_stage,coinbase:1073147629|confirm,2026-08-19T00:00:00+00:00,category=PRICING
BREAK_IDENTIFIED,trade_stage,coinbase:1073147640|confirm,2026-08-19T00:00:00+00:00,category=PRICING
BREAK_IDENTIFIED,trade_stage,binance:6582453224|confirm,2026-08-19T00:00:00+00:00,category=TIMING
BREAK_IDENTIFIED,trade_stage,binance:6582453226|confirm,2026-08-19T00:00:00+00:00,category=PRICING
BREAK_IDENTIFIED,trade_stage,coinbase:1073147658|confirm,2026-08-19T00:00:00+00:00,category=QUANTITY
BREAK_IDENTIFIED,trade_stage,binance:6582453229|confirm,2026-08-19T00:00:00+00:00,category=QUANTITY
BREAK_IDENTIFIED,trade_stage,coinbase:1073147677|confirm,2026-08-19T00:00:00+00:00,category=TIMING
BREAK_IDENTIFIED,trade_stage,coinbase:1073147676|confirm,2026-08-19T00:00:00+00:00,category=TIMING
BREAK_IDENTIFIED,trade_stage,coinbase:1073147681|confirm,2026-08-19T00:00:00+00:00,category=PRICING
BREAK_IDENTIFIED,trade_stage,coinbase:1073147686|confirm,2026-08-19T00:00:00+00:00,category=REFERENCE_DATA
BREAK_IDENTIFIED,trade_stage,binance:6582453265|confirm,2026-08-19T00:00:00+00:00,category=TIMING
BREAK_IDENTIFIED,trade_stage,coinbase:1073147707|confirm,2026-08-19T00:00:00+00:00,category=PRICING
BREAK_IDENTIFIED,trade_stage,coinbase:1073147709|confirm,2026-08-19T00:00:00+00:00,category=PRICING
BREAK_IDENTIFIED,trade_stage,coinbase:1073147713|confirm,2026-08-19T00:00:00+00:00,category=QUANTITY
BREAK_IDENTIFIED,trade_stage,coinbase:1073147719|confirm,2026-08-19T00:00:00+00:00,category=TIMING
BREAK_IDENTIFIED,trade_stage,binance:6582453272|confirm,2026-08-19T00:00:00+00:00,category=PRICING
BREAK_IDENTIFIED,trade_stage,binance:6582453273|confirm,2026-08-19T00:00:00+00:00,category=MISSING_RECORD
BREAK_IDENTIFIED,trade_stage,binance:6582453403|confirm,2026-08-19T00:00:00+00:00,category=PRICING
BREAK_IDENTIFIED,trade_stage,coinbase:1073147731|confirm,2026-08-19T00:00:00+00:00,category=PRICING
BREAK_IDENTIFIED,trade_stage,binance:6582453507|confirm,2026-08-19T00:00:00+00:00,category=PRICING
BREAK_IDENTIFIED,trade_stage,binance:6582453515|confirm,2026-08-19T00:00:00+00:00,category=TIMING
BREAK_IDENTIFIED,trade_stage,binance:6582453572|confirm,2026-08-19T00:00:00+00:00,category=MISSING_RECORD
BREAK_IDENTIFIED,trade_stage,binance:6582453597|confirm,2026-08-19T00:00:00+00:00,category=QUANTITY
BREAK_IDENTIFIED,trade_stage,binance:6582453606|confirm,2026-08-19T00:00:00+00:00,category=TIMING
BREAK_IDENTIFIED,trade_stage,binance:6582453624|confirm,2026-08-19T00:00:00+00:00,category=QUANTITY
BREAK_IDENTIFIED,trade_stage,binance:6582453652|confirm,2026-08-19T00:00:00+00:00,category=REFERENCE_DATA
BREAK_IDENTIFIED,trade_stage,binance:6582453653|confirm,2026-08-19T00:00:00+00:00,category=PRICING
BREAK_IDENTIFIED,trade_stage,binance:6582453663|confirm,2026-08-19T00:00:00+00:00,category=QUANTITY
BREAK_IDENTIFIED,trade_stage,coinbase:1073147746|confirm,2026-08-19T00:00:00+00:00,category=TIMING
BREAK_IDENTIFIED,trade_stage,coinbase:1073147750|confirm,2026-08-19T00:00:00+00:00,category=TIMING
BREAK_IDENTIFIED,trade_stage,coinbase:1073147754|confirm,2026-08-19T00:00:00+00:00,category=PRICING
BREAK_IDENTIFIED,trade_stage,coinbase:1073147762|confirm,2026-08-19T00:00:00+00:00,category=PRICING
BREAK_IDENTIFIED,trade_stage,coinbase:1073147772|confirm,2026-08-19T00:00:00+00:00,category=QUANTITY
BREAK_IDENTIFIED,trade_stage,coinbase:1073147778|confirm,2026-08-19T00:00:00+00:00,category=PRICING
BREAK_IDENTIFIED,trade_stage,coinbase:1073147798|confirm,2026-08-19T00:00:00+00:00,category=TIMING
BREAK_IDENTIFIED,trade_stage,coinbase:1073147842|confirm,2026-08-19T00:00:00+00:00,category=MISSING_RECORD
BREAK_IDENTIFIED,trade_stage,kraken:105348511|confirm,2026-08-19T00:00:00+00:00,category=TIMING
BREAK_IDENTIFIED,trade_stage,coinbase:1073147852|confirm,2026-08-19T00:00:00+00:00,category=PRICING
BREAK_IDENTIFIED,trade_stage,coinbase:1073147851|confirm,2026-08-19T00:00:00+00:00,category=QUANTITY
BREAK_IDENTIFIED,trade_stage,binance:6582453737|confirm,2026-08-19T00:00:00+00:00,category=QUANTITY
BREAK_IDENTIFIED,trade_stage,coinbase:1073147870|confirm,2026-08-19T00:00:00+00:00,category=TIMING
BREAK_IDENTIFIED,trade_stage,kraken:105348518|confirm,2026-08-19T00:00:00+00:00,category=PRICING
BREAK_IDENTIFIED,trade_stage,binance:6582453745|confirm,2026-08-19T00:00:00+00:00,category=QUANTITY
BREAK_IDENTIFIED,trade_stage,binance:6582453839|confirm,2026-08-19T00:00:00+00:00,category=QUANTITY
BREAK_IDENTIFIED,trade_stage,binance:6582453869|confirm,2026-08-19T00:00:00+00:00,category=PRICING
BREAK_IDENTIFIED,trade_stage,binance:6582453886|confirm,2026-08-19T00:00:00+00:00,category=MISSING_RECORD
BREAK_IDENTIFIED,trade_stage,binance:6582454005|confirm,2026-08-19T00:00:00+00:00,category=TIMING
BREAK_IDENTIFIED,trade_stage,coinbase:1073147884|confirm,2026-08-19T00:00:00+00:00,category=MISSING_RECORD
BREAK_IDENTIFIED,trade_stage,coinbase:1073147895|confirm,2026-08-19T00:00:00+00:00,category=TIMING
BREAK_IDENTIFIED,trade_stage,binance:6582454016|confirm,2026-08-19T00:00:00+00:00,category=MISSING_RECORD
BREAK_IDENTIFIED,trade_stage,binance:6582454021|confirm,2026-08-19T00:00:00+00:00,category=QUANTITY
BREAK_IDENTIFIED,trade_stage,binance:6582454104|confirm,2026-08-19T00:00:00+00:00,category=MISSING_RECORD
BREAK_IDENTIFIED,trade_stage,binance:6582454106|confirm,2026-08-19T00:00:00+00:00,category=QUANTITY
BREAK_IDENTIFIED,trade_stage,binance:6582454124|confirm,2026-08-19T00:00:00+00:00,category=TIMING
BREAK_IDENTIFIED,trade_stage,binance:6582454128|confirm,2026-08-19T00:00:00+00:00,category=TIMING
BREAK_IDENTIFIED,trade_stage,binance:6582454164|confirm,2026-08-19T00:00:00+00:00,category=REFERENCE_DATA
BREAK_IDENTIFIED,trade_stage,binance:6582454190|confirm,2026-08-19T00:00:00+00:00,category=PRICING
BREAK_IDENTIFIED,trade_stage,binance:6582454193|confirm,2026-08-19T00:00:00+00:00,category=PRICING
BREAK_IDENTIFIED,trade_stage,binance:6582454204|confirm,2026-08-19T00:00:00+00:00,category=QUANTITY
BREAK_IDENTIFIED,trade_stage,binance:6582454212|confirm,2026-08-19T00:00:00+00:00,category=PRICING
BREAK_IDENTIFIED,trade_stage,binance:6582454224|confirm,2026-08-19T00:00:00+00:00,category=QUANTITY
BREAK_IDENTIFIED,trade_stage,binance:6582454230|confirm,2026-08-19T00:00:00+00:00,category=TIMING
BREAK_IDENTIFIED,trade_stage,binance:6582454234|confirm,2026-08-19T00:00:00+00:00,category=QUANTITY
BREAK_IDENTIFIED,trade_stage,binance:6582454241|confirm,2026-08-19T00:00:00+00:00,category=QUANTITY
BREAK_IDENTIFIED,trade_stage,binance:6582454276|confirm,2026-08-19T00:00:00+00:00,category=TIMING
BREAK_IDENTIFIED,trade_stage,binance:6582454282|confirm,2026-08-19T00:00:00+00:00,category=TIMING
BREAK_IDENTIFIED,trade_stage,binance:6582454288|confirm,2026-08-19T00:00:00+00:00,category=TIMING
BREAK_IDENTIFIED,trade_stage,binance:6582454300|confirm,2026-08-19T00:00:00+00:00,category=QUANTITY
BREAK_IDENTIFIED,trade_stage,binance:6582454302|confirm,2026-08-19T00:00:00+00:00,category=PRICING
BREAK_IDENTIFIED,trade_stage,coinbase:1073147918|confirm,2026-08-19T00:00:00+00:00,category=TIMING
BREAK_IDENTIFIED,trade_stage,coinbase:1073147913|confirm,2026-08-19T00:00:00+00:00,category=PRICING
BREAK_IDENTIFIED,trade_stage,coinbase:1073147944|confirm,2026-08-19T00:00:00+00:00,category=QUANTITY
BREAK_IDENTIFIED,trade_stage,coinbase:1073147943|confirm,2026-08-19T00:00:00+00:00,category=QUANTITY
BREAK_IDENTIFIED,trade_stage,coinbase:1073147962|confirm,2026-08-19T00:00:00+00:00,category=PRICING
BREAK_IDENTIFIED,trade_stage,coinbase:1073147964|confirm,2026-08-19T00:00:00+00:00,category=PRICING
BREAK_IDENTIFIED,trade_stage,binance:6582454374|confirm,2026-08-19T00:00:00+00:00,category=MISSING_RECORD
BREAK_IDENTIFIED,trade_stage,kraken:105348536|confirm,2026-08-19T00:00:00+00:00,category=PRICING
BREAK_IDENTIFIED,trade_stage,kraken:105348541|confirm,2026-08-19T00:00:00+00:00,category=QUANTITY
BREAK_IDENTIFIED,trade_stage,binance:6582454405|confirm,2026-08-19T00:00:00+00:00,category=QUANTITY
BREAK_IDENTIFIED,trade_stage,binance:6582454412|confirm,2026-08-19T00:00:00+00:00,category=MISSING_RECORD
BREAK_IDENTIFIED,trade_stage,coinbase:1073147987|confirm,2026-08-19T00:00:00+00:00,category=MISSING_RECORD
BREAK_IDENTIFIED,trade_stage,coinbase:1073147986|confirm,2026-08-19T00:00:00+00:00,category=MISSING_RECORD
BREAK_IDENTIFIED,trade_stage,coinbase:1073147985|confirm,2026-08-19T00:00:00+00:00,category=TIMING
BREAK_IDENTIFIED,trade_stage,binance:6582454449|confirm,2026-08-19T00:00:00+00:00,category=QUANTITY
BREAK_IDENTIFIED,trade_stage,binance:6582454453|confirm,2026-08-19T00:00:00+00:00,category=MISSING_RECORD
BREAK_IDENTIFIED,trade_stage,binance:6582454477|confirm,2026-08-19T00:00:00+00:00,category=PRICING
BREAK_IDENTIFIED,trade_stage,binance:6582454496|confirm,2026-08-19T00:00:00+00:00,category=TIMING
BREAK_IDENTIFIED,trade_stage,binance:6582454515|confirm,2026-08-19T00:00:00+00:00,category=PRICING
BREAK_IDENTIFIED,trade_stage,binance:6582454536|confirm,2026-08-19T00:00:00+00:00,category=TIMING
BREAK_IDENTIFIED,trade_stage,binance:6582454550|confirm,2026-08-19T00:00:00+00:00,category=PRICING
BREAK_IDENTIFIED,trade_stage,binance:6582454564|confirm,2026-08-19T00:00:00+00:00,category=TIMING
BREAK_IDENTIFIED,trade_stage,coinbase:1073148006|confirm,2026-08-19T00:00:00+00:00,category=PRICING
BREAK_IDENTIFIED,trade_stage,coinbase:1073148017|confirm,2026-08-19T00:00:00+00:00,category=TIMING
BREAK_IDENTIFIED,trade_stage,binance:6582454677|confirm,2026-08-19T00:00:00+00:00,category=PRICING
BREAK_IDENTIFIED,trade_stage,kraken:105348548|confirm,2026-08-19T00:00:00+00:00,category=TIMING
BREAK_IDENTIFIED,trade_stage,coinbase:1073148028|confirm,2026-08-19T00:00:00+00:00,category=TIMING
BREAK_IDENTIFIED,trade_stage,binance:6582454758|confirm,2026-08-19T00:00:00+00:00,category=QUANTITY
BREAK_IDENTIFIED,trade_stage,binance:6582454806|confirm,2026-08-19T00:00:00+00:00,category=PRICING
BREAK_IDENTIFIED,trade_stage,binance:6582454818|confirm,2026-08-19T00:00:00+00:00,category=TIMING
BREAK_IDENTIFIED,trade_stage,binance:6582454824|confirm,2026-08-19T00:00:00+00:00,category=MISSING_RECORD
BREAK_IDENTIFIED,trade_stage,binance:6582454827|confirm,2026-08-19T00:00:00+00:00,category=QUANTITY
BREAK_IDENTIFIED,trade_stage,binance:6582454840|confirm,2026-08-19T00:00:00+00:00,category=TIMING
BREAK_IDENTIFIED,trade_stage,binance:6582454850|confirm,2026-08-19T00:00:00+00:00,category=PRICING
BREAK_IDENTIFIED,trade_stage,binance:6582454884|confirm,2026-08-19T00:00:00+00:00,category=PRICING
BREAK_IDENTIFIED,trade_stage,binance:6582454910|confirm,2026-08-19T00:00:00+00:00,category=TIMING
BREAK_IDENTIFIED,trade_stage,binance:6582454911|confirm,2026-08-19T00:00:00+00:00,category=TIMING
BREAK_IDENTIFIED,trade_stage,binance:6582454970|confirm,2026-08-19T00:00:00+00:00,category=TIMING
BREAK_IDENTIFIED,trade_stage,binance:6582454973|confirm,2026-08-19T00:00:00+00:00,category=TIMING
BREAK_IDENTIFIED,trade_stage,coinbase:1073148063|confirm,2026-08-19T00:00:00+00:00,category=TIMING
BREAK_IDENTIFIED,trade_stage,coinbase:1073148073|confirm,2026-08-19T00:00:00+00:00,category=QUANTITY
BREAK_IDENTIFIED,trade_stage,binance:6582454978|confirm,2026-08-19T00:00:00+00:00,category=QUANTITY
BREAK_IDENTIFIED,trade_stage,binance:6582454979|confirm,2026-08-19T00:00:00+00:00,category=PRICING
BREAK_IDENTIFIED,trade_stage,coinbase:1073148085|confirm,2026-08-19T00:00:00+00:00,category=QUANTITY
BREAK_IDENTIFIED,trade_stage,coinbase:1073148093|confirm,2026-08-19T00:00:00+00:00,category=PRICING
BREAK_IDENTIFIED,trade_stage,coinbase:1073148091|confirm,2026-08-19T00:00:00+00:00,category=PRICING
BREAK_IDENTIFIED,trade_stage,coinbase:1073148089|confirm,2026-08-19T00:00:00+00:00,category=TIMING
BREAK_IDENTIFIED,trade_stage,coinbase:1073148094|confirm,2026-08-19T00:00:00+00:00,category=QUANTITY
BREAK_IDENTIFIED,trade_stage,coinbase:1073148096|confirm,2026-08-19T00:00:00+00:00,category=PRICING
BREAK_IDENTIFIED,trade_stage,binance:6582455054|confirm,2026-08-19T00:00:00+00:00,category=REFERENCE_DATA
BREAK_IDENTIFIED,trade_stage,kraken:105348551|confirm,2026-08-19T00:00:00+00:00,category=REFERENCE_DATA
BREAK_IDENTIFIED,trade_stage,binance:6582455105|confirm,2026-08-19T00:00:00+00:00,category=PRICING
BREAK_IDENTIFIED,trade_stage,coinbase:1073148103|confirm,2026-08-19T00:00:00+00:00,category=TIMING
BREAK_IDENTIFIED,trade_stage,coinbase:1073148106|confirm,2026-08-19T00:00:00+00:00,category=TIMING
BREAK_IDENTIFIED,trade_stage,binance:6582455182|confirm,2026-08-19T00:00:00+00:00,category=TIMING
BREAK_IDENTIFIED,trade_stage,binance:6582455185|confirm,2026-08-19T00:00:00+00:00,category=TIMING
BREAK_IDENTIFIED,trade_stage,coinbase:1073148116|confirm,2026-08-19T00:00:00+00:00,category=MISSING_RECORD
BREAK_IDENTIFIED,trade_stage,coinbase:1073148121|confirm,2026-08-19T00:00:00+00:00,category=QUANTITY
BREAK_IDENTIFIED,trade_stage,binance:6582455195|confirm,2026-08-19T00:00:00+00:00,category=QUANTITY
BREAK_IDENTIFIED,trade_stage,coinbase:1073148131|confirm,2026-08-19T00:00:00+00:00,category=TIMING
BREAK_IDENTIFIED,trade_stage,binance:6582455201|confirm,2026-08-19T00:00:00+00:00,category=TIMING
BREAK_IDENTIFIED,trade_stage,coinbase:1073148137|confirm,2026-08-19T00:00:00+00:00,category=MISSING_RECORD
BREAK_IDENTIFIED,trade_stage,binance:6582455210|confirm,2026-08-19T00:00:00+00:00,category=REFERENCE_DATA
BREAK_IDENTIFIED,trade_stage,binance:6582455215|confirm,2026-08-19T00:00:00+00:00,category=QUANTITY
BREAK_IDENTIFIED,trade_stage,binance:6582455216|confirm,2026-08-19T00:00:00+00:00,category=QUANTITY
BREAK_IDENTIFIED,trade_stage,coinbase:1073148141|confirm,2026-08-19T00:00:00+00:00,category=QUANTITY
BREAK_IDENTIFIED,trade_stage,binance:6582455285|confirm,2026-08-19T00:00:00+00:00,category=MISSING_RECORD
BREAK_IDENTIFIED,trade_stage,binance:6582455340|confirm,2026-08-19T00:00:00+00:00,category=TIMING
BREAK_IDENTIFIED,trade_stage,binance:6582455383|confirm,2026-08-19T00:00:00+00:00,category=TIMING
BREAK_IDENTIFIED,trade_stage,coinbase:1073148149|confirm,2026-08-19T00:00:00+00:00,category=PRICING
BREAK_IDENTIFIED,trade_stage,binance:6582455413|confirm,2026-08-19T00:00:00+00:00,category=PRICING
BREAK_IDENTIFIED,trade_stage,coinbase:1073148155|confirm,2026-08-19T00:00:00+00:00,category=QUANTITY
BREAK_IDENTIFIED,trade_stage,binance:6582455430|confirm,2026-08-19T00:00:00+00:00,category=QUANTITY
BREAK_IDENTIFIED,trade_stage,coinbase:1073148190|confirm,2026-08-19T00:00:00+00:00,category=MISSING_RECORD
BREAK_IDENTIFIED,trade_stage,coinbase:1073148191|confirm,2026-08-19T00:00:00+00:00,category=REFERENCE_DATA
BREAK_IDENTIFIED,trade_stage,coinbase:1073148192|confirm,2026-08-19T00:00:00+00:00,category=TIMING
BREAK_IDENTIFIED,trade_stage,coinbase:1073148195|confirm,2026-08-19T00:00:00+00:00,category=PRICING
BREAK_IDENTIFIED,trade_stage,coinbase:1073148205|confirm,2026-08-19T00:00:00+00:00,category=MISSING_RECORD
BREAK_IDENTIFIED,trade_stage,coinbase:1073148217|confirm,2026-08-19T00:00:00+00:00,category=MISSING_RECORD
BREAK_IDENTIFIED,trade_stage,coinbase:1073148218|confirm,2026-08-19T00:00:00+00:00,category=TIMING
BREAK_IDENTIFIED,trade_stage,binance:6582455471|confirm,2026-08-19T00:00:00+00:00,category=PRICING
BREAK_IDENTIFIED,trade_stage,coinbase:1073148222|confirm,2026-08-19T00:00:00+00:00,category=PRICING
BREAK_IDENTIFIED,trade_stage,binance:6582455476|confirm,2026-08-19T00:00:00+00:00,category=TIMING
BREAK_IDENTIFIED,trade_stage,binance:6582455531|confirm,2026-08-19T00:00:00+00:00,category=QUANTITY
BREAK_IDENTIFIED,trade_stage,binance:6582455548|confirm,2026-08-19T00:00:00+00:00,category=QUANTITY
BREAK_IDENTIFIED,trade_stage,binance:6582455578|confirm,2026-08-19T00:00:00+00:00,category=MISSING_RECORD
BREAK_IDENTIFIED,trade_stage,binance:6582455587|confirm,2026-08-19T00:00:00+00:00,category=PRICING
BREAK_IDENTIFIED,trade_stage,coinbase:1073148235|confirm,2026-08-19T00:00:00+00:00,category=REFERENCE_DATA
BREAK_IDENTIFIED,trade_stage,binance:6582455593|confirm,2026-08-19T00:00:00+00:00,category=QUANTITY
BREAK_IDENTIFIED,trade_stage,binance:6582455596|confirm,2026-08-19T00:00:00+00:00,category=MISSING_RECORD
BREAK_IDENTIFIED,trade_stage,coinbase:1073148257|confirm,2026-08-19T00:00:00+00:00,category=REFERENCE_DATA
BREAK_IDENTIFIED,trade_stage,coinbase:1073148259|confirm,2026-08-19T00:00:00+00:00,category=TIMING
BREAK_IDENTIFIED,trade_stage,binance:6582455602|confirm,2026-08-19T00:00:00+00:00,category=QUANTITY
BREAK_IDENTIFIED,trade_stage,coinbase:1073148273|confirm,2026-08-19T00:00:00+00:00,category=QUANTITY
BREAK_IDENTIFIED,trade_stage,coinbase:1073148281|confirm,2026-08-19T00:00:00+00:00,category=TIMING
BREAK_IDENTIFIED,trade_stage,coinbase:1073148283|confirm,2026-08-19T00:00:00+00:00,category=MISSING_RECORD
BREAK_IDENTIFIED,trade_stage,coinbase:1073148294|confirm,2026-08-19T00:00:00+00:00,category=PRICING
BREAK_IDENTIFIED,trade_stage,binance:6582455660|confirm,2026-08-19T00:00:00+00:00,category=MISSING_RECORD
BREAK_IDENTIFIED,trade_stage,binance:6582455689|confirm,2026-08-19T00:00:00+00:00,category=TIMING
BREAK_IDENTIFIED,trade_stage,coinbase:1073148303|confirm,2026-08-19T00:00:00+00:00,category=PRICING
BREAK_IDENTIFIED,trade_stage,kraken:105348554|confirm,2026-08-19T00:00:00+00:00,category=PRICING
BREAK_IDENTIFIED,trade_stage,kraken:105348556|confirm,2026-08-19T00:00:00+00:00,category=TIMING
BREAK_IDENTIFIED,trade_stage,kraken:105348560|confirm,2026-08-19T00:00:00+00:00,category=TIMING
BREAK_IDENTIFIED,trade_stage,coinbase:1073148305|confirm,2026-08-19T00:00:00+00:00,category=MISSING_RECORD
BREAK_IDENTIFIED,trade_stage,coinbase:1073148309|confirm,2026-08-19T00:00:00+00:00,category=QUANTITY
BREAK_IDENTIFIED,trade_stage,coinbase:1073148312|confirm,2026-08-19T00:00:00+00:00,category=MISSING_RECORD
BREAK_IDENTIFIED,trade_stage,binance:6582455706|confirm,2026-08-19T00:00:00+00:00,category=TIMING
BREAK_IDENTIFIED,trade_stage,coinbase:1073148314|confirm,2026-08-19T00:00:00+00:00,category=QUANTITY
BREAK_IDENTIFIED,trade_stage,binance:6582455722|confirm,2026-08-19T00:00:00+00:00,category=QUANTITY
BREAK_IDENTIFIED,trade_stage,binance:6582455789|confirm,2026-08-19T00:00:00+00:00,category=MISSING_RECORD
BREAK_IDENTIFIED,trade_stage,coinbase:1073148323|confirm,2026-08-19T00:00:00+00:00,category=PRICING
BREAK_IDENTIFIED,trade_stage,coinbase:1073148327|confirm,2026-08-19T00:00:00+00:00,category=PRICING
BREAK_IDENTIFIED,trade_stage,coinbase:1073148330|confirm,2026-08-19T00:00:00+00:00,category=QUANTITY
BREAK_IDENTIFIED,trade_stage,binance:6582455858|confirm,2026-08-19T00:00:00+00:00,category=TIMING
BREAK_IDENTIFIED,trade_stage,binance:6582455862|confirm,2026-08-19T00:00:00+00:00,category=PRICING
BREAK_IDENTIFIED,trade_stage,binance:6582455863|confirm,2026-08-19T00:00:00+00:00,category=QUANTITY
BREAK_IDENTIFIED,trade_stage,binance:6582455879|confirm,2026-08-19T00:00:00+00:00,category=QUANTITY
BREAK_IDENTIFIED,trade_stage,binance:6582455897|confirm,2026-08-19T00:00:00+00:00,category=QUANTITY
BREAK_IDENTIFIED,trade_stage,binance:6582455933|confirm,2026-08-19T00:00:00+00:00,category=REFERENCE_DATA
BREAK_IDENTIFIED,trade_stage,coinbase:1073148360|confirm,2026-08-19T00:00:00+00:00,category=TIMING
BREAK_IDENTIFIED,trade_stage,binance:6582456105|confirm,2026-08-19T00:00:00+00:00,category=QUANTITY
BREAK_IDENTIFIED,trade_stage,coinbase:1073148363|confirm,2026-08-19T00:00:00+00:00,category=TIMING
BREAK_IDENTIFIED,trade_stage,coinbase:1073148365|confirm,2026-08-19T00:00:00+00:00,category=QUANTITY
BREAK_IDENTIFIED,trade_stage,coinbase:1073148368|confirm,2026-08-19T00:00:00+00:00,category=REFERENCE_DATA
BREAK_IDENTIFIED,trade_stage,binance:6582456286|confirm,2026-08-19T00:00:00+00:00,category=MISSING_RECORD
BREAK_IDENTIFIED,trade_stage,binance:6582456331|confirm,2026-08-19T00:00:00+00:00,category=TIMING
BREAK_IDENTIFIED,trade_stage,binance:6582456366|confirm,2026-08-19T00:00:00+00:00,category=PRICING
BREAK_IDENTIFIED,trade_stage,binance:6582456432|confirm,2026-08-19T00:00:00+00:00,category=PRICING
BREAK_IDENTIFIED,trade_stage,coinbase:1073148379|confirm,2026-08-19T00:00:00+00:00,category=QUANTITY
BREAK_IDENTIFIED,trade_stage,coinbase:1073148384|confirm,2026-08-19T00:00:00+00:00,category=PRICING
BREAK_IDENTIFIED,trade_stage,coinbase:1073148386|confirm,2026-08-19T00:00:00+00:00,category=REFERENCE_DATA
BREAK_IDENTIFIED,trade_stage,binance:6582456473|confirm,2026-08-19T00:00:00+00:00,category=PRICING
BREAK_IDENTIFIED,trade_stage,binance:6582456479|confirm,2026-08-19T00:00:00+00:00,category=QUANTITY
BREAK_IDENTIFIED,trade_stage,binance:6582456480|confirm,2026-08-19T00:00:00+00:00,category=REFERENCE_DATA
BREAK_IDENTIFIED,trade_stage,coinbase:1073148403|confirm,2026-08-19T00:00:00+00:00,category=PRICING
BREAK_IDENTIFIED,trade_stage,binance:6582456516|confirm,2026-08-19T00:00:00+00:00,category=TIMING
BREAK_IDENTIFIED,trade_stage,binance:6582456517|confirm,2026-08-19T00:00:00+00:00,category=MISSING_RECORD
BREAK_IDENTIFIED,trade_stage,coinbase:1073148404|confirm,2026-08-19T00:00:00+00:00,category=MISSING_RECORD
BREAK_IDENTIFIED,trade_stage,binance:6582456522|confirm,2026-08-19T00:00:00+00:00,category=PRICING
BREAK_IDENTIFIED,trade_stage,binance:6582456631|confirm,2026-08-19T00:00:00+00:00,category=QUANTITY
BREAK_IDENTIFIED,trade_stage,binance:6582456658|confirm,2026-08-19T00:00:00+00:00,category=TIMING
BREAK_IDENTIFIED,trade_stage,coinbase:1073148410|confirm,2026-08-19T00:00:00+00:00,category=TIMING
BREAK_IDENTIFIED,trade_stage,coinbase:1073148420|confirm,2026-08-19T00:00:00+00:00,category=PRICING
BREAK_IDENTIFIED,trade_stage,coinbase:1073148419|confirm,2026-08-19T00:00:00+00:00,category=MISSING_RECORD
BREAK_IDENTIFIED,trade_stage,coinbase:1073148429|confirm,2026-08-19T00:00:00+00:00,category=PRICING
BREAK_IDENTIFIED,trade_stage,coinbase:1073148432|confirm,2026-08-19T00:00:00+00:00,category=QUANTITY
BREAK_IDENTIFIED,trade_stage,binance:6582456717|confirm,2026-08-19T00:00:00+00:00,category=QUANTITY
BREAK_IDENTIFIED,trade_stage,binance:6582456738|confirm,2026-08-19T00:00:00+00:00,category=QUANTITY
BREAK_IDENTIFIED,trade_stage,coinbase:1073148465|confirm,2026-08-19T00:00:00+00:00,category=TIMING
BREAK_IDENTIFIED,trade_stage,coinbase:1073148475|confirm,2026-08-19T00:00:00+00:00,category=QUANTITY
BREAK_IDENTIFIED,trade_stage,binance:6582456778|confirm,2026-08-19T00:00:00+00:00,category=PRICING
BREAK_IDENTIFIED,trade_stage,binance:6582456780|confirm,2026-08-19T00:00:00+00:00,category=TIMING
BREAK_IDENTIFIED,trade_stage,coinbase:1073148489|confirm,2026-08-19T00:00:00+00:00,category=QUANTITY
BREAK_IDENTIFIED,trade_stage,coinbase:1073148491|confirm,2026-08-19T00:00:00+00:00,category=PRICING
BREAK_IDENTIFIED,trade_stage,coinbase:1073148502|confirm,2026-08-19T00:00:00+00:00,category=TIMING
BREAK_IDENTIFIED,trade_stage,coinbase:1073148508|confirm,2026-08-19T00:00:00+00:00,category=PRICING
BREAK_IDENTIFIED,trade_stage,binance:6582456808|confirm,2026-08-19T00:00:00+00:00,category=MISSING_RECORD
BREAK_IDENTIFIED,trade_stage,kraken:105348583|confirm,2026-08-19T00:00:00+00:00,category=QUANTITY
BREAK_IDENTIFIED,trade_stage,binance:6582456810|confirm,2026-08-19T00:00:00+00:00,category=TIMING
BREAK_IDENTIFIED,trade_stage,coinbase:1073148523|confirm,2026-08-19T00:00:00+00:00,category=TIMING
BREAK_IDENTIFIED,trade_stage,binance:6582456817|confirm,2026-08-19T00:00:00+00:00,category=MISSING_RECORD
BREAK_IDENTIFIED,trade_stage,binance:6582456820|confirm,2026-08-19T00:00:00+00:00,category=TIMING
BREAK_IDENTIFIED,trade_stage,coinbase:1073148525|confirm,2026-08-19T00:00:00+00:00,category=QUANTITY
BREAK_IDENTIFIED,trade_stage,coinbase:1073148527|confirm,2026-08-19T00:00:00+00:00,category=QUANTITY
BREAK_IDENTIFIED,trade_stage,kraken:105348584|confirm,2026-08-19T00:00:00+00:00,category=TIMING
BREAK_IDENTIFIED,trade_stage,coinbase:1073148541|confirm,2026-08-19T00:00:00+00:00,category=PRICING
BREAK_IDENTIFIED,trade_stage,kraken:105348596|confirm,2026-08-19T00:00:00+00:00,category=MISSING_RECORD
BREAK_IDENTIFIED,trade_stage,binance:6582456828|confirm,2026-08-19T00:00:00+00:00,category=MISSING_RECORD
BREAK_IDENTIFIED,trade_stage,binance:6582456835|confirm,2026-08-19T00:00:00+00:00,category=QUANTITY
BREAK_IDENTIFIED,trade_stage,coinbase:1073148557|confirm,2026-08-19T00:00:00+00:00,category=MISSING_RECORD
BREAK_IDENTIFIED,trade_stage,coinbase:1073148560|confirm,2026-08-19T00:00:00+00:00,category=QUANTITY
BREAK_IDENTIFIED,trade_stage,coinbase:1073148562|confirm,2026-08-19T00:00:00+00:00,category=MISSING_RECORD
BREAK_IDENTIFIED,trade_stage,coinbase:1073148563|confirm,2026-08-19T00:00:00+00:00,category=PRICING
BREAK_IDENTIFIED,trade_stage,coinbase:1073148564|confirm,2026-08-19T00:00:00+00:00,category=QUANTITY
BREAK_IDENTIFIED,trade_stage,binance:6582456839|confirm,2026-08-19T00:00:00+00:00,category=MISSING_RECORD
BREAK_IDENTIFIED,trade_stage,coinbase:1073148570|confirm,2026-08-19T00:00:00+00:00,category=REFERENCE_DATA
BREAK_IDENTIFIED,trade_stage,coinbase:1073148585|confirm,2026-08-19T00:00:00+00:00,category=QUANTITY
BREAK_IDENTIFIED,trade_stage,binance:6582456864|confirm,2026-08-19T00:00:00+00:00,category=MISSING_RECORD
BREAK_IDENTIFIED,trade_stage,binance:6582456868|confirm,2026-08-19T00:00:00+00:00,category=PRICING
BREAK_IDENTIFIED,trade_stage,coinbase:1073148618|confirm,2026-08-19T00:00:00+00:00,category=PRICING
BREAK_IDENTIFIED,trade_stage,coinbase:1073148638|confirm,2026-08-19T00:00:00+00:00,category=PRICING
BREAK_IDENTIFIED,trade_stage,coinbase:1073148637|confirm,2026-08-19T00:00:00+00:00,category=PRICING
BREAK_IDENTIFIED,trade_stage,binance:6582456882|confirm,2026-08-19T00:00:00+00:00,category=PRICING
BREAK_IDENTIFIED,trade_stage,coinbase:1073148654|confirm,2026-08-19T00:00:00+00:00,category=MISSING_RECORD
BREAK_IDENTIFIED,trade_stage,coinbase:1073148659|confirm,2026-08-19T00:00:00+00:00,category=PRICING
BREAK_IDENTIFIED,trade_stage,coinbase:1073148660|confirm,2026-08-19T00:00:00+00:00,category=PRICING
BREAK_IDENTIFIED,trade_stage,coinbase:1073148662|confirm,2026-08-19T00:00:00+00:00,category=PRICING
BREAK_IDENTIFIED,trade_stage,binance:6582456906|confirm,2026-08-19T00:00:00+00:00,category=PRICING
BREAK_IDENTIFIED,trade_stage,binance:6582456913|confirm,2026-08-19T00:00:00+00:00,category=PRICING
BREAK_IDENTIFIED,trade_stage,coinbase:1073148666|confirm,2026-08-19T00:00:00+00:00,category=MISSING_RECORD
BREAK_IDENTIFIED,trade_stage,binance:6582456925|confirm,2026-08-19T00:00:00+00:00,category=TIMING
BREAK_IDENTIFIED,trade_stage,binance:6582456928|confirm,2026-08-19T00:00:00+00:00,category=TIMING
BREAK_IDENTIFIED,trade_stage,binance:6582456951|confirm,2026-08-19T00:00:00+00:00,category=QUANTITY
BREAK_IDENTIFIED,trade_stage,coinbase:1073148669|confirm,2026-08-19T00:00:00+00:00,category=TIMING
BREAK_IDENTIFIED,trade_stage,kraken:105348604|confirm,2026-08-19T00:00:00+00:00,category=MISSING_RECORD
BREAK_IDENTIFIED,trade_stage,coinbase:1073148686|confirm,2026-08-19T00:00:00+00:00,category=TIMING
BREAK_IDENTIFIED,trade_stage,binance:6582456972|confirm,2026-08-19T00:00:00+00:00,category=TIMING
BREAK_IDENTIFIED,trade_stage,binance:6582456974|confirm,2026-08-19T00:00:00+00:00,category=QUANTITY
BREAK_IDENTIFIED,trade_stage,binance:6582457081|confirm,2026-08-19T00:00:00+00:00,category=QUANTITY
BREAK_IDENTIFIED,trade_stage,binance:6582457098|confirm,2026-08-19T00:00:00+00:00,category=PRICING
BREAK_IDENTIFIED,trade_stage,binance:6582457100|confirm,2026-08-19T00:00:00+00:00,category=TIMING
BREAK_IDENTIFIED,trade_stage,binance:6582457125|confirm,2026-08-19T00:00:00+00:00,category=TIMING
BREAK_IDENTIFIED,trade_stage,coinbase:1073148700|confirm,2026-08-19T00:00:00+00:00,category=REFERENCE_DATA
BREAK_IDENTIFIED,trade_stage,coinbase:1073148701|confirm,2026-08-19T00:00:00+00:00,category=TIMING
BREAK_IDENTIFIED,trade_stage,coinbase:1073148704|confirm,2026-08-19T00:00:00+00:00,category=TIMING
BREAK_IDENTIFIED,trade_stage,binance:6582457131|confirm,2026-08-19T00:00:00+00:00,category=PRICING
BREAK_IDENTIFIED,trade_stage,coinbase:1073148712|confirm,2026-08-19T00:00:00+00:00,category=PRICING
BREAK_IDENTIFIED,trade_stage,coinbase:1073148715|confirm,2026-08-19T00:00:00+00:00,category=QUANTITY
BREAK_IDENTIFIED,trade_stage,coinbase:1073148720|confirm,2026-08-19T00:00:00+00:00,category=REFERENCE_DATA
BREAK_IDENTIFIED,trade_stage,coinbase:1073148724|confirm,2026-08-19T00:00:00+00:00,category=MISSING_RECORD
BREAK_IDENTIFIED,trade_stage,binance:6582457191|confirm,2026-08-19T00:00:00+00:00,category=QUANTITY
BREAK_IDENTIFIED,trade_stage,binance:6582457235|confirm,2026-08-19T00:00:00+00:00,category=REFERENCE_DATA
BREAK_IDENTIFIED,trade_stage,coinbase:1073148748|confirm,2026-08-19T00:00:00+00:00,category=MISSING_RECORD
BREAK_IDENTIFIED,trade_stage,coinbase:1073148745|confirm,2026-08-19T00:00:00+00:00,category=PRICING
BREAK_IDENTIFIED,trade_stage,coinbase:1073148743|confirm,2026-08-19T00:00:00+00:00,category=QUANTITY
BREAK_IDENTIFIED,trade_stage,coinbase:1073148742|confirm,2026-08-19T00:00:00+00:00,category=TIMING
BREAK_IDENTIFIED,trade_stage,binance:6582457255|confirm,2026-08-19T00:00:00+00:00,category=MISSING_RECORD
BREAK_IDENTIFIED,trade_stage,binance:6582457256|confirm,2026-08-19T00:00:00+00:00,category=PRICING
BREAK_IDENTIFIED,trade_stage,binance:6582457313|confirm,2026-08-19T00:00:00+00:00,category=REFERENCE_DATA
BREAK_IDENTIFIED,trade_stage,binance:6582457314|confirm,2026-08-19T00:00:00+00:00,category=QUANTITY
BREAK_IDENTIFIED,trade_stage,binance:6582457315|confirm,2026-08-19T00:00:00+00:00,category=MISSING_RECORD
BREAK_IDENTIFIED,trade_stage,kraken:105348607|confirm,2026-08-19T00:00:00+00:00,category=TIMING
BREAK_IDENTIFIED,trade_stage,binance:6582457350|confirm,2026-08-19T00:00:00+00:00,category=QUANTITY
BREAK_IDENTIFIED,trade_stage,binance:6582457358|confirm,2026-08-19T00:00:00+00:00,category=TIMING
BREAK_IDENTIFIED,trade_stage,binance:6582457359|confirm,2026-08-19T00:00:00+00:00,category=QUANTITY
BREAK_IDENTIFIED,trade_stage,binance:6582457377|confirm,2026-08-19T00:00:00+00:00,category=TIMING
BREAK_IDENTIFIED,trade_stage,coinbase:1073148768|confirm,2026-08-19T00:00:00+00:00,category=TIMING
BREAK_IDENTIFIED,trade_stage,coinbase:1073148769|confirm,2026-08-19T00:00:00+00:00,category=TIMING
BREAK_IDENTIFIED,trade_stage,coinbase:1073148770|confirm,2026-08-19T00:00:00+00:00,category=TIMING
BREAK_IDENTIFIED,trade_stage,binance:6582457394|confirm,2026-08-19T00:00:00+00:00,category=PRICING
BREAK_IDENTIFIED,trade_stage,binance:6582457397|confirm,2026-08-19T00:00:00+00:00,category=QUANTITY
BREAK_IDENTIFIED,trade_stage,binance:6582457428|confirm,2026-08-19T00:00:00+00:00,category=QUANTITY
BREAK_IDENTIFIED,trade_stage,binance:6582457438|confirm,2026-08-19T00:00:00+00:00,category=QUANTITY
BREAK_IDENTIFIED,trade_stage,binance:6582457481|confirm,2026-08-19T00:00:00+00:00,category=QUANTITY
BREAK_IDENTIFIED,trade_stage,binance:6582457499|confirm,2026-08-19T00:00:00+00:00,category=TIMING
BREAK_IDENTIFIED,trade_stage,coinbase:1073148772|confirm,2026-08-19T00:00:00+00:00,category=QUANTITY
BREAK_IDENTIFIED,trade_stage,binance:6582457528|confirm,2026-08-19T00:00:00+00:00,category=PRICING
BREAK_IDENTIFIED,trade_stage,binance:6582457533|confirm,2026-08-19T00:00:00+00:00,category=TIMING
BREAK_IDENTIFIED,trade_stage,binance:6582457557|confirm,2026-08-19T00:00:00+00:00,category=TIMING
BREAK_IDENTIFIED,trade_stage,kraken:105348617|confirm,2026-08-19T00:00:00+00:00,category=PRICING
BREAK_IDENTIFIED,trade_stage,kraken:105348618|confirm,2026-08-19T00:00:00+00:00,category=TIMING
BREAK_IDENTIFIED,trade_stage,coinbase:1073148780|confirm,2026-08-19T00:00:00+00:00,category=MISSING_RECORD
BREAK_IDENTIFIED,trade_stage,coinbase:1073148781|confirm,2026-08-19T00:00:00+00:00,category=PRICING
BREAK_IDENTIFIED,trade_stage,binance:6582457607|confirm,2026-08-19T00:00:00+00:00,category=TIMING
BREAK_IDENTIFIED,trade_stage,binance:6582457641|confirm,2026-08-19T00:00:00+00:00,category=TIMING
BREAK_IDENTIFIED,trade_stage,binance:6582457666|confirm,2026-08-19T00:00:00+00:00,category=TIMING
BREAK_IDENTIFIED,trade_stage,binance:6582457669|confirm,2026-08-19T00:00:00+00:00,category=MISSING_RECORD
BREAK_IDENTIFIED,trade_stage,binance:6582457692|confirm,2026-08-19T00:00:00+00:00,category=TIMING
BREAK_IDENTIFIED,trade_stage,binance:6582457693|confirm,2026-08-19T00:00:00+00:00,category=QUANTITY
BREAK_IDENTIFIED,trade_stage,binance:6582457694|confirm,2026-08-19T00:00:00+00:00,category=TIMING
BREAK_IDENTIFIED,trade_stage,binance:6582457697|confirm,2026-08-19T00:00:00+00:00,category=TIMING
BREAK_IDENTIFIED,trade_stage,binance:6582457703|confirm,2026-08-19T00:00:00+00:00,category=TIMING
BREAK_IDENTIFIED,trade_stage,coinbase:1073148792|confirm,2026-08-19T00:00:00+00:00,category=REFERENCE_DATA
BREAK_IDENTIFIED,trade_stage,binance:6582457719|confirm,2026-08-19T00:00:00+00:00,category=MISSING_RECORD
BREAK_IDENTIFIED,trade_stage,binance:6582457762|confirm,2026-08-19T00:00:00+00:00,category=TIMING
BREAK_IDENTIFIED,trade_stage,binance:6582457793|confirm,2026-08-19T00:00:00+00:00,category=TIMING
BREAK_IDENTIFIED,trade_stage,binance:6582457810|confirm,2026-08-19T00:00:00+00:00,category=TIMING
BREAK_IDENTIFIED,trade_stage,binance:6582457823|confirm,2026-08-19T00:00:00+00:00,category=TIMING
BREAK_IDENTIFIED,trade_stage,binance:6582457827|confirm,2026-08-19T00:00:00+00:00,category=TIMING
BREAK_IDENTIFIED,trade_stage,binance:6582457830|confirm,2026-08-19T00:00:00+00:00,category=REFERENCE_DATA
BREAK_IDENTIFIED,trade_stage,binance:6582457840|confirm,2026-08-19T00:00:00+00:00,category=TIMING
BREAK_IDENTIFIED,trade_stage,coinbase:1073148796|confirm,2026-08-19T00:00:00+00:00,category=QUANTITY
BREAK_IDENTIFIED,trade_stage,coinbase:1073148795|confirm,2026-08-19T00:00:00+00:00,category=PRICING
BREAK_IDENTIFIED,trade_stage,coinbase:1073148799|confirm,2026-08-19T00:00:00+00:00,category=QUANTITY
BREAK_IDENTIFIED,trade_stage,coinbase:1073148814|confirm,2026-08-19T00:00:00+00:00,category=QUANTITY
BREAK_IDENTIFIED,trade_stage,binance:6582457890|confirm,2026-08-19T00:00:00+00:00,category=TIMING
BREAK_IDENTIFIED,trade_stage,coinbase:1073148833|confirm,2026-08-19T00:00:00+00:00,category=QUANTITY
BREAK_IDENTIFIED,trade_stage,coinbase:1073148835|confirm,2026-08-19T00:00:00+00:00,category=PRICING
BREAK_IDENTIFIED,trade_stage,binance:6582457901|confirm,2026-08-19T00:00:00+00:00,category=PRICING
BREAK_IDENTIFIED,trade_stage,binance:6582457904|confirm,2026-08-19T00:00:00+00:00,category=QUANTITY
BREAK_IDENTIFIED,trade_stage,coinbase:1073148844|confirm,2026-08-19T00:00:00+00:00,category=TIMING
BREAK_IDENTIFIED,trade_stage,binance:6582457971|confirm,2026-08-19T00:00:00+00:00,category=REFERENCE_DATA
BREAK_IDENTIFIED,trade_stage,binance:6582457991|confirm,2026-08-19T00:00:00+00:00,category=QUANTITY
BREAK_IDENTIFIED,trade_stage,binance:6582458020|confirm,2026-08-19T00:00:00+00:00,category=REFERENCE_DATA
BREAK_IDENTIFIED,trade_stage,binance:6582458042|confirm,2026-08-19T00:00:00+00:00,category=PRICING
BREAK_IDENTIFIED,trade_stage,binance:6582458047|confirm,2026-08-19T00:00:00+00:00,category=PRICING
BREAK_IDENTIFIED,trade_stage,binance:6582458049|confirm,2026-08-19T00:00:00+00:00,category=QUANTITY
BREAK_IDENTIFIED,trade_stage,binance:6582458150|confirm,2026-08-19T00:00:00+00:00,category=PRICING
BREAK_IDENTIFIED,trade_stage,coinbase:1073148884|confirm,2026-08-19T00:00:00+00:00,category=PRICING
BREAK_IDENTIFIED,trade_stage,coinbase:1073148889|confirm,2026-08-19T00:00:00+00:00,category=REFERENCE_DATA
BREAK_IDENTIFIED,trade_stage,coinbase:1073148896|confirm,2026-08-19T00:00:00+00:00,category=TIMING
BREAK_IDENTIFIED,trade_stage,binance:6582458223|confirm,2026-08-19T00:00:00+00:00,category=MISSING_RECORD
BREAK_IDENTIFIED,trade_stage,binance:6582458243|confirm,2026-08-19T00:00:00+00:00,category=MISSING_RECORD
BREAK_IDENTIFIED,trade_stage,binance:6582458248|confirm,2026-08-19T00:00:00+00:00,category=PRICING
BREAK_IDENTIFIED,trade_stage,binance:6582458249|confirm,2026-08-19T00:00:00+00:00,category=TIMING
BREAK_IDENTIFIED,trade_stage,binance:6582458258|confirm,2026-08-19T00:00:00+00:00,category=TIMING
BREAK_IDENTIFIED,trade_stage,binance:6582458263|confirm,2026-08-19T00:00:00+00:00,category=PRICING
BREAK_IDENTIFIED,trade_stage,binance:6582458299|confirm,2026-08-19T00:00:00+00:00,category=PRICING
BREAK_IDENTIFIED,trade_stage,binance:6582458313|confirm,2026-08-19T00:00:00+00:00,category=PRICING
BREAK_IDENTIFIED,trade_stage,coinbase:1073148922|confirm,2026-08-19T00:00:00+00:00,category=PRICING
BREAK_IDENTIFIED,trade_stage,coinbase:1073148921|confirm,2026-08-19T00:00:00+00:00,category=TIMING
BREAK_IDENTIFIED,trade_stage,coinbase:1073148920|confirm,2026-08-19T00:00:00+00:00,category=QUANTITY
BREAK_IDENTIFIED,trade_stage,binance:6582458382|confirm,2026-08-19T00:00:00+00:00,category=REFERENCE_DATA
BREAK_IDENTIFIED,trade_stage,binance:6582458404|confirm,2026-08-19T00:00:00+00:00,category=QUANTITY
BREAK_IDENTIFIED,trade_stage,coinbase:1073148944|confirm,2026-08-19T00:00:00+00:00,category=QUANTITY
BREAK_IDENTIFIED,trade_stage,binance:6582458413|confirm,2026-08-19T00:00:00+00:00,category=PRICING
BREAK_IDENTIFIED,trade_stage,binance:6582458486|confirm,2026-08-19T00:00:00+00:00,category=PRICING
BREAK_IDENTIFIED,trade_stage,binance:6582458521|confirm,2026-08-19T00:00:00+00:00,category=MISSING_RECORD
BREAK_IDENTIFIED,trade_stage,coinbase:1073148954|confirm,2026-08-19T00:00:00+00:00,category=TIMING
BREAK_IDENTIFIED,trade_stage,binance:6582458552|confirm,2026-08-19T00:00:00+00:00,category=REFERENCE_DATA
BREAK_IDENTIFIED,trade_stage,binance:6582458587|confirm,2026-08-19T00:00:00+00:00,category=PRICING
BREAK_IDENTIFIED,trade_stage,binance:6582458620|confirm,2026-08-19T00:00:00+00:00,category=PRICING
BREAK_IDENTIFIED,trade_stage,binance:6582458678|confirm,2026-08-19T00:00:00+00:00,category=QUANTITY
BREAK_IDENTIFIED,trade_stage,binance:6582458729|confirm,2026-08-19T00:00:00+00:00,category=REFERENCE_DATA
BREAK_IDENTIFIED,trade_stage,binance:6582458732|confirm,2026-08-19T00:00:00+00:00,category=QUANTITY
BREAK_IDENTIFIED,trade_stage,coinbase:1073148961|confirm,2026-08-19T00:00:00+00:00,category=PRICING
BREAK_IDENTIFIED,trade_stage,coinbase:1073148972|confirm,2026-08-19T00:00:00+00:00,category=QUANTITY
BREAK_IDENTIFIED,trade_stage,binance:6582458831|confirm,2026-08-19T00:00:00+00:00,category=PRICING
BREAK_IDENTIFIED,trade_stage,binance:6582458834|confirm,2026-08-19T00:00:00+00:00,category=MISSING_RECORD
BREAK_IDENTIFIED,trade_stage,binance:6582458875|confirm,2026-08-19T00:00:00+00:00,category=TIMING
BREAK_IDENTIFIED,trade_stage,binance:6582458881|confirm,2026-08-19T00:00:00+00:00,category=PRICING
BREAK_IDENTIFIED,trade_stage,binance:6582458885|confirm,2026-08-19T00:00:00+00:00,category=QUANTITY
BREAK_IDENTIFIED,trade_stage,coinbase:1073148978|confirm,2026-08-19T00:00:00+00:00,category=QUANTITY
BREAK_IDENTIFIED,trade_stage,binance:6582458940|confirm,2026-08-19T00:00:00+00:00,category=PRICING
BREAK_IDENTIFIED,trade_stage,binance:6582458953|confirm,2026-08-19T00:00:00+00:00,category=MISSING_RECORD
BREAK_IDENTIFIED,trade_stage,binance:6582458964|confirm,2026-08-19T00:00:00+00:00,category=PRICING
BREAK_IDENTIFIED,trade_stage,binance:6582458968|confirm,2026-08-19T00:00:00+00:00,category=PRICING
BREAK_IDENTIFIED,trade_stage,binance:6582458969|confirm,2026-08-19T00:00:00+00:00,category=QUANTITY
BREAK_IDENTIFIED,trade_stage,binance:6582458978|confirm,2026-08-19T00:00:00+00:00,category=QUANTITY
BREAK_IDENTIFIED,trade_stage,binance:6582458980|confirm,2026-08-19T00:00:00+00:00,category=TIMING
BREAK_IDENTIFIED,trade_stage,coinbase:1073148998|confirm,2026-08-19T00:00:00+00:00,category=PRICING
BREAK_IDENTIFIED,trade_stage,coinbase:1073149000|confirm,2026-08-19T00:00:00+00:00,category=MISSING_RECORD
BREAK_IDENTIFIED,trade_stage,binance:6582459018|confirm,2026-08-19T00:00:00+00:00,category=PRICING
BREAK_IDENTIFIED,trade_stage,binance:6582459037|confirm,2026-08-19T00:00:00+00:00,category=PRICING
BREAK_IDENTIFIED,trade_stage,binance:6582459055|confirm,2026-08-19T00:00:00+00:00,category=TIMING
BREAK_IDENTIFIED,trade_stage,binance:6582459065|confirm,2026-08-19T00:00:00+00:00,category=PRICING
BREAK_IDENTIFIED,trade_stage,binance:6582459083|confirm,2026-08-19T00:00:00+00:00,category=MISSING_RECORD
BREAK_IDENTIFIED,trade_stage,binance:6582459088|confirm,2026-08-19T00:00:00+00:00,category=REFERENCE_DATA
BREAK_IDENTIFIED,trade_stage,binance:6582459103|confirm,2026-08-19T00:00:00+00:00,category=PRICING
BREAK_IDENTIFIED,trade_stage,binance:6582459126|confirm,2026-08-19T00:00:00+00:00,category=QUANTITY
BREAK_IDENTIFIED,trade_stage,binance:6582459145|confirm,2026-08-19T00:00:00+00:00,category=PRICING
BREAK_IDENTIFIED,trade_stage,binance:6582459178|confirm,2026-08-19T00:00:00+00:00,category=TIMING
BREAK_IDENTIFIED,trade_stage,binance:6582459221|confirm,2026-08-19T00:00:00+00:00,category=QUANTITY
BREAK_IDENTIFIED,trade_stage,binance:6582459227|confirm,2026-08-19T00:00:00+00:00,category=PRICING
BREAK_IDENTIFIED,trade_stage,binance:6582459240|confirm,2026-08-19T00:00:00+00:00,category=QUANTITY
BREAK_IDENTIFIED,trade_stage,binance:6582459268|confirm,2026-08-19T00:00:00+00:00,category=QUANTITY
BREAK_IDENTIFIED,trade_stage,binance:6582459324|confirm,2026-08-19T00:00:00+00:00,category=PRICING
BREAK_IDENTIFIED,trade_stage,binance:6582459384|confirm,2026-08-19T00:00:00+00:00,category=TIMING
BREAK_IDENTIFIED,trade_stage,binance:6582459434|confirm,2026-08-19T00:00:00+00:00,category=MISSING_RECORD
BREAK_IDENTIFIED,trade_stage,coinbase:1073149046|confirm,2026-08-19T00:00:00+00:00,category=TIMING
BREAK_IDENTIFIED,trade_stage,coinbase:1073149075|confirm,2026-08-19T00:00:00+00:00,category=MISSING_RECORD
BREAK_IDENTIFIED,trade_stage,coinbase:1073149076|confirm,2026-08-19T00:00:00+00:00,category=TIMING
BREAK_IDENTIFIED,trade_stage,coinbase:1073149089|confirm,2026-08-19T00:00:00+00:00,category=REFERENCE_DATA
BREAK_IDENTIFIED,trade_stage,kraken:105348643|confirm,2026-08-19T00:00:00+00:00,category=MISSING_RECORD
BREAK_IDENTIFIED,trade_stage,binance:6582459479|confirm,2026-08-19T00:00:00+00:00,category=MISSING_RECORD
BREAK_IDENTIFIED,trade_stage,binance:6582459514|confirm,2026-08-19T00:00:00+00:00,category=QUANTITY
BREAK_IDENTIFIED,trade_stage,binance:6582459526|confirm,2026-08-19T00:00:00+00:00,category=QUANTITY
BREAK_IDENTIFIED,trade_stage,coinbase:1073149097|confirm,2026-08-19T00:00:00+00:00,category=MISSING_RECORD
BREAK_IDENTIFIED,trade_stage,coinbase:1073149103|confirm,2026-08-19T00:00:00+00:00,category=QUANTITY
BREAK_IDENTIFIED,trade_stage,binance:6582459632|confirm,2026-08-19T00:00:00+00:00,category=TIMING
BREAK_IDENTIFIED,trade_stage,binance:6582459637|confirm,2026-08-19T00:00:00+00:00,category=TIMING
BREAK_IDENTIFIED,trade_stage,binance:6582459668|confirm,2026-08-19T00:00:00+00:00,category=PRICING
BREAK_IDENTIFIED,trade_stage,binance:6582459693|confirm,2026-08-19T00:00:00+00:00,category=PRICING
BREAK_IDENTIFIED,trade_stage,binance:6582459694|confirm,2026-08-19T00:00:00+00:00,category=PRICING
BREAK_IDENTIFIED,trade_stage,binance:6582459700|confirm,2026-08-19T00:00:00+00:00,category=TIMING
BREAK_IDENTIFIED,trade_stage,binance:6582459722|confirm,2026-08-19T00:00:00+00:00,category=PRICING
BREAK_IDENTIFIED,trade_stage,binance:6582459767|confirm,2026-08-19T00:00:00+00:00,category=QUANTITY
BREAK_IDENTIFIED,trade_stage,coinbase:1073149116|confirm,2026-08-19T00:00:00+00:00,category=QUANTITY
BREAK_IDENTIFIED,trade_stage,binance:6582459778|confirm,2026-08-19T00:00:00+00:00,category=REFERENCE_DATA
BREAK_IDENTIFIED,trade_stage,coinbase:1073149127|confirm,2026-08-19T00:00:00+00:00,category=TIMING
BREAK_IDENTIFIED,trade_stage,coinbase:1073149148|confirm,2026-08-19T00:00:00+00:00,category=PRICING
BREAK_IDENTIFIED,trade_stage,coinbase:1073149151|confirm,2026-08-19T00:00:00+00:00,category=MISSING_RECORD
BREAK_IDENTIFIED,trade_stage,coinbase:1073149166|confirm,2026-08-19T00:00:00+00:00,category=QUANTITY
BREAK_IDENTIFIED,trade_stage,binance:6582459883|confirm,2026-08-19T00:00:00+00:00,category=MISSING_RECORD
BREAK_IDENTIFIED,trade_stage,coinbase:1073149168|confirm,2026-08-19T00:00:00+00:00,category=QUANTITY
BREAK_IDENTIFIED,trade_stage,binance:6582460029|confirm,2026-08-19T00:00:00+00:00,category=TIMING
BREAK_IDENTIFIED,trade_stage,binance:6582460033|confirm,2026-08-19T00:00:00+00:00,category=TIMING
BREAK_IDENTIFIED,trade_stage,binance:6582460048|confirm,2026-08-19T00:00:00+00:00,category=REFERENCE_DATA
BREAK_IDENTIFIED,trade_stage,binance:6582460051|confirm,2026-08-19T00:00:00+00:00,category=MISSING_RECORD
BREAK_IDENTIFIED,trade_stage,binance:6582460101|confirm,2026-08-19T00:00:00+00:00,category=MISSING_RECORD
BREAK_IDENTIFIED,trade_stage,coinbase:1073149179|confirm,2026-08-19T00:00:00+00:00,category=PRICING
BREAK_IDENTIFIED,trade_stage,kraken:105348648|confirm,2026-08-19T00:00:00+00:00,category=PRICING
BREAK_IDENTIFIED,trade_stage,binance:6582460102|confirm,2026-08-19T00:00:00+00:00,category=MISSING_RECORD
BREAK_IDENTIFIED,trade_stage,binance:6582460117|confirm,2026-08-19T00:00:00+00:00,category=QUANTITY
BREAK_IDENTIFIED,trade_stage,binance:6582460118|confirm,2026-08-19T00:00:00+00:00,category=REFERENCE_DATA
BREAK_IDENTIFIED,trade_stage,coinbase:1073149193|confirm,2026-08-19T00:00:00+00:00,category=QUANTITY
BREAK_IDENTIFIED,trade_stage,binance:6582460121|confirm,2026-08-19T00:00:00+00:00,category=QUANTITY
BREAK_IDENTIFIED,trade_stage,coinbase:1073149194|confirm,2026-08-19T00:00:00+00:00,category=MISSING_RECORD
BREAK_IDENTIFIED,trade_stage,coinbase:1073149200|confirm,2026-08-19T00:00:00+00:00,category=MISSING_RECORD
BREAK_IDENTIFIED,trade_stage,coinbase:1073149201|confirm,2026-08-19T00:00:00+00:00,category=MISSING_RECORD
BREAK_IDENTIFIED,trade_stage,binance:6582460172|confirm,2026-08-19T00:00:00+00:00,category=TIMING
BREAK_IDENTIFIED,trade_stage,binance:6582460200|confirm,2026-08-19T00:00:00+00:00,category=MISSING_RECORD
BREAK_IDENTIFIED,trade_stage,binance:6582460206|confirm,2026-08-19T00:00:00+00:00,category=REFERENCE_DATA
BREAK_IDENTIFIED,trade_stage,binance:6582460224|confirm,2026-08-19T00:00:00+00:00,category=PRICING
BREAK_IDENTIFIED,trade_stage,coinbase:1073149207|confirm,2026-08-19T00:00:00+00:00,category=TIMING
BREAK_IDENTIFIED,trade_stage,coinbase:1073149215|confirm,2026-08-19T00:00:00+00:00,category=MISSING_RECORD
BREAK_IDENTIFIED,trade_stage,coinbase:1073149221|confirm,2026-08-19T00:00:00+00:00,category=PRICING
BREAK_IDENTIFIED,trade_stage,binance:6582460243|confirm,2026-08-19T00:00:00+00:00,category=QUANTITY
BREAK_IDENTIFIED,trade_stage,coinbase:1073149225|confirm,2026-08-19T00:00:00+00:00,category=MISSING_RECORD
BREAK_IDENTIFIED,trade_stage,coinbase:1073149234|confirm,2026-08-19T00:00:00+00:00,category=PRICING
BREAK_IDENTIFIED,trade_stage,binance:6582460249|confirm,2026-08-19T00:00:00+00:00,category=TIMING
BREAK_IDENTIFIED,trade_stage,binance:6582460253|confirm,2026-08-19T00:00:00+00:00,category=MISSING_RECORD
BREAK_IDENTIFIED,trade_stage,binance:6582460278|confirm,2026-08-19T00:00:00+00:00,category=REFERENCE_DATA
BREAK_IDENTIFIED,trade_stage,binance:6582460286|confirm,2026-08-19T00:00:00+00:00,category=MISSING_RECORD
BREAK_IDENTIFIED,trade_stage,binance:6582460330|confirm,2026-08-19T00:00:00+00:00,category=MISSING_RECORD
BREAK_IDENTIFIED,trade_stage,binance:6582460332|confirm,2026-08-19T00:00:00+00:00,category=QUANTITY
BREAK_IDENTIFIED,trade_stage,coinbase:1073149252|confirm,2026-08-19T00:00:00+00:00,category=QUANTITY
BREAK_IDENTIFIED,trade_stage,binance:6582460335|confirm,2026-08-19T00:00:00+00:00,category=PRICING
BREAK_IDENTIFIED,trade_stage,binance:6582460339|confirm,2026-08-19T00:00:00+00:00,category=REFERENCE_DATA
BREAK_IDENTIFIED,trade_stage,coinbase:1073149268|confirm,2026-08-19T00:00:00+00:00,category=PRICING
BREAK_IDENTIFIED,trade_stage,kraken:105348665|confirm,2026-08-19T00:00:00+00:00,category=TIMING
BREAK_IDENTIFIED,trade_stage,coinbase:1073149276|confirm,2026-08-19T00:00:00+00:00,category=PRICING
BREAK_IDENTIFIED,trade_stage,kraken:105348673|confirm,2026-08-19T00:00:00+00:00,category=QUANTITY
BREAK_IDENTIFIED,trade_stage,kraken:105348675|confirm,2026-08-19T00:00:00+00:00,category=TIMING
BREAK_IDENTIFIED,trade_stage,binance:6582460351|confirm,2026-08-19T00:00:00+00:00,category=TIMING
BREAK_IDENTIFIED,trade_stage,binance:6582460437|confirm,2026-08-19T00:00:00+00:00,category=TIMING
BREAK_IDENTIFIED,trade_stage,binance:6582460453|confirm,2026-08-19T00:00:00+00:00,category=TIMING
BREAK_IDENTIFIED,trade_stage,binance:6582460456|confirm,2026-08-19T00:00:00+00:00,category=QUANTITY
BREAK_IDENTIFIED,trade_stage,binance:6582460467|confirm,2026-08-19T00:00:00+00:00,category=MISSING_RECORD
BREAK_IDENTIFIED,trade_stage,binance:6582460477|confirm,2026-08-19T00:00:00+00:00,category=TIMING
BREAK_IDENTIFIED,trade_stage,coinbase:1073149294|confirm,2026-08-19T00:00:00+00:00,category=PRICING
BREAK_IDENTIFIED,trade_stage,coinbase:1073149296|confirm,2026-08-19T00:00:00+00:00,category=PRICING
BREAK_IDENTIFIED,trade_stage,binance:6582460668|confirm,2026-08-19T00:00:00+00:00,category=MISSING_RECORD
BREAK_IDENTIFIED,trade_stage,binance:6582460675|confirm,2026-08-19T00:00:00+00:00,category=TIMING
BREAK_IDENTIFIED,trade_stage,binance:6582460695|confirm,2026-08-19T00:00:00+00:00,category=TIMING
BREAK_IDENTIFIED,trade_stage,coinbase:1073149316|confirm,2026-08-19T00:00:00+00:00,category=REFERENCE_DATA
BREAK_IDENTIFIED,trade_stage,coinbase:1073149317|confirm,2026-08-19T00:00:00+00:00,category=MISSING_RECORD
BREAK_IDENTIFIED,trade_stage,binance:6582460715|confirm,2026-08-19T00:00:00+00:00,category=PRICING
BREAK_IDENTIFIED,trade_stage,coinbase:1073149323|confirm,2026-08-19T00:00:00+00:00,category=TIMING
BREAK_IDENTIFIED,trade_stage,coinbase:1073149327|confirm,2026-08-19T00:00:00+00:00,category=PRICING
BREAK_IDENTIFIED,trade_stage,binance:6582460728|confirm,2026-08-19T00:00:00+00:00,category=TIMING
BREAK_IDENTIFIED,trade_stage,binance:6582460729|confirm,2026-08-19T00:00:00+00:00,category=TIMING
BREAK_IDENTIFIED,trade_stage,binance:6582460807|confirm,2026-08-19T00:00:00+00:00,category=QUANTITY
BREAK_IDENTIFIED,trade_stage,binance:6582460903|confirm,2026-08-19T00:00:00+00:00,category=PRICING
BREAK_IDENTIFIED,trade_stage,binance:6582460948|confirm,2026-08-19T00:00:00+00:00,category=MISSING_RECORD
BREAK_IDENTIFIED,trade_stage,coinbase:1073149358|confirm,2026-08-19T00:00:00+00:00,category=REFERENCE_DATA
BREAK_IDENTIFIED,trade_stage,coinbase:1073149359|confirm,2026-08-19T00:00:00+00:00,category=MISSING_RECORD
BREAK_IDENTIFIED,trade_stage,binance:6582460951|confirm,2026-08-19T00:00:00+00:00,category=TIMING
BREAK_IDENTIFIED,trade_stage,binance:6582460988|confirm,2026-08-19T00:00:00+00:00,category=TIMING
BREAK_IDENTIFIED,trade_stage,binance:6582460989|confirm,2026-08-19T00:00:00+00:00,category=QUANTITY
BREAK_IDENTIFIED,trade_stage,coinbase:1073149365|confirm,2026-08-19T00:00:00+00:00,category=MISSING_RECORD
BREAK_IDENTIFIED,trade_stage,binance:6582461071|confirm,2026-08-19T00:00:00+00:00,category=QUANTITY
BREAK_IDENTIFIED,trade_stage,binance:6582461076|confirm,2026-08-19T00:00:00+00:00,category=MISSING_RECORD
BREAK_IDENTIFIED,trade_stage,binance:6582461077|confirm,2026-08-19T00:00:00+00:00,category=PRICING
BREAK_IDENTIFIED,trade_stage,binance:6582461082|confirm,2026-08-19T00:00:00+00:00,category=PRICING
BREAK_IDENTIFIED,trade_stage,coinbase:1073149368|confirm,2026-08-19T00:00:00+00:00,category=MISSING_RECORD
BREAK_IDENTIFIED,trade_stage,binance:6582461105|confirm,2026-08-19T00:00:00+00:00,category=TIMING
BREAK_IDENTIFIED,trade_stage,coinbase:1073149379|confirm,2026-08-19T00:00:00+00:00,category=QUANTITY
BREAK_IDENTIFIED,trade_stage,binance:6582461112|confirm,2026-08-19T00:00:00+00:00,category=QUANTITY
BREAK_IDENTIFIED,trade_stage,kraken:105348679|confirm,2026-08-19T00:00:00+00:00,category=REFERENCE_DATA
BREAK_IDENTIFIED,trade_stage,coinbase:1073149393|confirm,2026-08-19T00:00:00+00:00,category=MISSING_RECORD
BREAK_IDENTIFIED,trade_stage,binance:6582461118|confirm,2026-08-19T00:00:00+00:00,category=PRICING
BREAK_IDENTIFIED,trade_stage,coinbase:1073149400|confirm,2026-08-19T00:00:00+00:00,category=QUANTITY
BREAK_IDENTIFIED,trade_stage,coinbase:1073149402|confirm,2026-08-19T00:00:00+00:00,category=PRICING
BREAK_IDENTIFIED,trade_stage,coinbase:1073149414|confirm,2026-08-19T00:00:00+00:00,category=MISSING_RECORD
BREAK_IDENTIFIED,trade_stage,coinbase:1073149421|confirm,2026-08-19T00:00:00+00:00,category=TIMING
BREAK_IDENTIFIED,trade_stage,coinbase:1073149417|confirm,2026-08-19T00:00:00+00:00,category=PRICING
BREAK_IDENTIFIED,trade_stage,coinbase:1073149429|confirm,2026-08-19T00:00:00+00:00,category=QUANTITY
BREAK_IDENTIFIED,trade_stage,binance:6582461271|confirm,2026-08-19T00:00:00+00:00,category=TIMING
BREAK_IDENTIFIED,trade_stage,binance:6582461312|confirm,2026-08-19T00:00:00+00:00,category=PRICING
BREAK_IDENTIFIED,trade_stage,binance:6582461326|confirm,2026-08-19T00:00:00+00:00,category=MISSING_RECORD
BREAK_IDENTIFIED,trade_stage,binance:6582461327|confirm,2026-08-19T00:00:00+00:00,category=QUANTITY
BREAK_IDENTIFIED,trade_stage,coinbase:1073149455|confirm,2026-08-19T00:00:00+00:00,category=QUANTITY
BREAK_IDENTIFIED,trade_stage,coinbase:1073149469|confirm,2026-08-19T00:00:00+00:00,category=PRICING
BREAK_IDENTIFIED,trade_stage,coinbase:1073149474|confirm,2026-08-19T00:00:00+00:00,category=QUANTITY
BREAK_IDENTIFIED,trade_stage,coinbase:1073149476|confirm,2026-08-19T00:00:00+00:00,category=PRICING
BREAK_IDENTIFIED,trade_stage,coinbase:1073149483|confirm,2026-08-19T00:00:00+00:00,category=PRICING
BREAK_IDENTIFIED,trade_stage,binance:6582461393|confirm,2026-08-19T00:00:00+00:00,category=PRICING
BREAK_IDENTIFIED,trade_stage,coinbase:1073149489|confirm,2026-08-19T00:00:00+00:00,category=TIMING
BREAK_IDENTIFIED,trade_stage,binance:6582461441|confirm,2026-08-19T00:00:00+00:00,category=MISSING_RECORD
BREAK_IDENTIFIED,trade_stage,binance:6582461462|confirm,2026-08-19T00:00:00+00:00,category=TIMING
BREAK_IDENTIFIED,trade_stage,binance:6582461484|confirm,2026-08-19T00:00:00+00:00,category=TIMING
BREAK_IDENTIFIED,trade_stage,binance:6582461493|confirm,2026-08-19T00:00:00+00:00,category=TIMING
BREAK_IDENTIFIED,trade_stage,coinbase:1073149505|confirm,2026-08-19T00:00:00+00:00,category=QUANTITY
BREAK_IDENTIFIED,trade_stage,kraken:105348687|confirm,2026-08-19T00:00:00+00:00,category=QUANTITY
BREAK_IDENTIFIED,trade_stage,binance:6582461516|confirm,2026-08-19T00:00:00+00:00,category=QUANTITY
BREAK_IDENTIFIED,trade_stage,binance:6582461560|confirm,2026-08-19T00:00:00+00:00,category=PRICING
BREAK_IDENTIFIED,trade_stage,binance:6582461588|confirm,2026-08-19T00:00:00+00:00,category=TIMING
BREAK_IDENTIFIED,trade_stage,binance:6582461621|confirm,2026-08-19T00:00:00+00:00,category=TIMING
BREAK_IDENTIFIED,trade_stage,binance:6582461622|confirm,2026-08-19T00:00:00+00:00,category=TIMING
BREAK_IDENTIFIED,trade_stage,binance:6582461627|confirm,2026-08-19T00:00:00+00:00,category=MISSING_RECORD
BREAK_IDENTIFIED,trade_stage,binance:6582461670|confirm,2026-08-19T00:00:00+00:00,category=QUANTITY
BREAK_IDENTIFIED,trade_stage,binance:6582461675|confirm,2026-08-19T00:00:00+00:00,category=PRICING
BREAK_IDENTIFIED,trade_stage,binance:6582461682|confirm,2026-08-19T00:00:00+00:00,category=PRICING
BREAK_IDENTIFIED,trade_stage,binance:6582461685|confirm,2026-08-19T00:00:00+00:00,category=PRICING
BREAK_IDENTIFIED,trade_stage,binance:6582461699|confirm,2026-08-19T00:00:00+00:00,category=TIMING
BREAK_IDENTIFIED,trade_stage,coinbase:1073149520|confirm,2026-08-19T00:00:00+00:00,category=TIMING
BREAK_IDENTIFIED,trade_stage,binance:6582461705|confirm,2026-08-19T00:00:00+00:00,category=MISSING_RECORD
BREAK_IDENTIFIED,trade_stage,binance:6582461706|confirm,2026-08-19T00:00:00+00:00,category=TIMING
BREAK_IDENTIFIED,trade_stage,coinbase:1073149527|confirm,2026-08-19T00:00:00+00:00,category=TIMING
BREAK_IDENTIFIED,trade_stage,coinbase:1073149525|confirm,2026-08-19T00:00:00+00:00,category=MISSING_RECORD
BREAK_IDENTIFIED,trade_stage,coinbase:1073149523|confirm,2026-08-19T00:00:00+00:00,category=PRICING
BREAK_IDENTIFIED,trade_stage,binance:6582461715|confirm,2026-08-19T00:00:00+00:00,category=MISSING_RECORD
BREAK_IDENTIFIED,trade_stage,binance:6582461716|confirm,2026-08-19T00:00:00+00:00,category=MISSING_RECORD
BREAK_IDENTIFIED,trade_stage,binance:6582461718|confirm,2026-08-19T00:00:00+00:00,category=MISSING_RECORD
BREAK_IDENTIFIED,trade_stage,binance:6582461721|confirm,2026-08-19T00:00:00+00:00,category=QUANTITY
BREAK_IDENTIFIED,trade_stage,binance:6582461722|confirm,2026-08-19T00:00:00+00:00,category=QUANTITY
BREAK_IDENTIFIED,trade_stage,coinbase:1073149543|confirm,2026-08-19T00:00:00+00:00,category=REFERENCE_DATA
BREAK_IDENTIFIED,trade_stage,binance:6582461730|confirm,2026-08-19T00:00:00+00:00,category=QUANTITY
BREAK_IDENTIFIED,trade_stage,binance:6582461783|confirm,2026-08-19T00:00:00+00:00,category=QUANTITY
BREAK_IDENTIFIED,trade_stage,coinbase:1073149551|confirm,2026-08-19T00:00:00+00:00,category=PRICING
BREAK_IDENTIFIED,trade_stage,binance:6582461791|confirm,2026-08-19T00:00:00+00:00,category=MISSING_RECORD
BREAK_IDENTIFIED,trade_stage,binance:6582461809|confirm,2026-08-19T00:00:00+00:00,category=TIMING
BREAK_IDENTIFIED,trade_stage,coinbase:1073149554|confirm,2026-08-19T00:00:00+00:00,category=PRICING
BREAK_IDENTIFIED,trade_stage,coinbase:1073149555|confirm,2026-08-19T00:00:00+00:00,category=TIMING
BREAK_IDENTIFIED,trade_stage,coinbase:1073149565|confirm,2026-08-19T00:00:00+00:00,category=QUANTITY
BREAK_IDENTIFIED,trade_stage,coinbase:1073149570|confirm,2026-08-19T00:00:00+00:00,category=MISSING_RECORD
BREAK_IDENTIFIED,trade_stage,coinbase:1073149571|confirm,2026-08-19T00:00:00+00:00,category=TIMING
BREAK_IDENTIFIED,trade_stage,coinbase:1073149573|confirm,2026-08-19T00:00:00+00:00,category=REFERENCE_DATA
BREAK_IDENTIFIED,trade_stage,coinbase:1073149583|confirm,2026-08-19T00:00:00+00:00,category=TIMING
BREAK_IDENTIFIED,trade_stage,coinbase:1073149585|confirm,2026-08-19T00:00:00+00:00,category=TIMING
BREAK_IDENTIFIED,trade_stage,binance:6582461854|confirm,2026-08-19T00:00:00+00:00,category=TIMING
BREAK_IDENTIFIED,trade_stage,kraken:105348699|confirm,2026-08-19T00:00:00+00:00,category=MISSING_RECORD
BREAK_IDENTIFIED,trade_stage,kraken:105348700|confirm,2026-08-19T00:00:00+00:00,category=TIMING
BREAK_IDENTIFIED,trade_stage,coinbase:1073149635|confirm,2026-08-19T00:00:00+00:00,category=PRICING
BREAK_IDENTIFIED,trade_stage,coinbase:1073149634|confirm,2026-08-19T00:00:00+00:00,category=QUANTITY
BREAK_IDENTIFIED,trade_stage,coinbase:1073149632|confirm,2026-08-19T00:00:00+00:00,category=QUANTITY
BREAK_IDENTIFIED,trade_stage,coinbase:1073149624|confirm,2026-08-19T00:00:00+00:00,category=TIMING
BREAK_IDENTIFIED,trade_stage,coinbase:1073149622|confirm,2026-08-19T00:00:00+00:00,category=TIMING
BREAK_IDENTIFIED,trade_stage,binance:6582461943|confirm,2026-08-19T00:00:00+00:00,category=QUANTITY
BREAK_IDENTIFIED,trade_stage,binance:6582461958|confirm,2026-08-19T00:00:00+00:00,category=TIMING
BREAK_IDENTIFIED,trade_stage,coinbase:1073149641|confirm,2026-08-19T00:00:00+00:00,category=PRICING
BREAK_IDENTIFIED,trade_stage,coinbase:1073149643|confirm,2026-08-19T00:00:00+00:00,category=MISSING_RECORD
BREAK_IDENTIFIED,trade_stage,coinbase:1073149654|confirm,2026-08-19T00:00:00+00:00,category=PRICING
BREAK_IDENTIFIED,trade_stage,binance:6582461983|confirm,2026-08-19T00:00:00+00:00,category=REFERENCE_DATA
BREAK_IDENTIFIED,trade_stage,coinbase:1073149663|confirm,2026-08-19T00:00:00+00:00,category=MISSING_RECORD
BREAK_IDENTIFIED,trade_stage,coinbase:1073149684|confirm,2026-08-19T00:00:00+00:00,category=PRICING
BREAK_IDENTIFIED,trade_stage,binance:6582462040|confirm,2026-08-19T00:00:00+00:00,category=TIMING
BREAK_IDENTIFIED,trade_stage,binance:6582462095|confirm,2026-08-19T00:00:00+00:00,category=PRICING
BREAK_IDENTIFIED,trade_stage,binance:6582462113|confirm,2026-08-19T00:00:00+00:00,category=TIMING
BREAK_IDENTIFIED,trade_stage,coinbase:1073149693|confirm,2026-08-19T00:00:00+00:00,category=PRICING
BREAK_IDENTIFIED,trade_stage,coinbase:1073149708|confirm,2026-08-19T00:00:00+00:00,category=QUANTITY
BREAK_IDENTIFIED,trade_stage,coinbase:1073149712|confirm,2026-08-19T00:00:00+00:00,category=PRICING
BREAK_IDENTIFIED,trade_stage,binance:6582462175|confirm,2026-08-19T00:00:00+00:00,category=REFERENCE_DATA
BREAK_IDENTIFIED,trade_stage,binance:6582462319|confirm,2026-08-19T00:00:00+00:00,category=QUANTITY
BREAK_IDENTIFIED,trade_stage,coinbase:1073149742|confirm,2026-08-19T00:00:00+00:00,category=QUANTITY
BREAK_IDENTIFIED,trade_stage,coinbase:1073149741|confirm,2026-08-19T00:00:00+00:00,category=REFERENCE_DATA
BREAK_IDENTIFIED,trade_stage,binance:6582462396|confirm,2026-08-19T00:00:00+00:00,category=PRICING
BREAK_IDENTIFIED,trade_stage,binance:6582462398|confirm,2026-08-19T00:00:00+00:00,category=REFERENCE_DATA
BREAK_IDENTIFIED,trade_stage,binance:6582462419|confirm,2026-08-19T00:00:00+00:00,category=MISSING_RECORD
BREAK_IDENTIFIED,trade_stage,binance:6582462433|confirm,2026-08-19T00:00:00+00:00,category=QUANTITY
BREAK_IDENTIFIED,trade_stage,coinbase:1073149752|confirm,2026-08-19T00:00:00+00:00,category=QUANTITY
BREAK_IDENTIFIED,trade_stage,binance:6582462436|confirm,2026-08-19T00:00:00+00:00,category=QUANTITY
BREAK_IDENTIFIED,trade_stage,binance:6582462437|confirm,2026-08-19T00:00:00+00:00,category=MISSING_RECORD
BREAK_IDENTIFIED,trade_stage,coinbase:1073149758|confirm,2026-08-19T00:00:00+00:00,category=REFERENCE_DATA
BREAK_IDENTIFIED,trade_stage,binance:6582462442|confirm,2026-08-19T00:00:00+00:00,category=REFERENCE_DATA
BREAK_IDENTIFIED,trade_stage,coinbase:1073149765|confirm,2026-08-19T00:00:00+00:00,category=PRICING
BREAK_IDENTIFIED,trade_stage,coinbase:1073149766|confirm,2026-08-19T00:00:00+00:00,category=MISSING_RECORD
BREAK_IDENTIFIED,trade_stage,kraken:105348706|confirm,2026-08-19T00:00:00+00:00,category=PRICING
BREAK_IDENTIFIED,trade_stage,binance:6582462455|confirm,2026-08-19T00:00:00+00:00,category=MISSING_RECORD
BREAK_IDENTIFIED,trade_stage,coinbase:1073149772|confirm,2026-08-19T00:00:00+00:00,category=QUANTITY
BREAK_IDENTIFIED,trade_stage,coinbase:1073149774|confirm,2026-08-19T00:00:00+00:00,category=QUANTITY
BREAK_IDENTIFIED,trade_stage,coinbase:1073149779|confirm,2026-08-19T00:00:00+00:00,category=QUANTITY
BREAK_IDENTIFIED,trade_stage,kraken:105348709|confirm,2026-08-19T00:00:00+00:00,category=QUANTITY
BREAK_IDENTIFIED,trade_stage,coinbase:1073149786|confirm,2026-08-19T00:00:00+00:00,category=MISSING_RECORD
BREAK_IDENTIFIED,trade_stage,coinbase:1073149787|confirm,2026-08-19T00:00:00+00:00,category=MISSING_RECORD
BREAK_IDENTIFIED,trade_stage,binance:6582462464|confirm,2026-08-19T00:00:00+00:00,category=TIMING
BREAK_IDENTIFIED,trade_stage,coinbase:1073149794|confirm,2026-08-19T00:00:00+00:00,category=TIMING
BREAK_IDENTIFIED,trade_stage,coinbase:1073149799|confirm,2026-08-19T00:00:00+00:00,category=REFERENCE_DATA
BREAK_IDENTIFIED,trade_stage,coinbase:1073149801|confirm,2026-08-19T00:00:00+00:00,category=MISSING_RECORD
BREAK_IDENTIFIED,trade_stage,binance:6582462471|confirm,2026-08-19T00:00:00+00:00,category=PRICING
BREAK_IDENTIFIED,trade_stage,binance:6582462473|confirm,2026-08-19T00:00:00+00:00,category=QUANTITY
BREAK_IDENTIFIED,trade_stage,binance:6582462546|confirm,2026-08-19T00:00:00+00:00,category=REFERENCE_DATA
BREAK_IDENTIFIED,trade_stage,binance:6582462547|confirm,2026-08-19T00:00:00+00:00,category=TIMING
BREAK_IDENTIFIED,trade_stage,binance:6582462572|confirm,2026-08-19T00:00:00+00:00,category=MISSING_RECORD
BREAK_IDENTIFIED,trade_stage,binance:6582462599|confirm,2026-08-19T00:00:00+00:00,category=PRICING
BREAK_IDENTIFIED,trade_stage,binance:6582462625|confirm,2026-08-19T00:00:00+00:00,category=TIMING
BREAK_IDENTIFIED,trade_stage,binance:6582462636|confirm,2026-08-19T00:00:00+00:00,category=QUANTITY
BREAK_IDENTIFIED,trade_stage,binance:6582462675|confirm,2026-08-19T00:00:00+00:00,category=QUANTITY
BREAK_IDENTIFIED,trade_stage,binance:6582462706|confirm,2026-08-19T00:00:00+00:00,category=PRICING
BREAK_IDENTIFIED,trade_stage,binance:6582462722|confirm,2026-08-19T00:00:00+00:00,category=REFERENCE_DATA
BREAK_IDENTIFIED,trade_stage,binance:6582462749|confirm,2026-08-19T00:00:00+00:00,category=PRICING
BREAK_IDENTIFIED,trade_stage,coinbase:1073149832|confirm,2026-08-19T00:00:00+00:00,category=QUANTITY
BREAK_IDENTIFIED,trade_stage,coinbase:1073149834|confirm,2026-08-19T00:00:00+00:00,category=PRICING
BREAK_IDENTIFIED,trade_stage,coinbase:1073149837|confirm,2026-08-19T00:00:00+00:00,category=TIMING
BREAK_IDENTIFIED,trade_stage,coinbase:1073149840|confirm,2026-08-19T00:00:00+00:00,category=MISSING_RECORD
BREAK_IDENTIFIED,trade_stage,kraken:105348712|confirm,2026-08-19T00:00:00+00:00,category=QUANTITY
BREAK_IDENTIFIED,trade_stage,binance:6582462775|confirm,2026-08-19T00:00:00+00:00,category=TIMING
BREAK_IDENTIFIED,trade_stage,coinbase:1073149854|confirm,2026-08-19T00:00:00+00:00,category=REFERENCE_DATA
BREAK_IDENTIFIED,trade_stage,coinbase:1073149856|confirm,2026-08-19T00:00:00+00:00,category=PRICING
BREAK_IDENTIFIED,trade_stage,coinbase:1073149861|confirm,2026-08-19T00:00:00+00:00,category=MISSING_RECORD
BREAK_IDENTIFIED,trade_stage,coinbase:1073149866|confirm,2026-08-19T00:00:00+00:00,category=TIMING
BREAK_IDENTIFIED,trade_stage,coinbase:1073149869|confirm,2026-08-19T00:00:00+00:00,category=QUANTITY
BREAK_IDENTIFIED,trade_stage,kraken:105348716|confirm,2026-08-19T00:00:00+00:00,category=QUANTITY
BREAK_IDENTIFIED,trade_stage,coinbase:1073149883|confirm,2026-08-19T00:00:00+00:00,category=QUANTITY
BREAK_IDENTIFIED,trade_stage,binance:6582462794|confirm,2026-08-19T00:00:00+00:00,category=QUANTITY
BREAK_IDENTIFIED,trade_stage,binance:6582462807|confirm,2026-08-19T00:00:00+00:00,category=MISSING_RECORD
BREAK_IDENTIFIED,trade_stage,coinbase:1073149910|confirm,2026-08-19T00:00:00+00:00,category=QUANTITY
BREAK_IDENTIFIED,trade_stage,binance:6582462877|confirm,2026-08-19T00:00:00+00:00,category=QUANTITY
BREAK_IDENTIFIED,trade_stage,binance:6582462913|confirm,2026-08-19T00:00:00+00:00,category=MISSING_RECORD
BREAK_IDENTIFIED,trade_stage,binance:6582462961|confirm,2026-08-19T00:00:00+00:00,category=QUANTITY
BREAK_IDENTIFIED,trade_stage,binance:6582462974|confirm,2026-08-19T00:00:00+00:00,category=TIMING
BREAK_IDENTIFIED,trade_stage,binance:6582463014|confirm,2026-08-19T00:00:00+00:00,category=PRICING
BREAK_IDENTIFIED,trade_stage,binance:6582463084|confirm,2026-08-19T00:00:00+00:00,category=TIMING
BREAK_IDENTIFIED,trade_stage,binance:6582463090|confirm,2026-08-19T00:00:00+00:00,category=QUANTITY
BREAK_IDENTIFIED,trade_stage,binance:6582463094|confirm,2026-08-19T00:00:00+00:00,category=TIMING
BREAK_IDENTIFIED,trade_stage,binance:6582463120|confirm,2026-08-19T00:00:00+00:00,category=QUANTITY
BREAK_IDENTIFIED,trade_stage,binance:6582463132|confirm,2026-08-19T00:00:00+00:00,category=MISSING_RECORD
BREAK_IDENTIFIED,trade_stage,kraken:105348732|confirm,2026-08-19T00:00:00+00:00,category=MISSING_RECORD
BREAK_IDENTIFIED,trade_stage,kraken:105348735|confirm,2026-08-19T00:00:00+00:00,category=TIMING
BREAK_IDENTIFIED,trade_stage,binance:6582463135|confirm,2026-08-19T00:00:00+00:00,category=PRICING
BREAK_IDENTIFIED,trade_stage,coinbase:1073149991|confirm,2026-08-19T00:00:00+00:00,category=TIMING
BREAK_IDENTIFIED,trade_stage,coinbase:1073149993|confirm,2026-08-19T00:00:00+00:00,category=MISSING_RECORD
BREAK_IDENTIFIED,trade_stage,coinbase:1073149997|confirm,2026-08-19T00:00:00+00:00,category=REFERENCE_DATA
BREAK_IDENTIFIED,trade_stage,coinbase:1073150004|confirm,2026-08-19T00:00:00+00:00,category=PRICING
BREAK_IDENTIFIED,trade_stage,binance:6582463197|confirm,2026-08-19T00:00:00+00:00,category=MISSING_RECORD
BREAK_IDENTIFIED,trade_stage,coinbase:1073150012|confirm,2026-08-19T00:00:00+00:00,category=QUANTITY
BREAK_IDENTIFIED,trade_stage,coinbase:1073150014|confirm,2026-08-19T00:00:00+00:00,category=QUANTITY
BREAK_IDENTIFIED,trade_stage,coinbase:1073150017|confirm,2026-08-19T00:00:00+00:00,category=PRICING
BREAK_IDENTIFIED,trade_stage,coinbase:1073150023|confirm,2026-08-19T00:00:00+00:00,category=TIMING
BREAK_IDENTIFIED,trade_stage,coinbase:1073150029|confirm,2026-08-19T00:00:00+00:00,category=MISSING_RECORD
BREAK_IDENTIFIED,trade_stage,binance:6582463209|confirm,2026-08-19T00:00:00+00:00,category=QUANTITY
BREAK_IDENTIFIED,trade_stage,binance:6582463211|confirm,2026-08-19T00:00:00+00:00,category=PRICING
BREAK_IDENTIFIED,trade_stage,coinbase:1073150037|confirm,2026-08-19T00:00:00+00:00,category=QUANTITY
BREAK_IDENTIFIED,trade_stage,binance:6582463222|confirm,2026-08-19T00:00:00+00:00,category=REFERENCE_DATA
BREAK_IDENTIFIED,trade_stage,binance:6582463225|confirm,2026-08-19T00:00:00+00:00,category=PRICING
BREAK_IDENTIFIED,trade_stage,coinbase:1073150042|confirm,2026-08-19T00:00:00+00:00,category=QUANTITY
BREAK_IDENTIFIED,trade_stage,coinbase:1073150050|confirm,2026-08-19T00:00:00+00:00,category=QUANTITY
BREAK_IDENTIFIED,trade_stage,binance:6582463263|confirm,2026-08-19T00:00:00+00:00,category=TIMING
BREAK_IDENTIFIED,trade_stage,coinbase:1073150066|confirm,2026-08-19T00:00:00+00:00,category=TIMING
BREAK_IDENTIFIED,trade_stage,binance:6582463284|confirm,2026-08-19T00:00:00+00:00,category=QUANTITY
BREAK_IDENTIFIED,trade_stage,coinbase:1073150079|confirm,2026-08-19T00:00:00+00:00,category=QUANTITY
BREAK_IDENTIFIED,trade_stage,binance:6582463331|confirm,2026-08-19T00:00:00+00:00,category=PRICING
BREAK_IDENTIFIED,trade_stage,binance:6582463394|confirm,2026-08-19T00:00:00+00:00,category=PRICING
BREAK_IDENTIFIED,trade_stage,binance:6582463419|confirm,2026-08-19T00:00:00+00:00,category=TIMING
BREAK_IDENTIFIED,trade_stage,coinbase:1073150090|confirm,2026-08-19T00:00:00+00:00,category=REFERENCE_DATA
BREAK_IDENTIFIED,trade_stage,binance:6582463543|confirm,2026-08-19T00:00:00+00:00,category=REFERENCE_DATA
BREAK_IDENTIFIED,trade_stage,binance:6582463594|confirm,2026-08-19T00:00:00+00:00,category=PRICING
BREAK_IDENTIFIED,trade_stage,coinbase:1073150097|confirm,2026-08-19T00:00:00+00:00,category=REFERENCE_DATA
BREAK_IDENTIFIED,trade_stage,coinbase:1073150098|confirm,2026-08-19T00:00:00+00:00,category=QUANTITY
BREAK_IDENTIFIED,trade_stage,binance:6582463624|confirm,2026-08-19T00:00:00+00:00,category=TIMING
BREAK_IDENTIFIED,trade_stage,coinbase:1073150109|confirm,2026-08-19T00:00:00+00:00,category=QUANTITY
BREAK_IDENTIFIED,trade_stage,coinbase:1073150116|confirm,2026-08-19T00:00:00+00:00,category=MISSING_RECORD
BREAK_IDENTIFIED,trade_stage,coinbase:1073150129|confirm,2026-08-19T00:00:00+00:00,category=QUANTITY
BREAK_IDENTIFIED,trade_stage,coinbase:1073150133|confirm,2026-08-19T00:00:00+00:00,category=PRICING
BREAK_IDENTIFIED,trade_stage,coinbase:1073150135|confirm,2026-08-19T00:00:00+00:00,category=REFERENCE_DATA
BREAK_IDENTIFIED,trade_stage,coinbase:1073150137|confirm,2026-08-19T00:00:00+00:00,category=QUANTITY
BREAK_IDENTIFIED,trade_stage,binance:6582463636|confirm,2026-08-19T00:00:00+00:00,category=PRICING
BREAK_IDENTIFIED,trade_stage,coinbase:1073150138|confirm,2026-08-19T00:00:00+00:00,category=REFERENCE_DATA
BREAK_IDENTIFIED,trade_stage,coinbase:1073150140|confirm,2026-08-19T00:00:00+00:00,category=QUANTITY
BREAK_IDENTIFIED,trade_stage,coinbase:1073150142|confirm,2026-08-19T00:00:00+00:00,category=PRICING
BREAK_IDENTIFIED,trade_stage,kraken:105348737|confirm,2026-08-19T00:00:00+00:00,category=PRICING
BREAK_IDENTIFIED,trade_stage,coinbase:1073150146|confirm,2026-08-19T00:00:00+00:00,category=PRICING
BREAK_IDENTIFIED,trade_stage,coinbase:1073150147|confirm,2026-08-19T00:00:00+00:00,category=PRICING
BREAK_IDENTIFIED,trade_stage,coinbase:1073150155|confirm,2026-08-19T00:00:00+00:00,category=REFERENCE_DATA
BREAK_IDENTIFIED,trade_stage,binance:6582463646|confirm,2026-08-19T00:00:00+00:00,category=PRICING
BREAK_IDENTIFIED,trade_stage,kraken:105348744|confirm,2026-08-19T00:00:00+00:00,category=TIMING
BREAK_IDENTIFIED,trade_stage,coinbase:1073150167|confirm,2026-08-19T00:00:00+00:00,category=QUANTITY
BREAK_IDENTIFIED,trade_stage,coinbase:1073150178|confirm,2026-08-19T00:00:00+00:00,category=MISSING_RECORD
BREAK_IDENTIFIED,trade_stage,coinbase:1073150186|confirm,2026-08-19T00:00:00+00:00,category=QUANTITY
BREAK_IDENTIFIED,trade_stage,coinbase:1073150194|confirm,2026-08-19T00:00:00+00:00,category=QUANTITY
BREAK_IDENTIFIED,trade_stage,binance:6582463662|confirm,2026-08-19T00:00:00+00:00,category=REFERENCE_DATA
BREAK_IDENTIFIED,trade_stage,binance:6582463664|confirm,2026-08-19T00:00:00+00:00,category=QUANTITY
BREAK_IDENTIFIED,trade_stage,coinbase:1073150212|confirm,2026-08-19T00:00:00+00:00,category=MISSING_RECORD
BREAK_IDENTIFIED,trade_stage,coinbase:1073150216|confirm,2026-08-19T00:00:00+00:00,category=TIMING
BREAK_IDENTIFIED,trade_stage,coinbase:1073150233|confirm,2026-08-19T00:00:00+00:00,category=PRICING
BREAK_IDENTIFIED,trade_stage,coinbase:1073150242|confirm,2026-08-19T00:00:00+00:00,category=TIMING
BREAK_IDENTIFIED,trade_stage,binance:6582463824|confirm,2026-08-19T00:00:00+00:00,category=MISSING_RECORD
BREAK_IDENTIFIED,trade_stage,coinbase:1073150251|confirm,2026-08-19T00:00:00+00:00,category=PRICING
BREAK_IDENTIFIED,trade_stage,binance:6582463918|confirm,2026-08-19T00:00:00+00:00,category=TIMING
BREAK_IDENTIFIED,trade_stage,coinbase:1073150261|confirm,2026-08-19T00:00:00+00:00,category=TIMING
BREAK_IDENTIFIED,trade_stage,kraken:105348748|confirm,2026-08-19T00:00:00+00:00,category=TIMING
BREAK_IDENTIFIED,trade_stage,binance:6582463935|confirm,2026-08-19T00:00:00+00:00,category=TIMING
BREAK_IDENTIFIED,trade_stage,binance:6582463936|confirm,2026-08-19T00:00:00+00:00,category=MISSING_RECORD
BREAK_IDENTIFIED,trade_stage,binance:6582463938|confirm,2026-08-19T00:00:00+00:00,category=QUANTITY
BREAK_IDENTIFIED,trade_stage,coinbase:1073150266|confirm,2026-08-19T00:00:00+00:00,category=MISSING_RECORD
BREAK_IDENTIFIED,trade_stage,coinbase:1073150287|confirm,2026-08-19T00:00:00+00:00,category=QUANTITY
BREAK_IDENTIFIED,trade_stage,binance:6582464026|confirm,2026-08-19T00:00:00+00:00,category=PRICING
BREAK_IDENTIFIED,trade_stage,binance:6582464030|confirm,2026-08-19T00:00:00+00:00,category=MISSING_RECORD
BREAK_IDENTIFIED,trade_stage,binance:6582464034|confirm,2026-08-19T00:00:00+00:00,category=QUANTITY
BREAK_IDENTIFIED,trade_stage,coinbase:1073150305|confirm,2026-08-19T00:00:00+00:00,category=PRICING
BREAK_IDENTIFIED,trade_stage,coinbase:1073150309|confirm,2026-08-19T00:00:00+00:00,category=MISSING_RECORD
BREAK_IDENTIFIED,trade_stage,coinbase:1073150310|confirm,2026-08-19T00:00:00+00:00,category=QUANTITY
BREAK_IDENTIFIED,trade_stage,kraken:105348752|confirm,2026-08-19T00:00:00+00:00,category=QUANTITY
BREAK_IDENTIFIED,trade_stage,binance:6582464043|confirm,2026-08-19T00:00:00+00:00,category=PRICING
BREAK_IDENTIFIED,trade_stage,coinbase:1073150332|confirm,2026-08-19T00:00:00+00:00,category=TIMING
BREAK_IDENTIFIED,trade_stage,binance:6582464049|confirm,2026-08-19T00:00:00+00:00,category=QUANTITY
BREAK_IDENTIFIED,trade_stage,binance:6582464051|confirm,2026-08-19T00:00:00+00:00,category=TIMING
BREAK_IDENTIFIED,trade_stage,coinbase:1073150346|confirm,2026-08-19T00:00:00+00:00,category=MISSING_RECORD
BREAK_IDENTIFIED,trade_stage,coinbase:1073150349|confirm,2026-08-19T00:00:00+00:00,category=QUANTITY
BREAK_IDENTIFIED,trade_stage,binance:6582464058|confirm,2026-08-19T00:00:00+00:00,category=PRICING
BREAK_IDENTIFIED,trade_stage,binance:6582464093|confirm,2026-08-19T00:00:00+00:00,category=PRICING
BREAK_IDENTIFIED,trade_stage,binance:6582464101|confirm,2026-08-19T00:00:00+00:00,category=QUANTITY
BREAK_IDENTIFIED,trade_stage,binance:6582464109|confirm,2026-08-19T00:00:00+00:00,category=PRICING
BREAK_IDENTIFIED,trade_stage,binance:6582464119|confirm,2026-08-19T00:00:00+00:00,category=TIMING
BREAK_IDENTIFIED,trade_stage,binance:6582464130|confirm,2026-08-19T00:00:00+00:00,category=PRICING
BREAK_IDENTIFIED,trade_stage,coinbase:1073150355|confirm,2026-08-19T00:00:00+00:00,category=TIMING
BREAK_IDENTIFIED,trade_stage,binance:6582464181|confirm,2026-08-19T00:00:00+00:00,category=QUANTITY
BREAK_IDENTIFIED,trade_stage,binance:6582464186|confirm,2026-08-19T00:00:00+00:00,category=PRICING
BREAK_IDENTIFIED,trade_stage,binance:6582464187|confirm,2026-08-19T00:00:00+00:00,category=QUANTITY
BREAK_IDENTIFIED,trade_stage,coinbase:1073150361|confirm,2026-08-19T00:00:00+00:00,category=QUANTITY
BREAK_IDENTIFIED,trade_stage,binance:6582464250|confirm,2026-08-19T00:00:00+00:00,category=PRICING
BREAK_IDENTIFIED,trade_stage,binance:6582464257|confirm,2026-08-19T00:00:00+00:00,category=PRICING
BREAK_IDENTIFIED,trade_stage,binance:6582464259|confirm,2026-08-19T00:00:00+00:00,category=TIMING
BREAK_IDENTIFIED,trade_stage,binance:6582464272|confirm,2026-08-19T00:00:00+00:00,category=TIMING
BREAK_IDENTIFIED,trade_stage,binance:6582464281|confirm,2026-08-19T00:00:00+00:00,category=TIMING
BREAK_IDENTIFIED,trade_stage,coinbase:1073150367|confirm,2026-08-19T00:00:00+00:00,category=MISSING_RECORD
BREAK_IDENTIFIED,trade_stage,binance:6582464324|confirm,2026-08-19T00:00:00+00:00,category=TIMING
BREAK_IDENTIFIED,trade_stage,binance:6582464358|confirm,2026-08-19T00:00:00+00:00,category=TIMING
BREAK_IDENTIFIED,trade_stage,kraken:105348760|confirm,2026-08-19T00:00:00+00:00,category=MISSING_RECORD
BREAK_IDENTIFIED,trade_stage,binance:6582464362|confirm,2026-08-19T00:00:00+00:00,category=TIMING
BREAK_IDENTIFIED,trade_stage,binance:6582464364|confirm,2026-08-19T00:00:00+00:00,category=PRICING
BREAK_IDENTIFIED,trade_stage,coinbase:1073150379|confirm,2026-08-19T00:00:00+00:00,category=TIMING
BREAK_IDENTIFIED,trade_stage,coinbase:1073150378|confirm,2026-08-19T00:00:00+00:00,category=REFERENCE_DATA
BREAK_IDENTIFIED,trade_stage,coinbase:1073150383|confirm,2026-08-19T00:00:00+00:00,category=REFERENCE_DATA
BREAK_IDENTIFIED,trade_stage,coinbase:1073150387|confirm,2026-08-19T00:00:00+00:00,category=QUANTITY
BREAK_IDENTIFIED,trade_stage,binance:6582464381|confirm,2026-08-19T00:00:00+00:00,category=TIMING
BREAK_IDENTIFIED,trade_stage,coinbase:1073150409|confirm,2026-08-19T00:00:00+00:00,category=REFERENCE_DATA
BREAK_IDENTIFIED,trade_stage,coinbase:1073150407|confirm,2026-08-19T00:00:00+00:00,category=TIMING
BREAK_IDENTIFIED,trade_stage,coinbase:1073150416|confirm,2026-08-19T00:00:00+00:00,category=PRICING
BREAK_IDENTIFIED,trade_stage,coinbase:1073150417|confirm,2026-08-19T00:00:00+00:00,category=MISSING_RECORD
BREAK_IDENTIFIED,trade_stage,kraken:105348769|confirm,2026-08-19T00:00:00+00:00,category=QUANTITY
BREAK_IDENTIFIED,trade_stage,kraken:105348771|confirm,2026-08-19T00:00:00+00:00,category=TIMING
BREAK_IDENTIFIED,trade_stage,binance:6582464408|confirm,2026-08-19T00:00:00+00:00,category=QUANTITY
BREAK_IDENTIFIED,trade_stage,binance:6582464469|confirm,2026-08-19T00:00:00+00:00,category=MISSING_RECORD
BREAK_IDENTIFIED,trade_stage,binance:6582464471|confirm,2026-08-19T00:00:00+00:00,category=TIMING
BREAK_IDENTIFIED,trade_stage,binance:6582464480|confirm,2026-08-19T00:00:00+00:00,category=MISSING_RECORD
BREAK_IDENTIFIED,trade_stage,binance:6582464482|confirm,2026-08-19T00:00:00+00:00,category=PRICING
BREAK_IDENTIFIED,trade_stage,coinbase:1073150435|confirm,2026-08-19T00:00:00+00:00,category=TIMING
BREAK_IDENTIFIED,trade_stage,binance:6582464495|confirm,2026-08-19T00:00:00+00:00,category=TIMING
BREAK_IDENTIFIED,trade_stage,binance:6582464497|confirm,2026-08-19T00:00:00+00:00,category=TIMING
BREAK_IDENTIFIED,trade_stage,binance:6582464524|confirm,2026-08-19T00:00:00+00:00,category=QUANTITY
BREAK_IDENTIFIED,trade_stage,coinbase:1073150470|confirm,2026-08-19T00:00:00+00:00,category=PRICING
BREAK_IDENTIFIED,trade_stage,coinbase:1073150472|confirm,2026-08-19T00:00:00+00:00,category=TIMING
BREAK_IDENTIFIED,trade_stage,coinbase:1073150473|confirm,2026-08-19T00:00:00+00:00,category=TIMING
BREAK_IDENTIFIED,trade_stage,coinbase:1073150474|confirm,2026-08-19T00:00:00+00:00,category=QUANTITY
BREAK_IDENTIFIED,trade_stage,binance:6582464580|confirm,2026-08-19T00:00:00+00:00,category=QUANTITY
BREAK_IDENTIFIED,trade_stage,binance:6582464585|confirm,2026-08-19T00:00:00+00:00,category=TIMING
BREAK_IDENTIFIED,trade_stage,binance:6582464599|confirm,2026-08-19T00:00:00+00:00,category=TIMING
BREAK_IDENTIFIED,trade_stage,binance:6582464608|confirm,2026-08-19T00:00:00+00:00,category=PRICING
BREAK_IDENTIFIED,trade_stage,binance:6582464614|confirm,2026-08-19T00:00:00+00:00,category=PRICING
BREAK_IDENTIFIED,trade_stage,binance:6582464651|confirm,2026-08-19T00:00:00+00:00,category=TIMING
BREAK_IDENTIFIED,trade_stage,coinbase:1073150489|confirm,2026-08-19T00:00:00+00:00,category=QUANTITY
BREAK_IDENTIFIED,trade_stage,binance:6582464730|confirm,2026-08-19T00:00:00+00:00,category=TIMING
BREAK_IDENTIFIED,trade_stage,coinbase:1073150500|confirm,2026-08-19T00:00:00+00:00,category=QUANTITY
BREAK_IDENTIFIED,trade_stage,kraken:105348784|confirm,2026-08-19T00:00:00+00:00,category=PRICING
BREAK_IDENTIFIED,trade_stage,binance:6582464818|confirm,2026-08-19T00:00:00+00:00,category=QUANTITY
BREAK_IDENTIFIED,trade_stage,binance:6582464914|confirm,2026-08-19T00:00:00+00:00,category=TIMING
BREAK_IDENTIFIED,trade_stage,binance:6582464937|confirm,2026-08-19T00:00:00+00:00,category=TIMING
BREAK_IDENTIFIED,trade_stage,binance:6582464962|confirm,2026-08-19T00:00:00+00:00,category=MISSING_RECORD
BREAK_IDENTIFIED,trade_stage,coinbase:1073150519|confirm,2026-08-19T00:00:00+00:00,category=QUANTITY
BREAK_IDENTIFIED,trade_stage,coinbase:1073150522|confirm,2026-08-19T00:00:00+00:00,category=TIMING
BREAK_IDENTIFIED,trade_stage,binance:6582465047|confirm,2026-08-19T00:00:00+00:00,category=MISSING_RECORD
BREAK_IDENTIFIED,trade_stage,binance:6582465050|confirm,2026-08-19T00:00:00+00:00,category=TIMING
BREAK_IDENTIFIED,trade_stage,binance:6582465060|confirm,2026-08-19T00:00:00+00:00,category=QUANTITY
BREAK_IDENTIFIED,trade_stage,binance:6582465065|confirm,2026-08-19T00:00:00+00:00,category=PRICING
BREAK_IDENTIFIED,trade_stage,binance:6582465067|confirm,2026-08-19T00:00:00+00:00,category=QUANTITY
BREAK_IDENTIFIED,trade_stage,binance:6582465093|confirm,2026-08-19T00:00:00+00:00,category=REFERENCE_DATA
BREAK_IDENTIFIED,trade_stage,coinbase:1073150538|confirm,2026-08-19T00:00:00+00:00,category=PRICING
BREAK_IDENTIFIED,trade_stage,binance:6582465142|confirm,2026-08-19T00:00:00+00:00,category=QUANTITY
BREAK_IDENTIFIED,trade_stage,binance:6582465143|confirm,2026-08-19T00:00:00+00:00,category=QUANTITY
BREAK_IDENTIFIED,trade_stage,coinbase:1073150554|confirm,2026-08-19T00:00:00+00:00,category=MISSING_RECORD
BREAK_IDENTIFIED,trade_stage,binance:6582465179|confirm,2026-08-19T00:00:00+00:00,category=QUANTITY
BREAK_IDENTIFIED,trade_stage,coinbase:1073150570|confirm,2026-08-19T00:00:00+00:00,category=QUANTITY
BREAK_IDENTIFIED,trade_stage,binance:6582465189|confirm,2026-08-19T00:00:00+00:00,category=PRICING
BREAK_IDENTIFIED,trade_stage,binance:6582465190|confirm,2026-08-19T00:00:00+00:00,category=PRICING
BREAK_IDENTIFIED,trade_stage,kraken:105348794|confirm,2026-08-19T00:00:00+00:00,category=PRICING
BREAK_IDENTIFIED,trade_stage,binance:6582465245|confirm,2026-08-19T00:00:00+00:00,category=MISSING_RECORD
BREAK_IDENTIFIED,trade_stage,binance:6582465252|confirm,2026-08-19T00:00:00+00:00,category=TIMING
BREAK_IDENTIFIED,trade_stage,binance:6582465285|confirm,2026-08-19T00:00:00+00:00,category=QUANTITY
BREAK_IDENTIFIED,trade_stage,binance:6582465289|confirm,2026-08-19T00:00:00+00:00,category=TIMING
BREAK_IDENTIFIED,trade_stage,coinbase:1073150603|confirm,2026-08-19T00:00:00+00:00,category=MISSING_RECORD
BREAK_IDENTIFIED,trade_stage,coinbase:1073150609|confirm,2026-08-19T00:00:00+00:00,category=TIMING
BREAK_IDENTIFIED,trade_stage,coinbase:1073150620|confirm,2026-08-19T00:00:00+00:00,category=TIMING
BREAK_IDENTIFIED,trade_stage,coinbase:1073150646|confirm,2026-08-19T00:00:00+00:00,category=PRICING
BREAK_IDENTIFIED,trade_stage,coinbase:1073150656|confirm,2026-08-19T00:00:00+00:00,category=TIMING
BREAK_IDENTIFIED,trade_stage,coinbase:1073150658|confirm,2026-08-19T00:00:00+00:00,category=REFERENCE_DATA
BREAK_IDENTIFIED,trade_stage,coinbase:1073150675|confirm,2026-08-19T00:00:00+00:00,category=PRICING
BREAK_IDENTIFIED,trade_stage,kraken:105348803|confirm,2026-08-19T00:00:00+00:00,category=REFERENCE_DATA
BREAK_IDENTIFIED,trade_stage,kraken:105348810|confirm,2026-08-19T00:00:00+00:00,category=PRICING
BREAK_IDENTIFIED,trade_stage,kraken:105348811|confirm,2026-08-19T00:00:00+00:00,category=QUANTITY
BREAK_IDENTIFIED,trade_stage,kraken:105348819|confirm,2026-08-19T00:00:00+00:00,category=TIMING
BREAK_RESOLVED,trade_stage,kraken:105347825|clearing,2026-08-19T00:00:00+00:00,resolution_days=0; final_tier=TIER1_NORMAL
BREAK_RESOLVED,trade_stage,kraken:105347843|clearing,2026-08-19T00:00:00+00:00,resolution_days=0; final_tier=TIER1_NORMAL
BREAK_RESOLVED,trade_stage,kraken:105347863|clearing,2026-08-19T00:00:00+00:00,resolution_days=0; final_tier=TIER1_NORMAL
BREAK_RESOLVED,trade_stage,kraken:105347886|clearing,2026-08-19T00:00:00+00:00,resolution_days=0; final_tier=TIER1_NORMAL
BREAK_RESOLVED,trade_stage,kraken:105347898|clearing,2026-08-19T00:00:00+00:00,resolution_days=0; final_tier=TIER1_NORMAL
BREAK_RESOLVED,trade_stage,kraken:105347920|clearing,2026-08-19T00:00:00+00:00,resolution_days=0; final_tier=TIER1_NORMAL
BREAK_RESOLVED,trade_stage,kraken:105347923|clearing,2026-08-19T00:00:00+00:00,resolution_days=0; final_tier=TIER1_NORMAL
BREAK_RESOLVED,trade_stage,kraken:105347931|clearing,2026-08-19T00:00:00+00:00,resolution_days=0; final_tier=TIER1_NORMAL
BREAK_RESOLVED,trade_stage,kraken:105347940|clearing,2026-08-19T00:00:00+00:00,resolution_days=0; final_tier=TIER1_NORMAL
BREAK_RESOLVED,trade_stage,kraken:105347945|clearing,2026-08-19T00:00:00+00:00,resolution_days=0; final_tier=TIER1_NORMAL
BREAK_RESOLVED,trade_stage,kraken:105347963|clearing,2026-08-19T00:00:00+00:00,resolution_days=0; final_tier=TIER1_NORMAL
BREAK_RESOLVED,trade_stage,kraken:105347987|clearing,2026-08-19T00:00:00+00:00,resolution_days=0; final_tier=TIER1_NORMAL
BREAK_RESOLVED,trade_stage,kraken:105348037|clearing,2026-08-19T00:00:00+00:00,resolution_days=0; final_tier=TIER1_NORMAL
BREAK_RESOLVED,trade_stage,kraken:105348051|clearing,2026-08-19T00:00:00+00:00,resolution_days=0; final_tier=TIER1_NORMAL
BREAK_RESOLVED,trade_stage,kraken:105348072|clearing,2026-08-19T00:00:00+00:00,resolution_days=0; final_tier=TIER1_NORMAL
BREAK_RESOLVED,trade_stage,kraken:105348087|clearing,2026-08-19T00:00:00+00:00,resolution_days=0; final_tier=TIER1_NORMAL
BREAK_RESOLVED,trade_stage,kraken:105348107|clearing,2026-08-19T00:00:00+00:00,resolution_days=0; final_tier=TIER1_NORMAL
BREAK_RESOLVED,trade_stage,kraken:105348123|clearing,2026-08-19T00:00:00+00:00,resolution_days=0; final_tier=TIER1_NORMAL
BREAK_RESOLVED,trade_stage,kraken:105348135|clearing,2026-08-19T00:00:00+00:00,resolution_days=0; final_tier=TIER1_NORMAL
BREAK_RESOLVED,trade_stage,kraken:105348145|clearing,2026-08-19T00:00:00+00:00,resolution_days=0; final_tier=TIER1_NORMAL
BREAK_RESOLVED,trade_stage,kraken:105348155|clearing,2026-08-19T00:00:00+00:00,resolution_days=0; final_tier=TIER1_NORMAL
BREAK_RESOLVED,trade_stage,kraken:105348162|clearing,2026-08-19T00:00:00+00:00,resolution_days=0; final_tier=TIER1_NORMAL
BREAK_RESOLVED,trade_stage,kraken:105348203|clearing,2026-08-19T00:00:00+00:00,resolution_days=0; final_tier=TIER1_NORMAL
BREAK_RESOLVED,trade_stage,kraken:105348224|clearing,2026-08-19T00:00:00+00:00,resolution_days=0; final_tier=TIER1_NORMAL
BREAK_RESOLVED,trade_stage,kraken:105348263|clearing,2026-08-19T00:00:00+00:00,resolution_days=0; final_tier=TIER1_NORMAL
BREAK_RESOLVED,trade_stage,kraken:105348283|clearing,2026-08-19T00:00:00+00:00,resolution_days=0; final_tier=TIER1_NORMAL
BREAK_RESOLVED,trade_stage,kraken:105348289|clearing,2026-08-19T00:00:00+00:00,resolution_days=0; final_tier=TIER1_NORMAL
BREAK_RESOLVED,trade_stage,coinbase:1073145742|clearing,2026-08-19T00:00:00+00:00,resolution_days=0; final_tier=TIER1_NORMAL
BREAK_RESOLVED,trade_stage,coinbase:1073145765|clearing,2026-08-19T00:00:00+00:00,resolution_days=0; final_tier=TIER1_NORMAL
BREAK_RESOLVED,trade_stage,coinbase:1073145774|clearing,2026-08-19T00:00:00+00:00,resolution_days=0; final_tier=TIER1_NORMAL
BREAK_RESOLVED,trade_stage,kraken:105348292|clearing,2026-08-19T00:00:00+00:00,resolution_days=0; final_tier=TIER1_NORMAL
BREAK_RESOLVED,trade_stage,coinbase:1073145836|clearing,2026-08-19T00:00:00+00:00,resolution_days=0; final_tier=TIER1_NORMAL
BREAK_RESOLVED,trade_stage,coinbase:1073145888|clearing,2026-08-19T00:00:00+00:00,resolution_days=0; final_tier=TIER1_NORMAL
BREAK_RESOLVED,trade_stage,coinbase:1073145893|clearing,2026-08-19T00:00:00+00:00,resolution_days=0; final_tier=TIER1_NORMAL
BREAK_RESOLVED,trade_stage,coinbase:1073145917|clearing,2026-08-19T00:00:00+00:00,resolution_days=0; final_tier=TIER1_NORMAL
BREAK_RESOLVED,trade_stage,coinbase:1073145927|clearing,2026-08-19T00:00:00+00:00,resolution_days=0; final_tier=TIER1_NORMAL
BREAK_RESOLVED,trade_stage,coinbase:1073145972|clearing,2026-08-19T00:00:00+00:00,resolution_days=0; final_tier=TIER1_NORMAL
BREAK_RESOLVED,trade_stage,coinbase:1073145970|clearing,2026-08-19T00:00:00+00:00,resolution_days=0; final_tier=TIER1_NORMAL
BREAK_RESOLVED,trade_stage,coinbase:1073145968|clearing,2026-08-19T00:00:00+00:00,resolution_days=0; final_tier=TIER1_NORMAL
BREAK_RESOLVED,trade_stage,coinbase:1073145985|clearing,2026-08-19T00:00:00+00:00,resolution_days=0; final_tier=TIER1_NORMAL
BREAK_RESOLVED,trade_stage,kraken:105348303|clearing,2026-08-19T00:00:00+00:00,resolution_days=0; final_tier=TIER1_NORMAL
BREAK_RESOLVED,trade_stage,coinbase:1073146080|clearing,2026-08-19T00:00:00+00:00,resolution_days=0; final_tier=TIER1_NORMAL
BREAK_RESOLVED,trade_stage,coinbase:1073146102|clearing,2026-08-19T00:00:00+00:00,resolution_days=0; final_tier=TIER1_NORMAL
BREAK_RESOLVED,trade_stage,coinbase:1073146125|clearing,2026-08-19T00:00:00+00:00,resolution_days=0; final_tier=TIER1_NORMAL
BREAK_RESOLVED,trade_stage,coinbase:1073146134|clearing,2026-08-19T00:00:00+00:00,resolution_days=0; final_tier=TIER1_NORMAL
BREAK_RESOLVED,trade_stage,coinbase:1073146161|clearing,2026-08-19T00:00:00+00:00,resolution_days=0; final_tier=TIER1_NORMAL
BREAK_RESOLVED,trade_stage,coinbase:1073146158|clearing,2026-08-19T00:00:00+00:00,resolution_days=0; final_tier=TIER1_NORMAL
BREAK_RESOLVED,trade_stage,coinbase:1073146172|clearing,2026-08-19T00:00:00+00:00,resolution_days=0; final_tier=TIER1_NORMAL
BREAK_RESOLVED,trade_stage,coinbase:1073146215|clearing,2026-08-19T00:00:00+00:00,resolution_days=0; final_tier=TIER1_NORMAL
BREAK_RESOLVED,trade_stage,coinbase:1073146219|clearing,2026-08-19T00:00:00+00:00,resolution_days=0; final_tier=TIER1_NORMAL
BREAK_RESOLVED,trade_stage,coinbase:1073146364|clearing,2026-08-19T00:00:00+00:00,resolution_days=0; final_tier=TIER1_NORMAL
BREAK_RESOLVED,trade_stage,coinbase:1073146366|clearing,2026-08-19T00:00:00+00:00,resolution_days=0; final_tier=TIER1_NORMAL
BREAK_RESOLVED,trade_stage,coinbase:1073146365|clearing,2026-08-19T00:00:00+00:00,resolution_days=0; final_tier=TIER1_NORMAL
BREAK_RESOLVED,trade_stage,coinbase:1073146376|clearing,2026-08-19T00:00:00+00:00,resolution_days=0; final_tier=TIER1_NORMAL
BREAK_RESOLVED,trade_stage,coinbase:1073146380|clearing,2026-08-19T00:00:00+00:00,resolution_days=0; final_tier=TIER1_NORMAL
BREAK_RESOLVED,trade_stage,coinbase:1073146400|clearing,2026-08-19T00:00:00+00:00,resolution_days=0; final_tier=TIER1_NORMAL
BREAK_RESOLVED,trade_stage,kraken:105348340|clearing,2026-08-19T00:00:00+00:00,resolution_days=0; final_tier=TIER1_NORMAL
BREAK_RESOLVED,trade_stage,coinbase:1073146449|clearing,2026-08-19T00:00:00+00:00,resolution_days=0; final_tier=TIER1_NORMAL
BREAK_RESOLVED,trade_stage,coinbase:1073146464|clearing,2026-08-19T00:00:00+00:00,resolution_days=0; final_tier=TIER1_NORMAL
BREAK_RESOLVED,trade_stage,coinbase:1073146479|clearing,2026-08-19T00:00:00+00:00,resolution_days=0; final_tier=TIER1_NORMAL
BREAK_RESOLVED,trade_stage,coinbase:1073146498|clearing,2026-08-19T00:00:00+00:00,resolution_days=0; final_tier=TIER1_NORMAL
BREAK_RESOLVED,trade_stage,coinbase:1073146517|clearing,2026-08-19T00:00:00+00:00,resolution_days=0; final_tier=TIER1_NORMAL
BREAK_RESOLVED,trade_stage,coinbase:1073146541|clearing,2026-08-19T00:00:00+00:00,resolution_days=0; final_tier=TIER1_NORMAL
BREAK_RESOLVED,trade_stage,coinbase:1073146543|clearing,2026-08-19T00:00:00+00:00,resolution_days=0; final_tier=TIER1_NORMAL
BREAK_RESOLVED,trade_stage,coinbase:1073146551|clearing,2026-08-19T00:00:00+00:00,resolution_days=0; final_tier=TIER1_NORMAL
BREAK_RESOLVED,trade_stage,coinbase:1073146562|clearing,2026-08-19T00:00:00+00:00,resolution_days=0; final_tier=TIER1_NORMAL
BREAK_RESOLVED,trade_stage,coinbase:1073146593|clearing,2026-08-19T00:00:00+00:00,resolution_days=0; final_tier=TIER1_NORMAL
BREAK_RESOLVED,trade_stage,coinbase:1073146595|clearing,2026-08-19T00:00:00+00:00,resolution_days=0; final_tier=TIER1_NORMAL
BREAK_RESOLVED,trade_stage,kraken:105348365|clearing,2026-08-19T00:00:00+00:00,resolution_days=0; final_tier=TIER1_NORMAL
BREAK_RESOLVED,trade_stage,kraken:105348367|clearing,2026-08-19T00:00:00+00:00,resolution_days=0; final_tier=TIER1_NORMAL
BREAK_RESOLVED,trade_stage,coinbase:1073146609|clearing,2026-08-19T00:00:00+00:00,resolution_days=0; final_tier=TIER1_NORMAL
BREAK_RESOLVED,trade_stage,coinbase:1073146637|clearing,2026-08-19T00:00:00+00:00,resolution_days=0; final_tier=TIER1_NORMAL
BREAK_RESOLVED,trade_stage,coinbase:1073146659|clearing,2026-08-19T00:00:00+00:00,resolution_days=0; final_tier=TIER1_NORMAL
BREAK_RESOLVED,trade_stage,coinbase:1073146655|clearing,2026-08-19T00:00:00+00:00,resolution_days=0; final_tier=TIER1_NORMAL
BREAK_RESOLVED,trade_stage,coinbase:1073146654|clearing,2026-08-19T00:00:00+00:00,resolution_days=0; final_tier=TIER1_NORMAL
BREAK_RESOLVED,trade_stage,kraken:105348390|clearing,2026-08-19T00:00:00+00:00,resolution_days=0; final_tier=TIER1_NORMAL
BREAK_RESOLVED,trade_stage,coinbase:1073146669|clearing,2026-08-19T00:00:00+00:00,resolution_days=0; final_tier=TIER1_NORMAL
BREAK_RESOLVED,trade_stage,kraken:105348396|clearing,2026-08-19T00:00:00+00:00,resolution_days=0; final_tier=TIER1_NORMAL
BREAK_RESOLVED,trade_stage,kraken:105348398|clearing,2026-08-19T00:00:00+00:00,resolution_days=0; final_tier=TIER1_NORMAL
BREAK_RESOLVED,trade_stage,kraken:105348399|clearing,2026-08-19T00:00:00+00:00,resolution_days=0; final_tier=TIER1_NORMAL
BREAK_RESOLVED,trade_stage,coinbase:1073146751|clearing,2026-08-19T00:00:00+00:00,resolution_days=0; final_tier=TIER1_NORMAL
BREAK_RESOLVED,trade_stage,coinbase:1073146799|clearing,2026-08-19T00:00:00+00:00,resolution_days=0; final_tier=TIER1_NORMAL
BREAK_RESOLVED,trade_stage,kraken:105348414|clearing,2026-08-19T00:00:00+00:00,resolution_days=0; final_tier=TIER1_NORMAL
BREAK_RESOLVED,trade_stage,coinbase:1073146885|clearing,2026-08-19T00:00:00+00:00,resolution_days=0; final_tier=TIER1_NORMAL
BREAK_RESOLVED,trade_stage,coinbase:1073146954|clearing,2026-08-19T00:00:00+00:00,resolution_days=0; final_tier=TIER1_NORMAL
BREAK_RESOLVED,trade_stage,coinbase:1073146975|clearing,2026-08-19T00:00:00+00:00,resolution_days=0; final_tier=TIER1_NORMAL
BREAK_RESOLVED,trade_stage,coinbase:1073146992|clearing,2026-08-19T00:00:00+00:00,resolution_days=0; final_tier=TIER1_NORMAL
BREAK_RESOLVED,trade_stage,coinbase:1073147014|clearing,2026-08-19T00:00:00+00:00,resolution_days=0; final_tier=TIER1_NORMAL
BREAK_RESOLVED,trade_stage,binance:6582449503|clearing,2026-08-19T00:00:00+00:00,resolution_days=0; final_tier=TIER1_NORMAL
BREAK_RESOLVED,trade_stage,binance:6582449544|clearing,2026-08-19T00:00:00+00:00,resolution_days=0; final_tier=TIER1_NORMAL
BREAK_RESOLVED,trade_stage,binance:6582449588|clearing,2026-08-19T00:00:00+00:00,resolution_days=0; final_tier=TIER1_NORMAL
BREAK_RESOLVED,trade_stage,binance:6582449616|clearing,2026-08-19T00:00:00+00:00,resolution_days=0; final_tier=TIER1_NORMAL
BREAK_RESOLVED,trade_stage,coinbase:1073147086|clearing,2026-08-19T00:00:00+00:00,resolution_days=0; final_tier=TIER1_NORMAL
BREAK_RESOLVED,trade_stage,binance:6582449789|clearing,2026-08-19T00:00:00+00:00,resolution_days=0; final_tier=TIER1_NORMAL
BREAK_RESOLVED,trade_stage,binance:6582449850|clearing,2026-08-19T00:00:00+00:00,resolution_days=0; final_tier=TIER1_NORMAL
BREAK_RESOLVED,trade_stage,binance:6582449889|clearing,2026-08-19T00:00:00+00:00,resolution_days=0; final_tier=TIER1_NORMAL
BREAK_RESOLVED,trade_stage,coinbase:1073147141|clearing,2026-08-19T00:00:00+00:00,resolution_days=0; final_tier=TIER1_NORMAL
BREAK_RESOLVED,trade_stage,binance:6582450196|clearing,2026-08-19T00:00:00+00:00,resolution_days=0; final_tier=TIER1_NORMAL
BREAK_RESOLVED,trade_stage,binance:6582450211|clearing,2026-08-19T00:00:00+00:00,resolution_days=0; final_tier=TIER1_NORMAL
BREAK_RESOLVED,trade_stage,binance:6582450251|clearing,2026-08-19T00:00:00+00:00,resolution_days=0; final_tier=TIER1_NORMAL
BREAK_RESOLVED,trade_stage,binance:6582450261|clearing,2026-08-19T00:00:00+00:00,resolution_days=0; final_tier=TIER1_NORMAL
BREAK_RESOLVED,trade_stage,coinbase:1073147165|clearing,2026-08-19T00:00:00+00:00,resolution_days=0; final_tier=TIER1_NORMAL
BREAK_RESOLVED,trade_stage,binance:6582450340|clearing,2026-08-19T00:00:00+00:00,resolution_days=0; final_tier=TIER1_NORMAL
BREAK_RESOLVED,trade_stage,coinbase:1073147173|clearing,2026-08-19T00:00:00+00:00,resolution_days=0; final_tier=TIER1_NORMAL
BREAK_RESOLVED,trade_stage,binance:6582450385|clearing,2026-08-19T00:00:00+00:00,resolution_days=0; final_tier=TIER1_NORMAL
BREAK_RESOLVED,trade_stage,binance:6582450420|clearing,2026-08-19T00:00:00+00:00,resolution_days=0; final_tier=TIER1_NORMAL
BREAK_RESOLVED,trade_stage,binance:6582450626|clearing,2026-08-19T00:00:00+00:00,resolution_days=0; final_tier=TIER1_NORMAL
BREAK_RESOLVED,trade_stage,binance:6582450701|clearing,2026-08-19T00:00:00+00:00,resolution_days=0; final_tier=TIER1_NORMAL
BREAK_RESOLVED,trade_stage,binance:6582450713|clearing,2026-08-19T00:00:00+00:00,resolution_days=0; final_tier=TIER1_NORMAL
BREAK_RESOLVED,trade_stage,binance:6582450720|clearing,2026-08-19T00:00:00+00:00,resolution_days=0; final_tier=TIER1_NORMAL
BREAK_RESOLVED,trade_stage,binance:6582450809|clearing,2026-08-19T00:00:00+00:00,resolution_days=0; final_tier=TIER1_NORMAL
BREAK_RESOLVED,trade_stage,coinbase:1073147228|clearing,2026-08-19T00:00:00+00:00,resolution_days=0; final_tier=TIER1_NORMAL
BREAK_RESOLVED,trade_stage,coinbase:1073147258|clearing,2026-08-19T00:00:00+00:00,resolution_days=0; final_tier=TIER1_NORMAL
BREAK_RESOLVED,trade_stage,coinbase:1073147265|clearing,2026-08-19T00:00:00+00:00,resolution_days=0; final_tier=TIER1_NORMAL
BREAK_RESOLVED,trade_stage,kraken:105348460|clearing,2026-08-19T00:00:00+00:00,resolution_days=0; final_tier=TIER1_NORMAL
BREAK_RESOLVED,trade_stage,kraken:105348462|clearing,2026-08-19T00:00:00+00:00,resolution_days=0; final_tier=TIER1_NORMAL
BREAK_RESOLVED,trade_stage,binance:6582450890|clearing,2026-08-19T00:00:00+00:00,resolution_days=0; final_tier=TIER1_NORMAL
BREAK_RESOLVED,trade_stage,binance:6582450971|clearing,2026-08-19T00:00:00+00:00,resolution_days=0; final_tier=TIER1_NORMAL
BREAK_RESOLVED,trade_stage,binance:6582450976|clearing,2026-08-19T00:00:00+00:00,resolution_days=0; final_tier=TIER1_NORMAL
BREAK_RESOLVED,trade_stage,binance:6582451147|clearing,2026-08-19T00:00:00+00:00,resolution_days=0; final_tier=TIER1_NORMAL
BREAK_RESOLVED,trade_stage,coinbase:1073147307|clearing,2026-08-19T00:00:00+00:00,resolution_days=0; final_tier=TIER1_NORMAL
BREAK_RESOLVED,trade_stage,coinbase:1073147320|clearing,2026-08-19T00:00:00+00:00,resolution_days=0; final_tier=TIER1_NORMAL
BREAK_RESOLVED,trade_stage,coinbase:1073147322|clearing,2026-08-19T00:00:00+00:00,resolution_days=0; final_tier=TIER1_NORMAL
BREAK_RESOLVED,trade_stage,coinbase:1073147324|clearing,2026-08-19T00:00:00+00:00,resolution_days=0; final_tier=TIER1_NORMAL
BREAK_RESOLVED,trade_stage,coinbase:1073147326|clearing,2026-08-19T00:00:00+00:00,resolution_days=0; final_tier=TIER1_NORMAL
BREAK_RESOLVED,trade_stage,coinbase:1073147329|clearing,2026-08-19T00:00:00+00:00,resolution_days=0; final_tier=TIER1_NORMAL
BREAK_RESOLVED,trade_stage,binance:6582451242|clearing,2026-08-19T00:00:00+00:00,resolution_days=0; final_tier=TIER1_NORMAL
BREAK_RESOLVED,trade_stage,binance:6582451378|clearing,2026-08-19T00:00:00+00:00,resolution_days=0; final_tier=TIER1_NORMAL
BREAK_RESOLVED,trade_stage,coinbase:1073147348|clearing,2026-08-19T00:00:00+00:00,resolution_days=0; final_tier=TIER1_NORMAL
BREAK_RESOLVED,trade_stage,coinbase:1073147353|clearing,2026-08-19T00:00:00+00:00,resolution_days=0; final_tier=TIER1_NORMAL
BREAK_RESOLVED,trade_stage,binance:6582451479|clearing,2026-08-19T00:00:00+00:00,resolution_days=0; final_tier=TIER1_NORMAL
BREAK_RESOLVED,trade_stage,binance:6582451639|clearing,2026-08-19T00:00:00+00:00,resolution_days=0; final_tier=TIER1_NORMAL
BREAK_RESOLVED,trade_stage,binance:6582451664|clearing,2026-08-19T00:00:00+00:00,resolution_days=0; final_tier=TIER1_NORMAL
BREAK_RESOLVED,trade_stage,binance:6582451669|clearing,2026-08-19T00:00:00+00:00,resolution_days=0; final_tier=TIER1_NORMAL
BREAK_RESOLVED,trade_stage,coinbase:1073147382|clearing,2026-08-19T00:00:00+00:00,resolution_days=0; final_tier=TIER1_NORMAL
BREAK_RESOLVED,trade_stage,coinbase:1073147389|clearing,2026-08-19T00:00:00+00:00,resolution_days=0; final_tier=TIER1_NORMAL
BREAK_RESOLVED,trade_stage,binance:6582451742|clearing,2026-08-19T00:00:00+00:00,resolution_days=0; final_tier=TIER1_NORMAL
BREAK_RESOLVED,trade_stage,binance:6582451997|clearing,2026-08-19T00:00:00+00:00,resolution_days=0; final_tier=TIER1_NORMAL
BREAK_RESOLVED,trade_stage,coinbase:1073147425|clearing,2026-08-19T00:00:00+00:00,resolution_days=0; final_tier=TIER1_NORMAL
BREAK_RESOLVED,trade_stage,binance:6582452088|clearing,2026-08-19T00:00:00+00:00,resolution_days=0; final_tier=TIER1_NORMAL
BREAK_RESOLVED,trade_stage,binance:6582452108|clearing,2026-08-19T00:00:00+00:00,resolution_days=0; final_tier=TIER1_NORMAL
BREAK_RESOLVED,trade_stage,binance:6582452110|clearing,2026-08-19T00:00:00+00:00,resolution_days=0; final_tier=TIER1_NORMAL
BREAK_RESOLVED,trade_stage,coinbase:1073147431|clearing,2026-08-19T00:00:00+00:00,resolution_days=0; final_tier=TIER1_NORMAL
BREAK_RESOLVED,trade_stage,coinbase:1073147441|clearing,2026-08-19T00:00:00+00:00,resolution_days=0; final_tier=TIER1_NORMAL
BREAK_RESOLVED,trade_stage,coinbase:1073147445|clearing,2026-08-19T00:00:00+00:00,resolution_days=0; final_tier=TIER1_NORMAL
BREAK_RESOLVED,trade_stage,binance:6582452199|clearing,2026-08-19T00:00:00+00:00,resolution_days=0; final_tier=TIER1_NORMAL
BREAK_RESOLVED,trade_stage,coinbase:1073147465|clearing,2026-08-19T00:00:00+00:00,resolution_days=0; final_tier=TIER1_NORMAL
BREAK_RESOLVED,trade_stage,binance:6582452635|clearing,2026-08-19T00:00:00+00:00,resolution_days=0; final_tier=TIER1_NORMAL
BREAK_RESOLVED,trade_stage,binance:6582452706|clearing,2026-08-19T00:00:00+00:00,resolution_days=0; final_tier=TIER1_NORMAL
BREAK_RESOLVED,trade_stage,coinbase:1073147521|clearing,2026-08-19T00:00:00+00:00,resolution_days=0; final_tier=TIER1_NORMAL
BREAK_RESOLVED,trade_stage,kraken:105348492|clearing,2026-08-19T00:00:00+00:00,resolution_days=0; final_tier=TIER1_NORMAL
BREAK_RESOLVED,trade_stage,binance:6582452809|clearing,2026-08-19T00:00:00+00:00,resolution_days=0; final_tier=TIER1_NORMAL
BREAK_RESOLVED,trade_stage,binance:6582452868|clearing,2026-08-19T00:00:00+00:00,resolution_days=0; final_tier=TIER1_NORMAL
BREAK_RESOLVED,trade_stage,coinbase:1073147539|clearing,2026-08-19T00:00:00+00:00,resolution_days=0; final_tier=TIER1_NORMAL
BREAK_RESOLVED,trade_stage,coinbase:1073147558|clearing,2026-08-19T00:00:00+00:00,resolution_days=0; final_tier=TIER1_NORMAL
BREAK_RESOLVED,trade_stage,coinbase:1073147571|clearing,2026-08-19T00:00:00+00:00,resolution_days=0; final_tier=TIER1_NORMAL
BREAK_RESOLVED,trade_stage,binance:6582452979|clearing,2026-08-19T00:00:00+00:00,resolution_days=0; final_tier=TIER1_NORMAL
BREAK_RESOLVED,trade_stage,coinbase:1073147596|clearing,2026-08-19T00:00:00+00:00,resolution_days=0; final_tier=TIER1_NORMAL
BREAK_RESOLVED,trade_stage,coinbase:1073147599|clearing,2026-08-19T00:00:00+00:00,resolution_days=0; final_tier=TIER1_NORMAL
BREAK_RESOLVED,trade_stage,coinbase:1073147621|clearing,2026-08-19T00:00:00+00:00,resolution_days=0; final_tier=TIER1_NORMAL
BREAK_RESOLVED,trade_stage,binance:6582453222|clearing,2026-08-19T00:00:00+00:00,resolution_days=0; final_tier=TIER1_NORMAL
BREAK_RESOLVED,trade_stage,coinbase:1073147661|clearing,2026-08-19T00:00:00+00:00,resolution_days=0; final_tier=TIER1_NORMAL
BREAK_RESOLVED,trade_stage,coinbase:1073147683|clearing,2026-08-19T00:00:00+00:00,resolution_days=0; final_tier=TIER1_NORMAL
BREAK_RESOLVED,trade_stage,coinbase:1073147692|clearing,2026-08-19T00:00:00+00:00,resolution_days=0; final_tier=TIER1_NORMAL
BREAK_RESOLVED,trade_stage,coinbase:1073147712|clearing,2026-08-19T00:00:00+00:00,resolution_days=0; final_tier=TIER1_NORMAL
BREAK_RESOLVED,trade_stage,coinbase:1073147711|clearing,2026-08-19T00:00:00+00:00,resolution_days=0; final_tier=TIER1_NORMAL
BREAK_RESOLVED,trade_stage,binance:6582453321|clearing,2026-08-19T00:00:00+00:00,resolution_days=0; final_tier=TIER1_NORMAL
BREAK_RESOLVED,trade_stage,binance:6582453369|clearing,2026-08-19T00:00:00+00:00,resolution_days=0; final_tier=TIER1_NORMAL
BREAK_RESOLVED,trade_stage,binance:6582453462|clearing,2026-08-19T00:00:00+00:00,resolution_days=0; final_tier=TIER1_NORMAL
BREAK_RESOLVED,trade_stage,coinbase:1073147768|clearing,2026-08-19T00:00:00+00:00,resolution_days=0; final_tier=TIER1_NORMAL
BREAK_RESOLVED,trade_stage,binance:6582453685|clearing,2026-08-19T00:00:00+00:00,resolution_days=0; final_tier=TIER1_NORMAL
BREAK_RESOLVED,trade_stage,coinbase:1073147792|clearing,2026-08-19T00:00:00+00:00,resolution_days=0; final_tier=TIER1_NORMAL
BREAK_RESOLVED,trade_stage,binance:6582453717|clearing,2026-08-19T00:00:00+00:00,resolution_days=0; final_tier=TIER1_NORMAL
BREAK_RESOLVED,trade_stage,coinbase:1073147869|clearing,2026-08-19T00:00:00+00:00,resolution_days=0; final_tier=TIER1_NORMAL
BREAK_RESOLVED,trade_stage,kraken:105348525|clearing,2026-08-19T00:00:00+00:00,resolution_days=0; final_tier=TIER1_NORMAL
BREAK_RESOLVED,trade_stage,binance:6582453897|clearing,2026-08-19T00:00:00+00:00,resolution_days=0; final_tier=TIER1_NORMAL
BREAK_RESOLVED,trade_stage,binance:6582453912|clearing,2026-08-19T00:00:00+00:00,resolution_days=0; final_tier=TIER1_NORMAL
BREAK_RESOLVED,trade_stage,binance:6582453948|clearing,2026-08-19T00:00:00+00:00,resolution_days=0; final_tier=TIER1_NORMAL
BREAK_RESOLVED,trade_stage,coinbase:1073147897|clearing,2026-08-19T00:00:00+00:00,resolution_days=0; final_tier=TIER1_NORMAL
BREAK_RESOLVED,trade_stage,binance:6582454075|clearing,2026-08-19T00:00:00+00:00,resolution_days=0; final_tier=TIER1_NORMAL
BREAK_RESOLVED,trade_stage,binance:6582454079|clearing,2026-08-19T00:00:00+00:00,resolution_days=0; final_tier=TIER1_NORMAL
BREAK_RESOLVED,trade_stage,binance:6582454130|clearing,2026-08-19T00:00:00+00:00,resolution_days=0; final_tier=TIER1_NORMAL
BREAK_RESOLVED,trade_stage,binance:6582454133|clearing,2026-08-19T00:00:00+00:00,resolution_days=0; final_tier=TIER1_NORMAL
BREAK_RESOLVED,trade_stage,binance:6582454170|clearing,2026-08-19T00:00:00+00:00,resolution_days=0; final_tier=TIER1_NORMAL
BREAK_RESOLVED,trade_stage,binance:6582454201|clearing,2026-08-19T00:00:00+00:00,resolution_days=0; final_tier=TIER1_NORMAL
BREAK_RESOLVED,trade_stage,binance:6582454241|clearing,2026-08-19T00:00:00+00:00,resolution_days=0; final_tier=TIER1_NORMAL
BREAK_RESOLVED,trade_stage,binance:6582454288|clearing,2026-08-19T00:00:00+00:00,resolution_days=0; final_tier=TIER1_NORMAL
BREAK_RESOLVED,trade_stage,binance:6582454312|clearing,2026-08-19T00:00:00+00:00,resolution_days=0; final_tier=TIER1_NORMAL
BREAK_RESOLVED,trade_stage,coinbase:1073147920|clearing,2026-08-19T00:00:00+00:00,resolution_days=0; final_tier=TIER1_NORMAL
BREAK_RESOLVED,trade_stage,coinbase:1073147908|clearing,2026-08-19T00:00:00+00:00,resolution_days=0; final_tier=TIER1_NORMAL
BREAK_RESOLVED,trade_stage,coinbase:1073147906|clearing,2026-08-19T00:00:00+00:00,resolution_days=0; final_tier=TIER1_NORMAL
BREAK_RESOLVED,trade_stage,coinbase:1073147937|clearing,2026-08-19T00:00:00+00:00,resolution_days=0; final_tier=TIER1_NORMAL
BREAK_RESOLVED,trade_stage,coinbase:1073147957|clearing,2026-08-19T00:00:00+00:00,resolution_days=0; final_tier=TIER1_NORMAL
BREAK_RESOLVED,trade_stage,coinbase:1073147951|clearing,2026-08-19T00:00:00+00:00,resolution_days=0; final_tier=TIER1_NORMAL
BREAK_RESOLVED,trade_stage,kraken:105348539|clearing,2026-08-19T00:00:00+00:00,resolution_days=0; final_tier=TIER1_NORMAL
BREAK_RESOLVED,trade_stage,kraken:105348542|clearing,2026-08-19T00:00:00+00:00,resolution_days=0; final_tier=TIER1_NORMAL
BREAK_RESOLVED,trade_stage,binance:6582454455|clearing,2026-08-19T00:00:00+00:00,resolution_days=0; final_tier=TIER1_NORMAL
BREAK_RESOLVED,trade_stage,binance:6582454461|clearing,2026-08-19T00:00:00+00:00,resolution_days=0; final_tier=TIER1_NORMAL
BREAK_RESOLVED,trade_stage,binance:6582454491|clearing,2026-08-19T00:00:00+00:00,resolution_days=0; final_tier=TIER1_NORMAL
BREAK_RESOLVED,trade_stage,binance:6582454552|clearing,2026-08-19T00:00:00+00:00,resolution_days=0; final_tier=TIER1_NORMAL
BREAK_RESOLVED,trade_stage,binance:6582454559|clearing,2026-08-19T00:00:00+00:00,resolution_days=0; final_tier=TIER1_NORMAL
BREAK_RESOLVED,trade_stage,binance:6582454565|clearing,2026-08-19T00:00:00+00:00,resolution_days=0; final_tier=TIER1_NORMAL
BREAK_RESOLVED,trade_stage,coinbase:1073148011|clearing,2026-08-19T00:00:00+00:00,resolution_days=0; final_tier=TIER1_NORMAL
BREAK_RESOLVED,trade_stage,binance:6582454652|clearing,2026-08-19T00:00:00+00:00,resolution_days=0; final_tier=TIER1_NORMAL
BREAK_RESOLVED,trade_stage,binance:6582454696|clearing,2026-08-19T00:00:00+00:00,resolution_days=0; final_tier=TIER1_NORMAL
BREAK_RESOLVED,trade_stage,binance:6582454705|clearing,2026-08-19T00:00:00+00:00,resolution_days=0; final_tier=TIER1_NORMAL
BREAK_RESOLVED,trade_stage,binance:6582454725|clearing,2026-08-19T00:00:00+00:00,resolution_days=0; final_tier=TIER1_NORMAL
BREAK_RESOLVED,trade_stage,binance:6582454739|clearing,2026-08-19T00:00:00+00:00,resolution_days=0; final_tier=TIER1_NORMAL
BREAK_RESOLVED,trade_stage,coinbase:1073148038|clearing,2026-08-19T00:00:00+00:00,resolution_days=0; final_tier=TIER1_NORMAL
BREAK_RESOLVED,trade_stage,binance:6582454851|clearing,2026-08-19T00:00:00+00:00,resolution_days=0; final_tier=TIER1_NORMAL
BREAK_RESOLVED,trade_stage,binance:6582454907|clearing,2026-08-19T00:00:00+00:00,resolution_days=0; final_tier=TIER1_NORMAL
BREAK_RESOLVED,trade_stage,coinbase:1073148057|clearing,2026-08-19T00:00:00+00:00,resolution_days=0; final_tier=TIER1_NORMAL
BREAK_RESOLVED,trade_stage,coinbase:1073148064|clearing,2026-08-19T00:00:00+00:00,resolution_days=0; final_tier=TIER1_NORMAL
BREAK_RESOLVED,trade_stage,coinbase:1073148077|clearing,2026-08-19T00:00:00+00:00,resolution_days=0; final_tier=TIER1_NORMAL
BREAK_RESOLVED,trade_stage,coinbase:1073148093|clearing,2026-08-19T00:00:00+00:00,resolution_days=0; final_tier=TIER1_NORMAL
BREAK_RESOLVED,trade_stage,coinbase:1073148132|clearing,2026-08-19T00:00:00+00:00,resolution_days=0; final_tier=TIER1_NORMAL
BREAK_RESOLVED,trade_stage,binance:6582455199|clearing,2026-08-19T00:00:00+00:00,resolution_days=0; final_tier=TIER1_NORMAL
BREAK_RESOLVED,trade_stage,binance:6582455215|clearing,2026-08-19T00:00:00+00:00,resolution_days=0; final_tier=TIER1_NORMAL
BREAK_RESOLVED,trade_stage,binance:6582455226|clearing,2026-08-19T00:00:00+00:00,resolution_days=0; final_tier=TIER1_NORMAL
BREAK_RESOLVED,trade_stage,binance:6582455338|clearing,2026-08-19T00:00:00+00:00,resolution_days=0; final_tier=TIER1_NORMAL
BREAK_RESOLVED,trade_stage,coinbase:1073148148|clearing,2026-08-19T00:00:00+00:00,resolution_days=0; final_tier=TIER1_NORMAL
BREAK_RESOLVED,trade_stage,coinbase:1073148164|clearing,2026-08-19T00:00:00+00:00,resolution_days=0; final_tier=TIER1_NORMAL
BREAK_RESOLVED,trade_stage,coinbase:1073148165|clearing,2026-08-19T00:00:00+00:00,resolution_days=0; final_tier=TIER1_NORMAL
BREAK_RESOLVED,trade_stage,coinbase:1073148179|clearing,2026-08-19T00:00:00+00:00,resolution_days=0; final_tier=TIER1_NORMAL
BREAK_RESOLVED,trade_stage,coinbase:1073148181|clearing,2026-08-19T00:00:00+00:00,resolution_days=0; final_tier=TIER1_NORMAL
BREAK_RESOLVED,trade_stage,coinbase:1073148183|clearing,2026-08-19T00:00:00+00:00,resolution_days=0; final_tier=TIER1_NORMAL
BREAK_RESOLVED,trade_stage,coinbase:1073148205|clearing,2026-08-19T00:00:00+00:00,resolution_days=0; final_tier=TIER1_NORMAL
BREAK_RESOLVED,trade_stage,coinbase:1073148221|clearing,2026-08-19T00:00:00+00:00,resolution_days=0; final_tier=TIER1_NORMAL
BREAK_RESOLVED,trade_stage,binance:6582455561|clearing,2026-08-19T00:00:00+00:00,resolution_days=0; final_tier=TIER1_NORMAL
BREAK_RESOLVED,trade_stage,binance:6582455565|clearing,2026-08-19T00:00:00+00:00,resolution_days=0; final_tier=TIER1_NORMAL
BREAK_RESOLVED,trade_stage,binance:6582455575|clearing,2026-08-19T00:00:00+00:00,resolution_days=0; final_tier=TIER1_NORMAL
BREAK_RESOLVED,trade_stage,binance:6582455583|clearing,2026-08-19T00:00:00+00:00,resolution_days=0; final_tier=TIER1_NORMAL
BREAK_RESOLVED,trade_stage,coinbase:1073148245|clearing,2026-08-19T00:00:00+00:00,resolution_days=0; final_tier=TIER1_NORMAL
BREAK_RESOLVED,trade_stage,coinbase:1073148259|clearing,2026-08-19T00:00:00+00:00,resolution_days=0; final_tier=TIER1_NORMAL
BREAK_RESOLVED,trade_stage,binance:6582455660|clearing,2026-08-19T00:00:00+00:00,resolution_days=0; final_tier=TIER1_NORMAL
BREAK_RESOLVED,trade_stage,binance:6582455691|clearing,2026-08-19T00:00:00+00:00,resolution_days=0; final_tier=TIER1_NORMAL
BREAK_RESOLVED,trade_stage,coinbase:1073148312|clearing,2026-08-19T00:00:00+00:00,resolution_days=0; final_tier=TIER1_NORMAL
BREAK_RESOLVED,trade_stage,coinbase:1073148323|clearing,2026-08-19T00:00:00+00:00,resolution_days=0; final_tier=TIER1_NORMAL
BREAK_RESOLVED,trade_stage,coinbase:1073148326|clearing,2026-08-19T00:00:00+00:00,resolution_days=0; final_tier=TIER1_NORMAL
BREAK_RESOLVED,trade_stage,binance:6582455863|clearing,2026-08-19T00:00:00+00:00,resolution_days=0; final_tier=TIER1_NORMAL
BREAK_RESOLVED,trade_stage,binance:6582455888|clearing,2026-08-19T00:00:00+00:00,resolution_days=0; final_tier=TIER1_NORMAL
BREAK_RESOLVED,trade_stage,coinbase:1073148344|clearing,2026-08-19T00:00:00+00:00,resolution_days=0; final_tier=TIER1_NORMAL
BREAK_RESOLVED,trade_stage,binance:6582455988|clearing,2026-08-19T00:00:00+00:00,resolution_days=0; final_tier=TIER1_NORMAL
BREAK_RESOLVED,trade_stage,binance:6582456163|clearing,2026-08-19T00:00:00+00:00,resolution_days=0; final_tier=TIER1_NORMAL
BREAK_RESOLVED,trade_stage,binance:6582456171|clearing,2026-08-19T00:00:00+00:00,resolution_days=0; final_tier=TIER1_NORMAL
BREAK_RESOLVED,trade_stage,coinbase:1073148365|clearing,2026-08-19T00:00:00+00:00,resolution_days=0; final_tier=TIER1_NORMAL
BREAK_RESOLVED,trade_stage,coinbase:1073148372|clearing,2026-08-19T00:00:00+00:00,resolution_days=0; final_tier=TIER1_NORMAL
BREAK_RESOLVED,trade_stage,binance:6582456278|clearing,2026-08-19T00:00:00+00:00,resolution_days=0; final_tier=TIER1_NORMAL
BREAK_RESOLVED,trade_stage,binance:6582456371|clearing,2026-08-19T00:00:00+00:00,resolution_days=0; final_tier=TIER1_NORMAL
BREAK_RESOLVED,trade_stage,binance:6582456432|clearing,2026-08-19T00:00:00+00:00,resolution_days=0; final_tier=TIER1_NORMAL
BREAK_RESOLVED,trade_stage,binance:6582456464|clearing,2026-08-19T00:00:00+00:00,resolution_days=0; final_tier=TIER1_NORMAL
BREAK_RESOLVED,trade_stage,binance:6582456470|clearing,2026-08-19T00:00:00+00:00,resolution_days=0; final_tier=TIER1_NORMAL
BREAK_RESOLVED,trade_stage,binance:6582456471|clearing,2026-08-19T00:00:00+00:00,resolution_days=0; final_tier=TIER1_NORMAL
BREAK_RESOLVED,trade_stage,kraken:105348580|clearing,2026-08-19T00:00:00+00:00,resolution_days=0; final_tier=TIER1_NORMAL
BREAK_RESOLVED,trade_stage,binance:6582456689|clearing,2026-08-19T00:00:00+00:00,resolution_days=0; final_tier=TIER1_NORMAL
BREAK_RESOLVED,trade_stage,binance:6582456715|clearing,2026-08-19T00:00:00+00:00,resolution_days=0; final_tier=TIER1_NORMAL
BREAK_RESOLVED,trade_stage,binance:6582456722|clearing,2026-08-19T00:00:00+00:00,resolution_days=0; final_tier=TIER1_NORMAL
BREAK_RESOLVED,trade_stage,binance:6582456728|clearing,2026-08-19T00:00:00+00:00,resolution_days=0; final_tier=TIER1_NORMAL
BREAK_RESOLVED,trade_stage,coinbase:1073148472|clearing,2026-08-19T00:00:00+00:00,resolution_days=0; final_tier=TIER1_NORMAL
BREAK_RESOLVED,trade_stage,coinbase:1073148488|clearing,2026-08-19T00:00:00+00:00,resolution_days=0; final_tier=TIER1_NORMAL
BREAK_RESOLVED,trade_stage,binance:6582456781|clearing,2026-08-19T00:00:00+00:00,resolution_days=0; final_tier=TIER1_NORMAL
BREAK_RESOLVED,trade_stage,binance:6582456803|clearing,2026-08-19T00:00:00+00:00,resolution_days=0; final_tier=TIER1_NORMAL
BREAK_RESOLVED,trade_stage,coinbase:1073148507|clearing,2026-08-19T00:00:00+00:00,resolution_days=0; final_tier=TIER1_NORMAL
BREAK_RESOLVED,trade_stage,coinbase:1073148518|clearing,2026-08-19T00:00:00+00:00,resolution_days=0; final_tier=TIER1_NORMAL
BREAK_RESOLVED,trade_stage,binance:6582456813|clearing,2026-08-19T00:00:00+00:00,resolution_days=0; final_tier=TIER1_NORMAL
BREAK_RESOLVED,trade_stage,binance:6582456815|clearing,2026-08-19T00:00:00+00:00,resolution_days=0; final_tier=TIER1_NORMAL
BREAK_RESOLVED,trade_stage,coinbase:1073148526|clearing,2026-08-19T00:00:00+00:00,resolution_days=0; final_tier=TIER1_NORMAL
BREAK_RESOLVED,trade_stage,coinbase:1073148528|clearing,2026-08-19T00:00:00+00:00,resolution_days=0; final_tier=TIER1_NORMAL
BREAK_RESOLVED,trade_stage,coinbase:1073148533|clearing,2026-08-19T00:00:00+00:00,resolution_days=0; final_tier=TIER1_NORMAL
BREAK_RESOLVED,trade_stage,kraken:105348590|clearing,2026-08-19T00:00:00+00:00,resolution_days=0; final_tier=TIER1_NORMAL
BREAK_RESOLVED,trade_stage,binance:6582456836|clearing,2026-08-19T00:00:00+00:00,resolution_days=0; final_tier=TIER1_NORMAL
BREAK_RESOLVED,trade_stage,coinbase:1073148561|clearing,2026-08-19T00:00:00+00:00,resolution_days=0; final_tier=TIER1_NORMAL
BREAK_RESOLVED,trade_stage,coinbase:1073148564|clearing,2026-08-19T00:00:00+00:00,resolution_days=0; final_tier=TIER1_NORMAL
BREAK_RESOLVED,trade_stage,kraken:105348597|clearing,2026-08-19T00:00:00+00:00,resolution_days=0; final_tier=TIER1_NORMAL
BREAK_RESOLVED,trade_stage,coinbase:1073148586|clearing,2026-08-19T00:00:00+00:00,resolution_days=0; final_tier=TIER1_NORMAL
BREAK_RESOLVED,trade_stage,coinbase:1073148619|clearing,2026-08-19T00:00:00+00:00,resolution_days=0; final_tier=TIER1_NORMAL
BREAK_RESOLVED,trade_stage,coinbase:1073148637|clearing,2026-08-19T00:00:00+00:00,resolution_days=0; final_tier=TIER1_NORMAL
BREAK_RESOLVED,trade_stage,coinbase:1073148655|clearing,2026-08-19T00:00:00+00:00,resolution_days=0; final_tier=TIER1_NORMAL
BREAK_RESOLVED,trade_stage,binance:6582456920|clearing,2026-08-19T00:00:00+00:00,resolution_days=0; final_tier=TIER1_NORMAL
BREAK_RESOLVED,trade_stage,binance:6582456921|clearing,2026-08-19T00:00:00+00:00,resolution_days=0; final_tier=TIER1_NORMAL
BREAK_RESOLVED,trade_stage,coinbase:1073148674|clearing,2026-08-19T00:00:00+00:00,resolution_days=0; final_tier=TIER1_NORMAL
BREAK_RESOLVED,trade_stage,coinbase:1073148675|clearing,2026-08-19T00:00:00+00:00,resolution_days=0; final_tier=TIER1_NORMAL
BREAK_RESOLVED,trade_stage,coinbase:1073148695|clearing,2026-08-19T00:00:00+00:00,resolution_days=0; final_tier=TIER1_NORMAL
BREAK_RESOLVED,trade_stage,coinbase:1073148703|clearing,2026-08-19T00:00:00+00:00,resolution_days=0; final_tier=TIER1_NORMAL
BREAK_RESOLVED,trade_stage,binance:6582457131|clearing,2026-08-19T00:00:00+00:00,resolution_days=0; final_tier=TIER1_NORMAL
BREAK_RESOLVED,trade_stage,binance:6582457134|clearing,2026-08-19T00:00:00+00:00,resolution_days=0; final_tier=TIER1_NORMAL
BREAK_RESOLVED,trade_stage,binance:6582457228|clearing,2026-08-19T00:00:00+00:00,resolution_days=0; final_tier=TIER1_NORMAL
BREAK_RESOLVED,trade_stage,coinbase:1073148732|clearing,2026-08-19T00:00:00+00:00,resolution_days=0; final_tier=TIER1_NORMAL
BREAK_RESOLVED,trade_stage,binance:6582457255|clearing,2026-08-19T00:00:00+00:00,resolution_days=0; final_tier=TIER1_NORMAL
BREAK_RESOLVED,trade_stage,binance:6582457256|clearing,2026-08-19T00:00:00+00:00,resolution_days=0; final_tier=TIER1_NORMAL
BREAK_RESOLVED,trade_stage,binance:6582457291|clearing,2026-08-19T00:00:00+00:00,resolution_days=0; final_tier=TIER1_NORMAL
BREAK_RESOLVED,trade_stage,binance:6582457316|clearing,2026-08-19T00:00:00+00:00,resolution_days=0; final_tier=TIER1_NORMAL
BREAK_RESOLVED,trade_stage,binance:6582457470|clearing,2026-08-19T00:00:00+00:00,resolution_days=0; final_tier=TIER1_NORMAL
BREAK_RESOLVED,trade_stage,binance:6582457527|clearing,2026-08-19T00:00:00+00:00,resolution_days=0; final_tier=TIER1_NORMAL
BREAK_RESOLVED,trade_stage,binance:6582457550|clearing,2026-08-19T00:00:00+00:00,resolution_days=0; final_tier=TIER1_NORMAL
BREAK_RESOLVED,trade_stage,binance:6582457554|clearing,2026-08-19T00:00:00+00:00,resolution_days=0; final_tier=TIER1_NORMAL
BREAK_RESOLVED,trade_stage,coinbase:1073148774|clearing,2026-08-19T00:00:00+00:00,resolution_days=0; final_tier=TIER1_NORMAL
BREAK_RESOLVED,trade_stage,kraken:105348614|clearing,2026-08-19T00:00:00+00:00,resolution_days=0; final_tier=TIER1_NORMAL
BREAK_RESOLVED,trade_stage,kraken:105348619|clearing,2026-08-19T00:00:00+00:00,resolution_days=0; final_tier=TIER1_NORMAL
BREAK_RESOLVED,trade_stage,binance:6582457573|clearing,2026-08-19T00:00:00+00:00,resolution_days=0; final_tier=TIER1_NORMAL
BREAK_RESOLVED,trade_stage,binance:6582457660|clearing,2026-08-19T00:00:00+00:00,resolution_days=0; final_tier=TIER1_NORMAL
BREAK_RESOLVED,trade_stage,binance:6582457758|clearing,2026-08-19T00:00:00+00:00,resolution_days=0; final_tier=TIER1_NORMAL
BREAK_RESOLVED,trade_stage,binance:6582457788|clearing,2026-08-19T00:00:00+00:00,resolution_days=0; final_tier=TIER1_NORMAL
BREAK_RESOLVED,trade_stage,binance:6582457809|clearing,2026-08-19T00:00:00+00:00,resolution_days=0; final_tier=TIER1_NORMAL
BREAK_RESOLVED,trade_stage,binance:6582457812|clearing,2026-08-19T00:00:00+00:00,resolution_days=0; final_tier=TIER1_NORMAL
BREAK_RESOLVED,trade_stage,binance:6582457829|clearing,2026-08-19T00:00:00+00:00,resolution_days=0; final_tier=TIER1_NORMAL
BREAK_RESOLVED,trade_stage,coinbase:1073148807|clearing,2026-08-19T00:00:00+00:00,resolution_days=0; final_tier=TIER1_NORMAL
BREAK_RESOLVED,trade_stage,binance:6582457889|clearing,2026-08-19T00:00:00+00:00,resolution_days=0; final_tier=TIER1_NORMAL
BREAK_RESOLVED,trade_stage,binance:6582457893|clearing,2026-08-19T00:00:00+00:00,resolution_days=0; final_tier=TIER1_NORMAL
BREAK_RESOLVED,trade_stage,coinbase:1073148837|clearing,2026-08-19T00:00:00+00:00,resolution_days=0; final_tier=TIER1_NORMAL
BREAK_RESOLVED,trade_stage,binance:6582457911|clearing,2026-08-19T00:00:00+00:00,resolution_days=0; final_tier=TIER1_NORMAL
BREAK_RESOLVED,trade_stage,binance:6582457913|clearing,2026-08-19T00:00:00+00:00,resolution_days=0; final_tier=TIER1_NORMAL
BREAK_RESOLVED,trade_stage,binance:6582458043|clearing,2026-08-19T00:00:00+00:00,resolution_days=0; final_tier=TIER1_NORMAL
BREAK_RESOLVED,trade_stage,coinbase:1073148857|clearing,2026-08-19T00:00:00+00:00,resolution_days=0; final_tier=TIER1_NORMAL
BREAK_RESOLVED,trade_stage,binance:6582458118|clearing,2026-08-19T00:00:00+00:00,resolution_days=0; final_tier=TIER1_NORMAL
BREAK_RESOLVED,trade_stage,coinbase:1073148869|clearing,2026-08-19T00:00:00+00:00,resolution_days=0; final_tier=TIER1_NORMAL
BREAK_RESOLVED,trade_stage,coinbase:1073148878|clearing,2026-08-19T00:00:00+00:00,resolution_days=0; final_tier=TIER1_NORMAL
BREAK_RESOLVED,trade_stage,binance:6582458152|clearing,2026-08-19T00:00:00+00:00,resolution_days=0; final_tier=TIER1_NORMAL
BREAK_RESOLVED,trade_stage,coinbase:1073148888|clearing,2026-08-19T00:00:00+00:00,resolution_days=0; final_tier=TIER1_NORMAL
BREAK_RESOLVED,trade_stage,coinbase:1073148898|clearing,2026-08-19T00:00:00+00:00,resolution_days=0; final_tier=TIER1_NORMAL
BREAK_RESOLVED,trade_stage,coinbase:1073148903|clearing,2026-08-19T00:00:00+00:00,resolution_days=0; final_tier=TIER1_NORMAL
BREAK_RESOLVED,trade_stage,coinbase:1073148908|clearing,2026-08-19T00:00:00+00:00,resolution_days=0; final_tier=TIER1_NORMAL
BREAK_RESOLVED,trade_stage,coinbase:1073148905|clearing,2026-08-19T00:00:00+00:00,resolution_days=0; final_tier=TIER1_NORMAL
BREAK_RESOLVED,trade_stage,binance:6582458229|clearing,2026-08-19T00:00:00+00:00,resolution_days=0; final_tier=TIER1_NORMAL
BREAK_RESOLVED,trade_stage,binance:6582458382|clearing,2026-08-19T00:00:00+00:00,resolution_days=0; final_tier=TIER1_NORMAL
BREAK_RESOLVED,trade_stage,binance:6582458411|clearing,2026-08-19T00:00:00+00:00,resolution_days=0; final_tier=TIER1_NORMAL
BREAK_RESOLVED,trade_stage,binance:6582458523|clearing,2026-08-19T00:00:00+00:00,resolution_days=0; final_tier=TIER1_NORMAL
BREAK_RESOLVED,trade_stage,coinbase:1073148961|clearing,2026-08-19T00:00:00+00:00,resolution_days=0; final_tier=TIER1_NORMAL
BREAK_RESOLVED,trade_stage,binance:6582458831|clearing,2026-08-19T00:00:00+00:00,resolution_days=0; final_tier=TIER1_NORMAL
BREAK_RESOLVED,trade_stage,binance:6582458887|clearing,2026-08-19T00:00:00+00:00,resolution_days=0; final_tier=TIER1_NORMAL
BREAK_RESOLVED,trade_stage,binance:6582458962|clearing,2026-08-19T00:00:00+00:00,resolution_days=0; final_tier=TIER1_NORMAL
BREAK_RESOLVED,trade_stage,binance:6582458981|clearing,2026-08-19T00:00:00+00:00,resolution_days=0; final_tier=TIER1_NORMAL
BREAK_RESOLVED,trade_stage,coinbase:1073148998|clearing,2026-08-19T00:00:00+00:00,resolution_days=0; final_tier=TIER1_NORMAL
BREAK_RESOLVED,trade_stage,coinbase:1073149001|clearing,2026-08-19T00:00:00+00:00,resolution_days=0; final_tier=TIER1_NORMAL
BREAK_RESOLVED,trade_stage,coinbase:1073149008|clearing,2026-08-19T00:00:00+00:00,resolution_days=0; final_tier=TIER1_NORMAL
BREAK_RESOLVED,trade_stage,coinbase:1073149015|clearing,2026-08-19T00:00:00+00:00,resolution_days=0; final_tier=TIER1_NORMAL
BREAK_RESOLVED,trade_stage,binance:6582459075|clearing,2026-08-19T00:00:00+00:00,resolution_days=0; final_tier=TIER1_NORMAL
BREAK_RESOLVED,trade_stage,binance:6582459103|clearing,2026-08-19T00:00:00+00:00,resolution_days=0; final_tier=TIER1_NORMAL
BREAK_RESOLVED,trade_stage,binance:6582459133|clearing,2026-08-19T00:00:00+00:00,resolution_days=0; final_tier=TIER1_NORMAL
BREAK_RESOLVED,trade_stage,binance:6582459134|clearing,2026-08-19T00:00:00+00:00,resolution_days=0; final_tier=TIER1_NORMAL
BREAK_RESOLVED,trade_stage,binance:6582459221|clearing,2026-08-19T00:00:00+00:00,resolution_days=0; final_tier=TIER1_NORMAL
BREAK_RESOLVED,trade_stage,binance:6582459324|clearing,2026-08-19T00:00:00+00:00,resolution_days=0; final_tier=TIER1_NORMAL
BREAK_RESOLVED,trade_stage,binance:6582459362|clearing,2026-08-19T00:00:00+00:00,resolution_days=0; final_tier=TIER1_NORMAL
BREAK_RESOLVED,trade_stage,binance:6582459369|clearing,2026-08-19T00:00:00+00:00,resolution_days=0; final_tier=TIER1_NORMAL
BREAK_RESOLVED,trade_stage,binance:6582459434|clearing,2026-08-19T00:00:00+00:00,resolution_days=0; final_tier=TIER1_NORMAL
BREAK_RESOLVED,trade_stage,binance:6582459451|clearing,2026-08-19T00:00:00+00:00,resolution_days=0; final_tier=TIER1_NORMAL
BREAK_RESOLVED,trade_stage,coinbase:1073149043|clearing,2026-08-19T00:00:00+00:00,resolution_days=0; final_tier=TIER1_NORMAL
BREAK_RESOLVED,trade_stage,binance:6582459545|clearing,2026-08-19T00:00:00+00:00,resolution_days=0; final_tier=TIER1_NORMAL
BREAK_RESOLVED,trade_stage,binance:6582459565|clearing,2026-08-19T00:00:00+00:00,resolution_days=0; final_tier=TIER1_NORMAL
BREAK_RESOLVED,trade_stage,binance:6582459578|clearing,2026-08-19T00:00:00+00:00,resolution_days=0; final_tier=TIER1_NORMAL
BREAK_RESOLVED,trade_stage,binance:6582459585|clearing,2026-08-19T00:00:00+00:00,resolution_days=0; final_tier=TIER1_NORMAL
BREAK_RESOLVED,trade_stage,coinbase:1073149098|clearing,2026-08-19T00:00:00+00:00,resolution_days=0; final_tier=TIER1_NORMAL
BREAK_RESOLVED,trade_stage,coinbase:1073149102|clearing,2026-08-19T00:00:00+00:00,resolution_days=0; final_tier=TIER1_NORMAL
BREAK_RESOLVED,trade_stage,coinbase:1073149104|clearing,2026-08-19T00:00:00+00:00,resolution_days=0; final_tier=TIER1_NORMAL
BREAK_RESOLVED,trade_stage,binance:6582459632|clearing,2026-08-19T00:00:00+00:00,resolution_days=0; final_tier=TIER1_NORMAL
BREAK_RESOLVED,trade_stage,binance:6582459722|clearing,2026-08-19T00:00:00+00:00,resolution_days=0; final_tier=TIER1_NORMAL
BREAK_RESOLVED,trade_stage,binance:6582459750|clearing,2026-08-19T00:00:00+00:00,resolution_days=0; final_tier=TIER1_NORMAL
BREAK_RESOLVED,trade_stage,binance:6582459818|clearing,2026-08-19T00:00:00+00:00,resolution_days=0; final_tier=TIER1_NORMAL
BREAK_RESOLVED,trade_stage,binance:6582459859|clearing,2026-08-19T00:00:00+00:00,resolution_days=0; final_tier=TIER1_NORMAL
BREAK_RESOLVED,trade_stage,coinbase:1073149161|clearing,2026-08-19T00:00:00+00:00,resolution_days=0; final_tier=TIER1_NORMAL
BREAK_RESOLVED,trade_stage,binance:6582459998|clearing,2026-08-19T00:00:00+00:00,resolution_days=0; final_tier=TIER1_NORMAL
BREAK_RESOLVED,trade_stage,binance:6582460153|clearing,2026-08-19T00:00:00+00:00,resolution_days=0; final_tier=TIER1_NORMAL
BREAK_RESOLVED,trade_stage,binance:6582460200|clearing,2026-08-19T00:00:00+00:00,resolution_days=0; final_tier=TIER1_NORMAL
BREAK_RESOLVED,trade_stage,binance:6582460228|clearing,2026-08-19T00:00:00+00:00,resolution_days=0; final_tier=TIER1_NORMAL
BREAK_RESOLVED,trade_stage,binance:6582460230|clearing,2026-08-19T00:00:00+00:00,resolution_days=0; final_tier=TIER1_NORMAL
BREAK_RESOLVED,trade_stage,coinbase:1073149221|clearing,2026-08-19T00:00:00+00:00,resolution_days=0; final_tier=TIER1_NORMAL
BREAK_RESOLVED,trade_stage,binance:6582460247|clearing,2026-08-19T00:00:00+00:00,resolution_days=0; final_tier=TIER1_NORMAL
BREAK_RESOLVED,trade_stage,coinbase:1073149247|clearing,2026-08-19T00:00:00+00:00,resolution_days=0; final_tier=TIER1_NORMAL
BREAK_RESOLVED,trade_stage,binance:6582460275|clearing,2026-08-19T00:00:00+00:00,resolution_days=0; final_tier=TIER1_NORMAL
BREAK_RESOLVED,trade_stage,binance:6582460330|clearing,2026-08-19T00:00:00+00:00,resolution_days=0; final_tier=TIER1_NORMAL
BREAK_RESOLVED,trade_stage,coinbase:1073149270|clearing,2026-08-19T00:00:00+00:00,resolution_days=0; final_tier=TIER1_NORMAL
BREAK_RESOLVED,trade_stage,coinbase:1073149272|clearing,2026-08-19T00:00:00+00:00,resolution_days=0; final_tier=TIER1_NORMAL
BREAK_RESOLVED,trade_stage,binance:6582460400|clearing,2026-08-19T00:00:00+00:00,resolution_days=0; final_tier=TIER1_NORMAL
BREAK_RESOLVED,trade_stage,binance:6582460410|clearing,2026-08-19T00:00:00+00:00,resolution_days=0; final_tier=TIER1_NORMAL
BREAK_RESOLVED,trade_stage,binance:6582460452|clearing,2026-08-19T00:00:00+00:00,resolution_days=0; final_tier=TIER1_NORMAL
BREAK_RESOLVED,trade_stage,binance:6582460523|clearing,2026-08-19T00:00:00+00:00,resolution_days=0; final_tier=TIER1_NORMAL
BREAK_RESOLVED,trade_stage,coinbase:1073149297|clearing,2026-08-19T00:00:00+00:00,resolution_days=0; final_tier=TIER1_NORMAL
BREAK_RESOLVED,trade_stage,coinbase:1073149308|clearing,2026-08-19T00:00:00+00:00,resolution_days=0; final_tier=TIER1_NORMAL
BREAK_RESOLVED,trade_stage,binance:6582460664|clearing,2026-08-19T00:00:00+00:00,resolution_days=0; final_tier=TIER1_NORMAL
BREAK_RESOLVED,trade_stage,binance:6582460671|clearing,2026-08-19T00:00:00+00:00,resolution_days=0; final_tier=TIER1_NORMAL
BREAK_RESOLVED,trade_stage,binance:6582460710|clearing,2026-08-19T00:00:00+00:00,resolution_days=0; final_tier=TIER1_NORMAL
BREAK_RESOLVED,trade_stage,coinbase:1073149314|clearing,2026-08-19T00:00:00+00:00,resolution_days=0; final_tier=TIER1_NORMAL
BREAK_RESOLVED,trade_stage,coinbase:1073149330|clearing,2026-08-19T00:00:00+00:00,resolution_days=0; final_tier=TIER1_NORMAL
BREAK_RESOLVED,trade_stage,binance:6582460830|clearing,2026-08-19T00:00:00+00:00,resolution_days=0; final_tier=TIER1_NORMAL
BREAK_RESOLVED,trade_stage,binance:6582460989|clearing,2026-08-19T00:00:00+00:00,resolution_days=0; final_tier=TIER1_NORMAL
BREAK_RESOLVED,trade_stage,binance:6582461070|clearing,2026-08-19T00:00:00+00:00,resolution_days=0; final_tier=TIER1_NORMAL
BREAK_RESOLVED,trade_stage,binance:6582461083|clearing,2026-08-19T00:00:00+00:00,resolution_days=0; final_tier=TIER1_NORMAL
BREAK_RESOLVED,trade_stage,binance:6582461110|clearing,2026-08-19T00:00:00+00:00,resolution_days=0; final_tier=TIER1_NORMAL
BREAK_RESOLVED,trade_stage,coinbase:1073149397|clearing,2026-08-19T00:00:00+00:00,resolution_days=0; final_tier=TIER1_NORMAL
BREAK_RESOLVED,trade_stage,binance:6582461217|clearing,2026-08-19T00:00:00+00:00,resolution_days=0; final_tier=TIER1_NORMAL
BREAK_RESOLVED,trade_stage,binance:6582461227|clearing,2026-08-19T00:00:00+00:00,resolution_days=0; final_tier=TIER1_NORMAL
BREAK_RESOLVED,trade_stage,coinbase:1073149428|clearing,2026-08-19T00:00:00+00:00,resolution_days=0; final_tier=TIER1_NORMAL
BREAK_RESOLVED,trade_stage,coinbase:1073149434|clearing,2026-08-19T00:00:00+00:00,resolution_days=0; final_tier=TIER1_NORMAL
BREAK_RESOLVED,trade_stage,coinbase:1073149438|clearing,2026-08-19T00:00:00+00:00,resolution_days=0; final_tier=TIER1_NORMAL
BREAK_RESOLVED,trade_stage,binance:6582461330|clearing,2026-08-19T00:00:00+00:00,resolution_days=0; final_tier=TIER1_NORMAL
BREAK_RESOLVED,trade_stage,coinbase:1073149456|clearing,2026-08-19T00:00:00+00:00,resolution_days=0; final_tier=TIER1_NORMAL
BREAK_RESOLVED,trade_stage,binance:6582461396|clearing,2026-08-19T00:00:00+00:00,resolution_days=0; final_tier=TIER1_NORMAL
BREAK_RESOLVED,trade_stage,binance:6582461557|clearing,2026-08-19T00:00:00+00:00,resolution_days=0; final_tier=TIER1_NORMAL
BREAK_RESOLVED,trade_stage,binance:6582461562|clearing,2026-08-19T00:00:00+00:00,resolution_days=0; final_tier=TIER1_NORMAL
BREAK_RESOLVED,trade_stage,binance:6582461627|clearing,2026-08-19T00:00:00+00:00,resolution_days=0; final_tier=TIER1_NORMAL
BREAK_RESOLVED,trade_stage,binance:6582461656|clearing,2026-08-19T00:00:00+00:00,resolution_days=0; final_tier=TIER1_NORMAL
BREAK_RESOLVED,trade_stage,binance:6582461674|clearing,2026-08-19T00:00:00+00:00,resolution_days=0; final_tier=TIER1_NORMAL
BREAK_RESOLVED,trade_stage,binance:6582461697|clearing,2026-08-19T00:00:00+00:00,resolution_days=0; final_tier=TIER1_NORMAL
BREAK_RESOLVED,trade_stage,binance:6582461716|clearing,2026-08-19T00:00:00+00:00,resolution_days=0; final_tier=TIER1_NORMAL
BREAK_RESOLVED,trade_stage,coinbase:1073149539|clearing,2026-08-19T00:00:00+00:00,resolution_days=0; final_tier=TIER1_NORMAL
BREAK_RESOLVED,trade_stage,binance:6582461722|clearing,2026-08-19T00:00:00+00:00,resolution_days=0; final_tier=TIER1_NORMAL
BREAK_RESOLVED,trade_stage,coinbase:1073149551|clearing,2026-08-19T00:00:00+00:00,resolution_days=0; final_tier=TIER1_NORMAL
BREAK_RESOLVED,trade_stage,binance:6582461809|clearing,2026-08-19T00:00:00+00:00,resolution_days=0; final_tier=TIER1_NORMAL
BREAK_RESOLVED,trade_stage,coinbase:1073149572|clearing,2026-08-19T00:00:00+00:00,resolution_days=0; final_tier=TIER1_NORMAL
BREAK_RESOLVED,trade_stage,coinbase:1073149575|clearing,2026-08-19T00:00:00+00:00,resolution_days=0; final_tier=TIER1_NORMAL
BREAK_RESOLVED,trade_stage,binance:6582461842|clearing,2026-08-19T00:00:00+00:00,resolution_days=0; final_tier=TIER1_NORMAL
BREAK_RESOLVED,trade_stage,coinbase:1073149594|clearing,2026-08-19T00:00:00+00:00,resolution_days=0; final_tier=TIER1_NORMAL
BREAK_RESOLVED,trade_stage,binance:6582461898|clearing,2026-08-19T00:00:00+00:00,resolution_days=0; final_tier=TIER1_NORMAL
BREAK_RESOLVED,trade_stage,coinbase:1073149617|clearing,2026-08-19T00:00:00+00:00,resolution_days=0; final_tier=TIER1_NORMAL
BREAK_RESOLVED,trade_stage,coinbase:1073149629|clearing,2026-08-19T00:00:00+00:00,resolution_days=0; final_tier=TIER1_NORMAL
BREAK_RESOLVED,trade_stage,binance:6582461963|clearing,2026-08-19T00:00:00+00:00,resolution_days=0; final_tier=TIER1_NORMAL
BREAK_RESOLVED,trade_stage,coinbase:1073149645|clearing,2026-08-19T00:00:00+00:00,resolution_days=0; final_tier=TIER1_NORMAL
BREAK_RESOLVED,trade_stage,binance:6582461997|clearing,2026-08-19T00:00:00+00:00,resolution_days=0; final_tier=TIER1_NORMAL
BREAK_RESOLVED,trade_stage,binance:6582462140|clearing,2026-08-19T00:00:00+00:00,resolution_days=0; final_tier=TIER1_NORMAL
BREAK_RESOLVED,trade_stage,binance:6582462146|clearing,2026-08-19T00:00:00+00:00,resolution_days=0; final_tier=TIER1_NORMAL
BREAK_RESOLVED,trade_stage,coinbase:1073149703|clearing,2026-08-19T00:00:00+00:00,resolution_days=0; final_tier=TIER1_NORMAL
BREAK_RESOLVED,trade_stage,binance:6582462194|clearing,2026-08-19T00:00:00+00:00,resolution_days=0; final_tier=TIER1_NORMAL
BREAK_RESOLVED,trade_stage,binance:6582462343|clearing,2026-08-19T00:00:00+00:00,resolution_days=0; final_tier=TIER1_NORMAL
BREAK_RESOLVED,trade_stage,binance:6582462380|clearing,2026-08-19T00:00:00+00:00,resolution_days=0; final_tier=TIER1_NORMAL
BREAK_RESOLVED,trade_stage,binance:6582462384|clearing,2026-08-19T00:00:00+00:00,resolution_days=0; final_tier=TIER1_NORMAL
BREAK_RESOLVED,trade_stage,binance:6582462385|clearing,2026-08-19T00:00:00+00:00,resolution_days=0; final_tier=TIER1_NORMAL
BREAK_RESOLVED,trade_stage,binance:6582462434|clearing,2026-08-19T00:00:00+00:00,resolution_days=0; final_tier=TIER1_NORMAL
BREAK_RESOLVED,trade_stage,binance:6582462435|clearing,2026-08-19T00:00:00+00:00,resolution_days=0; final_tier=TIER1_NORMAL
BREAK_RESOLVED,trade_stage,binance:6582462438|clearing,2026-08-19T00:00:00+00:00,resolution_days=0; final_tier=TIER1_NORMAL
BREAK_RESOLVED,trade_stage,binance:6582462457|clearing,2026-08-19T00:00:00+00:00,resolution_days=0; final_tier=TIER1_NORMAL
BREAK_RESOLVED,trade_stage,kraken:105348708|clearing,2026-08-19T00:00:00+00:00,resolution_days=0; final_tier=TIER1_NORMAL
BREAK_RESOLVED,trade_stage,binance:6582462466|clearing,2026-08-19T00:00:00+00:00,resolution_days=0; final_tier=TIER1_NORMAL
BREAK_RESOLVED,trade_stage,coinbase:1073149801|clearing,2026-08-19T00:00:00+00:00,resolution_days=0; final_tier=TIER1_NORMAL
BREAK_RESOLVED,trade_stage,binance:6582462542|clearing,2026-08-19T00:00:00+00:00,resolution_days=0; final_tier=TIER1_NORMAL
BREAK_RESOLVED,trade_stage,binance:6582462590|clearing,2026-08-19T00:00:00+00:00,resolution_days=0; final_tier=TIER1_NORMAL
BREAK_RESOLVED,trade_stage,binance:6582462641|clearing,2026-08-19T00:00:00+00:00,resolution_days=0; final_tier=TIER1_NORMAL
BREAK_RESOLVED,trade_stage,binance:6582462723|clearing,2026-08-19T00:00:00+00:00,resolution_days=0; final_tier=TIER1_NORMAL
BREAK_RESOLVED,trade_stage,binance:6582462727|clearing,2026-08-19T00:00:00+00:00,resolution_days=0; final_tier=TIER1_NORMAL
BREAK_RESOLVED,trade_stage,binance:6582462737|clearing,2026-08-19T00:00:00+00:00,resolution_days=0; final_tier=TIER1_NORMAL
BREAK_RESOLVED,trade_stage,binance:6582462749|clearing,2026-08-19T00:00:00+00:00,resolution_days=0; final_tier=TIER1_NORMAL
BREAK_RESOLVED,trade_stage,binance:6582462752|clearing,2026-08-19T00:00:00+00:00,resolution_days=0; final_tier=TIER1_NORMAL
BREAK_RESOLVED,trade_stage,coinbase:1073149840|clearing,2026-08-19T00:00:00+00:00,resolution_days=0; final_tier=TIER1_NORMAL
BREAK_RESOLVED,trade_stage,coinbase:1073149860|clearing,2026-08-19T00:00:00+00:00,resolution_days=0; final_tier=TIER1_NORMAL
BREAK_RESOLVED,trade_stage,coinbase:1073149862|clearing,2026-08-19T00:00:00+00:00,resolution_days=0; final_tier=TIER1_NORMAL
BREAK_RESOLVED,trade_stage,coinbase:1073149871|clearing,2026-08-19T00:00:00+00:00,resolution_days=0; final_tier=TIER1_NORMAL
BREAK_RESOLVED,trade_stage,coinbase:1073149873|clearing,2026-08-19T00:00:00+00:00,resolution_days=0; final_tier=TIER1_NORMAL
BREAK_RESOLVED,trade_stage,kraken:105348717|clearing,2026-08-19T00:00:00+00:00,resolution_days=0; final_tier=TIER1_NORMAL
BREAK_RESOLVED,trade_stage,kraken:105348720|clearing,2026-08-19T00:00:00+00:00,resolution_days=0; final_tier=TIER1_NORMAL
BREAK_RESOLVED,trade_stage,kraken:105348724|clearing,2026-08-19T00:00:00+00:00,resolution_days=0; final_tier=TIER1_NORMAL
BREAK_RESOLVED,trade_stage,coinbase:1073149890|clearing,2026-08-19T00:00:00+00:00,resolution_days=0; final_tier=TIER1_NORMAL
BREAK_RESOLVED,trade_stage,coinbase:1073149904|clearing,2026-08-19T00:00:00+00:00,resolution_days=0; final_tier=TIER1_NORMAL
BREAK_RESOLVED,trade_stage,coinbase:1073149923|clearing,2026-08-19T00:00:00+00:00,resolution_days=0; final_tier=TIER1_NORMAL
BREAK_RESOLVED,trade_stage,binance:6582462964|clearing,2026-08-19T00:00:00+00:00,resolution_days=0; final_tier=TIER1_NORMAL
BREAK_RESOLVED,trade_stage,coinbase:1073149987|clearing,2026-08-19T00:00:00+00:00,resolution_days=0; final_tier=TIER1_NORMAL
BREAK_RESOLVED,trade_stage,coinbase:1073150010|clearing,2026-08-19T00:00:00+00:00,resolution_days=0; final_tier=TIER1_NORMAL
BREAK_RESOLVED,trade_stage,binance:6582463202|clearing,2026-08-19T00:00:00+00:00,resolution_days=0; final_tier=TIER1_NORMAL
BREAK_RESOLVED,trade_stage,coinbase:1073150023|clearing,2026-08-19T00:00:00+00:00,resolution_days=0; final_tier=TIER1_NORMAL
BREAK_RESOLVED,trade_stage,coinbase:1073150070|clearing,2026-08-19T00:00:00+00:00,resolution_days=0; final_tier=TIER1_NORMAL
BREAK_RESOLVED,trade_stage,coinbase:1073150072|clearing,2026-08-19T00:00:00+00:00,resolution_days=0; final_tier=TIER1_NORMAL
BREAK_RESOLVED,trade_stage,binance:6582463507|clearing,2026-08-19T00:00:00+00:00,resolution_days=0; final_tier=TIER1_NORMAL
BREAK_RESOLVED,trade_stage,binance:6582463578|clearing,2026-08-19T00:00:00+00:00,resolution_days=0; final_tier=TIER1_NORMAL
BREAK_RESOLVED,trade_stage,coinbase:1073150108|clearing,2026-08-19T00:00:00+00:00,resolution_days=0; final_tier=TIER1_NORMAL
BREAK_RESOLVED,trade_stage,coinbase:1073150114|clearing,2026-08-19T00:00:00+00:00,resolution_days=0; final_tier=TIER1_NORMAL
BREAK_RESOLVED,trade_stage,binance:6582463626|clearing,2026-08-19T00:00:00+00:00,resolution_days=0; final_tier=TIER1_NORMAL
BREAK_RESOLVED,trade_stage,binance:6582463631|clearing,2026-08-19T00:00:00+00:00,resolution_days=0; final_tier=TIER1_NORMAL
BREAK_RESOLVED,trade_stage,coinbase:1073150127|clearing,2026-08-19T00:00:00+00:00,resolution_days=0; final_tier=TIER1_NORMAL
BREAK_RESOLVED,trade_stage,coinbase:1073150153|clearing,2026-08-19T00:00:00+00:00,resolution_days=0; final_tier=TIER1_NORMAL
BREAK_RESOLVED,trade_stage,binance:6582463650|clearing,2026-08-19T00:00:00+00:00,resolution_days=0; final_tier=TIER1_NORMAL
BREAK_RESOLVED,trade_stage,coinbase:1073150172|clearing,2026-08-19T00:00:00+00:00,resolution_days=0; final_tier=TIER1_NORMAL
BREAK_RESOLVED,trade_stage,coinbase:1073150185|clearing,2026-08-19T00:00:00+00:00,resolution_days=0; final_tier=TIER1_NORMAL
BREAK_RESOLVED,trade_stage,coinbase:1073150192|clearing,2026-08-19T00:00:00+00:00,resolution_days=0; final_tier=TIER1_NORMAL
BREAK_RESOLVED,trade_stage,binance:6582463664|clearing,2026-08-19T00:00:00+00:00,resolution_days=0; final_tier=TIER1_NORMAL
BREAK_RESOLVED,trade_stage,coinbase:1073150211|clearing,2026-08-19T00:00:00+00:00,resolution_days=0; final_tier=TIER1_NORMAL
BREAK_RESOLVED,trade_stage,coinbase:1073150234|clearing,2026-08-19T00:00:00+00:00,resolution_days=0; final_tier=TIER1_NORMAL
BREAK_RESOLVED,trade_stage,coinbase:1073150243|clearing,2026-08-19T00:00:00+00:00,resolution_days=0; final_tier=TIER1_NORMAL
BREAK_RESOLVED,trade_stage,binance:6582463768|clearing,2026-08-19T00:00:00+00:00,resolution_days=0; final_tier=TIER1_NORMAL
BREAK_RESOLVED,trade_stage,binance:6582463926|clearing,2026-08-19T00:00:00+00:00,resolution_days=0; final_tier=TIER1_NORMAL
BREAK_RESOLVED,trade_stage,coinbase:1073150266|clearing,2026-08-19T00:00:00+00:00,resolution_days=0; final_tier=TIER1_NORMAL
BREAK_RESOLVED,trade_stage,coinbase:1073150269|clearing,2026-08-19T00:00:00+00:00,resolution_days=0; final_tier=TIER1_NORMAL
BREAK_RESOLVED,trade_stage,coinbase:1073150271|clearing,2026-08-19T00:00:00+00:00,resolution_days=0; final_tier=TIER1_NORMAL
BREAK_RESOLVED,trade_stage,coinbase:1073150273|clearing,2026-08-19T00:00:00+00:00,resolution_days=0; final_tier=TIER1_NORMAL
BREAK_RESOLVED,trade_stage,coinbase:1073150289|clearing,2026-08-19T00:00:00+00:00,resolution_days=0; final_tier=TIER1_NORMAL
BREAK_RESOLVED,trade_stage,binance:6582463962|clearing,2026-08-19T00:00:00+00:00,resolution_days=0; final_tier=TIER1_NORMAL
BREAK_RESOLVED,trade_stage,coinbase:1073150295|clearing,2026-08-19T00:00:00+00:00,resolution_days=0; final_tier=TIER1_NORMAL
BREAK_RESOLVED,trade_stage,coinbase:1073150316|clearing,2026-08-19T00:00:00+00:00,resolution_days=0; final_tier=TIER1_NORMAL
BREAK_RESOLVED,trade_stage,coinbase:1073150334|clearing,2026-08-19T00:00:00+00:00,resolution_days=0; final_tier=TIER1_NORMAL
BREAK_RESOLVED,trade_stage,binance:6582464049|clearing,2026-08-19T00:00:00+00:00,resolution_days=0; final_tier=TIER1_NORMAL
BREAK_RESOLVED,trade_stage,binance:6582464186|clearing,2026-08-19T00:00:00+00:00,resolution_days=0; final_tier=TIER1_NORMAL
BREAK_RESOLVED,trade_stage,binance:6582464216|clearing,2026-08-19T00:00:00+00:00,resolution_days=0; final_tier=TIER1_NORMAL
BREAK_RESOLVED,trade_stage,binance:6582464350|clearing,2026-08-19T00:00:00+00:00,resolution_days=0; final_tier=TIER1_NORMAL
BREAK_RESOLVED,trade_stage,binance:6582464362|clearing,2026-08-19T00:00:00+00:00,resolution_days=0; final_tier=TIER1_NORMAL
BREAK_RESOLVED,trade_stage,binance:6582464371|clearing,2026-08-19T00:00:00+00:00,resolution_days=0; final_tier=TIER1_NORMAL
BREAK_RESOLVED,trade_stage,coinbase:1073150385|clearing,2026-08-19T00:00:00+00:00,resolution_days=0; final_tier=TIER1_NORMAL
BREAK_RESOLVED,trade_stage,binance:6582464373|clearing,2026-08-19T00:00:00+00:00,resolution_days=0; final_tier=TIER1_NORMAL
BREAK_RESOLVED,trade_stage,binance:6582464376|clearing,2026-08-19T00:00:00+00:00,resolution_days=0; final_tier=TIER1_NORMAL
BREAK_RESOLVED,trade_stage,coinbase:1073150405|clearing,2026-08-19T00:00:00+00:00,resolution_days=0; final_tier=TIER1_NORMAL
BREAK_RESOLVED,trade_stage,binance:6582464392|clearing,2026-08-19T00:00:00+00:00,resolution_days=0; final_tier=TIER1_NORMAL
BREAK_RESOLVED,trade_stage,binance:6582464444|clearing,2026-08-19T00:00:00+00:00,resolution_days=0; final_tier=TIER1_NORMAL
BREAK_RESOLVED,trade_stage,binance:6582464445|clearing,2026-08-19T00:00:00+00:00,resolution_days=0; final_tier=TIER1_NORMAL
BREAK_RESOLVED,trade_stage,binance:6582464476|clearing,2026-08-19T00:00:00+00:00,resolution_days=0; final_tier=TIER1_NORMAL
BREAK_RESOLVED,trade_stage,binance:6582464493|clearing,2026-08-19T00:00:00+00:00,resolution_days=0; final_tier=TIER1_NORMAL
BREAK_RESOLVED,trade_stage,coinbase:1073150420|clearing,2026-08-19T00:00:00+00:00,resolution_days=0; final_tier=TIER1_NORMAL
BREAK_RESOLVED,trade_stage,coinbase:1073150439|clearing,2026-08-19T00:00:00+00:00,resolution_days=0; final_tier=TIER1_NORMAL
BREAK_RESOLVED,trade_stage,coinbase:1073150447|clearing,2026-08-19T00:00:00+00:00,resolution_days=0; final_tier=TIER1_NORMAL
BREAK_RESOLVED,trade_stage,coinbase:1073150461|clearing,2026-08-19T00:00:00+00:00,resolution_days=0; final_tier=TIER1_NORMAL
BREAK_RESOLVED,trade_stage,binance:6582464515|clearing,2026-08-19T00:00:00+00:00,resolution_days=0; final_tier=TIER1_NORMAL
BREAK_RESOLVED,trade_stage,coinbase:1073150471|clearing,2026-08-19T00:00:00+00:00,resolution_days=0; final_tier=TIER1_NORMAL
BREAK_RESOLVED,trade_stage,binance:6582464658|clearing,2026-08-19T00:00:00+00:00,resolution_days=0; final_tier=TIER1_NORMAL
BREAK_RESOLVED,trade_stage,binance:6582464755|clearing,2026-08-19T00:00:00+00:00,resolution_days=0; final_tier=TIER1_NORMAL
BREAK_RESOLVED,trade_stage,coinbase:1073150502|clearing,2026-08-19T00:00:00+00:00,resolution_days=0; final_tier=TIER1_NORMAL
BREAK_RESOLVED,trade_stage,coinbase:1073150506|clearing,2026-08-19T00:00:00+00:00,resolution_days=0; final_tier=TIER1_NORMAL
BREAK_RESOLVED,trade_stage,coinbase:1073150514|clearing,2026-08-19T00:00:00+00:00,resolution_days=0; final_tier=TIER1_NORMAL
BREAK_RESOLVED,trade_stage,coinbase:1073150522|clearing,2026-08-19T00:00:00+00:00,resolution_days=0; final_tier=TIER1_NORMAL
BREAK_RESOLVED,trade_stage,binance:6582465153|clearing,2026-08-19T00:00:00+00:00,resolution_days=0; final_tier=TIER1_NORMAL
BREAK_RESOLVED,trade_stage,binance:6582465154|clearing,2026-08-19T00:00:00+00:00,resolution_days=0; final_tier=TIER1_NORMAL
BREAK_RESOLVED,trade_stage,binance:6582465155|clearing,2026-08-19T00:00:00+00:00,resolution_days=0; final_tier=TIER1_NORMAL
BREAK_RESOLVED,trade_stage,binance:6582465213|clearing,2026-08-19T00:00:00+00:00,resolution_days=0; final_tier=TIER1_NORMAL
BREAK_RESOLVED,trade_stage,binance:6582465231|clearing,2026-08-19T00:00:00+00:00,resolution_days=0; final_tier=TIER1_NORMAL
BREAK_RESOLVED,trade_stage,coinbase:1073150596|clearing,2026-08-19T00:00:00+00:00,resolution_days=0; final_tier=TIER1_NORMAL
BREAK_RESOLVED,trade_stage,coinbase:1073150640|clearing,2026-08-19T00:00:00+00:00,resolution_days=0; final_tier=TIER1_NORMAL
BREAK_RESOLVED,trade_stage,coinbase:1073150660|clearing,2026-08-19T00:00:00+00:00,resolution_days=0; final_tier=TIER1_NORMAL
BREAK_RESOLVED,trade_stage,coinbase:1073150671|clearing,2026-08-19T00:00:00+00:00,resolution_days=0; final_tier=TIER1_NORMAL
BREAK_RESOLVED,trade_stage,kraken:105347815|confirm,2026-08-19T00:00:00+00:00,resolution_days=0; final_tier=TIER1_NORMAL
BREAK_RESOLVED,trade_stage,kraken:105347846|confirm,2026-08-19T00:00:00+00:00,resolution_days=0; final_tier=TIER1_NORMAL
BREAK_RESOLVED,trade_stage,kraken:105347860|confirm,2026-08-19T00:00:00+00:00,resolution_days=0; final_tier=TIER1_NORMAL
BREAK_RESOLVED,trade_stage,kraken:105347863|confirm,2026-08-19T00:00:00+00:00,resolution_days=0; final_tier=TIER1_NORMAL
BREAK_RESOLVED,trade_stage,kraken:105347867|confirm,2026-08-19T00:00:00+00:00,resolution_days=0; final_tier=TIER1_NORMAL
BREAK_RESOLVED,trade_stage,kraken:105347884|confirm,2026-08-19T00:00:00+00:00,resolution_days=0; final_tier=TIER1_NORMAL
BREAK_RESOLVED,trade_stage,kraken:105347887|confirm,2026-08-19T00:00:00+00:00,resolution_days=0; final_tier=TIER1_NORMAL
BREAK_RESOLVED,trade_stage,kraken:105347915|confirm,2026-08-19T00:00:00+00:00,resolution_days=0; final_tier=TIER1_NORMAL
BREAK_RESOLVED,trade_stage,kraken:105347918|confirm,2026-08-19T00:00:00+00:00,resolution_days=0; final_tier=TIER1_NORMAL
BREAK_RESOLVED,trade_stage,kraken:105347929|confirm,2026-08-19T00:00:00+00:00,resolution_days=0; final_tier=TIER1_NORMAL
BREAK_RESOLVED,trade_stage,kraken:105347934|confirm,2026-08-19T00:00:00+00:00,resolution_days=0; final_tier=TIER1_NORMAL
BREAK_RESOLVED,trade_stage,kraken:105347976|confirm,2026-08-19T00:00:00+00:00,resolution_days=0; final_tier=TIER1_NORMAL
BREAK_RESOLVED,trade_stage,kraken:105347987|confirm,2026-08-19T00:00:00+00:00,resolution_days=0; final_tier=TIER1_NORMAL
BREAK_RESOLVED,trade_stage,kraken:105348025|confirm,2026-08-19T00:00:00+00:00,resolution_days=0; final_tier=TIER1_NORMAL
BREAK_RESOLVED,trade_stage,kraken:105348041|confirm,2026-08-19T00:00:00+00:00,resolution_days=0; final_tier=TIER1_NORMAL
BREAK_RESOLVED,trade_stage,kraken:105348050|confirm,2026-08-19T00:00:00+00:00,resolution_days=0; final_tier=TIER1_NORMAL
BREAK_RESOLVED,trade_stage,kraken:105348077|confirm,2026-08-19T00:00:00+00:00,resolution_days=0; final_tier=TIER1_NORMAL
BREAK_RESOLVED,trade_stage,kraken:105348095|confirm,2026-08-19T00:00:00+00:00,resolution_days=0; final_tier=TIER1_NORMAL
BREAK_RESOLVED,trade_stage,kraken:105348097|confirm,2026-08-19T00:00:00+00:00,resolution_days=0; final_tier=TIER1_NORMAL
BREAK_RESOLVED,trade_stage,kraken:105348207|confirm,2026-08-19T00:00:00+00:00,resolution_days=0; final_tier=TIER1_NORMAL
BREAK_RESOLVED,trade_stage,kraken:105348210|confirm,2026-08-19T00:00:00+00:00,resolution_days=0; final_tier=TIER1_NORMAL
BREAK_RESOLVED,trade_stage,kraken:105348227|confirm,2026-08-19T00:00:00+00:00,resolution_days=0; final_tier=TIER1_NORMAL
BREAK_RESOLVED,trade_stage,kraken:105348251|confirm,2026-08-19T00:00:00+00:00,resolution_days=0; final_tier=TIER1_NORMAL
BREAK_RESOLVED,trade_stage,coinbase:1073145692|confirm,2026-08-19T00:00:00+00:00,resolution_days=0; final_tier=TIER1_NORMAL
BREAK_RESOLVED,trade_stage,coinbase:1073145730|confirm,2026-08-19T00:00:00+00:00,resolution_days=0; final_tier=TIER1_NORMAL
BREAK_RESOLVED,trade_stage,coinbase:1073145734|confirm,2026-08-19T00:00:00+00:00,resolution_days=0; final_tier=TIER1_NORMAL
BREAK_RESOLVED,trade_stage,coinbase:1073145742|confirm,2026-08-19T00:00:00+00:00,resolution_days=0; final_tier=TIER1_NORMAL
BREAK_RESOLVED,trade_stage,coinbase:1073145753|confirm,2026-08-19T00:00:00+00:00,resolution_days=0; final_tier=TIER1_NORMAL
BREAK_RESOLVED,trade_stage,coinbase:1073145755|confirm,2026-08-19T00:00:00+00:00,resolution_days=0; final_tier=TIER1_NORMAL
BREAK_RESOLVED,trade_stage,coinbase:1073145773|confirm,2026-08-19T00:00:00+00:00,resolution_days=0; final_tier=TIER1_NORMAL
BREAK_RESOLVED,trade_stage,coinbase:1073145813|confirm,2026-08-19T00:00:00+00:00,resolution_days=0; final_tier=TIER1_NORMAL
BREAK_RESOLVED,trade_stage,coinbase:1073145814|confirm,2026-08-19T00:00:00+00:00,resolution_days=0; final_tier=TIER1_NORMAL
BREAK_RESOLVED,trade_stage,coinbase:1073145820|confirm,2026-08-19T00:00:00+00:00,resolution_days=0; final_tier=TIER1_NORMAL
BREAK_RESOLVED,trade_stage,coinbase:1073145838|confirm,2026-08-19T00:00:00+00:00,resolution_days=0; final_tier=TIER1_NORMAL
BREAK_RESOLVED,trade_stage,coinbase:1073145850|confirm,2026-08-19T00:00:00+00:00,resolution_days=0; final_tier=TIER1_NORMAL
BREAK_RESOLVED,trade_stage,coinbase:1073145856|confirm,2026-08-19T00:00:00+00:00,resolution_days=0; final_tier=TIER1_NORMAL
BREAK_RESOLVED,trade_stage,coinbase:1073145905|confirm,2026-08-19T00:00:00+00:00,resolution_days=0; final_tier=TIER1_NORMAL
BREAK_RESOLVED,trade_stage,coinbase:1073145918|confirm,2026-08-19T00:00:00+00:00,resolution_days=0; final_tier=TIER1_NORMAL
BREAK_RESOLVED,trade_stage,coinbase:1073145933|confirm,2026-08-19T00:00:00+00:00,resolution_days=0; final_tier=TIER1_NORMAL
BREAK_RESOLVED,trade_stage,coinbase:1073145936|confirm,2026-08-19T00:00:00+00:00,resolution_days=0; final_tier=TIER1_NORMAL
BREAK_RESOLVED,trade_stage,coinbase:1073145959|confirm,2026-08-19T00:00:00+00:00,resolution_days=0; final_tier=TIER1_NORMAL
BREAK_RESOLVED,trade_stage,coinbase:1073146002|confirm,2026-08-19T00:00:00+00:00,resolution_days=0; final_tier=TIER1_NORMAL
BREAK_RESOLVED,trade_stage,coinbase:1073146018|confirm,2026-08-19T00:00:00+00:00,resolution_days=0; final_tier=TIER1_NORMAL
BREAK_RESOLVED,trade_stage,coinbase:1073146023|confirm,2026-08-19T00:00:00+00:00,resolution_days=0; final_tier=TIER1_NORMAL
BREAK_RESOLVED,trade_stage,coinbase:1073146032|confirm,2026-08-19T00:00:00+00:00,resolution_days=0; final_tier=TIER1_NORMAL
BREAK_RESOLVED,trade_stage,kraken:105348306|confirm,2026-08-19T00:00:00+00:00,resolution_days=0; final_tier=TIER1_NORMAL
BREAK_RESOLVED,trade_stage,coinbase:1073146044|confirm,2026-08-19T00:00:00+00:00,resolution_days=0; final_tier=TIER1_NORMAL
BREAK_RESOLVED,trade_stage,coinbase:1073146049|confirm,2026-08-19T00:00:00+00:00,resolution_days=0; final_tier=TIER1_NORMAL
BREAK_RESOLVED,trade_stage,coinbase:1073146052|confirm,2026-08-19T00:00:00+00:00,resolution_days=0; final_tier=TIER1_NORMAL
BREAK_RESOLVED,trade_stage,coinbase:1073146055|confirm,2026-08-19T00:00:00+00:00,resolution_days=0; final_tier=TIER1_NORMAL
BREAK_RESOLVED,trade_stage,coinbase:1073146065|confirm,2026-08-19T00:00:00+00:00,resolution_days=0; final_tier=TIER1_NORMAL
BREAK_RESOLVED,trade_stage,coinbase:1073146090|confirm,2026-08-19T00:00:00+00:00,resolution_days=0; final_tier=TIER1_NORMAL
BREAK_RESOLVED,trade_stage,coinbase:1073146101|confirm,2026-08-19T00:00:00+00:00,resolution_days=0; final_tier=TIER1_NORMAL
BREAK_RESOLVED,trade_stage,coinbase:1073146137|confirm,2026-08-19T00:00:00+00:00,resolution_days=0; final_tier=TIER1_NORMAL
BREAK_RESOLVED,trade_stage,coinbase:1073146168|confirm,2026-08-19T00:00:00+00:00,resolution_days=0; final_tier=TIER1_NORMAL
BREAK_RESOLVED,trade_stage,coinbase:1073146179|confirm,2026-08-19T00:00:00+00:00,resolution_days=0; final_tier=TIER1_NORMAL
BREAK_RESOLVED,trade_stage,coinbase:1073146187|confirm,2026-08-19T00:00:00+00:00,resolution_days=0; final_tier=TIER1_NORMAL
BREAK_RESOLVED,trade_stage,coinbase:1073146189|confirm,2026-08-19T00:00:00+00:00,resolution_days=0; final_tier=TIER1_NORMAL
BREAK_RESOLVED,trade_stage,coinbase:1073146260|confirm,2026-08-19T00:00:00+00:00,resolution_days=0; final_tier=TIER1_NORMAL
BREAK_RESOLVED,trade_stage,coinbase:1073146259|confirm,2026-08-19T00:00:00+00:00,resolution_days=0; final_tier=TIER1_NORMAL
BREAK_RESOLVED,trade_stage,coinbase:1073146271|confirm,2026-08-19T00:00:00+00:00,resolution_days=0; final_tier=TIER1_NORMAL
BREAK_RESOLVED,trade_stage,coinbase:1073146276|confirm,2026-08-19T00:00:00+00:00,resolution_days=0; final_tier=TIER1_NORMAL
BREAK_RESOLVED,trade_stage,coinbase:1073146295|confirm,2026-08-19T00:00:00+00:00,resolution_days=0; final_tier=TIER1_NORMAL
BREAK_RESOLVED,trade_stage,coinbase:1073146321|confirm,2026-08-19T00:00:00+00:00,resolution_days=0; final_tier=TIER1_NORMAL
BREAK_RESOLVED,trade_stage,coinbase:1073146361|confirm,2026-08-19T00:00:00+00:00,resolution_days=0; final_tier=TIER1_NORMAL
BREAK_RESOLVED,trade_stage,coinbase:1073146369|confirm,2026-08-19T00:00:00+00:00,resolution_days=0; final_tier=TIER1_NORMAL
BREAK_RESOLVED,trade_stage,coinbase:1073146400|confirm,2026-08-19T00:00:00+00:00,resolution_days=0; final_tier=TIER1_NORMAL
BREAK_RESOLVED,trade_stage,coinbase:1073146402|confirm,2026-08-19T00:00:00+00:00,resolution_days=0; final_tier=TIER1_NORMAL
BREAK_RESOLVED,trade_stage,coinbase:1073146406|confirm,2026-08-19T00:00:00+00:00,resolution_days=0; final_tier=TIER1_NORMAL
BREAK_RESOLVED,trade_stage,coinbase:1073146407|confirm,2026-08-19T00:00:00+00:00,resolution_days=0; final_tier=TIER1_NORMAL
BREAK_RESOLVED,trade_stage,kraken:105348336|confirm,2026-08-19T00:00:00+00:00,resolution_days=0; final_tier=TIER1_NORMAL
BREAK_RESOLVED,trade_stage,coinbase:1073146440|confirm,2026-08-19T00:00:00+00:00,resolution_days=0; final_tier=TIER1_NORMAL
BREAK_RESOLVED,trade_stage,coinbase:1073146451|confirm,2026-08-19T00:00:00+00:00,resolution_days=0; final_tier=TIER1_NORMAL
BREAK_RESOLVED,trade_stage,coinbase:1073146456|confirm,2026-08-19T00:00:00+00:00,resolution_days=0; final_tier=TIER1_NORMAL
BREAK_RESOLVED,trade_stage,coinbase:1073146469|confirm,2026-08-19T00:00:00+00:00,resolution_days=0; final_tier=TIER1_NORMAL
BREAK_RESOLVED,trade_stage,kraken:105348347|confirm,2026-08-19T00:00:00+00:00,resolution_days=0; final_tier=TIER1_NORMAL
BREAK_RESOLVED,trade_stage,coinbase:1073146514|confirm,2026-08-19T00:00:00+00:00,resolution_days=0; final_tier=TIER1_NORMAL
BREAK_RESOLVED,trade_stage,coinbase:1073146530|confirm,2026-08-19T00:00:00+00:00,resolution_days=0; final_tier=TIER1_NORMAL
BREAK_RESOLVED,trade_stage,coinbase:1073146540|confirm,2026-08-19T00:00:00+00:00,resolution_days=0; final_tier=TIER1_NORMAL
BREAK_RESOLVED,trade_stage,coinbase:1073146539|confirm,2026-08-19T00:00:00+00:00,resolution_days=0; final_tier=TIER1_NORMAL
BREAK_RESOLVED,trade_stage,coinbase:1073146557|confirm,2026-08-19T00:00:00+00:00,resolution_days=0; final_tier=TIER1_NORMAL
BREAK_RESOLVED,trade_stage,coinbase:1073146575|confirm,2026-08-19T00:00:00+00:00,resolution_days=0; final_tier=TIER1_NORMAL
BREAK_RESOLVED,trade_stage,coinbase:1073146589|confirm,2026-08-19T00:00:00+00:00,resolution_days=0; final_tier=TIER1_NORMAL
BREAK_RESOLVED,trade_stage,coinbase:1073146590|confirm,2026-08-19T00:00:00+00:00,resolution_days=0; final_tier=TIER1_NORMAL
BREAK_RESOLVED,trade_stage,coinbase:1073146638|confirm,2026-08-19T00:00:00+00:00,resolution_days=0; final_tier=TIER1_NORMAL
BREAK_RESOLVED,trade_stage,coinbase:1073146641|confirm,2026-08-19T00:00:00+00:00,resolution_days=0; final_tier=TIER1_NORMAL
BREAK_RESOLVED,trade_stage,kraken:105348393|confirm,2026-08-19T00:00:00+00:00,resolution_days=0; final_tier=TIER1_NORMAL
BREAK_RESOLVED,trade_stage,coinbase:1073146672|confirm,2026-08-19T00:00:00+00:00,resolution_days=0; final_tier=TIER1_NORMAL
BREAK_RESOLVED,trade_stage,coinbase:1073146673|confirm,2026-08-19T00:00:00+00:00,resolution_days=0; final_tier=TIER1_NORMAL
BREAK_RESOLVED,trade_stage,coinbase:1073146716|confirm,2026-08-19T00:00:00+00:00,resolution_days=0; final_tier=TIER1_NORMAL
BREAK_RESOLVED,trade_stage,coinbase:1073146736|confirm,2026-08-19T00:00:00+00:00,resolution_days=0; final_tier=TIER1_NORMAL
BREAK_RESOLVED,trade_stage,kraken:105348406|confirm,2026-08-19T00:00:00+00:00,resolution_days=0; final_tier=TIER1_NORMAL
BREAK_RESOLVED,trade_stage,coinbase:1073146773|confirm,2026-08-19T00:00:00+00:00,resolution_days=0; final_tier=TIER1_NORMAL
BREAK_RESOLVED,trade_stage,coinbase:1073146772|confirm,2026-08-19T00:00:00+00:00,resolution_days=0; final_tier=TIER1_NORMAL
BREAK_RESOLVED,trade_stage,coinbase:1073146793|confirm,2026-08-19T00:00:00+00:00,resolution_days=0; final_tier=TIER1_NORMAL
BREAK_RESOLVED,trade_stage,coinbase:1073146802|confirm,2026-08-19T00:00:00+00:00,resolution_days=0; final_tier=TIER1_NORMAL
BREAK_RESOLVED,trade_stage,coinbase:1073146834|confirm,2026-08-19T00:00:00+00:00,resolution_days=0; final_tier=TIER1_NORMAL
BREAK_RESOLVED,trade_stage,kraken:105348413|confirm,2026-08-19T00:00:00+00:00,resolution_days=0; final_tier=TIER1_NORMAL
BREAK_RESOLVED,trade_stage,kraken:105348415|confirm,2026-08-19T00:00:00+00:00,resolution_days=0; final_tier=TIER1_NORMAL
BREAK_RESOLVED,trade_stage,coinbase:1073146888|confirm,2026-08-19T00:00:00+00:00,resolution_days=0; final_tier=TIER1_NORMAL
BREAK_RESOLVED,trade_stage,coinbase:1073146901|confirm,2026-08-19T00:00:00+00:00,resolution_days=0; final_tier=TIER1_NORMAL
BREAK_RESOLVED,trade_stage,coinbase:1073146903|confirm,2026-08-19T00:00:00+00:00,resolution_days=0; final_tier=TIER1_NORMAL
BREAK_RESOLVED,trade_stage,coinbase:1073146925|confirm,2026-08-19T00:00:00+00:00,resolution_days=0; final_tier=TIER1_NORMAL
BREAK_RESOLVED,trade_stage,coinbase:1073146942|confirm,2026-08-19T00:00:00+00:00,resolution_days=0; final_tier=TIER1_NORMAL
BREAK_RESOLVED,trade_stage,coinbase:1073146972|confirm,2026-08-19T00:00:00+00:00,resolution_days=0; final_tier=TIER1_NORMAL
BREAK_RESOLVED,trade_stage,coinbase:1073147041|confirm,2026-08-19T00:00:00+00:00,resolution_days=0; final_tier=TIER1_NORMAL
BREAK_RESOLVED,trade_stage,binance:6582449472|confirm,2026-08-19T00:00:00+00:00,resolution_days=0; final_tier=TIER1_NORMAL
BREAK_RESOLVED,trade_stage,binance:6582449479|confirm,2026-08-19T00:00:00+00:00,resolution_days=0; final_tier=TIER1_NORMAL
BREAK_RESOLVED,trade_stage,coinbase:1073147048|confirm,2026-08-19T00:00:00+00:00,resolution_days=0; final_tier=TIER1_NORMAL
BREAK_RESOLVED,trade_stage,coinbase:1073147062|confirm,2026-08-19T00:00:00+00:00,resolution_days=0; final_tier=TIER1_NORMAL
BREAK_RESOLVED,trade_stage,binance:6582449608|confirm,2026-08-19T00:00:00+00:00,resolution_days=0; final_tier=TIER1_NORMAL
BREAK_RESOLVED,trade_stage,binance:6582449634|confirm,2026-08-19T00:00:00+00:00,resolution_days=0; final_tier=TIER1_NORMAL
BREAK_RESOLVED,trade_stage,coinbase:1073147078|confirm,2026-08-19T00:00:00+00:00,resolution_days=0; final_tier=TIER1_NORMAL
BREAK_RESOLVED,trade_stage,coinbase:1073147081|confirm,2026-08-19T00:00:00+00:00,resolution_days=0; final_tier=TIER1_NORMAL
BREAK_RESOLVED,trade_stage,binance:6582449776|confirm,2026-08-19T00:00:00+00:00,resolution_days=0; final_tier=TIER1_NORMAL
BREAK_RESOLVED,trade_stage,binance:6582449782|confirm,2026-08-19T00:00:00+00:00,resolution_days=0; final_tier=TIER1_NORMAL
BREAK_RESOLVED,trade_stage,binance:6582449856|confirm,2026-08-19T00:00:00+00:00,resolution_days=0; final_tier=TIER1_NORMAL
BREAK_RESOLVED,trade_stage,coinbase:1073147127|confirm,2026-08-19T00:00:00+00:00,resolution_days=0; final_tier=TIER1_NORMAL
BREAK_RESOLVED,trade_stage,binance:6582449994|confirm,2026-08-19T00:00:00+00:00,resolution_days=0; final_tier=TIER1_NORMAL
BREAK_RESOLVED,trade_stage,binance:6582449997|confirm,2026-08-19T00:00:00+00:00,resolution_days=0; final_tier=TIER1_NORMAL
BREAK_RESOLVED,trade_stage,binance:6582450038|confirm,2026-08-19T00:00:00+00:00,resolution_days=0; final_tier=TIER1_NORMAL
BREAK_RESOLVED,trade_stage,binance:6582450086|confirm,2026-08-19T00:00:00+00:00,resolution_days=0; final_tier=TIER1_NORMAL
BREAK_RESOLVED,trade_stage,binance:6582450250|confirm,2026-08-19T00:00:00+00:00,resolution_days=0; final_tier=TIER1_NORMAL
BREAK_RESOLVED,trade_stage,binance:6582450270|confirm,2026-08-19T00:00:00+00:00,resolution_days=0; final_tier=TIER1_NORMAL
BREAK_RESOLVED,trade_stage,coinbase:1073147152|confirm,2026-08-19T00:00:00+00:00,resolution_days=0; final_tier=TIER1_NORMAL
BREAK_RESOLVED,trade_stage,coinbase:1073147171|confirm,2026-08-19T00:00:00+00:00,resolution_days=0; final_tier=TIER1_NORMAL
BREAK_RESOLVED,trade_stage,coinbase:1073147180|confirm,2026-08-19T00:00:00+00:00,resolution_days=0; final_tier=TIER1_NORMAL
BREAK_RESOLVED,trade_stage,coinbase:1073147184|confirm,2026-08-19T00:00:00+00:00,resolution_days=0; final_tier=TIER1_NORMAL
BREAK_RESOLVED,trade_stage,binance:6582450386|confirm,2026-08-19T00:00:00+00:00,resolution_days=0; final_tier=TIER1_NORMAL
BREAK_RESOLVED,trade_stage,coinbase:1073147195|confirm,2026-08-19T00:00:00+00:00,resolution_days=0; final_tier=TIER1_NORMAL
BREAK_RESOLVED,trade_stage,binance:6582450395|confirm,2026-08-19T00:00:00+00:00,resolution_days=0; final_tier=TIER1_NORMAL
BREAK_RESOLVED,trade_stage,binance:6582450412|confirm,2026-08-19T00:00:00+00:00,resolution_days=0; final_tier=TIER1_NORMAL
BREAK_RESOLVED,trade_stage,binance:6582450503|confirm,2026-08-19T00:00:00+00:00,resolution_days=0; final_tier=TIER1_NORMAL
BREAK_RESOLVED,trade_stage,coinbase:1073147215|confirm,2026-08-19T00:00:00+00:00,resolution_days=0; final_tier=TIER1_NORMAL
BREAK_RESOLVED,trade_stage,binance:6582450560|confirm,2026-08-19T00:00:00+00:00,resolution_days=0; final_tier=TIER1_NORMAL
BREAK_RESOLVED,trade_stage,kraken:105348451|confirm,2026-08-19T00:00:00+00:00,resolution_days=0; final_tier=TIER1_NORMAL
BREAK_RESOLVED,trade_stage,kraken:105348453|confirm,2026-08-19T00:00:00+00:00,resolution_days=0; final_tier=TIER1_NORMAL
BREAK_RESOLVED,trade_stage,coinbase:1073147221|confirm,2026-08-19T00:00:00+00:00,resolution_days=0; final_tier=TIER1_NORMAL
BREAK_RESOLVED,trade_stage,coinbase:1073147223|confirm,2026-08-19T00:00:00+00:00,resolution_days=0; final_tier=TIER1_NORMAL
BREAK_RESOLVED,trade_stage,binance:6582450871|confirm,2026-08-19T00:00:00+00:00,resolution_days=0; final_tier=TIER1_NORMAL
BREAK_RESOLVED,trade_stage,coinbase:1073147273|confirm,2026-08-19T00:00:00+00:00,resolution_days=0; final_tier=TIER1_NORMAL
BREAK_RESOLVED,trade_stage,binance:6582450940|confirm,2026-08-19T00:00:00+00:00,resolution_days=0; final_tier=TIER1_NORMAL
BREAK_RESOLVED,trade_stage,binance:6582450993|confirm,2026-08-19T00:00:00+00:00,resolution_days=0; final_tier=TIER1_NORMAL
BREAK_RESOLVED,trade_stage,binance:6582451115|confirm,2026-08-19T00:00:00+00:00,resolution_days=0; final_tier=TIER1_NORMAL
BREAK_RESOLVED,trade_stage,coinbase:1073147301|confirm,2026-08-19T00:00:00+00:00,resolution_days=0; final_tier=TIER1_NORMAL
BREAK_RESOLVED,trade_stage,coinbase:1073147320|confirm,2026-08-19T00:00:00+00:00,resolution_days=0; final_tier=TIER1_NORMAL
BREAK_RESOLVED,trade_stage,binance:6582451239|confirm,2026-08-19T00:00:00+00:00,resolution_days=0; final_tier=TIER1_NORMAL
BREAK_RESOLVED,trade_stage,coinbase:1073147349|confirm,2026-08-19T00:00:00+00:00,resolution_days=0; final_tier=TIER1_NORMAL
BREAK_RESOLVED,trade_stage,coinbase:1073147367|confirm,2026-08-19T00:00:00+00:00,resolution_days=0; final_tier=TIER1_NORMAL
BREAK_RESOLVED,trade_stage,binance:6582451490|confirm,2026-08-19T00:00:00+00:00,resolution_days=0; final_tier=TIER1_NORMAL
BREAK_RESOLVED,trade_stage,binance:6582451567|confirm,2026-08-19T00:00:00+00:00,resolution_days=0; final_tier=TIER1_NORMAL
BREAK_RESOLVED,trade_stage,binance:6582451622|confirm,2026-08-19T00:00:00+00:00,resolution_days=0; final_tier=TIER1_NORMAL
BREAK_RESOLVED,trade_stage,binance:6582451664|confirm,2026-08-19T00:00:00+00:00,resolution_days=0; final_tier=TIER1_NORMAL
BREAK_RESOLVED,trade_stage,binance:6582451673|confirm,2026-08-19T00:00:00+00:00,resolution_days=0; final_tier=TIER1_NORMAL
BREAK_RESOLVED,trade_stage,kraken:105348474|confirm,2026-08-19T00:00:00+00:00,resolution_days=0; final_tier=TIER1_NORMAL
BREAK_RESOLVED,trade_stage,coinbase:1073147396|confirm,2026-08-19T00:00:00+00:00,resolution_days=0; final_tier=TIER1_NORMAL
BREAK_RESOLVED,trade_stage,coinbase:1073147411|confirm,2026-08-19T00:00:00+00:00,resolution_days=0; final_tier=TIER1_NORMAL
BREAK_RESOLVED,trade_stage,binance:6582451794|confirm,2026-08-19T00:00:00+00:00,resolution_days=0; final_tier=TIER1_NORMAL
BREAK_RESOLVED,trade_stage,binance:6582451856|confirm,2026-08-19T00:00:00+00:00,resolution_days=0; final_tier=TIER1_NORMAL
BREAK_RESOLVED,trade_stage,binance:6582451959|confirm,2026-08-19T00:00:00+00:00,resolution_days=0; final_tier=TIER1_NORMAL
BREAK_RESOLVED,trade_stage,binance:6582452097|confirm,2026-08-19T00:00:00+00:00,resolution_days=0; final_tier=TIER1_NORMAL
BREAK_RESOLVED,trade_stage,binance:6582452142|confirm,2026-08-19T00:00:00+00:00,resolution_days=0; final_tier=TIER1_NORMAL
BREAK_RESOLVED,trade_stage,coinbase:1073147433|confirm,2026-08-19T00:00:00+00:00,resolution_days=0; final_tier=TIER1_NORMAL
BREAK_RESOLVED,trade_stage,binance:6582452196|confirm,2026-08-19T00:00:00+00:00,resolution_days=0; final_tier=TIER1_NORMAL
BREAK_RESOLVED,trade_stage,coinbase:1073147447|confirm,2026-08-19T00:00:00+00:00,resolution_days=0; final_tier=TIER1_NORMAL
BREAK_RESOLVED,trade_stage,coinbase:1073147467|confirm,2026-08-19T00:00:00+00:00,resolution_days=0; final_tier=TIER1_NORMAL
BREAK_RESOLVED,trade_stage,binance:6582452486|confirm,2026-08-19T00:00:00+00:00,resolution_days=0; final_tier=TIER1_NORMAL
BREAK_RESOLVED,trade_stage,binance:6582452651|confirm,2026-08-19T00:00:00+00:00,resolution_days=0; final_tier=TIER1_NORMAL
BREAK_RESOLVED,trade_stage,coinbase:1073147507|confirm,2026-08-19T00:00:00+00:00,resolution_days=0; final_tier=TIER1_NORMAL
BREAK_RESOLVED,trade_stage,binance:6582452728|confirm,2026-08-19T00:00:00+00:00,resolution_days=0; final_tier=TIER1_NORMAL
BREAK_RESOLVED,trade_stage,binance:6582452729|confirm,2026-08-19T00:00:00+00:00,resolution_days=0; final_tier=TIER1_NORMAL
BREAK_RESOLVED,trade_stage,kraken:105348492|confirm,2026-08-19T00:00:00+00:00,resolution_days=0; final_tier=TIER1_NORMAL
BREAK_RESOLVED,trade_stage,binance:6582452820|confirm,2026-08-19T00:00:00+00:00,resolution_days=0; final_tier=TIER1_NORMAL
BREAK_RESOLVED,trade_stage,coinbase:1073147540|confirm,2026-08-19T00:00:00+00:00,resolution_days=0; final_tier=TIER1_NORMAL
BREAK_RESOLVED,trade_stage,binance:6582452896|confirm,2026-08-19T00:00:00+00:00,resolution_days=0; final_tier=TIER1_NORMAL
BREAK_RESOLVED,trade_stage,binance:6582452931|confirm,2026-08-19T00:00:00+00:00,resolution_days=0; final_tier=TIER1_NORMAL
BREAK_RESOLVED,trade_stage,binance:6582453115|confirm,2026-08-19T00:00:00+00:00,resolution_days=0; final_tier=TIER1_NORMAL
BREAK_RESOLVED,trade_stage,coinbase:1073147590|confirm,2026-08-19T00:00:00+00:00,resolution_days=0; final_tier=TIER1_NORMAL
BREAK_RESOLVED,trade_stage,coinbase:1073147591|confirm,2026-08-19T00:00:00+00:00,resolution_days=0; final_tier=TIER1_NORMAL
BREAK_RESOLVED,trade_stage,coinbase:1073147596|confirm,2026-08-19T00:00:00+00:00,resolution_days=0; final_tier=TIER1_NORMAL
BREAK_RESOLVED,trade_stage,coinbase:1073147605|confirm,2026-08-19T00:00:00+00:00,resolution_days=0; final_tier=TIER1_NORMAL
BREAK_RESOLVED,trade_stage,coinbase:1073147606|confirm,2026-08-19T00:00:00+00:00,resolution_days=0; final_tier=TIER1_NORMAL
BREAK_RESOLVED,trade_stage,coinbase:1073147607|confirm,2026-08-19T00:00:00+00:00,resolution_days=0; final_tier=TIER1_NORMAL
BREAK_RESOLVED,trade_stage,coinbase:1073147621|confirm,2026-08-19T00:00:00+00:00,resolution_days=0; final_tier=TIER1_NORMAL
BREAK_RESOLVED,trade_stage,coinbase:1073147640|confirm,2026-08-19T00:00:00+00:00,resolution_days=0; final_tier=TIER1_NORMAL
BREAK_RESOLVED,trade_stage,coinbase:1073147658|confirm,2026-08-19T00:00:00+00:00,resolution_days=0; final_tier=TIER1_NORMAL
BREAK_RESOLVED,trade_stage,coinbase:1073147681|confirm,2026-08-19T00:00:00+00:00,resolution_days=0; final_tier=TIER1_NORMAL
BREAK_RESOLVED,trade_stage,binance:6582453265|confirm,2026-08-19T00:00:00+00:00,resolution_days=0; final_tier=TIER1_NORMAL
BREAK_RESOLVED,trade_stage,coinbase:1073147707|confirm,2026-08-19T00:00:00+00:00,resolution_days=0; final_tier=TIER1_NORMAL
BREAK_RESOLVED,trade_stage,coinbase:1073147709|confirm,2026-08-19T00:00:00+00:00,resolution_days=0; final_tier=TIER1_NORMAL
BREAK_RESOLVED,trade_stage,coinbase:1073147713|confirm,2026-08-19T00:00:00+00:00,resolution_days=0; final_tier=TIER1_NORMAL
BREAK_RESOLVED,trade_stage,coinbase:1073147719|confirm,2026-08-19T00:00:00+00:00,resolution_days=0; final_tier=TIER1_NORMAL
BREAK_RESOLVED,trade_stage,binance:6582453403|confirm,2026-08-19T00:00:00+00:00,resolution_days=0; final_tier=TIER1_NORMAL
BREAK_RESOLVED,trade_stage,coinbase:1073147731|confirm,2026-08-19T00:00:00+00:00,resolution_days=0; final_tier=TIER1_NORMAL
BREAK_RESOLVED,trade_stage,binance:6582453507|confirm,2026-08-19T00:00:00+00:00,resolution_days=0; final_tier=TIER1_NORMAL
BREAK_RESOLVED,trade_stage,binance:6582453515|confirm,2026-08-19T00:00:00+00:00,resolution_days=0; final_tier=TIER1_NORMAL
BREAK_RESOLVED,trade_stage,binance:6582453597|confirm,2026-08-19T00:00:00+00:00,resolution_days=0; final_tier=TIER1_NORMAL
BREAK_RESOLVED,trade_stage,binance:6582453624|confirm,2026-08-19T00:00:00+00:00,resolution_days=0; final_tier=TIER1_NORMAL
BREAK_RESOLVED,trade_stage,binance:6582453652|confirm,2026-08-19T00:00:00+00:00,resolution_days=0; final_tier=TIER1_NORMAL
BREAK_RESOLVED,trade_stage,binance:6582453663|confirm,2026-08-19T00:00:00+00:00,resolution_days=0; final_tier=TIER1_NORMAL
BREAK_RESOLVED,trade_stage,coinbase:1073147750|confirm,2026-08-19T00:00:00+00:00,resolution_days=0; final_tier=TIER1_NORMAL
BREAK_RESOLVED,trade_stage,coinbase:1073147762|confirm,2026-08-19T00:00:00+00:00,resolution_days=0; final_tier=TIER1_NORMAL
BREAK_RESOLVED,trade_stage,coinbase:1073147778|confirm,2026-08-19T00:00:00+00:00,resolution_days=0; final_tier=TIER1_NORMAL
BREAK_RESOLVED,trade_stage,coinbase:1073147798|confirm,2026-08-19T00:00:00+00:00,resolution_days=0; final_tier=TIER1_NORMAL
BREAK_RESOLVED,trade_stage,binance:6582453737|confirm,2026-08-19T00:00:00+00:00,resolution_days=0; final_tier=TIER1_NORMAL
BREAK_RESOLVED,trade_stage,binance:6582453839|confirm,2026-08-19T00:00:00+00:00,resolution_days=0; final_tier=TIER1_NORMAL
BREAK_RESOLVED,trade_stage,binance:6582453869|confirm,2026-08-19T00:00:00+00:00,resolution_days=0; final_tier=TIER1_NORMAL
BREAK_RESOLVED,trade_stage,coinbase:1073147884|confirm,2026-08-19T00:00:00+00:00,resolution_days=0; final_tier=TIER1_NORMAL
BREAK_RESOLVED,trade_stage,coinbase:1073147895|confirm,2026-08-19T00:00:00+00:00,resolution_days=0; final_tier=TIER1_NORMAL
BREAK_RESOLVED,trade_stage,binance:6582454104|confirm,2026-08-19T00:00:00+00:00,resolution_days=0; final_tier=TIER1_NORMAL
BREAK_RESOLVED,trade_stage,binance:6582454193|confirm,2026-08-19T00:00:00+00:00,resolution_days=0; final_tier=TIER1_NORMAL
BREAK_RESOLVED,trade_stage,binance:6582454204|confirm,2026-08-19T00:00:00+00:00,resolution_days=0; final_tier=TIER1_NORMAL
BREAK_RESOLVED,trade_stage,binance:6582454224|confirm,2026-08-19T00:00:00+00:00,resolution_days=0; final_tier=TIER1_NORMAL
BREAK_RESOLVED,trade_stage,binance:6582454234|confirm,2026-08-19T00:00:00+00:00,resolution_days=0; final_tier=TIER1_NORMAL
BREAK_RESOLVED,trade_stage,binance:6582454241|confirm,2026-08-19T00:00:00+00:00,resolution_days=0; final_tier=TIER1_NORMAL
BREAK_RESOLVED,trade_stage,binance:6582454282|confirm,2026-08-19T00:00:00+00:00,resolution_days=0; final_tier=TIER1_NORMAL
BREAK_RESOLVED,trade_stage,binance:6582454300|confirm,2026-08-19T00:00:00+00:00,resolution_days=0; final_tier=TIER1_NORMAL
BREAK_RESOLVED,trade_stage,binance:6582454302|confirm,2026-08-19T00:00:00+00:00,resolution_days=0; final_tier=TIER1_NORMAL
BREAK_RESOLVED,trade_stage,coinbase:1073147918|confirm,2026-08-19T00:00:00+00:00,resolution_days=0; final_tier=TIER1_NORMAL
BREAK_RESOLVED,trade_stage,coinbase:1073147944|confirm,2026-08-19T00:00:00+00:00,resolution_days=0; final_tier=TIER1_NORMAL
BREAK_RESOLVED,trade_stage,coinbase:1073147964|confirm,2026-08-19T00:00:00+00:00,resolution_days=0; final_tier=TIER1_NORMAL
BREAK_RESOLVED,trade_stage,binance:6582454412|confirm,2026-08-19T00:00:00+00:00,resolution_days=0; final_tier=TIER1_NORMAL
BREAK_RESOLVED,trade_stage,coinbase:1073147986|confirm,2026-08-19T00:00:00+00:00,resolution_days=0; final_tier=TIER1_NORMAL
BREAK_RESOLVED,trade_stage,binance:6582454449|confirm,2026-08-19T00:00:00+00:00,resolution_days=0; final_tier=TIER1_NORMAL
BREAK_RESOLVED,trade_stage,binance:6582454477|confirm,2026-08-19T00:00:00+00:00,resolution_days=0; final_tier=TIER1_NORMAL
BREAK_RESOLVED,trade_stage,binance:6582454496|confirm,2026-08-19T00:00:00+00:00,resolution_days=0; final_tier=TIER1_NORMAL
BREAK_RESOLVED,trade_stage,coinbase:1073148017|confirm,2026-08-19T00:00:00+00:00,resolution_days=0; final_tier=TIER1_NORMAL
BREAK_RESOLVED,trade_stage,binance:6582454677|confirm,2026-08-19T00:00:00+00:00,resolution_days=0; final_tier=TIER1_NORMAL
BREAK_RESOLVED,trade_stage,binance:6582454758|confirm,2026-08-19T00:00:00+00:00,resolution_days=0; final_tier=TIER1_NORMAL
BREAK_RESOLVED,trade_stage,binance:6582454806|confirm,2026-08-19T00:00:00+00:00,resolution_days=0; final_tier=TIER1_NORMAL
BREAK_RESOLVED,trade_stage,binance:6582454824|confirm,2026-08-19T00:00:00+00:00,resolution_days=0; final_tier=TIER1_NORMAL
BREAK_RESOLVED,trade_stage,binance:6582454850|confirm,2026-08-19T00:00:00+00:00,resolution_days=0; final_tier=TIER1_NORMAL
BREAK_RESOLVED,trade_stage,binance:6582454910|confirm,2026-08-19T00:00:00+00:00,resolution_days=0; final_tier=TIER1_NORMAL
BREAK_RESOLVED,trade_stage,coinbase:1073148063|confirm,2026-08-19T00:00:00+00:00,resolution_days=0; final_tier=TIER1_NORMAL
BREAK_RESOLVED,trade_stage,coinbase:1073148073|confirm,2026-08-19T00:00:00+00:00,resolution_days=0; final_tier=TIER1_NORMAL
BREAK_RESOLVED,trade_stage,coinbase:1073148089|confirm,2026-08-19T00:00:00+00:00,resolution_days=0; final_tier=TIER1_NORMAL
BREAK_RESOLVED,trade_stage,coinbase:1073148096|confirm,2026-08-19T00:00:00+00:00,resolution_days=0; final_tier=TIER1_NORMAL
BREAK_RESOLVED,trade_stage,binance:6582455105|confirm,2026-08-19T00:00:00+00:00,resolution_days=0; final_tier=TIER1_NORMAL
BREAK_RESOLVED,trade_stage,coinbase:1073148103|confirm,2026-08-19T00:00:00+00:00,resolution_days=0; final_tier=TIER1_NORMAL
BREAK_RESOLVED,trade_stage,coinbase:1073148121|confirm,2026-08-19T00:00:00+00:00,resolution_days=0; final_tier=TIER1_NORMAL
BREAK_RESOLVED,trade_stage,binance:6582455195|confirm,2026-08-19T00:00:00+00:00,resolution_days=0; final_tier=TIER1_NORMAL
BREAK_RESOLVED,trade_stage,coinbase:1073148131|confirm,2026-08-19T00:00:00+00:00,resolution_days=0; final_tier=TIER1_NORMAL
BREAK_RESOLVED,trade_stage,binance:6582455201|confirm,2026-08-19T00:00:00+00:00,resolution_days=0; final_tier=TIER1_NORMAL
BREAK_RESOLVED,trade_stage,coinbase:1073148141|confirm,2026-08-19T00:00:00+00:00,resolution_days=0; final_tier=TIER1_NORMAL
BREAK_RESOLVED,trade_stage,binance:6582455383|confirm,2026-08-19T00:00:00+00:00,resolution_days=0; final_tier=TIER1_NORMAL
BREAK_RESOLVED,trade_stage,coinbase:1073148192|confirm,2026-08-19T00:00:00+00:00,resolution_days=0; final_tier=TIER1_NORMAL
BREAK_RESOLVED,trade_stage,coinbase:1073148217|confirm,2026-08-19T00:00:00+00:00,resolution_days=0; final_tier=TIER1_NORMAL
BREAK_RESOLVED,trade_stage,coinbase:1073148222|confirm,2026-08-19T00:00:00+00:00,resolution_days=0; final_tier=TIER1_NORMAL
BREAK_RESOLVED,trade_stage,binance:6582455578|confirm,2026-08-19T00:00:00+00:00,resolution_days=0; final_tier=TIER1_NORMAL
BREAK_RESOLVED,trade_stage,coinbase:1073148283|confirm,2026-08-19T00:00:00+00:00,resolution_days=0; final_tier=TIER1_NORMAL
BREAK_RESOLVED,trade_stage,coinbase:1073148294|confirm,2026-08-19T00:00:00+00:00,resolution_days=0; final_tier=TIER1_NORMAL
BREAK_RESOLVED,trade_stage,binance:6582455660|confirm,2026-08-19T00:00:00+00:00,resolution_days=0; final_tier=TIER1_NORMAL
BREAK_RESOLVED,trade_stage,kraken:105348556|confirm,2026-08-19T00:00:00+00:00,resolution_days=0; final_tier=TIER1_NORMAL
BREAK_RESOLVED,trade_stage,kraken:105348560|confirm,2026-08-19T00:00:00+00:00,resolution_days=0; final_tier=TIER1_NORMAL
BREAK_RESOLVED,trade_stage,coinbase:1073148305|confirm,2026-08-19T00:00:00+00:00,resolution_days=0; final_tier=TIER1_NORMAL
BREAK_RESOLVED,trade_stage,coinbase:1073148312|confirm,2026-08-19T00:00:00+00:00,resolution_days=0; final_tier=TIER1_NORMAL
BREAK_RESOLVED,trade_stage,binance:6582455722|confirm,2026-08-19T00:00:00+00:00,resolution_days=0; final_tier=TIER1_NORMAL
BREAK_RESOLVED,trade_stage,coinbase:1073148323|confirm,2026-08-19T00:00:00+00:00,resolution_days=0; final_tier=TIER1_NORMAL
BREAK_RESOLVED,trade_stage,coinbase:1073148327|confirm,2026-08-19T00:00:00+00:00,resolution_days=0; final_tier=TIER1_NORMAL
BREAK_RESOLVED,trade_stage,binance:6582455879|confirm,2026-08-19T00:00:00+00:00,resolution_days=0; final_tier=TIER1_NORMAL
BREAK_RESOLVED,trade_stage,binance:6582455933|confirm,2026-08-19T00:00:00+00:00,resolution_days=0; final_tier=TIER1_NORMAL
BREAK_RESOLVED,trade_stage,binance:6582456105|confirm,2026-08-19T00:00:00+00:00,resolution_days=0; final_tier=TIER1_NORMAL
BREAK_RESOLVED,trade_stage,coinbase:1073148363|confirm,2026-08-19T00:00:00+00:00,resolution_days=0; final_tier=TIER1_NORMAL
BREAK_RESOLVED,trade_stage,coinbase:1073148365|confirm,2026-08-19T00:00:00+00:00,resolution_days=0; final_tier=TIER1_NORMAL
BREAK_RESOLVED,trade_stage,coinbase:1073148368|confirm,2026-08-19T00:00:00+00:00,resolution_days=0; final_tier=TIER1_NORMAL
BREAK_RESOLVED,trade_stage,binance:6582456331|confirm,2026-08-19T00:00:00+00:00,resolution_days=0; final_tier=TIER1_NORMAL
BREAK_RESOLVED,trade_stage,coinbase:1073148379|confirm,2026-08-19T00:00:00+00:00,resolution_days=0; final_tier=TIER1_NORMAL
BREAK_RESOLVED,trade_stage,binance:6582456479|confirm,2026-08-19T00:00:00+00:00,resolution_days=0; final_tier=TIER1_NORMAL
BREAK_RESOLVED,trade_stage,coinbase:1073148403|confirm,2026-08-19T00:00:00+00:00,resolution_days=0; final_tier=TIER1_NORMAL
BREAK_RESOLVED,trade_stage,binance:6582456516|confirm,2026-08-19T00:00:00+00:00,resolution_days=0; final_tier=TIER1_NORMAL
BREAK_RESOLVED,trade_stage,binance:6582456522|confirm,2026-08-19T00:00:00+00:00,resolution_days=0; final_tier=TIER1_NORMAL
BREAK_RESOLVED,trade_stage,coinbase:1073148420|confirm,2026-08-19T00:00:00+00:00,resolution_days=0; final_tier=TIER1_NORMAL
BREAK_RESOLVED,trade_stage,coinbase:1073148419|confirm,2026-08-19T00:00:00+00:00,resolution_days=0; final_tier=TIER1_NORMAL
BREAK_RESOLVED,trade_stage,coinbase:1073148429|confirm,2026-08-19T00:00:00+00:00,resolution_days=0; final_tier=TIER1_NORMAL
BREAK_RESOLVED,trade_stage,coinbase:1073148465|confirm,2026-08-19T00:00:00+00:00,resolution_days=0; final_tier=TIER1_NORMAL
BREAK_RESOLVED,trade_stage,binance:6582456778|confirm,2026-08-19T00:00:00+00:00,resolution_days=0; final_tier=TIER1_NORMAL
BREAK_RESOLVED,trade_stage,binance:6582456810|confirm,2026-08-19T00:00:00+00:00,resolution_days=0; final_tier=TIER1_NORMAL
BREAK_RESOLVED,trade_stage,coinbase:1073148523|confirm,2026-08-19T00:00:00+00:00,resolution_days=0; final_tier=TIER1_NORMAL
BREAK_RESOLVED,trade_stage,binance:6582456817|confirm,2026-08-19T00:00:00+00:00,resolution_days=0; final_tier=TIER1_NORMAL
BREAK_RESOLVED,trade_stage,coinbase:1073148541|confirm,2026-08-19T00:00:00+00:00,resolution_days=0; final_tier=TIER1_NORMAL
BREAK_RESOLVED,trade_stage,coinbase:1073148557|confirm,2026-08-19T00:00:00+00:00,resolution_days=0; final_tier=TIER1_NORMAL
BREAK_RESOLVED,trade_stage,coinbase:1073148560|confirm,2026-08-19T00:00:00+00:00,resolution_days=0; final_tier=TIER1_NORMAL
BREAK_RESOLVED,trade_stage,coinbase:1073148562|confirm,2026-08-19T00:00:00+00:00,resolution_days=0; final_tier=TIER1_NORMAL
BREAK_RESOLVED,trade_stage,binance:6582456839|confirm,2026-08-19T00:00:00+00:00,resolution_days=0; final_tier=TIER1_NORMAL
BREAK_RESOLVED,trade_stage,coinbase:1073148585|confirm,2026-08-19T00:00:00+00:00,resolution_days=0; final_tier=TIER1_NORMAL
BREAK_RESOLVED,trade_stage,binance:6582456868|confirm,2026-08-19T00:00:00+00:00,resolution_days=0; final_tier=TIER1_NORMAL
BREAK_RESOLVED,trade_stage,coinbase:1073148618|confirm,2026-08-19T00:00:00+00:00,resolution_days=0; final_tier=TIER1_NORMAL
BREAK_RESOLVED,trade_stage,coinbase:1073148637|confirm,2026-08-19T00:00:00+00:00,resolution_days=0; final_tier=TIER1_NORMAL
BREAK_RESOLVED,trade_stage,binance:6582456882|confirm,2026-08-19T00:00:00+00:00,resolution_days=0; final_tier=TIER1_NORMAL
BREAK_RESOLVED,trade_stage,coinbase:1073148660|confirm,2026-08-19T00:00:00+00:00,resolution_days=0; final_tier=TIER1_NORMAL
BREAK_RESOLVED,trade_stage,coinbase:1073148662|confirm,2026-08-19T00:00:00+00:00,resolution_days=0; final_tier=TIER1_NORMAL
BREAK_RESOLVED,trade_stage,binance:6582456906|confirm,2026-08-19T00:00:00+00:00,resolution_days=0; final_tier=TIER1_NORMAL
BREAK_RESOLVED,trade_stage,coinbase:1073148666|confirm,2026-08-19T00:00:00+00:00,resolution_days=0; final_tier=TIER1_NORMAL
BREAK_RESOLVED,trade_stage,coinbase:1073148669|confirm,2026-08-19T00:00:00+00:00,resolution_days=0; final_tier=TIER1_NORMAL
BREAK_RESOLVED,trade_stage,kraken:105348604|confirm,2026-08-19T00:00:00+00:00,resolution_days=0; final_tier=TIER1_NORMAL
BREAK_RESOLVED,trade_stage,binance:6582456974|confirm,2026-08-19T00:00:00+00:00,resolution_days=0; final_tier=TIER1_NORMAL
BREAK_RESOLVED,trade_stage,binance:6582457081|confirm,2026-08-19T00:00:00+00:00,resolution_days=0; final_tier=TIER1_NORMAL
BREAK_RESOLVED,trade_stage,binance:6582457100|confirm,2026-08-19T00:00:00+00:00,resolution_days=0; final_tier=TIER1_NORMAL
BREAK_RESOLVED,trade_stage,binance:6582457125|confirm,2026-08-19T00:00:00+00:00,resolution_days=0; final_tier=TIER1_NORMAL
BREAK_RESOLVED,trade_stage,binance:6582457131|confirm,2026-08-19T00:00:00+00:00,resolution_days=0; final_tier=TIER1_NORMAL
BREAK_RESOLVED,trade_stage,coinbase:1073148712|confirm,2026-08-19T00:00:00+00:00,resolution_days=0; final_tier=TIER1_NORMAL
BREAK_RESOLVED,trade_stage,coinbase:1073148720|confirm,2026-08-19T00:00:00+00:00,resolution_days=0; final_tier=TIER1_NORMAL
BREAK_RESOLVED,trade_stage,coinbase:1073148724|confirm,2026-08-19T00:00:00+00:00,resolution_days=0; final_tier=TIER1_NORMAL
BREAK_RESOLVED,trade_stage,coinbase:1073148745|confirm,2026-08-19T00:00:00+00:00,resolution_days=0; final_tier=TIER1_NORMAL
BREAK_RESOLVED,trade_stage,binance:6582457255|confirm,2026-08-19T00:00:00+00:00,resolution_days=0; final_tier=TIER1_NORMAL
BREAK_RESOLVED,trade_stage,binance:6582457359|confirm,2026-08-19T00:00:00+00:00,resolution_days=0; final_tier=TIER1_NORMAL
BREAK_RESOLVED,trade_stage,coinbase:1073148769|confirm,2026-08-19T00:00:00+00:00,resolution_days=0; final_tier=TIER1_NORMAL
BREAK_RESOLVED,trade_stage,coinbase:1073148770|confirm,2026-08-19T00:00:00+00:00,resolution_days=0; final_tier=TIER1_NORMAL
BREAK_RESOLVED,trade_stage,coinbase:1073148772|confirm,2026-08-19T00:00:00+00:00,resolution_days=0; final_tier=TIER1_NORMAL
BREAK_RESOLVED,trade_stage,binance:6582457528|confirm,2026-08-19T00:00:00+00:00,resolution_days=0; final_tier=TIER1_NORMAL
BREAK_RESOLVED,trade_stage,binance:6582457533|confirm,2026-08-19T00:00:00+00:00,resolution_days=0; final_tier=TIER1_NORMAL
BREAK_RESOLVED,trade_stage,kraken:105348617|confirm,2026-08-19T00:00:00+00:00,resolution_days=0; final_tier=TIER1_NORMAL
BREAK_RESOLVED,trade_stage,coinbase:1073148781|confirm,2026-08-19T00:00:00+00:00,resolution_days=0; final_tier=TIER1_NORMAL
BREAK_RESOLVED,trade_stage,binance:6582457666|confirm,2026-08-19T00:00:00+00:00,resolution_days=0; final_tier=TIER1_NORMAL
BREAK_RESOLVED,trade_stage,binance:6582457669|confirm,2026-08-19T00:00:00+00:00,resolution_days=0; final_tier=TIER1_NORMAL
BREAK_RESOLVED,trade_stage,binance:6582457694|confirm,2026-08-19T00:00:00+00:00,resolution_days=0; final_tier=TIER1_NORMAL
BREAK_RESOLVED,trade_stage,binance:6582457697|confirm,2026-08-19T00:00:00+00:00,resolution_days=0; final_tier=TIER1_NORMAL
BREAK_RESOLVED,trade_stage,binance:6582457793|confirm,2026-08-19T00:00:00+00:00,resolution_days=0; final_tier=TIER1_NORMAL
BREAK_RESOLVED,trade_stage,binance:6582457810|confirm,2026-08-19T00:00:00+00:00,resolution_days=0; final_tier=TIER1_NORMAL
BREAK_RESOLVED,trade_stage,binance:6582457823|confirm,2026-08-19T00:00:00+00:00,resolution_days=0; final_tier=TIER1_NORMAL
BREAK_RESOLVED,trade_stage,coinbase:1073148799|confirm,2026-08-19T00:00:00+00:00,resolution_days=0; final_tier=TIER1_NORMAL
BREAK_RESOLVED,trade_stage,coinbase:1073148814|confirm,2026-08-19T00:00:00+00:00,resolution_days=0; final_tier=TIER1_NORMAL
BREAK_RESOLVED,trade_stage,binance:6582457890|confirm,2026-08-19T00:00:00+00:00,resolution_days=0; final_tier=TIER1_NORMAL
BREAK_RESOLVED,trade_stage,coinbase:1073148835|confirm,2026-08-19T00:00:00+00:00,resolution_days=0; final_tier=TIER1_NORMAL
BREAK_RESOLVED,trade_stage,binance:6582458020|confirm,2026-08-19T00:00:00+00:00,resolution_days=0; final_tier=TIER1_NORMAL
BREAK_RESOLVED,trade_stage,binance:6582458047|confirm,2026-08-19T00:00:00+00:00,resolution_days=0; final_tier=TIER1_NORMAL
BREAK_RESOLVED,trade_stage,coinbase:1073148884|confirm,2026-08-19T00:00:00+00:00,resolution_days=0; final_tier=TIER1_NORMAL
BREAK_RESOLVED,trade_stage,binance:6582458223|confirm,2026-08-19T00:00:00+00:00,resolution_days=0; final_tier=TIER1_NORMAL
BREAK_RESOLVED,trade_stage,binance:6582458243|confirm,2026-08-19T00:00:00+00:00,resolution_days=0; final_tier=TIER1_NORMAL
BREAK_RESOLVED,trade_stage,binance:6582458248|confirm,2026-08-19T00:00:00+00:00,resolution_days=0; final_tier=TIER1_NORMAL
BREAK_RESOLVED,trade_stage,binance:6582458258|confirm,2026-08-19T00:00:00+00:00,resolution_days=0; final_tier=TIER1_NORMAL
BREAK_RESOLVED,trade_stage,binance:6582458313|confirm,2026-08-19T00:00:00+00:00,resolution_days=0; final_tier=TIER1_NORMAL
BREAK_RESOLVED,trade_stage,binance:6582458486|confirm,2026-08-19T00:00:00+00:00,resolution_days=0; final_tier=TIER1_NORMAL
BREAK_RESOLVED,trade_stage,binance:6582458587|confirm,2026-08-19T00:00:00+00:00,resolution_days=0; final_tier=TIER1_NORMAL
BREAK_RESOLVED,trade_stage,binance:6582458620|confirm,2026-08-19T00:00:00+00:00,resolution_days=0; final_tier=TIER1_NORMAL
BREAK_RESOLVED,trade_stage,binance:6582458831|confirm,2026-08-19T00:00:00+00:00,resolution_days=0; final_tier=TIER1_NORMAL
BREAK_RESOLVED,trade_stage,binance:6582458834|confirm,2026-08-19T00:00:00+00:00,resolution_days=0; final_tier=TIER1_NORMAL
BREAK_RESOLVED,trade_stage,binance:6582458885|confirm,2026-08-19T00:00:00+00:00,resolution_days=0; final_tier=TIER1_NORMAL
BREAK_RESOLVED,trade_stage,binance:6582458940|confirm,2026-08-19T00:00:00+00:00,resolution_days=0; final_tier=TIER1_NORMAL
BREAK_RESOLVED,trade_stage,binance:6582458953|confirm,2026-08-19T00:00:00+00:00,resolution_days=0; final_tier=TIER1_NORMAL
BREAK_RESOLVED,trade_stage,binance:6582458980|confirm,2026-08-19T00:00:00+00:00,resolution_days=0; final_tier=TIER1_NORMAL
BREAK_RESOLVED,trade_stage,binance:6582459018|confirm,2026-08-19T00:00:00+00:00,resolution_days=0; final_tier=TIER1_NORMAL
BREAK_RESOLVED,trade_stage,binance:6582459065|confirm,2026-08-19T00:00:00+00:00,resolution_days=0; final_tier=TIER1_NORMAL
BREAK_RESOLVED,trade_stage,binance:6582459083|confirm,2026-08-19T00:00:00+00:00,resolution_days=0; final_tier=TIER1_NORMAL
BREAK_RESOLVED,trade_stage,binance:6582459178|confirm,2026-08-19T00:00:00+00:00,resolution_days=0; final_tier=TIER1_NORMAL
BREAK_RESOLVED,trade_stage,binance:6582459227|confirm,2026-08-19T00:00:00+00:00,resolution_days=0; final_tier=TIER1_NORMAL
BREAK_RESOLVED,trade_stage,binance:6582459240|confirm,2026-08-19T00:00:00+00:00,resolution_days=0; final_tier=TIER1_NORMAL
BREAK_RESOLVED,trade_stage,binance:6582459324|confirm,2026-08-19T00:00:00+00:00,resolution_days=0; final_tier=TIER1_NORMAL
BREAK_RESOLVED,trade_stage,binance:6582459434|confirm,2026-08-19T00:00:00+00:00,resolution_days=0; final_tier=TIER1_NORMAL
BREAK_RESOLVED,trade_stage,binance:6582459514|confirm,2026-08-19T00:00:00+00:00,resolution_days=0; final_tier=TIER1_NORMAL
BREAK_RESOLVED,trade_stage,binance:6582459526|confirm,2026-08-19T00:00:00+00:00,resolution_days=0; final_tier=TIER1_NORMAL
BREAK_RESOLVED,trade_stage,binance:6582459632|confirm,2026-08-19T00:00:00+00:00,resolution_days=0; final_tier=TIER1_NORMAL
BREAK_RESOLVED,trade_stage,binance:6582459668|confirm,2026-08-19T00:00:00+00:00,resolution_days=0; final_tier=TIER1_NORMAL
BREAK_RESOLVED,trade_stage,binance:6582459700|confirm,2026-08-19T00:00:00+00:00,resolution_days=0; final_tier=TIER1_NORMAL
BREAK_RESOLVED,trade_stage,coinbase:1073149148|confirm,2026-08-19T00:00:00+00:00,resolution_days=0; final_tier=TIER1_NORMAL
BREAK_RESOLVED,trade_stage,binance:6582460033|confirm,2026-08-19T00:00:00+00:00,resolution_days=0; final_tier=TIER1_NORMAL
BREAK_RESOLVED,trade_stage,binance:6582460048|confirm,2026-08-19T00:00:00+00:00,resolution_days=0; final_tier=TIER1_NORMAL
BREAK_RESOLVED,trade_stage,binance:6582460051|confirm,2026-08-19T00:00:00+00:00,resolution_days=0; final_tier=TIER1_NORMAL
BREAK_RESOLVED,trade_stage,coinbase:1073149179|confirm,2026-08-19T00:00:00+00:00,resolution_days=0; final_tier=TIER1_NORMAL
BREAK_RESOLVED,trade_stage,kraken:105348648|confirm,2026-08-19T00:00:00+00:00,resolution_days=0; final_tier=TIER1_NORMAL
BREAK_RESOLVED,trade_stage,binance:6582460117|confirm,2026-08-19T00:00:00+00:00,resolution_days=0; final_tier=TIER1_NORMAL
BREAK_RESOLVED,trade_stage,coinbase:1073149193|confirm,2026-08-19T00:00:00+00:00,resolution_days=0; final_tier=TIER1_NORMAL
BREAK_RESOLVED,trade_stage,coinbase:1073149194|confirm,2026-08-19T00:00:00+00:00,resolution_days=0; final_tier=TIER1_NORMAL
BREAK_RESOLVED,trade_stage,coinbase:1073149200|confirm,2026-08-19T00:00:00+00:00,resolution_days=0; final_tier=TIER1_NORMAL
BREAK_RESOLVED,trade_stage,coinbase:1073149215|confirm,2026-08-19T00:00:00+00:00,resolution_days=0; final_tier=TIER1_NORMAL
BREAK_RESOLVED,trade_stage,coinbase:1073149221|confirm,2026-08-19T00:00:00+00:00,resolution_days=0; final_tier=TIER1_NORMAL
BREAK_RESOLVED,trade_stage,binance:6582460243|confirm,2026-08-19T00:00:00+00:00,resolution_days=0; final_tier=TIER1_NORMAL
BREAK_RESOLVED,trade_stage,binance:6582460286|confirm,2026-08-19T00:00:00+00:00,resolution_days=0; final_tier=TIER1_NORMAL
BREAK_RESOLVED,trade_stage,binance:6582460330|confirm,2026-08-19T00:00:00+00:00,resolution_days=0; final_tier=TIER1_NORMAL
BREAK_RESOLVED,trade_stage,binance:6582460332|confirm,2026-08-19T00:00:00+00:00,resolution_days=0; final_tier=TIER1_NORMAL
BREAK_RESOLVED,trade_stage,coinbase:1073149252|confirm,2026-08-19T00:00:00+00:00,resolution_days=0; final_tier=TIER1_NORMAL
BREAK_RESOLVED,trade_stage,binance:6582460335|confirm,2026-08-19T00:00:00+00:00,resolution_days=0; final_tier=TIER1_NORMAL
BREAK_RESOLVED,trade_stage,binance:6582460339|confirm,2026-08-19T00:00:00+00:00,resolution_days=0; final_tier=TIER1_NORMAL
BREAK_RESOLVED,trade_stage,kraken:105348665|confirm,2026-08-19T00:00:00+00:00,resolution_days=0; final_tier=TIER1_NORMAL
BREAK_RESOLVED,trade_stage,kraken:105348675|confirm,2026-08-19T00:00:00+00:00,resolution_days=0; final_tier=TIER1_NORMAL
BREAK_RESOLVED,trade_stage,binance:6582460351|confirm,2026-08-19T00:00:00+00:00,resolution_days=0; final_tier=TIER1_NORMAL
BREAK_RESOLVED,trade_stage,binance:6582460477|confirm,2026-08-19T00:00:00+00:00,resolution_days=0; final_tier=TIER1_NORMAL
BREAK_RESOLVED,trade_stage,coinbase:1073149296|confirm,2026-08-19T00:00:00+00:00,resolution_days=0; final_tier=TIER1_NORMAL
BREAK_RESOLVED,trade_stage,binance:6582460668|confirm,2026-08-19T00:00:00+00:00,resolution_days=0; final_tier=TIER1_NORMAL
BREAK_RESOLVED,trade_stage,binance:6582460695|confirm,2026-08-19T00:00:00+00:00,resolution_days=0; final_tier=TIER1_NORMAL
BREAK_RESOLVED,trade_stage,coinbase:1073149316|confirm,2026-08-19T00:00:00+00:00,resolution_days=0; final_tier=TIER1_NORMAL
BREAK_RESOLVED,trade_stage,coinbase:1073149317|confirm,2026-08-19T00:00:00+00:00,resolution_days=0; final_tier=TIER1_NORMAL
BREAK_RESOLVED,trade_stage,coinbase:1073149327|confirm,2026-08-19T00:00:00+00:00,resolution_days=0; final_tier=TIER1_NORMAL
BREAK_RESOLVED,trade_stage,binance:6582460729|confirm,2026-08-19T00:00:00+00:00,resolution_days=0; final_tier=TIER1_NORMAL
BREAK_RESOLVED,trade_stage,binance:6582460807|confirm,2026-08-19T00:00:00+00:00,resolution_days=0; final_tier=TIER1_NORMAL
BREAK_RESOLVED,trade_stage,coinbase:1073149358|confirm,2026-08-19T00:00:00+00:00,resolution_days=0; final_tier=TIER1_NORMAL
BREAK_RESOLVED,trade_stage,binance:6582461082|confirm,2026-08-19T00:00:00+00:00,resolution_days=0; final_tier=TIER1_NORMAL
BREAK_RESOLVED,trade_stage,coinbase:1073149368|confirm,2026-08-19T00:00:00+00:00,resolution_days=0; final_tier=TIER1_NORMAL
BREAK_RESOLVED,trade_stage,binance:6582461112|confirm,2026-08-19T00:00:00+00:00,resolution_days=0; final_tier=TIER1_NORMAL
BREAK_RESOLVED,trade_stage,coinbase:1073149429|confirm,2026-08-19T00:00:00+00:00,resolution_days=0; final_tier=TIER1_NORMAL
BREAK_RESOLVED,trade_stage,binance:6582461271|confirm,2026-08-19T00:00:00+00:00,resolution_days=0; final_tier=TIER1_NORMAL
BREAK_RESOLVED,trade_stage,binance:6582461327|confirm,2026-08-19T00:00:00+00:00,resolution_days=0; final_tier=TIER1_NORMAL
BREAK_RESOLVED,trade_stage,coinbase:1073149469|confirm,2026-08-19T00:00:00+00:00,resolution_days=0; final_tier=TIER1_NORMAL
BREAK_RESOLVED,trade_stage,coinbase:1073149474|confirm,2026-08-19T00:00:00+00:00,resolution_days=0; final_tier=TIER1_NORMAL
BREAK_RESOLVED,trade_stage,coinbase:1073149476|confirm,2026-08-19T00:00:00+00:00,resolution_days=0; final_tier=TIER1_NORMAL
BREAK_RESOLVED,trade_stage,binance:6582461441|confirm,2026-08-19T00:00:00+00:00,resolution_days=0; final_tier=TIER1_NORMAL
BREAK_RESOLVED,trade_stage,binance:6582461682|confirm,2026-08-19T00:00:00+00:00,resolution_days=0; final_tier=TIER1_NORMAL
BREAK_RESOLVED,trade_stage,binance:6582461685|confirm,2026-08-19T00:00:00+00:00,resolution_days=0; final_tier=TIER1_NORMAL
BREAK_RESOLVED,trade_stage,binance:6582461699|confirm,2026-08-19T00:00:00+00:00,resolution_days=0; final_tier=TIER1_NORMAL
BREAK_RESOLVED,trade_stage,coinbase:1073149520|confirm,2026-08-19T00:00:00+00:00,resolution_days=0; final_tier=TIER1_NORMAL
BREAK_RESOLVED,trade_stage,binance:6582461718|confirm,2026-08-19T00:00:00+00:00,resolution_days=0; final_tier=TIER1_NORMAL
BREAK_RESOLVED,trade_stage,coinbase:1073149543|confirm,2026-08-19T00:00:00+00:00,resolution_days=0; final_tier=TIER1_NORMAL
BREAK_RESOLVED,trade_stage,binance:6582461783|confirm,2026-08-19T00:00:00+00:00,resolution_days=0; final_tier=TIER1_NORMAL
BREAK_RESOLVED,trade_stage,binance:6582461791|confirm,2026-08-19T00:00:00+00:00,resolution_days=0; final_tier=TIER1_NORMAL
BREAK_RESOLVED,trade_stage,binance:6582461809|confirm,2026-08-19T00:00:00+00:00,resolution_days=0; final_tier=TIER1_NORMAL
BREAK_RESOLVED,trade_stage,coinbase:1073149565|confirm,2026-08-19T00:00:00+00:00,resolution_days=0; final_tier=TIER1_NORMAL
BREAK_RESOLVED,trade_stage,coinbase:1073149570|confirm,2026-08-19T00:00:00+00:00,resolution_days=0; final_tier=TIER1_NORMAL
BREAK_RESOLVED,trade_stage,coinbase:1073149571|confirm,2026-08-19T00:00:00+00:00,resolution_days=0; final_tier=TIER1_NORMAL
BREAK_RESOLVED,trade_stage,coinbase:1073149573|confirm,2026-08-19T00:00:00+00:00,resolution_days=0; final_tier=TIER1_NORMAL
BREAK_RESOLVED,trade_stage,coinbase:1073149585|confirm,2026-08-19T00:00:00+00:00,resolution_days=0; final_tier=TIER1_NORMAL
BREAK_RESOLVED,trade_stage,binance:6582461854|confirm,2026-08-19T00:00:00+00:00,resolution_days=0; final_tier=TIER1_NORMAL
BREAK_RESOLVED,trade_stage,kraken:105348699|confirm,2026-08-19T00:00:00+00:00,resolution_days=0; final_tier=TIER1_NORMAL
BREAK_RESOLVED,trade_stage,coinbase:1073149632|confirm,2026-08-19T00:00:00+00:00,resolution_days=0; final_tier=TIER1_NORMAL
BREAK_RESOLVED,trade_stage,coinbase:1073149624|confirm,2026-08-19T00:00:00+00:00,resolution_days=0; final_tier=TIER1_NORMAL
BREAK_RESOLVED,trade_stage,coinbase:1073149622|confirm,2026-08-19T00:00:00+00:00,resolution_days=0; final_tier=TIER1_NORMAL
BREAK_RESOLVED,trade_stage,binance:6582461943|confirm,2026-08-19T00:00:00+00:00,resolution_days=0; final_tier=TIER1_NORMAL
BREAK_RESOLVED,trade_stage,coinbase:1073149641|confirm,2026-08-19T00:00:00+00:00,resolution_days=0; final_tier=TIER1_NORMAL
BREAK_RESOLVED,trade_stage,coinbase:1073149643|confirm,2026-08-19T00:00:00+00:00,resolution_days=0; final_tier=TIER1_NORMAL
BREAK_RESOLVED,trade_stage,coinbase:1073149654|confirm,2026-08-19T00:00:00+00:00,resolution_days=0; final_tier=TIER1_NORMAL
BREAK_RESOLVED,trade_stage,binance:6582461983|confirm,2026-08-19T00:00:00+00:00,resolution_days=0; final_tier=TIER1_NORMAL
BREAK_RESOLVED,trade_stage,binance:6582462095|confirm,2026-08-19T00:00:00+00:00,resolution_days=0; final_tier=TIER1_NORMAL
BREAK_RESOLVED,trade_stage,coinbase:1073149712|confirm,2026-08-19T00:00:00+00:00,resolution_days=0; final_tier=TIER1_NORMAL
BREAK_RESOLVED,trade_stage,coinbase:1073149742|confirm,2026-08-19T00:00:00+00:00,resolution_days=0; final_tier=TIER1_NORMAL
BREAK_RESOLVED,trade_stage,coinbase:1073149741|confirm,2026-08-19T00:00:00+00:00,resolution_days=0; final_tier=TIER1_NORMAL
BREAK_RESOLVED,trade_stage,binance:6582462398|confirm,2026-08-19T00:00:00+00:00,resolution_days=0; final_tier=TIER1_NORMAL
BREAK_RESOLVED,trade_stage,binance:6582462419|confirm,2026-08-19T00:00:00+00:00,resolution_days=0; final_tier=TIER1_NORMAL
BREAK_RESOLVED,trade_stage,binance:6582462436|confirm,2026-08-19T00:00:00+00:00,resolution_days=0; final_tier=TIER1_NORMAL
BREAK_RESOLVED,trade_stage,binance:6582462437|confirm,2026-08-19T00:00:00+00:00,resolution_days=0; final_tier=TIER1_NORMAL
BREAK_RESOLVED,trade_stage,coinbase:1073149758|confirm,2026-08-19T00:00:00+00:00,resolution_days=0; final_tier=TIER1_NORMAL
BREAK_RESOLVED,trade_stage,kraken:105348706|confirm,2026-08-19T00:00:00+00:00,resolution_days=0; final_tier=TIER1_NORMAL
BREAK_RESOLVED,trade_stage,coinbase:1073149772|confirm,2026-08-19T00:00:00+00:00,resolution_days=0; final_tier=TIER1_NORMAL
BREAK_RESOLVED,trade_stage,coinbase:1073149774|confirm,2026-08-19T00:00:00+00:00,resolution_days=0; final_tier=TIER1_NORMAL
BREAK_RESOLVED,trade_stage,coinbase:1073149799|confirm,2026-08-19T00:00:00+00:00,resolution_days=0; final_tier=TIER1_NORMAL
BREAK_RESOLVED,trade_stage,coinbase:1073149801|confirm,2026-08-19T00:00:00+00:00,resolution_days=0; final_tier=TIER1_NORMAL
BREAK_RESOLVED,trade_stage,binance:6582462625|confirm,2026-08-19T00:00:00+00:00,resolution_days=0; final_tier=TIER1_NORMAL
BREAK_RESOLVED,trade_stage,binance:6582462675|confirm,2026-08-19T00:00:00+00:00,resolution_days=0; final_tier=TIER1_NORMAL
BREAK_RESOLVED,trade_stage,coinbase:1073149832|confirm,2026-08-19T00:00:00+00:00,resolution_days=0; final_tier=TIER1_NORMAL
BREAK_RESOLVED,trade_stage,coinbase:1073149837|confirm,2026-08-19T00:00:00+00:00,resolution_days=0; final_tier=TIER1_NORMAL
BREAK_RESOLVED,trade_stage,coinbase:1073149854|confirm,2026-08-19T00:00:00+00:00,resolution_days=0; final_tier=TIER1_NORMAL
BREAK_RESOLVED,trade_stage,coinbase:1073149856|confirm,2026-08-19T00:00:00+00:00,resolution_days=0; final_tier=TIER1_NORMAL
BREAK_RESOLVED,trade_stage,coinbase:1073149861|confirm,2026-08-19T00:00:00+00:00,resolution_days=0; final_tier=TIER1_NORMAL
BREAK_RESOLVED,trade_stage,coinbase:1073149866|confirm,2026-08-19T00:00:00+00:00,resolution_days=0; final_tier=TIER1_NORMAL
BREAK_RESOLVED,trade_stage,coinbase:1073149869|confirm,2026-08-19T00:00:00+00:00,resolution_days=0; final_tier=TIER1_NORMAL
BREAK_RESOLVED,trade_stage,binance:6582462794|confirm,2026-08-19T00:00:00+00:00,resolution_days=0; final_tier=TIER1_NORMAL
BREAK_RESOLVED,trade_stage,coinbase:1073149910|confirm,2026-08-19T00:00:00+00:00,resolution_days=0; final_tier=TIER1_NORMAL
BREAK_RESOLVED,trade_stage,binance:6582462961|confirm,2026-08-19T00:00:00+00:00,resolution_days=0; final_tier=TIER1_NORMAL
BREAK_RESOLVED,trade_stage,binance:6582463132|confirm,2026-08-19T00:00:00+00:00,resolution_days=0; final_tier=TIER1_NORMAL
BREAK_RESOLVED,trade_stage,kraken:105348735|confirm,2026-08-19T00:00:00+00:00,resolution_days=0; final_tier=TIER1_NORMAL
BREAK_RESOLVED,trade_stage,coinbase:1073149997|confirm,2026-08-19T00:00:00+00:00,resolution_days=0; final_tier=TIER1_NORMAL
BREAK_RESOLVED,trade_stage,coinbase:1073150042|confirm,2026-08-19T00:00:00+00:00,resolution_days=0; final_tier=TIER1_NORMAL
BREAK_RESOLVED,trade_stage,coinbase:1073150050|confirm,2026-08-19T00:00:00+00:00,resolution_days=0; final_tier=TIER1_NORMAL
BREAK_RESOLVED,trade_stage,coinbase:1073150066|confirm,2026-08-19T00:00:00+00:00,resolution_days=0; final_tier=TIER1_NORMAL
BREAK_RESOLVED,trade_stage,binance:6582463394|confirm,2026-08-19T00:00:00+00:00,resolution_days=0; final_tier=TIER1_NORMAL
BREAK_RESOLVED,trade_stage,coinbase:1073150090|confirm,2026-08-19T00:00:00+00:00,resolution_days=0; final_tier=TIER1_NORMAL
BREAK_RESOLVED,trade_stage,binance:6582463543|confirm,2026-08-19T00:00:00+00:00,resolution_days=0; final_tier=TIER1_NORMAL
BREAK_RESOLVED,trade_stage,coinbase:1073150098|confirm,2026-08-19T00:00:00+00:00,resolution_days=0; final_tier=TIER1_NORMAL
BREAK_RESOLVED,trade_stage,binance:6582463624|confirm,2026-08-19T00:00:00+00:00,resolution_days=0; final_tier=TIER1_NORMAL
BREAK_RESOLVED,trade_stage,coinbase:1073150109|confirm,2026-08-19T00:00:00+00:00,resolution_days=0; final_tier=TIER1_NORMAL
BREAK_RESOLVED,trade_stage,coinbase:1073150116|confirm,2026-08-19T00:00:00+00:00,resolution_days=0; final_tier=TIER1_NORMAL
BREAK_RESOLVED,trade_stage,coinbase:1073150129|confirm,2026-08-19T00:00:00+00:00,resolution_days=0; final_tier=TIER1_NORMAL
BREAK_RESOLVED,trade_stage,coinbase:1073150140|confirm,2026-08-19T00:00:00+00:00,resolution_days=0; final_tier=TIER1_NORMAL
BREAK_RESOLVED,trade_stage,coinbase:1073150142|confirm,2026-08-19T00:00:00+00:00,resolution_days=0; final_tier=TIER1_NORMAL
BREAK_RESOLVED,trade_stage,coinbase:1073150146|confirm,2026-08-19T00:00:00+00:00,resolution_days=0; final_tier=TIER1_NORMAL
BREAK_RESOLVED,trade_stage,coinbase:1073150178|confirm,2026-08-19T00:00:00+00:00,resolution_days=0; final_tier=TIER1_NORMAL
BREAK_RESOLVED,trade_stage,coinbase:1073150186|confirm,2026-08-19T00:00:00+00:00,resolution_days=0; final_tier=TIER1_NORMAL
BREAK_RESOLVED,trade_stage,coinbase:1073150194|confirm,2026-08-19T00:00:00+00:00,resolution_days=0; final_tier=TIER1_NORMAL
BREAK_RESOLVED,trade_stage,binance:6582463662|confirm,2026-08-19T00:00:00+00:00,resolution_days=0; final_tier=TIER1_NORMAL
BREAK_RESOLVED,trade_stage,coinbase:1073150242|confirm,2026-08-19T00:00:00+00:00,resolution_days=0; final_tier=TIER1_NORMAL
BREAK_RESOLVED,trade_stage,binance:6582463824|confirm,2026-08-19T00:00:00+00:00,resolution_days=0; final_tier=TIER1_NORMAL
BREAK_RESOLVED,trade_stage,binance:6582463918|confirm,2026-08-19T00:00:00+00:00,resolution_days=0; final_tier=TIER1_NORMAL
BREAK_RESOLVED,trade_stage,binance:6582463936|confirm,2026-08-19T00:00:00+00:00,resolution_days=0; final_tier=TIER1_NORMAL
BREAK_RESOLVED,trade_stage,coinbase:1073150266|confirm,2026-08-19T00:00:00+00:00,resolution_days=0; final_tier=TIER1_NORMAL
BREAK_RESOLVED,trade_stage,binance:6582464030|confirm,2026-08-19T00:00:00+00:00,resolution_days=0; final_tier=TIER1_NORMAL
BREAK_RESOLVED,trade_stage,coinbase:1073150305|confirm,2026-08-19T00:00:00+00:00,resolution_days=0; final_tier=TIER1_NORMAL
BREAK_RESOLVED,trade_stage,binance:6582464049|confirm,2026-08-19T00:00:00+00:00,resolution_days=0; final_tier=TIER1_NORMAL
BREAK_RESOLVED,trade_stage,binance:6582464051|confirm,2026-08-19T00:00:00+00:00,resolution_days=0; final_tier=TIER1_NORMAL
BREAK_RESOLVED,trade_stage,coinbase:1073150346|confirm,2026-08-19T00:00:00+00:00,resolution_days=0; final_tier=TIER1_NORMAL
BREAK_RESOLVED,trade_stage,coinbase:1073150349|confirm,2026-08-19T00:00:00+00:00,resolution_days=0; final_tier=TIER1_NORMAL
BREAK_RESOLVED,trade_stage,binance:6582464058|confirm,2026-08-19T00:00:00+00:00,resolution_days=0; final_tier=TIER1_NORMAL
BREAK_RESOLVED,trade_stage,binance:6582464101|confirm,2026-08-19T00:00:00+00:00,resolution_days=0; final_tier=TIER1_NORMAL
BREAK_RESOLVED,trade_stage,binance:6582464109|confirm,2026-08-19T00:00:00+00:00,resolution_days=0; final_tier=TIER1_NORMAL
BREAK_RESOLVED,trade_stage,binance:6582464119|confirm,2026-08-19T00:00:00+00:00,resolution_days=0; final_tier=TIER1_NORMAL
BREAK_RESOLVED,trade_stage,coinbase:1073150355|confirm,2026-08-19T00:00:00+00:00,resolution_days=0; final_tier=TIER1_NORMAL
BREAK_RESOLVED,trade_stage,binance:6582464187|confirm,2026-08-19T00:00:00+00:00,resolution_days=0; final_tier=TIER1_NORMAL
BREAK_RESOLVED,trade_stage,coinbase:1073150361|confirm,2026-08-19T00:00:00+00:00,resolution_days=0; final_tier=TIER1_NORMAL
BREAK_RESOLVED,trade_stage,binance:6582464250|confirm,2026-08-19T00:00:00+00:00,resolution_days=0; final_tier=TIER1_NORMAL
BREAK_RESOLVED,trade_stage,binance:6582464257|confirm,2026-08-19T00:00:00+00:00,resolution_days=0; final_tier=TIER1_NORMAL
BREAK_RESOLVED,trade_stage,binance:6582464259|confirm,2026-08-19T00:00:00+00:00,resolution_days=0; final_tier=TIER1_NORMAL
BREAK_RESOLVED,trade_stage,coinbase:1073150367|confirm,2026-08-19T00:00:00+00:00,resolution_days=0; final_tier=TIER1_NORMAL
BREAK_RESOLVED,trade_stage,binance:6582464324|confirm,2026-08-19T00:00:00+00:00,resolution_days=0; final_tier=TIER1_NORMAL
BREAK_RESOLVED,trade_stage,binance:6582464364|confirm,2026-08-19T00:00:00+00:00,resolution_days=0; final_tier=TIER1_NORMAL
BREAK_RESOLVED,trade_stage,coinbase:1073150378|confirm,2026-08-19T00:00:00+00:00,resolution_days=0; final_tier=TIER1_NORMAL
BREAK_RESOLVED,trade_stage,coinbase:1073150383|confirm,2026-08-19T00:00:00+00:00,resolution_days=0; final_tier=TIER1_NORMAL
BREAK_RESOLVED,trade_stage,binance:6582464381|confirm,2026-08-19T00:00:00+00:00,resolution_days=0; final_tier=TIER1_NORMAL
BREAK_RESOLVED,trade_stage,coinbase:1073150409|confirm,2026-08-19T00:00:00+00:00,resolution_days=0; final_tier=TIER1_NORMAL
BREAK_RESOLVED,trade_stage,coinbase:1073150407|confirm,2026-08-19T00:00:00+00:00,resolution_days=0; final_tier=TIER1_NORMAL
BREAK_RESOLVED,trade_stage,binance:6582464408|confirm,2026-08-19T00:00:00+00:00,resolution_days=0; final_tier=TIER1_NORMAL
BREAK_RESOLVED,trade_stage,binance:6582464471|confirm,2026-08-19T00:00:00+00:00,resolution_days=0; final_tier=TIER1_NORMAL
BREAK_RESOLVED,trade_stage,binance:6582464497|confirm,2026-08-19T00:00:00+00:00,resolution_days=0; final_tier=TIER1_NORMAL
BREAK_RESOLVED,trade_stage,binance:6582464524|confirm,2026-08-19T00:00:00+00:00,resolution_days=0; final_tier=TIER1_NORMAL
BREAK_RESOLVED,trade_stage,binance:6582464585|confirm,2026-08-19T00:00:00+00:00,resolution_days=0; final_tier=TIER1_NORMAL
BREAK_RESOLVED,trade_stage,binance:6582464599|confirm,2026-08-19T00:00:00+00:00,resolution_days=0; final_tier=TIER1_NORMAL
BREAK_RESOLVED,trade_stage,coinbase:1073150489|confirm,2026-08-19T00:00:00+00:00,resolution_days=0; final_tier=TIER1_NORMAL
BREAK_RESOLVED,trade_stage,binance:6582464730|confirm,2026-08-19T00:00:00+00:00,resolution_days=0; final_tier=TIER1_NORMAL
BREAK_RESOLVED,trade_stage,coinbase:1073150500|confirm,2026-08-19T00:00:00+00:00,resolution_days=0; final_tier=TIER1_NORMAL
BREAK_RESOLVED,trade_stage,kraken:105348784|confirm,2026-08-19T00:00:00+00:00,resolution_days=0; final_tier=TIER1_NORMAL
BREAK_RESOLVED,trade_stage,binance:6582464962|confirm,2026-08-19T00:00:00+00:00,resolution_days=0; final_tier=TIER1_NORMAL
BREAK_RESOLVED,trade_stage,coinbase:1073150519|confirm,2026-08-19T00:00:00+00:00,resolution_days=0; final_tier=TIER1_NORMAL
BREAK_RESOLVED,trade_stage,binance:6582465047|confirm,2026-08-19T00:00:00+00:00,resolution_days=0; final_tier=TIER1_NORMAL
BREAK_RESOLVED,trade_stage,binance:6582465060|confirm,2026-08-19T00:00:00+00:00,resolution_days=0; final_tier=TIER1_NORMAL
BREAK_RESOLVED,trade_stage,binance:6582465065|confirm,2026-08-19T00:00:00+00:00,resolution_days=0; final_tier=TIER1_NORMAL
BREAK_RESOLVED,trade_stage,coinbase:1073150538|confirm,2026-08-19T00:00:00+00:00,resolution_days=0; final_tier=TIER1_NORMAL
BREAK_RESOLVED,trade_stage,binance:6582465143|confirm,2026-08-19T00:00:00+00:00,resolution_days=0; final_tier=TIER1_NORMAL
BREAK_RESOLVED,trade_stage,coinbase:1073150620|confirm,2026-08-19T00:00:00+00:00,resolution_days=0; final_tier=TIER1_NORMAL
BREAK_RESOLVED,trade_stage,coinbase:1073150656|confirm,2026-08-19T00:00:00+00:00,resolution_days=0; final_tier=TIER1_NORMAL
BREAK_RESOLVED,trade_stage,coinbase:1073150658|confirm,2026-08-19T00:00:00+00:00,resolution_days=0; final_tier=TIER1_NORMAL
BREAK_RESOLVED,trade_stage,kraken:105348810|confirm,2026-08-19T00:00:00+00:00,resolution_days=0; final_tier=TIER1_NORMAL
INVOICE_DISCREPANCY_IDENTIFIED,trade,kraken:105347814,2026-08-19T00:00:00+00:00,discrepancy_type=rate_misapplied; delta_usd=-2.93517678; venue=kraken
INVOICE_DISCREPANCY_IDENTIFIED,trade,kraken:105347820,2026-08-19T00:00:00+00:00,discrepancy_type=rate_misapplied; delta_usd=-0.96527023; venue=kraken
INVOICE_DISCREPANCY_IDENTIFIED,trade,kraken:105347822,2026-08-19T00:00:00+00:00,discrepancy_type=rate_misapplied; delta_usd=5.02217343; venue=kraken
INVOICE_DISCREPANCY_IDENTIFIED,trade,kraken:105347826,2026-08-19T00:00:00+00:00,discrepancy_type=double_billed; delta_usd=2.54233992; venue=kraken
INVOICE_DISCREPANCY_IDENTIFIED,trade,kraken:105347848,2026-08-19T00:00:00+00:00,discrepancy_type=missing_line; delta_usd=; venue=kraken
INVOICE_DISCREPANCY_IDENTIFIED,trade,kraken:105347873,2026-08-19T00:00:00+00:00,discrepancy_type=rate_misapplied; delta_usd=1.33763613; venue=kraken
INVOICE_DISCREPANCY_IDENTIFIED,trade,kraken:105347912,2026-08-19T00:00:00+00:00,discrepancy_type=double_billed; delta_usd=0.79974683; venue=kraken
INVOICE_DISCREPANCY_IDENTIFIED,trade,kraken:105347961,2026-08-19T00:00:00+00:00,discrepancy_type=double_billed; delta_usd=0.39999944; venue=kraken
INVOICE_DISCREPANCY_IDENTIFIED,trade,kraken:105347963,2026-08-19T00:00:00+00:00,discrepancy_type=missing_line; delta_usd=; venue=kraken
INVOICE_DISCREPANCY_IDENTIFIED,trade,kraken:105347964,2026-08-19T00:00:00+00:00,discrepancy_type=rounding_error; delta_usd=-0.00468587; venue=kraken
INVOICE_DISCREPANCY_IDENTIFIED,trade,kraken:105347981,2026-08-19T00:00:00+00:00,discrepancy_type=missing_line; delta_usd=; venue=kraken
INVOICE_DISCREPANCY_IDENTIFIED,trade,kraken:105347998,2026-08-19T00:00:00+00:00,discrepancy_type=double_billed; delta_usd=42.10363976; venue=kraken
INVOICE_DISCREPANCY_IDENTIFIED,trade,kraken:105348007,2026-08-19T00:00:00+00:00,discrepancy_type=double_billed; delta_usd=0.79993118; venue=kraken
INVOICE_DISCREPANCY_IDENTIFIED,trade,kraken:105348019,2026-08-19T00:00:00+00:00,discrepancy_type=missing_line; delta_usd=; venue=kraken
INVOICE_DISCREPANCY_IDENTIFIED,trade,kraken:105348022,2026-08-19T00:00:00+00:00,discrepancy_type=missing_line; delta_usd=; venue=kraken
INVOICE_DISCREPANCY_IDENTIFIED,trade,kraken:105348026,2026-08-19T00:00:00+00:00,discrepancy_type=missing_line; delta_usd=; venue=kraken
INVOICE_DISCREPANCY_IDENTIFIED,trade,kraken:105348035,2026-08-19T00:00:00+00:00,discrepancy_type=rate_misapplied; delta_usd=2.08811805; venue=kraken
INVOICE_DISCREPANCY_IDENTIFIED,trade,kraken:105348060,2026-08-19T00:00:00+00:00,discrepancy_type=double_billed; delta_usd=0.05480832; venue=kraken
INVOICE_DISCREPANCY_IDENTIFIED,trade,kraken:105348081,2026-08-19T00:00:00+00:00,discrepancy_type=double_billed; delta_usd=7.99000516; venue=kraken
INVOICE_DISCREPANCY_IDENTIFIED,trade,kraken:105348088,2026-08-19T00:00:00+00:00,discrepancy_type=double_billed; delta_usd=380.85652548; venue=kraken
INVOICE_DISCREPANCY_IDENTIFIED,trade,kraken:105348114,2026-08-19T00:00:00+00:00,discrepancy_type=rate_misapplied; delta_usd=37.18011596; venue=kraken
INVOICE_DISCREPANCY_IDENTIFIED,trade,kraken:105348123,2026-08-19T00:00:00+00:00,discrepancy_type=rate_misapplied; delta_usd=-162.26917142; venue=kraken
INVOICE_DISCREPANCY_IDENTIFIED,trade,kraken:105348129,2026-08-19T00:00:00+00:00,discrepancy_type=rate_misapplied; delta_usd=91.92655949; venue=kraken
INVOICE_DISCREPANCY_IDENTIFIED,trade,kraken:105348137,2026-08-19T00:00:00+00:00,discrepancy_type=rate_misapplied; delta_usd=140.02361467; venue=kraken
INVOICE_DISCREPANCY_IDENTIFIED,trade,kraken:105348151,2026-08-19T00:00:00+00:00,discrepancy_type=double_billed; delta_usd=607.50312618; venue=kraken
INVOICE_DISCREPANCY_IDENTIFIED,trade,kraken:105348176,2026-08-19T00:00:00+00:00,discrepancy_type=double_billed; delta_usd=7.25876113; venue=kraken
INVOICE_DISCREPANCY_IDENTIFIED,trade,kraken:105348196,2026-08-19T00:00:00+00:00,discrepancy_type=rate_misapplied; delta_usd=95.27482730; venue=kraken
INVOICE_DISCREPANCY_IDENTIFIED,trade,kraken:105348244,2026-08-19T00:00:00+00:00,discrepancy_type=rounding_error; delta_usd=-0.00349169; venue=kraken
INVOICE_DISCREPANCY_IDENTIFIED,trade,kraken:105348251,2026-08-19T00:00:00+00:00,discrepancy_type=rounding_error; delta_usd=0.00332891; venue=kraken
INVOICE_DISCREPANCY_IDENTIFIED,trade,kraken:105348255,2026-08-19T00:00:00+00:00,discrepancy_type=double_billed; delta_usd=0.03102463; venue=kraken
INVOICE_DISCREPANCY_IDENTIFIED,trade,coinbase:1073145686,2026-08-19T00:00:00+00:00,discrepancy_type=missing_line; delta_usd=; venue=coinbase
INVOICE_DISCREPANCY_IDENTIFIED,trade,coinbase:1073145701,2026-08-19T00:00:00+00:00,discrepancy_type=missing_line; delta_usd=; venue=coinbase
INVOICE_DISCREPANCY_IDENTIFIED,trade,coinbase:1073145700,2026-08-19T00:00:00+00:00,discrepancy_type=rate_misapplied; delta_usd=-3.28189660; venue=coinbase
INVOICE_DISCREPANCY_IDENTIFIED,trade,coinbase:1073145720,2026-08-19T00:00:00+00:00,discrepancy_type=missing_line; delta_usd=; venue=coinbase
INVOICE_DISCREPANCY_IDENTIFIED,trade,coinbase:1073145726,2026-08-19T00:00:00+00:00,discrepancy_type=double_billed; delta_usd=0.12816386; venue=coinbase
INVOICE_DISCREPANCY_IDENTIFIED,trade,coinbase:1073145770,2026-08-19T00:00:00+00:00,discrepancy_type=double_billed; delta_usd=0.00044009; venue=coinbase
INVOICE_DISCREPANCY_IDENTIFIED,trade,coinbase:1073145801,2026-08-19T00:00:00+00:00,discrepancy_type=missing_line; delta_usd=; venue=coinbase
INVOICE_DISCREPANCY_IDENTIFIED,trade,coinbase:1073145803,2026-08-19T00:00:00+00:00,discrepancy_type=missing_line; delta_usd=; venue=coinbase
INVOICE_DISCREPANCY_IDENTIFIED,trade,coinbase:1073145808,2026-08-19T00:00:00+00:00,discrepancy_type=double_billed; delta_usd=7.27311329; venue=coinbase
INVOICE_DISCREPANCY_IDENTIFIED,trade,coinbase:1073145829,2026-08-19T00:00:00+00:00,discrepancy_type=rounding_error; delta_usd=0.00460109; venue=coinbase
INVOICE_DISCREPANCY_IDENTIFIED,trade,coinbase:1073145834,2026-08-19T00:00:00+00:00,discrepancy_type=rounding_error; delta_usd=-0.00260135; venue=coinbase
INVOICE_DISCREPANCY_IDENTIFIED,trade,coinbase:1073145840,2026-08-19T00:00:00+00:00,discrepancy_type=rate_misapplied; delta_usd=0.05042654; venue=coinbase
INVOICE_DISCREPANCY_IDENTIFIED,trade,coinbase:1073145876,2026-08-19T00:00:00+00:00,discrepancy_type=missing_line; delta_usd=; venue=coinbase
INVOICE_DISCREPANCY_IDENTIFIED,trade,coinbase:1073145948,2026-08-19T00:00:00+00:00,discrepancy_type=missing_line; delta_usd=; venue=coinbase
INVOICE_DISCREPANCY_IDENTIFIED,trade,coinbase:1073145970,2026-08-19T00:00:00+00:00,discrepancy_type=rate_misapplied; delta_usd=38.38643527; venue=coinbase
INVOICE_DISCREPANCY_IDENTIFIED,trade,coinbase:1073145994,2026-08-19T00:00:00+00:00,discrepancy_type=rate_misapplied; delta_usd=2.28020687; venue=coinbase
INVOICE_DISCREPANCY_IDENTIFIED,trade,coinbase:1073146011,2026-08-19T00:00:00+00:00,discrepancy_type=missing_line; delta_usd=; venue=coinbase
INVOICE_DISCREPANCY_IDENTIFIED,trade,coinbase:1073146022,2026-08-19T00:00:00+00:00,discrepancy_type=double_billed; delta_usd=3.43865540; venue=coinbase
INVOICE_DISCREPANCY_IDENTIFIED,trade,kraken:105348313,2026-08-19T00:00:00+00:00,discrepancy_type=missing_line; delta_usd=; venue=kraken
INVOICE_DISCREPANCY_IDENTIFIED,trade,coinbase:1073146079,2026-08-19T00:00:00+00:00,discrepancy_type=double_billed; delta_usd=0.00000823; venue=coinbase
INVOICE_DISCREPANCY_IDENTIFIED,trade,coinbase:1073146093,2026-08-19T00:00:00+00:00,discrepancy_type=rate_misapplied; delta_usd=11.77152705; venue=coinbase
INVOICE_DISCREPANCY_IDENTIFIED,trade,coinbase:1073146116,2026-08-19T00:00:00+00:00,discrepancy_type=rate_misapplied; delta_usd=0.15361995; venue=coinbase
INVOICE_DISCREPANCY_IDENTIFIED,trade,coinbase:1073146131,2026-08-19T00:00:00+00:00,discrepancy_type=missing_line; delta_usd=; venue=coinbase
INVOICE_DISCREPANCY_IDENTIFIED,trade,coinbase:1073146155,2026-08-19T00:00:00+00:00,discrepancy_type=double_billed; delta_usd=0.00000411; venue=coinbase
INVOICE_DISCREPANCY_IDENTIFIED,trade,coinbase:1073146171,2026-08-19T00:00:00+00:00,discrepancy_type=rate_misapplied; delta_usd=0.06253448; venue=coinbase
INVOICE_DISCREPANCY_IDENTIFIED,trade,coinbase:1073146211,2026-08-19T00:00:00+00:00,discrepancy_type=missing_line; delta_usd=; venue=coinbase
INVOICE_DISCREPANCY_IDENTIFIED,trade,coinbase:1073146221,2026-08-19T00:00:00+00:00,discrepancy_type=missing_line; delta_usd=; venue=coinbase
INVOICE_DISCREPANCY_IDENTIFIED,trade,coinbase:1073146245,2026-08-19T00:00:00+00:00,discrepancy_type=rate_misapplied; delta_usd=0.00286181; venue=coinbase
INVOICE_DISCREPANCY_IDENTIFIED,trade,coinbase:1073146256,2026-08-19T00:00:00+00:00,discrepancy_type=missing_line; delta_usd=; venue=coinbase
INVOICE_DISCREPANCY_IDENTIFIED,trade,coinbase:1073146257,2026-08-19T00:00:00+00:00,discrepancy_type=rounding_error; delta_usd=-0.00056887; venue=coinbase
INVOICE_DISCREPANCY_IDENTIFIED,trade,coinbase:1073146271,2026-08-19T00:00:00+00:00,discrepancy_type=missing_line; delta_usd=; venue=coinbase
INVOICE_DISCREPANCY_IDENTIFIED,trade,coinbase:1073146283,2026-08-19T00:00:00+00:00,discrepancy_type=rounding_error; delta_usd=-0.00186939; venue=coinbase
INVOICE_DISCREPANCY_IDENTIFIED,trade,coinbase:1073146300,2026-08-19T00:00:00+00:00,discrepancy_type=rounding_error; delta_usd=0.00370524; venue=coinbase
INVOICE_DISCREPANCY_IDENTIFIED,trade,coinbase:1073146317,2026-08-19T00:00:00+00:00,discrepancy_type=rounding_error; delta_usd=0.00451292; venue=coinbase
INVOICE_DISCREPANCY_IDENTIFIED,trade,coinbase:1073146336,2026-08-19T00:00:00+00:00,discrepancy_type=rate_misapplied; delta_usd=0.09628451; venue=coinbase
INVOICE_DISCREPANCY_IDENTIFIED,trade,coinbase:1073146404,2026-08-19T00:00:00+00:00,discrepancy_type=rate_misapplied; delta_usd=-1.36924191; venue=coinbase
INVOICE_DISCREPANCY_IDENTIFIED,trade,coinbase:1073146411,2026-08-19T00:00:00+00:00,discrepancy_type=missing_line; delta_usd=; venue=coinbase
INVOICE_DISCREPANCY_IDENTIFIED,trade,coinbase:1073146434,2026-08-19T00:00:00+00:00,discrepancy_type=missing_line; delta_usd=; venue=coinbase
INVOICE_DISCREPANCY_IDENTIFIED,trade,coinbase:1073146448,2026-08-19T00:00:00+00:00,discrepancy_type=rounding_error; delta_usd=-0.00275461; venue=coinbase
INVOICE_DISCREPANCY_IDENTIFIED,trade,coinbase:1073146452,2026-08-19T00:00:00+00:00,discrepancy_type=rate_misapplied; delta_usd=0.07963027; venue=coinbase
INVOICE_DISCREPANCY_IDENTIFIED,trade,coinbase:1073146458,2026-08-19T00:00:00+00:00,discrepancy_type=double_billed; delta_usd=0.00000411; venue=coinbase
INVOICE_DISCREPANCY_IDENTIFIED,trade,coinbase:1073146459,2026-08-19T00:00:00+00:00,discrepancy_type=rounding_error; delta_usd=-0.00244076; venue=coinbase
INVOICE_DISCREPANCY_IDENTIFIED,trade,coinbase:1073146467,2026-08-19T00:00:00+00:00,discrepancy_type=missing_line; delta_usd=; venue=coinbase
INVOICE_DISCREPANCY_IDENTIFIED,trade,coinbase:1073146473,2026-08-19T00:00:00+00:00,discrepancy_type=double_billed; delta_usd=0.00000411; venue=coinbase
INVOICE_DISCREPANCY_IDENTIFIED,trade,coinbase:1073146482,2026-08-19T00:00:00+00:00,discrepancy_type=rounding_error; delta_usd=0.00026059; venue=coinbase
INVOICE_DISCREPANCY_IDENTIFIED,trade,coinbase:1073146490,2026-08-19T00:00:00+00:00,discrepancy_type=double_billed; delta_usd=0.00000411; venue=coinbase
INVOICE_DISCREPANCY_IDENTIFIED,trade,coinbase:1073146495,2026-08-19T00:00:00+00:00,discrepancy_type=missing_line; delta_usd=; venue=coinbase
INVOICE_DISCREPANCY_IDENTIFIED,trade,coinbase:1073146511,2026-08-19T00:00:00+00:00,discrepancy_type=missing_line; delta_usd=; venue=coinbase
INVOICE_DISCREPANCY_IDENTIFIED,trade,coinbase:1073146509,2026-08-19T00:00:00+00:00,discrepancy_type=missing_line; delta_usd=; venue=coinbase
INVOICE_DISCREPANCY_IDENTIFIED,trade,coinbase:1073146545,2026-08-19T00:00:00+00:00,discrepancy_type=missing_line; delta_usd=; venue=coinbase
INVOICE_DISCREPANCY_IDENTIFIED,trade,coinbase:1073146552,2026-08-19T00:00:00+00:00,discrepancy_type=rate_misapplied; delta_usd=0.00228719; venue=coinbase
INVOICE_DISCREPANCY_IDENTIFIED,trade,coinbase:1073146549,2026-08-19T00:00:00+00:00,discrepancy_type=rate_misapplied; delta_usd=0.03822367; venue=coinbase
INVOICE_DISCREPANCY_IDENTIFIED,trade,coinbase:1073146591,2026-08-19T00:00:00+00:00,discrepancy_type=rate_misapplied; delta_usd=0.55115371; venue=coinbase
INVOICE_DISCREPANCY_IDENTIFIED,trade,coinbase:1073146604,2026-08-19T00:00:00+00:00,discrepancy_type=rounding_error; delta_usd=-0.00303698; venue=coinbase
INVOICE_DISCREPANCY_IDENTIFIED,trade,coinbase:1073146622,2026-08-19T00:00:00+00:00,discrepancy_type=missing_line; delta_usd=; venue=coinbase
INVOICE_DISCREPANCY_IDENTIFIED,trade,coinbase:1073146624,2026-08-19T00:00:00+00:00,discrepancy_type=rounding_error; delta_usd=0.00448547; venue=coinbase
INVOICE_DISCREPANCY_IDENTIFIED,trade,kraken:105348379,2026-08-19T00:00:00+00:00,discrepancy_type=rate_misapplied; delta_usd=0.26224044; venue=kraken
INVOICE_DISCREPANCY_IDENTIFIED,trade,coinbase:1073146644,2026-08-19T00:00:00+00:00,discrepancy_type=missing_line; delta_usd=; venue=coinbase
INVOICE_DISCREPANCY_IDENTIFIED,trade,coinbase:1073146661,2026-08-19T00:00:00+00:00,discrepancy_type=missing_line; delta_usd=; venue=coinbase
INVOICE_DISCREPANCY_IDENTIFIED,trade,coinbase:1073146665,2026-08-19T00:00:00+00:00,discrepancy_type=double_billed; delta_usd=0.12110386; venue=coinbase
INVOICE_DISCREPANCY_IDENTIFIED,trade,coinbase:1073146670,2026-08-19T00:00:00+00:00,discrepancy_type=missing_line; delta_usd=; venue=coinbase
INVOICE_DISCREPANCY_IDENTIFIED,trade,coinbase:1073146669,2026-08-19T00:00:00+00:00,discrepancy_type=missing_line; delta_usd=; venue=coinbase
INVOICE_DISCREPANCY_IDENTIFIED,trade,coinbase:1073146685,2026-08-19T00:00:00+00:00,discrepancy_type=missing_line; delta_usd=; venue=coinbase
INVOICE_DISCREPANCY_IDENTIFIED,trade,coinbase:1073146686,2026-08-19T00:00:00+00:00,discrepancy_type=rate_misapplied; delta_usd=0.00004339; venue=coinbase
INVOICE_DISCREPANCY_IDENTIFIED,trade,kraken:105348404,2026-08-19T00:00:00+00:00,discrepancy_type=double_billed; delta_usd=6.86529624; venue=kraken
INVOICE_DISCREPANCY_IDENTIFIED,trade,coinbase:1073146709,2026-08-19T00:00:00+00:00,discrepancy_type=missing_line; delta_usd=; venue=coinbase
INVOICE_DISCREPANCY_IDENTIFIED,trade,coinbase:1073146766,2026-08-19T00:00:00+00:00,discrepancy_type=missing_line; delta_usd=; venue=coinbase
INVOICE_DISCREPANCY_IDENTIFIED,trade,coinbase:1073146768,2026-08-19T00:00:00+00:00,discrepancy_type=rounding_error; delta_usd=0.00424010; venue=coinbase
INVOICE_DISCREPANCY_IDENTIFIED,trade,kraken:105348409,2026-08-19T00:00:00+00:00,discrepancy_type=missing_line; delta_usd=; venue=kraken
INVOICE_DISCREPANCY_IDENTIFIED,trade,coinbase:1073146795,2026-08-19T00:00:00+00:00,discrepancy_type=missing_line; delta_usd=; venue=coinbase
INVOICE_DISCREPANCY_IDENTIFIED,trade,coinbase:1073146801,2026-08-19T00:00:00+00:00,discrepancy_type=rate_misapplied; delta_usd=0.42330766; venue=coinbase
INVOICE_DISCREPANCY_IDENTIFIED,trade,coinbase:1073146812,2026-08-19T00:00:00+00:00,discrepancy_type=double_billed; delta_usd=1.02482983; venue=coinbase
INVOICE_DISCREPANCY_IDENTIFIED,trade,coinbase:1073146844,2026-08-19T00:00:00+00:00,discrepancy_type=double_billed; delta_usd=0.89936031; venue=coinbase
INVOICE_DISCREPANCY_IDENTIFIED,trade,coinbase:1073146868,2026-08-19T00:00:00+00:00,discrepancy_type=missing_line; delta_usd=; venue=coinbase
INVOICE_DISCREPANCY_IDENTIFIED,trade,coinbase:1073146876,2026-08-19T00:00:00+00:00,discrepancy_type=missing_line; delta_usd=; venue=coinbase
INVOICE_DISCREPANCY_IDENTIFIED,trade,coinbase:1073146880,2026-08-19T00:00:00+00:00,discrepancy_type=rounding_error; delta_usd=0.00433776; venue=coinbase
INVOICE_DISCREPANCY_IDENTIFIED,trade,coinbase:1073146879,2026-08-19T00:00:00+00:00,discrepancy_type=rate_misapplied; delta_usd=-0.00324515; venue=coinbase
INVOICE_DISCREPANCY_IDENTIFIED,trade,coinbase:1073146901,2026-08-19T00:00:00+00:00,discrepancy_type=double_billed; delta_usd=0.00000412; venue=coinbase
INVOICE_DISCREPANCY_IDENTIFIED,trade,coinbase:1073146902,2026-08-19T00:00:00+00:00,discrepancy_type=rate_misapplied; delta_usd=0.00000172; venue=coinbase
INVOICE_DISCREPANCY_IDENTIFIED,trade,coinbase:1073146915,2026-08-19T00:00:00+00:00,discrepancy_type=double_billed; delta_usd=0.00700103; venue=coinbase
INVOICE_DISCREPANCY_IDENTIFIED,trade,coinbase:1073146918,2026-08-19T00:00:00+00:00,discrepancy_type=rate_misapplied; delta_usd=-0.00000222; venue=coinbase
INVOICE_DISCREPANCY_IDENTIFIED,trade,coinbase:1073146919,2026-08-19T00:00:00+00:00,discrepancy_type=missing_line; delta_usd=; venue=coinbase
INVOICE_DISCREPANCY_IDENTIFIED,trade,coinbase:1073146945,2026-08-19T00:00:00+00:00,discrepancy_type=missing_line; delta_usd=; venue=coinbase
INVOICE_DISCREPANCY_IDENTIFIED,trade,coinbase:1073146963,2026-08-19T00:00:00+00:00,discrepancy_type=missing_line; delta_usd=; venue=coinbase
INVOICE_DISCREPANCY_IDENTIFIED,trade,coinbase:1073146971,2026-08-19T00:00:00+00:00,discrepancy_type=missing_line; delta_usd=; venue=coinbase
INVOICE_DISCREPANCY_IDENTIFIED,trade,coinbase:1073146974,2026-08-19T00:00:00+00:00,discrepancy_type=rate_misapplied; delta_usd=-0.00000136; venue=coinbase
INVOICE_DISCREPANCY_IDENTIFIED,trade,coinbase:1073146979,2026-08-19T00:00:00+00:00,discrepancy_type=double_billed; delta_usd=0.00000412; venue=coinbase
INVOICE_DISCREPANCY_IDENTIFIED,trade,kraken:105348437,2026-08-19T00:00:00+00:00,discrepancy_type=missing_line; delta_usd=; venue=kraken
INVOICE_DISCREPANCY_IDENTIFIED,trade,kraken:105348438,2026-08-19T00:00:00+00:00,discrepancy_type=rate_misapplied; delta_usd=-0.35070985; venue=kraken
INVOICE_DISCREPANCY_IDENTIFIED,trade,coinbase:1073147038,2026-08-19T00:00:00+00:00,discrepancy_type=double_billed; delta_usd=8.24013120; venue=coinbase
INVOICE_DISCREPANCY_IDENTIFIED,trade,coinbase:1073147042,2026-08-19T00:00:00+00:00,discrepancy_type=double_billed; delta_usd=0.00002472; venue=coinbase
INVOICE_DISCREPANCY_IDENTIFIED,trade,coinbase:1073147044,2026-08-19T00:00:00+00:00,discrepancy_type=double_billed; delta_usd=0.00956294; venue=coinbase
INVOICE_DISCREPANCY_IDENTIFIED,trade,binance:6582449434,2026-08-19T00:00:00+00:00,discrepancy_type=double_billed; delta_usd=0.01579975; venue=binance
INVOICE_DISCREPANCY_IDENTIFIED,trade,coinbase:1073147049,2026-08-19T00:00:00+00:00,discrepancy_type=missing_line; delta_usd=; venue=coinbase
INVOICE_DISCREPANCY_IDENTIFIED,trade,binance:6582449491,2026-08-19T00:00:00+00:00,discrepancy_type=double_billed; delta_usd=0.04122000; venue=binance
INVOICE_DISCREPANCY_IDENTIFIED,trade,coinbase:1073147056,2026-08-19T00:00:00+00:00,discrepancy_type=missing_line; delta_usd=; venue=coinbase
INVOICE_DISCREPANCY_IDENTIFIED,trade,coinbase:1073147051,2026-08-19T00:00:00+00:00,discrepancy_type=missing_line; delta_usd=; venue=coinbase
INVOICE_DISCREPANCY_IDENTIFIED,trade,coinbase:1073147065,2026-08-19T00:00:00+00:00,discrepancy_type=rate_misapplied; delta_usd=0.39179196; venue=coinbase
INVOICE_DISCREPANCY_IDENTIFIED,trade,binance:6582449496,2026-08-19T00:00:00+00:00,discrepancy_type=double_billed; delta_usd=3.12585000; venue=binance
INVOICE_DISCREPANCY_IDENTIFIED,trade,binance:6582449537,2026-08-19T00:00:00+00:00,discrepancy_type=rounding_error; delta_usd=0.00245457; venue=binance
INVOICE_DISCREPANCY_IDENTIFIED,trade,binance:6582449544,2026-08-19T00:00:00+00:00,discrepancy_type=rounding_error; delta_usd=0.00105169; venue=binance
INVOICE_DISCREPANCY_IDENTIFIED,trade,binance:6582449628,2026-08-19T00:00:00+00:00,discrepancy_type=rounding_error; delta_usd=-0.00069020; venue=binance
INVOICE_DISCREPANCY_IDENTIFIED,trade,binance:6582449634,2026-08-19T00:00:00+00:00,discrepancy_type=rounding_error; delta_usd=0.00054220; venue=binance
INVOICE_DISCREPANCY_IDENTIFIED,trade,binance:6582449640,2026-08-19T00:00:00+00:00,discrepancy_type=double_billed; delta_usd=0.00343559; venue=binance
INVOICE_DISCREPANCY_IDENTIFIED,trade,binance:6582449716,2026-08-19T00:00:00+00:00,discrepancy_type=double_billed; delta_usd=0.01442902; venue=binance
INVOICE_DISCREPANCY_IDENTIFIED,trade,binance:6582449790,2026-08-19T00:00:00+00:00,discrepancy_type=rate_misapplied; delta_usd=-0.02297774; venue=binance
INVOICE_DISCREPANCY_IDENTIFIED,trade,binance:6582449838,2026-08-19T00:00:00+00:00,discrepancy_type=rounding_error; delta_usd=0.00490701; venue=binance
INVOICE_DISCREPANCY_IDENTIFIED,trade,binance:6582449871,2026-08-19T00:00:00+00:00,discrepancy_type=rounding_error; delta_usd=0.00268954; venue=binance
INVOICE_DISCREPANCY_IDENTIFIED,trade,binance:6582449897,2026-08-19T00:00:00+00:00,discrepancy_type=missing_line; delta_usd=; venue=binance
INVOICE_DISCREPANCY_IDENTIFIED,trade,binance:6582449914,2026-08-19T00:00:00+00:00,discrepancy_type=double_billed; delta_usd=0.00329759; venue=binance
INVOICE_DISCREPANCY_IDENTIFIED,trade,coinbase:1073147105,2026-08-19T00:00:00+00:00,discrepancy_type=rate_misapplied; delta_usd=0.00000141; venue=coinbase
INVOICE_DISCREPANCY_IDENTIFIED,trade,coinbase:1073147114,2026-08-19T00:00:00+00:00,discrepancy_type=rounding_error; delta_usd=-0.00455317; venue=coinbase
INVOICE_DISCREPANCY_IDENTIFIED,trade,coinbase:1073147116,2026-08-19T00:00:00+00:00,discrepancy_type=rate_misapplied; delta_usd=-0.00001621; venue=coinbase
INVOICE_DISCREPANCY_IDENTIFIED,trade,coinbase:1073147127,2026-08-19T00:00:00+00:00,discrepancy_type=rate_misapplied; delta_usd=-1.23905408; venue=coinbase
INVOICE_DISCREPANCY_IDENTIFIED,trade,binance:6582449945,2026-08-19T00:00:00+00:00,discrepancy_type=double_billed; delta_usd=0.13739952; venue=binance
INVOICE_DISCREPANCY_IDENTIFIED,trade,binance:6582450152,2026-08-19T00:00:00+00:00,discrepancy_type=rate_misapplied; delta_usd=0.00396433; venue=binance
INVOICE_DISCREPANCY_IDENTIFIED,trade,binance:6582450201,2026-08-19T00:00:00+00:00,discrepancy_type=missing_line; delta_usd=; venue=binance
INVOICE_DISCREPANCY_IDENTIFIED,trade,coinbase:1073147151,2026-08-19T00:00:00+00:00,discrepancy_type=missing_line; delta_usd=; venue=coinbase
INVOICE_DISCREPANCY_IDENTIFIED,trade,coinbase:1073147175,2026-08-19T00:00:00+00:00,discrepancy_type=double_billed; delta_usd=0.02771757; venue=coinbase
INVOICE_DISCREPANCY_IDENTIFIED,trade,binance:6582450382,2026-08-19T00:00:00+00:00,discrepancy_type=missing_line; delta_usd=; venue=binance
INVOICE_DISCREPANCY_IDENTIFIED,trade,coinbase:1073147193,2026-08-19T00:00:00+00:00,discrepancy_type=double_billed; delta_usd=20.92169755; venue=coinbase
INVOICE_DISCREPANCY_IDENTIFIED,trade,binance:6582450445,2026-08-19T00:00:00+00:00,discrepancy_type=double_billed; delta_usd=0.00247232; venue=binance
INVOICE_DISCREPANCY_IDENTIFIED,trade,binance:6582450451,2026-08-19T00:00:00+00:00,discrepancy_type=double_billed; delta_usd=0.01895375; venue=binance
INVOICE_DISCREPANCY_IDENTIFIED,trade,binance:6582450476,2026-08-19T00:00:00+00:00,discrepancy_type=rounding_error; delta_usd=-0.00116930; venue=binance
INVOICE_DISCREPANCY_IDENTIFIED,trade,coinbase:1073147209,2026-08-19T00:00:00+00:00,discrepancy_type=double_billed; delta_usd=0.00000412; venue=coinbase
INVOICE_DISCREPANCY_IDENTIFIED,trade,coinbase:1073147220,2026-08-19T00:00:00+00:00,discrepancy_type=missing_line; delta_usd=; venue=coinbase
INVOICE_DISCREPANCY_IDENTIFIED,trade,binance:6582450611,2026-08-19T00:00:00+00:00,discrepancy_type=double_billed; delta_usd=0.00109882; venue=binance
INVOICE_DISCREPANCY_IDENTIFIED,trade,binance:6582450616,2026-08-19T00:00:00+00:00,discrepancy_type=rate_misapplied; delta_usd=0.00280527; venue=binance
INVOICE_DISCREPANCY_IDENTIFIED,trade,binance:6582450699,2026-08-19T00:00:00+00:00,discrepancy_type=missing_line; delta_usd=; venue=binance
INVOICE_DISCREPANCY_IDENTIFIED,trade,kraken:105348456,2026-08-19T00:00:00+00:00,discrepancy_type=rate_misapplied; delta_usd=0.08449435; venue=kraken
INVOICE_DISCREPANCY_IDENTIFIED,trade,binance:6582450762,2026-08-19T00:00:00+00:00,discrepancy_type=missing_line; delta_usd=; venue=binance
INVOICE_DISCREPANCY_IDENTIFIED,trade,binance:6582450806,2026-08-19T00:00:00+00:00,discrepancy_type=double_billed; delta_usd=0.00109898; venue=binance
INVOICE_DISCREPANCY_IDENTIFIED,trade,binance:6582450809,2026-08-19T00:00:00+00:00,discrepancy_type=double_billed; delta_usd=0.00329700; venue=binance
INVOICE_DISCREPANCY_IDENTIFIED,trade,binance:6582450812,2026-08-19T00:00:00+00:00,discrepancy_type=missing_line; delta_usd=; venue=binance
INVOICE_DISCREPANCY_IDENTIFIED,trade,coinbase:1073147231,2026-08-19T00:00:00+00:00,discrepancy_type=rate_misapplied; delta_usd=0.00000512; venue=coinbase
INVOICE_DISCREPANCY_IDENTIFIED,trade,coinbase:1073147251,2026-08-19T00:00:00+00:00,discrepancy_type=missing_line; delta_usd=; venue=coinbase
INVOICE_DISCREPANCY_IDENTIFIED,trade,coinbase:1073147248,2026-08-19T00:00:00+00:00,discrepancy_type=missing_line; delta_usd=; venue=coinbase
INVOICE_DISCREPANCY_IDENTIFIED,trade,coinbase:1073147256,2026-08-19T00:00:00+00:00,discrepancy_type=rate_misapplied; delta_usd=-1.30186677; venue=coinbase
INVOICE_DISCREPANCY_IDENTIFIED,trade,coinbase:1073147259,2026-08-19T00:00:00+00:00,discrepancy_type=double_billed; delta_usd=0.00001236; venue=coinbase
INVOICE_DISCREPANCY_IDENTIFIED,trade,coinbase:1073147264,2026-08-19T00:00:00+00:00,discrepancy_type=missing_line; delta_usd=; venue=coinbase
INVOICE_DISCREPANCY_IDENTIFIED,trade,binance:6582450940,2026-08-19T00:00:00+00:00,discrepancy_type=missing_line; delta_usd=; venue=binance
INVOICE_DISCREPANCY_IDENTIFIED,trade,coinbase:1073147274,2026-08-19T00:00:00+00:00,discrepancy_type=rate_misapplied; delta_usd=20.95339307; venue=coinbase
INVOICE_DISCREPANCY_IDENTIFIED,trade,coinbase:1073147288,2026-08-19T00:00:00+00:00,discrepancy_type=rounding_error; delta_usd=0.00497161; venue=coinbase
INVOICE_DISCREPANCY_IDENTIFIED,trade,binance:6582451014,2026-08-19T00:00:00+00:00,discrepancy_type=missing_line; delta_usd=; venue=binance
INVOICE_DISCREPANCY_IDENTIFIED,trade,binance:6582451076,2026-08-19T00:00:00+00:00,discrepancy_type=rounding_error; delta_usd=-0.00116985; venue=binance
INVOICE_DISCREPANCY_IDENTIFIED,trade,coinbase:1073147291,2026-08-19T00:00:00+00:00,discrepancy_type=double_billed; delta_usd=47.03214856; venue=coinbase
INVOICE_DISCREPANCY_IDENTIFIED,trade,coinbase:1073147297,2026-08-19T00:00:00+00:00,discrepancy_type=rate_misapplied; delta_usd=-0.00004882; venue=coinbase
INVOICE_DISCREPANCY_IDENTIFIED,trade,coinbase:1073147298,2026-08-19T00:00:00+00:00,discrepancy_type=missing_line; delta_usd=; venue=coinbase
INVOICE_DISCREPANCY_IDENTIFIED,trade,coinbase:1073147302,2026-08-19T00:00:00+00:00,discrepancy_type=missing_line; delta_usd=; venue=coinbase
INVOICE_DISCREPANCY_IDENTIFIED,trade,coinbase:1073147304,2026-08-19T00:00:00+00:00,discrepancy_type=rate_misapplied; delta_usd=-0.00391879; venue=coinbase
INVOICE_DISCREPANCY_IDENTIFIED,trade,coinbase:1073147309,2026-08-19T00:00:00+00:00,discrepancy_type=double_billed; delta_usd=0.00000412; venue=coinbase
INVOICE_DISCREPANCY_IDENTIFIED,trade,coinbase:1073147315,2026-08-19T00:00:00+00:00,discrepancy_type=rate_misapplied; delta_usd=-0.02536352; venue=coinbase
INVOICE_DISCREPANCY_IDENTIFIED,trade,binance:6582451243,2026-08-19T00:00:00+00:00,discrepancy_type=rate_misapplied; delta_usd=-0.00534908; venue=binance
INVOICE_DISCREPANCY_IDENTIFIED,trade,binance:6582451335,2026-08-19T00:00:00+00:00,discrepancy_type=double_billed; delta_usd=0.00878939; venue=binance
INVOICE_DISCREPANCY_IDENTIFIED,trade,binance:6582451360,2026-08-19T00:00:00+00:00,discrepancy_type=missing_line; delta_usd=; venue=binance
INVOICE_DISCREPANCY_IDENTIFIED,trade,binance:6582451419,2026-08-19T00:00:00+00:00,discrepancy_type=rate_misapplied; delta_usd=0.00101525; venue=binance
INVOICE_DISCREPANCY_IDENTIFIED,trade,binance:6582451424,2026-08-19T00:00:00+00:00,discrepancy_type=rounding_error; delta_usd=-0.00329895; venue=binance
INVOICE_DISCREPANCY_IDENTIFIED,trade,binance:6582451438,2026-08-19T00:00:00+00:00,discrepancy_type=rate_misapplied; delta_usd=-0.00520626; venue=binance
INVOICE_DISCREPANCY_IDENTIFIED,trade,coinbase:1073147348,2026-08-19T00:00:00+00:00,discrepancy_type=missing_line; delta_usd=; venue=coinbase
INVOICE_DISCREPANCY_IDENTIFIED,trade,coinbase:1073147361,2026-08-19T00:00:00+00:00,discrepancy_type=missing_line; delta_usd=; venue=coinbase
INVOICE_DISCREPANCY_IDENTIFIED,trade,coinbase:1073147367,2026-08-19T00:00:00+00:00,discrepancy_type=double_billed; delta_usd=4.11780000; venue=coinbase
INVOICE_DISCREPANCY_IDENTIFIED,trade,coinbase:1073147366,2026-08-19T00:00:00+00:00,discrepancy_type=rounding_error; delta_usd=0.00323897; venue=coinbase
INVOICE_DISCREPANCY_IDENTIFIED,trade,binance:6582451512,2026-08-19T00:00:00+00:00,discrepancy_type=missing_line; delta_usd=; venue=binance
INVOICE_DISCREPANCY_IDENTIFIED,trade,binance:6582451612,2026-08-19T00:00:00+00:00,discrepancy_type=rate_misapplied; delta_usd=-0.00116111; venue=binance
INVOICE_DISCREPANCY_IDENTIFIED,trade,binance:6582451647,2026-08-19T00:00:00+00:00,discrepancy_type=rounding_error; delta_usd=-0.00111901; venue=binance
INVOICE_DISCREPANCY_IDENTIFIED,trade,coinbase:1073147381,2026-08-19T00:00:00+00:00,discrepancy_type=rate_misapplied; delta_usd=-0.00287078; venue=coinbase
INVOICE_DISCREPANCY_IDENTIFIED,trade,coinbase:1073147386,2026-08-19T00:00:00+00:00,discrepancy_type=missing_line; delta_usd=; venue=coinbase
INVOICE_DISCREPANCY_IDENTIFIED,trade,binance:6582451763,2026-08-19T00:00:00+00:00,discrepancy_type=rounding_error; delta_usd=-0.00058283; venue=binance
INVOICE_DISCREPANCY_IDENTIFIED,trade,coinbase:1073147395,2026-08-19T00:00:00+00:00,discrepancy_type=missing_line; delta_usd=; venue=coinbase
INVOICE_DISCREPANCY_IDENTIFIED,trade,coinbase:1073147397,2026-08-19T00:00:00+00:00,discrepancy_type=rounding_error; delta_usd=0.00209569; venue=coinbase
INVOICE_DISCREPANCY_IDENTIFIED,trade,binance:6582451779,2026-08-19T00:00:00+00:00,discrepancy_type=missing_line; delta_usd=; venue=binance
INVOICE_DISCREPANCY_IDENTIFIED,trade,coinbase:1073147404,2026-08-19T00:00:00+00:00,discrepancy_type=rate_misapplied; delta_usd=0.00000131; venue=coinbase
INVOICE_DISCREPANCY_IDENTIFIED,trade,coinbase:1073147412,2026-08-19T00:00:00+00:00,discrepancy_type=rate_misapplied; delta_usd=1.13149141; venue=coinbase
INVOICE_DISCREPANCY_IDENTIFIED,trade,binance:6582451847,2026-08-19T00:00:00+00:00,discrepancy_type=rate_misapplied; delta_usd=-0.00201708; venue=binance
INVOICE_DISCREPANCY_IDENTIFIED,trade,binance:6582451902,2026-08-19T00:00:00+00:00,discrepancy_type=double_billed; delta_usd=0.01359342; venue=binance
INVOICE_DISCREPANCY_IDENTIFIED,trade,binance:6582451967,2026-08-19T00:00:00+00:00,discrepancy_type=missing_line; delta_usd=; venue=binance
INVOICE_DISCREPANCY_IDENTIFIED,trade,binance:6582451994,2026-08-19T00:00:00+00:00,discrepancy_type=rate_misapplied; delta_usd=0.00164435; venue=binance
INVOICE_DISCREPANCY_IDENTIFIED,trade,coinbase:1073147425,2026-08-19T00:00:00+00:00,discrepancy_type=rate_misapplied; delta_usd=-0.00000240; venue=coinbase
INVOICE_DISCREPANCY_IDENTIFIED,trade,binance:6582452064,2026-08-19T00:00:00+00:00,discrepancy_type=missing_line; delta_usd=; venue=binance
INVOICE_DISCREPANCY_IDENTIFIED,trade,binance:6582452136,2026-08-19T00:00:00+00:00,discrepancy_type=rounding_error; delta_usd=-0.00167371; venue=binance
INVOICE_DISCREPANCY_IDENTIFIED,trade,binance:6582452164,2026-08-19T00:00:00+00:00,discrepancy_type=missing_line; delta_usd=; venue=binance
INVOICE_DISCREPANCY_IDENTIFIED,trade,binance:6582452169,2026-08-19T00:00:00+00:00,discrepancy_type=double_billed; delta_usd=0.00508087; venue=binance
INVOICE_DISCREPANCY_IDENTIFIED,trade,binance:6582452173,2026-08-19T00:00:00+00:00,discrepancy_type=double_billed; delta_usd=0.00604212; venue=binance
INVOICE_DISCREPANCY_IDENTIFIED,trade,coinbase:1073147441,2026-08-19T00:00:00+00:00,discrepancy_type=double_billed; delta_usd=7.12396641; venue=coinbase
INVOICE_DISCREPANCY_IDENTIFIED,trade,binance:6582452185,2026-08-19T00:00:00+00:00,discrepancy_type=rounding_error; delta_usd=-0.00454282; venue=binance
INVOICE_DISCREPANCY_IDENTIFIED,trade,coinbase:1073147445,2026-08-19T00:00:00+00:00,discrepancy_type=double_billed; delta_usd=0.00000412; venue=coinbase
INVOICE_DISCREPANCY_IDENTIFIED,trade,coinbase:1073147451,2026-08-19T00:00:00+00:00,discrepancy_type=rate_misapplied; delta_usd=-4.13132121; venue=coinbase
INVOICE_DISCREPANCY_IDENTIFIED,trade,coinbase:1073147448,2026-08-19T00:00:00+00:00,discrepancy_type=rate_misapplied; delta_usd=17.94531984; venue=coinbase
INVOICE_DISCREPANCY_IDENTIFIED,trade,coinbase:1073147453,2026-08-19T00:00:00+00:00,discrepancy_type=missing_line; delta_usd=; venue=coinbase
INVOICE_DISCREPANCY_IDENTIFIED,trade,coinbase:1073147455,2026-08-19T00:00:00+00:00,discrepancy_type=missing_line; delta_usd=; venue=coinbase
INVOICE_DISCREPANCY_IDENTIFIED,trade,binance:6582452205,2026-08-19T00:00:00+00:00,discrepancy_type=double_billed; delta_usd=0.00205981; venue=binance
INVOICE_DISCREPANCY_IDENTIFIED,trade,binance:6582452327,2026-08-19T00:00:00+00:00,discrepancy_type=double_billed; delta_usd=0.00109851; venue=binance
INVOICE_DISCREPANCY_IDENTIFIED,trade,binance:6582452328,2026-08-19T00:00:00+00:00,discrepancy_type=rounding_error; delta_usd=-0.00389569; venue=binance
INVOICE_DISCREPANCY_IDENTIFIED,trade,binance:6582452379,2026-08-19T00:00:00+00:00,discrepancy_type=missing_line; delta_usd=; venue=binance
INVOICE_DISCREPANCY_IDENTIFIED,trade,binance:6582452437,2026-08-19T00:00:00+00:00,discrepancy_type=double_billed; delta_usd=0.00590410; venue=binance
INVOICE_DISCREPANCY_IDENTIFIED,trade,binance:6582452542,2026-08-19T00:00:00+00:00,discrepancy_type=rounding_error; delta_usd=0.00154974; venue=binance
INVOICE_DISCREPANCY_IDENTIFIED,trade,binance:6582452543,2026-08-19T00:00:00+00:00,discrepancy_type=double_billed; delta_usd=0.00233444; venue=binance
INVOICE_DISCREPANCY_IDENTIFIED,trade,binance:6582452595,2026-08-19T00:00:00+00:00,discrepancy_type=double_billed; delta_usd=0.52487411; venue=binance
INVOICE_DISCREPANCY_IDENTIFIED,trade,binance:6582452643,2026-08-19T00:00:00+00:00,discrepancy_type=double_billed; delta_usd=0.00123603; venue=binance
INVOICE_DISCREPANCY_IDENTIFIED,trade,binance:6582452645,2026-08-19T00:00:00+00:00,discrepancy_type=rate_misapplied; delta_usd=-0.00057093; venue=binance
INVOICE_DISCREPANCY_IDENTIFIED,trade,coinbase:1073147488,2026-08-19T00:00:00+00:00,discrepancy_type=double_billed; delta_usd=0.00045292; venue=coinbase
INVOICE_DISCREPANCY_IDENTIFIED,trade,coinbase:1073147512,2026-08-19T00:00:00+00:00,discrepancy_type=missing_line; delta_usd=; venue=coinbase
INVOICE_DISCREPANCY_IDENTIFIED,trade,binance:6582452687,2026-08-19T00:00:00+00:00,discrepancy_type=double_billed; delta_usd=0.00206022; venue=binance
INVOICE_DISCREPANCY_IDENTIFIED,trade,binance:6582452772,2026-08-19T00:00:00+00:00,discrepancy_type=double_billed; delta_usd=0.04120722; venue=binance
INVOICE_DISCREPANCY_IDENTIFIED,trade,binance:6582452802,2026-08-19T00:00:00+00:00,discrepancy_type=missing_line; delta_usd=; venue=binance
INVOICE_DISCREPANCY_IDENTIFIED,trade,binance:6582452807,2026-08-19T00:00:00+00:00,discrepancy_type=missing_line; delta_usd=; venue=binance
INVOICE_DISCREPANCY_IDENTIFIED,trade,binance:6582452823,2026-08-19T00:00:00+00:00,discrepancy_type=rounding_error; delta_usd=0.00284357; venue=binance
INVOICE_DISCREPANCY_IDENTIFIED,trade,binance:6582452864,2026-08-19T00:00:00+00:00,discrepancy_type=missing_line; delta_usd=; venue=binance
INVOICE_DISCREPANCY_IDENTIFIED,trade,coinbase:1073147530,2026-08-19T00:00:00+00:00,discrepancy_type=missing_line; delta_usd=; venue=coinbase
INVOICE_DISCREPANCY_IDENTIFIED,trade,binance:6582452889,2026-08-19T00:00:00+00:00,discrepancy_type=rounding_error; delta_usd=0.00462475; venue=binance
INVOICE_DISCREPANCY_IDENTIFIED,trade,coinbase:1073147548,2026-08-19T00:00:00+00:00,discrepancy_type=missing_line; delta_usd=; venue=coinbase
INVOICE_DISCREPANCY_IDENTIFIED,trade,binance:6582452892,2026-08-19T00:00:00+00:00,discrepancy_type=double_billed; delta_usd=0.07101775; venue=binance
INVOICE_DISCREPANCY_IDENTIFIED,trade,coinbase:1073147555,2026-08-19T00:00:00+00:00,discrepancy_type=rate_misapplied; delta_usd=-0.00000277; venue=coinbase
INVOICE_DISCREPANCY_IDENTIFIED,trade,binance:6582452933,2026-08-19T00:00:00+00:00,discrepancy_type=rate_misapplied; delta_usd=0.17974612; venue=binance
INVOICE_DISCREPANCY_IDENTIFIED,trade,binance:6582452976,2026-08-19T00:00:00+00:00,discrepancy_type=missing_line; delta_usd=; venue=binance
INVOICE_DISCREPANCY_IDENTIFIED,trade,binance:6582453009,2026-08-19T00:00:00+00:00,discrepancy_type=double_billed; delta_usd=0.06236812; venue=binance
INVOICE_DISCREPANCY_IDENTIFIED,trade,binance:6582453089,2026-08-19T00:00:00+00:00,discrepancy_type=double_billed; delta_usd=0.12364020; venue=binance
INVOICE_DISCREPANCY_IDENTIFIED,trade,binance:6582453156,2026-08-19T00:00:00+00:00,discrepancy_type=double_billed; delta_usd=0.05522905; venue=binance
INVOICE_DISCREPANCY_IDENTIFIED,trade,coinbase:1073147599,2026-08-19T00:00:00+00:00,discrepancy_type=rounding_error; delta_usd=-0.00401798; venue=coinbase
INVOICE_DISCREPANCY_IDENTIFIED,trade,binance:6582453164,2026-08-19T00:00:00+00:00,discrepancy_type=double_billed; delta_usd=0.00425896; venue=binance
INVOICE_DISCREPANCY_IDENTIFIED,trade,coinbase:1073147625,2026-08-19T00:00:00+00:00,discrepancy_type=double_billed; delta_usd=0.06018353; venue=coinbase
INVOICE_DISCREPANCY_IDENTIFIED,trade,coinbase:1073147627,2026-08-19T00:00:00+00:00,discrepancy_type=rate_misapplied; delta_usd=0.00001317; venue=coinbase
INVOICE_DISCREPANCY_IDENTIFIED,trade,binance:6582453204,2026-08-19T00:00:00+00:00,discrepancy_type=rate_misapplied; delta_usd=0.78197070; venue=binance
INVOICE_DISCREPANCY_IDENTIFIED,trade,coinbase:1073147635,2026-08-19T00:00:00+00:00,discrepancy_type=double_billed; delta_usd=49.64306703; venue=coinbase
INVOICE_DISCREPANCY_IDENTIFIED,trade,kraken:105348508,2026-08-19T00:00:00+00:00,discrepancy_type=missing_line; delta_usd=; venue=kraken
INVOICE_DISCREPANCY_IDENTIFIED,trade,coinbase:1073147653,2026-08-19T00:00:00+00:00,discrepancy_type=rate_misapplied; delta_usd=-0.00000230; venue=coinbase
INVOICE_DISCREPANCY_IDENTIFIED,trade,coinbase:1073147669,2026-08-19T00:00:00+00:00,discrepancy_type=rounding_error; delta_usd=0.00143477; venue=coinbase
INVOICE_DISCREPANCY_IDENTIFIED,trade,coinbase:1073147679,2026-08-19T00:00:00+00:00,discrepancy_type=rate_misapplied; delta_usd=-0.00000784; venue=coinbase
INVOICE_DISCREPANCY_IDENTIFIED,trade,coinbase:1073147704,2026-08-19T00:00:00+00:00,discrepancy_type=double_billed; delta_usd=0.39062866; venue=coinbase
INVOICE_DISCREPANCY_IDENTIFIED,trade,coinbase:1073147718,2026-08-19T00:00:00+00:00,discrepancy_type=double_billed; delta_usd=0.00000412; venue=coinbase
INVOICE_DISCREPANCY_IDENTIFIED,trade,binance:6582453391,2026-08-19T00:00:00+00:00,discrepancy_type=double_billed; delta_usd=0.00109903; venue=binance
INVOICE_DISCREPANCY_IDENTIFIED,trade,binance:6582453395,2026-08-19T00:00:00+00:00,discrepancy_type=double_billed; delta_usd=0.00714365; venue=binance
INVOICE_DISCREPANCY_IDENTIFIED,trade,binance:6582453468,2026-08-19T00:00:00+00:00,discrepancy_type=missing_line; delta_usd=; venue=binance
INVOICE_DISCREPANCY_IDENTIFIED,trade,binance:6582453505,2026-08-19T00:00:00+00:00,discrepancy_type=rounding_error; delta_usd=-0.00236908; venue=binance
INVOICE_DISCREPANCY_IDENTIFIED,trade,binance:6582453532,2026-08-19T00:00:00+00:00,discrepancy_type=missing_line; delta_usd=; venue=binance
INVOICE_DISCREPANCY_IDENTIFIED,trade,binance:6582453558,2026-08-19T00:00:00+00:00,discrepancy_type=double_billed; delta_usd=0.00769299; venue=binance
INVOICE_DISCREPANCY_IDENTIFIED,trade,binance:6582453593,2026-08-19T00:00:00+00:00,discrepancy_type=rounding_error; delta_usd=-0.00224063; venue=binance
INVOICE_DISCREPANCY_IDENTIFIED,trade,binance:6582453608,2026-08-19T00:00:00+00:00,discrepancy_type=double_billed; delta_usd=0.00329722; venue=binance
INVOICE_DISCREPANCY_IDENTIFIED,trade,binance:6582453632,2026-08-19T00:00:00+00:00,discrepancy_type=double_billed; delta_usd=0.00219823; venue=binance
INVOICE_DISCREPANCY_IDENTIFIED,trade,coinbase:1073147774,2026-08-19T00:00:00+00:00,discrepancy_type=double_billed; delta_usd=0.00005768; venue=coinbase
INVOICE_DISCREPANCY_IDENTIFIED,trade,binance:6582453688,2026-08-19T00:00:00+00:00,discrepancy_type=rate_misapplied; delta_usd=-0.00180913; venue=binance
INVOICE_DISCREPANCY_IDENTIFIED,trade,binance:6582453690,2026-08-19T00:00:00+00:00,discrepancy_type=double_billed; delta_usd=0.01209068; venue=binance
INVOICE_DISCREPANCY_IDENTIFIED,trade,coinbase:1073147818,2026-08-19T00:00:00+00:00,discrepancy_type=double_billed; delta_usd=8.24266320; venue=coinbase
INVOICE_DISCREPANCY_IDENTIFIED,trade,coinbase:1073147823,2026-08-19T00:00:00+00:00,discrepancy_type=missing_line; delta_usd=; venue=coinbase
INVOICE_DISCREPANCY_IDENTIFIED,trade,binance:6582453740,2026-08-19T00:00:00+00:00,discrepancy_type=missing_line; delta_usd=; venue=binance
INVOICE_DISCREPANCY_IDENTIFIED,trade,coinbase:1073147869,2026-08-19T00:00:00+00:00,discrepancy_type=rounding_error; delta_usd=0.00431590; venue=coinbase
INVOICE_DISCREPANCY_IDENTIFIED,trade,kraken:105348516,2026-08-19T00:00:00+00:00,discrepancy_type=rate_misapplied; delta_usd=9.17432027; venue=kraken
INVOICE_DISCREPANCY_IDENTIFIED,trade,kraken:105348528,2026-08-19T00:00:00+00:00,discrepancy_type=double_billed; delta_usd=0.19999801; venue=kraken
INVOICE_DISCREPANCY_IDENTIFIED,trade,binance:6582453862,2026-08-19T00:00:00+00:00,discrepancy_type=rounding_error; delta_usd=0.00125323; venue=binance
INVOICE_DISCREPANCY_IDENTIFIED,trade,binance:6582453893,2026-08-19T00:00:00+00:00,discrepancy_type=rounding_error; delta_usd=-0.00363376; venue=binance
INVOICE_DISCREPANCY_IDENTIFIED,trade,binance:6582453938,2026-08-19T00:00:00+00:00,discrepancy_type=rate_misapplied; delta_usd=0.28139306; venue=binance
INVOICE_DISCREPANCY_IDENTIFIED,trade,binance:6582454011,2026-08-19T00:00:00+00:00,discrepancy_type=missing_line; delta_usd=; venue=binance
INVOICE_DISCREPANCY_IDENTIFIED,trade,binance:6582454013,2026-08-19T00:00:00+00:00,discrepancy_type=rounding_error; delta_usd=-0.00029853; venue=binance
INVOICE_DISCREPANCY_IDENTIFIED,trade,coinbase:1073147893,2026-08-19T00:00:00+00:00,discrepancy_type=rate_misapplied; delta_usd=-12.64878401; venue=coinbase
INVOICE_DISCREPANCY_IDENTIFIED,trade,binance:6582454017,2026-08-19T00:00:00+00:00,discrepancy_type=missing_line; delta_usd=; venue=binance
INVOICE_DISCREPANCY_IDENTIFIED,trade,binance:6582454071,2026-08-19T00:00:00+00:00,discrepancy_type=double_billed; delta_usd=0.00659360; venue=binance
INVOICE_DISCREPANCY_IDENTIFIED,trade,binance:6582454072,2026-08-19T00:00:00+00:00,discrepancy_type=missing_line; delta_usd=; venue=binance
INVOICE_DISCREPANCY_IDENTIFIED,trade,binance:6582454079,2026-08-19T00:00:00+00:00,discrepancy_type=rounding_error; delta_usd=-0.00342302; venue=binance
INVOICE_DISCREPANCY_IDENTIFIED,trade,binance:6582454099,2026-08-19T00:00:00+00:00,discrepancy_type=missing_line; delta_usd=; venue=binance
INVOICE_DISCREPANCY_IDENTIFIED,trade,binance:6582454138,2026-08-19T00:00:00+00:00,discrepancy_type=rounding_error; delta_usd=-0.00344975; venue=binance
INVOICE_DISCREPANCY_IDENTIFIED,trade,binance:6582454142,2026-08-19T00:00:00+00:00,discrepancy_type=double_billed; delta_usd=0.19366956; venue=binance
INVOICE_DISCREPANCY_IDENTIFIED,trade,binance:6582454146,2026-08-19T00:00:00+00:00,discrepancy_type=double_billed; delta_usd=0.00123618; venue=binance
INVOICE_DISCREPANCY_IDENTIFIED,trade,binance:6582454163,2026-08-19T00:00:00+00:00,discrepancy_type=rounding_error; delta_usd=0.00335193; venue=binance
INVOICE_DISCREPANCY_IDENTIFIED,trade,binance:6582454183,2026-08-19T00:00:00+00:00,discrepancy_type=rounding_error; delta_usd=0.00430211; venue=binance
INVOICE_DISCREPANCY_IDENTIFIED,trade,binance:6582454197,2026-08-19T00:00:00+00:00,discrepancy_type=missing_line; delta_usd=; venue=binance
INVOICE_DISCREPANCY_IDENTIFIED,trade,binance:6582454198,2026-08-19T00:00:00+00:00,discrepancy_type=rounding_error; delta_usd=-0.00196095; venue=binance
INVOICE_DISCREPANCY_IDENTIFIED,trade,binance:6582454281,2026-08-19T00:00:00+00:00,discrepancy_type=rate_misapplied; delta_usd=0.00069073; venue=binance
INVOICE_DISCREPANCY_IDENTIFIED,trade,binance:6582454316,2026-08-19T00:00:00+00:00,discrepancy_type=rate_misapplied; delta_usd=0.00068477; venue=binance
INVOICE_DISCREPANCY_IDENTIFIED,trade,binance:6582454317,2026-08-19T00:00:00+00:00,discrepancy_type=rounding_error; delta_usd=-0.00444077; venue=binance
INVOICE_DISCREPANCY_IDENTIFIED,trade,binance:6582454328,2026-08-19T00:00:00+00:00,discrepancy_type=double_billed; delta_usd=0.19499565; venue=binance
INVOICE_DISCREPANCY_IDENTIFIED,trade,coinbase:1073147919,2026-08-19T00:00:00+00:00,discrepancy_type=missing_line; delta_usd=; venue=coinbase
INVOICE_DISCREPANCY_IDENTIFIED,trade,coinbase:1073147914,2026-08-19T00:00:00+00:00,discrepancy_type=missing_line; delta_usd=; venue=coinbase
INVOICE_DISCREPANCY_IDENTIFIED,trade,coinbase:1073147903,2026-08-19T00:00:00+00:00,discrepancy_type=missing_line; delta_usd=; venue=coinbase
INVOICE_DISCREPANCY_IDENTIFIED,trade,coinbase:1073147927,2026-08-19T00:00:00+00:00,discrepancy_type=rate_misapplied; delta_usd=1.73766638; venue=coinbase
INVOICE_DISCREPANCY_IDENTIFIED,trade,binance:6582454331,2026-08-19T00:00:00+00:00,discrepancy_type=missing_line; delta_usd=; venue=binance
INVOICE_DISCREPANCY_IDENTIFIED,trade,kraken:105348532,2026-08-19T00:00:00+00:00,discrepancy_type=missing_line; delta_usd=; venue=kraken
INVOICE_DISCREPANCY_IDENTIFIED,trade,coinbase:1073147955,2026-08-19T00:00:00+00:00,discrepancy_type=double_billed; delta_usd=0.59948251; venue=coinbase
INVOICE_DISCREPANCY_IDENTIFIED,trade,coinbase:1073147951,2026-08-19T00:00:00+00:00,discrepancy_type=rate_misapplied; delta_usd=-5.38654941; venue=coinbase
INVOICE_DISCREPANCY_IDENTIFIED,trade,coinbase:1073147962,2026-08-19T00:00:00+00:00,discrepancy_type=double_billed; delta_usd=4.38143477; venue=coinbase
INVOICE_DISCREPANCY_IDENTIFIED,trade,coinbase:1073147966,2026-08-19T00:00:00+00:00,discrepancy_type=missing_line; delta_usd=; venue=coinbase
INVOICE_DISCREPANCY_IDENTIFIED,trade,binance:6582454372,2026-08-19T00:00:00+00:00,discrepancy_type=missing_line; delta_usd=; venue=binance
INVOICE_DISCREPANCY_IDENTIFIED,trade,binance:6582454379,2026-08-19T00:00:00+00:00,discrepancy_type=double_billed; delta_usd=0.00109851; venue=binance
INVOICE_DISCREPANCY_IDENTIFIED,trade,kraken:105348536,2026-08-19T00:00:00+00:00,discrepancy_type=double_billed; delta_usd=0.02800965; venue=kraken
INVOICE_DISCREPANCY_IDENTIFIED,trade,coinbase:1073147972,2026-08-19T00:00:00+00:00,discrepancy_type=rate_misapplied; delta_usd=7.39369134; venue=coinbase
INVOICE_DISCREPANCY_IDENTIFIED,trade,coinbase:1073147987,2026-08-19T00:00:00+00:00,discrepancy_type=rate_misapplied; delta_usd=1.64436319; venue=coinbase
INVOICE_DISCREPANCY_IDENTIFIED,trade,binance:6582454490,2026-08-19T00:00:00+00:00,discrepancy_type=rounding_error; delta_usd=0.00032962; venue=binance
INVOICE_DISCREPANCY_IDENTIFIED,trade,binance:6582454514,2026-08-19T00:00:00+00:00,discrepancy_type=rate_misapplied; delta_usd=0.00046961; venue=binance
INVOICE_DISCREPANCY_IDENTIFIED,trade,binance:6582454541,2026-08-19T00:00:00+00:00,discrepancy_type=rate_misapplied; delta_usd=0.00152567; venue=binance
INVOICE_DISCREPANCY_IDENTIFIED,trade,binance:6582454551,2026-08-19T00:00:00+00:00,discrepancy_type=rate_misapplied; delta_usd=0.00218703; venue=binance
INVOICE_DISCREPANCY_IDENTIFIED,trade,coinbase:1073148014,2026-08-19T00:00:00+00:00,discrepancy_type=rate_misapplied; delta_usd=0.86621526; venue=coinbase
INVOICE_DISCREPANCY_IDENTIFIED,trade,coinbase:1073148021,2026-08-19T00:00:00+00:00,discrepancy_type=missing_line; delta_usd=; venue=coinbase
INVOICE_DISCREPANCY_IDENTIFIED,trade,binance:6582454601,2026-08-19T00:00:00+00:00,discrepancy_type=missing_line; delta_usd=; venue=binance
INVOICE_DISCREPANCY_IDENTIFIED,trade,binance:6582454616,2026-08-19T00:00:00+00:00,discrepancy_type=missing_line; delta_usd=; venue=binance
INVOICE_DISCREPANCY_IDENTIFIED,trade,binance:6582454741,2026-08-19T00:00:00+00:00,discrepancy_type=double_billed; delta_usd=0.00164820; venue=binance
INVOICE_DISCREPANCY_IDENTIFIED,trade,binance:6582454753,2026-08-19T00:00:00+00:00,discrepancy_type=missing_line; delta_usd=; venue=binance
INVOICE_DISCREPANCY_IDENTIFIED,trade,binance:6582454756,2026-08-19T00:00:00+00:00,discrepancy_type=rate_misapplied; delta_usd=0.00088114; venue=binance
INVOICE_DISCREPANCY_IDENTIFIED,trade,coinbase:1073148030,2026-08-19T00:00:00+00:00,discrepancy_type=rounding_error; delta_usd=-0.00391112; venue=coinbase
INVOICE_DISCREPANCY_IDENTIFIED,trade,binance:6582454798,2026-08-19T00:00:00+00:00,discrepancy_type=rate_misapplied; delta_usd=0.20706777; venue=binance
INVOICE_DISCREPANCY_IDENTIFIED,trade,binance:6582454801,2026-08-19T00:00:00+00:00,discrepancy_type=rounding_error; delta_usd=-0.00072676; venue=binance
INVOICE_DISCREPANCY_IDENTIFIED,trade,coinbase:1073148039,2026-08-19T00:00:00+00:00,discrepancy_type=double_billed; delta_usd=0.00000412; venue=coinbase
INVOICE_DISCREPANCY_IDENTIFIED,trade,binance:6582454850,2026-08-19T00:00:00+00:00,discrepancy_type=rate_misapplied; delta_usd=-0.06801645; venue=binance
INVOICE_DISCREPANCY_IDENTIFIED,trade,binance:6582454854,2026-08-19T00:00:00+00:00,discrepancy_type=missing_line; delta_usd=; venue=binance
INVOICE_DISCREPANCY_IDENTIFIED,trade,binance:6582454943,2026-08-19T00:00:00+00:00,discrepancy_type=rate_misapplied; delta_usd=-0.00116805; venue=binance
INVOICE_DISCREPANCY_IDENTIFIED,trade,coinbase:1073148050,2026-08-19T00:00:00+00:00,discrepancy_type=rate_misapplied; delta_usd=-7.25585667; venue=coinbase
INVOICE_DISCREPANCY_IDENTIFIED,trade,coinbase:1073148059,2026-08-19T00:00:00+00:00,discrepancy_type=rate_misapplied; delta_usd=1.17317821; venue=coinbase
INVOICE_DISCREPANCY_IDENTIFIED,trade,coinbase:1073148066,2026-08-19T00:00:00+00:00,discrepancy_type=rate_misapplied; delta_usd=-0.04169748; venue=coinbase
INVOICE_DISCREPANCY_IDENTIFIED,trade,coinbase:1073148068,2026-08-19T00:00:00+00:00,discrepancy_type=rate_misapplied; delta_usd=-0.20570286; venue=coinbase
INVOICE_DISCREPANCY_IDENTIFIED,trade,coinbase:1073148083,2026-08-19T00:00:00+00:00,discrepancy_type=double_billed; delta_usd=0.00000412; venue=coinbase
INVOICE_DISCREPANCY_IDENTIFIED,trade,coinbase:1073148085,2026-08-19T00:00:00+00:00,discrepancy_type=missing_line; delta_usd=; venue=coinbase
INVOICE_DISCREPANCY_IDENTIFIED,trade,coinbase:1073148097,2026-08-19T00:00:00+00:00,discrepancy_type=double_billed; delta_usd=0.00000412; venue=coinbase
INVOICE_DISCREPANCY_IDENTIFIED,trade,binance:6582455071,2026-08-19T00:00:00+00:00,discrepancy_type=missing_line; delta_usd=; venue=binance
INVOICE_DISCREPANCY_IDENTIFIED,trade,coinbase:1073148114,2026-08-19T00:00:00+00:00,discrepancy_type=rate_misapplied; delta_usd=1.23513668; venue=coinbase
INVOICE_DISCREPANCY_IDENTIFIED,trade,binance:6582455227,2026-08-19T00:00:00+00:00,discrepancy_type=double_billed; delta_usd=0.48065546; venue=binance
INVOICE_DISCREPANCY_IDENTIFIED,trade,coinbase:1073148144,2026-08-19T00:00:00+00:00,discrepancy_type=rate_misapplied; delta_usd=0.00331069; venue=coinbase
INVOICE_DISCREPANCY_IDENTIFIED,trade,binance:6582455318,2026-08-19T00:00:00+00:00,discrepancy_type=double_billed; delta_usd=0.41459684; venue=binance
INVOICE_DISCREPANCY_IDENTIFIED,trade,binance:6582455396,2026-08-19T00:00:00+00:00,discrepancy_type=double_billed; delta_usd=0.00590748; venue=binance
INVOICE_DISCREPANCY_IDENTIFIED,trade,coinbase:1073148151,2026-08-19T00:00:00+00:00,discrepancy_type=rate_misapplied; delta_usd=1.80327583; venue=coinbase
INVOICE_DISCREPANCY_IDENTIFIED,trade,binance:6582455427,2026-08-19T00:00:00+00:00,discrepancy_type=rounding_error; delta_usd=0.00389915; venue=binance
INVOICE_DISCREPANCY_IDENTIFIED,trade,binance:6582455428,2026-08-19T00:00:00+00:00,discrepancy_type=rounding_error; delta_usd=0.00133688; venue=binance
INVOICE_DISCREPANCY_IDENTIFIED,trade,binance:6582455430,2026-08-19T00:00:00+00:00,discrepancy_type=missing_line; delta_usd=; venue=binance
INVOICE_DISCREPANCY_IDENTIFIED,trade,coinbase:1073148167,2026-08-19T00:00:00+00:00,discrepancy_type=rate_misapplied; delta_usd=7.07227494; venue=coinbase
INVOICE_DISCREPANCY_IDENTIFIED,trade,coinbase:1073148172,2026-08-19T00:00:00+00:00,discrepancy_type=missing_line; delta_usd=; venue=coinbase
INVOICE_DISCREPANCY_IDENTIFIED,trade,coinbase:1073148183,2026-08-19T00:00:00+00:00,discrepancy_type=double_billed; delta_usd=1.13004658; venue=coinbase
INVOICE_DISCREPANCY_IDENTIFIED,trade,binance:6582455437,2026-08-19T00:00:00+00:00,discrepancy_type=double_billed; delta_usd=0.54954272; venue=binance
INVOICE_DISCREPANCY_IDENTIFIED,trade,binance:6582455443,2026-08-19T00:00:00+00:00,discrepancy_type=missing_line; delta_usd=; venue=binance
INVOICE_DISCREPANCY_IDENTIFIED,trade,binance:6582455494,2026-08-19T00:00:00+00:00,discrepancy_type=double_billed; delta_usd=0.07831252; venue=binance
INVOICE_DISCREPANCY_IDENTIFIED,trade,binance:6582455544,2026-08-19T00:00:00+00:00,discrepancy_type=rate_misapplied; delta_usd=-0.00148066; venue=binance
INVOICE_DISCREPANCY_IDENTIFIED,trade,coinbase:1073148232,2026-08-19T00:00:00+00:00,discrepancy_type=rounding_error; delta_usd=0.00277106; venue=coinbase
INVOICE_DISCREPANCY_IDENTIFIED,trade,coinbase:1073148260,2026-08-19T00:00:00+00:00,discrepancy_type=double_billed; delta_usd=0.00000412; venue=coinbase
INVOICE_DISCREPANCY_IDENTIFIED,trade,coinbase:1073148272,2026-08-19T00:00:00+00:00,discrepancy_type=rate_misapplied; delta_usd=-0.00000187; venue=coinbase
INVOICE_DISCREPANCY_IDENTIFIED,trade,binance:6582455629,2026-08-19T00:00:00+00:00,discrepancy_type=rate_misapplied; delta_usd=-0.08096667; venue=binance
INVOICE_DISCREPANCY_IDENTIFIED,trade,binance:6582455637,2026-08-19T00:00:00+00:00,discrepancy_type=rate_misapplied; delta_usd=-0.08860151; venue=binance
INVOICE_DISCREPANCY_IDENTIFIED,trade,coinbase:1073148283,2026-08-19T00:00:00+00:00,discrepancy_type=double_billed; delta_usd=0.00003708; venue=coinbase
INVOICE_DISCREPANCY_IDENTIFIED,trade,coinbase:1073148287,2026-08-19T00:00:00+00:00,discrepancy_type=double_billed; delta_usd=0.09035731; venue=coinbase
INVOICE_DISCREPANCY_IDENTIFIED,trade,coinbase:1073148294,2026-08-19T00:00:00+00:00,discrepancy_type=rounding_error; delta_usd=0.00317470; venue=coinbase
INVOICE_DISCREPANCY_IDENTIFIED,trade,coinbase:1073148298,2026-08-19T00:00:00+00:00,discrepancy_type=missing_line; delta_usd=; venue=coinbase
INVOICE_DISCREPANCY_IDENTIFIED,trade,coinbase:1073148300,2026-08-19T00:00:00+00:00,discrepancy_type=rounding_error; delta_usd=-0.00226107; venue=coinbase
INVOICE_DISCREPANCY_IDENTIFIED,trade,binance:6582455721,2026-08-19T00:00:00+00:00,discrepancy_type=missing_line; delta_usd=; venue=binance
INVOICE_DISCREPANCY_IDENTIFIED,trade,coinbase:1073148320,2026-08-19T00:00:00+00:00,discrepancy_type=missing_line; delta_usd=; venue=coinbase
INVOICE_DISCREPANCY_IDENTIFIED,trade,binance:6582455777,2026-08-19T00:00:00+00:00,discrepancy_type=missing_line; delta_usd=; venue=binance
INVOICE_DISCREPANCY_IDENTIFIED,trade,binance:6582455781,2026-08-19T00:00:00+00:00,discrepancy_type=rate_misapplied; delta_usd=-0.00278061; venue=binance
INVOICE_DISCREPANCY_IDENTIFIED,trade,binance:6582455855,2026-08-19T00:00:00+00:00,discrepancy_type=missing_line; delta_usd=; venue=binance
INVOICE_DISCREPANCY_IDENTIFIED,trade,binance:6582455887,2026-08-19T00:00:00+00:00,discrepancy_type=rounding_error; delta_usd=0.00356974; venue=binance
INVOICE_DISCREPANCY_IDENTIFIED,trade,coinbase:1073148343,2026-08-19T00:00:00+00:00,discrepancy_type=double_billed; delta_usd=0.00000412; venue=coinbase
INVOICE_DISCREPANCY_IDENTIFIED,trade,coinbase:1073148344,2026-08-19T00:00:00+00:00,discrepancy_type=missing_line; delta_usd=; venue=coinbase
INVOICE_DISCREPANCY_IDENTIFIED,trade,binance:6582455933,2026-08-19T00:00:00+00:00,discrepancy_type=rate_misapplied; delta_usd=0.00119674; venue=binance
INVOICE_DISCREPANCY_IDENTIFIED,trade,coinbase:1073148346,2026-08-19T00:00:00+00:00,discrepancy_type=rounding_error; delta_usd=0.00253079; venue=coinbase
INVOICE_DISCREPANCY_IDENTIFIED,trade,binance:6582456014,2026-08-19T00:00:00+00:00,discrepancy_type=double_billed; delta_usd=0.00123630; venue=binance
INVOICE_DISCREPANCY_IDENTIFIED,trade,kraken:105348565,2026-08-19T00:00:00+00:00,discrepancy_type=double_billed; delta_usd=0.40000209; venue=kraken
INVOICE_DISCREPANCY_IDENTIFIED,trade,coinbase:1073148360,2026-08-19T00:00:00+00:00,discrepancy_type=missing_line; delta_usd=; venue=coinbase
INVOICE_DISCREPANCY_IDENTIFIED,trade,binance:6582456060,2026-08-19T00:00:00+00:00,discrepancy_type=missing_line; delta_usd=; venue=binance
INVOICE_DISCREPANCY_IDENTIFIED,trade,binance:6582456139,2026-08-19T00:00:00+00:00,discrepancy_type=missing_line; delta_usd=; venue=binance
INVOICE_DISCREPANCY_IDENTIFIED,trade,coinbase:1073148364,2026-08-19T00:00:00+00:00,discrepancy_type=rounding_error; delta_usd=-0.00109317; venue=coinbase
INVOICE_DISCREPANCY_IDENTIFIED,trade,binance:6582456197,2026-08-19T00:00:00+00:00,discrepancy_type=rounding_error; delta_usd=-0.00335234; venue=binance
INVOICE_DISCREPANCY_IDENTIFIED,trade,binance:6582456227,2026-08-19T00:00:00+00:00,discrepancy_type=rate_misapplied; delta_usd=-0.00102576; venue=binance
INVOICE_DISCREPANCY_IDENTIFIED,trade,binance:6582456232,2026-08-19T00:00:00+00:00,discrepancy_type=rate_misapplied; delta_usd=-0.00990899; venue=binance
INVOICE_DISCREPANCY_IDENTIFIED,trade,binance:6582456310,2026-08-19T00:00:00+00:00,discrepancy_type=missing_line; delta_usd=; venue=binance
INVOICE_DISCREPANCY_IDENTIFIED,trade,binance:6582456356,2026-08-19T00:00:00+00:00,discrepancy_type=missing_line; delta_usd=; venue=binance
INVOICE_DISCREPANCY_IDENTIFIED,trade,binance:6582456374,2026-08-19T00:00:00+00:00,discrepancy_type=rate_misapplied; delta_usd=0.00052777; venue=binance
INVOICE_DISCREPANCY_IDENTIFIED,trade,binance:6582456388,2026-08-19T00:00:00+00:00,discrepancy_type=rate_misapplied; delta_usd=-0.08315584; venue=binance
INVOICE_DISCREPANCY_IDENTIFIED,trade,kraken:105348574,2026-08-19T00:00:00+00:00,discrepancy_type=missing_line; delta_usd=; venue=kraken
INVOICE_DISCREPANCY_IDENTIFIED,trade,binance:6582456450,2026-08-19T00:00:00+00:00,discrepancy_type=rate_misapplied; delta_usd=-0.03277244; venue=binance
INVOICE_DISCREPANCY_IDENTIFIED,trade,binance:6582456460,2026-08-19T00:00:00+00:00,discrepancy_type=missing_line; delta_usd=; venue=binance
INVOICE_DISCREPANCY_IDENTIFIED,trade,coinbase:1073148387,2026-08-19T00:00:00+00:00,discrepancy_type=rate_misapplied; delta_usd=0.00000212; venue=coinbase
INVOICE_DISCREPANCY_IDENTIFIED,trade,binance:6582456467,2026-08-19T00:00:00+00:00,discrepancy_type=missing_line; delta_usd=; venue=binance
INVOICE_DISCREPANCY_IDENTIFIED,trade,binance:6582456473,2026-08-19T00:00:00+00:00,discrepancy_type=double_billed; delta_usd=0.04658303; venue=binance
INVOICE_DISCREPANCY_IDENTIFIED,trade,binance:6582456500,2026-08-19T00:00:00+00:00,discrepancy_type=double_billed; delta_usd=0.15115439; venue=binance
INVOICE_DISCREPANCY_IDENTIFIED,trade,binance:6582456580,2026-08-19T00:00:00+00:00,discrepancy_type=rate_misapplied; delta_usd=0.01282201; venue=binance
INVOICE_DISCREPANCY_IDENTIFIED,trade,binance:6582456606,2026-08-19T00:00:00+00:00,discrepancy_type=rounding_error; delta_usd=0.00245566; venue=binance
INVOICE_DISCREPANCY_IDENTIFIED,trade,binance:6582456639,2026-08-19T00:00:00+00:00,discrepancy_type=missing_line; delta_usd=; venue=binance
INVOICE_DISCREPANCY_IDENTIFIED,trade,binance:6582456693,2026-08-19T00:00:00+00:00,discrepancy_type=double_billed; delta_usd=0.02748473; venue=binance
INVOICE_DISCREPANCY_IDENTIFIED,trade,coinbase:1073148424,2026-08-19T00:00:00+00:00,discrepancy_type=rate_misapplied; delta_usd=-0.01766583; venue=coinbase
INVOICE_DISCREPANCY_IDENTIFIED,trade,binance:6582456714,2026-08-19T00:00:00+00:00,discrepancy_type=double_billed; delta_usd=0.12368129; venue=binance
INVOICE_DISCREPANCY_IDENTIFIED,trade,binance:6582456717,2026-08-19T00:00:00+00:00,discrepancy_type=rate_misapplied; delta_usd=-0.02324860; venue=binance
INVOICE_DISCREPANCY_IDENTIFIED,trade,coinbase:1073148435,2026-08-19T00:00:00+00:00,discrepancy_type=missing_line; delta_usd=; venue=coinbase
INVOICE_DISCREPANCY_IDENTIFIED,trade,coinbase:1073148436,2026-08-19T00:00:00+00:00,discrepancy_type=double_billed; delta_usd=0.00000412; venue=coinbase
INVOICE_DISCREPANCY_IDENTIFIED,trade,coinbase:1073148441,2026-08-19T00:00:00+00:00,discrepancy_type=rate_misapplied; delta_usd=9.97744731; venue=coinbase
INVOICE_DISCREPANCY_IDENTIFIED,trade,binance:6582456722,2026-08-19T00:00:00+00:00,discrepancy_type=double_billed; delta_usd=0.12368129; venue=binance
INVOICE_DISCREPANCY_IDENTIFIED,trade,coinbase:1073148464,2026-08-19T00:00:00+00:00,discrepancy_type=missing_line; delta_usd=; venue=coinbase
INVOICE_DISCREPANCY_IDENTIFIED,trade,binance:6582456745,2026-08-19T00:00:00+00:00,discrepancy_type=rounding_error; delta_usd=0.00341058; venue=binance
INVOICE_DISCREPANCY_IDENTIFIED,trade,binance:6582456758,2026-08-19T00:00:00+00:00,discrepancy_type=rounding_error; delta_usd=0.00475207; venue=binance
INVOICE_DISCREPANCY_IDENTIFIED,trade,coinbase:1073148491,2026-08-19T00:00:00+00:00,discrepancy_type=missing_line; delta_usd=; venue=coinbase
INVOICE_DISCREPANCY_IDENTIFIED,trade,binance:6582456800,2026-08-19T00:00:00+00:00,discrepancy_type=rate_misapplied; delta_usd=-0.01816816; venue=binance
INVOICE_DISCREPANCY_IDENTIFIED,trade,binance:6582456805,2026-08-19T00:00:00+00:00,discrepancy_type=rate_misapplied; delta_usd=0.00351951; venue=binance
INVOICE_DISCREPANCY_IDENTIFIED,trade,coinbase:1073148509,2026-08-19T00:00:00+00:00,discrepancy_type=missing_line; delta_usd=; venue=coinbase
INVOICE_DISCREPANCY_IDENTIFIED,trade,coinbase:1073148513,2026-08-19T00:00:00+00:00,discrepancy_type=rounding_error; delta_usd=0.00090463; venue=coinbase
INVOICE_DISCREPANCY_IDENTIFIED,trade,binance:6582456812,2026-08-19T00:00:00+00:00,discrepancy_type=missing_line; delta_usd=; venue=binance
INVOICE_DISCREPANCY_IDENTIFIED,trade,binance:6582456820,2026-08-19T00:00:00+00:00,discrepancy_type=rate_misapplied; delta_usd=2.47946846; venue=binance
INVOICE_DISCREPANCY_IDENTIFIED,trade,kraken:105348588,2026-08-19T00:00:00+00:00,discrepancy_type=missing_line; delta_usd=; venue=kraken
INVOICE_DISCREPANCY_IDENTIFIED,trade,coinbase:1073148551,2026-08-19T00:00:00+00:00,discrepancy_type=double_billed; delta_usd=7.87196683; venue=coinbase
INVOICE_DISCREPANCY_IDENTIFIED,trade,binance:6582456850,2026-08-19T00:00:00+00:00,discrepancy_type=rate_misapplied; delta_usd=-0.04498825; venue=binance
INVOICE_DISCREPANCY_IDENTIFIED,trade,binance:6582456851,2026-08-19T00:00:00+00:00,discrepancy_type=rate_misapplied; delta_usd=0.07617135; venue=binance
INVOICE_DISCREPANCY_IDENTIFIED,trade,coinbase:1073148576,2026-08-19T00:00:00+00:00,discrepancy_type=double_billed; delta_usd=0.00002885; venue=coinbase
INVOICE_DISCREPANCY_IDENTIFIED,trade,coinbase:1073148602,2026-08-19T00:00:00+00:00,discrepancy_type=rate_misapplied; delta_usd=-0.00000283; venue=coinbase
INVOICE_DISCREPANCY_IDENTIFIED,trade,coinbase:1073148627,2026-08-19T00:00:00+00:00,discrepancy_type=rate_misapplied; delta_usd=0.29100118; venue=coinbase
INVOICE_DISCREPANCY_IDENTIFIED,trade,coinbase:1073148643,2026-08-19T00:00:00+00:00,discrepancy_type=rate_misapplied; delta_usd=-2.64520783; venue=coinbase
INVOICE_DISCREPANCY_IDENTIFIED,trade,coinbase:1073148648,2026-08-19T00:00:00+00:00,discrepancy_type=rounding_error; delta_usd=-0.00342178; venue=coinbase
INVOICE_DISCREPANCY_IDENTIFIED,trade,binance:6582456930,2026-08-19T00:00:00+00:00,discrepancy_type=double_billed; delta_usd=0.03243198; venue=binance
INVOICE_DISCREPANCY_IDENTIFIED,trade,binance:6582456951,2026-08-19T00:00:00+00:00,discrepancy_type=missing_line; delta_usd=; venue=binance
INVOICE_DISCREPANCY_IDENTIFIED,trade,coinbase:1073148675,2026-08-19T00:00:00+00:00,discrepancy_type=missing_line; delta_usd=; venue=coinbase
INVOICE_DISCREPANCY_IDENTIFIED,trade,kraken:105348604,2026-08-19T00:00:00+00:00,discrepancy_type=missing_line; delta_usd=; venue=kraken
INVOICE_DISCREPANCY_IDENTIFIED,trade,coinbase:1073148692,2026-08-19T00:00:00+00:00,discrepancy_type=missing_line; delta_usd=; venue=coinbase
INVOICE_DISCREPANCY_IDENTIFIED,trade,coinbase:1073148693,2026-08-19T00:00:00+00:00,discrepancy_type=rate_misapplied; delta_usd=0.34007307; venue=coinbase
INVOICE_DISCREPANCY_IDENTIFIED,trade,binance:6582456978,2026-08-19T00:00:00+00:00,discrepancy_type=missing_line; delta_usd=; venue=binance
INVOICE_DISCREPANCY_IDENTIFIED,trade,binance:6582457098,2026-08-19T00:00:00+00:00,discrepancy_type=rounding_error; delta_usd=0.00268253; venue=binance
INVOICE_DISCREPANCY_IDENTIFIED,trade,binance:6582457101,2026-08-19T00:00:00+00:00,discrepancy_type=rate_misapplied; delta_usd=-0.00141632; venue=binance
INVOICE_DISCREPANCY_IDENTIFIED,trade,binance:6582457129,2026-08-19T00:00:00+00:00,discrepancy_type=double_billed; delta_usd=0.08246075; venue=binance
INVOICE_DISCREPANCY_IDENTIFIED,trade,binance:6582457132,2026-08-19T00:00:00+00:00,discrepancy_type=missing_line; delta_usd=; venue=binance
INVOICE_DISCREPANCY_IDENTIFIED,trade,coinbase:1073148707,2026-08-19T00:00:00+00:00,discrepancy_type=missing_line; delta_usd=; venue=coinbase
INVOICE_DISCREPANCY_IDENTIFIED,trade,binance:6582457135,2026-08-19T00:00:00+00:00,discrepancy_type=rounding_error; delta_usd=0.00451900; venue=binance
INVOICE_DISCREPANCY_IDENTIFIED,trade,coinbase:1073148711,2026-08-19T00:00:00+00:00,discrepancy_type=rounding_error; delta_usd=0.00352346; venue=coinbase
INVOICE_DISCREPANCY_IDENTIFIED,trade,binance:6582457226,2026-08-19T00:00:00+00:00,discrepancy_type=missing_line; delta_usd=; venue=binance
INVOICE_DISCREPANCY_IDENTIFIED,trade,coinbase:1073148734,2026-08-19T00:00:00+00:00,discrepancy_type=missing_line; delta_usd=; venue=coinbase
INVOICE_DISCREPANCY_IDENTIFIED,trade,coinbase:1073148733,2026-08-19T00:00:00+00:00,discrepancy_type=rounding_error; delta_usd=-0.00454905; venue=coinbase
INVOICE_DISCREPANCY_IDENTIFIED,trade,binance:6582457314,2026-08-19T00:00:00+00:00,discrepancy_type=double_billed; delta_usd=0.02473971; venue=binance
INVOICE_DISCREPANCY_IDENTIFIED,trade,kraken:105348609,2026-08-19T00:00:00+00:00,discrepancy_type=double_billed; delta_usd=0.54939600; venue=kraken
INVOICE_DISCREPANCY_IDENTIFIED,trade,binance:6582457348,2026-08-19T00:00:00+00:00,discrepancy_type=double_billed; delta_usd=0.04123474; venue=binance
INVOICE_DISCREPANCY_IDENTIFIED,trade,binance:6582457354,2026-08-19T00:00:00+00:00,discrepancy_type=rate_misapplied; delta_usd=-0.28825120; venue=binance
INVOICE_DISCREPANCY_IDENTIFIED,trade,coinbase:1073148762,2026-08-19T00:00:00+00:00,discrepancy_type=double_billed; delta_usd=0.00000412; venue=coinbase
INVOICE_DISCREPANCY_IDENTIFIED,trade,coinbase:1073148766,2026-08-19T00:00:00+00:00,discrepancy_type=rate_misapplied; delta_usd=0.00001326; venue=coinbase
INVOICE_DISCREPANCY_IDENTIFIED,trade,coinbase:1073148772,2026-08-19T00:00:00+00:00,discrepancy_type=rounding_error; delta_usd=-0.00017110; venue=coinbase
INVOICE_DISCREPANCY_IDENTIFIED,trade,kraken:105348617,2026-08-19T00:00:00+00:00,discrepancy_type=missing_line; delta_usd=; venue=kraken
INVOICE_DISCREPANCY_IDENTIFIED,trade,binance:6582457646,2026-08-19T00:00:00+00:00,discrepancy_type=double_billed; delta_usd=0.00109970; venue=binance
INVOICE_DISCREPANCY_IDENTIFIED,trade,binance:6582457680,2026-08-19T00:00:00+00:00,discrepancy_type=rounding_error; delta_usd=-0.00161696; venue=binance
INVOICE_DISCREPANCY_IDENTIFIED,trade,binance:6582457685,2026-08-19T00:00:00+00:00,discrepancy_type=rate_misapplied; delta_usd=-0.00321898; venue=binance
INVOICE_DISCREPANCY_IDENTIFIED,trade,binance:6582457687,2026-08-19T00:00:00+00:00,discrepancy_type=missing_line; delta_usd=; venue=binance
INVOICE_DISCREPANCY_IDENTIFIED,trade,binance:6582457701,2026-08-19T00:00:00+00:00,discrepancy_type=double_billed; delta_usd=0.00109982; venue=binance
INVOICE_DISCREPANCY_IDENTIFIED,trade,coinbase:1073148792,2026-08-19T00:00:00+00:00,discrepancy_type=rate_misapplied; delta_usd=-1.89885818; venue=coinbase
INVOICE_DISCREPANCY_IDENTIFIED,trade,binance:6582457748,2026-08-19T00:00:00+00:00,discrepancy_type=rate_misapplied; delta_usd=0.07613211; venue=binance
INVOICE_DISCREPANCY_IDENTIFIED,trade,binance:6582457762,2026-08-19T00:00:00+00:00,discrepancy_type=missing_line; delta_usd=; venue=binance
INVOICE_DISCREPANCY_IDENTIFIED,trade,binance:6582457781,2026-08-19T00:00:00+00:00,discrepancy_type=missing_line; delta_usd=; venue=binance
INVOICE_DISCREPANCY_IDENTIFIED,trade,binance:6582457830,2026-08-19T00:00:00+00:00,discrepancy_type=rounding_error; delta_usd=-0.00437806; venue=binance
INVOICE_DISCREPANCY_IDENTIFIED,trade,binance:6582457876,2026-08-19T00:00:00+00:00,discrepancy_type=missing_line; delta_usd=; venue=binance
INVOICE_DISCREPANCY_IDENTIFIED,trade,coinbase:1073148812,2026-08-19T00:00:00+00:00,discrepancy_type=missing_line; delta_usd=; venue=coinbase
INVOICE_DISCREPANCY_IDENTIFIED,trade,coinbase:1073148839,2026-08-19T00:00:00+00:00,discrepancy_type=missing_line; delta_usd=; venue=coinbase
INVOICE_DISCREPANCY_IDENTIFIED,trade,coinbase:1073148845,2026-08-19T00:00:00+00:00,discrepancy_type=double_billed; delta_usd=2.40126181; venue=coinbase
INVOICE_DISCREPANCY_IDENTIFIED,trade,kraken:105348621,2026-08-19T00:00:00+00:00,discrepancy_type=missing_line; delta_usd=; venue=kraken
INVOICE_DISCREPANCY_IDENTIFIED,trade,kraken:105348623,2026-08-19T00:00:00+00:00,discrepancy_type=rate_misapplied; delta_usd=0.26091061; venue=kraken
INVOICE_DISCREPANCY_IDENTIFIED,trade,kraken:105348624,2026-08-19T00:00:00+00:00,discrepancy_type=rate_misapplied; delta_usd=18.25767477; venue=kraken
INVOICE_DISCREPANCY_IDENTIFIED,trade,binance:6582457970,2026-08-19T00:00:00+00:00,discrepancy_type=rate_misapplied; delta_usd=0.00658105; venue=binance
INVOICE_DISCREPANCY_IDENTIFIED,trade,binance:6582457991,2026-08-19T00:00:00+00:00,discrepancy_type=missing_line; delta_usd=; venue=binance
INVOICE_DISCREPANCY_IDENTIFIED,trade,binance:6582458024,2026-08-19T00:00:00+00:00,discrepancy_type=rounding_error; delta_usd=-0.00471094; venue=binance
INVOICE_DISCREPANCY_IDENTIFIED,trade,binance:6582458033,2026-08-19T00:00:00+00:00,discrepancy_type=double_billed; delta_usd=0.00989890; venue=binance
INVOICE_DISCREPANCY_IDENTIFIED,trade,coinbase:1073148858,2026-08-19T00:00:00+00:00,discrepancy_type=missing_line; delta_usd=; venue=coinbase
INVOICE_DISCREPANCY_IDENTIFIED,trade,binance:6582458122,2026-08-19T00:00:00+00:00,discrepancy_type=rounding_error; delta_usd=0.00421811; venue=binance
INVOICE_DISCREPANCY_IDENTIFIED,trade,coinbase:1073148871,2026-08-19T00:00:00+00:00,discrepancy_type=rounding_error; delta_usd=-0.00410285; venue=coinbase
INVOICE_DISCREPANCY_IDENTIFIED,trade,coinbase:1073148883,2026-08-19T00:00:00+00:00,discrepancy_type=double_billed; delta_usd=20.19725561; venue=coinbase
INVOICE_DISCREPANCY_IDENTIFIED,trade,binance:6582458152,2026-08-19T00:00:00+00:00,discrepancy_type=double_billed; delta_usd=0.05608964; venue=binance
INVOICE_DISCREPANCY_IDENTIFIED,trade,coinbase:1073148887,2026-08-19T00:00:00+00:00,discrepancy_type=rounding_error; delta_usd=0.00376720; venue=coinbase
INVOICE_DISCREPANCY_IDENTIFIED,trade,coinbase:1073148899,2026-08-19T00:00:00+00:00,discrepancy_type=double_billed; delta_usd=0.00000412; venue=coinbase
INVOICE_DISCREPANCY_IDENTIFIED,trade,coinbase:1073148906,2026-08-19T00:00:00+00:00,discrepancy_type=rate_misapplied; delta_usd=-27.16698103; venue=coinbase
INVOICE_DISCREPANCY_IDENTIFIED,trade,coinbase:1073148905,2026-08-19T00:00:00+00:00,discrepancy_type=double_billed; delta_usd=0.00840975; venue=coinbase
INVOICE_DISCREPANCY_IDENTIFIED,trade,binance:6582458229,2026-08-19T00:00:00+00:00,discrepancy_type=rate_misapplied; delta_usd=0.00160766; venue=binance
INVOICE_DISCREPANCY_IDENTIFIED,trade,binance:6582458235,2026-08-19T00:00:00+00:00,discrepancy_type=double_billed; delta_usd=1.20160289; venue=binance
INVOICE_DISCREPANCY_IDENTIFIED,trade,binance:6582458259,2026-08-19T00:00:00+00:00,discrepancy_type=missing_line; delta_usd=; venue=binance
INVOICE_DISCREPANCY_IDENTIFIED,trade,binance:6582458262,2026-08-19T00:00:00+00:00,discrepancy_type=missing_line; delta_usd=; venue=binance
INVOICE_DISCREPANCY_IDENTIFIED,trade,binance:6582458312,2026-08-19T00:00:00+00:00,discrepancy_type=rounding_error; delta_usd=0.00125295; venue=binance
INVOICE_DISCREPANCY_IDENTIFIED,trade,binance:6582458313,2026-08-19T00:00:00+00:00,discrepancy_type=rate_misapplied; delta_usd=-0.00110477; venue=binance
INVOICE_DISCREPANCY_IDENTIFIED,trade,binance:6582458331,2026-08-19T00:00:00+00:00,discrepancy_type=missing_line; delta_usd=; venue=binance
INVOICE_DISCREPANCY_IDENTIFIED,trade,coinbase:1073148921,2026-08-19T00:00:00+00:00,discrepancy_type=rate_misapplied; delta_usd=-0.00298013; venue=coinbase
INVOICE_DISCREPANCY_IDENTIFIED,trade,coinbase:1073148924,2026-08-19T00:00:00+00:00,discrepancy_type=missing_line; delta_usd=; venue=coinbase
INVOICE_DISCREPANCY_IDENTIFIED,trade,coinbase:1073148928,2026-08-19T00:00:00+00:00,discrepancy_type=missing_line; delta_usd=; venue=coinbase
INVOICE_DISCREPANCY_IDENTIFIED,trade,coinbase:1073148929,2026-08-19T00:00:00+00:00,discrepancy_type=missing_line; delta_usd=; venue=coinbase
INVOICE_DISCREPANCY_IDENTIFIED,trade,binance:6582458382,2026-08-19T00:00:00+00:00,discrepancy_type=rate_misapplied; delta_usd=-0.02737978; venue=binance
INVOICE_DISCREPANCY_IDENTIFIED,trade,binance:6582458404,2026-08-19T00:00:00+00:00,discrepancy_type=double_billed; delta_usd=0.00439823; venue=binance
INVOICE_DISCREPANCY_IDENTIFIED,trade,coinbase:1073148943,2026-08-19T00:00:00+00:00,discrepancy_type=missing_line; delta_usd=; venue=coinbase
INVOICE_DISCREPANCY_IDENTIFIED,trade,binance:6582458486,2026-08-19T00:00:00+00:00,discrepancy_type=missing_line; delta_usd=; venue=binance
INVOICE_DISCREPANCY_IDENTIFIED,trade,binance:6582458586,2026-08-19T00:00:00+00:00,discrepancy_type=double_billed; delta_usd=0.00109936; venue=binance
INVOICE_DISCREPANCY_IDENTIFIED,trade,binance:6582458587,2026-08-19T00:00:00+00:00,discrepancy_type=double_billed; delta_usd=0.00329806; venue=binance
INVOICE_DISCREPANCY_IDENTIFIED,trade,coinbase:1073148976,2026-08-19T00:00:00+00:00,discrepancy_type=missing_line; delta_usd=; venue=coinbase
INVOICE_DISCREPANCY_IDENTIFIED,trade,coinbase:1073148982,2026-08-19T00:00:00+00:00,discrepancy_type=rate_misapplied; delta_usd=34.77608282; venue=coinbase
INVOICE_DISCREPANCY_IDENTIFIED,trade,coinbase:1073148984,2026-08-19T00:00:00+00:00,discrepancy_type=rounding_error; delta_usd=0.00342603; venue=coinbase
INVOICE_DISCREPANCY_IDENTIFIED,trade,binance:6582458921,2026-08-19T00:00:00+00:00,discrepancy_type=rounding_error; delta_usd=-0.00461719; venue=binance
INVOICE_DISCREPANCY_IDENTIFIED,trade,binance:6582458946,2026-08-19T00:00:00+00:00,discrepancy_type=double_billed; delta_usd=0.00329688; venue=binance
INVOICE_DISCREPANCY_IDENTIFIED,trade,coinbase:1073148998,2026-08-19T00:00:00+00:00,discrepancy_type=double_billed; delta_usd=179.99999220; venue=coinbase
INVOICE_DISCREPANCY_IDENTIFIED,trade,coinbase:1073149011,2026-08-19T00:00:00+00:00,discrepancy_type=rate_misapplied; delta_usd=-9.58969065; venue=coinbase
INVOICE_DISCREPANCY_IDENTIFIED,trade,kraken:105348633,2026-08-19T00:00:00+00:00,discrepancy_type=rate_misapplied; delta_usd=0.23024671; venue=kraken
INVOICE_DISCREPANCY_IDENTIFIED,trade,kraken:105348634,2026-08-19T00:00:00+00:00,discrepancy_type=rate_misapplied; delta_usd=0.15184163; venue=kraken
INVOICE_DISCREPANCY_IDENTIFIED,trade,binance:6582459051,2026-08-19T00:00:00+00:00,discrepancy_type=rounding_error; delta_usd=-0.00442547; venue=binance
INVOICE_DISCREPANCY_IDENTIFIED,trade,binance:6582459075,2026-08-19T00:00:00+00:00,discrepancy_type=rounding_error; delta_usd=0.00455097; venue=binance
INVOICE_DISCREPANCY_IDENTIFIED,trade,binance:6582459093,2026-08-19T00:00:00+00:00,discrepancy_type=double_billed; delta_usd=0.01758022; venue=binance
INVOICE_DISCREPANCY_IDENTIFIED,trade,binance:6582459178,2026-08-19T00:00:00+00:00,discrepancy_type=double_billed; delta_usd=1.42482222; venue=binance
INVOICE_DISCREPANCY_IDENTIFIED,trade,binance:6582459188,2026-08-19T00:00:00+00:00,discrepancy_type=rounding_error; delta_usd=0.00048429; venue=binance
INVOICE_DISCREPANCY_IDENTIFIED,trade,binance:6582459195,2026-08-19T00:00:00+00:00,discrepancy_type=double_billed; delta_usd=0.00686682; venue=binance
INVOICE_DISCREPANCY_IDENTIFIED,trade,binance:6582459211,2026-08-19T00:00:00+00:00,discrepancy_type=rate_misapplied; delta_usd=-2.10852585; venue=binance
INVOICE_DISCREPANCY_IDENTIFIED,trade,binance:6582459214,2026-08-19T00:00:00+00:00,discrepancy_type=missing_line; delta_usd=; venue=binance
INVOICE_DISCREPANCY_IDENTIFIED,trade,binance:6582459226,2026-08-19T00:00:00+00:00,discrepancy_type=missing_line; delta_usd=; venue=binance
INVOICE_DISCREPANCY_IDENTIFIED,trade,binance:6582459235,2026-08-19T00:00:00+00:00,discrepancy_type=double_billed; delta_usd=0.00109872; venue=binance
INVOICE_DISCREPANCY_IDENTIFIED,trade,binance:6582459236,2026-08-19T00:00:00+00:00,discrepancy_type=rate_misapplied; delta_usd=-0.06132383; venue=binance
INVOICE_DISCREPANCY_IDENTIFIED,trade,binance:6582459244,2026-08-19T00:00:00+00:00,discrepancy_type=missing_line; delta_usd=; venue=binance
INVOICE_DISCREPANCY_IDENTIFIED,trade,binance:6582459266,2026-08-19T00:00:00+00:00,discrepancy_type=double_billed; delta_usd=0.16356627; venue=binance
INVOICE_DISCREPANCY_IDENTIFIED,trade,binance:6582459268,2026-08-19T00:00:00+00:00,discrepancy_type=double_billed; delta_usd=0.00109867; venue=binance
INVOICE_DISCREPANCY_IDENTIFIED,trade,binance:6582459281,2026-08-19T00:00:00+00:00,discrepancy_type=missing_line; delta_usd=; venue=binance
INVOICE_DISCREPANCY_IDENTIFIED,trade,binance:6582459321,2026-08-19T00:00:00+00:00,discrepancy_type=rounding_error; delta_usd=-0.00482351; venue=binance
INVOICE_DISCREPANCY_IDENTIFIED,trade,binance:6582459335,2026-08-19T00:00:00+00:00,discrepancy_type=double_billed; delta_usd=0.00329577; venue=binance
INVOICE_DISCREPANCY_IDENTIFIED,trade,binance:6582459338,2026-08-19T00:00:00+00:00,discrepancy_type=rate_misapplied; delta_usd=-0.16461020; venue=binance
INVOICE_DISCREPANCY_IDENTIFIED,trade,kraken:105348639,2026-08-19T00:00:00+00:00,discrepancy_type=missing_line; delta_usd=; venue=kraken
INVOICE_DISCREPANCY_IDENTIFIED,trade,binance:6582459348,2026-08-19T00:00:00+00:00,discrepancy_type=rate_misapplied; delta_usd=1.15156591; venue=binance
INVOICE_DISCREPANCY_IDENTIFIED,trade,binance:6582459369,2026-08-19T00:00:00+00:00,discrepancy_type=rate_misapplied; delta_usd=0.12806928; venue=binance
INVOICE_DISCREPANCY_IDENTIFIED,trade,binance:6582459389,2026-08-19T00:00:00+00:00,discrepancy_type=missing_line; delta_usd=; venue=binance
INVOICE_DISCREPANCY_IDENTIFIED,trade,coinbase:1073149035,2026-08-19T00:00:00+00:00,discrepancy_type=rounding_error; delta_usd=-0.00008358; venue=coinbase
INVOICE_DISCREPANCY_IDENTIFIED,trade,binance:6582459405,2026-08-19T00:00:00+00:00,discrepancy_type=missing_line; delta_usd=; venue=binance
INVOICE_DISCREPANCY_IDENTIFIED,trade,coinbase:1073149048,2026-08-19T00:00:00+00:00,discrepancy_type=rounding_error; delta_usd=0.00406457; venue=coinbase
INVOICE_DISCREPANCY_IDENTIFIED,trade,coinbase:1073149061,2026-08-19T00:00:00+00:00,discrepancy_type=double_billed; delta_usd=1.37695464; venue=coinbase
INVOICE_DISCREPANCY_IDENTIFIED,trade,coinbase:1073149082,2026-08-19T00:00:00+00:00,discrepancy_type=missing_line; delta_usd=; venue=coinbase
INVOICE_DISCREPANCY_IDENTIFIED,trade,binance:6582459474,2026-08-19T00:00:00+00:00,discrepancy_type=rate_misapplied; delta_usd=-0.04494129; venue=binance
INVOICE_DISCREPANCY_IDENTIFIED,trade,binance:6582459487,2026-08-19T00:00:00+00:00,discrepancy_type=double_billed; delta_usd=0.13730742; venue=binance
INVOICE_DISCREPANCY_IDENTIFIED,trade,binance:6582459566,2026-08-19T00:00:00+00:00,discrepancy_type=rounding_error; delta_usd=0.00136180; venue=binance
INVOICE_DISCREPANCY_IDENTIFIED,trade,coinbase:1073149093,2026-08-19T00:00:00+00:00,discrepancy_type=double_billed; delta_usd=5.91179787; venue=coinbase
INVOICE_DISCREPANCY_IDENTIFIED,trade,coinbase:1073149106,2026-08-19T00:00:00+00:00,discrepancy_type=missing_line; delta_usd=; venue=coinbase
INVOICE_DISCREPANCY_IDENTIFIED,trade,binance:6582459679,2026-08-19T00:00:00+00:00,discrepancy_type=rounding_error; delta_usd=0.00251799; venue=binance
INVOICE_DISCREPANCY_IDENTIFIED,trade,binance:6582459684,2026-08-19T00:00:00+00:00,discrepancy_type=double_billed; delta_usd=0.00219723; venue=binance
INVOICE_DISCREPANCY_IDENTIFIED,trade,binance:6582459691,2026-08-19T00:00:00+00:00,discrepancy_type=double_billed; delta_usd=0.00219733; venue=binance
INVOICE_DISCREPANCY_IDENTIFIED,trade,binance:6582459717,2026-08-19T00:00:00+00:00,discrepancy_type=missing_line; delta_usd=; venue=binance
INVOICE_DISCREPANCY_IDENTIFIED,trade,coinbase:1073149120,2026-08-19T00:00:00+00:00,discrepancy_type=double_billed; delta_usd=0.68221242; venue=coinbase
INVOICE_DISCREPANCY_IDENTIFIED,trade,coinbase:1073149118,2026-08-19T00:00:00+00:00,discrepancy_type=missing_line; delta_usd=; venue=coinbase
INVOICE_DISCREPANCY_IDENTIFIED,trade,coinbase:1073149125,2026-08-19T00:00:00+00:00,discrepancy_type=rounding_error; delta_usd=-0.00072084; venue=coinbase
INVOICE_DISCREPANCY_IDENTIFIED,trade,binance:6582459860,2026-08-19T00:00:00+00:00,discrepancy_type=rounding_error; delta_usd=-0.00410861; venue=binance
INVOICE_DISCREPANCY_IDENTIFIED,trade,coinbase:1073149159,2026-08-19T00:00:00+00:00,discrepancy_type=double_billed; delta_usd=11.94180966; venue=coinbase
INVOICE_DISCREPANCY_IDENTIFIED,trade,coinbase:1073149171,2026-08-19T00:00:00+00:00,discrepancy_type=missing_line; delta_usd=; venue=coinbase
INVOICE_DISCREPANCY_IDENTIFIED,trade,binance:6582460098,2026-08-19T00:00:00+00:00,discrepancy_type=double_billed; delta_usd=0.01510856; venue=binance
INVOICE_DISCREPANCY_IDENTIFIED,trade,coinbase:1073149184,2026-08-19T00:00:00+00:00,discrepancy_type=missing_line; delta_usd=; venue=coinbase
INVOICE_DISCREPANCY_IDENTIFIED,trade,binance:6582460109,2026-08-19T00:00:00+00:00,discrepancy_type=rate_misapplied; delta_usd=0.07926143; venue=binance
INVOICE_DISCREPANCY_IDENTIFIED,trade,coinbase:1073149194,2026-08-19T00:00:00+00:00,discrepancy_type=rounding_error; delta_usd=-0.00036326; venue=coinbase
INVOICE_DISCREPANCY_IDENTIFIED,trade,binance:6582460124,2026-08-19T00:00:00+00:00,discrepancy_type=double_billed; delta_usd=0.00151086; venue=binance
INVOICE_DISCREPANCY_IDENTIFIED,trade,binance:6582460206,2026-08-19T00:00:00+00:00,discrepancy_type=rounding_error; delta_usd=0.00337144; venue=binance
INVOICE_DISCREPANCY_IDENTIFIED,trade,binance:6582460229,2026-08-19T00:00:00+00:00,discrepancy_type=double_billed; delta_usd=0.00123598; venue=binance
INVOICE_DISCREPANCY_IDENTIFIED,trade,binance:6582460235,2026-08-19T00:00:00+00:00,discrepancy_type=rate_misapplied; delta_usd=-0.00058231; venue=binance
INVOICE_DISCREPANCY_IDENTIFIED,trade,binance:6582460236,2026-08-19T00:00:00+00:00,discrepancy_type=rounding_error; delta_usd=-0.00243240; venue=binance
INVOICE_DISCREPANCY_IDENTIFIED,trade,coinbase:1073149209,2026-08-19T00:00:00+00:00,discrepancy_type=missing_line; delta_usd=; venue=coinbase
INVOICE_DISCREPANCY_IDENTIFIED,trade,coinbase:1073149221,2026-08-19T00:00:00+00:00,discrepancy_type=missing_line; delta_usd=; venue=coinbase
INVOICE_DISCREPANCY_IDENTIFIED,trade,coinbase:1073149222,2026-08-19T00:00:00+00:00,discrepancy_type=rate_misapplied; delta_usd=-0.00000147; venue=coinbase
INVOICE_DISCREPANCY_IDENTIFIED,trade,binance:6582460244,2026-08-19T00:00:00+00:00,discrepancy_type=rounding_error; delta_usd=-0.00245033; venue=binance
INVOICE_DISCREPANCY_IDENTIFIED,trade,coinbase:1073149230,2026-08-19T00:00:00+00:00,discrepancy_type=rounding_error; delta_usd=-0.00245821; venue=coinbase
INVOICE_DISCREPANCY_IDENTIFIED,trade,coinbase:1073149234,2026-08-19T00:00:00+00:00,discrepancy_type=rounding_error; delta_usd=0.00232675; venue=coinbase
INVOICE_DISCREPANCY_IDENTIFIED,trade,coinbase:1073149243,2026-08-19T00:00:00+00:00,discrepancy_type=rate_misapplied; delta_usd=-6.68888681; venue=coinbase
INVOICE_DISCREPANCY_IDENTIFIED,trade,binance:6582460284,2026-08-19T00:00:00+00:00,discrepancy_type=missing_line; delta_usd=; venue=binance
INVOICE_DISCREPANCY_IDENTIFIED,trade,coinbase:1073149271,2026-08-19T00:00:00+00:00,discrepancy_type=rounding_error; delta_usd=-0.00194338; venue=coinbase
INVOICE_DISCREPANCY_IDENTIFIED,trade,kraken:105348666,2026-08-19T00:00:00+00:00,discrepancy_type=double_billed; delta_usd=0.02800259; venue=kraken
INVOICE_DISCREPANCY_IDENTIFIED,trade,coinbase:1073149274,2026-08-19T00:00:00+00:00,discrepancy_type=double_billed; delta_usd=0.19604206; venue=coinbase
INVOICE_DISCREPANCY_IDENTIFIED,trade,coinbase:1073149276,2026-08-19T00:00:00+00:00,discrepancy_type=double_billed; delta_usd=0.00000412; venue=coinbase
INVOICE_DISCREPANCY_IDENTIFIED,trade,coinbase:1073149284,2026-08-19T00:00:00+00:00,discrepancy_type=missing_line; delta_usd=; venue=coinbase
INVOICE_DISCREPANCY_IDENTIFIED,trade,coinbase:1073149287,2026-08-19T00:00:00+00:00,discrepancy_type=missing_line; delta_usd=; venue=coinbase
INVOICE_DISCREPANCY_IDENTIFIED,trade,binance:6582460352,2026-08-19T00:00:00+00:00,discrepancy_type=double_billed; delta_usd=0.07429717; venue=binance
INVOICE_DISCREPANCY_IDENTIFIED,trade,binance:6582460414,2026-08-19T00:00:00+00:00,discrepancy_type=missing_line; delta_usd=; venue=binance
INVOICE_DISCREPANCY_IDENTIFIED,trade,binance:6582460427,2026-08-19T00:00:00+00:00,discrepancy_type=double_billed; delta_usd=0.00109870; venue=binance
INVOICE_DISCREPANCY_IDENTIFIED,trade,binance:6582460453,2026-08-19T00:00:00+00:00,discrepancy_type=double_billed; delta_usd=0.00329613; venue=binance
INVOICE_DISCREPANCY_IDENTIFIED,trade,binance:6582460466,2026-08-19T00:00:00+00:00,discrepancy_type=double_billed; delta_usd=0.00109873; venue=binance
INVOICE_DISCREPANCY_IDENTIFIED,trade,binance:6582460523,2026-08-19T00:00:00+00:00,discrepancy_type=double_billed; delta_usd=0.60103100; venue=binance
INVOICE_DISCREPANCY_IDENTIFIED,trade,binance:6582460536,2026-08-19T00:00:00+00:00,discrepancy_type=rate_misapplied; delta_usd=0.07780608; venue=binance
INVOICE_DISCREPANCY_IDENTIFIED,trade,binance:6582460551,2026-08-19T00:00:00+00:00,discrepancy_type=double_billed; delta_usd=0.00686748; venue=binance
INVOICE_DISCREPANCY_IDENTIFIED,trade,binance:6582460553,2026-08-19T00:00:00+00:00,discrepancy_type=missing_line; delta_usd=; venue=binance
INVOICE_DISCREPANCY_IDENTIFIED,trade,binance:6582460582,2026-08-19T00:00:00+00:00,discrepancy_type=double_billed; delta_usd=0.43814816; venue=binance
INVOICE_DISCREPANCY_IDENTIFIED,trade,binance:6582460664,2026-08-19T00:00:00+00:00,discrepancy_type=double_billed; delta_usd=0.00219776; venue=binance
INVOICE_DISCREPANCY_IDENTIFIED,trade,binance:6582460693,2026-08-19T00:00:00+00:00,discrepancy_type=rounding_error; delta_usd=-0.00072927; venue=binance
INVOICE_DISCREPANCY_IDENTIFIED,trade,binance:6582460694,2026-08-19T00:00:00+00:00,discrepancy_type=missing_line; delta_usd=; venue=binance
INVOICE_DISCREPANCY_IDENTIFIED,trade,binance:6582460704,2026-08-19T00:00:00+00:00,discrepancy_type=double_billed; delta_usd=0.00123635; venue=binance
INVOICE_DISCREPANCY_IDENTIFIED,trade,coinbase:1073149323,2026-08-19T00:00:00+00:00,discrepancy_type=rounding_error; delta_usd=-0.00393634; venue=coinbase
INVOICE_DISCREPANCY_IDENTIFIED,trade,binance:6582460719,2026-08-19T00:00:00+00:00,discrepancy_type=missing_line; delta_usd=; venue=binance
INVOICE_DISCREPANCY_IDENTIFIED,trade,binance:6582460816,2026-08-19T00:00:00+00:00,discrepancy_type=rounding_error; delta_usd=0.00472474; venue=binance
INVOICE_DISCREPANCY_IDENTIFIED,trade,coinbase:1073149346,2026-08-19T00:00:00+00:00,discrepancy_type=double_billed; delta_usd=0.53943613; venue=coinbase
INVOICE_DISCREPANCY_IDENTIFIED,trade,coinbase:1073149349,2026-08-19T00:00:00+00:00,discrepancy_type=double_billed; delta_usd=5.50718663; venue=coinbase
INVOICE_DISCREPANCY_IDENTIFIED,trade,binance:6582460911,2026-08-19T00:00:00+00:00,discrepancy_type=missing_line; delta_usd=; venue=binance
INVOICE_DISCREPANCY_IDENTIFIED,trade,coinbase:1073149360,2026-08-19T00:00:00+00:00,discrepancy_type=double_billed; delta_usd=0.01849162; venue=coinbase
INVOICE_DISCREPANCY_IDENTIFIED,trade,binance:6582460978,2026-08-19T00:00:00+00:00,discrepancy_type=double_billed; delta_usd=0.00109873; venue=binance
INVOICE_DISCREPANCY_IDENTIFIED,trade,coinbase:1073149370,2026-08-19T00:00:00+00:00,discrepancy_type=double_billed; delta_usd=0.00011942; venue=coinbase
INVOICE_DISCREPANCY_IDENTIFIED,trade,coinbase:1073149374,2026-08-19T00:00:00+00:00,discrepancy_type=double_billed; delta_usd=0.00700037; venue=coinbase
INVOICE_DISCREPANCY_IDENTIFIED,trade,kraken:105348678,2026-08-19T00:00:00+00:00,discrepancy_type=double_billed; delta_usd=23.60814517; venue=kraken
INVOICE_DISCREPANCY_IDENTIFIED,trade,coinbase:1073149380,2026-08-19T00:00:00+00:00,discrepancy_type=rounding_error; delta_usd=-0.00360770; venue=coinbase
INVOICE_DISCREPANCY_IDENTIFIED,trade,coinbase:1073149387,2026-08-19T00:00:00+00:00,discrepancy_type=rate_misapplied; delta_usd=0.00000131; venue=coinbase
INVOICE_DISCREPANCY_IDENTIFIED,trade,kraken:105348680,2026-08-19T00:00:00+00:00,discrepancy_type=double_billed; delta_usd=2.11804700; venue=kraken
INVOICE_DISCREPANCY_IDENTIFIED,trade,binance:6582461119,2026-08-19T00:00:00+00:00,discrepancy_type=rounding_error; delta_usd=-0.00166275; venue=binance
INVOICE_DISCREPANCY_IDENTIFIED,trade,coinbase:1073149446,2026-08-19T00:00:00+00:00,discrepancy_type=missing_line; delta_usd=; venue=coinbase
INVOICE_DISCREPANCY_IDENTIFIED,trade,coinbase:1073149454,2026-08-19T00:00:00+00:00,discrepancy_type=double_billed; delta_usd=0.03800952; venue=coinbase
INVOICE_DISCREPANCY_IDENTIFIED,trade,coinbase:1073149465,2026-08-19T00:00:00+00:00,discrepancy_type=double_billed; delta_usd=0.21962656; venue=coinbase
INVOICE_DISCREPANCY_IDENTIFIED,trade,binance:6582461337,2026-08-19T00:00:00+00:00,discrepancy_type=missing_line; delta_usd=; venue=binance
INVOICE_DISCREPANCY_IDENTIFIED,trade,binance:6582461371,2026-08-19T00:00:00+00:00,discrepancy_type=rounding_error; delta_usd=0.00192427; venue=binance
INVOICE_DISCREPANCY_IDENTIFIED,trade,binance:6582461392,2026-08-19T00:00:00+00:00,discrepancy_type=missing_line; delta_usd=; venue=binance
INVOICE_DISCREPANCY_IDENTIFIED,trade,binance:6582461397,2026-08-19T00:00:00+00:00,discrepancy_type=double_billed; delta_usd=0.01194801; venue=binance
INVOICE_DISCREPANCY_IDENTIFIED,trade,binance:6582461432,2026-08-19T00:00:00+00:00,discrepancy_type=rounding_error; delta_usd=0.00070123; venue=binance
INVOICE_DISCREPANCY_IDENTIFIED,trade,binance:6582461437,2026-08-19T00:00:00+00:00,discrepancy_type=missing_line; delta_usd=; venue=binance
INVOICE_DISCREPANCY_IDENTIFIED,trade,binance:6582461443,2026-08-19T00:00:00+00:00,discrepancy_type=missing_line; delta_usd=; venue=binance
INVOICE_DISCREPANCY_IDENTIFIED,trade,coinbase:1073149497,2026-08-19T00:00:00+00:00,discrepancy_type=rate_misapplied; delta_usd=0.08576741; venue=coinbase
INVOICE_DISCREPANCY_IDENTIFIED,trade,binance:6582461506,2026-08-19T00:00:00+00:00,discrepancy_type=rounding_error; delta_usd=-0.00347599; venue=binance
INVOICE_DISCREPANCY_IDENTIFIED,trade,coinbase:1073149510,2026-08-19T00:00:00+00:00,discrepancy_type=rounding_error; delta_usd=-0.00405886; venue=coinbase
INVOICE_DISCREPANCY_IDENTIFIED,trade,binance:6582461518,2026-08-19T00:00:00+00:00,discrepancy_type=rounding_error; delta_usd=-0.00320814; venue=binance
INVOICE_DISCREPANCY_IDENTIFIED,trade,binance:6582461561,2026-08-19T00:00:00+00:00,discrepancy_type=rate_misapplied; delta_usd=0.03535877; venue=binance
INVOICE_DISCREPANCY_IDENTIFIED,trade,binance:6582461623,2026-08-19T00:00:00+00:00,discrepancy_type=missing_line; delta_usd=; venue=binance
INVOICE_DISCREPANCY_IDENTIFIED,trade,binance:6582461627,2026-08-19T00:00:00+00:00,discrepancy_type=missing_line; delta_usd=; venue=binance
INVOICE_DISCREPANCY_IDENTIFIED,trade,coinbase:1073149514,2026-08-19T00:00:00+00:00,discrepancy_type=rounding_error; delta_usd=-0.00157576; venue=coinbase
INVOICE_DISCREPANCY_IDENTIFIED,trade,binance:6582461700,2026-08-19T00:00:00+00:00,discrepancy_type=rounding_error; delta_usd=0.00308534; venue=binance
INVOICE_DISCREPANCY_IDENTIFIED,trade,binance:6582461705,2026-08-19T00:00:00+00:00,discrepancy_type=rate_misapplied; delta_usd=0.01210188; venue=binance
INVOICE_DISCREPANCY_IDENTIFIED,trade,binance:6582461708,2026-08-19T00:00:00+00:00,discrepancy_type=rounding_error; delta_usd=-0.00430741; venue=binance
INVOICE_DISCREPANCY_IDENTIFIED,trade,coinbase:1073149534,2026-08-19T00:00:00+00:00,discrepancy_type=double_billed; delta_usd=0.00000412; venue=coinbase
INVOICE_DISCREPANCY_IDENTIFIED,trade,binance:6582461718,2026-08-19T00:00:00+00:00,discrepancy_type=rounding_error; delta_usd=0.00167962; venue=binance
INVOICE_DISCREPANCY_IDENTIFIED,trade,binance:6582461731,2026-08-19T00:00:00+00:00,discrepancy_type=double_billed; delta_usd=0.27472052; venue=binance
INVOICE_DISCREPANCY_IDENTIFIED,trade,coinbase:1073149549,2026-08-19T00:00:00+00:00,discrepancy_type=double_billed; delta_usd=0.44999919; venue=coinbase
INVOICE_DISCREPANCY_IDENTIFIED,trade,binance:6582461789,2026-08-19T00:00:00+00:00,discrepancy_type=double_billed; delta_usd=0.39148170; venue=binance
INVOICE_DISCREPANCY_IDENTIFIED,trade,coinbase:1073149571,2026-08-19T00:00:00+00:00,discrepancy_type=rate_misapplied; delta_usd=0.48507010; venue=coinbase
INVOICE_DISCREPANCY_IDENTIFIED,trade,binance:6582461838,2026-08-19T00:00:00+00:00,discrepancy_type=double_billed; delta_usd=0.02747336; venue=binance
INVOICE_DISCREPANCY_IDENTIFIED,trade,binance:6582461839,2026-08-19T00:00:00+00:00,discrepancy_type=rate_misapplied; delta_usd=0.01279566; venue=binance
INVOICE_DISCREPANCY_IDENTIFIED,trade,coinbase:1073149594,2026-08-19T00:00:00+00:00,discrepancy_type=missing_line; delta_usd=; venue=coinbase
INVOICE_DISCREPANCY_IDENTIFIED,trade,coinbase:1073149609,2026-08-19T00:00:00+00:00,discrepancy_type=rate_misapplied; delta_usd=-0.00000126; venue=coinbase
INVOICE_DISCREPANCY_IDENTIFIED,trade,binance:6582461850,2026-08-19T00:00:00+00:00,discrepancy_type=rate_misapplied; delta_usd=-0.16017805; venue=binance
INVOICE_DISCREPANCY_IDENTIFIED,trade,binance:6582461852,2026-08-19T00:00:00+00:00,discrepancy_type=rate_misapplied; delta_usd=0.16310048; venue=binance
INVOICE_DISCREPANCY_IDENTIFIED,trade,binance:6582461897,2026-08-19T00:00:00+00:00,discrepancy_type=missing_line; delta_usd=; venue=binance
INVOICE_DISCREPANCY_IDENTIFIED,trade,binance:6582461898,2026-08-19T00:00:00+00:00,discrepancy_type=rounding_error; delta_usd=-0.00356230; venue=binance
INVOICE_DISCREPANCY_IDENTIFIED,trade,binance:6582461913,2026-08-19T00:00:00+00:00,discrepancy_type=rate_misapplied; delta_usd=-0.00457549; venue=binance
INVOICE_DISCREPANCY_IDENTIFIED,trade,coinbase:1073149621,2026-08-19T00:00:00+00:00,discrepancy_type=double_billed; delta_usd=0.00700300; venue=coinbase
INVOICE_DISCREPANCY_IDENTIFIED,trade,coinbase:1073149638,2026-08-19T00:00:00+00:00,discrepancy_type=rate_misapplied; delta_usd=-0.08444680; venue=coinbase
INVOICE_DISCREPANCY_IDENTIFIED,trade,coinbase:1073149664,2026-08-19T00:00:00+00:00,discrepancy_type=rounding_error; delta_usd=-0.00332751; venue=coinbase
INVOICE_DISCREPANCY_IDENTIFIED,trade,binance:6582461984,2026-08-19T00:00:00+00:00,discrepancy_type=rate_misapplied; delta_usd=0.48178407; venue=binance
INVOICE_DISCREPANCY_IDENTIFIED,trade,coinbase:1073149668,2026-08-19T00:00:00+00:00,discrepancy_type=rate_misapplied; delta_usd=0.00000153; venue=coinbase
INVOICE_DISCREPANCY_IDENTIFIED,trade,binance:6582461993,2026-08-19T00:00:00+00:00,discrepancy_type=double_billed; delta_usd=0.19314905; venue=binance
INVOICE_DISCREPANCY_IDENTIFIED,trade,coinbase:1073149676,2026-08-19T00:00:00+00:00,discrepancy_type=rounding_error; delta_usd=-0.00216386; venue=coinbase
INVOICE_DISCREPANCY_IDENTIFIED,trade,binance:6582462002,2026-08-19T00:00:00+00:00,discrepancy_type=missing_line; delta_usd=; venue=binance
INVOICE_DISCREPANCY_IDENTIFIED,trade,binance:6582462004,2026-08-19T00:00:00+00:00,discrepancy_type=missing_line; delta_usd=; venue=binance
INVOICE_DISCREPANCY_IDENTIFIED,trade,coinbase:1073149688,2026-08-19T00:00:00+00:00,discrepancy_type=rate_misapplied; delta_usd=-0.02355479; venue=coinbase
INVOICE_DISCREPANCY_IDENTIFIED,trade,binance:6582462074,2026-08-19T00:00:00+00:00,discrepancy_type=rate_misapplied; delta_usd=-0.32956418; venue=binance
INVOICE_DISCREPANCY_IDENTIFIED,trade,binance:6582462113,2026-08-19T00:00:00+00:00,discrepancy_type=rounding_error; delta_usd=0.00274613; venue=binance
INVOICE_DISCREPANCY_IDENTIFIED,trade,binance:6582462139,2026-08-19T00:00:00+00:00,discrepancy_type=missing_line; delta_usd=; venue=binance
INVOICE_DISCREPANCY_IDENTIFIED,trade,coinbase:1073149699,2026-08-19T00:00:00+00:00,discrepancy_type=double_billed; delta_usd=0.00700234; venue=coinbase
INVOICE_DISCREPANCY_IDENTIFIED,trade,coinbase:1073149705,2026-08-19T00:00:00+00:00,discrepancy_type=missing_line; delta_usd=; venue=coinbase
INVOICE_DISCREPANCY_IDENTIFIED,trade,coinbase:1073149706,2026-08-19T00:00:00+00:00,discrepancy_type=missing_line; delta_usd=; venue=coinbase
INVOICE_DISCREPANCY_IDENTIFIED,trade,coinbase:1073149707,2026-08-19T00:00:00+00:00,discrepancy_type=missing_line; delta_usd=; venue=coinbase
INVOICE_DISCREPANCY_IDENTIFIED,trade,binance:6582462328,2026-08-19T00:00:00+00:00,discrepancy_type=double_billed; delta_usd=0.00109874; venue=binance
INVOICE_DISCREPANCY_IDENTIFIED,trade,coinbase:1073149742,2026-08-19T00:00:00+00:00,discrepancy_type=missing_line; delta_usd=; venue=coinbase
INVOICE_DISCREPANCY_IDENTIFIED,trade,binance:6582462383,2026-08-19T00:00:00+00:00,discrepancy_type=missing_line; delta_usd=; venue=binance
INVOICE_DISCREPANCY_IDENTIFIED,trade,binance:6582462435,2026-08-19T00:00:00+00:00,discrepancy_type=double_billed; delta_usd=0.03996173; venue=binance
INVOICE_DISCREPANCY_IDENTIFIED,trade,binance:6582462440,2026-08-19T00:00:00+00:00,discrepancy_type=rate_misapplied; delta_usd=-0.01401849; venue=binance
INVOICE_DISCREPANCY_IDENTIFIED,trade,coinbase:1073149761,2026-08-19T00:00:00+00:00,discrepancy_type=double_billed; delta_usd=0.00000824; venue=coinbase
INVOICE_DISCREPANCY_IDENTIFIED,trade,coinbase:1073149763,2026-08-19T00:00:00+00:00,discrepancy_type=double_billed; delta_usd=0.89995537; venue=coinbase
INVOICE_DISCREPANCY_IDENTIFIED,trade,coinbase:1073149764,2026-08-19T00:00:00+00:00,discrepancy_type=missing_line; delta_usd=; venue=coinbase
INVOICE_DISCREPANCY_IDENTIFIED,trade,coinbase:1073149765,2026-08-19T00:00:00+00:00,discrepancy_type=double_billed; delta_usd=0.00005353; venue=coinbase
INVOICE_DISCREPANCY_IDENTIFIED,trade,coinbase:1073149781,2026-08-19T00:00:00+00:00,discrepancy_type=rate_misapplied; delta_usd=0.00000218; venue=coinbase
INVOICE_DISCREPANCY_IDENTIFIED,trade,coinbase:1073149791,2026-08-19T00:00:00+00:00,discrepancy_type=missing_line; delta_usd=; venue=coinbase
INVOICE_DISCREPANCY_IDENTIFIED,trade,coinbase:1073149810,2026-08-19T00:00:00+00:00,discrepancy_type=double_billed; delta_usd=6.60515150; venue=coinbase
INVOICE_DISCREPANCY_IDENTIFIED,trade,coinbase:1073149809,2026-08-19T00:00:00+00:00,discrepancy_type=missing_line; delta_usd=; venue=coinbase
INVOICE_DISCREPANCY_IDENTIFIED,trade,binance:6582462470,2026-08-19T00:00:00+00:00,discrepancy_type=missing_line; delta_usd=; venue=binance
INVOICE_DISCREPANCY_IDENTIFIED,trade,binance:6582462473,2026-08-19T00:00:00+00:00,discrepancy_type=double_billed; delta_usd=0.24718468; venue=binance
INVOICE_DISCREPANCY_IDENTIFIED,trade,coinbase:1073149813,2026-08-19T00:00:00+00:00,discrepancy_type=rounding_error; delta_usd=-0.00281142; venue=coinbase
INVOICE_DISCREPANCY_IDENTIFIED,trade,binance:6582462727,2026-08-19T00:00:00+00:00,discrepancy_type=rate_misapplied; delta_usd=0.00287638; venue=binance
INVOICE_DISCREPANCY_IDENTIFIED,trade,binance:6582462732,2026-08-19T00:00:00+00:00,discrepancy_type=rounding_error; delta_usd=-0.00359414; venue=binance
INVOICE_DISCREPANCY_IDENTIFIED,trade,binance:6582462749,2026-08-19T00:00:00+00:00,discrepancy_type=missing_line; delta_usd=; venue=binance
INVOICE_DISCREPANCY_IDENTIFIED,trade,coinbase:1073149815,2026-08-19T00:00:00+00:00,discrepancy_type=rounding_error; delta_usd=-0.00229825; venue=coinbase
INVOICE_DISCREPANCY_IDENTIFIED,trade,coinbase:1073149840,2026-08-19T00:00:00+00:00,discrepancy_type=rounding_error; delta_usd=-0.00346978; venue=coinbase
INVOICE_DISCREPANCY_IDENTIFIED,trade,coinbase:1073149843,2026-08-19T00:00:00+00:00,discrepancy_type=rate_misapplied; delta_usd=0.00000207; venue=coinbase
INVOICE_DISCREPANCY_IDENTIFIED,trade,kraken:105348712,2026-08-19T00:00:00+00:00,discrepancy_type=missing_line; delta_usd=; venue=kraken
INVOICE_DISCREPANCY_IDENTIFIED,trade,coinbase:1073149865,2026-08-19T00:00:00+00:00,discrepancy_type=rate_misapplied; delta_usd=3.97737068; venue=coinbase
INVOICE_DISCREPANCY_IDENTIFIED,trade,coinbase:1073149864,2026-08-19T00:00:00+00:00,discrepancy_type=double_billed; delta_usd=1.19660977; venue=coinbase
INVOICE_DISCREPANCY_IDENTIFIED,trade,coinbase:1073149869,2026-08-19T00:00:00+00:00,discrepancy_type=missing_line; delta_usd=; venue=coinbase
INVOICE_DISCREPANCY_IDENTIFIED,trade,coinbase:1073149878,2026-08-19T00:00:00+00:00,discrepancy_type=rounding_error; delta_usd=0.00155919; venue=coinbase
INVOICE_DISCREPANCY_IDENTIFIED,trade,coinbase:1073149888,2026-08-19T00:00:00+00:00,discrepancy_type=missing_line; delta_usd=; venue=coinbase
INVOICE_DISCREPANCY_IDENTIFIED,trade,coinbase:1073149899,2026-08-19T00:00:00+00:00,discrepancy_type=rounding_error; delta_usd=0.00111904; venue=coinbase
INVOICE_DISCREPANCY_IDENTIFIED,trade,coinbase:1073149902,2026-08-19T00:00:00+00:00,discrepancy_type=rounding_error; delta_usd=0.00263352; venue=coinbase
INVOICE_DISCREPANCY_IDENTIFIED,trade,coinbase:1073149915,2026-08-19T00:00:00+00:00,discrepancy_type=rounding_error; delta_usd=-0.00314696; venue=coinbase
INVOICE_DISCREPANCY_IDENTIFIED,trade,coinbase:1073149925,2026-08-19T00:00:00+00:00,discrepancy_type=missing_line; delta_usd=; venue=coinbase
INVOICE_DISCREPANCY_IDENTIFIED,trade,coinbase:1073149935,2026-08-19T00:00:00+00:00,discrepancy_type=rate_misapplied; delta_usd=3.57100346; venue=coinbase
INVOICE_DISCREPANCY_IDENTIFIED,trade,coinbase:1073149932,2026-08-19T00:00:00+00:00,discrepancy_type=missing_line; delta_usd=; venue=coinbase
INVOICE_DISCREPANCY_IDENTIFIED,trade,coinbase:1073149947,2026-08-19T00:00:00+00:00,discrepancy_type=rate_misapplied; delta_usd=-8.00043658; venue=coinbase
INVOICE_DISCREPANCY_IDENTIFIED,trade,coinbase:1073149956,2026-08-19T00:00:00+00:00,discrepancy_type=missing_line; delta_usd=; venue=coinbase
INVOICE_DISCREPANCY_IDENTIFIED,trade,binance:6582462981,2026-08-19T00:00:00+00:00,discrepancy_type=missing_line; delta_usd=; venue=binance
INVOICE_DISCREPANCY_IDENTIFIED,trade,binance:6582463046,2026-08-19T00:00:00+00:00,discrepancy_type=double_billed; delta_usd=0.00329662; venue=binance
INVOICE_DISCREPANCY_IDENTIFIED,trade,binance:6582463077,2026-08-19T00:00:00+00:00,discrepancy_type=rounding_error; delta_usd=-0.00373284; venue=binance
INVOICE_DISCREPANCY_IDENTIFIED,trade,binance:6582463087,2026-08-19T00:00:00+00:00,discrepancy_type=missing_line; delta_usd=; venue=binance
INVOICE_DISCREPANCY_IDENTIFIED,trade,coinbase:1073149971,2026-08-19T00:00:00+00:00,discrepancy_type=rounding_error; delta_usd=-0.00249801; venue=coinbase
INVOICE_DISCREPANCY_IDENTIFIED,trade,kraken:105348730,2026-08-19T00:00:00+00:00,discrepancy_type=missing_line; delta_usd=; venue=kraken
INVOICE_DISCREPANCY_IDENTIFIED,trade,binance:6582463135,2026-08-19T00:00:00+00:00,discrepancy_type=rate_misapplied; delta_usd=0.01863625; venue=binance
INVOICE_DISCREPANCY_IDENTIFIED,trade,coinbase:1073149991,2026-08-19T00:00:00+00:00,discrepancy_type=missing_line; delta_usd=; venue=coinbase
INVOICE_DISCREPANCY_IDENTIFIED,trade,coinbase:1073149992,2026-08-19T00:00:00+00:00,discrepancy_type=double_billed; delta_usd=0.01620900; venue=coinbase
INVOICE_DISCREPANCY_IDENTIFIED,trade,coinbase:1073149999,2026-08-19T00:00:00+00:00,discrepancy_type=rate_misapplied; delta_usd=-0.00000249; venue=coinbase
INVOICE_DISCREPANCY_IDENTIFIED,trade,coinbase:1073150003,2026-08-19T00:00:00+00:00,discrepancy_type=rate_misapplied; delta_usd=0.17883603; venue=coinbase
INVOICE_DISCREPANCY_IDENTIFIED,trade,coinbase:1073150023,2026-08-19T00:00:00+00:00,discrepancy_type=rate_misapplied; delta_usd=0.00000169; venue=coinbase
INVOICE_DISCREPANCY_IDENTIFIED,trade,binance:6582463214,2026-08-19T00:00:00+00:00,discrepancy_type=missing_line; delta_usd=; venue=binance
INVOICE_DISCREPANCY_IDENTIFIED,trade,coinbase:1073150034,2026-08-19T00:00:00+00:00,discrepancy_type=rounding_error; delta_usd=-0.00320196; venue=coinbase
INVOICE_DISCREPANCY_IDENTIFIED,trade,binance:6582463221,2026-08-19T00:00:00+00:00,discrepancy_type=missing_line; delta_usd=; venue=binance
INVOICE_DISCREPANCY_IDENTIFIED,trade,binance:6582463223,2026-08-19T00:00:00+00:00,discrepancy_type=rate_misapplied; delta_usd=0.38613942; venue=binance
INVOICE_DISCREPANCY_IDENTIFIED,trade,binance:6582463225,2026-08-19T00:00:00+00:00,discrepancy_type=missing_line; delta_usd=; venue=binance
INVOICE_DISCREPANCY_IDENTIFIED,trade,binance:6582463227,2026-08-19T00:00:00+00:00,discrepancy_type=rounding_error; delta_usd=0.00214550; venue=binance
INVOICE_DISCREPANCY_IDENTIFIED,trade,coinbase:1073150044,2026-08-19T00:00:00+00:00,discrepancy_type=rounding_error; delta_usd=-0.00056187; venue=coinbase
INVOICE_DISCREPANCY_IDENTIFIED,trade,coinbase:1073150057,2026-08-19T00:00:00+00:00,discrepancy_type=missing_line; delta_usd=; venue=coinbase
INVOICE_DISCREPANCY_IDENTIFIED,trade,coinbase:1073150060,2026-08-19T00:00:00+00:00,discrepancy_type=rate_misapplied; delta_usd=1.79788051; venue=coinbase
INVOICE_DISCREPANCY_IDENTIFIED,trade,coinbase:1073150067,2026-08-19T00:00:00+00:00,discrepancy_type=rate_misapplied; delta_usd=0.00000243; venue=coinbase
INVOICE_DISCREPANCY_IDENTIFIED,trade,binance:6582463569,2026-08-19T00:00:00+00:00,discrepancy_type=rate_misapplied; delta_usd=-0.00040302; venue=binance
INVOICE_DISCREPANCY_IDENTIFIED,trade,binance:6582463610,2026-08-19T00:00:00+00:00,discrepancy_type=missing_line; delta_usd=; venue=binance
INVOICE_DISCREPANCY_IDENTIFIED,trade,coinbase:1073150136,2026-08-19T00:00:00+00:00,discrepancy_type=rate_misapplied; delta_usd=-0.03829177; venue=coinbase
INVOICE_DISCREPANCY_IDENTIFIED,trade,coinbase:1073150137,2026-08-19T00:00:00+00:00,discrepancy_type=double_billed; delta_usd=0.00007827; venue=coinbase
INVOICE_DISCREPANCY_IDENTIFIED,trade,coinbase:1073150138,2026-08-19T00:00:00+00:00,discrepancy_type=rate_misapplied; delta_usd=0.00001414; venue=coinbase
INVOICE_DISCREPANCY_IDENTIFIED,trade,coinbase:1073150145,2026-08-19T00:00:00+00:00,discrepancy_type=rounding_error; delta_usd=0.00293320; venue=coinbase
INVOICE_DISCREPANCY_IDENTIFIED,trade,coinbase:1073150156,2026-08-19T00:00:00+00:00,discrepancy_type=rate_misapplied; delta_usd=-0.00000228; venue=coinbase
INVOICE_DISCREPANCY_IDENTIFIED,trade,coinbase:1073150164,2026-08-19T00:00:00+00:00,discrepancy_type=rounding_error; delta_usd=0.00016306; venue=coinbase
INVOICE_DISCREPANCY_IDENTIFIED,trade,binance:6582463658,2026-08-19T00:00:00+00:00,discrepancy_type=rate_misapplied; delta_usd=0.00387147; venue=binance
INVOICE_DISCREPANCY_IDENTIFIED,trade,coinbase:1073150197,2026-08-19T00:00:00+00:00,discrepancy_type=rate_misapplied; delta_usd=-0.95826527; venue=coinbase
INVOICE_DISCREPANCY_IDENTIFIED,trade,coinbase:1073150217,2026-08-19T00:00:00+00:00,discrepancy_type=double_billed; delta_usd=0.00000412; venue=coinbase
INVOICE_DISCREPANCY_IDENTIFIED,trade,coinbase:1073150235,2026-08-19T00:00:00+00:00,discrepancy_type=rate_misapplied; delta_usd=-0.00000127; venue=coinbase
INVOICE_DISCREPANCY_IDENTIFIED,trade,binance:6582463671,2026-08-19T00:00:00+00:00,discrepancy_type=missing_line; delta_usd=; venue=binance
INVOICE_DISCREPANCY_IDENTIFIED,trade,coinbase:1073150237,2026-08-19T00:00:00+00:00,discrepancy_type=rate_misapplied; delta_usd=-0.00000911; venue=coinbase
INVOICE_DISCREPANCY_IDENTIFIED,trade,kraken:105348746,2026-08-19T00:00:00+00:00,discrepancy_type=rate_misapplied; delta_usd=0.05646724; venue=kraken
INVOICE_DISCREPANCY_IDENTIFIED,trade,coinbase:1073150240,2026-08-19T00:00:00+00:00,discrepancy_type=rounding_error; delta_usd=-0.00426110; venue=coinbase
INVOICE_DISCREPANCY_IDENTIFIED,trade,coinbase:1073150243,2026-08-19T00:00:00+00:00,discrepancy_type=double_billed; delta_usd=0.00007826; venue=coinbase
INVOICE_DISCREPANCY_IDENTIFIED,trade,binance:6582463710,2026-08-19T00:00:00+00:00,discrepancy_type=rate_misapplied; delta_usd=-0.67283112; venue=binance
INVOICE_DISCREPANCY_IDENTIFIED,trade,binance:6582463818,2026-08-19T00:00:00+00:00,discrepancy_type=rate_misapplied; delta_usd=0.00200582; venue=binance
INVOICE_DISCREPANCY_IDENTIFIED,trade,binance:6582463857,2026-08-19T00:00:00+00:00,discrepancy_type=double_billed; delta_usd=0.00329616; venue=binance
INVOICE_DISCREPANCY_IDENTIFIED,trade,binance:6582463914,2026-08-19T00:00:00+00:00,discrepancy_type=rounding_error; delta_usd=-0.00394956; venue=binance
INVOICE_DISCREPANCY_IDENTIFIED,trade,binance:6582463926,2026-08-19T00:00:00+00:00,discrepancy_type=rate_misapplied; delta_usd=-0.00154802; venue=binance
INVOICE_DISCREPANCY_IDENTIFIED,trade,kraken:105348747,2026-08-19T00:00:00+00:00,discrepancy_type=double_billed; delta_usd=40.57914032; venue=kraken
INVOICE_DISCREPANCY_IDENTIFIED,trade,coinbase:1073150272,2026-08-19T00:00:00+00:00,discrepancy_type=double_billed; delta_usd=0.00000412; venue=coinbase
INVOICE_DISCREPANCY_IDENTIFIED,trade,coinbase:1073150281,2026-08-19T00:00:00+00:00,discrepancy_type=double_billed; delta_usd=0.00000412; venue=coinbase
INVOICE_DISCREPANCY_IDENTIFIED,trade,coinbase:1073150295,2026-08-19T00:00:00+00:00,discrepancy_type=double_billed; delta_usd=2.49161689; venue=coinbase
INVOICE_DISCREPANCY_IDENTIFIED,trade,binance:6582463999,2026-08-19T00:00:00+00:00,discrepancy_type=double_billed; delta_usd=0.00109866; venue=binance
INVOICE_DISCREPANCY_IDENTIFIED,trade,binance:6582464000,2026-08-19T00:00:00+00:00,discrepancy_type=rounding_error; delta_usd=0.00469842; venue=binance
INVOICE_DISCREPANCY_IDENTIFIED,trade,coinbase:1073150316,2026-08-19T00:00:00+00:00,discrepancy_type=double_billed; delta_usd=0.00000824; venue=coinbase
INVOICE_DISCREPANCY_IDENTIFIED,trade,coinbase:1073150320,2026-08-19T00:00:00+00:00,discrepancy_type=missing_line; delta_usd=; venue=coinbase
INVOICE_DISCREPANCY_IDENTIFIED,trade,binance:6582464044,2026-08-19T00:00:00+00:00,discrepancy_type=rate_misapplied; delta_usd=0.01596863; venue=binance
INVOICE_DISCREPANCY_IDENTIFIED,trade,coinbase:1073150327,2026-08-19T00:00:00+00:00,discrepancy_type=rate_misapplied; delta_usd=-0.08380027; venue=coinbase
INVOICE_DISCREPANCY_IDENTIFIED,trade,coinbase:1073150331,2026-08-19T00:00:00+00:00,discrepancy_type=rounding_error; delta_usd=0.00334064; venue=coinbase
INVOICE_DISCREPANCY_IDENTIFIED,trade,coinbase:1073150342,2026-08-19T00:00:00+00:00,discrepancy_type=double_billed; delta_usd=0.00000412; venue=coinbase
INVOICE_DISCREPANCY_IDENTIFIED,trade,coinbase:1073150344,2026-08-19T00:00:00+00:00,discrepancy_type=rounding_error; delta_usd=-0.00307060; venue=coinbase
INVOICE_DISCREPANCY_IDENTIFIED,trade,coinbase:1073150348,2026-08-19T00:00:00+00:00,discrepancy_type=missing_line; delta_usd=; venue=coinbase
INVOICE_DISCREPANCY_IDENTIFIED,trade,binance:6582464100,2026-08-19T00:00:00+00:00,discrepancy_type=rounding_error; delta_usd=0.00418011; venue=binance
INVOICE_DISCREPANCY_IDENTIFIED,trade,binance:6582464102,2026-08-19T00:00:00+00:00,discrepancy_type=rounding_error; delta_usd=-0.00182499; venue=binance
INVOICE_DISCREPANCY_IDENTIFIED,trade,binance:6582464106,2026-08-19T00:00:00+00:00,discrepancy_type=rate_misapplied; delta_usd=-0.22102672; venue=binance
INVOICE_DISCREPANCY_IDENTIFIED,trade,binance:6582464110,2026-08-19T00:00:00+00:00,discrepancy_type=rounding_error; delta_usd=0.00224277; venue=binance
INVOICE_DISCREPANCY_IDENTIFIED,trade,binance:6582464121,2026-08-19T00:00:00+00:00,discrepancy_type=missing_line; delta_usd=; venue=binance
INVOICE_DISCREPANCY_IDENTIFIED,trade,binance:6582464167,2026-08-19T00:00:00+00:00,discrepancy_type=rate_misapplied; delta_usd=0.00069657; venue=binance
INVOICE_DISCREPANCY_IDENTIFIED,trade,binance:6582464269,2026-08-19T00:00:00+00:00,discrepancy_type=missing_line; delta_usd=; venue=binance
INVOICE_DISCREPANCY_IDENTIFIED,trade,coinbase:1073150367,2026-08-19T00:00:00+00:00,discrepancy_type=missing_line; delta_usd=; venue=coinbase
INVOICE_DISCREPANCY_IDENTIFIED,trade,kraken:105348759,2026-08-19T00:00:00+00:00,discrepancy_type=double_billed; delta_usd=0.05490808; venue=kraken
INVOICE_DISCREPANCY_IDENTIFIED,trade,coinbase:1073150381,2026-08-19T00:00:00+00:00,discrepancy_type=rate_misapplied; delta_usd=-0.18918838; venue=coinbase
INVOICE_DISCREPANCY_IDENTIFIED,trade,coinbase:1073150393,2026-08-19T00:00:00+00:00,discrepancy_type=rate_misapplied; delta_usd=0.00000282; venue=coinbase
INVOICE_DISCREPANCY_IDENTIFIED,trade,binance:6582464380,2026-08-19T00:00:00+00:00,discrepancy_type=double_billed; delta_usd=0.40008195; venue=binance
INVOICE_DISCREPANCY_IDENTIFIED,trade,coinbase:1073150405,2026-08-19T00:00:00+00:00,discrepancy_type=missing_line; delta_usd=; venue=coinbase
INVOICE_DISCREPANCY_IDENTIFIED,trade,binance:6582464394,2026-08-19T00:00:00+00:00,discrepancy_type=rounding_error; delta_usd=-0.00493043; venue=binance
INVOICE_DISCREPANCY_IDENTIFIED,trade,kraken:105348769,2026-08-19T00:00:00+00:00,discrepancy_type=rate_misapplied; delta_usd=18.05859870; venue=kraken
INVOICE_DISCREPANCY_IDENTIFIED,trade,binance:6582464403,2026-08-19T00:00:00+00:00,discrepancy_type=double_billed; delta_usd=2.55409460; venue=binance
INVOICE_DISCREPANCY_IDENTIFIED,trade,binance:6582464426,2026-08-19T00:00:00+00:00,discrepancy_type=rate_misapplied; delta_usd=-1.35530388; venue=binance
INVOICE_DISCREPANCY_IDENTIFIED,trade,binance:6582464456,2026-08-19T00:00:00+00:00,discrepancy_type=missing_line; delta_usd=; venue=binance
INVOICE_DISCREPANCY_IDENTIFIED,trade,binance:6582464458,2026-08-19T00:00:00+00:00,discrepancy_type=rate_misapplied; delta_usd=-0.00179299; venue=binance
INVOICE_DISCREPANCY_IDENTIFIED,trade,binance:6582464463,2026-08-19T00:00:00+00:00,discrepancy_type=rounding_error; delta_usd=0.00427441; venue=binance
INVOICE_DISCREPANCY_IDENTIFIED,trade,binance:6582464469,2026-08-19T00:00:00+00:00,discrepancy_type=rate_misapplied; delta_usd=0.00074760; venue=binance
INVOICE_DISCREPANCY_IDENTIFIED,trade,binance:6582464482,2026-08-19T00:00:00+00:00,discrepancy_type=missing_line; delta_usd=; venue=binance
INVOICE_DISCREPANCY_IDENTIFIED,trade,binance:6582464490,2026-08-19T00:00:00+00:00,discrepancy_type=missing_line; delta_usd=; venue=binance
INVOICE_DISCREPANCY_IDENTIFIED,trade,binance:6582464494,2026-08-19T00:00:00+00:00,discrepancy_type=double_billed; delta_usd=0.01992299; venue=binance
INVOICE_DISCREPANCY_IDENTIFIED,trade,coinbase:1073150443,2026-08-19T00:00:00+00:00,discrepancy_type=rounding_error; delta_usd=0.00248011; venue=coinbase
INVOICE_DISCREPANCY_IDENTIFIED,trade,binance:6582464566,2026-08-19T00:00:00+00:00,discrepancy_type=double_billed; delta_usd=0.00439667; venue=binance
INVOICE_DISCREPANCY_IDENTIFIED,trade,binance:6582464613,2026-08-19T00:00:00+00:00,discrepancy_type=rate_misapplied; delta_usd=-0.00042831; venue=binance
INVOICE_DISCREPANCY_IDENTIFIED,trade,binance:6582464723,2026-08-19T00:00:00+00:00,discrepancy_type=double_billed; delta_usd=0.00219800; venue=binance
INVOICE_DISCREPANCY_IDENTIFIED,trade,binance:6582464725,2026-08-19T00:00:00+00:00,discrepancy_type=rate_misapplied; delta_usd=0.00125450; venue=binance
INVOICE_DISCREPANCY_IDENTIFIED,trade,binance:6582464755,2026-08-19T00:00:00+00:00,discrepancy_type=rate_misapplied; delta_usd=-0.00270522; venue=binance
INVOICE_DISCREPANCY_IDENTIFIED,trade,coinbase:1073150511,2026-08-19T00:00:00+00:00,discrepancy_type=rate_misapplied; delta_usd=0.00000158; venue=coinbase
INVOICE_DISCREPANCY_IDENTIFIED,trade,binance:6582464914,2026-08-19T00:00:00+00:00,discrepancy_type=double_billed; delta_usd=0.00659325; venue=binance
INVOICE_DISCREPANCY_IDENTIFIED,trade,coinbase:1073150531,2026-08-19T00:00:00+00:00,discrepancy_type=double_billed; delta_usd=0.00001647; venue=coinbase
INVOICE_DISCREPANCY_IDENTIFIED,trade,binance:6582464981,2026-08-19T00:00:00+00:00,discrepancy_type=rate_misapplied; delta_usd=0.13203551; venue=binance
INVOICE_DISCREPANCY_IDENTIFIED,trade,binance:6582465047,2026-08-19T00:00:00+00:00,discrepancy_type=missing_line; delta_usd=; venue=binance
INVOICE_DISCREPANCY_IDENTIFIED,trade,binance:6582465062,2026-08-19T00:00:00+00:00,discrepancy_type=double_billed; delta_usd=0.12101497; venue=binance
INVOICE_DISCREPANCY_IDENTIFIED,trade,binance:6582465116,2026-08-19T00:00:00+00:00,discrepancy_type=double_billed; delta_usd=0.00109894; venue=binance
INVOICE_DISCREPANCY_IDENTIFIED,trade,coinbase:1073150556,2026-08-19T00:00:00+00:00,discrepancy_type=double_billed; delta_usd=0.15867619; venue=coinbase
INVOICE_DISCREPANCY_IDENTIFIED,trade,coinbase:1073150554,2026-08-19T00:00:00+00:00,discrepancy_type=missing_line; delta_usd=; venue=coinbase
INVOICE_DISCREPANCY_IDENTIFIED,trade,coinbase:1073150558,2026-08-19T00:00:00+00:00,discrepancy_type=rate_misapplied; delta_usd=3.59058878; venue=coinbase
INVOICE_DISCREPANCY_IDENTIFIED,trade,coinbase:1073150563,2026-08-19T00:00:00+00:00,discrepancy_type=missing_line; delta_usd=; venue=coinbase
INVOICE_DISCREPANCY_IDENTIFIED,trade,binance:6582465193,2026-08-19T00:00:00+00:00,discrepancy_type=rate_misapplied; delta_usd=-0.25286424; venue=binance
INVOICE_DISCREPANCY_IDENTIFIED,trade,coinbase:1073150581,2026-08-19T00:00:00+00:00,discrepancy_type=rounding_error; delta_usd=0.00489643; venue=coinbase
INVOICE_DISCREPANCY_IDENTIFIED,trade,coinbase:1073150605,2026-08-19T00:00:00+00:00,discrepancy_type=double_billed; delta_usd=4.23961514; venue=coinbase
INVOICE_DISCREPANCY_IDENTIFIED,trade,coinbase:1073150619,2026-08-19T00:00:00+00:00,discrepancy_type=rate_misapplied; delta_usd=0.00000723; venue=coinbase
INVOICE_DISCREPANCY_IDENTIFIED,trade,coinbase:1073150660,2026-08-19T00:00:00+00:00,discrepancy_type=double_billed; delta_usd=0.00002060; venue=coinbase
INGESTION_RUN,source,trades,2026-08-19T16:14:39+00:00,source=trades; status=succeeded
INGESTION_RUN,source,clearing_statements,2026-08-19T16:14:39+00:00,source=clearing_statements; status=succeeded
INGESTION_RUN,source,exchange_confirms,2026-08-19T16:14:39+00:00,source=exchange_confirms; status=succeeded
BREAK_RESOLVED,trade_stage,kraken:105347819|clearing,2026-08-20T00:00:00+00:00,resolution_days=1; final_tier=TIER1_NORMAL
BREAK_RESOLVED,trade_stage,kraken:105347832|clearing,2026-08-20T00:00:00+00:00,resolution_days=1; final_tier=TIER1_NORMAL
BREAK_RESOLVED,trade_stage,kraken:105347838|clearing,2026-08-20T00:00:00+00:00,resolution_days=1; final_tier=TIER1_NORMAL
BREAK_RESOLVED,trade_stage,kraken:105347951|clearing,2026-08-20T00:00:00+00:00,resolution_days=1; final_tier=TIER1_NORMAL
BREAK_RESOLVED,trade_stage,kraken:105348067|clearing,2026-08-20T00:00:00+00:00,resolution_days=1; final_tier=TIER1_NORMAL
BREAK_RESOLVED,trade_stage,kraken:105348069|clearing,2026-08-20T00:00:00+00:00,resolution_days=1; final_tier=TIER1_NORMAL
BREAK_RESOLVED,trade_stage,kraken:105348094|clearing,2026-08-20T00:00:00+00:00,resolution_days=1; final_tier=TIER1_NORMAL
BREAK_RESOLVED,trade_stage,kraken:105348215|clearing,2026-08-20T00:00:00+00:00,resolution_days=1; final_tier=TIER1_NORMAL
BREAK_RESOLVED,trade_stage,kraken:105348271|clearing,2026-08-20T00:00:00+00:00,resolution_days=1; final_tier=TIER1_NORMAL
BREAK_RESOLVED,trade_stage,kraken:105348272|clearing,2026-08-20T00:00:00+00:00,resolution_days=1; final_tier=TIER1_NORMAL
BREAK_RESOLVED,trade_stage,coinbase:1073145736|clearing,2026-08-20T00:00:00+00:00,resolution_days=1; final_tier=TIER1_NORMAL
BREAK_RESOLVED,trade_stage,coinbase:1073145748|clearing,2026-08-20T00:00:00+00:00,resolution_days=1; final_tier=TIER1_NORMAL
BREAK_RESOLVED,trade_stage,coinbase:1073145813|clearing,2026-08-20T00:00:00+00:00,resolution_days=1; final_tier=TIER1_NORMAL
BREAK_RESOLVED,trade_stage,coinbase:1073145903|clearing,2026-08-20T00:00:00+00:00,resolution_days=1; final_tier=TIER1_NORMAL
BREAK_RESOLVED,trade_stage,kraken:105348299|clearing,2026-08-20T00:00:00+00:00,resolution_days=1; final_tier=TIER1_NORMAL
BREAK_RESOLVED,trade_stage,coinbase:1073145949|clearing,2026-08-20T00:00:00+00:00,resolution_days=1; final_tier=TIER1_NORMAL
BREAK_RESOLVED,trade_stage,coinbase:1073145980|clearing,2026-08-20T00:00:00+00:00,resolution_days=1; final_tier=TIER1_NORMAL
BREAK_RESOLVED,trade_stage,coinbase:1073145976|clearing,2026-08-20T00:00:00+00:00,resolution_days=1; final_tier=TIER1_NORMAL
BREAK_RESOLVED,trade_stage,kraken:105348316|clearing,2026-08-20T00:00:00+00:00,resolution_days=1; final_tier=TIER1_NORMAL
BREAK_RESOLVED,trade_stage,coinbase:1073146067|clearing,2026-08-20T00:00:00+00:00,resolution_days=1; final_tier=TIER1_NORMAL
BREAK_RESOLVED,trade_stage,coinbase:1073146066|clearing,2026-08-20T00:00:00+00:00,resolution_days=1; final_tier=TIER1_NORMAL
BREAK_RESOLVED,trade_stage,coinbase:1073146182|clearing,2026-08-20T00:00:00+00:00,resolution_days=1; final_tier=TIER1_NORMAL
BREAK_RESOLVED,trade_stage,coinbase:1073146216|clearing,2026-08-20T00:00:00+00:00,resolution_days=1; final_tier=TIER1_NORMAL
BREAK_RESOLVED,trade_stage,kraken:105348323|clearing,2026-08-20T00:00:00+00:00,resolution_days=1; final_tier=TIER1_NORMAL
BREAK_RESOLVED,trade_stage,coinbase:1073146259|clearing,2026-08-20T00:00:00+00:00,resolution_days=1; final_tier=TIER1_NORMAL
BREAK_RESOLVED,trade_stage,coinbase:1073146272|clearing,2026-08-20T00:00:00+00:00,resolution_days=1; final_tier=TIER1_NORMAL
BREAK_RESOLVED,trade_stage,coinbase:1073146371|clearing,2026-08-20T00:00:00+00:00,resolution_days=1; final_tier=TIER1_NORMAL
BREAK_RESOLVED,trade_stage,coinbase:1073146386|clearing,2026-08-20T00:00:00+00:00,resolution_days=1; final_tier=TIER1_NORMAL
BREAK_RESOLVED,trade_stage,coinbase:1073146427|clearing,2026-08-20T00:00:00+00:00,resolution_days=1; final_tier=TIER1_NORMAL
BREAK_RESOLVED,trade_stage,coinbase:1073146512|clearing,2026-08-20T00:00:00+00:00,resolution_days=1; final_tier=TIER1_NORMAL
BREAK_RESOLVED,trade_stage,coinbase:1073146526|clearing,2026-08-20T00:00:00+00:00,resolution_days=1; final_tier=TIER1_NORMAL
BREAK_RESOLVED,trade_stage,coinbase:1073146542|clearing,2026-08-20T00:00:00+00:00,resolution_days=1; final_tier=TIER1_NORMAL
BREAK_RESOLVED,trade_stage,coinbase:1073146535|clearing,2026-08-20T00:00:00+00:00,resolution_days=1; final_tier=TIER1_NORMAL
BREAK_RESOLVED,trade_stage,kraken:105348391|clearing,2026-08-20T00:00:00+00:00,resolution_days=1; final_tier=TIER1_NORMAL
BREAK_RESOLVED,trade_stage,coinbase:1073146700|clearing,2026-08-20T00:00:00+00:00,resolution_days=1; final_tier=TIER1_NORMAL
BREAK_RESOLVED,trade_stage,coinbase:1073146755|clearing,2026-08-20T00:00:00+00:00,resolution_days=1; final_tier=TIER1_NORMAL
BREAK_RESOLVED,trade_stage,coinbase:1073146779|clearing,2026-08-20T00:00:00+00:00,resolution_days=1; final_tier=TIER1_NORMAL
BREAK_RESOLVED,trade_stage,coinbase:1073146782|clearing,2026-08-20T00:00:00+00:00,resolution_days=1; final_tier=TIER1_NORMAL
BREAK_RESOLVED,trade_stage,coinbase:1073146865|clearing,2026-08-20T00:00:00+00:00,resolution_days=1; final_tier=TIER1_NORMAL
BREAK_RESOLVED,trade_stage,coinbase:1073146901|clearing,2026-08-20T00:00:00+00:00,resolution_days=1; final_tier=TIER1_NORMAL
BREAK_RESOLVED,trade_stage,coinbase:1073146919|clearing,2026-08-20T00:00:00+00:00,resolution_days=1; final_tier=TIER1_NORMAL
BREAK_RESOLVED,trade_stage,coinbase:1073146944|clearing,2026-08-20T00:00:00+00:00,resolution_days=1; final_tier=TIER1_NORMAL
BREAK_RESOLVED,trade_stage,binance:6582449474|clearing,2026-08-20T00:00:00+00:00,resolution_days=1; final_tier=TIER1_NORMAL
BREAK_RESOLVED,trade_stage,binance:6582449486|clearing,2026-08-20T00:00:00+00:00,resolution_days=1; final_tier=TIER1_NORMAL
BREAK_RESOLVED,trade_stage,coinbase:1073147071|clearing,2026-08-20T00:00:00+00:00,resolution_days=1; final_tier=TIER1_NORMAL
BREAK_RESOLVED,trade_stage,coinbase:1073147106|clearing,2026-08-20T00:00:00+00:00,resolution_days=1; final_tier=TIER1_NORMAL
BREAK_RESOLVED,trade_stage,coinbase:1073147129|clearing,2026-08-20T00:00:00+00:00,resolution_days=1; final_tier=TIER1_NORMAL
BREAK_RESOLVED,trade_stage,binance:6582450193|clearing,2026-08-20T00:00:00+00:00,resolution_days=1; final_tier=TIER1_NORMAL
BREAK_RESOLVED,trade_stage,binance:6582450342|clearing,2026-08-20T00:00:00+00:00,resolution_days=1; final_tier=TIER1_NORMAL
BREAK_RESOLVED,trade_stage,coinbase:1073147198|clearing,2026-08-20T00:00:00+00:00,resolution_days=1; final_tier=TIER1_NORMAL
BREAK_RESOLVED,trade_stage,binance:6582450505|clearing,2026-08-20T00:00:00+00:00,resolution_days=1; final_tier=TIER1_NORMAL
BREAK_RESOLVED,trade_stage,binance:6582450560|clearing,2026-08-20T00:00:00+00:00,resolution_days=1; final_tier=TIER1_NORMAL
BREAK_RESOLVED,trade_stage,coinbase:1073147276|clearing,2026-08-20T00:00:00+00:00,resolution_days=1; final_tier=TIER1_NORMAL
BREAK_RESOLVED,trade_stage,binance:6582451014|clearing,2026-08-20T00:00:00+00:00,resolution_days=1; final_tier=TIER1_NORMAL
BREAK_RESOLVED,trade_stage,coinbase:1073147297|clearing,2026-08-20T00:00:00+00:00,resolution_days=1; final_tier=TIER1_NORMAL
BREAK_RESOLVED,trade_stage,binance:6582451180|clearing,2026-08-20T00:00:00+00:00,resolution_days=1; final_tier=TIER1_NORMAL
BREAK_RESOLVED,trade_stage,coinbase:1073147358|clearing,2026-08-20T00:00:00+00:00,resolution_days=1; final_tier=TIER1_NORMAL
BREAK_RESOLVED,trade_stage,kraken:105348474|clearing,2026-08-20T00:00:00+00:00,resolution_days=1; final_tier=TIER1_NORMAL
BREAK_RESOLVED,trade_stage,coinbase:1073147381|clearing,2026-08-20T00:00:00+00:00,resolution_days=1; final_tier=TIER1_NORMAL
BREAK_RESOLVED,trade_stage,coinbase:1073147411|clearing,2026-08-20T00:00:00+00:00,resolution_days=1; final_tier=TIER1_NORMAL
BREAK_RESOLVED,trade_stage,binance:6582451999|clearing,2026-08-20T00:00:00+00:00,resolution_days=1; final_tier=TIER1_NORMAL
BREAK_RESOLVED,trade_stage,binance:6582452132|clearing,2026-08-20T00:00:00+00:00,resolution_days=1; final_tier=TIER1_NORMAL
BREAK_RESOLVED,trade_stage,binance:6582452202|clearing,2026-08-20T00:00:00+00:00,resolution_days=1; final_tier=TIER1_NORMAL
BREAK_RESOLVED,trade_stage,binance:6582452206|clearing,2026-08-20T00:00:00+00:00,resolution_days=1; final_tier=TIER1_NORMAL
BREAK_RESOLVED,trade_stage,binance:6582452525|clearing,2026-08-20T00:00:00+00:00,resolution_days=1; final_tier=TIER1_NORMAL
BREAK_RESOLVED,trade_stage,coinbase:1073147485|clearing,2026-08-20T00:00:00+00:00,resolution_days=1; final_tier=TIER1_NORMAL
BREAK_RESOLVED,trade_stage,coinbase:1073147517|clearing,2026-08-20T00:00:00+00:00,resolution_days=1; final_tier=TIER1_NORMAL
BREAK_RESOLVED,trade_stage,coinbase:1073147548|clearing,2026-08-20T00:00:00+00:00,resolution_days=1; final_tier=TIER1_NORMAL
BREAK_RESOLVED,trade_stage,coinbase:1073147553|clearing,2026-08-20T00:00:00+00:00,resolution_days=1; final_tier=TIER1_NORMAL
BREAK_RESOLVED,trade_stage,coinbase:1073147581|clearing,2026-08-20T00:00:00+00:00,resolution_days=1; final_tier=TIER1_NORMAL
BREAK_RESOLVED,trade_stage,binance:6582453095|clearing,2026-08-20T00:00:00+00:00,resolution_days=1; final_tier=TIER1_NORMAL
BREAK_RESOLVED,trade_stage,binance:6582453226|clearing,2026-08-20T00:00:00+00:00,resolution_days=1; final_tier=TIER1_NORMAL
BREAK_RESOLVED,trade_stage,coinbase:1073147688|clearing,2026-08-20T00:00:00+00:00,resolution_days=1; final_tier=TIER1_NORMAL
BREAK_RESOLVED,trade_stage,coinbase:1073147718|clearing,2026-08-20T00:00:00+00:00,resolution_days=1; final_tier=TIER1_NORMAL
BREAK_RESOLVED,trade_stage,binance:6582453565|clearing,2026-08-20T00:00:00+00:00,resolution_days=1; final_tier=TIER1_NORMAL
BREAK_RESOLVED,trade_stage,binance:6582453694|clearing,2026-08-20T00:00:00+00:00,resolution_days=1; final_tier=TIER1_NORMAL
BREAK_RESOLVED,trade_stage,coinbase:1073147791|clearing,2026-08-20T00:00:00+00:00,resolution_days=1; final_tier=TIER1_NORMAL
BREAK_RESOLVED,trade_stage,coinbase:1073147810|clearing,2026-08-20T00:00:00+00:00,resolution_days=1; final_tier=TIER1_NORMAL
BREAK_RESOLVED,trade_stage,coinbase:1073147828|clearing,2026-08-20T00:00:00+00:00,resolution_days=1; final_tier=TIER1_NORMAL
BREAK_RESOLVED,trade_stage,coinbase:1073147858|clearing,2026-08-20T00:00:00+00:00,resolution_days=1; final_tier=TIER1_NORMAL
BREAK_RESOLVED,trade_stage,coinbase:1073147864|clearing,2026-08-20T00:00:00+00:00,resolution_days=1; final_tier=TIER1_NORMAL
BREAK_RESOLVED,trade_stage,binance:6582454021|clearing,2026-08-20T00:00:00+00:00,resolution_days=1; final_tier=TIER1_NORMAL
BREAK_RESOLVED,trade_stage,binance:6582454063|clearing,2026-08-20T00:00:00+00:00,resolution_days=1; final_tier=TIER1_NORMAL
BREAK_RESOLVED,trade_stage,coinbase:1073147965|clearing,2026-08-20T00:00:00+00:00,resolution_days=1; final_tier=TIER1_NORMAL
BREAK_RESOLVED,trade_stage,binance:6582454538|clearing,2026-08-20T00:00:00+00:00,resolution_days=1; final_tier=TIER1_NORMAL
BREAK_RESOLVED,trade_stage,coinbase:1073148008|clearing,2026-08-20T00:00:00+00:00,resolution_days=1; final_tier=TIER1_NORMAL
BREAK_RESOLVED,trade_stage,coinbase:1073148024|clearing,2026-08-20T00:00:00+00:00,resolution_days=1; final_tier=TIER1_NORMAL
BREAK_RESOLVED,trade_stage,kraken:105348549|clearing,2026-08-20T00:00:00+00:00,resolution_days=1; final_tier=TIER1_NORMAL
BREAK_RESOLVED,trade_stage,binance:6582454750|clearing,2026-08-20T00:00:00+00:00,resolution_days=1; final_tier=TIER1_NORMAL
BREAK_RESOLVED,trade_stage,coinbase:1073148032|clearing,2026-08-20T00:00:00+00:00,resolution_days=1; final_tier=TIER1_NORMAL
BREAK_RESOLVED,trade_stage,binance:6582454814|clearing,2026-08-20T00:00:00+00:00,resolution_days=1; final_tier=TIER1_NORMAL
BREAK_RESOLVED,trade_stage,binance:6582454845|clearing,2026-08-20T00:00:00+00:00,resolution_days=1; final_tier=TIER1_NORMAL
BREAK_RESOLVED,trade_stage,binance:6582455156|clearing,2026-08-20T00:00:00+00:00,resolution_days=1; final_tier=TIER1_NORMAL
BREAK_RESOLVED,trade_stage,coinbase:1073148201|clearing,2026-08-20T00:00:00+00:00,resolution_days=1; final_tier=TIER1_NORMAL
BREAK_RESOLVED,trade_stage,binance:6582455544|clearing,2026-08-20T00:00:00+00:00,resolution_days=1; final_tier=TIER1_NORMAL
BREAK_RESOLVED,trade_stage,kraken:105348552|clearing,2026-08-20T00:00:00+00:00,resolution_days=1; final_tier=TIER1_NORMAL
BREAK_RESOLVED,trade_stage,coinbase:1073148282|clearing,2026-08-20T00:00:00+00:00,resolution_days=1; final_tier=TIER1_NORMAL
BREAK_RESOLVED,trade_stage,binance:6582455935|clearing,2026-08-20T00:00:00+00:00,resolution_days=1; final_tier=TIER1_NORMAL
BREAK_RESOLVED,trade_stage,coinbase:1073148381|clearing,2026-08-20T00:00:00+00:00,resolution_days=1; final_tier=TIER1_NORMAL
BREAK_RESOLVED,trade_stage,coinbase:1073148394|clearing,2026-08-20T00:00:00+00:00,resolution_days=1; final_tier=TIER1_NORMAL
BREAK_RESOLVED,trade_stage,coinbase:1073148458|clearing,2026-08-20T00:00:00+00:00,resolution_days=1; final_tier=TIER1_NORMAL
BREAK_RESOLVED,trade_stage,binance:6582456740|clearing,2026-08-20T00:00:00+00:00,resolution_days=1; final_tier=TIER1_NORMAL
BREAK_RESOLVED,trade_stage,binance:6582456743|clearing,2026-08-20T00:00:00+00:00,resolution_days=1; final_tier=TIER1_NORMAL
BREAK_RESOLVED,trade_stage,coinbase:1073148474|clearing,2026-08-20T00:00:00+00:00,resolution_days=1; final_tier=TIER1_NORMAL
BREAK_RESOLVED,trade_stage,binance:6582456788|clearing,2026-08-20T00:00:00+00:00,resolution_days=1; final_tier=TIER1_NORMAL
BREAK_RESOLVED,trade_stage,coinbase:1073148509|clearing,2026-08-20T00:00:00+00:00,resolution_days=1; final_tier=TIER1_NORMAL
BREAK_RESOLVED,trade_stage,coinbase:1073148549|clearing,2026-08-20T00:00:00+00:00,resolution_days=1; final_tier=TIER1_NORMAL
BREAK_RESOLVED,trade_stage,coinbase:1073148577|clearing,2026-08-20T00:00:00+00:00,resolution_days=1; final_tier=TIER1_NORMAL
BREAK_RESOLVED,trade_stage,kraken:105348598|clearing,2026-08-20T00:00:00+00:00,resolution_days=1; final_tier=TIER1_NORMAL
BREAK_RESOLVED,trade_stage,coinbase:1073148584|clearing,2026-08-20T00:00:00+00:00,resolution_days=1; final_tier=TIER1_NORMAL
BREAK_RESOLVED,trade_stage,coinbase:1073148603|clearing,2026-08-20T00:00:00+00:00,resolution_days=1; final_tier=TIER1_NORMAL
BREAK_RESOLVED,trade_stage,coinbase:1073148663|clearing,2026-08-20T00:00:00+00:00,resolution_days=1; final_tier=TIER1_NORMAL
BREAK_RESOLVED,trade_stage,binance:6582457092|clearing,2026-08-20T00:00:00+00:00,resolution_days=1; final_tier=TIER1_NORMAL
BREAK_RESOLVED,trade_stage,binance:6582457233|clearing,2026-08-20T00:00:00+00:00,resolution_days=1; final_tier=TIER1_NORMAL
BREAK_RESOLVED,trade_stage,coinbase:1073148740|clearing,2026-08-20T00:00:00+00:00,resolution_days=1; final_tier=TIER1_NORMAL
BREAK_RESOLVED,trade_stage,binance:6582457332|clearing,2026-08-20T00:00:00+00:00,resolution_days=1; final_tier=TIER1_NORMAL
BREAK_RESOLVED,trade_stage,coinbase:1073148769|clearing,2026-08-20T00:00:00+00:00,resolution_days=1; final_tier=TIER1_NORMAL
BREAK_RESOLVED,trade_stage,binance:6582457669|clearing,2026-08-20T00:00:00+00:00,resolution_days=1; final_tier=TIER1_NORMAL
BREAK_RESOLVED,trade_stage,binance:6582457702|clearing,2026-08-20T00:00:00+00:00,resolution_days=1; final_tier=TIER1_NORMAL
BREAK_RESOLVED,trade_stage,binance:6582458582|clearing,2026-08-20T00:00:00+00:00,resolution_days=1; final_tier=TIER1_NORMAL
BREAK_RESOLVED,trade_stage,binance:6582458834|clearing,2026-08-20T00:00:00+00:00,resolution_days=1; final_tier=TIER1_NORMAL
BREAK_RESOLVED,trade_stage,binance:6582458870|clearing,2026-08-20T00:00:00+00:00,resolution_days=1; final_tier=TIER1_NORMAL
BREAK_RESOLVED,trade_stage,coinbase:1073148992|clearing,2026-08-20T00:00:00+00:00,resolution_days=1; final_tier=TIER1_NORMAL
BREAK_RESOLVED,trade_stage,binance:6582459078|clearing,2026-08-20T00:00:00+00:00,resolution_days=1; final_tier=TIER1_NORMAL
BREAK_RESOLVED,trade_stage,binance:6582459088|clearing,2026-08-20T00:00:00+00:00,resolution_days=1; final_tier=TIER1_NORMAL
BREAK_RESOLVED,trade_stage,binance:6582459094|clearing,2026-08-20T00:00:00+00:00,resolution_days=1; final_tier=TIER1_NORMAL
BREAK_RESOLVED,trade_stage,binance:6582459201|clearing,2026-08-20T00:00:00+00:00,resolution_days=1; final_tier=TIER1_NORMAL
BREAK_RESOLVED,trade_stage,binance:6582459222|clearing,2026-08-20T00:00:00+00:00,resolution_days=1; final_tier=TIER1_NORMAL
BREAK_RESOLVED,trade_stage,coinbase:1073149027|clearing,2026-08-20T00:00:00+00:00,resolution_days=1; final_tier=TIER1_NORMAL
BREAK_RESOLVED,trade_stage,binance:6582459487|clearing,2026-08-20T00:00:00+00:00,resolution_days=1; final_tier=TIER1_NORMAL
BREAK_RESOLVED,trade_stage,binance:6582459527|clearing,2026-08-20T00:00:00+00:00,resolution_days=1; final_tier=TIER1_NORMAL
BREAK_RESOLVED,trade_stage,binance:6582459703|clearing,2026-08-20T00:00:00+00:00,resolution_days=1; final_tier=TIER1_NORMAL
BREAK_RESOLVED,trade_stage,coinbase:1073149142|clearing,2026-08-20T00:00:00+00:00,resolution_days=1; final_tier=TIER1_NORMAL
BREAK_RESOLVED,trade_stage,binance:6582459858|clearing,2026-08-20T00:00:00+00:00,resolution_days=1; final_tier=TIER1_NORMAL
BREAK_RESOLVED,trade_stage,binance:6582459991|clearing,2026-08-20T00:00:00+00:00,resolution_days=1; final_tier=TIER1_NORMAL
BREAK_RESOLVED,trade_stage,binance:6582460066|clearing,2026-08-20T00:00:00+00:00,resolution_days=1; final_tier=TIER1_NORMAL
BREAK_RESOLVED,trade_stage,coinbase:1073149193|clearing,2026-08-20T00:00:00+00:00,resolution_days=1; final_tier=TIER1_NORMAL
BREAK_RESOLVED,trade_stage,coinbase:1073149198|clearing,2026-08-20T00:00:00+00:00,resolution_days=1; final_tier=TIER1_NORMAL
BREAK_RESOLVED,trade_stage,coinbase:1073149207|clearing,2026-08-20T00:00:00+00:00,resolution_days=1; final_tier=TIER1_NORMAL
BREAK_RESOLVED,trade_stage,coinbase:1073149242|clearing,2026-08-20T00:00:00+00:00,resolution_days=1; final_tier=TIER1_NORMAL
BREAK_RESOLVED,trade_stage,binance:6582460437|clearing,2026-08-20T00:00:00+00:00,resolution_days=1; final_tier=TIER1_NORMAL
BREAK_RESOLVED,trade_stage,binance:6582460535|clearing,2026-08-20T00:00:00+00:00,resolution_days=1; final_tier=TIER1_NORMAL
BREAK_RESOLVED,trade_stage,coinbase:1073149309|clearing,2026-08-20T00:00:00+00:00,resolution_days=1; final_tier=TIER1_NORMAL
BREAK_RESOLVED,trade_stage,binance:6582460621|clearing,2026-08-20T00:00:00+00:00,resolution_days=1; final_tier=TIER1_NORMAL
BREAK_RESOLVED,trade_stage,binance:6582460694|clearing,2026-08-20T00:00:00+00:00,resolution_days=1; final_tier=TIER1_NORMAL
BREAK_RESOLVED,trade_stage,binance:6582461079|clearing,2026-08-20T00:00:00+00:00,resolution_days=1; final_tier=TIER1_NORMAL
BREAK_RESOLVED,trade_stage,binance:6582461107|clearing,2026-08-20T00:00:00+00:00,resolution_days=1; final_tier=TIER1_NORMAL
BREAK_RESOLVED,trade_stage,binance:6582461117|clearing,2026-08-20T00:00:00+00:00,resolution_days=1; final_tier=TIER1_NORMAL
BREAK_RESOLVED,trade_stage,coinbase:1073149402|clearing,2026-08-20T00:00:00+00:00,resolution_days=1; final_tier=TIER1_NORMAL
BREAK_RESOLVED,trade_stage,binance:6582461271|clearing,2026-08-20T00:00:00+00:00,resolution_days=1; final_tier=TIER1_NORMAL
BREAK_RESOLVED,trade_stage,binance:6582461588|clearing,2026-08-20T00:00:00+00:00,resolution_days=1; final_tier=TIER1_NORMAL
BREAK_RESOLVED,trade_stage,coinbase:1073149517|clearing,2026-08-20T00:00:00+00:00,resolution_days=1; final_tier=TIER1_NORMAL
BREAK_RESOLVED,trade_stage,binance:6582461779|clearing,2026-08-20T00:00:00+00:00,resolution_days=1; final_tier=TIER1_NORMAL
BREAK_RESOLVED,trade_stage,coinbase:1073149604|clearing,2026-08-20T00:00:00+00:00,resolution_days=1; final_tier=TIER1_NORMAL
BREAK_RESOLVED,trade_stage,binance:6582461897|clearing,2026-08-20T00:00:00+00:00,resolution_days=1; final_tier=TIER1_NORMAL
BREAK_RESOLVED,trade_stage,coinbase:1073149621|clearing,2026-08-20T00:00:00+00:00,resolution_days=1; final_tier=TIER1_NORMAL
BREAK_RESOLVED,trade_stage,binance:6582461983|clearing,2026-08-20T00:00:00+00:00,resolution_days=1; final_tier=TIER1_NORMAL
BREAK_RESOLVED,trade_stage,binance:6582461998|clearing,2026-08-20T00:00:00+00:00,resolution_days=1; final_tier=TIER1_NORMAL
BREAK_RESOLVED,trade_stage,binance:6582462041|clearing,2026-08-20T00:00:00+00:00,resolution_days=1; final_tier=TIER1_NORMAL
BREAK_RESOLVED,trade_stage,binance:6582462207|clearing,2026-08-20T00:00:00+00:00,resolution_days=1; final_tier=TIER1_NORMAL
BREAK_RESOLVED,trade_stage,binance:6582462285|clearing,2026-08-20T00:00:00+00:00,resolution_days=1; final_tier=TIER1_NORMAL
BREAK_RESOLVED,trade_stage,binance:6582462422|clearing,2026-08-20T00:00:00+00:00,resolution_days=1; final_tier=TIER1_NORMAL
BREAK_RESOLVED,trade_stage,coinbase:1073149756|clearing,2026-08-20T00:00:00+00:00,resolution_days=1; final_tier=TIER1_NORMAL
BREAK_RESOLVED,trade_stage,coinbase:1073149759|clearing,2026-08-20T00:00:00+00:00,resolution_days=1; final_tier=TIER1_NORMAL
BREAK_RESOLVED,trade_stage,binance:6582462540|clearing,2026-08-20T00:00:00+00:00,resolution_days=1; final_tier=TIER1_NORMAL
BREAK_RESOLVED,trade_stage,coinbase:1073149819|clearing,2026-08-20T00:00:00+00:00,resolution_days=1; final_tier=TIER1_NORMAL
BREAK_RESOLVED,trade_stage,coinbase:1073149866|clearing,2026-08-20T00:00:00+00:00,resolution_days=1; final_tier=TIER1_NORMAL
BREAK_RESOLVED,trade_stage,binance:6582462782|clearing,2026-08-20T00:00:00+00:00,resolution_days=1; final_tier=TIER1_NORMAL
BREAK_RESOLVED,trade_stage,binance:6582462788|clearing,2026-08-20T00:00:00+00:00,resolution_days=1; final_tier=TIER1_NORMAL
BREAK_RESOLVED,trade_stage,kraken:105348719|clearing,2026-08-20T00:00:00+00:00,resolution_days=1; final_tier=TIER1_NORMAL
BREAK_RESOLVED,trade_stage,coinbase:1073149921|clearing,2026-08-20T00:00:00+00:00,resolution_days=1; final_tier=TIER1_NORMAL
BREAK_RESOLVED,trade_stage,binance:6582463089|clearing,2026-08-20T00:00:00+00:00,resolution_days=1; final_tier=TIER1_NORMAL
BREAK_RESOLVED,trade_stage,binance:6582463196|clearing,2026-08-20T00:00:00+00:00,resolution_days=1; final_tier=TIER1_NORMAL
BREAK_RESOLVED,trade_stage,coinbase:1073150058|clearing,2026-08-20T00:00:00+00:00,resolution_days=1; final_tier=TIER1_NORMAL
BREAK_RESOLVED,trade_stage,binance:6582463396|clearing,2026-08-20T00:00:00+00:00,resolution_days=1; final_tier=TIER1_NORMAL
BREAK_RESOLVED,trade_stage,binance:6582463830|clearing,2026-08-20T00:00:00+00:00,resolution_days=1; final_tier=TIER1_NORMAL
BREAK_RESOLVED,trade_stage,binance:6582463918|clearing,2026-08-20T00:00:00+00:00,resolution_days=1; final_tier=TIER1_NORMAL
BREAK_RESOLVED,trade_stage,binance:6582463948|clearing,2026-08-20T00:00:00+00:00,resolution_days=1; final_tier=TIER1_NORMAL
BREAK_RESOLVED,trade_stage,coinbase:1073150282|clearing,2026-08-20T00:00:00+00:00,resolution_days=1; final_tier=TIER1_NORMAL
BREAK_RESOLVED,trade_stage,coinbase:1073150284|clearing,2026-08-20T00:00:00+00:00,resolution_days=1; final_tier=TIER1_NORMAL
BREAK_RESOLVED,trade_stage,coinbase:1073150297|clearing,2026-08-20T00:00:00+00:00,resolution_days=1; final_tier=TIER1_NORMAL
BREAK_RESOLVED,trade_stage,coinbase:1073150307|clearing,2026-08-20T00:00:00+00:00,resolution_days=1; final_tier=TIER1_NORMAL
BREAK_RESOLVED,trade_stage,coinbase:1073150337|clearing,2026-08-20T00:00:00+00:00,resolution_days=1; final_tier=TIER1_NORMAL
BREAK_RESOLVED,trade_stage,coinbase:1073150338|clearing,2026-08-20T00:00:00+00:00,resolution_days=1; final_tier=TIER1_NORMAL
BREAK_RESOLVED,trade_stage,binance:6582464113|clearing,2026-08-20T00:00:00+00:00,resolution_days=1; final_tier=TIER1_NORMAL
BREAK_RESOLVED,trade_stage,binance:6582464167|clearing,2026-08-20T00:00:00+00:00,resolution_days=1; final_tier=TIER1_NORMAL
BREAK_RESOLVED,trade_stage,coinbase:1073150352|clearing,2026-08-20T00:00:00+00:00,resolution_days=1; final_tier=TIER1_NORMAL
BREAK_RESOLVED,trade_stage,binance:6582464326|clearing,2026-08-20T00:00:00+00:00,resolution_days=1; final_tier=TIER1_NORMAL
BREAK_RESOLVED,trade_stage,coinbase:1073150389|clearing,2026-08-20T00:00:00+00:00,resolution_days=1; final_tier=TIER1_NORMAL
BREAK_RESOLVED,trade_stage,coinbase:1073150402|clearing,2026-08-20T00:00:00+00:00,resolution_days=1; final_tier=TIER1_NORMAL
BREAK_RESOLVED,trade_stage,kraken:105348762|clearing,2026-08-20T00:00:00+00:00,resolution_days=1; final_tier=TIER1_NORMAL
BREAK_RESOLVED,trade_stage,binance:6582464485|clearing,2026-08-20T00:00:00+00:00,resolution_days=1; final_tier=TIER1_NORMAL
BREAK_RESOLVED,trade_stage,coinbase:1073150449|clearing,2026-08-20T00:00:00+00:00,resolution_days=1; final_tier=TIER1_NORMAL
BREAK_RESOLVED,trade_stage,coinbase:1073150468|clearing,2026-08-20T00:00:00+00:00,resolution_days=1; final_tier=TIER1_NORMAL
BREAK_RESOLVED,trade_stage,binance:6582464753|clearing,2026-08-20T00:00:00+00:00,resolution_days=1; final_tier=TIER1_NORMAL
BREAK_RESOLVED,trade_stage,binance:6582464851|clearing,2026-08-20T00:00:00+00:00,resolution_days=1; final_tier=TIER1_NORMAL
BREAK_RESOLVED,trade_stage,binance:6582465000|clearing,2026-08-20T00:00:00+00:00,resolution_days=1; final_tier=TIER1_NORMAL
BREAK_RESOLVED,trade_stage,binance:6582465133|clearing,2026-08-20T00:00:00+00:00,resolution_days=1; final_tier=TIER1_NORMAL
BREAK_RESOLVED,trade_stage,binance:6582465147|clearing,2026-08-20T00:00:00+00:00,resolution_days=1; final_tier=TIER1_NORMAL
BREAK_RESOLVED,trade_stage,coinbase:1073150552|clearing,2026-08-20T00:00:00+00:00,resolution_days=1; final_tier=TIER1_NORMAL
BREAK_RESOLVED,trade_stage,coinbase:1073150574|clearing,2026-08-20T00:00:00+00:00,resolution_days=1; final_tier=TIER1_NORMAL
BREAK_RESOLVED,trade_stage,coinbase:1073150589|clearing,2026-08-20T00:00:00+00:00,resolution_days=1; final_tier=TIER1_NORMAL
BREAK_RESOLVED,trade_stage,coinbase:1073150611|clearing,2026-08-20T00:00:00+00:00,resolution_days=1; final_tier=TIER1_NORMAL
BREAK_RESOLVED,trade_stage,binance:6582465296|clearing,2026-08-20T00:00:00+00:00,resolution_days=1; final_tier=TIER1_NORMAL
BREAK_RESOLVED,trade_stage,coinbase:1073150633|clearing,2026-08-20T00:00:00+00:00,resolution_days=1; final_tier=TIER1_NORMAL
BREAK_RESOLVED,trade_stage,coinbase:1073150670|clearing,2026-08-20T00:00:00+00:00,resolution_days=1; final_tier=TIER1_NORMAL
BREAK_RESOLVED,trade_stage,kraken:105347840|confirm,2026-08-20T00:00:00+00:00,resolution_days=1; final_tier=TIER1_NORMAL
BREAK_RESOLVED,trade_stage,kraken:105347892|confirm,2026-08-20T00:00:00+00:00,resolution_days=1; final_tier=TIER1_NORMAL
BREAK_RESOLVED,trade_stage,kraken:105347894|confirm,2026-08-20T00:00:00+00:00,resolution_days=1; final_tier=TIER1_NORMAL
BREAK_RESOLVED,trade_stage,kraken:105347932|confirm,2026-08-20T00:00:00+00:00,resolution_days=1; final_tier=TIER1_NORMAL
BREAK_RESOLVED,trade_stage,kraken:105347948|confirm,2026-08-20T00:00:00+00:00,resolution_days=1; final_tier=TIER1_NORMAL
BREAK_RESOLVED,trade_stage,kraken:105348096|confirm,2026-08-20T00:00:00+00:00,resolution_days=1; final_tier=TIER1_NORMAL
BREAK_RESOLVED,trade_stage,kraken:105348103|confirm,2026-08-20T00:00:00+00:00,resolution_days=1; final_tier=TIER1_NORMAL
BREAK_RESOLVED,trade_stage,kraken:105348115|confirm,2026-08-20T00:00:00+00:00,resolution_days=1; final_tier=TIER1_NORMAL
BREAK_RESOLVED,trade_stage,kraken:105348151|confirm,2026-08-20T00:00:00+00:00,resolution_days=1; final_tier=TIER1_NORMAL
BREAK_RESOLVED,trade_stage,kraken:105348276|confirm,2026-08-20T00:00:00+00:00,resolution_days=1; final_tier=TIER1_NORMAL
BREAK_RESOLVED,trade_stage,kraken:105348291|confirm,2026-08-20T00:00:00+00:00,resolution_days=1; final_tier=TIER1_NORMAL
BREAK_RESOLVED,trade_stage,coinbase:1073145689|confirm,2026-08-20T00:00:00+00:00,resolution_days=1; final_tier=TIER1_NORMAL
BREAK_RESOLVED,trade_stage,kraken:105348314|confirm,2026-08-20T00:00:00+00:00,resolution_days=1; final_tier=TIER1_NORMAL
BREAK_RESOLVED,trade_stage,coinbase:1073146110|confirm,2026-08-20T00:00:00+00:00,resolution_days=1; final_tier=TIER1_NORMAL
BREAK_RESOLVED,trade_stage,coinbase:1073146130|confirm,2026-08-20T00:00:00+00:00,resolution_days=1; final_tier=TIER1_NORMAL
BREAK_RESOLVED,trade_stage,coinbase:1073146266|confirm,2026-08-20T00:00:00+00:00,resolution_days=1; final_tier=TIER1_NORMAL
BREAK_RESOLVED,trade_stage,kraken:105348325|confirm,2026-08-20T00:00:00+00:00,resolution_days=1; final_tier=TIER1_NORMAL
BREAK_RESOLVED,trade_stage,coinbase:1073146338|confirm,2026-08-20T00:00:00+00:00,resolution_days=1; final_tier=TIER1_NORMAL
BREAK_RESOLVED,trade_stage,coinbase:1073146342|confirm,2026-08-20T00:00:00+00:00,resolution_days=1; final_tier=TIER1_NORMAL
BREAK_RESOLVED,trade_stage,coinbase:1073146366|confirm,2026-08-20T00:00:00+00:00,resolution_days=1; final_tier=TIER1_NORMAL
BREAK_RESOLVED,trade_stage,coinbase:1073146435|confirm,2026-08-20T00:00:00+00:00,resolution_days=1; final_tier=TIER1_NORMAL
BREAK_RESOLVED,trade_stage,coinbase:1073146632|confirm,2026-08-20T00:00:00+00:00,resolution_days=1; final_tier=TIER1_NORMAL
BREAK_RESOLVED,trade_stage,coinbase:1073146648|confirm,2026-08-20T00:00:00+00:00,resolution_days=1; final_tier=TIER1_NORMAL
BREAK_RESOLVED,trade_stage,coinbase:1073146691|confirm,2026-08-20T00:00:00+00:00,resolution_days=1; final_tier=TIER1_NORMAL
BREAK_RESOLVED,trade_stage,coinbase:1073146781|confirm,2026-08-20T00:00:00+00:00,resolution_days=1; final_tier=TIER1_NORMAL
BREAK_RESOLVED,trade_stage,kraken:105348429|confirm,2026-08-20T00:00:00+00:00,resolution_days=1; final_tier=TIER1_NORMAL
BREAK_RESOLVED,trade_stage,coinbase:1073146877|confirm,2026-08-20T00:00:00+00:00,resolution_days=1; final_tier=TIER1_NORMAL
BREAK_RESOLVED,trade_stage,coinbase:1073146887|confirm,2026-08-20T00:00:00+00:00,resolution_days=1; final_tier=TIER1_NORMAL
BREAK_RESOLVED,trade_stage,coinbase:1073146927|confirm,2026-08-20T00:00:00+00:00,resolution_days=1; final_tier=TIER1_NORMAL
BREAK_RESOLVED,trade_stage,coinbase:1073147018|confirm,2026-08-20T00:00:00+00:00,resolution_days=1; final_tier=TIER1_NORMAL
BREAK_RESOLVED,trade_stage,coinbase:1073147119|confirm,2026-08-20T00:00:00+00:00,resolution_days=1; final_tier=TIER1_NORMAL
BREAK_RESOLVED,trade_stage,coinbase:1073147126|confirm,2026-08-20T00:00:00+00:00,resolution_days=1; final_tier=TIER1_NORMAL
BREAK_RESOLVED,trade_stage,coinbase:1073147211|confirm,2026-08-20T00:00:00+00:00,resolution_days=1; final_tier=TIER1_NORMAL
BREAK_RESOLVED,trade_stage,binance:6582450624|confirm,2026-08-20T00:00:00+00:00,resolution_days=1; final_tier=TIER1_NORMAL
BREAK_RESOLVED,trade_stage,binance:6582450807|confirm,2026-08-20T00:00:00+00:00,resolution_days=1; final_tier=TIER1_NORMAL
BREAK_RESOLVED,trade_stage,binance:6582450853|confirm,2026-08-20T00:00:00+00:00,resolution_days=1; final_tier=TIER1_NORMAL
BREAK_RESOLVED,trade_stage,kraken:105348468|confirm,2026-08-20T00:00:00+00:00,resolution_days=1; final_tier=TIER1_NORMAL
BREAK_RESOLVED,trade_stage,binance:6582450915|confirm,2026-08-20T00:00:00+00:00,resolution_days=1; final_tier=TIER1_NORMAL
BREAK_RESOLVED,trade_stage,binance:6582451041|confirm,2026-08-20T00:00:00+00:00,resolution_days=1; final_tier=TIER1_NORMAL
BREAK_RESOLVED,trade_stage,binance:6582451229|confirm,2026-08-20T00:00:00+00:00,resolution_days=1; final_tier=TIER1_NORMAL
BREAK_RESOLVED,trade_stage,binance:6582451349|confirm,2026-08-20T00:00:00+00:00,resolution_days=1; final_tier=TIER1_NORMAL
BREAK_RESOLVED,trade_stage,binance:6582451491|confirm,2026-08-20T00:00:00+00:00,resolution_days=1; final_tier=TIER1_NORMAL
BREAK_RESOLVED,trade_stage,coinbase:1073147375|confirm,2026-08-20T00:00:00+00:00,resolution_days=1; final_tier=TIER1_NORMAL
BREAK_RESOLVED,trade_stage,binance:6582451994|confirm,2026-08-20T00:00:00+00:00,resolution_days=1; final_tier=TIER1_NORMAL
BREAK_RESOLVED,trade_stage,coinbase:1073147429|confirm,2026-08-20T00:00:00+00:00,resolution_days=1; final_tier=TIER1_NORMAL
BREAK_RESOLVED,trade_stage,binance:6582452292|confirm,2026-08-20T00:00:00+00:00,resolution_days=1; final_tier=TIER1_NORMAL
BREAK_RESOLVED,trade_stage,binance:6582452376|confirm,2026-08-20T00:00:00+00:00,resolution_days=1; final_tier=TIER1_NORMAL
BREAK_RESOLVED,trade_stage,binance:6582452394|confirm,2026-08-20T00:00:00+00:00,resolution_days=1; final_tier=TIER1_NORMAL
BREAK_RESOLVED,trade_stage,binance:6582452661|confirm,2026-08-20T00:00:00+00:00,resolution_days=1; final_tier=TIER1_NORMAL
BREAK_RESOLVED,trade_stage,kraken:105348485|confirm,2026-08-20T00:00:00+00:00,resolution_days=1; final_tier=TIER1_NORMAL
BREAK_RESOLVED,trade_stage,binance:6582452768|confirm,2026-08-20T00:00:00+00:00,resolution_days=1; final_tier=TIER1_NORMAL
BREAK_RESOLVED,trade_stage,binance:6582452770|confirm,2026-08-20T00:00:00+00:00,resolution_days=1; final_tier=TIER1_NORMAL
BREAK_RESOLVED,trade_stage,binance:6582452932|confirm,2026-08-20T00:00:00+00:00,resolution_days=1; final_tier=TIER1_NORMAL
BREAK_RESOLVED,trade_stage,binance:6582453002|confirm,2026-08-20T00:00:00+00:00,resolution_days=1; final_tier=TIER1_NORMAL
BREAK_RESOLVED,trade_stage,binance:6582453037|confirm,2026-08-20T00:00:00+00:00,resolution_days=1; final_tier=TIER1_NORMAL
BREAK_RESOLVED,trade_stage,binance:6582453173|confirm,2026-08-20T00:00:00+00:00,resolution_days=1; final_tier=TIER1_NORMAL
BREAK_RESOLVED,trade_stage,coinbase:1073147629|confirm,2026-08-20T00:00:00+00:00,resolution_days=1; final_tier=TIER1_NORMAL
BREAK_RESOLVED,trade_stage,coinbase:1073147686|confirm,2026-08-20T00:00:00+00:00,resolution_days=1; final_tier=TIER1_NORMAL
BREAK_RESOLVED,trade_stage,binance:6582453273|confirm,2026-08-20T00:00:00+00:00,resolution_days=1; final_tier=TIER1_NORMAL
BREAK_RESOLVED,trade_stage,binance:6582453606|confirm,2026-08-20T00:00:00+00:00,resolution_days=1; final_tier=TIER1_NORMAL
BREAK_RESOLVED,trade_stage,coinbase:1073147746|confirm,2026-08-20T00:00:00+00:00,resolution_days=1; final_tier=TIER1_NORMAL
BREAK_RESOLVED,trade_stage,coinbase:1073147772|confirm,2026-08-20T00:00:00+00:00,resolution_days=1; final_tier=TIER1_NORMAL
BREAK_RESOLVED,trade_stage,kraken:105348511|confirm,2026-08-20T00:00:00+00:00,resolution_days=1; final_tier=TIER1_NORMAL
BREAK_RESOLVED,trade_stage,coinbase:1073147852|confirm,2026-08-20T00:00:00+00:00,resolution_days=1; final_tier=TIER1_NORMAL
BREAK_RESOLVED,trade_stage,coinbase:1073147851|confirm,2026-08-20T00:00:00+00:00,resolution_days=1; final_tier=TIER1_NORMAL
BREAK_RESOLVED,trade_stage,coinbase:1073147870|confirm,2026-08-20T00:00:00+00:00,resolution_days=1; final_tier=TIER1_NORMAL
BREAK_RESOLVED,trade_stage,binance:6582453886|confirm,2026-08-20T00:00:00+00:00,resolution_days=1; final_tier=TIER1_NORMAL
BREAK_RESOLVED,trade_stage,binance:6582454230|confirm,2026-08-20T00:00:00+00:00,resolution_days=1; final_tier=TIER1_NORMAL
BREAK_RESOLVED,trade_stage,binance:6582454276|confirm,2026-08-20T00:00:00+00:00,resolution_days=1; final_tier=TIER1_NORMAL
BREAK_RESOLVED,trade_stage,binance:6582454453|confirm,2026-08-20T00:00:00+00:00,resolution_days=1; final_tier=TIER1_NORMAL
BREAK_RESOLVED,trade_stage,binance:6582454550|confirm,2026-08-20T00:00:00+00:00,resolution_days=1; final_tier=TIER1_NORMAL
BREAK_RESOLVED,trade_stage,binance:6582454564|confirm,2026-08-20T00:00:00+00:00,resolution_days=1; final_tier=TIER1_NORMAL
BREAK_RESOLVED,trade_stage,binance:6582454840|confirm,2026-08-20T00:00:00+00:00,resolution_days=1; final_tier=TIER1_NORMAL
BREAK_RESOLVED,trade_stage,binance:6582454911|confirm,2026-08-20T00:00:00+00:00,resolution_days=1; final_tier=TIER1_NORMAL
BREAK_RESOLVED,trade_stage,coinbase:1073148085|confirm,2026-08-20T00:00:00+00:00,resolution_days=1; final_tier=TIER1_NORMAL
BREAK_RESOLVED,trade_stage,binance:6582455285|confirm,2026-08-20T00:00:00+00:00,resolution_days=1; final_tier=TIER1_NORMAL
BREAK_RESOLVED,trade_stage,coinbase:1073148190|confirm,2026-08-20T00:00:00+00:00,resolution_days=1; final_tier=TIER1_NORMAL
BREAK_RESOLVED,trade_stage,coinbase:1073148205|confirm,2026-08-20T00:00:00+00:00,resolution_days=1; final_tier=TIER1_NORMAL
BREAK_RESOLVED,trade_stage,binance:6582455471|confirm,2026-08-20T00:00:00+00:00,resolution_days=1; final_tier=TIER1_NORMAL
BREAK_RESOLVED,trade_stage,binance:6582455548|confirm,2026-08-20T00:00:00+00:00,resolution_days=1; final_tier=TIER1_NORMAL
BREAK_RESOLVED,trade_stage,binance:6582455587|confirm,2026-08-20T00:00:00+00:00,resolution_days=1; final_tier=TIER1_NORMAL
BREAK_RESOLVED,trade_stage,binance:6582455593|confirm,2026-08-20T00:00:00+00:00,resolution_days=1; final_tier=TIER1_NORMAL
BREAK_RESOLVED,trade_stage,coinbase:1073148303|confirm,2026-08-20T00:00:00+00:00,resolution_days=1; final_tier=TIER1_NORMAL
BREAK_RESOLVED,trade_stage,binance:6582455706|confirm,2026-08-20T00:00:00+00:00,resolution_days=1; final_tier=TIER1_NORMAL
BREAK_RESOLVED,trade_stage,coinbase:1073148384|confirm,2026-08-20T00:00:00+00:00,resolution_days=1; final_tier=TIER1_NORMAL
BREAK_RESOLVED,trade_stage,coinbase:1073148386|confirm,2026-08-20T00:00:00+00:00,resolution_days=1; final_tier=TIER1_NORMAL
BREAK_RESOLVED,trade_stage,binance:6582456631|confirm,2026-08-20T00:00:00+00:00,resolution_days=1; final_tier=TIER1_NORMAL
BREAK_RESOLVED,trade_stage,binance:6582456780|confirm,2026-08-20T00:00:00+00:00,resolution_days=1; final_tier=TIER1_NORMAL
BREAK_RESOLVED,trade_stage,coinbase:1073148489|confirm,2026-08-20T00:00:00+00:00,resolution_days=1; final_tier=TIER1_NORMAL
BREAK_RESOLVED,trade_stage,binance:6582456808|confirm,2026-08-20T00:00:00+00:00,resolution_days=1; final_tier=TIER1_NORMAL
BREAK_RESOLVED,trade_stage,binance:6582456820|confirm,2026-08-20T00:00:00+00:00,resolution_days=1; final_tier=TIER1_NORMAL
BREAK_RESOLVED,trade_stage,kraken:105348596|confirm,2026-08-20T00:00:00+00:00,resolution_days=1; final_tier=TIER1_NORMAL
BREAK_RESOLVED,trade_stage,binance:6582456828|confirm,2026-08-20T00:00:00+00:00,resolution_days=1; final_tier=TIER1_NORMAL
BREAK_RESOLVED,trade_stage,coinbase:1073148570|confirm,2026-08-20T00:00:00+00:00,resolution_days=1; final_tier=TIER1_NORMAL
BREAK_RESOLVED,trade_stage,coinbase:1073148659|confirm,2026-08-20T00:00:00+00:00,resolution_days=1; final_tier=TIER1_NORMAL
BREAK_RESOLVED,trade_stage,binance:6582456925|confirm,2026-08-20T00:00:00+00:00,resolution_days=1; final_tier=TIER1_NORMAL
BREAK_RESOLVED,trade_stage,binance:6582456951|confirm,2026-08-20T00:00:00+00:00,resolution_days=1; final_tier=TIER1_NORMAL
BREAK_RESOLVED,trade_stage,coinbase:1073148700|confirm,2026-08-20T00:00:00+00:00,resolution_days=1; final_tier=TIER1_NORMAL
BREAK_RESOLVED,trade_stage,coinbase:1073148748|confirm,2026-08-20T00:00:00+00:00,resolution_days=1; final_tier=TIER1_NORMAL
BREAK_RESOLVED,trade_stage,binance:6582457315|confirm,2026-08-20T00:00:00+00:00,resolution_days=1; final_tier=TIER1_NORMAL
BREAK_RESOLVED,trade_stage,binance:6582457358|confirm,2026-08-20T00:00:00+00:00,resolution_days=1; final_tier=TIER1_NORMAL
BREAK_RESOLVED,trade_stage,binance:6582457394|confirm,2026-08-20T00:00:00+00:00,resolution_days=1; final_tier=TIER1_NORMAL
BREAK_RESOLVED,trade_stage,binance:6582457428|confirm,2026-08-20T00:00:00+00:00,resolution_days=1; final_tier=TIER1_NORMAL
BREAK_RESOLVED,trade_stage,binance:6582457438|confirm,2026-08-20T00:00:00+00:00,resolution_days=1; final_tier=TIER1_NORMAL
BREAK_RESOLVED,trade_stage,binance:6582457641|confirm,2026-08-20T00:00:00+00:00,resolution_days=1; final_tier=TIER1_NORMAL
BREAK_RESOLVED,trade_stage,binance:6582457719|confirm,2026-08-20T00:00:00+00:00,resolution_days=1; final_tier=TIER1_NORMAL
BREAK_RESOLVED,trade_stage,binance:6582457762|confirm,2026-08-20T00:00:00+00:00,resolution_days=1; final_tier=TIER1_NORMAL
BREAK_RESOLVED,trade_stage,coinbase:1073148796|confirm,2026-08-20T00:00:00+00:00,resolution_days=1; final_tier=TIER1_NORMAL
BREAK_RESOLVED,trade_stage,coinbase:1073148844|confirm,2026-08-20T00:00:00+00:00,resolution_days=1; final_tier=TIER1_NORMAL
BREAK_RESOLVED,trade_stage,binance:6582458049|confirm,2026-08-20T00:00:00+00:00,resolution_days=1; final_tier=TIER1_NORMAL
BREAK_RESOLVED,trade_stage,coinbase:1073148896|confirm,2026-08-20T00:00:00+00:00,resolution_days=1; final_tier=TIER1_NORMAL
BREAK_RESOLVED,trade_stage,binance:6582458299|confirm,2026-08-20T00:00:00+00:00,resolution_days=1; final_tier=TIER1_NORMAL
BREAK_RESOLVED,trade_stage,coinbase:1073148921|confirm,2026-08-20T00:00:00+00:00,resolution_days=1; final_tier=TIER1_NORMAL
BREAK_RESOLVED,trade_stage,coinbase:1073148954|confirm,2026-08-20T00:00:00+00:00,resolution_days=1; final_tier=TIER1_NORMAL
BREAK_RESOLVED,trade_stage,binance:6582458729|confirm,2026-08-20T00:00:00+00:00,resolution_days=1; final_tier=TIER1_NORMAL
BREAK_RESOLVED,trade_stage,coinbase:1073148972|confirm,2026-08-20T00:00:00+00:00,resolution_days=1; final_tier=TIER1_NORMAL
BREAK_RESOLVED,trade_stage,coinbase:1073149000|confirm,2026-08-20T00:00:00+00:00,resolution_days=1; final_tier=TIER1_NORMAL
BREAK_RESOLVED,trade_stage,binance:6582459268|confirm,2026-08-20T00:00:00+00:00,resolution_days=1; final_tier=TIER1_NORMAL
BREAK_RESOLVED,trade_stage,coinbase:1073149076|confirm,2026-08-20T00:00:00+00:00,resolution_days=1; final_tier=TIER1_NORMAL
BREAK_RESOLVED,trade_stage,binance:6582459767|confirm,2026-08-20T00:00:00+00:00,resolution_days=1; final_tier=TIER1_NORMAL
BREAK_RESOLVED,trade_stage,binance:6582459778|confirm,2026-08-20T00:00:00+00:00,resolution_days=1; final_tier=TIER1_NORMAL
BREAK_RESOLVED,trade_stage,coinbase:1073149151|confirm,2026-08-20T00:00:00+00:00,resolution_days=1; final_tier=TIER1_NORMAL
BREAK_RESOLVED,trade_stage,coinbase:1073149168|confirm,2026-08-20T00:00:00+00:00,resolution_days=1; final_tier=TIER1_NORMAL
BREAK_RESOLVED,trade_stage,binance:6582460102|confirm,2026-08-20T00:00:00+00:00,resolution_days=1; final_tier=TIER1_NORMAL
BREAK_RESOLVED,trade_stage,binance:6582460172|confirm,2026-08-20T00:00:00+00:00,resolution_days=1; final_tier=TIER1_NORMAL
BREAK_RESOLVED,trade_stage,coinbase:1073149225|confirm,2026-08-20T00:00:00+00:00,resolution_days=1; final_tier=TIER1_NORMAL
BREAK_RESOLVED,trade_stage,binance:6582460253|confirm,2026-08-20T00:00:00+00:00,resolution_days=1; final_tier=TIER1_NORMAL
BREAK_RESOLVED,trade_stage,coinbase:1073149276|confirm,2026-08-20T00:00:00+00:00,resolution_days=1; final_tier=TIER1_NORMAL
BREAK_RESOLVED,trade_stage,binance:6582460437|confirm,2026-08-20T00:00:00+00:00,resolution_days=1; final_tier=TIER1_NORMAL
BREAK_RESOLVED,trade_stage,coinbase:1073149294|confirm,2026-08-20T00:00:00+00:00,resolution_days=1; final_tier=TIER1_NORMAL
BREAK_RESOLVED,trade_stage,binance:6582460715|confirm,2026-08-20T00:00:00+00:00,resolution_days=1; final_tier=TIER1_NORMAL
BREAK_RESOLVED,trade_stage,binance:6582460903|confirm,2026-08-20T00:00:00+00:00,resolution_days=1; final_tier=TIER1_NORMAL
BREAK_RESOLVED,trade_stage,coinbase:1073149365|confirm,2026-08-20T00:00:00+00:00,resolution_days=1; final_tier=TIER1_NORMAL
BREAK_RESOLVED,trade_stage,coinbase:1073149400|confirm,2026-08-20T00:00:00+00:00,resolution_days=1; final_tier=TIER1_NORMAL
BREAK_RESOLVED,trade_stage,binance:6582461326|confirm,2026-08-20T00:00:00+00:00,resolution_days=1; final_tier=TIER1_NORMAL
BREAK_RESOLVED,trade_stage,coinbase:1073149455|confirm,2026-08-20T00:00:00+00:00,resolution_days=1; final_tier=TIER1_NORMAL
BREAK_RESOLVED,trade_stage,binance:6582461393|confirm,2026-08-20T00:00:00+00:00,resolution_days=1; final_tier=TIER1_NORMAL
BREAK_RESOLVED,trade_stage,coinbase:1073149489|confirm,2026-08-20T00:00:00+00:00,resolution_days=1; final_tier=TIER1_NORMAL
BREAK_RESOLVED,trade_stage,kraken:105348687|confirm,2026-08-20T00:00:00+00:00,resolution_days=1; final_tier=TIER1_NORMAL
BREAK_RESOLVED,trade_stage,binance:6582461560|confirm,2026-08-20T00:00:00+00:00,resolution_days=1; final_tier=TIER1_NORMAL
BREAK_RESOLVED,trade_stage,binance:6582461670|confirm,2026-08-20T00:00:00+00:00,resolution_days=1; final_tier=TIER1_NORMAL
BREAK_RESOLVED,trade_stage,coinbase:1073149527|confirm,2026-08-20T00:00:00+00:00,resolution_days=1; final_tier=TIER1_NORMAL
BREAK_RESOLVED,trade_stage,coinbase:1073149523|confirm,2026-08-20T00:00:00+00:00,resolution_days=1; final_tier=TIER1_NORMAL
BREAK_RESOLVED,trade_stage,binance:6582461715|confirm,2026-08-20T00:00:00+00:00,resolution_days=1; final_tier=TIER1_NORMAL
BREAK_RESOLVED,trade_stage,coinbase:1073149551|confirm,2026-08-20T00:00:00+00:00,resolution_days=1; final_tier=TIER1_NORMAL
BREAK_RESOLVED,trade_stage,coinbase:1073149634|confirm,2026-08-20T00:00:00+00:00,resolution_days=1; final_tier=TIER1_NORMAL
BREAK_RESOLVED,trade_stage,coinbase:1073149663|confirm,2026-08-20T00:00:00+00:00,resolution_days=1; final_tier=TIER1_NORMAL
BREAK_RESOLVED,trade_stage,coinbase:1073149752|confirm,2026-08-20T00:00:00+00:00,resolution_days=1; final_tier=TIER1_NORMAL
BREAK_RESOLVED,trade_stage,coinbase:1073149766|confirm,2026-08-20T00:00:00+00:00,resolution_days=1; final_tier=TIER1_NORMAL
BREAK_RESOLVED,trade_stage,binance:6582462572|confirm,2026-08-20T00:00:00+00:00,resolution_days=1; final_tier=TIER1_NORMAL
BREAK_RESOLVED,trade_stage,binance:6582462807|confirm,2026-08-20T00:00:00+00:00,resolution_days=1; final_tier=TIER1_NORMAL
BREAK_RESOLVED,trade_stage,binance:6582462877|confirm,2026-08-20T00:00:00+00:00,resolution_days=1; final_tier=TIER1_NORMAL
BREAK_RESOLVED,trade_stage,binance:6582462913|confirm,2026-08-20T00:00:00+00:00,resolution_days=1; final_tier=TIER1_NORMAL
BREAK_RESOLVED,trade_stage,binance:6582463084|confirm,2026-08-20T00:00:00+00:00,resolution_days=1; final_tier=TIER1_NORMAL
BREAK_RESOLVED,trade_stage,kraken:105348732|confirm,2026-08-20T00:00:00+00:00,resolution_days=1; final_tier=TIER1_NORMAL
BREAK_RESOLVED,trade_stage,binance:6582463135|confirm,2026-08-20T00:00:00+00:00,resolution_days=1; final_tier=TIER1_NORMAL
BREAK_RESOLVED,trade_stage,binance:6582463225|confirm,2026-08-20T00:00:00+00:00,resolution_days=1; final_tier=TIER1_NORMAL
BREAK_RESOLVED,trade_stage,coinbase:1073150079|confirm,2026-08-20T00:00:00+00:00,resolution_days=1; final_tier=TIER1_NORMAL
BREAK_RESOLVED,trade_stage,coinbase:1073150097|confirm,2026-08-20T00:00:00+00:00,resolution_days=1; final_tier=TIER1_NORMAL
BREAK_RESOLVED,trade_stage,coinbase:1073150133|confirm,2026-08-20T00:00:00+00:00,resolution_days=1; final_tier=TIER1_NORMAL
BREAK_RESOLVED,trade_stage,binance:6582463636|confirm,2026-08-20T00:00:00+00:00,resolution_days=1; final_tier=TIER1_NORMAL
BREAK_RESOLVED,trade_stage,coinbase:1073150147|confirm,2026-08-20T00:00:00+00:00,resolution_days=1; final_tier=TIER1_NORMAL
BREAK_RESOLVED,trade_stage,coinbase:1073150216|confirm,2026-08-20T00:00:00+00:00,resolution_days=1; final_tier=TIER1_NORMAL
BREAK_RESOLVED,trade_stage,binance:6582463938|confirm,2026-08-20T00:00:00+00:00,resolution_days=1; final_tier=TIER1_NORMAL
BREAK_RESOLVED,trade_stage,binance:6582464026|confirm,2026-08-20T00:00:00+00:00,resolution_days=1; final_tier=TIER1_NORMAL
BREAK_RESOLVED,trade_stage,coinbase:1073150309|confirm,2026-08-20T00:00:00+00:00,resolution_days=1; final_tier=TIER1_NORMAL
BREAK_RESOLVED,trade_stage,binance:6582464181|confirm,2026-08-20T00:00:00+00:00,resolution_days=1; final_tier=TIER1_NORMAL
BREAK_RESOLVED,trade_stage,binance:6582464186|confirm,2026-08-20T00:00:00+00:00,resolution_days=1; final_tier=TIER1_NORMAL
BREAK_RESOLVED,trade_stage,binance:6582464358|confirm,2026-08-20T00:00:00+00:00,resolution_days=1; final_tier=TIER1_NORMAL
BREAK_RESOLVED,trade_stage,binance:6582464362|confirm,2026-08-20T00:00:00+00:00,resolution_days=1; final_tier=TIER1_NORMAL
BREAK_RESOLVED,trade_stage,coinbase:1073150379|confirm,2026-08-20T00:00:00+00:00,resolution_days=1; final_tier=TIER1_NORMAL
BREAK_RESOLVED,trade_stage,binance:6582464480|confirm,2026-08-20T00:00:00+00:00,resolution_days=1; final_tier=TIER1_NORMAL
BREAK_RESOLVED,trade_stage,binance:6582464482|confirm,2026-08-20T00:00:00+00:00,resolution_days=1; final_tier=TIER1_NORMAL
BREAK_RESOLVED,trade_stage,coinbase:1073150470|confirm,2026-08-20T00:00:00+00:00,resolution_days=1; final_tier=TIER1_NORMAL
BREAK_RESOLVED,trade_stage,coinbase:1073150473|confirm,2026-08-20T00:00:00+00:00,resolution_days=1; final_tier=TIER1_NORMAL
BREAK_RESOLVED,trade_stage,coinbase:1073150474|confirm,2026-08-20T00:00:00+00:00,resolution_days=1; final_tier=TIER1_NORMAL
BREAK_RESOLVED,trade_stage,binance:6582464580|confirm,2026-08-20T00:00:00+00:00,resolution_days=1; final_tier=TIER1_NORMAL
BREAK_RESOLVED,trade_stage,binance:6582464818|confirm,2026-08-20T00:00:00+00:00,resolution_days=1; final_tier=TIER1_NORMAL
BREAK_RESOLVED,trade_stage,binance:6582464914|confirm,2026-08-20T00:00:00+00:00,resolution_days=1; final_tier=TIER1_NORMAL
BREAK_RESOLVED,trade_stage,binance:6582465050|confirm,2026-08-20T00:00:00+00:00,resolution_days=1; final_tier=TIER1_NORMAL
BREAK_RESOLVED,trade_stage,binance:6582465189|confirm,2026-08-20T00:00:00+00:00,resolution_days=1; final_tier=TIER1_NORMAL
BREAK_RESOLVED,trade_stage,binance:6582465245|confirm,2026-08-20T00:00:00+00:00,resolution_days=1; final_tier=TIER1_NORMAL
BREAK_RESOLVED,trade_stage,binance:6582465285|confirm,2026-08-20T00:00:00+00:00,resolution_days=1; final_tier=TIER1_NORMAL
BREAK_RESOLVED,trade_stage,coinbase:1073150646|confirm,2026-08-20T00:00:00+00:00,resolution_days=1; final_tier=TIER1_NORMAL
BREAK_RESOLVED,trade_stage,kraken:105348811|confirm,2026-08-20T00:00:00+00:00,resolution_days=1; final_tier=TIER1_NORMAL
BREAK_RESOLVED,trade_stage,kraken:105347876|clearing,2026-08-21T00:00:00+00:00,resolution_days=2; final_tier=TIER1_NORMAL
BREAK_RESOLVED,trade_stage,kraken:105347895|clearing,2026-08-21T00:00:00+00:00,resolution_days=2; final_tier=TIER1_NORMAL
BREAK_RESOLVED,trade_stage,kraken:105348031|clearing,2026-08-21T00:00:00+00:00,resolution_days=2; final_tier=TIER1_NORMAL
BREAK_RESOLVED,trade_stage,kraken:105348131|clearing,2026-08-21T00:00:00+00:00,resolution_days=2; final_tier=TIER1_NORMAL
BREAK_RESOLVED,trade_stage,kraken:105348250|clearing,2026-08-21T00:00:00+00:00,resolution_days=2; final_tier=TIER1_NORMAL
BREAK_RESOLVED,trade_stage,kraken:105348273|clearing,2026-08-21T00:00:00+00:00,resolution_days=2; final_tier=TIER1_NORMAL
BREAK_RESOLVED,trade_stage,coinbase:1073145751|clearing,2026-08-21T00:00:00+00:00,resolution_days=2; final_tier=TIER1_NORMAL
BREAK_RESOLVED,trade_stage,coinbase:1073145874|clearing,2026-08-21T00:00:00+00:00,resolution_days=2; final_tier=TIER1_NORMAL
BREAK_RESOLVED,trade_stage,coinbase:1073145957|clearing,2026-08-21T00:00:00+00:00,resolution_days=2; final_tier=TIER1_NORMAL
BREAK_RESOLVED,trade_stage,coinbase:1073145974|clearing,2026-08-21T00:00:00+00:00,resolution_days=2; final_tier=TIER1_NORMAL
BREAK_RESOLVED,trade_stage,coinbase:1073146056|clearing,2026-08-21T00:00:00+00:00,resolution_days=2; final_tier=TIER1_NORMAL
BREAK_RESOLVED,trade_stage,coinbase:1073146101|clearing,2026-08-21T00:00:00+00:00,resolution_days=2; final_tier=TIER1_NORMAL
BREAK_RESOLVED,trade_stage,coinbase:1073146290|clearing,2026-08-21T00:00:00+00:00,resolution_days=2; final_tier=TIER1_NORMAL
BREAK_RESOLVED,trade_stage,coinbase:1073146320|clearing,2026-08-21T00:00:00+00:00,resolution_days=2; final_tier=TIER1_NORMAL
BREAK_RESOLVED,trade_stage,coinbase:1073146426|clearing,2026-08-21T00:00:00+00:00,resolution_days=2; final_tier=TIER1_NORMAL
BREAK_RESOLVED,trade_stage,coinbase:1073146429|clearing,2026-08-21T00:00:00+00:00,resolution_days=2; final_tier=TIER1_NORMAL
BREAK_RESOLVED,trade_stage,coinbase:1073146470|clearing,2026-08-21T00:00:00+00:00,resolution_days=2; final_tier=TIER1_NORMAL
BREAK_RESOLVED,trade_stage,coinbase:1073146472|clearing,2026-08-21T00:00:00+00:00,resolution_days=2; final_tier=TIER1_NORMAL
BREAK_RESOLVED,trade_stage,coinbase:1073146481|clearing,2026-08-21T00:00:00+00:00,resolution_days=2; final_tier=TIER1_NORMAL
BREAK_RESOLVED,trade_stage,coinbase:1073146501|clearing,2026-08-21T00:00:00+00:00,resolution_days=2; final_tier=TIER1_NORMAL
BREAK_RESOLVED,trade_stage,coinbase:1073146520|clearing,2026-08-21T00:00:00+00:00,resolution_days=2; final_tier=TIER1_NORMAL
BREAK_RESOLVED,trade_stage,kraken:105348385|clearing,2026-08-21T00:00:00+00:00,resolution_days=2; final_tier=TIER1_NORMAL
BREAK_RESOLVED,trade_stage,coinbase:1073146730|clearing,2026-08-21T00:00:00+00:00,resolution_days=2; final_tier=TIER1_NORMAL
BREAK_RESOLVED,trade_stage,coinbase:1073146778|clearing,2026-08-21T00:00:00+00:00,resolution_days=2; final_tier=TIER1_NORMAL
BREAK_RESOLVED,trade_stage,coinbase:1073146780|clearing,2026-08-21T00:00:00+00:00,resolution_days=2; final_tier=TIER1_NORMAL
BREAK_RESOLVED,trade_stage,coinbase:1073146805|clearing,2026-08-21T00:00:00+00:00,resolution_days=2; final_tier=TIER1_NORMAL
BREAK_RESOLVED,trade_stage,coinbase:1073146809|clearing,2026-08-21T00:00:00+00:00,resolution_days=2; final_tier=TIER1_NORMAL
BREAK_RESOLVED,trade_stage,coinbase:1073146816|clearing,2026-08-21T00:00:00+00:00,resolution_days=2; final_tier=TIER1_NORMAL
BREAK_RESOLVED,trade_stage,coinbase:1073146832|clearing,2026-08-21T00:00:00+00:00,resolution_days=2; final_tier=TIER1_NORMAL
BREAK_RESOLVED,trade_stage,coinbase:1073146834|clearing,2026-08-21T00:00:00+00:00,resolution_days=2; final_tier=TIER1_NORMAL
BREAK_RESOLVED,trade_stage,coinbase:1073147035|clearing,2026-08-21T00:00:00+00:00,resolution_days=2; final_tier=TIER1_NORMAL
BREAK_RESOLVED,trade_stage,coinbase:1073147043|clearing,2026-08-21T00:00:00+00:00,resolution_days=2; final_tier=TIER1_NORMAL
BREAK_RESOLVED,trade_stage,binance:6582449729|clearing,2026-08-21T00:00:00+00:00,resolution_days=2; final_tier=TIER1_NORMAL
BREAK_RESOLVED,trade_stage,binance:6582449776|clearing,2026-08-21T00:00:00+00:00,resolution_days=2; final_tier=TIER1_NORMAL
BREAK_RESOLVED,trade_stage,coinbase:1073147115|clearing,2026-08-21T00:00:00+00:00,resolution_days=2; final_tier=TIER1_NORMAL
BREAK_RESOLVED,trade_stage,binance:6582450164|clearing,2026-08-21T00:00:00+00:00,resolution_days=2; final_tier=TIER1_NORMAL
BREAK_RESOLVED,trade_stage,coinbase:1073147158|clearing,2026-08-21T00:00:00+00:00,resolution_days=2; final_tier=TIER1_NORMAL
BREAK_RESOLVED,trade_stage,coinbase:1073147216|clearing,2026-08-21T00:00:00+00:00,resolution_days=2; final_tier=TIER1_NORMAL
BREAK_RESOLVED,trade_stage,binance:6582450699|clearing,2026-08-21T00:00:00+00:00,resolution_days=2; final_tier=TIER1_NORMAL
BREAK_RESOLVED,trade_stage,binance:6582450781|clearing,2026-08-21T00:00:00+00:00,resolution_days=2; final_tier=TIER1_NORMAL
BREAK_RESOLVED,trade_stage,coinbase:1073147250|clearing,2026-08-21T00:00:00+00:00,resolution_days=2; final_tier=TIER1_NORMAL
BREAK_RESOLVED,trade_stage,coinbase:1073147247|clearing,2026-08-21T00:00:00+00:00,resolution_days=2; final_tier=TIER1_NORMAL
BREAK_RESOLVED,trade_stage,coinbase:1073147259|clearing,2026-08-21T00:00:00+00:00,resolution_days=2; final_tier=TIER1_NORMAL
BREAK_RESOLVED,trade_stage,coinbase:1073147261|clearing,2026-08-21T00:00:00+00:00,resolution_days=2; final_tier=TIER1_NORMAL
BREAK_RESOLVED,trade_stage,kraken:105348466|clearing,2026-08-21T00:00:00+00:00,resolution_days=2; final_tier=TIER1_NORMAL
BREAK_RESOLVED,trade_stage,binance:6582450939|clearing,2026-08-21T00:00:00+00:00,resolution_days=2; final_tier=TIER1_NORMAL
BREAK_RESOLVED,trade_stage,binance:6582451044|clearing,2026-08-21T00:00:00+00:00,resolution_days=2; final_tier=TIER1_NORMAL
BREAK_RESOLVED,trade_stage,coinbase:1073147310|clearing,2026-08-21T00:00:00+00:00,resolution_days=2; final_tier=TIER1_NORMAL
BREAK_RESOLVED,trade_stage,coinbase:1073147315|clearing,2026-08-21T00:00:00+00:00,resolution_days=2; final_tier=TIER1_NORMAL
BREAK_RESOLVED,trade_stage,coinbase:1073147367|clearing,2026-08-21T00:00:00+00:00,resolution_days=2; final_tier=TIER1_NORMAL
BREAK_RESOLVED,trade_stage,binance:6582451498|clearing,2026-08-21T00:00:00+00:00,resolution_days=2; final_tier=TIER1_NORMAL
BREAK_RESOLVED,trade_stage,binance:6582451512|clearing,2026-08-21T00:00:00+00:00,resolution_days=2; final_tier=TIER1_NORMAL
BREAK_RESOLVED,trade_stage,binance:6582451941|clearing,2026-08-21T00:00:00+00:00,resolution_days=2; final_tier=TIER1_NORMAL
BREAK_RESOLVED,trade_stage,kraken:105348481|clearing,2026-08-21T00:00:00+00:00,resolution_days=2; final_tier=TIER1_NORMAL
BREAK_RESOLVED,trade_stage,binance:6582452207|clearing,2026-08-21T00:00:00+00:00,resolution_days=2; final_tier=TIER1_NORMAL
BREAK_RESOLVED,trade_stage,binance:6582452238|clearing,2026-08-21T00:00:00+00:00,resolution_days=2; final_tier=TIER1_NORMAL
BREAK_RESOLVED,trade_stage,binance:6582452322|clearing,2026-08-21T00:00:00+00:00,resolution_days=2; final_tier=TIER1_NORMAL
BREAK_RESOLVED,trade_stage,coinbase:1073147467|clearing,2026-08-21T00:00:00+00:00,resolution_days=2; final_tier=TIER1_NORMAL
BREAK_RESOLVED,trade_stage,binance:6582452482|clearing,2026-08-21T00:00:00+00:00,resolution_days=2; final_tier=TIER1_NORMAL
BREAK_RESOLVED,trade_stage,binance:6582452663|clearing,2026-08-21T00:00:00+00:00,resolution_days=2; final_tier=TIER1_NORMAL
BREAK_RESOLVED,trade_stage,binance:6582452688|clearing,2026-08-21T00:00:00+00:00,resolution_days=2; final_tier=TIER1_NORMAL
BREAK_RESOLVED,trade_stage,binance:6582452712|clearing,2026-08-21T00:00:00+00:00,resolution_days=2; final_tier=TIER1_NORMAL
BREAK_RESOLVED,trade_stage,binance:6582452752|clearing,2026-08-21T00:00:00+00:00,resolution_days=2; final_tier=TIER1_NORMAL
BREAK_RESOLVED,trade_stage,coinbase:1073147526|clearing,2026-08-21T00:00:00+00:00,resolution_days=2; final_tier=TIER1_NORMAL
BREAK_RESOLVED,trade_stage,coinbase:1073147546|clearing,2026-08-21T00:00:00+00:00,resolution_days=2; final_tier=TIER1_NORMAL
BREAK_RESOLVED,trade_stage,coinbase:1073147552|clearing,2026-08-21T00:00:00+00:00,resolution_days=2; final_tier=TIER1_NORMAL
BREAK_RESOLVED,trade_stage,coinbase:1073147568|clearing,2026-08-21T00:00:00+00:00,resolution_days=2; final_tier=TIER1_NORMAL
BREAK_RESOLVED,trade_stage,binance:6582452947|clearing,2026-08-21T00:00:00+00:00,resolution_days=2; final_tier=TIER1_NORMAL
BREAK_RESOLVED,trade_stage,binance:6582453157|clearing,2026-08-21T00:00:00+00:00,resolution_days=2; final_tier=TIER1_NORMAL
BREAK_RESOLVED,trade_stage,coinbase:1073147591|clearing,2026-08-21T00:00:00+00:00,resolution_days=2; final_tier=TIER1_NORMAL
BREAK_RESOLVED,trade_stage,coinbase:1073147594|clearing,2026-08-21T00:00:00+00:00,resolution_days=2; final_tier=TIER1_NORMAL
BREAK_RESOLVED,trade_stage,coinbase:1073147633|clearing,2026-08-21T00:00:00+00:00,resolution_days=2; final_tier=TIER1_NORMAL
BREAK_RESOLVED,trade_stage,coinbase:1073147646|clearing,2026-08-21T00:00:00+00:00,resolution_days=2; final_tier=TIER1_NORMAL
BREAK_RESOLVED,trade_stage,coinbase:1073147652|clearing,2026-08-21T00:00:00+00:00,resolution_days=2; final_tier=TIER1_NORMAL
BREAK_RESOLVED,trade_stage,binance:6582453391|clearing,2026-08-21T00:00:00+00:00,resolution_days=2; final_tier=TIER1_NORMAL
BREAK_RESOLVED,trade_stage,binance:6582453515|clearing,2026-08-21T00:00:00+00:00,resolution_days=2; final_tier=TIER1_NORMAL
BREAK_RESOLVED,trade_stage,binance:6582453569|clearing,2026-08-21T00:00:00+00:00,resolution_days=2; final_tier=TIER1_NORMAL
BREAK_RESOLVED,trade_stage,coinbase:1073147752|clearing,2026-08-21T00:00:00+00:00,resolution_days=2; final_tier=TIER1_NORMAL
BREAK_RESOLVED,trade_stage,coinbase:1073147801|clearing,2026-08-21T00:00:00+00:00,resolution_days=2; final_tier=TIER1_NORMAL
BREAK_RESOLVED,trade_stage,coinbase:1073147872|clearing,2026-08-21T00:00:00+00:00,resolution_days=2; final_tier=TIER1_NORMAL
BREAK_RESOLVED,trade_stage,binance:6582453906|clearing,2026-08-21T00:00:00+00:00,resolution_days=2; final_tier=TIER1_NORMAL
BREAK_RESOLVED,trade_stage,coinbase:1073147894|clearing,2026-08-21T00:00:00+00:00,resolution_days=2; final_tier=TIER1_NORMAL
BREAK_RESOLVED,trade_stage,binance:6582454143|clearing,2026-08-21T00:00:00+00:00,resolution_days=2; final_tier=TIER1_NORMAL
BREAK_RESOLVED,trade_stage,binance:6582454290|clearing,2026-08-21T00:00:00+00:00,resolution_days=2; final_tier=TIER1_NORMAL
BREAK_RESOLVED,trade_stage,binance:6582454292|clearing,2026-08-21T00:00:00+00:00,resolution_days=2; final_tier=TIER1_NORMAL
BREAK_RESOLVED,trade_stage,binance:6582454322|clearing,2026-08-21T00:00:00+00:00,resolution_days=2; final_tier=TIER1_NORMAL
BREAK_RESOLVED,trade_stage,coinbase:1073147913|clearing,2026-08-21T00:00:00+00:00,resolution_days=2; final_tier=TIER1_NORMAL
BREAK_RESOLVED,trade_stage,coinbase:1073147959|clearing,2026-08-21T00:00:00+00:00,resolution_days=2; final_tier=TIER1_NORMAL
BREAK_RESOLVED,trade_stage,kraken:105348537|clearing,2026-08-21T00:00:00+00:00,resolution_days=2; final_tier=TIER1_NORMAL
BREAK_RESOLVED,trade_stage,binance:6582454755|clearing,2026-08-21T00:00:00+00:00,resolution_days=2; final_tier=TIER1_NORMAL
BREAK_RESOLVED,trade_stage,coinbase:1073148041|clearing,2026-08-21T00:00:00+00:00,resolution_days=2; final_tier=TIER1_NORMAL
BREAK_RESOLVED,trade_stage,coinbase:1073148066|clearing,2026-08-21T00:00:00+00:00,resolution_days=2; final_tier=TIER1_NORMAL
BREAK_RESOLVED,trade_stage,coinbase:1073148085|clearing,2026-08-21T00:00:00+00:00,resolution_days=2; final_tier=TIER1_NORMAL
BREAK_RESOLVED,trade_stage,binance:6582455190|clearing,2026-08-21T00:00:00+00:00,resolution_days=2; final_tier=TIER1_NORMAL
BREAK_RESOLVED,trade_stage,binance:6582455200|clearing,2026-08-21T00:00:00+00:00,resolution_days=2; final_tier=TIER1_NORMAL
BREAK_RESOLVED,trade_stage,binance:6582455214|clearing,2026-08-21T00:00:00+00:00,resolution_days=2; final_tier=TIER1_NORMAL
BREAK_RESOLVED,trade_stage,binance:6582455344|clearing,2026-08-21T00:00:00+00:00,resolution_days=2; final_tier=TIER1_NORMAL
BREAK_RESOLVED,trade_stage,coinbase:1073148159|clearing,2026-08-21T00:00:00+00:00,resolution_days=2; final_tier=TIER1_NORMAL
BREAK_RESOLVED,trade_stage,coinbase:1073148184|clearing,2026-08-21T00:00:00+00:00,resolution_days=2; final_tier=TIER1_NORMAL
BREAK_RESOLVED,trade_stage,coinbase:1073148202|clearing,2026-08-21T00:00:00+00:00,resolution_days=2; final_tier=TIER1_NORMAL
BREAK_RESOLVED,trade_stage,binance:6582455603|clearing,2026-08-21T00:00:00+00:00,resolution_days=2; final_tier=TIER1_NORMAL
BREAK_RESOLVED,trade_stage,binance:6582455628|clearing,2026-08-21T00:00:00+00:00,resolution_days=2; final_tier=TIER1_NORMAL
BREAK_RESOLVED,trade_stage,binance:6582455630|clearing,2026-08-21T00:00:00+00:00,resolution_days=2; final_tier=TIER1_NORMAL
BREAK_RESOLVED,trade_stage,kraken:105348557|clearing,2026-08-21T00:00:00+00:00,resolution_days=2; final_tier=TIER1_NORMAL
BREAK_RESOLVED,trade_stage,binance:6582455941|clearing,2026-08-21T00:00:00+00:00,resolution_days=2; final_tier=TIER1_NORMAL
BREAK_RESOLVED,trade_stage,binance:6582456006|clearing,2026-08-21T00:00:00+00:00,resolution_days=2; final_tier=TIER1_NORMAL
BREAK_RESOLVED,trade_stage,binance:6582456153|clearing,2026-08-21T00:00:00+00:00,resolution_days=2; final_tier=TIER1_NORMAL
BREAK_RESOLVED,trade_stage,binance:6582456329|clearing,2026-08-21T00:00:00+00:00,resolution_days=2; final_tier=TIER1_NORMAL
BREAK_RESOLVED,trade_stage,binance:6582456484|clearing,2026-08-21T00:00:00+00:00,resolution_days=2; final_tier=TIER1_NORMAL
BREAK_RESOLVED,trade_stage,binance:6582456519|clearing,2026-08-21T00:00:00+00:00,resolution_days=2; final_tier=TIER1_NORMAL
BREAK_RESOLVED,trade_stage,binance:6582456709|clearing,2026-08-21T00:00:00+00:00,resolution_days=2; final_tier=TIER1_NORMAL
BREAK_RESOLVED,trade_stage,coinbase:1073148461|clearing,2026-08-21T00:00:00+00:00,resolution_days=2; final_tier=TIER1_NORMAL
BREAK_RESOLVED,trade_stage,coinbase:1073148475|clearing,2026-08-21T00:00:00+00:00,resolution_days=2; final_tier=TIER1_NORMAL
BREAK_RESOLVED,trade_stage,coinbase:1073148522|clearing,2026-08-21T00:00:00+00:00,resolution_days=2; final_tier=TIER1_NORMAL
BREAK_RESOLVED,trade_stage,coinbase:1073148532|clearing,2026-08-21T00:00:00+00:00,resolution_days=2; final_tier=TIER1_NORMAL
BREAK_RESOLVED,trade_stage,coinbase:1073148608|clearing,2026-08-21T00:00:00+00:00,resolution_days=2; final_tier=TIER1_NORMAL
BREAK_RESOLVED,trade_stage,binance:6582456900|clearing,2026-08-21T00:00:00+00:00,resolution_days=2; final_tier=TIER1_NORMAL
BREAK_RESOLVED,trade_stage,binance:6582457069|clearing,2026-08-21T00:00:00+00:00,resolution_days=2; final_tier=TIER1_NORMAL
BREAK_RESOLVED,trade_stage,coinbase:1073148745|clearing,2026-08-21T00:00:00+00:00,resolution_days=2; final_tier=TIER1_NORMAL
BREAK_RESOLVED,trade_stage,binance:6582457297|clearing,2026-08-21T00:00:00+00:00,resolution_days=2; final_tier=TIER1_NORMAL
BREAK_RESOLVED,trade_stage,binance:6582457444|clearing,2026-08-21T00:00:00+00:00,resolution_days=2; final_tier=TIER1_NORMAL
BREAK_RESOLVED,trade_stage,binance:6582457528|clearing,2026-08-21T00:00:00+00:00,resolution_days=2; final_tier=TIER1_NORMAL
BREAK_RESOLVED,trade_stage,binance:6582457801|clearing,2026-08-21T00:00:00+00:00,resolution_days=2; final_tier=TIER1_NORMAL
BREAK_RESOLVED,trade_stage,binance:6582457841|clearing,2026-08-21T00:00:00+00:00,resolution_days=2; final_tier=TIER1_NORMAL
BREAK_RESOLVED,trade_stage,coinbase:1073148823|clearing,2026-08-21T00:00:00+00:00,resolution_days=2; final_tier=TIER1_NORMAL
BREAK_RESOLVED,trade_stage,binance:6582457894|clearing,2026-08-21T00:00:00+00:00,resolution_days=2; final_tier=TIER1_NORMAL
BREAK_RESOLVED,trade_stage,coinbase:1073148842|clearing,2026-08-21T00:00:00+00:00,resolution_days=2; final_tier=TIER1_NORMAL
BREAK_RESOLVED,trade_stage,kraken:105348622|clearing,2026-08-21T00:00:00+00:00,resolution_days=2; final_tier=TIER1_NORMAL
BREAK_RESOLVED,trade_stage,binance:6582458024|clearing,2026-08-21T00:00:00+00:00,resolution_days=2; final_tier=TIER1_NORMAL
BREAK_RESOLVED,trade_stage,coinbase:1073148895|clearing,2026-08-21T00:00:00+00:00,resolution_days=2; final_tier=TIER1_NORMAL
BREAK_RESOLVED,trade_stage,coinbase:1073148900|clearing,2026-08-21T00:00:00+00:00,resolution_days=2; final_tier=TIER1_NORMAL
BREAK_RESOLVED,trade_stage,binance:6582458166|clearing,2026-08-21T00:00:00+00:00,resolution_days=2; final_tier=TIER1_NORMAL
BREAK_RESOLVED,trade_stage,binance:6582458592|clearing,2026-08-21T00:00:00+00:00,resolution_days=2; final_tier=TIER1_NORMAL
BREAK_RESOLVED,trade_stage,binance:6582458929|clearing,2026-08-21T00:00:00+00:00,resolution_days=2; final_tier=TIER1_NORMAL
BREAK_RESOLVED,trade_stage,binance:6582458965|clearing,2026-08-21T00:00:00+00:00,resolution_days=2; final_tier=TIER1_NORMAL
BREAK_RESOLVED,trade_stage,binance:6582458978|clearing,2026-08-21T00:00:00+00:00,resolution_days=2; final_tier=TIER1_NORMAL
BREAK_RESOLVED,trade_stage,binance:6582459147|clearing,2026-08-21T00:00:00+00:00,resolution_days=2; final_tier=TIER1_NORMAL
BREAK_RESOLVED,trade_stage,binance:6582459202|clearing,2026-08-21T00:00:00+00:00,resolution_days=2; final_tier=TIER1_NORMAL
BREAK_RESOLVED,trade_stage,binance:6582459204|clearing,2026-08-21T00:00:00+00:00,resolution_days=2; final_tier=TIER1_NORMAL
BREAK_RESOLVED,trade_stage,binance:6582459214|clearing,2026-08-21T00:00:00+00:00,resolution_days=2; final_tier=TIER1_NORMAL
BREAK_RESOLVED,trade_stage,coinbase:1073149016|clearing,2026-08-21T00:00:00+00:00,resolution_days=2; final_tier=TIER1_NORMAL
BREAK_RESOLVED,trade_stage,binance:6582459281|clearing,2026-08-21T00:00:00+00:00,resolution_days=2; final_tier=TIER1_NORMAL
BREAK_RESOLVED,trade_stage,binance:6582459285|clearing,2026-08-21T00:00:00+00:00,resolution_days=2; final_tier=TIER1_NORMAL
BREAK_RESOLVED,trade_stage,coinbase:1073149078|clearing,2026-08-21T00:00:00+00:00,resolution_days=2; final_tier=TIER1_NORMAL
BREAK_RESOLVED,trade_stage,binance:6582459568|clearing,2026-08-21T00:00:00+00:00,resolution_days=2; final_tier=TIER1_NORMAL
BREAK_RESOLVED,trade_stage,binance:6582459760|clearing,2026-08-21T00:00:00+00:00,resolution_days=2; final_tier=TIER1_NORMAL
BREAK_RESOLVED,trade_stage,coinbase:1073149139|clearing,2026-08-21T00:00:00+00:00,resolution_days=2; final_tier=TIER1_NORMAL
BREAK_RESOLVED,trade_stage,binance:6582459937|clearing,2026-08-21T00:00:00+00:00,resolution_days=2; final_tier=TIER1_NORMAL
BREAK_RESOLVED,trade_stage,coinbase:1073149175|clearing,2026-08-21T00:00:00+00:00,resolution_days=2; final_tier=TIER1_NORMAL
BREAK_RESOLVED,trade_stage,coinbase:1073149200|clearing,2026-08-21T00:00:00+00:00,resolution_days=2; final_tier=TIER1_NORMAL
BREAK_RESOLVED,trade_stage,binance:6582460242|clearing,2026-08-21T00:00:00+00:00,resolution_days=2; final_tier=TIER1_NORMAL
BREAK_RESOLVED,trade_stage,coinbase:1073149233|clearing,2026-08-21T00:00:00+00:00,resolution_days=2; final_tier=TIER1_NORMAL
BREAK_RESOLVED,trade_stage,coinbase:1073149239|clearing,2026-08-21T00:00:00+00:00,resolution_days=2; final_tier=TIER1_NORMAL
BREAK_RESOLVED,trade_stage,kraken:105348650|clearing,2026-08-21T00:00:00+00:00,resolution_days=2; final_tier=TIER1_NORMAL
BREAK_RESOLVED,trade_stage,coinbase:1073149249|clearing,2026-08-21T00:00:00+00:00,resolution_days=2; final_tier=TIER1_NORMAL
BREAK_RESOLVED,trade_stage,binance:6582460332|clearing,2026-08-21T00:00:00+00:00,resolution_days=2; final_tier=TIER1_NORMAL
BREAK_RESOLVED,trade_stage,binance:6582460409|clearing,2026-08-21T00:00:00+00:00,resolution_days=2; final_tier=TIER1_NORMAL
BREAK_RESOLVED,trade_stage,binance:6582460602|clearing,2026-08-21T00:00:00+00:00,resolution_days=2; final_tier=TIER1_NORMAL
BREAK_RESOLVED,trade_stage,binance:6582460903|clearing,2026-08-21T00:00:00+00:00,resolution_days=2; final_tier=TIER1_NORMAL
BREAK_RESOLVED,trade_stage,binance:6582461295|clearing,2026-08-21T00:00:00+00:00,resolution_days=2; final_tier=TIER1_NORMAL
BREAK_RESOLVED,trade_stage,binance:6582461324|clearing,2026-08-21T00:00:00+00:00,resolution_days=2; final_tier=TIER1_NORMAL
BREAK_RESOLVED,trade_stage,coinbase:1073149451|clearing,2026-08-21T00:00:00+00:00,resolution_days=2; final_tier=TIER1_NORMAL
BREAK_RESOLVED,trade_stage,coinbase:1073149462|clearing,2026-08-21T00:00:00+00:00,resolution_days=2; final_tier=TIER1_NORMAL
BREAK_RESOLVED,trade_stage,binance:6582461545|clearing,2026-08-21T00:00:00+00:00,resolution_days=2; final_tier=TIER1_NORMAL
BREAK_RESOLVED,trade_stage,coinbase:1073149520|clearing,2026-08-21T00:00:00+00:00,resolution_days=2; final_tier=TIER1_NORMAL
BREAK_RESOLVED,trade_stage,coinbase:1073149585|clearing,2026-08-21T00:00:00+00:00,resolution_days=2; final_tier=TIER1_NORMAL
BREAK_RESOLVED,trade_stage,coinbase:1073149599|clearing,2026-08-21T00:00:00+00:00,resolution_days=2; final_tier=TIER1_NORMAL
BREAK_RESOLVED,trade_stage,binance:6582461855|clearing,2026-08-21T00:00:00+00:00,resolution_days=2; final_tier=TIER1_NORMAL
BREAK_RESOLVED,trade_stage,binance:6582462166|clearing,2026-08-21T00:00:00+00:00,resolution_days=2; final_tier=TIER1_NORMAL
BREAK_RESOLVED,trade_stage,binance:6582462175|clearing,2026-08-21T00:00:00+00:00,resolution_days=2; final_tier=TIER1_NORMAL
BREAK_RESOLVED,trade_stage,binance:6582462236|clearing,2026-08-21T00:00:00+00:00,resolution_days=2; final_tier=TIER1_NORMAL
BREAK_RESOLVED,trade_stage,coinbase:1073149740|clearing,2026-08-21T00:00:00+00:00,resolution_days=2; final_tier=TIER1_NORMAL
BREAK_RESOLVED,trade_stage,coinbase:1073149743|clearing,2026-08-21T00:00:00+00:00,resolution_days=2; final_tier=TIER1_NORMAL
BREAK_RESOLVED,trade_stage,binance:6582462397|clearing,2026-08-21T00:00:00+00:00,resolution_days=2; final_tier=TIER1_NORMAL
BREAK_RESOLVED,trade_stage,binance:6582462543|clearing,2026-08-21T00:00:00+00:00,resolution_days=2; final_tier=TIER1_NORMAL
BREAK_RESOLVED,trade_stage,binance:6582462659|clearing,2026-08-21T00:00:00+00:00,resolution_days=2; final_tier=TIER1_NORMAL
BREAK_RESOLVED,trade_stage,binance:6582462702|clearing,2026-08-21T00:00:00+00:00,resolution_days=2; final_tier=TIER1_NORMAL
BREAK_RESOLVED,trade_stage,coinbase:1073149832|clearing,2026-08-21T00:00:00+00:00,resolution_days=2; final_tier=TIER1_NORMAL
BREAK_RESOLVED,trade_stage,coinbase:1073149847|clearing,2026-08-21T00:00:00+00:00,resolution_days=2; final_tier=TIER1_NORMAL
BREAK_RESOLVED,trade_stage,coinbase:1073149859|clearing,2026-08-21T00:00:00+00:00,resolution_days=2; final_tier=TIER1_NORMAL
BREAK_RESOLVED,trade_stage,kraken:105348725|clearing,2026-08-21T00:00:00+00:00,resolution_days=2; final_tier=TIER1_NORMAL
BREAK_RESOLVED,trade_stage,coinbase:1073150052|clearing,2026-08-21T00:00:00+00:00,resolution_days=2; final_tier=TIER1_NORMAL
BREAK_RESOLVED,trade_stage,coinbase:1073150057|clearing,2026-08-21T00:00:00+00:00,resolution_days=2; final_tier=TIER1_NORMAL
BREAK_RESOLVED,trade_stage,binance:6582463266|clearing,2026-08-21T00:00:00+00:00,resolution_days=2; final_tier=TIER1_NORMAL
BREAK_RESOLVED,trade_stage,binance:6582463570|clearing,2026-08-21T00:00:00+00:00,resolution_days=2; final_tier=TIER1_NORMAL
BREAK_RESOLVED,trade_stage,binance:6582463581|clearing,2026-08-21T00:00:00+00:00,resolution_days=2; final_tier=TIER1_NORMAL
BREAK_RESOLVED,trade_stage,coinbase:1073150096|clearing,2026-08-21T00:00:00+00:00,resolution_days=2; final_tier=TIER1_NORMAL
BREAK_RESOLVED,trade_stage,coinbase:1073150110|clearing,2026-08-21T00:00:00+00:00,resolution_days=2; final_tier=TIER1_NORMAL
BREAK_RESOLVED,trade_stage,coinbase:1073150144|clearing,2026-08-21T00:00:00+00:00,resolution_days=2; final_tier=TIER1_NORMAL
BREAK_RESOLVED,trade_stage,coinbase:1073150147|clearing,2026-08-21T00:00:00+00:00,resolution_days=2; final_tier=TIER1_NORMAL
BREAK_RESOLVED,trade_stage,coinbase:1073150154|clearing,2026-08-21T00:00:00+00:00,resolution_days=2; final_tier=TIER1_NORMAL
BREAK_RESOLVED,trade_stage,binance:6582463663|clearing,2026-08-21T00:00:00+00:00,resolution_days=2; final_tier=TIER1_NORMAL
BREAK_RESOLVED,trade_stage,coinbase:1073150218|clearing,2026-08-21T00:00:00+00:00,resolution_days=2; final_tier=TIER1_NORMAL
BREAK_RESOLVED,trade_stage,coinbase:1073150244|clearing,2026-08-21T00:00:00+00:00,resolution_days=2; final_tier=TIER1_NORMAL
BREAK_RESOLVED,trade_stage,binance:6582463984|clearing,2026-08-21T00:00:00+00:00,resolution_days=2; final_tier=TIER1_NORMAL
BREAK_RESOLVED,trade_stage,binance:6582464116|clearing,2026-08-21T00:00:00+00:00,resolution_days=2; final_tier=TIER1_NORMAL
BREAK_RESOLVED,trade_stage,coinbase:1073150358|clearing,2026-08-21T00:00:00+00:00,resolution_days=2; final_tier=TIER1_NORMAL
BREAK_RESOLVED,trade_stage,coinbase:1073150365|clearing,2026-08-21T00:00:00+00:00,resolution_days=2; final_tier=TIER1_NORMAL
BREAK_RESOLVED,trade_stage,kraken:105348759|clearing,2026-08-21T00:00:00+00:00,resolution_days=2; final_tier=TIER1_NORMAL
BREAK_RESOLVED,trade_stage,coinbase:1073150370|clearing,2026-08-21T00:00:00+00:00,resolution_days=2; final_tier=TIER1_NORMAL
BREAK_RESOLVED,trade_stage,binance:6582464374|clearing,2026-08-21T00:00:00+00:00,resolution_days=2; final_tier=TIER1_NORMAL
BREAK_RESOLVED,trade_stage,binance:6582464379|clearing,2026-08-21T00:00:00+00:00,resolution_days=2; final_tier=TIER1_NORMAL
BREAK_RESOLVED,trade_stage,kraken:105348765|clearing,2026-08-21T00:00:00+00:00,resolution_days=2; final_tier=TIER1_NORMAL
BREAK_RESOLVED,trade_stage,kraken:105348768|clearing,2026-08-21T00:00:00+00:00,resolution_days=2; final_tier=TIER1_NORMAL
BREAK_RESOLVED,trade_stage,coinbase:1073150448|clearing,2026-08-21T00:00:00+00:00,resolution_days=2; final_tier=TIER1_NORMAL
BREAK_RESOLVED,trade_stage,coinbase:1073150454|clearing,2026-08-21T00:00:00+00:00,resolution_days=2; final_tier=TIER1_NORMAL
BREAK_RESOLVED,trade_stage,coinbase:1073150477|clearing,2026-08-21T00:00:00+00:00,resolution_days=2; final_tier=TIER1_NORMAL
BREAK_RESOLVED,trade_stage,binance:6582464553|clearing,2026-08-21T00:00:00+00:00,resolution_days=2; final_tier=TIER1_NORMAL
BREAK_RESOLVED,trade_stage,binance:6582464566|clearing,2026-08-21T00:00:00+00:00,resolution_days=2; final_tier=TIER1_NORMAL
BREAK_RESOLVED,trade_stage,binance:6582464613|clearing,2026-08-21T00:00:00+00:00,resolution_days=2; final_tier=TIER1_NORMAL
BREAK_RESOLVED,trade_stage,binance:6582464652|clearing,2026-08-21T00:00:00+00:00,resolution_days=2; final_tier=TIER1_NORMAL
BREAK_RESOLVED,trade_stage,kraken:105348780|clearing,2026-08-21T00:00:00+00:00,resolution_days=2; final_tier=TIER1_NORMAL
BREAK_RESOLVED,trade_stage,kraken:105348783|clearing,2026-08-21T00:00:00+00:00,resolution_days=2; final_tier=TIER1_NORMAL
BREAK_RESOLVED,trade_stage,binance:6582464847|clearing,2026-08-21T00:00:00+00:00,resolution_days=2; final_tier=TIER1_NORMAL
BREAK_RESOLVED,trade_stage,coinbase:1073150509|clearing,2026-08-21T00:00:00+00:00,resolution_days=2; final_tier=TIER1_NORMAL
BREAK_RESOLVED,trade_stage,binance:6582464959|clearing,2026-08-21T00:00:00+00:00,resolution_days=2; final_tier=TIER1_NORMAL
BREAK_RESOLVED,trade_stage,coinbase:1073150530|clearing,2026-08-21T00:00:00+00:00,resolution_days=2; final_tier=TIER1_NORMAL
BREAK_RESOLVED,trade_stage,binance:6582465047|clearing,2026-08-21T00:00:00+00:00,resolution_days=2; final_tier=TIER1_NORMAL
BREAK_RESOLVED,trade_stage,binance:6582465100|clearing,2026-08-21T00:00:00+00:00,resolution_days=2; final_tier=TIER1_NORMAL
BREAK_RESOLVED,trade_stage,coinbase:1073150542|clearing,2026-08-21T00:00:00+00:00,resolution_days=2; final_tier=TIER1_NORMAL
BREAK_RESOLVED,trade_stage,coinbase:1073150553|clearing,2026-08-21T00:00:00+00:00,resolution_days=2; final_tier=TIER1_NORMAL
BREAK_RESOLVED,trade_stage,binance:6582465167|clearing,2026-08-21T00:00:00+00:00,resolution_days=2; final_tier=TIER1_NORMAL
BREAK_RESOLVED,trade_stage,binance:6582465209|clearing,2026-08-21T00:00:00+00:00,resolution_days=2; final_tier=TIER1_NORMAL
BREAK_RESOLVED,trade_stage,coinbase:1073150578|clearing,2026-08-21T00:00:00+00:00,resolution_days=2; final_tier=TIER1_NORMAL
BREAK_RESOLVED,trade_stage,binance:6582465297|clearing,2026-08-21T00:00:00+00:00,resolution_days=2; final_tier=TIER1_NORMAL
BREAK_RESOLVED,trade_stage,kraken:105347828|confirm,2026-08-21T00:00:00+00:00,resolution_days=2; final_tier=TIER1_NORMAL
BREAK_RESOLVED,trade_stage,kraken:105347833|confirm,2026-08-21T00:00:00+00:00,resolution_days=2; final_tier=TIER1_NORMAL
BREAK_RESOLVED,trade_stage,kraken:105347841|confirm,2026-08-21T00:00:00+00:00,resolution_days=2; final_tier=TIER1_NORMAL
BREAK_RESOLVED,trade_stage,kraken:105347843|confirm,2026-08-21T00:00:00+00:00,resolution_days=2; final_tier=TIER1_NORMAL
BREAK_RESOLVED,trade_stage,kraken:105347844|confirm,2026-08-21T00:00:00+00:00,resolution_days=2; final_tier=TIER1_NORMAL
BREAK_RESOLVED,trade_stage,kraken:105347858|confirm,2026-08-21T00:00:00+00:00,resolution_days=2; final_tier=TIER1_NORMAL
BREAK_RESOLVED,trade_stage,kraken:105347873|confirm,2026-08-21T00:00:00+00:00,resolution_days=2; final_tier=TIER1_NORMAL
BREAK_RESOLVED,trade_stage,kraken:105348021|confirm,2026-08-21T00:00:00+00:00,resolution_days=2; final_tier=TIER1_NORMAL
BREAK_RESOLVED,trade_stage,kraken:105348037|confirm,2026-08-21T00:00:00+00:00,resolution_days=2; final_tier=TIER1_NORMAL
BREAK_RESOLVED,trade_stage,kraken:105348177|confirm,2026-08-21T00:00:00+00:00,resolution_days=2; final_tier=TIER1_NORMAL
BREAK_RESOLVED,trade_stage,coinbase:1073145786|confirm,2026-08-21T00:00:00+00:00,resolution_days=2; final_tier=TIER1_NORMAL
BREAK_RESOLVED,trade_stage,coinbase:1073145797|confirm,2026-08-21T00:00:00+00:00,resolution_days=2; final_tier=TIER1_NORMAL
BREAK_RESOLVED,trade_stage,coinbase:1073145945|confirm,2026-08-21T00:00:00+00:00,resolution_days=2; final_tier=TIER1_NORMAL
BREAK_RESOLVED,trade_stage,coinbase:1073145960|confirm,2026-08-21T00:00:00+00:00,resolution_days=2; final_tier=TIER1_NORMAL
BREAK_RESOLVED,trade_stage,coinbase:1073146030|confirm,2026-08-21T00:00:00+00:00,resolution_days=2; final_tier=TIER1_NORMAL
BREAK_RESOLVED,trade_stage,coinbase:1073146074|confirm,2026-08-21T00:00:00+00:00,resolution_days=2; final_tier=TIER1_NORMAL
BREAK_RESOLVED,trade_stage,coinbase:1073146088|confirm,2026-08-21T00:00:00+00:00,resolution_days=2; final_tier=TIER1_NORMAL
BREAK_RESOLVED,trade_stage,coinbase:1073146209|confirm,2026-08-21T00:00:00+00:00,resolution_days=2; final_tier=TIER1_NORMAL
BREAK_RESOLVED,trade_stage,coinbase:1073146334|confirm,2026-08-21T00:00:00+00:00,resolution_days=2; final_tier=TIER1_NORMAL
BREAK_RESOLVED,trade_stage,coinbase:1073146346|confirm,2026-08-21T00:00:00+00:00,resolution_days=2; final_tier=TIER1_NORMAL
BREAK_RESOLVED,trade_stage,coinbase:1073146414|confirm,2026-08-21T00:00:00+00:00,resolution_days=2; final_tier=TIER1_NORMAL
BREAK_RESOLVED,trade_stage,coinbase:1073146413|confirm,2026-08-21T00:00:00+00:00,resolution_days=2; final_tier=TIER1_NORMAL
BREAK_RESOLVED,trade_stage,coinbase:1073146479|confirm,2026-08-21T00:00:00+00:00,resolution_days=2; final_tier=TIER1_NORMAL
BREAK_RESOLVED,trade_stage,coinbase:1073146538|confirm,2026-08-21T00:00:00+00:00,resolution_days=2; final_tier=TIER1_NORMAL
BREAK_RESOLVED,trade_stage,coinbase:1073146626|confirm,2026-08-21T00:00:00+00:00,resolution_days=2; final_tier=TIER1_NORMAL
BREAK_RESOLVED,trade_stage,coinbase:1073146666|confirm,2026-08-21T00:00:00+00:00,resolution_days=2; final_tier=TIER1_NORMAL
BREAK_RESOLVED,trade_stage,coinbase:1073146668|confirm,2026-08-21T00:00:00+00:00,resolution_days=2; final_tier=TIER1_NORMAL
BREAK_RESOLVED,trade_stage,coinbase:1073146715|confirm,2026-08-21T00:00:00+00:00,resolution_days=2; final_tier=TIER1_NORMAL
BREAK_RESOLVED,trade_stage,coinbase:1073146829|confirm,2026-08-21T00:00:00+00:00,resolution_days=2; final_tier=TIER1_NORMAL
BREAK_RESOLVED,trade_stage,coinbase:1073146963|confirm,2026-08-21T00:00:00+00:00,resolution_days=2; final_tier=TIER1_NORMAL
BREAK_RESOLVED,trade_stage,kraken:105348439|confirm,2026-08-21T00:00:00+00:00,resolution_days=2; final_tier=TIER1_NORMAL
BREAK_RESOLVED,trade_stage,binance:6582449759|confirm,2026-08-21T00:00:00+00:00,resolution_days=2; final_tier=TIER1_NORMAL
BREAK_RESOLVED,trade_stage,coinbase:1073147151|confirm,2026-08-21T00:00:00+00:00,resolution_days=2; final_tier=TIER1_NORMAL
BREAK_RESOLVED,trade_stage,coinbase:1073147162|confirm,2026-08-21T00:00:00+00:00,resolution_days=2; final_tier=TIER1_NORMAL
BREAK_RESOLVED,trade_stage,binance:6582450504|confirm,2026-08-21T00:00:00+00:00,resolution_days=2; final_tier=TIER1_NORMAL
BREAK_RESOLVED,trade_stage,coinbase:1073147264|confirm,2026-08-21T00:00:00+00:00,resolution_days=2; final_tier=TIER1_NORMAL
BREAK_RESOLVED,trade_stage,binance:6582451220|confirm,2026-08-21T00:00:00+00:00,resolution_days=2; final_tier=TIER1_NORMAL
BREAK_RESOLVED,trade_stage,coinbase:1073147318|confirm,2026-08-21T00:00:00+00:00,resolution_days=2; final_tier=TIER1_NORMAL
BREAK_RESOLVED,trade_stage,coinbase:1073147353|confirm,2026-08-21T00:00:00+00:00,resolution_days=2; final_tier=TIER1_NORMAL
BREAK_RESOLVED,trade_stage,coinbase:1073147364|confirm,2026-08-21T00:00:00+00:00,resolution_days=2; final_tier=TIER1_NORMAL
BREAK_RESOLVED,trade_stage,binance:6582451669|confirm,2026-08-21T00:00:00+00:00,resolution_days=2; final_tier=TIER1_NORMAL
BREAK_RESOLVED,trade_stage,coinbase:1073147384|confirm,2026-08-21T00:00:00+00:00,resolution_days=2; final_tier=TIER1_NORMAL
BREAK_RESOLVED,trade_stage,binance:6582452164|confirm,2026-08-21T00:00:00+00:00,resolution_days=2; final_tier=TIER1_NORMAL
BREAK_RESOLVED,trade_stage,coinbase:1073147458|confirm,2026-08-21T00:00:00+00:00,resolution_days=2; final_tier=TIER1_NORMAL
BREAK_RESOLVED,trade_stage,coinbase:1073147477|confirm,2026-08-21T00:00:00+00:00,resolution_days=2; final_tier=TIER1_NORMAL
BREAK_RESOLVED,trade_stage,coinbase:1073147498|confirm,2026-08-21T00:00:00+00:00,resolution_days=2; final_tier=TIER1_NORMAL
BREAK_RESOLVED,trade_stage,coinbase:1073147489|confirm,2026-08-21T00:00:00+00:00,resolution_days=2; final_tier=TIER1_NORMAL
BREAK_RESOLVED,trade_stage,coinbase:1073147516|confirm,2026-08-21T00:00:00+00:00,resolution_days=2; final_tier=TIER1_NORMAL
BREAK_RESOLVED,trade_stage,binance:6582452710|confirm,2026-08-21T00:00:00+00:00,resolution_days=2; final_tier=TIER1_NORMAL
BREAK_RESOLVED,trade_stage,binance:6582452763|confirm,2026-08-21T00:00:00+00:00,resolution_days=2; final_tier=TIER1_NORMAL
BREAK_RESOLVED,trade_stage,coinbase:1073147526|confirm,2026-08-21T00:00:00+00:00,resolution_days=2; final_tier=TIER1_NORMAL
BREAK_RESOLVED,trade_stage,binance:6582452823|confirm,2026-08-21T00:00:00+00:00,resolution_days=2; final_tier=TIER1_NORMAL
BREAK_RESOLVED,trade_stage,binance:6582452866|confirm,2026-08-21T00:00:00+00:00,resolution_days=2; final_tier=TIER1_NORMAL
BREAK_RESOLVED,trade_stage,coinbase:1073147539|confirm,2026-08-21T00:00:00+00:00,resolution_days=2; final_tier=TIER1_NORMAL
BREAK_RESOLVED,trade_stage,coinbase:1073147571|confirm,2026-08-21T00:00:00+00:00,resolution_days=2; final_tier=TIER1_NORMAL
BREAK_RESOLVED,trade_stage,binance:6582453042|confirm,2026-08-21T00:00:00+00:00,resolution_days=2; final_tier=TIER1_NORMAL
BREAK_RESOLVED,trade_stage,binance:6582453088|confirm,2026-08-21T00:00:00+00:00,resolution_days=2; final_tier=TIER1_NORMAL
BREAK_RESOLVED,trade_stage,binance:6582453224|confirm,2026-08-21T00:00:00+00:00,resolution_days=2; final_tier=TIER1_NORMAL
BREAK_RESOLVED,trade_stage,binance:6582453226|confirm,2026-08-21T00:00:00+00:00,resolution_days=2; final_tier=TIER1_NORMAL
BREAK_RESOLVED,trade_stage,binance:6582453229|confirm,2026-08-21T00:00:00+00:00,resolution_days=2; final_tier=TIER1_NORMAL
BREAK_RESOLVED,trade_stage,binance:6582453272|confirm,2026-08-21T00:00:00+00:00,resolution_days=2; final_tier=TIER1_NORMAL
BREAK_RESOLVED,trade_stage,coinbase:1073147754|confirm,2026-08-21T00:00:00+00:00,resolution_days=2; final_tier=TIER1_NORMAL
BREAK_RESOLVED,trade_stage,coinbase:1073147842|confirm,2026-08-21T00:00:00+00:00,resolution_days=2; final_tier=TIER1_NORMAL
BREAK_RESOLVED,trade_stage,binance:6582454005|confirm,2026-08-21T00:00:00+00:00,resolution_days=2; final_tier=TIER1_NORMAL
BREAK_RESOLVED,trade_stage,binance:6582454164|confirm,2026-08-21T00:00:00+00:00,resolution_days=2; final_tier=TIER1_NORMAL
BREAK_RESOLVED,trade_stage,coinbase:1073147913|confirm,2026-08-21T00:00:00+00:00,resolution_days=2; final_tier=TIER1_NORMAL
BREAK_RESOLVED,trade_stage,coinbase:1073147943|confirm,2026-08-21T00:00:00+00:00,resolution_days=2; final_tier=TIER1_NORMAL
BREAK_RESOLVED,trade_stage,kraken:105348541|confirm,2026-08-21T00:00:00+00:00,resolution_days=2; final_tier=TIER1_NORMAL
BREAK_RESOLVED,trade_stage,coinbase:1073147985|confirm,2026-08-21T00:00:00+00:00,resolution_days=2; final_tier=TIER1_NORMAL
BREAK_RESOLVED,trade_stage,binance:6582454536|confirm,2026-08-21T00:00:00+00:00,resolution_days=2; final_tier=TIER1_NORMAL
BREAK_RESOLVED,trade_stage,coinbase:1073148006|confirm,2026-08-21T00:00:00+00:00,resolution_days=2; final_tier=TIER1_NORMAL
BREAK_RESOLVED,trade_stage,kraken:105348548|confirm,2026-08-21T00:00:00+00:00,resolution_days=2; final_tier=TIER1_NORMAL
BREAK_RESOLVED,trade_stage,binance:6582454827|confirm,2026-08-21T00:00:00+00:00,resolution_days=2; final_tier=TIER1_NORMAL
BREAK_RESOLVED,trade_stage,coinbase:1073148093|confirm,2026-08-21T00:00:00+00:00,resolution_days=2; final_tier=TIER1_NORMAL
BREAK_RESOLVED,trade_stage,binance:6582455182|confirm,2026-08-21T00:00:00+00:00,resolution_days=2; final_tier=TIER1_NORMAL
BREAK_RESOLVED,trade_stage,coinbase:1073148149|confirm,2026-08-21T00:00:00+00:00,resolution_days=2; final_tier=TIER1_NORMAL
BREAK_RESOLVED,trade_stage,coinbase:1073148195|confirm,2026-08-21T00:00:00+00:00,resolution_days=2; final_tier=TIER1_NORMAL
BREAK_RESOLVED,trade_stage,binance:6582455596|confirm,2026-08-21T00:00:00+00:00,resolution_days=2; final_tier=TIER1_NORMAL
BREAK_RESOLVED,trade_stage,coinbase:1073148259|confirm,2026-08-21T00:00:00+00:00,resolution_days=2; final_tier=TIER1_NORMAL
BREAK_RESOLVED,trade_stage,binance:6582455602|confirm,2026-08-21T00:00:00+00:00,resolution_days=2; final_tier=TIER1_NORMAL
BREAK_RESOLVED,trade_stage,binance:6582456366|confirm,2026-08-21T00:00:00+00:00,resolution_days=2; final_tier=TIER1_NORMAL
BREAK_RESOLVED,trade_stage,binance:6582456432|confirm,2026-08-21T00:00:00+00:00,resolution_days=2; final_tier=TIER1_NORMAL
BREAK_RESOLVED,trade_stage,binance:6582456473|confirm,2026-08-21T00:00:00+00:00,resolution_days=2; final_tier=TIER1_NORMAL
BREAK_RESOLVED,trade_stage,coinbase:1073148410|confirm,2026-08-21T00:00:00+00:00,resolution_days=2; final_tier=TIER1_NORMAL
BREAK_RESOLVED,trade_stage,coinbase:1073148432|confirm,2026-08-21T00:00:00+00:00,resolution_days=2; final_tier=TIER1_NORMAL
BREAK_RESOLVED,trade_stage,binance:6582456717|confirm,2026-08-21T00:00:00+00:00,resolution_days=2; final_tier=TIER1_NORMAL
BREAK_RESOLVED,trade_stage,coinbase:1073148508|confirm,2026-08-21T00:00:00+00:00,resolution_days=2; final_tier=TIER1_NORMAL
BREAK_RESOLVED,trade_stage,coinbase:1073148527|confirm,2026-08-21T00:00:00+00:00,resolution_days=2; final_tier=TIER1_NORMAL
BREAK_RESOLVED,trade_stage,kraken:105348584|confirm,2026-08-21T00:00:00+00:00,resolution_days=2; final_tier=TIER1_NORMAL
BREAK_RESOLVED,trade_stage,coinbase:1073148563|confirm,2026-08-21T00:00:00+00:00,resolution_days=2; final_tier=TIER1_NORMAL
BREAK_RESOLVED,trade_stage,coinbase:1073148654|confirm,2026-08-21T00:00:00+00:00,resolution_days=2; final_tier=TIER1_NORMAL
BREAK_RESOLVED,trade_stage,binance:6582456913|confirm,2026-08-21T00:00:00+00:00,resolution_days=2; final_tier=TIER1_NORMAL
BREAK_RESOLVED,trade_stage,coinbase:1073148701|confirm,2026-08-21T00:00:00+00:00,resolution_days=2; final_tier=TIER1_NORMAL
BREAK_RESOLVED,trade_stage,binance:6582457235|confirm,2026-08-21T00:00:00+00:00,resolution_days=2; final_tier=TIER1_NORMAL
BREAK_RESOLVED,trade_stage,binance:6582457350|confirm,2026-08-21T00:00:00+00:00,resolution_days=2; final_tier=TIER1_NORMAL
BREAK_RESOLVED,trade_stage,binance:6582457557|confirm,2026-08-21T00:00:00+00:00,resolution_days=2; final_tier=TIER1_NORMAL
BREAK_RESOLVED,trade_stage,binance:6582457692|confirm,2026-08-21T00:00:00+00:00,resolution_days=2; final_tier=TIER1_NORMAL
BREAK_RESOLVED,trade_stage,binance:6582457703|confirm,2026-08-21T00:00:00+00:00,resolution_days=2; final_tier=TIER1_NORMAL
BREAK_RESOLVED,trade_stage,binance:6582457827|confirm,2026-08-21T00:00:00+00:00,resolution_days=2; final_tier=TIER1_NORMAL
BREAK_RESOLVED,trade_stage,binance:6582457840|confirm,2026-08-21T00:00:00+00:00,resolution_days=2; final_tier=TIER1_NORMAL
BREAK_RESOLVED,trade_stage,coinbase:1073148795|confirm,2026-08-21T00:00:00+00:00,resolution_days=2; final_tier=TIER1_NORMAL
BREAK_RESOLVED,trade_stage,binance:6582457904|confirm,2026-08-21T00:00:00+00:00,resolution_days=2; final_tier=TIER1_NORMAL
BREAK_RESOLVED,trade_stage,binance:6582458150|confirm,2026-08-21T00:00:00+00:00,resolution_days=2; final_tier=TIER1_NORMAL
BREAK_RESOLVED,trade_stage,binance:6582458382|confirm,2026-08-21T00:00:00+00:00,resolution_days=2; final_tier=TIER1_NORMAL
BREAK_RESOLVED,trade_stage,coinbase:1073148944|confirm,2026-08-21T00:00:00+00:00,resolution_days=2; final_tier=TIER1_NORMAL
BREAK_RESOLVED,trade_stage,binance:6582458521|confirm,2026-08-21T00:00:00+00:00,resolution_days=2; final_tier=TIER1_NORMAL
BREAK_RESOLVED,trade_stage,binance:6582458732|confirm,2026-08-21T00:00:00+00:00,resolution_days=2; final_tier=TIER1_NORMAL
BREAK_RESOLVED,trade_stage,coinbase:1073148961|confirm,2026-08-21T00:00:00+00:00,resolution_days=2; final_tier=TIER1_NORMAL
BREAK_RESOLVED,trade_stage,binance:6582458875|confirm,2026-08-21T00:00:00+00:00,resolution_days=2; final_tier=TIER1_NORMAL
BREAK_RESOLVED,trade_stage,coinbase:1073148978|confirm,2026-08-21T00:00:00+00:00,resolution_days=2; final_tier=TIER1_NORMAL
BREAK_RESOLVED,trade_stage,binance:6582458964|confirm,2026-08-21T00:00:00+00:00,resolution_days=2; final_tier=TIER1_NORMAL
BREAK_RESOLVED,trade_stage,binance:6582459055|confirm,2026-08-21T00:00:00+00:00,resolution_days=2; final_tier=TIER1_NORMAL
BREAK_RESOLVED,trade_stage,binance:6582459088|confirm,2026-08-21T00:00:00+00:00,resolution_days=2; final_tier=TIER1_NORMAL
BREAK_RESOLVED,trade_stage,binance:6582459126|confirm,2026-08-21T00:00:00+00:00,resolution_days=2; final_tier=TIER1_NORMAL
BREAK_RESOLVED,trade_stage,binance:6582459221|confirm,2026-08-21T00:00:00+00:00,resolution_days=2; final_tier=TIER1_NORMAL
BREAK_RESOLVED,trade_stage,coinbase:1073149075|confirm,2026-08-21T00:00:00+00:00,resolution_days=2; final_tier=TIER1_NORMAL
BREAK_RESOLVED,trade_stage,binance:6582459479|confirm,2026-08-21T00:00:00+00:00,resolution_days=2; final_tier=TIER1_NORMAL
BREAK_RESOLVED,trade_stage,coinbase:1073149097|confirm,2026-08-21T00:00:00+00:00,resolution_days=2; final_tier=TIER1_NORMAL
BREAK_RESOLVED,trade_stage,coinbase:1073149103|confirm,2026-08-21T00:00:00+00:00,resolution_days=2; final_tier=TIER1_NORMAL
BREAK_RESOLVED,trade_stage,binance:6582459637|confirm,2026-08-21T00:00:00+00:00,resolution_days=2; final_tier=TIER1_NORMAL
BREAK_RESOLVED,trade_stage,coinbase:1073149127|confirm,2026-08-21T00:00:00+00:00,resolution_days=2; final_tier=TIER1_NORMAL
BREAK_RESOLVED,trade_stage,binance:6582460101|confirm,2026-08-21T00:00:00+00:00,resolution_days=2; final_tier=TIER1_NORMAL
BREAK_RESOLVED,trade_stage,coinbase:1073149201|confirm,2026-08-21T00:00:00+00:00,resolution_days=2; final_tier=TIER1_NORMAL
BREAK_RESOLVED,trade_stage,binance:6582460206|confirm,2026-08-21T00:00:00+00:00,resolution_days=2; final_tier=TIER1_NORMAL
BREAK_RESOLVED,trade_stage,coinbase:1073149234|confirm,2026-08-21T00:00:00+00:00,resolution_days=2; final_tier=TIER1_NORMAL
BREAK_RESOLVED,trade_stage,binance:6582460278|confirm,2026-08-21T00:00:00+00:00,resolution_days=2; final_tier=TIER1_NORMAL
BREAK_RESOLVED,trade_stage,kraken:105348673|confirm,2026-08-21T00:00:00+00:00,resolution_days=2; final_tier=TIER1_NORMAL
BREAK_RESOLVED,trade_stage,binance:6582460467|confirm,2026-08-21T00:00:00+00:00,resolution_days=2; final_tier=TIER1_NORMAL
BREAK_RESOLVED,trade_stage,coinbase:1073149323|confirm,2026-08-21T00:00:00+00:00,resolution_days=2; final_tier=TIER1_NORMAL
BREAK_RESOLVED,trade_stage,binance:6582460728|confirm,2026-08-21T00:00:00+00:00,resolution_days=2; final_tier=TIER1_NORMAL
BREAK_RESOLVED,trade_stage,coinbase:1073149359|confirm,2026-08-21T00:00:00+00:00,resolution_days=2; final_tier=TIER1_NORMAL
BREAK_RESOLVED,trade_stage,binance:6582460989|confirm,2026-08-21T00:00:00+00:00,resolution_days=2; final_tier=TIER1_NORMAL
BREAK_RESOLVED,trade_stage,binance:6582461076|confirm,2026-08-21T00:00:00+00:00,resolution_days=2; final_tier=TIER1_NORMAL
BREAK_RESOLVED,trade_stage,binance:6582461105|confirm,2026-08-21T00:00:00+00:00,resolution_days=2; final_tier=TIER1_NORMAL
BREAK_RESOLVED,trade_stage,coinbase:1073149379|confirm,2026-08-21T00:00:00+00:00,resolution_days=2; final_tier=TIER1_NORMAL
BREAK_RESOLVED,trade_stage,coinbase:1073149505|confirm,2026-08-21T00:00:00+00:00,resolution_days=2; final_tier=TIER1_NORMAL
BREAK_RESOLVED,trade_stage,binance:6582461588|confirm,2026-08-21T00:00:00+00:00,resolution_days=2; final_tier=TIER1_NORMAL
BREAK_RESOLVED,trade_stage,binance:6582461621|confirm,2026-08-21T00:00:00+00:00,resolution_days=2; final_tier=TIER1_NORMAL
BREAK_RESOLVED,trade_stage,binance:6582461622|confirm,2026-08-21T00:00:00+00:00,resolution_days=2; final_tier=TIER1_NORMAL
BREAK_RESOLVED,trade_stage,binance:6582461705|confirm,2026-08-21T00:00:00+00:00,resolution_days=2; final_tier=TIER1_NORMAL
BREAK_RESOLVED,trade_stage,binance:6582461716|confirm,2026-08-21T00:00:00+00:00,resolution_days=2; final_tier=TIER1_NORMAL
BREAK_RESOLVED,trade_stage,binance:6582461730|confirm,2026-08-21T00:00:00+00:00,resolution_days=2; final_tier=TIER1_NORMAL
BREAK_RESOLVED,trade_stage,coinbase:1073149554|confirm,2026-08-21T00:00:00+00:00,resolution_days=2; final_tier=TIER1_NORMAL
BREAK_RESOLVED,trade_stage,coinbase:1073149684|confirm,2026-08-21T00:00:00+00:00,resolution_days=2; final_tier=TIER1_NORMAL
BREAK_RESOLVED,trade_stage,coinbase:1073149693|confirm,2026-08-21T00:00:00+00:00,resolution_days=2; final_tier=TIER1_NORMAL
BREAK_RESOLVED,trade_stage,coinbase:1073149708|confirm,2026-08-21T00:00:00+00:00,resolution_days=2; final_tier=TIER1_NORMAL
BREAK_RESOLVED,trade_stage,binance:6582462433|confirm,2026-08-21T00:00:00+00:00,resolution_days=2; final_tier=TIER1_NORMAL
BREAK_RESOLVED,trade_stage,coinbase:1073149786|confirm,2026-08-21T00:00:00+00:00,resolution_days=2; final_tier=TIER1_NORMAL
BREAK_RESOLVED,trade_stage,binance:6582462471|confirm,2026-08-21T00:00:00+00:00,resolution_days=2; final_tier=TIER1_NORMAL
BREAK_RESOLVED,trade_stage,binance:6582462599|confirm,2026-08-21T00:00:00+00:00,resolution_days=2; final_tier=TIER1_NORMAL
BREAK_RESOLVED,trade_stage,binance:6582462636|confirm,2026-08-21T00:00:00+00:00,resolution_days=2; final_tier=TIER1_NORMAL
BREAK_RESOLVED,trade_stage,binance:6582462722|confirm,2026-08-21T00:00:00+00:00,resolution_days=2; final_tier=TIER1_NORMAL
BREAK_RESOLVED,trade_stage,coinbase:1073149834|confirm,2026-08-21T00:00:00+00:00,resolution_days=2; final_tier=TIER1_NORMAL
BREAK_RESOLVED,trade_stage,kraken:105348712|confirm,2026-08-21T00:00:00+00:00,resolution_days=2; final_tier=TIER1_NORMAL
BREAK_RESOLVED,trade_stage,binance:6582462775|confirm,2026-08-21T00:00:00+00:00,resolution_days=2; final_tier=TIER1_NORMAL
BREAK_RESOLVED,trade_stage,kraken:105348716|confirm,2026-08-21T00:00:00+00:00,resolution_days=2; final_tier=TIER1_NORMAL
BREAK_RESOLVED,trade_stage,coinbase:1073149883|confirm,2026-08-21T00:00:00+00:00,resolution_days=2; final_tier=TIER1_NORMAL
BREAK_RESOLVED,trade_stage,coinbase:1073149991|confirm,2026-08-21T00:00:00+00:00,resolution_days=2; final_tier=TIER1_NORMAL
BREAK_RESOLVED,trade_stage,coinbase:1073150014|confirm,2026-08-21T00:00:00+00:00,resolution_days=2; final_tier=TIER1_NORMAL
BREAK_RESOLVED,trade_stage,coinbase:1073150017|confirm,2026-08-21T00:00:00+00:00,resolution_days=2; final_tier=TIER1_NORMAL
BREAK_RESOLVED,trade_stage,binance:6582463209|confirm,2026-08-21T00:00:00+00:00,resolution_days=2; final_tier=TIER1_NORMAL
BREAK_RESOLVED,trade_stage,binance:6582463263|confirm,2026-08-21T00:00:00+00:00,resolution_days=2; final_tier=TIER1_NORMAL
BREAK_RESOLVED,trade_stage,coinbase:1073150138|confirm,2026-08-21T00:00:00+00:00,resolution_days=2; final_tier=TIER1_NORMAL
BREAK_RESOLVED,trade_stage,coinbase:1073150167|confirm,2026-08-21T00:00:00+00:00,resolution_days=2; final_tier=TIER1_NORMAL
BREAK_RESOLVED,trade_stage,coinbase:1073150233|confirm,2026-08-21T00:00:00+00:00,resolution_days=2; final_tier=TIER1_NORMAL
BREAK_RESOLVED,trade_stage,coinbase:1073150251|confirm,2026-08-21T00:00:00+00:00,resolution_days=2; final_tier=TIER1_NORMAL
BREAK_RESOLVED,trade_stage,binance:6582463935|confirm,2026-08-21T00:00:00+00:00,resolution_days=2; final_tier=TIER1_NORMAL
BREAK_RESOLVED,trade_stage,binance:6582464034|confirm,2026-08-21T00:00:00+00:00,resolution_days=2; final_tier=TIER1_NORMAL
BREAK_RESOLVED,trade_stage,binance:6582464043|confirm,2026-08-21T00:00:00+00:00,resolution_days=2; final_tier=TIER1_NORMAL
BREAK_RESOLVED,trade_stage,coinbase:1073150332|confirm,2026-08-21T00:00:00+00:00,resolution_days=2; final_tier=TIER1_NORMAL
BREAK_RESOLVED,trade_stage,binance:6582464272|confirm,2026-08-21T00:00:00+00:00,resolution_days=2; final_tier=TIER1_NORMAL
BREAK_RESOLVED,trade_stage,coinbase:1073150435|confirm,2026-08-21T00:00:00+00:00,resolution_days=2; final_tier=TIER1_NORMAL
BREAK_RESOLVED,trade_stage,binance:6582464937|confirm,2026-08-21T00:00:00+00:00,resolution_days=2; final_tier=TIER1_NORMAL
BREAK_RESOLVED,trade_stage,binance:6582465179|confirm,2026-08-21T00:00:00+00:00,resolution_days=2; final_tier=TIER1_NORMAL
BREAK_RESOLVED,trade_stage,binance:6582465190|confirm,2026-08-21T00:00:00+00:00,resolution_days=2; final_tier=TIER1_NORMAL
BREAK_RESOLVED,trade_stage,binance:6582465252|confirm,2026-08-21T00:00:00+00:00,resolution_days=2; final_tier=TIER1_NORMAL
BREAK_RESOLVED,trade_stage,coinbase:1073150603|confirm,2026-08-21T00:00:00+00:00,resolution_days=2; final_tier=TIER1_NORMAL
BREAK_RESOLVED,trade_stage,kraken:105348803|confirm,2026-08-21T00:00:00+00:00,resolution_days=2; final_tier=TIER1_NORMAL
BREAK_RESOLVED,trade_stage,kraken:105348819|confirm,2026-08-21T00:00:00+00:00,resolution_days=2; final_tier=TIER1_NORMAL
BREAK_RESOLVED,trade_stage,kraken:105347887|clearing,2026-08-22T00:00:00+00:00,resolution_days=3; final_tier=TIER2_ESCALATED
BREAK_RESOLVED,trade_stage,kraken:105347973|clearing,2026-08-22T00:00:00+00:00,resolution_days=3; final_tier=TIER2_ESCALATED
BREAK_RESOLVED,trade_stage,kraken:105347976|clearing,2026-08-22T00:00:00+00:00,resolution_days=3; final_tier=TIER2_ESCALATED
BREAK_RESOLVED,trade_stage,kraken:105348058|clearing,2026-08-22T00:00:00+00:00,resolution_days=3; final_tier=TIER2_ESCALATED
BREAK_RESOLVED,trade_stage,kraken:105348217|clearing,2026-08-22T00:00:00+00:00,resolution_days=3; final_tier=TIER2_ESCALATED
BREAK_RESOLVED,trade_stage,coinbase:1073145786|clearing,2026-08-22T00:00:00+00:00,resolution_days=3; final_tier=TIER2_ESCALATED
BREAK_RESOLVED,trade_stage,coinbase:1073145964|clearing,2026-08-22T00:00:00+00:00,resolution_days=3; final_tier=TIER2_ESCALATED
BREAK_RESOLVED,trade_stage,coinbase:1073146027|clearing,2026-08-22T00:00:00+00:00,resolution_days=3; final_tier=TIER2_ESCALATED
BREAK_RESOLVED,trade_stage,coinbase:1073146201|clearing,2026-08-22T00:00:00+00:00,resolution_days=3; final_tier=TIER2_ESCALATED
BREAK_RESOLVED,trade_stage,coinbase:1073146220|clearing,2026-08-22T00:00:00+00:00,resolution_days=3; final_tier=TIER2_ESCALATED
BREAK_RESOLVED,trade_stage,coinbase:1073146478|clearing,2026-08-22T00:00:00+00:00,resolution_days=3; final_tier=TIER2_ESCALATED
BREAK_RESOLVED,trade_stage,coinbase:1073146552|clearing,2026-08-22T00:00:00+00:00,resolution_days=3; final_tier=TIER2_ESCALATED
BREAK_RESOLVED,trade_stage,coinbase:1073146956|clearing,2026-08-22T00:00:00+00:00,resolution_days=3; final_tier=TIER2_ESCALATED
BREAK_RESOLVED,trade_stage,binance:6582449568|clearing,2026-08-22T00:00:00+00:00,resolution_days=3; final_tier=TIER2_ESCALATED
BREAK_RESOLVED,trade_stage,coinbase:1073147079|clearing,2026-08-22T00:00:00+00:00,resolution_days=3; final_tier=TIER2_ESCALATED
BREAK_RESOLVED,trade_stage,coinbase:1073147179|clearing,2026-08-22T00:00:00+00:00,resolution_days=3; final_tier=TIER2_ESCALATED
BREAK_RESOLVED,trade_stage,coinbase:1073147231|clearing,2026-08-22T00:00:00+00:00,resolution_days=3; final_tier=TIER2_ESCALATED
BREAK_RESOLVED,trade_stage,coinbase:1073147264|clearing,2026-08-22T00:00:00+00:00,resolution_days=3; final_tier=TIER2_ESCALATED
BREAK_RESOLVED,trade_stage,coinbase:1073147464|clearing,2026-08-22T00:00:00+00:00,resolution_days=3; final_tier=TIER2_ESCALATED
BREAK_RESOLVED,trade_stage,coinbase:1073147543|clearing,2026-08-22T00:00:00+00:00,resolution_days=3; final_tier=TIER2_ESCALATED
BREAK_RESOLVED,trade_stage,binance:6582453534|clearing,2026-08-22T00:00:00+00:00,resolution_days=3; final_tier=TIER2_ESCALATED
BREAK_RESOLVED,trade_stage,binance:6582453654|clearing,2026-08-22T00:00:00+00:00,resolution_days=3; final_tier=TIER2_ESCALATED
BREAK_RESOLVED,trade_stage,binance:6582453809|clearing,2026-08-22T00:00:00+00:00,resolution_days=3; final_tier=TIER2_ESCALATED
BREAK_RESOLVED,trade_stage,binance:6582454106|clearing,2026-08-22T00:00:00+00:00,resolution_days=3; final_tier=TIER2_ESCALATED
BREAK_RESOLVED,trade_stage,coinbase:1073147969|clearing,2026-08-22T00:00:00+00:00,resolution_days=3; final_tier=TIER2_ESCALATED
BREAK_RESOLVED,trade_stage,binance:6582454449|clearing,2026-08-22T00:00:00+00:00,resolution_days=3; final_tier=TIER2_ESCALATED
BREAK_RESOLVED,trade_stage,binance:6582454536|clearing,2026-08-22T00:00:00+00:00,resolution_days=3; final_tier=TIER2_ESCALATED
BREAK_RESOLVED,trade_stage,coinbase:1073148157|clearing,2026-08-22T00:00:00+00:00,resolution_days=3; final_tier=TIER2_ESCALATED
BREAK_RESOLVED,trade_stage,coinbase:1073148288|clearing,2026-08-22T00:00:00+00:00,resolution_days=3; final_tier=TIER2_ESCALATED
BREAK_RESOLVED,trade_stage,binance:6582456729|clearing,2026-08-22T00:00:00+00:00,resolution_days=3; final_tier=TIER2_ESCALATED
BREAK_RESOLVED,trade_stage,coinbase:1073148575|clearing,2026-08-22T00:00:00+00:00,resolution_days=3; final_tier=TIER2_ESCALATED
BREAK_RESOLVED,trade_stage,coinbase:1073148587|clearing,2026-08-22T00:00:00+00:00,resolution_days=3; final_tier=TIER2_ESCALATED
BREAK_RESOLVED,trade_stage,coinbase:1073148677|clearing,2026-08-22T00:00:00+00:00,resolution_days=3; final_tier=TIER2_ESCALATED
BREAK_RESOLVED,trade_stage,coinbase:1073148693|clearing,2026-08-22T00:00:00+00:00,resolution_days=3; final_tier=TIER2_ESCALATED
BREAK_RESOLVED,trade_stage,coinbase:1073148788|clearing,2026-08-22T00:00:00+00:00,resolution_days=3; final_tier=TIER2_ESCALATED
BREAK_RESOLVED,trade_stage,binance:6582458762|clearing,2026-08-22T00:00:00+00:00,resolution_days=3; final_tier=TIER2_ESCALATED
BREAK_RESOLVED,trade_stage,binance:6582458959|clearing,2026-08-22T00:00:00+00:00,resolution_days=3; final_tier=TIER2_ESCALATED
BREAK_RESOLVED,trade_stage,coinbase:1073149216|clearing,2026-08-22T00:00:00+00:00,resolution_days=3; final_tier=TIER2_ESCALATED
BREAK_RESOLVED,trade_stage,coinbase:1073149299|clearing,2026-08-22T00:00:00+00:00,resolution_days=3; final_tier=TIER2_ESCALATED
BREAK_RESOLVED,trade_stage,coinbase:1073149328|clearing,2026-08-22T00:00:00+00:00,resolution_days=3; final_tier=TIER2_ESCALATED
BREAK_RESOLVED,trade_stage,binance:6582461508|clearing,2026-08-22T00:00:00+00:00,resolution_days=3; final_tier=TIER2_ESCALATED
BREAK_RESOLVED,trade_stage,binance:6582461850|clearing,2026-08-22T00:00:00+00:00,resolution_days=3; final_tier=TIER2_ESCALATED
BREAK_RESOLVED,trade_stage,coinbase:1073149634|clearing,2026-08-22T00:00:00+00:00,resolution_days=3; final_tier=TIER2_ESCALATED
BREAK_RESOLVED,trade_stage,binance:6582462389|clearing,2026-08-22T00:00:00+00:00,resolution_days=3; final_tier=TIER2_ESCALATED
BREAK_RESOLVED,trade_stage,coinbase:1073149755|clearing,2026-08-22T00:00:00+00:00,resolution_days=3; final_tier=TIER2_ESCALATED
BREAK_RESOLVED,trade_stage,binance:6582462733|clearing,2026-08-22T00:00:00+00:00,resolution_days=3; final_tier=TIER2_ESCALATED
BREAK_RESOLVED,trade_stage,binance:6582462963|clearing,2026-08-22T00:00:00+00:00,resolution_days=3; final_tier=TIER2_ESCALATED
BREAK_RESOLVED,trade_stage,binance:6582463226|clearing,2026-08-22T00:00:00+00:00,resolution_days=3; final_tier=TIER2_ESCALATED
BREAK_RESOLVED,trade_stage,coinbase:1073150065|clearing,2026-08-22T00:00:00+00:00,resolution_days=3; final_tier=TIER2_ESCALATED
BREAK_RESOLVED,trade_stage,coinbase:1073150112|clearing,2026-08-22T00:00:00+00:00,resolution_days=3; final_tier=TIER2_ESCALATED
BREAK_RESOLVED,trade_stage,coinbase:1073150162|clearing,2026-08-22T00:00:00+00:00,resolution_days=3; final_tier=TIER2_ESCALATED
BREAK_RESOLVED,trade_stage,coinbase:1073150246|clearing,2026-08-22T00:00:00+00:00,resolution_days=3; final_tier=TIER2_ESCALATED
BREAK_RESOLVED,trade_stage,binance:6582464130|clearing,2026-08-22T00:00:00+00:00,resolution_days=3; final_tier=TIER2_ESCALATED
BREAK_RESOLVED,trade_stage,coinbase:1073150586|clearing,2026-08-22T00:00:00+00:00,resolution_days=3; final_tier=TIER2_ESCALATED
BREAK_RESOLVED,trade_stage,coinbase:1073150617|clearing,2026-08-22T00:00:00+00:00,resolution_days=3; final_tier=TIER2_ESCALATED
BREAK_RESOLVED,trade_stage,kraken:105347847|confirm,2026-08-22T00:00:00+00:00,resolution_days=3; final_tier=TIER2_ESCALATED
BREAK_RESOLVED,trade_stage,kraken:105347877|confirm,2026-08-22T00:00:00+00:00,resolution_days=3; final_tier=TIER2_ESCALATED
BREAK_RESOLVED,trade_stage,kraken:105347949|confirm,2026-08-22T00:00:00+00:00,resolution_days=3; final_tier=TIER2_ESCALATED
BREAK_RESOLVED,trade_stage,kraken:105348182|confirm,2026-08-22T00:00:00+00:00,resolution_days=3; final_tier=TIER2_ESCALATED
BREAK_RESOLVED,trade_stage,kraken:105348240|confirm,2026-08-22T00:00:00+00:00,resolution_days=3; final_tier=TIER2_ESCALATED
BREAK_RESOLVED,trade_stage,coinbase:1073145740|confirm,2026-08-22T00:00:00+00:00,resolution_days=3; final_tier=TIER2_ESCALATED
BREAK_RESOLVED,trade_stage,coinbase:1073146013|confirm,2026-08-22T00:00:00+00:00,resolution_days=3; final_tier=TIER2_ESCALATED
BREAK_RESOLVED,trade_stage,coinbase:1073146007|confirm,2026-08-22T00:00:00+00:00,resolution_days=3; final_tier=TIER2_ESCALATED
BREAK_RESOLVED,trade_stage,coinbase:1073146576|confirm,2026-08-22T00:00:00+00:00,resolution_days=3; final_tier=TIER2_ESCALATED
BREAK_RESOLVED,trade_stage,coinbase:1073146643|confirm,2026-08-22T00:00:00+00:00,resolution_days=3; final_tier=TIER2_ESCALATED
BREAK_RESOLVED,trade_stage,coinbase:1073146937|confirm,2026-08-22T00:00:00+00:00,resolution_days=3; final_tier=TIER2_ESCALATED
BREAK_RESOLVED,trade_stage,binance:6582449855|confirm,2026-08-22T00:00:00+00:00,resolution_days=3; final_tier=TIER2_ESCALATED
BREAK_RESOLVED,trade_stage,coinbase:1073147128|confirm,2026-08-22T00:00:00+00:00,resolution_days=3; final_tier=TIER2_ESCALATED
BREAK_RESOLVED,trade_stage,coinbase:1073147372|confirm,2026-08-22T00:00:00+00:00,resolution_days=3; final_tier=TIER2_ESCALATED
BREAK_RESOLVED,trade_stage,binance:6582451632|confirm,2026-08-22T00:00:00+00:00,resolution_days=3; final_tier=TIER2_ESCALATED
BREAK_RESOLVED,trade_stage,binance:6582451765|confirm,2026-08-22T00:00:00+00:00,resolution_days=3; final_tier=TIER2_ESCALATED
BREAK_RESOLVED,trade_stage,coinbase:1073147444|confirm,2026-08-22T00:00:00+00:00,resolution_days=3; final_tier=TIER2_ESCALATED
BREAK_RESOLVED,trade_stage,binance:6582452369|confirm,2026-08-22T00:00:00+00:00,resolution_days=3; final_tier=TIER2_ESCALATED
BREAK_RESOLVED,trade_stage,coinbase:1073147555|confirm,2026-08-22T00:00:00+00:00,resolution_days=3; final_tier=TIER2_ESCALATED
BREAK_RESOLVED,trade_stage,binance:6582454106|confirm,2026-08-22T00:00:00+00:00,resolution_days=3; final_tier=TIER2_ESCALATED
BREAK_RESOLVED,trade_stage,binance:6582454124|confirm,2026-08-22T00:00:00+00:00,resolution_days=3; final_tier=TIER2_ESCALATED
BREAK_RESOLVED,trade_stage,kraken:105348536|confirm,2026-08-22T00:00:00+00:00,resolution_days=3; final_tier=TIER2_ESCALATED
BREAK_RESOLVED,trade_stage,binance:6582454973|confirm,2026-08-22T00:00:00+00:00,resolution_days=3; final_tier=TIER2_ESCALATED
BREAK_RESOLVED,trade_stage,kraken:105348551|confirm,2026-08-22T00:00:00+00:00,resolution_days=3; final_tier=TIER2_ESCALATED
BREAK_RESOLVED,trade_stage,binance:6582455185|confirm,2026-08-22T00:00:00+00:00,resolution_days=3; final_tier=TIER2_ESCALATED
BREAK_RESOLVED,trade_stage,coinbase:1073148137|confirm,2026-08-22T00:00:00+00:00,resolution_days=3; final_tier=TIER2_ESCALATED
BREAK_RESOLVED,trade_stage,binance:6582455210|confirm,2026-08-22T00:00:00+00:00,resolution_days=3; final_tier=TIER2_ESCALATED
BREAK_RESOLVED,trade_stage,coinbase:1073148360|confirm,2026-08-22T00:00:00+00:00,resolution_days=3; final_tier=TIER2_ESCALATED
BREAK_RESOLVED,trade_stage,coinbase:1073148404|confirm,2026-08-22T00:00:00+00:00,resolution_days=3; final_tier=TIER2_ESCALATED
BREAK_RESOLVED,trade_stage,binance:6582457256|confirm,2026-08-22T00:00:00+00:00,resolution_days=3; final_tier=TIER2_ESCALATED
BREAK_RESOLVED,trade_stage,binance:6582457313|confirm,2026-08-22T00:00:00+00:00,resolution_days=3; final_tier=TIER2_ESCALATED
BREAK_RESOLVED,trade_stage,kraken:105348618|confirm,2026-08-22T00:00:00+00:00,resolution_days=3; final_tier=TIER2_ESCALATED
BREAK_RESOLVED,trade_stage,coinbase:1073148792|confirm,2026-08-22T00:00:00+00:00,resolution_days=3; final_tier=TIER2_ESCALATED
BREAK_RESOLVED,trade_stage,binance:6582457830|confirm,2026-08-22T00:00:00+00:00,resolution_days=3; final_tier=TIER2_ESCALATED
BREAK_RESOLVED,trade_stage,binance:6582458678|confirm,2026-08-22T00:00:00+00:00,resolution_days=3; final_tier=TIER2_ESCALATED
BREAK_RESOLVED,trade_stage,binance:6582458968|confirm,2026-08-22T00:00:00+00:00,resolution_days=3; final_tier=TIER2_ESCALATED
BREAK_RESOLVED,trade_stage,coinbase:1073149089|confirm,2026-08-22T00:00:00+00:00,resolution_days=3; final_tier=TIER2_ESCALATED
BREAK_RESOLVED,trade_stage,binance:6582461077|confirm,2026-08-22T00:00:00+00:00,resolution_days=3; final_tier=TIER2_ESCALATED
BREAK_RESOLVED,trade_stage,coinbase:1073149417|confirm,2026-08-22T00:00:00+00:00,resolution_days=3; final_tier=TIER2_ESCALATED
BREAK_RESOLVED,trade_stage,coinbase:1073149583|confirm,2026-08-22T00:00:00+00:00,resolution_days=3; final_tier=TIER2_ESCALATED
BREAK_RESOLVED,trade_stage,binance:6582461958|confirm,2026-08-22T00:00:00+00:00,resolution_days=3; final_tier=TIER2_ESCALATED
BREAK_RESOLVED,trade_stage,binance:6582462455|confirm,2026-08-22T00:00:00+00:00,resolution_days=3; final_tier=TIER2_ESCALATED
BREAK_RESOLVED,trade_stage,kraken:105348709|confirm,2026-08-22T00:00:00+00:00,resolution_days=3; final_tier=TIER2_ESCALATED
BREAK_RESOLVED,trade_stage,binance:6582462706|confirm,2026-08-22T00:00:00+00:00,resolution_days=3; final_tier=TIER2_ESCALATED
BREAK_RESOLVED,trade_stage,binance:6582462974|confirm,2026-08-22T00:00:00+00:00,resolution_days=3; final_tier=TIER2_ESCALATED
BREAK_RESOLVED,trade_stage,binance:6582463090|confirm,2026-08-22T00:00:00+00:00,resolution_days=3; final_tier=TIER2_ESCALATED
BREAK_RESOLVED,trade_stage,binance:6582464281|confirm,2026-08-22T00:00:00+00:00,resolution_days=3; final_tier=TIER2_ESCALATED
BREAK_RESOLVED,trade_stage,coinbase:1073150387|confirm,2026-08-22T00:00:00+00:00,resolution_days=3; final_tier=TIER2_ESCALATED
BREAK_RESOLVED,trade_stage,coinbase:1073150417|confirm,2026-08-22T00:00:00+00:00,resolution_days=3; final_tier=TIER2_ESCALATED
BREAK_RESOLVED,trade_stage,binance:6582465142|confirm,2026-08-22T00:00:00+00:00,resolution_days=3; final_tier=TIER2_ESCALATED
BREAK_RESOLVED,trade_stage,kraken:105347821|clearing,2026-08-23T00:00:00+00:00,resolution_days=4; final_tier=TIER2_ESCALATED
BREAK_RESOLVED,trade_stage,kraken:105347889|clearing,2026-08-23T00:00:00+00:00,resolution_days=4; final_tier=TIER2_ESCALATED
BREAK_RESOLVED,trade_stage,coinbase:1073145812|clearing,2026-08-23T00:00:00+00:00,resolution_days=4; final_tier=TIER2_ESCALATED
BREAK_RESOLVED,trade_stage,coinbase:1073145852|clearing,2026-08-23T00:00:00+00:00,resolution_days=4; final_tier=TIER2_ESCALATED
BREAK_RESOLVED,trade_stage,coinbase:1073145971|clearing,2026-08-23T00:00:00+00:00,resolution_days=4; final_tier=TIER2_ESCALATED
BREAK_RESOLVED,trade_stage,coinbase:1073146097|clearing,2026-08-23T00:00:00+00:00,resolution_days=4; final_tier=TIER2_ESCALATED
BREAK_RESOLVED,trade_stage,coinbase:1073146395|clearing,2026-08-23T00:00:00+00:00,resolution_days=4; final_tier=TIER2_ESCALATED
BREAK_RESOLVED,trade_stage,coinbase:1073146450|clearing,2026-08-23T00:00:00+00:00,resolution_days=4; final_tier=TIER2_ESCALATED
BREAK_RESOLVED,trade_stage,coinbase:1073146468|clearing,2026-08-23T00:00:00+00:00,resolution_days=4; final_tier=TIER2_ESCALATED
BREAK_RESOLVED,trade_stage,coinbase:1073146536|clearing,2026-08-23T00:00:00+00:00,resolution_days=4; final_tier=TIER2_ESCALATED
BREAK_RESOLVED,trade_stage,coinbase:1073146546|clearing,2026-08-23T00:00:00+00:00,resolution_days=4; final_tier=TIER2_ESCALATED
BREAK_RESOLVED,trade_stage,coinbase:1073146547|clearing,2026-08-23T00:00:00+00:00,resolution_days=4; final_tier=TIER2_ESCALATED
BREAK_RESOLVED,trade_stage,coinbase:1073146559|clearing,2026-08-23T00:00:00+00:00,resolution_days=4; final_tier=TIER2_ESCALATED
BREAK_RESOLVED,trade_stage,coinbase:1073146594|clearing,2026-08-23T00:00:00+00:00,resolution_days=4; final_tier=TIER2_ESCALATED
BREAK_RESOLVED,trade_stage,coinbase:1073146819|clearing,2026-08-23T00:00:00+00:00,resolution_days=4; final_tier=TIER2_ESCALATED
BREAK_RESOLVED,trade_stage,kraken:105348431|clearing,2026-08-23T00:00:00+00:00,resolution_days=4; final_tier=TIER2_ESCALATED
BREAK_RESOLVED,trade_stage,coinbase:1073146961|clearing,2026-08-23T00:00:00+00:00,resolution_days=4; final_tier=TIER2_ESCALATED
BREAK_RESOLVED,trade_stage,binance:6582449537|clearing,2026-08-23T00:00:00+00:00,resolution_days=4; final_tier=TIER2_ESCALATED
BREAK_RESOLVED,trade_stage,binance:6582450382|clearing,2026-08-23T00:00:00+00:00,resolution_days=4; final_tier=TIER2_ESCALATED
BREAK_RESOLVED,trade_stage,binance:6582450545|clearing,2026-08-23T00:00:00+00:00,resolution_days=4; final_tier=TIER2_ESCALATED
BREAK_RESOLVED,trade_stage,binance:6582450584|clearing,2026-08-23T00:00:00+00:00,resolution_days=4; final_tier=TIER2_ESCALATED
BREAK_RESOLVED,trade_stage,binance:6582450932|clearing,2026-08-23T00:00:00+00:00,resolution_days=4; final_tier=TIER2_ESCALATED
BREAK_RESOLVED,trade_stage,coinbase:1073147654|clearing,2026-08-23T00:00:00+00:00,resolution_days=4; final_tier=TIER2_ESCALATED
BREAK_RESOLVED,trade_stage,coinbase:1073147879|clearing,2026-08-23T00:00:00+00:00,resolution_days=4; final_tier=TIER2_ESCALATED
BREAK_RESOLVED,trade_stage,coinbase:1073147889|clearing,2026-08-23T00:00:00+00:00,resolution_days=4; final_tier=TIER2_ESCALATED
BREAK_RESOLVED,trade_stage,coinbase:1073147952|clearing,2026-08-23T00:00:00+00:00,resolution_days=4; final_tier=TIER2_ESCALATED
BREAK_RESOLVED,trade_stage,coinbase:1073148000|clearing,2026-08-23T00:00:00+00:00,resolution_days=4; final_tier=TIER2_ESCALATED
BREAK_RESOLVED,trade_stage,binance:6582454709|clearing,2026-08-23T00:00:00+00:00,resolution_days=4; final_tier=TIER2_ESCALATED
BREAK_RESOLVED,trade_stage,binance:6582455014|clearing,2026-08-23T00:00:00+00:00,resolution_days=4; final_tier=TIER2_ESCALATED
BREAK_RESOLVED,trade_stage,binance:6582457187|clearing,2026-08-23T00:00:00+00:00,resolution_days=4; final_tier=TIER2_ESCALATED
BREAK_RESOLVED,trade_stage,binance:6582458336|clearing,2026-08-23T00:00:00+00:00,resolution_days=4; final_tier=TIER2_ESCALATED
BREAK_RESOLVED,trade_stage,binance:6582458605|clearing,2026-08-23T00:00:00+00:00,resolution_days=4; final_tier=TIER2_ESCALATED
BREAK_RESOLVED,trade_stage,binance:6582458632|clearing,2026-08-23T00:00:00+00:00,resolution_days=4; final_tier=TIER2_ESCALATED
BREAK_RESOLVED,trade_stage,coinbase:1073148968|clearing,2026-08-23T00:00:00+00:00,resolution_days=4; final_tier=TIER2_ESCALATED
BREAK_RESOLVED,trade_stage,coinbase:1073148996|clearing,2026-08-23T00:00:00+00:00,resolution_days=4; final_tier=TIER2_ESCALATED
BREAK_RESOLVED,trade_stage,coinbase:1073149056|clearing,2026-08-23T00:00:00+00:00,resolution_days=4; final_tier=TIER2_ESCALATED
BREAK_RESOLVED,trade_stage,coinbase:1073149125|clearing,2026-08-23T00:00:00+00:00,resolution_days=4; final_tier=TIER2_ESCALATED
BREAK_RESOLVED,trade_stage,binance:6582460283|clearing,2026-08-23T00:00:00+00:00,resolution_days=4; final_tier=TIER2_ESCALATED
BREAK_RESOLVED,trade_stage,kraken:105348665|clearing,2026-08-23T00:00:00+00:00,resolution_days=4; final_tier=TIER2_ESCALATED
BREAK_RESOLVED,trade_stage,binance:6582460713|clearing,2026-08-23T00:00:00+00:00,resolution_days=4; final_tier=TIER2_ESCALATED
BREAK_RESOLVED,trade_stage,binance:6582460981|clearing,2026-08-23T00:00:00+00:00,resolution_days=4; final_tier=TIER2_ESCALATED
BREAK_RESOLVED,trade_stage,binance:6582461490|clearing,2026-08-23T00:00:00+00:00,resolution_days=4; final_tier=TIER2_ESCALATED
BREAK_RESOLVED,trade_stage,binance:6582462443|clearing,2026-08-23T00:00:00+00:00,resolution_days=4; final_tier=TIER2_ESCALATED
BREAK_RESOLVED,trade_stage,coinbase:1073149897|clearing,2026-08-23T00:00:00+00:00,resolution_days=4; final_tier=TIER2_ESCALATED
BREAK_RESOLVED,trade_stage,coinbase:1073150592|clearing,2026-08-23T00:00:00+00:00,resolution_days=4; final_tier=TIER2_ESCALATED
BREAK_RESOLVED,trade_stage,kraken:105348811|clearing,2026-08-23T00:00:00+00:00,resolution_days=4; final_tier=TIER2_ESCALATED
BREAK_RESOLVED,trade_stage,kraken:105348818|clearing,2026-08-23T00:00:00+00:00,resolution_days=4; final_tier=TIER2_ESCALATED
BREAK_RESOLVED,trade_stage,kraken:105347935|confirm,2026-08-23T00:00:00+00:00,resolution_days=4; final_tier=TIER2_ESCALATED
BREAK_RESOLVED,trade_stage,kraken:105348085|confirm,2026-08-23T00:00:00+00:00,resolution_days=4; final_tier=TIER2_ESCALATED
BREAK_RESOLVED,trade_stage,kraken:105348187|confirm,2026-08-23T00:00:00+00:00,resolution_days=4; final_tier=TIER2_ESCALATED
BREAK_RESOLVED,trade_stage,coinbase:1073145863|confirm,2026-08-23T00:00:00+00:00,resolution_days=4; final_tier=TIER2_ESCALATED
BREAK_RESOLVED,trade_stage,coinbase:1073145937|confirm,2026-08-23T00:00:00+00:00,resolution_days=4; final_tier=TIER2_ESCALATED
BREAK_RESOLVED,trade_stage,coinbase:1073146198|confirm,2026-08-23T00:00:00+00:00,resolution_days=4; final_tier=TIER2_ESCALATED
BREAK_RESOLVED,trade_stage,coinbase:1073146243|confirm,2026-08-23T00:00:00+00:00,resolution_days=4; final_tier=TIER2_ESCALATED
BREAK_RESOLVED,trade_stage,kraken:105348345|confirm,2026-08-23T00:00:00+00:00,resolution_days=4; final_tier=TIER2_ESCALATED
BREAK_RESOLVED,trade_stage,coinbase:1073146512|confirm,2026-08-23T00:00:00+00:00,resolution_days=4; final_tier=TIER2_ESCALATED
BREAK_RESOLVED,trade_stage,coinbase:1073146531|confirm,2026-08-23T00:00:00+00:00,resolution_days=4; final_tier=TIER2_ESCALATED
BREAK_RESOLVED,trade_stage,coinbase:1073146529|confirm,2026-08-23T00:00:00+00:00,resolution_days=4; final_tier=TIER2_ESCALATED
BREAK_RESOLVED,trade_stage,coinbase:1073146815|confirm,2026-08-23T00:00:00+00:00,resolution_days=4; final_tier=TIER2_ESCALATED
BREAK_RESOLVED,trade_stage,coinbase:1073147140|confirm,2026-08-23T00:00:00+00:00,resolution_days=4; final_tier=TIER2_ESCALATED
BREAK_RESOLVED,trade_stage,coinbase:1073147289|confirm,2026-08-23T00:00:00+00:00,resolution_days=4; final_tier=TIER2_ESCALATED
BREAK_RESOLVED,trade_stage,binance:6582451808|confirm,2026-08-23T00:00:00+00:00,resolution_days=4; final_tier=TIER2_ESCALATED
BREAK_RESOLVED,trade_stage,kraken:105348482|confirm,2026-08-23T00:00:00+00:00,resolution_days=4; final_tier=TIER2_ESCALATED
BREAK_RESOLVED,trade_stage,coinbase:1073147545|confirm,2026-08-23T00:00:00+00:00,resolution_days=4; final_tier=TIER2_ESCALATED
BREAK_RESOLVED,trade_stage,binance:6582453572|confirm,2026-08-23T00:00:00+00:00,resolution_days=4; final_tier=TIER2_ESCALATED
BREAK_RESOLVED,trade_stage,coinbase:1073147962|confirm,2026-08-23T00:00:00+00:00,resolution_days=4; final_tier=TIER2_ESCALATED
BREAK_RESOLVED,trade_stage,coinbase:1073148028|confirm,2026-08-23T00:00:00+00:00,resolution_days=4; final_tier=TIER2_ESCALATED
BREAK_RESOLVED,trade_stage,binance:6582455430|confirm,2026-08-23T00:00:00+00:00,resolution_days=4; final_tier=TIER2_ESCALATED
BREAK_RESOLVED,trade_stage,coinbase:1073148191|confirm,2026-08-23T00:00:00+00:00,resolution_days=4; final_tier=TIER2_ESCALATED
BREAK_RESOLVED,trade_stage,binance:6582455862|confirm,2026-08-23T00:00:00+00:00,resolution_days=4; final_tier=TIER2_ESCALATED
BREAK_RESOLVED,trade_stage,binance:6582455863|confirm,2026-08-23T00:00:00+00:00,resolution_days=4; final_tier=TIER2_ESCALATED
BREAK_RESOLVED,trade_stage,binance:6582456286|confirm,2026-08-23T00:00:00+00:00,resolution_days=4; final_tier=TIER2_ESCALATED
BREAK_RESOLVED,trade_stage,binance:6582456738|confirm,2026-08-23T00:00:00+00:00,resolution_days=4; final_tier=TIER2_ESCALATED
BREAK_RESOLVED,trade_stage,coinbase:1073148502|confirm,2026-08-23T00:00:00+00:00,resolution_days=4; final_tier=TIER2_ESCALATED
BREAK_RESOLVED,trade_stage,kraken:105348583|confirm,2026-08-23T00:00:00+00:00,resolution_days=4; final_tier=TIER2_ESCALATED
BREAK_RESOLVED,trade_stage,coinbase:1073148743|confirm,2026-08-23T00:00:00+00:00,resolution_days=4; final_tier=TIER2_ESCALATED
BREAK_RESOLVED,trade_stage,coinbase:1073148742|confirm,2026-08-23T00:00:00+00:00,resolution_days=4; final_tier=TIER2_ESCALATED
BREAK_RESOLVED,trade_stage,binance:6582457397|confirm,2026-08-23T00:00:00+00:00,resolution_days=4; final_tier=TIER2_ESCALATED
BREAK_RESOLVED,trade_stage,coinbase:1073148833|confirm,2026-08-23T00:00:00+00:00,resolution_days=4; final_tier=TIER2_ESCALATED
BREAK_RESOLVED,trade_stage,binance:6582458042|confirm,2026-08-23T00:00:00+00:00,resolution_days=4; final_tier=TIER2_ESCALATED
BREAK_RESOLVED,trade_stage,binance:6582458978|confirm,2026-08-23T00:00:00+00:00,resolution_days=4; final_tier=TIER2_ESCALATED
BREAK_RESOLVED,trade_stage,binance:6582459037|confirm,2026-08-23T00:00:00+00:00,resolution_days=4; final_tier=TIER2_ESCALATED
BREAK_RESOLVED,trade_stage,binance:6582460118|confirm,2026-08-23T00:00:00+00:00,resolution_days=4; final_tier=TIER2_ESCALATED
BREAK_RESOLVED,trade_stage,binance:6582460249|confirm,2026-08-23T00:00:00+00:00,resolution_days=4; final_tier=TIER2_ESCALATED
BREAK_RESOLVED,trade_stage,coinbase:1073149402|confirm,2026-08-23T00:00:00+00:00,resolution_days=4; final_tier=TIER2_ESCALATED
BREAK_RESOLVED,trade_stage,binance:6582461722|confirm,2026-08-23T00:00:00+00:00,resolution_days=4; final_tier=TIER2_ESCALATED
BREAK_RESOLVED,trade_stage,binance:6582462175|confirm,2026-08-23T00:00:00+00:00,resolution_days=4; final_tier=TIER2_ESCALATED
BREAK_RESOLVED,trade_stage,binance:6582462749|confirm,2026-08-23T00:00:00+00:00,resolution_days=4; final_tier=TIER2_ESCALATED
BREAK_RESOLVED,trade_stage,coinbase:1073149840|confirm,2026-08-23T00:00:00+00:00,resolution_days=4; final_tier=TIER2_ESCALATED
BREAK_RESOLVED,trade_stage,binance:6582463197|confirm,2026-08-23T00:00:00+00:00,resolution_days=4; final_tier=TIER2_ESCALATED
BREAK_RESOLVED,trade_stage,coinbase:1073150137|confirm,2026-08-23T00:00:00+00:00,resolution_days=4; final_tier=TIER2_ESCALATED
BREAK_RESOLVED,trade_stage,coinbase:1073150155|confirm,2026-08-23T00:00:00+00:00,resolution_days=4; final_tier=TIER2_ESCALATED
BREAK_RESOLVED,trade_stage,coinbase:1073150261|confirm,2026-08-23T00:00:00+00:00,resolution_days=4; final_tier=TIER2_ESCALATED
BREAK_RESOLVED,trade_stage,coinbase:1073150310|confirm,2026-08-23T00:00:00+00:00,resolution_days=4; final_tier=TIER2_ESCALATED
BREAK_RESOLVED,trade_stage,binance:6582464130|confirm,2026-08-23T00:00:00+00:00,resolution_days=4; final_tier=TIER2_ESCALATED
BREAK_RESOLVED,trade_stage,binance:6582464469|confirm,2026-08-23T00:00:00+00:00,resolution_days=4; final_tier=TIER2_ESCALATED
BREAK_RESOLVED,trade_stage,binance:6582465289|confirm,2026-08-23T00:00:00+00:00,resolution_days=4; final_tier=TIER2_ESCALATED
BREAK_RESOLVED,trade_stage,kraken:105347950|clearing,2026-08-24T00:00:00+00:00,resolution_days=5; final_tier=TIER2_ESCALATED
BREAK_RESOLVED,trade_stage,kraken:105348279|clearing,2026-08-24T00:00:00+00:00,resolution_days=5; final_tier=TIER2_ESCALATED
BREAK_RESOLVED,trade_stage,coinbase:1073145697|clearing,2026-08-24T00:00:00+00:00,resolution_days=5; final_tier=TIER2_ESCALATED
BREAK_RESOLVED,trade_stage,coinbase:1073145715|clearing,2026-08-24T00:00:00+00:00,resolution_days=5; final_tier=TIER2_ESCALATED
BREAK_RESOLVED,trade_stage,coinbase:1073145772|clearing,2026-08-24T00:00:00+00:00,resolution_days=5; final_tier=TIER2_ESCALATED
BREAK_RESOLVED,trade_stage,coinbase:1073146484|clearing,2026-08-24T00:00:00+00:00,resolution_days=5; final_tier=TIER2_ESCALATED
BREAK_RESOLVED,trade_stage,coinbase:1073146626|clearing,2026-08-24T00:00:00+00:00,resolution_days=5; final_tier=TIER2_ESCALATED
BREAK_RESOLVED,trade_stage,coinbase:1073146728|clearing,2026-08-24T00:00:00+00:00,resolution_days=5; final_tier=TIER2_ESCALATED
BREAK_RESOLVED,trade_stage,binance:6582449487|clearing,2026-08-24T00:00:00+00:00,resolution_days=5; final_tier=TIER2_ESCALATED
BREAK_RESOLVED,trade_stage,coinbase:1073147226|clearing,2026-08-24T00:00:00+00:00,resolution_days=5; final_tier=TIER2_ESCALATED
BREAK_RESOLVED,trade_stage,binance:6582450966|clearing,2026-08-24T00:00:00+00:00,resolution_days=5; final_tier=TIER2_ESCALATED
BREAK_RESOLVED,trade_stage,binance:6582451371|clearing,2026-08-24T00:00:00+00:00,resolution_days=5; final_tier=TIER2_ESCALATED
BREAK_RESOLVED,trade_stage,binance:6582452543|clearing,2026-08-24T00:00:00+00:00,resolution_days=5; final_tier=TIER2_ESCALATED
BREAK_RESOLVED,trade_stage,binance:6582452759|clearing,2026-08-24T00:00:00+00:00,resolution_days=5; final_tier=TIER2_ESCALATED
BREAK_RESOLVED,trade_stage,binance:6582452946|clearing,2026-08-24T00:00:00+00:00,resolution_days=5; final_tier=TIER2_ESCALATED
BREAK_RESOLVED,trade_stage,coinbase:1073147605|clearing,2026-08-24T00:00:00+00:00,resolution_days=5; final_tier=TIER2_ESCALATED
BREAK_RESOLVED,trade_stage,coinbase:1073147623|clearing,2026-08-24T00:00:00+00:00,resolution_days=5; final_tier=TIER2_ESCALATED
BREAK_RESOLVED,trade_stage,binance:6582453983|clearing,2026-08-24T00:00:00+00:00,resolution_days=5; final_tier=TIER2_ESCALATED
BREAK_RESOLVED,trade_stage,binance:6582454138|clearing,2026-08-24T00:00:00+00:00,resolution_days=5; final_tier=TIER2_ESCALATED
BREAK_RESOLVED,trade_stage,binance:6582454144|clearing,2026-08-24T00:00:00+00:00,resolution_days=5; final_tier=TIER2_ESCALATED
BREAK_RESOLVED,trade_stage,binance:6582454211|clearing,2026-08-24T00:00:00+00:00,resolution_days=5; final_tier=TIER2_ESCALATED
BREAK_RESOLVED,trade_stage,binance:6582455288|clearing,2026-08-24T00:00:00+00:00,resolution_days=5; final_tier=TIER2_ESCALATED
BREAK_RESOLVED,trade_stage,coinbase:1073148215|clearing,2026-08-24T00:00:00+00:00,resolution_days=5; final_tier=TIER2_ESCALATED
BREAK_RESOLVED,trade_stage,coinbase:1073148327|clearing,2026-08-24T00:00:00+00:00,resolution_days=5; final_tier=TIER2_ESCALATED
BREAK_RESOLVED,trade_stage,binance:6582456242|clearing,2026-08-24T00:00:00+00:00,resolution_days=5; final_tier=TIER2_ESCALATED
BREAK_RESOLVED,trade_stage,coinbase:1073148375|clearing,2026-08-24T00:00:00+00:00,resolution_days=5; final_tier=TIER2_ESCALATED
BREAK_RESOLVED,trade_stage,binance:6582456656|clearing,2026-08-24T00:00:00+00:00,resolution_days=5; final_tier=TIER2_ESCALATED
BREAK_RESOLVED,trade_stage,kraken:105348583|clearing,2026-08-24T00:00:00+00:00,resolution_days=5; final_tier=TIER2_ESCALATED
BREAK_RESOLVED,trade_stage,binance:6582456948|clearing,2026-08-24T00:00:00+00:00,resolution_days=5; final_tier=TIER2_ESCALATED
BREAK_RESOLVED,trade_stage,coinbase:1073148709|clearing,2026-08-24T00:00:00+00:00,resolution_days=5; final_tier=TIER2_ESCALATED
BREAK_RESOLVED,trade_stage,binance:6582457438|clearing,2026-08-24T00:00:00+00:00,resolution_days=5; final_tier=TIER2_ESCALATED
BREAK_RESOLVED,trade_stage,binance:6582457659|clearing,2026-08-24T00:00:00+00:00,resolution_days=5; final_tier=TIER2_ESCALATED
BREAK_RESOLVED,trade_stage,binance:6582457793|clearing,2026-08-24T00:00:00+00:00,resolution_days=5; final_tier=TIER2_ESCALATED
BREAK_RESOLVED,trade_stage,binance:6582457814|clearing,2026-08-24T00:00:00+00:00,resolution_days=5; final_tier=TIER2_ESCALATED
BREAK_RESOLVED,trade_stage,binance:6582457970|clearing,2026-08-24T00:00:00+00:00,resolution_days=5; final_tier=TIER2_ESCALATED
BREAK_RESOLVED,trade_stage,binance:6582458569|clearing,2026-08-24T00:00:00+00:00,resolution_days=5; final_tier=TIER2_ESCALATED
BREAK_RESOLVED,trade_stage,coinbase:1073149012|clearing,2026-08-24T00:00:00+00:00,resolution_days=5; final_tier=TIER2_ESCALATED
BREAK_RESOLVED,trade_stage,binance:6582459291|clearing,2026-08-24T00:00:00+00:00,resolution_days=5; final_tier=TIER2_ESCALATED
BREAK_RESOLVED,trade_stage,binance:6582459297|clearing,2026-08-24T00:00:00+00:00,resolution_days=5; final_tier=TIER2_ESCALATED
BREAK_RESOLVED,trade_stage,binance:6582459675|clearing,2026-08-24T00:00:00+00:00,resolution_days=5; final_tier=TIER2_ESCALATED
BREAK_RESOLVED,trade_stage,binance:6582459965|clearing,2026-08-24T00:00:00+00:00,resolution_days=5; final_tier=TIER2_ESCALATED
BREAK_RESOLVED,trade_stage,binance:6582460626|clearing,2026-08-24T00:00:00+00:00,resolution_days=5; final_tier=TIER2_ESCALATED
BREAK_RESOLVED,trade_stage,coinbase:1073149777|clearing,2026-08-24T00:00:00+00:00,resolution_days=5; final_tier=TIER2_ESCALATED
BREAK_RESOLVED,trade_stage,binance:6582462715|clearing,2026-08-24T00:00:00+00:00,resolution_days=5; final_tier=TIER2_ESCALATED
BREAK_RESOLVED,trade_stage,binance:6582462959|clearing,2026-08-24T00:00:00+00:00,resolution_days=5; final_tier=TIER2_ESCALATED
BREAK_RESOLVED,trade_stage,coinbase:1073150173|clearing,2026-08-24T00:00:00+00:00,resolution_days=5; final_tier=TIER2_ESCALATED
BREAK_RESOLVED,trade_stage,binance:6582463964|clearing,2026-08-24T00:00:00+00:00,resolution_days=5; final_tier=TIER2_ESCALATED
BREAK_RESOLVED,trade_stage,kraken:105348754|clearing,2026-08-24T00:00:00+00:00,resolution_days=5; final_tier=TIER2_ESCALATED
BREAK_RESOLVED,trade_stage,coinbase:1073150570|clearing,2026-08-24T00:00:00+00:00,resolution_days=5; final_tier=TIER2_ESCALATED
BREAK_RESOLVED,trade_stage,kraken:105347901|confirm,2026-08-24T00:00:00+00:00,resolution_days=5; final_tier=TIER2_ESCALATED
BREAK_RESOLVED,trade_stage,kraken:105348201|confirm,2026-08-24T00:00:00+00:00,resolution_days=5; final_tier=TIER2_ESCALATED
BREAK_RESOLVED,trade_stage,kraken:105348242|confirm,2026-08-24T00:00:00+00:00,resolution_days=5; final_tier=TIER2_ESCALATED
BREAK_RESOLVED,trade_stage,kraken:105348275|confirm,2026-08-24T00:00:00+00:00,resolution_days=5; final_tier=TIER2_ESCALATED
BREAK_RESOLVED,trade_stage,coinbase:1073145996|confirm,2026-08-24T00:00:00+00:00,resolution_days=5; final_tier=TIER2_ESCALATED
BREAK_RESOLVED,trade_stage,coinbase:1073146171|confirm,2026-08-24T00:00:00+00:00,resolution_days=5; final_tier=TIER2_ESCALATED
BREAK_RESOLVED,trade_stage,coinbase:1073146275|confirm,2026-08-24T00:00:00+00:00,resolution_days=5; final_tier=TIER2_ESCALATED
BREAK_RESOLVED,trade_stage,coinbase:1073146378|confirm,2026-08-24T00:00:00+00:00,resolution_days=5; final_tier=TIER2_ESCALATED
BREAK_RESOLVED,trade_stage,coinbase:1073146581|confirm,2026-08-24T00:00:00+00:00,resolution_days=5; final_tier=TIER2_ESCALATED
BREAK_RESOLVED,trade_stage,coinbase:1073146700|confirm,2026-08-24T00:00:00+00:00,resolution_days=5; final_tier=TIER2_ESCALATED
BREAK_RESOLVED,trade_stage,kraken:105348414|confirm,2026-08-24T00:00:00+00:00,resolution_days=5; final_tier=TIER2_ESCALATED
BREAK_RESOLVED,trade_stage,coinbase:1073146919|confirm,2026-08-24T00:00:00+00:00,resolution_days=5; final_tier=TIER2_ESCALATED
BREAK_RESOLVED,trade_stage,coinbase:1073146922|confirm,2026-08-24T00:00:00+00:00,resolution_days=5; final_tier=TIER2_ESCALATED
BREAK_RESOLVED,trade_stage,binance:6582449697|confirm,2026-08-24T00:00:00+00:00,resolution_days=5; final_tier=TIER2_ESCALATED
BREAK_RESOLVED,trade_stage,binance:6582449923|confirm,2026-08-24T00:00:00+00:00,resolution_days=5; final_tier=TIER2_ESCALATED
BREAK_RESOLVED,trade_stage,coinbase:1073147294|confirm,2026-08-24T00:00:00+00:00,resolution_days=5; final_tier=TIER2_ESCALATED
BREAK_RESOLVED,trade_stage,coinbase:1073147369|confirm,2026-08-24T00:00:00+00:00,resolution_days=5; final_tier=TIER2_ESCALATED
BREAK_RESOLVED,trade_stage,coinbase:1073147392|confirm,2026-08-24T00:00:00+00:00,resolution_days=5; final_tier=TIER2_ESCALATED
BREAK_RESOLVED,trade_stage,binance:6582451936|confirm,2026-08-24T00:00:00+00:00,resolution_days=5; final_tier=TIER2_ESCALATED
BREAK_RESOLVED,trade_stage,coinbase:1073147471|confirm,2026-08-24T00:00:00+00:00,resolution_days=5; final_tier=TIER2_ESCALATED
BREAK_RESOLVED,trade_stage,coinbase:1073147569|confirm,2026-08-24T00:00:00+00:00,resolution_days=5; final_tier=TIER2_ESCALATED
BREAK_RESOLVED,trade_stage,binance:6582454212|confirm,2026-08-24T00:00:00+00:00,resolution_days=5; final_tier=TIER2_ESCALATED
BREAK_RESOLVED,trade_stage,binance:6582455054|confirm,2026-08-24T00:00:00+00:00,resolution_days=5; final_tier=TIER2_ESCALATED
BREAK_RESOLVED,trade_stage,coinbase:1073148106|confirm,2026-08-24T00:00:00+00:00,resolution_days=5; final_tier=TIER2_ESCALATED
BREAK_RESOLVED,trade_stage,coinbase:1073148257|confirm,2026-08-24T00:00:00+00:00,resolution_days=5; final_tier=TIER2_ESCALATED
BREAK_RESOLVED,trade_stage,kraken:105348554|confirm,2026-08-24T00:00:00+00:00,resolution_days=5; final_tier=TIER2_ESCALATED
BREAK_RESOLVED,trade_stage,coinbase:1073148330|confirm,2026-08-24T00:00:00+00:00,resolution_days=5; final_tier=TIER2_ESCALATED
BREAK_RESOLVED,trade_stage,binance:6582456480|confirm,2026-08-24T00:00:00+00:00,resolution_days=5; final_tier=TIER2_ESCALATED
BREAK_RESOLVED,trade_stage,coinbase:1073148768|confirm,2026-08-24T00:00:00+00:00,resolution_days=5; final_tier=TIER2_ESCALATED
BREAK_RESOLVED,trade_stage,binance:6582457607|confirm,2026-08-24T00:00:00+00:00,resolution_days=5; final_tier=TIER2_ESCALATED
BREAK_RESOLVED,trade_stage,binance:6582457971|confirm,2026-08-24T00:00:00+00:00,resolution_days=5; final_tier=TIER2_ESCALATED
BREAK_RESOLVED,trade_stage,coinbase:1073149046|confirm,2026-08-24T00:00:00+00:00,resolution_days=5; final_tier=TIER2_ESCALATED
BREAK_RESOLVED,trade_stage,binance:6582459693|confirm,2026-08-24T00:00:00+00:00,resolution_days=5; final_tier=TIER2_ESCALATED
BREAK_RESOLVED,trade_stage,binance:6582460029|confirm,2026-08-24T00:00:00+00:00,resolution_days=5; final_tier=TIER2_ESCALATED
BREAK_RESOLVED,trade_stage,binance:6582460121|confirm,2026-08-24T00:00:00+00:00,resolution_days=5; final_tier=TIER2_ESCALATED
BREAK_RESOLVED,trade_stage,binance:6582460200|confirm,2026-08-24T00:00:00+00:00,resolution_days=5; final_tier=TIER2_ESCALATED
BREAK_RESOLVED,trade_stage,binance:6582460453|confirm,2026-08-24T00:00:00+00:00,resolution_days=5; final_tier=TIER2_ESCALATED
BREAK_RESOLVED,trade_stage,binance:6582460675|confirm,2026-08-24T00:00:00+00:00,resolution_days=5; final_tier=TIER2_ESCALATED
BREAK_RESOLVED,trade_stage,binance:6582461071|confirm,2026-08-24T00:00:00+00:00,resolution_days=5; final_tier=TIER2_ESCALATED
BREAK_RESOLVED,trade_stage,kraken:105348679|confirm,2026-08-24T00:00:00+00:00,resolution_days=5; final_tier=TIER2_ESCALATED
BREAK_RESOLVED,trade_stage,coinbase:1073149414|confirm,2026-08-24T00:00:00+00:00,resolution_days=5; final_tier=TIER2_ESCALATED
BREAK_RESOLVED,trade_stage,binance:6582461462|confirm,2026-08-24T00:00:00+00:00,resolution_days=5; final_tier=TIER2_ESCALATED
BREAK_RESOLVED,trade_stage,coinbase:1073149525|confirm,2026-08-24T00:00:00+00:00,resolution_days=5; final_tier=TIER2_ESCALATED
BREAK_RESOLVED,trade_stage,coinbase:1073149787|confirm,2026-08-24T00:00:00+00:00,resolution_days=5; final_tier=TIER2_ESCALATED
BREAK_RESOLVED,trade_stage,binance:6582462473|confirm,2026-08-24T00:00:00+00:00,resolution_days=5; final_tier=TIER2_ESCALATED
BREAK_RESOLVED,trade_stage,binance:6582463014|confirm,2026-08-24T00:00:00+00:00,resolution_days=5; final_tier=TIER2_ESCALATED
BREAK_RESOLVED,trade_stage,binance:6582463222|confirm,2026-08-24T00:00:00+00:00,resolution_days=5; final_tier=TIER2_ESCALATED
BREAK_RESOLVED,trade_stage,coinbase:1073150135|confirm,2026-08-24T00:00:00+00:00,resolution_days=5; final_tier=TIER2_ESCALATED
BREAK_RESOLVED,trade_stage,coinbase:1073150287|confirm,2026-08-24T00:00:00+00:00,resolution_days=5; final_tier=TIER2_ESCALATED
BREAK_RESOLVED,trade_stage,binance:6582464093|confirm,2026-08-24T00:00:00+00:00,resolution_days=5; final_tier=TIER2_ESCALATED
BREAK_RESOLVED,trade_stage,coinbase:1073150416|confirm,2026-08-24T00:00:00+00:00,resolution_days=5; final_tier=TIER2_ESCALATED
BREAK_RESOLVED,trade_stage,coinbase:1073150472|confirm,2026-08-24T00:00:00+00:00,resolution_days=5; final_tier=TIER2_ESCALATED
BREAK_RESOLVED,trade_stage,binance:6582464608|confirm,2026-08-24T00:00:00+00:00,resolution_days=5; final_tier=TIER2_ESCALATED
BREAK_RESOLVED,trade_stage,coinbase:1073150522|confirm,2026-08-24T00:00:00+00:00,resolution_days=5; final_tier=TIER2_ESCALATED
BREAK_RESOLVED,trade_stage,coinbase:1073150675|confirm,2026-08-24T00:00:00+00:00,resolution_days=5; final_tier=TIER2_ESCALATED
BREAK_RESOLVED,trade_stage,kraken:105348112|clearing,2026-08-25T00:00:00+00:00,resolution_days=6; final_tier=TIER2_ESCALATED
BREAK_RESOLVED,trade_stage,kraken:105348165|clearing,2026-08-25T00:00:00+00:00,resolution_days=6; final_tier=TIER2_ESCALATED
BREAK_RESOLVED,trade_stage,kraken:105348178|clearing,2026-08-25T00:00:00+00:00,resolution_days=6; final_tier=TIER2_ESCALATED
BREAK_RESOLVED,trade_stage,kraken:105348237|clearing,2026-08-25T00:00:00+00:00,resolution_days=6; final_tier=TIER2_ESCALATED
BREAK_RESOLVED,trade_stage,coinbase:1073145863|clearing,2026-08-25T00:00:00+00:00,resolution_days=6; final_tier=TIER2_ESCALATED
BREAK_RESOLVED,trade_stage,coinbase:1073145879|clearing,2026-08-25T00:00:00+00:00,resolution_days=6; final_tier=TIER2_ESCALATED
BREAK_RESOLVED,trade_stage,coinbase:1073146555|clearing,2026-08-25T00:00:00+00:00,resolution_days=6; final_tier=TIER2_ESCALATED
BREAK_RESOLVED,trade_stage,coinbase:1073146925|clearing,2026-08-25T00:00:00+00:00,resolution_days=6; final_tier=TIER2_ESCALATED
BREAK_RESOLVED,trade_stage,coinbase:1073147047|clearing,2026-08-25T00:00:00+00:00,resolution_days=6; final_tier=TIER2_ESCALATED
BREAK_RESOLVED,trade_stage,coinbase:1073147100|clearing,2026-08-25T00:00:00+00:00,resolution_days=6; final_tier=TIER2_ESCALATED
BREAK_RESOLVED,trade_stage,binance:6582450104|clearing,2026-08-25T00:00:00+00:00,resolution_days=6; final_tier=TIER2_ESCALATED
BREAK_RESOLVED,trade_stage,coinbase:1073147164|clearing,2026-08-25T00:00:00+00:00,resolution_days=6; final_tier=TIER2_ESCALATED
BREAK_RESOLVED,trade_stage,coinbase:1073147242|clearing,2026-08-25T00:00:00+00:00,resolution_days=6; final_tier=TIER2_ESCALATED
BREAK_RESOLVED,trade_stage,binance:6582451933|clearing,2026-08-25T00:00:00+00:00,resolution_days=6; final_tier=TIER2_ESCALATED
BREAK_RESOLVED,trade_stage,coinbase:1073147450|clearing,2026-08-25T00:00:00+00:00,resolution_days=6; final_tier=TIER2_ESCALATED
BREAK_RESOLVED,trade_stage,coinbase:1073147618|clearing,2026-08-25T00:00:00+00:00,resolution_days=6; final_tier=TIER2_ESCALATED
BREAK_RESOLVED,trade_stage,coinbase:1073147639|clearing,2026-08-25T00:00:00+00:00,resolution_days=6; final_tier=TIER2_ESCALATED
BREAK_RESOLVED,trade_stage,coinbase:1073147660|clearing,2026-08-25T00:00:00+00:00,resolution_days=6; final_tier=TIER2_ESCALATED
BREAK_RESOLVED,trade_stage,coinbase:1073147667|clearing,2026-08-25T00:00:00+00:00,resolution_days=6; final_tier=TIER2_ESCALATED
BREAK_RESOLVED,trade_stage,coinbase:1073147697|clearing,2026-08-25T00:00:00+00:00,resolution_days=6; final_tier=TIER2_ESCALATED
BREAK_RESOLVED,trade_stage,binance:6582453627|clearing,2026-08-25T00:00:00+00:00,resolution_days=6; final_tier=TIER2_ESCALATED
BREAK_RESOLVED,trade_stage,binance:6582453734|clearing,2026-08-25T00:00:00+00:00,resolution_days=6; final_tier=TIER2_ESCALATED
BREAK_RESOLVED,trade_stage,binance:6582454192|clearing,2026-08-25T00:00:00+00:00,resolution_days=6; final_tier=TIER2_ESCALATED
BREAK_RESOLVED,trade_stage,binance:6582454207|clearing,2026-08-25T00:00:00+00:00,resolution_days=6; final_tier=TIER2_ESCALATED
BREAK_RESOLVED,trade_stage,binance:6582454853|clearing,2026-08-25T00:00:00+00:00,resolution_days=6; final_tier=TIER2_ESCALATED
BREAK_RESOLVED,trade_stage,binance:6582454873|clearing,2026-08-25T00:00:00+00:00,resolution_days=6; final_tier=TIER2_ESCALATED
BREAK_RESOLVED,trade_stage,binance:6582456159|clearing,2026-08-25T00:00:00+00:00,resolution_days=6; final_tier=TIER2_ESCALATED
BREAK_RESOLVED,trade_stage,binance:6582457242|clearing,2026-08-25T00:00:00+00:00,resolution_days=6; final_tier=TIER2_ESCALATED
BREAK_RESOLVED,trade_stage,binance:6582457675|clearing,2026-08-25T00:00:00+00:00,resolution_days=6; final_tier=TIER2_ESCALATED
BREAK_RESOLVED,trade_stage,binance:6582457720|clearing,2026-08-25T00:00:00+00:00,resolution_days=6; final_tier=TIER2_ESCALATED
BREAK_RESOLVED,trade_stage,binance:6582457850|clearing,2026-08-25T00:00:00+00:00,resolution_days=6; final_tier=TIER2_ESCALATED
BREAK_RESOLVED,trade_stage,coinbase:1073148830|clearing,2026-08-25T00:00:00+00:00,resolution_days=6; final_tier=TIER2_ESCALATED
BREAK_RESOLVED,trade_stage,binance:6582458447|clearing,2026-08-25T00:00:00+00:00,resolution_days=6; final_tier=TIER2_ESCALATED
BREAK_RESOLVED,trade_stage,binance:6582459466|clearing,2026-08-25T00:00:00+00:00,resolution_days=6; final_tier=TIER2_ESCALATED
BREAK_RESOLVED,trade_stage,coinbase:1073149066|clearing,2026-08-25T00:00:00+00:00,resolution_days=6; final_tier=TIER2_ESCALATED
BREAK_RESOLVED,trade_stage,binance:6582459584|clearing,2026-08-25T00:00:00+00:00,resolution_days=6; final_tier=TIER2_ESCALATED
BREAK_RESOLVED,trade_stage,coinbase:1073149095|clearing,2026-08-25T00:00:00+00:00,resolution_days=6; final_tier=TIER2_ESCALATED
BREAK_RESOLVED,trade_stage,binance:6582460340|clearing,2026-08-25T00:00:00+00:00,resolution_days=6; final_tier=TIER2_ESCALATED
BREAK_RESOLVED,trade_stage,binance:6582460983|clearing,2026-08-25T00:00:00+00:00,resolution_days=6; final_tier=TIER2_ESCALATED
BREAK_RESOLVED,trade_stage,binance:6582461661|clearing,2026-08-25T00:00:00+00:00,resolution_days=6; final_tier=TIER2_ESCALATED
BREAK_RESOLVED,trade_stage,binance:6582461685|clearing,2026-08-25T00:00:00+00:00,resolution_days=6; final_tier=TIER2_ESCALATED
BREAK_RESOLVED,trade_stage,coinbase:1073149528|clearing,2026-08-25T00:00:00+00:00,resolution_days=6; final_tier=TIER2_ESCALATED
BREAK_RESOLVED,trade_stage,coinbase:1073149573|clearing,2026-08-25T00:00:00+00:00,resolution_days=6; final_tier=TIER2_ESCALATED
BREAK_RESOLVED,trade_stage,binance:6582463640|clearing,2026-08-25T00:00:00+00:00,resolution_days=6; final_tier=TIER2_ESCALATED
BREAK_RESOLVED,trade_stage,coinbase:1073150278|clearing,2026-08-25T00:00:00+00:00,resolution_days=6; final_tier=TIER2_ESCALATED
BREAK_RESOLVED,trade_stage,binance:6582464131|clearing,2026-08-25T00:00:00+00:00,resolution_days=6; final_tier=TIER2_ESCALATED
BREAK_RESOLVED,trade_stage,binance:6582464213|clearing,2026-08-25T00:00:00+00:00,resolution_days=6; final_tier=TIER2_ESCALATED
BREAK_RESOLVED,trade_stage,binance:6582464443|clearing,2026-08-25T00:00:00+00:00,resolution_days=6; final_tier=TIER2_ESCALATED
BREAK_RESOLVED,trade_stage,kraken:105348794|clearing,2026-08-25T00:00:00+00:00,resolution_days=6; final_tier=TIER2_ESCALATED
BREAK_RESOLVED,trade_stage,kraken:105347822|confirm,2026-08-25T00:00:00+00:00,resolution_days=6; final_tier=TIER2_ESCALATED
BREAK_RESOLVED,trade_stage,kraken:105347854|confirm,2026-08-25T00:00:00+00:00,resolution_days=6; final_tier=TIER2_ESCALATED
BREAK_RESOLVED,trade_stage,kraken:105347861|confirm,2026-08-25T00:00:00+00:00,resolution_days=6; final_tier=TIER2_ESCALATED
BREAK_RESOLVED,trade_stage,kraken:105348029|confirm,2026-08-25T00:00:00+00:00,resolution_days=6; final_tier=TIER2_ESCALATED
BREAK_RESOLVED,trade_stage,kraken:105348333|confirm,2026-08-25T00:00:00+00:00,resolution_days=6; final_tier=TIER2_ESCALATED
BREAK_RESOLVED,trade_stage,coinbase:1073146598|confirm,2026-08-25T00:00:00+00:00,resolution_days=6; final_tier=TIER2_ESCALATED
BREAK_RESOLVED,trade_stage,coinbase:1073146868|confirm,2026-08-25T00:00:00+00:00,resolution_days=6; final_tier=TIER2_ESCALATED
BREAK_RESOLVED,trade_stage,coinbase:1073146993|confirm,2026-08-25T00:00:00+00:00,resolution_days=6; final_tier=TIER2_ESCALATED
BREAK_RESOLVED,trade_stage,coinbase:1073146985|confirm,2026-08-25T00:00:00+00:00,resolution_days=6; final_tier=TIER2_ESCALATED
BREAK_RESOLVED,trade_stage,binance:6582449922|confirm,2026-08-25T00:00:00+00:00,resolution_days=6; final_tier=TIER2_ESCALATED
BREAK_RESOLVED,trade_stage,binance:6582450151|confirm,2026-08-25T00:00:00+00:00,resolution_days=6; final_tier=TIER2_ESCALATED
BREAK_RESOLVED,trade_stage,coinbase:1073147226|confirm,2026-08-25T00:00:00+00:00,resolution_days=6; final_tier=TIER2_ESCALATED
BREAK_RESOLVED,trade_stage,binance:6582451406|confirm,2026-08-25T00:00:00+00:00,resolution_days=6; final_tier=TIER2_ESCALATED
BREAK_RESOLVED,trade_stage,binance:6582452449|confirm,2026-08-25T00:00:00+00:00,resolution_days=6; final_tier=TIER2_ESCALATED
BREAK_RESOLVED,trade_stage,binance:6582453160|confirm,2026-08-25T00:00:00+00:00,resolution_days=6; final_tier=TIER2_ESCALATED
BREAK_RESOLVED,trade_stage,binance:6582454021|confirm,2026-08-25T00:00:00+00:00,resolution_days=6; final_tier=TIER2_ESCALATED
BREAK_RESOLVED,trade_stage,binance:6582454405|confirm,2026-08-25T00:00:00+00:00,resolution_days=6; final_tier=TIER2_ESCALATED
BREAK_RESOLVED,trade_stage,binance:6582454884|confirm,2026-08-25T00:00:00+00:00,resolution_days=6; final_tier=TIER2_ESCALATED
BREAK_RESOLVED,trade_stage,coinbase:1073148094|confirm,2026-08-25T00:00:00+00:00,resolution_days=6; final_tier=TIER2_ESCALATED
BREAK_RESOLVED,trade_stage,coinbase:1073148116|confirm,2026-08-25T00:00:00+00:00,resolution_days=6; final_tier=TIER2_ESCALATED
BREAK_RESOLVED,trade_stage,binance:6582455413|confirm,2026-08-25T00:00:00+00:00,resolution_days=6; final_tier=TIER2_ESCALATED
BREAK_RESOLVED,trade_stage,coinbase:1073148273|confirm,2026-08-25T00:00:00+00:00,resolution_days=6; final_tier=TIER2_ESCALATED
BREAK_RESOLVED,trade_stage,coinbase:1073148491|confirm,2026-08-25T00:00:00+00:00,resolution_days=6; final_tier=TIER2_ESCALATED
BREAK_RESOLVED,trade_stage,coinbase:1073148564|confirm,2026-08-25T00:00:00+00:00,resolution_days=6; final_tier=TIER2_ESCALATED
BREAK_RESOLVED,trade_stage,coinbase:1073148686|confirm,2026-08-25T00:00:00+00:00,resolution_days=6; final_tier=TIER2_ESCALATED
BREAK_RESOLVED,trade_stage,coinbase:1073148704|confirm,2026-08-25T00:00:00+00:00,resolution_days=6; final_tier=TIER2_ESCALATED
BREAK_RESOLVED,trade_stage,coinbase:1073148715|confirm,2026-08-25T00:00:00+00:00,resolution_days=6; final_tier=TIER2_ESCALATED
BREAK_RESOLVED,trade_stage,binance:6582457191|confirm,2026-08-25T00:00:00+00:00,resolution_days=6; final_tier=TIER2_ESCALATED
BREAK_RESOLVED,trade_stage,binance:6582457481|confirm,2026-08-25T00:00:00+00:00,resolution_days=6; final_tier=TIER2_ESCALATED
BREAK_RESOLVED,trade_stage,coinbase:1073148920|confirm,2026-08-25T00:00:00+00:00,resolution_days=6; final_tier=TIER2_ESCALATED
BREAK_RESOLVED,trade_stage,binance:6582458413|confirm,2026-08-25T00:00:00+00:00,resolution_days=6; final_tier=TIER2_ESCALATED
BREAK_RESOLVED,trade_stage,binance:6582458969|confirm,2026-08-25T00:00:00+00:00,resolution_days=6; final_tier=TIER2_ESCALATED
BREAK_RESOLVED,trade_stage,coinbase:1073149116|confirm,2026-08-25T00:00:00+00:00,resolution_days=6; final_tier=TIER2_ESCALATED
BREAK_RESOLVED,trade_stage,coinbase:1073149166|confirm,2026-08-25T00:00:00+00:00,resolution_days=6; final_tier=TIER2_ESCALATED
BREAK_RESOLVED,trade_stage,coinbase:1073149207|confirm,2026-08-25T00:00:00+00:00,resolution_days=6; final_tier=TIER2_ESCALATED
BREAK_RESOLVED,trade_stage,binance:6582460951|confirm,2026-08-25T00:00:00+00:00,resolution_days=6; final_tier=TIER2_ESCALATED
BREAK_RESOLVED,trade_stage,binance:6582460988|confirm,2026-08-25T00:00:00+00:00,resolution_days=6; final_tier=TIER2_ESCALATED
BREAK_RESOLVED,trade_stage,coinbase:1073149483|confirm,2026-08-25T00:00:00+00:00,resolution_days=6; final_tier=TIER2_ESCALATED
BREAK_RESOLVED,trade_stage,binance:6582461484|confirm,2026-08-25T00:00:00+00:00,resolution_days=6; final_tier=TIER2_ESCALATED
BREAK_RESOLVED,trade_stage,binance:6582461675|confirm,2026-08-25T00:00:00+00:00,resolution_days=6; final_tier=TIER2_ESCALATED
BREAK_RESOLVED,trade_stage,binance:6582461721|confirm,2026-08-25T00:00:00+00:00,resolution_days=6; final_tier=TIER2_ESCALATED
BREAK_RESOLVED,trade_stage,coinbase:1073149555|confirm,2026-08-25T00:00:00+00:00,resolution_days=6; final_tier=TIER2_ESCALATED
BREAK_RESOLVED,trade_stage,kraken:105348700|confirm,2026-08-25T00:00:00+00:00,resolution_days=6; final_tier=TIER2_ESCALATED
BREAK_RESOLVED,trade_stage,coinbase:1073149779|confirm,2026-08-25T00:00:00+00:00,resolution_days=6; final_tier=TIER2_ESCALATED
BREAK_RESOLVED,trade_stage,binance:6582462464|confirm,2026-08-25T00:00:00+00:00,resolution_days=6; final_tier=TIER2_ESCALATED
BREAK_RESOLVED,trade_stage,coinbase:1073150004|confirm,2026-08-25T00:00:00+00:00,resolution_days=6; final_tier=TIER2_ESCALATED
BREAK_RESOLVED,trade_stage,binance:6582463211|confirm,2026-08-25T00:00:00+00:00,resolution_days=6; final_tier=TIER2_ESCALATED
BREAK_RESOLVED,trade_stage,coinbase:1073150037|confirm,2026-08-25T00:00:00+00:00,resolution_days=6; final_tier=TIER2_ESCALATED
BREAK_RESOLVED,trade_stage,kraken:105348748|confirm,2026-08-25T00:00:00+00:00,resolution_days=6; final_tier=TIER2_ESCALATED
BREAK_RESOLVED,trade_stage,binance:6582464614|confirm,2026-08-25T00:00:00+00:00,resolution_days=6; final_tier=TIER2_ESCALATED
BREAK_RESOLVED,trade_stage,coinbase:1073150554|confirm,2026-08-25T00:00:00+00:00,resolution_days=6; final_tier=TIER2_ESCALATED
BREAK_RESOLVED,trade_stage,coinbase:1073150570|confirm,2026-08-25T00:00:00+00:00,resolution_days=6; final_tier=TIER2_ESCALATED
BREAK_RESOLVED,trade_stage,kraken:105348794|confirm,2026-08-25T00:00:00+00:00,resolution_days=6; final_tier=TIER2_ESCALATED
BREAK_RESOLVED,trade_stage,kraken:105347929|clearing,2026-08-26T00:00:00+00:00,resolution_days=7; final_tier=TIER3_MANAGEMENT
BREAK_RESOLVED,trade_stage,kraken:105347933|clearing,2026-08-26T00:00:00+00:00,resolution_days=7; final_tier=TIER3_MANAGEMENT
BREAK_RESOLVED,trade_stage,kraken:105347946|clearing,2026-08-26T00:00:00+00:00,resolution_days=7; final_tier=TIER3_MANAGEMENT
BREAK_RESOLVED,trade_stage,coinbase:1073145691|clearing,2026-08-26T00:00:00+00:00,resolution_days=7; final_tier=TIER3_MANAGEMENT
BREAK_RESOLVED,trade_stage,coinbase:1073145730|clearing,2026-08-26T00:00:00+00:00,resolution_days=7; final_tier=TIER3_MANAGEMENT
BREAK_RESOLVED,trade_stage,coinbase:1073145805|clearing,2026-08-26T00:00:00+00:00,resolution_days=7; final_tier=TIER3_MANAGEMENT
BREAK_RESOLVED,trade_stage,coinbase:1073147024|clearing,2026-08-26T00:00:00+00:00,resolution_days=7; final_tier=TIER3_MANAGEMENT
BREAK_RESOLVED,trade_stage,binance:6582449431|clearing,2026-08-26T00:00:00+00:00,resolution_days=7; final_tier=TIER3_MANAGEMENT
BREAK_RESOLVED,trade_stage,coinbase:1073147050|clearing,2026-08-26T00:00:00+00:00,resolution_days=7; final_tier=TIER3_MANAGEMENT
BREAK_RESOLVED,trade_stage,binance:6582449829|clearing,2026-08-26T00:00:00+00:00,resolution_days=7; final_tier=TIER3_MANAGEMENT
BREAK_RESOLVED,trade_stage,binance:6582450733|clearing,2026-08-26T00:00:00+00:00,resolution_days=7; final_tier=TIER3_MANAGEMENT
BREAK_RESOLVED,trade_stage,coinbase:1073147224|clearing,2026-08-26T00:00:00+00:00,resolution_days=7; final_tier=TIER3_MANAGEMENT
BREAK_RESOLVED,trade_stage,coinbase:1073147455|clearing,2026-08-26T00:00:00+00:00,resolution_days=7; final_tier=TIER3_MANAGEMENT
BREAK_RESOLVED,trade_stage,binance:6582452770|clearing,2026-08-26T00:00:00+00:00,resolution_days=7; final_tier=TIER3_MANAGEMENT
BREAK_RESOLVED,trade_stage,kraken:105348507|clearing,2026-08-26T00:00:00+00:00,resolution_days=7; final_tier=TIER3_MANAGEMENT
BREAK_RESOLVED,trade_stage,coinbase:1073147720|clearing,2026-08-26T00:00:00+00:00,resolution_days=7; final_tier=TIER3_MANAGEMENT
BREAK_RESOLVED,trade_stage,binance:6582454385|clearing,2026-08-26T00:00:00+00:00,resolution_days=7; final_tier=TIER3_MANAGEMENT
BREAK_RESOLVED,trade_stage,binance:6582454625|clearing,2026-08-26T00:00:00+00:00,resolution_days=7; final_tier=TIER3_MANAGEMENT
BREAK_RESOLVED,trade_stage,coinbase:1073148090|clearing,2026-08-26T00:00:00+00:00,resolution_days=7; final_tier=TIER3_MANAGEMENT
BREAK_RESOLVED,trade_stage,binance:6582455322|clearing,2026-08-26T00:00:00+00:00,resolution_days=7; final_tier=TIER3_MANAGEMENT
BREAK_RESOLVED,trade_stage,coinbase:1073148190|clearing,2026-08-26T00:00:00+00:00,resolution_days=7; final_tier=TIER3_MANAGEMENT
BREAK_RESOLVED,trade_stage,binance:6582455476|clearing,2026-08-26T00:00:00+00:00,resolution_days=7; final_tier=TIER3_MANAGEMENT
BREAK_RESOLVED,trade_stage,coinbase:1073148248|clearing,2026-08-26T00:00:00+00:00,resolution_days=7; final_tier=TIER3_MANAGEMENT
BREAK_RESOLVED,trade_stage,coinbase:1073148353|clearing,2026-08-26T00:00:00+00:00,resolution_days=7; final_tier=TIER3_MANAGEMENT
BREAK_RESOLVED,trade_stage,coinbase:1073148428|clearing,2026-08-26T00:00:00+00:00,resolution_days=7; final_tier=TIER3_MANAGEMENT
BREAK_RESOLVED,trade_stage,coinbase:1073148535|clearing,2026-08-26T00:00:00+00:00,resolution_days=7; final_tier=TIER3_MANAGEMENT
BREAK_RESOLVED,trade_stage,binance:6582456902|clearing,2026-08-26T00:00:00+00:00,resolution_days=7; final_tier=TIER3_MANAGEMENT
BREAK_RESOLVED,trade_stage,coinbase:1073148664|clearing,2026-08-26T00:00:00+00:00,resolution_days=7; final_tier=TIER3_MANAGEMENT
BREAK_RESOLVED,trade_stage,binance:6582456923|clearing,2026-08-26T00:00:00+00:00,resolution_days=7; final_tier=TIER3_MANAGEMENT
BREAK_RESOLVED,trade_stage,binance:6582456944|clearing,2026-08-26T00:00:00+00:00,resolution_days=7; final_tier=TIER3_MANAGEMENT
BREAK_RESOLVED,trade_stage,coinbase:1073148750|clearing,2026-08-26T00:00:00+00:00,resolution_days=7; final_tier=TIER3_MANAGEMENT
BREAK_RESOLVED,trade_stage,coinbase:1073148962|clearing,2026-08-26T00:00:00+00:00,resolution_days=7; final_tier=TIER3_MANAGEMENT
BREAK_RESOLVED,trade_stage,coinbase:1073148975|clearing,2026-08-26T00:00:00+00:00,resolution_days=7; final_tier=TIER3_MANAGEMENT
BREAK_RESOLVED,trade_stage,coinbase:1073148999|clearing,2026-08-26T00:00:00+00:00,resolution_days=7; final_tier=TIER3_MANAGEMENT
BREAK_RESOLVED,trade_stage,binance:6582459120|clearing,2026-08-26T00:00:00+00:00,resolution_days=7; final_tier=TIER3_MANAGEMENT
BREAK_RESOLVED,trade_stage,coinbase:1073149047|clearing,2026-08-26T00:00:00+00:00,resolution_days=7; final_tier=TIER3_MANAGEMENT
BREAK_RESOLVED,trade_stage,binance:6582459686|clearing,2026-08-26T00:00:00+00:00,resolution_days=7; final_tier=TIER3_MANAGEMENT
BREAK_RESOLVED,trade_stage,binance:6582459853|clearing,2026-08-26T00:00:00+00:00,resolution_days=7; final_tier=TIER3_MANAGEMENT
BREAK_RESOLVED,trade_stage,coinbase:1073149182|clearing,2026-08-26T00:00:00+00:00,resolution_days=7; final_tier=TIER3_MANAGEMENT
BREAK_RESOLVED,trade_stage,coinbase:1073149217|clearing,2026-08-26T00:00:00+00:00,resolution_days=7; final_tier=TIER3_MANAGEMENT
BREAK_RESOLVED,trade_stage,coinbase:1073149374|clearing,2026-08-26T00:00:00+00:00,resolution_days=7; final_tier=TIER3_MANAGEMENT
BREAK_RESOLVED,trade_stage,coinbase:1073149382|clearing,2026-08-26T00:00:00+00:00,resolution_days=7; final_tier=TIER3_MANAGEMENT
BREAK_RESOLVED,trade_stage,binance:6582461360|clearing,2026-08-26T00:00:00+00:00,resolution_days=7; final_tier=TIER3_MANAGEMENT
BREAK_RESOLVED,trade_stage,binance:6582461499|clearing,2026-08-26T00:00:00+00:00,resolution_days=7; final_tier=TIER3_MANAGEMENT
BREAK_RESOLVED,trade_stage,coinbase:1073149534|clearing,2026-08-26T00:00:00+00:00,resolution_days=7; final_tier=TIER3_MANAGEMENT
BREAK_RESOLVED,trade_stage,binance:6582462445|clearing,2026-08-26T00:00:00+00:00,resolution_days=7; final_tier=TIER3_MANAGEMENT
BREAK_RESOLVED,trade_stage,coinbase:1073149774|clearing,2026-08-26T00:00:00+00:00,resolution_days=7; final_tier=TIER3_MANAGEMENT
BREAK_RESOLVED,trade_stage,coinbase:1073150082|clearing,2026-08-26T00:00:00+00:00,resolution_days=7; final_tier=TIER3_MANAGEMENT
BREAK_RESOLVED,trade_stage,binance:6582463796|clearing,2026-08-26T00:00:00+00:00,resolution_days=7; final_tier=TIER3_MANAGEMENT
BREAK_RESOLVED,trade_stage,binance:6582463987|clearing,2026-08-26T00:00:00+00:00,resolution_days=7; final_tier=TIER3_MANAGEMENT
BREAK_RESOLVED,trade_stage,binance:6582464228|clearing,2026-08-26T00:00:00+00:00,resolution_days=7; final_tier=TIER3_MANAGEMENT
BREAK_RESOLVED,trade_stage,binance:6582464491|clearing,2026-08-26T00:00:00+00:00,resolution_days=7; final_tier=TIER3_MANAGEMENT
BREAK_RESOLVED,trade_stage,binance:6582465033|clearing,2026-08-26T00:00:00+00:00,resolution_days=7; final_tier=TIER3_MANAGEMENT
BREAK_RESOLVED,trade_stage,coinbase:1073150610|clearing,2026-08-26T00:00:00+00:00,resolution_days=7; final_tier=TIER3_MANAGEMENT
BREAK_RESOLVED,trade_stage,kraken:105347859|confirm,2026-08-26T00:00:00+00:00,resolution_days=7; final_tier=TIER3_MANAGEMENT
BREAK_RESOLVED,trade_stage,kraken:105348199|confirm,2026-08-26T00:00:00+00:00,resolution_days=7; final_tier=TIER3_MANAGEMENT
BREAK_RESOLVED,trade_stage,kraken:105348312|confirm,2026-08-26T00:00:00+00:00,resolution_days=7; final_tier=TIER3_MANAGEMENT
BREAK_RESOLVED,trade_stage,coinbase:1073146220|confirm,2026-08-26T00:00:00+00:00,resolution_days=7; final_tier=TIER3_MANAGEMENT
BREAK_RESOLVED,trade_stage,coinbase:1073146325|confirm,2026-08-26T00:00:00+00:00,resolution_days=7; final_tier=TIER3_MANAGEMENT
BREAK_RESOLVED,trade_stage,coinbase:1073146444|confirm,2026-08-26T00:00:00+00:00,resolution_days=7; final_tier=TIER3_MANAGEMENT
BREAK_RESOLVED,trade_stage,coinbase:1073146504|confirm,2026-08-26T00:00:00+00:00,resolution_days=7; final_tier=TIER3_MANAGEMENT
BREAK_RESOLVED,trade_stage,coinbase:1073146933|confirm,2026-08-26T00:00:00+00:00,resolution_days=7; final_tier=TIER3_MANAGEMENT
BREAK_RESOLVED,trade_stage,coinbase:1073147025|confirm,2026-08-26T00:00:00+00:00,resolution_days=7; final_tier=TIER3_MANAGEMENT
BREAK_RESOLVED,trade_stage,coinbase:1073147125|confirm,2026-08-26T00:00:00+00:00,resolution_days=7; final_tier=TIER3_MANAGEMENT
BREAK_RESOLVED,trade_stage,binance:6582450040|confirm,2026-08-26T00:00:00+00:00,resolution_days=7; final_tier=TIER3_MANAGEMENT
BREAK_RESOLVED,trade_stage,binance:6582450628|confirm,2026-08-26T00:00:00+00:00,resolution_days=7; final_tier=TIER3_MANAGEMENT
BREAK_RESOLVED,trade_stage,binance:6582450835|confirm,2026-08-26T00:00:00+00:00,resolution_days=7; final_tier=TIER3_MANAGEMENT
BREAK_RESOLVED,trade_stage,kraken:105348471|confirm,2026-08-26T00:00:00+00:00,resolution_days=7; final_tier=TIER3_MANAGEMENT
BREAK_RESOLVED,trade_stage,binance:6582451379|confirm,2026-08-26T00:00:00+00:00,resolution_days=7; final_tier=TIER3_MANAGEMENT
BREAK_RESOLVED,trade_stage,binance:6582451747|confirm,2026-08-26T00:00:00+00:00,resolution_days=7; final_tier=TIER3_MANAGEMENT
BREAK_RESOLVED,trade_stage,binance:6582452753|confirm,2026-08-26T00:00:00+00:00,resolution_days=7; final_tier=TIER3_MANAGEMENT
BREAK_RESOLVED,trade_stage,binance:6582452868|confirm,2026-08-26T00:00:00+00:00,resolution_days=7; final_tier=TIER3_MANAGEMENT
BREAK_RESOLVED,trade_stage,coinbase:1073147544|confirm,2026-08-26T00:00:00+00:00,resolution_days=7; final_tier=TIER3_MANAGEMENT
BREAK_RESOLVED,trade_stage,coinbase:1073147676|confirm,2026-08-26T00:00:00+00:00,resolution_days=7; final_tier=TIER3_MANAGEMENT
BREAK_RESOLVED,trade_stage,binance:6582453653|confirm,2026-08-26T00:00:00+00:00,resolution_days=7; final_tier=TIER3_MANAGEMENT
BREAK_RESOLVED,trade_stage,kraken:105348518|confirm,2026-08-26T00:00:00+00:00,resolution_days=7; final_tier=TIER3_MANAGEMENT
BREAK_RESOLVED,trade_stage,coinbase:1073147987|confirm,2026-08-26T00:00:00+00:00,resolution_days=7; final_tier=TIER3_MANAGEMENT
BREAK_RESOLVED,trade_stage,binance:6582454978|confirm,2026-08-26T00:00:00+00:00,resolution_days=7; final_tier=TIER3_MANAGEMENT
BREAK_RESOLVED,trade_stage,binance:6582455216|confirm,2026-08-26T00:00:00+00:00,resolution_days=7; final_tier=TIER3_MANAGEMENT
BREAK_RESOLVED,trade_stage,binance:6582455476|confirm,2026-08-26T00:00:00+00:00,resolution_days=7; final_tier=TIER3_MANAGEMENT
BREAK_RESOLVED,trade_stage,binance:6582455531|confirm,2026-08-26T00:00:00+00:00,resolution_days=7; final_tier=TIER3_MANAGEMENT
BREAK_RESOLVED,trade_stage,coinbase:1073148281|confirm,2026-08-26T00:00:00+00:00,resolution_days=7; final_tier=TIER3_MANAGEMENT
BREAK_RESOLVED,trade_stage,coinbase:1073148309|confirm,2026-08-26T00:00:00+00:00,resolution_days=7; final_tier=TIER3_MANAGEMENT
BREAK_RESOLVED,trade_stage,binance:6582455858|confirm,2026-08-26T00:00:00+00:00,resolution_days=7; final_tier=TIER3_MANAGEMENT
BREAK_RESOLVED,trade_stage,binance:6582456835|confirm,2026-08-26T00:00:00+00:00,resolution_days=7; final_tier=TIER3_MANAGEMENT
BREAK_RESOLVED,trade_stage,binance:6582456864|confirm,2026-08-26T00:00:00+00:00,resolution_days=7; final_tier=TIER3_MANAGEMENT
BREAK_RESOLVED,trade_stage,binance:6582456928|confirm,2026-08-26T00:00:00+00:00,resolution_days=7; final_tier=TIER3_MANAGEMENT
BREAK_RESOLVED,trade_stage,binance:6582457314|confirm,2026-08-26T00:00:00+00:00,resolution_days=7; final_tier=TIER3_MANAGEMENT
BREAK_RESOLVED,trade_stage,binance:6582457377|confirm,2026-08-26T00:00:00+00:00,resolution_days=7; final_tier=TIER3_MANAGEMENT
BREAK_RESOLVED,trade_stage,binance:6582458249|confirm,2026-08-26T00:00:00+00:00,resolution_days=7; final_tier=TIER3_MANAGEMENT
BREAK_RESOLVED,trade_stage,binance:6582458404|confirm,2026-08-26T00:00:00+00:00,resolution_days=7; final_tier=TIER3_MANAGEMENT
BREAK_RESOLVED,trade_stage,coinbase:1073148998|confirm,2026-08-26T00:00:00+00:00,resolution_days=7; final_tier=TIER3_MANAGEMENT
BREAK_RESOLVED,trade_stage,binance:6582459145|confirm,2026-08-26T00:00:00+00:00,resolution_days=7; final_tier=TIER3_MANAGEMENT
BREAK_RESOLVED,trade_stage,binance:6582459694|confirm,2026-08-26T00:00:00+00:00,resolution_days=7; final_tier=TIER3_MANAGEMENT
BREAK_RESOLVED,trade_stage,binance:6582460224|confirm,2026-08-26T00:00:00+00:00,resolution_days=7; final_tier=TIER3_MANAGEMENT
BREAK_RESOLVED,trade_stage,binance:6582460456|confirm,2026-08-26T00:00:00+00:00,resolution_days=7; final_tier=TIER3_MANAGEMENT
BREAK_RESOLVED,trade_stage,coinbase:1073149393|confirm,2026-08-26T00:00:00+00:00,resolution_days=7; final_tier=TIER3_MANAGEMENT
BREAK_RESOLVED,trade_stage,binance:6582462113|confirm,2026-08-26T00:00:00+00:00,resolution_days=7; final_tier=TIER3_MANAGEMENT
BREAK_RESOLVED,trade_stage,binance:6582462396|confirm,2026-08-26T00:00:00+00:00,resolution_days=7; final_tier=TIER3_MANAGEMENT
BREAK_RESOLVED,trade_stage,coinbase:1073149794|confirm,2026-08-26T00:00:00+00:00,resolution_days=7; final_tier=TIER3_MANAGEMENT
BREAK_RESOLVED,trade_stage,binance:6582462546|confirm,2026-08-26T00:00:00+00:00,resolution_days=7; final_tier=TIER3_MANAGEMENT
BREAK_RESOLVED,trade_stage,coinbase:1073149993|confirm,2026-08-26T00:00:00+00:00,resolution_days=7; final_tier=TIER3_MANAGEMENT
BREAK_RESOLVED,trade_stage,coinbase:1073150012|confirm,2026-08-26T00:00:00+00:00,resolution_days=7; final_tier=TIER3_MANAGEMENT
BREAK_RESOLVED,trade_stage,binance:6582463646|confirm,2026-08-26T00:00:00+00:00,resolution_days=7; final_tier=TIER3_MANAGEMENT
BREAK_RESOLVED,trade_stage,coinbase:1073150212|confirm,2026-08-26T00:00:00+00:00,resolution_days=7; final_tier=TIER3_MANAGEMENT
