break_reference,venue,symbol,stage,break_category_code,has_timing_issue,origin_date,status,resolved_date,age_days_or_final,escalation_tier,financial_impact_usd
binance:6582449472|confirm,binance,BTCUSDT,confirm,TIMING,True,2026-08-19,RESOLVED,2026-08-19,0,TIER1_NORMAL,
binance:6582449474|clearing,binance,BTCUSDT,clearing,QUANTITY,False,2026-08-19,RESOLVED,2026-08-20,1,TIER1_NORMAL,
binance:6582449479|confirm,binance,BTCUSDT,confirm,PRICING,False,2026-08-19,RESOLVED,2026-08-19,0,TIER1_NORMAL,
binance:6582449486|clearing,binance,BTCUSDT,clearing,QUANTITY,False,2026-08-19,RESOLVED,2026-08-20,1,TIER1_NORMAL,
binance:6582449503|clearing,binance,BTCUSDT,clearing,PRICING,False,2026-08-19,RESOLVED,2026-08-19,0,TIER1_NORMAL,
binance:6582449544|clearing,binance,BTCUSDT,clearing,TIMING,True,2026-08-19,RESOLVED,2026-08-19,0,TIER1_NORMAL,0.00105169
binance:6582449588|clearing,binance,BTCUSDT,clearing,MISSING_RECORD,False,2026-08-19,RESOLVED,2026-08-19,0,TIER1_NORMAL,
binance:6582449608|confirm,binance,BTCUSDT,confirm,MISSING_RECORD,False,2026-08-19,RESOLVED,2026-08-19,0,TIER1_NORMAL,
binance:6582449616|clearing,binance,BTCUSDT,clearing,QUANTITY,False,2026-08-19,RESOLVED,2026-08-19,0,TIER1_NORMAL,
binance:6582449634|confirm,binance,BTCUSDT,confirm,TIMING,True,2026-08-19,RESOLVED,2026-08-19,0,TIER1_NORMAL,0.00054220
binance:6582449729|clearing,binance,BTCUSDT,clearing,QUANTITY,False,2026-08-19,RESOLVED,2026-08-21,2,TIER1_NORMAL,
binance:6582449759|confirm,binance,BTCUSDT,confirm,QUANTITY,False,2026-08-19,RESOLVED,2026-08-21,2,TIER1_NORMAL,
binance:6582449776|clearing,binance,BTCUSDT,clearing,QUANTITY,False,2026-08-19,RESOLVED,2026-08-21,2,TIER1_NORMAL,
binance:6582449776|confirm,binance,BTCUSDT,confirm,TIMING,True,2026-08-19,RESOLVED,2026-08-19,0,TIER1_NORMAL,
binance:6582449782|confirm,binance,BTCUSDT,confirm,PRICING,False,2026-08-19,RESOLVED,2026-08-19,0,TIER1_NORMAL,
binance:6582449789|clearing,binance,BTCUSDT,clearing,PRICING,False,2026-08-19,RESOLVED,2026-08-19,0,TIER1_NORMAL,
binance:6582449850|clearing,binance,BTCUSDT,clearing,QUANTITY,False,2026-08-19,RESOLVED,2026-08-19,0,TIER1_NORMAL,
binance:6582449856|confirm,binance,BTCUSDT,confirm,PRICING,False,2026-08-19,RESOLVED,2026-08-19,0,TIER1_NORMAL,
binance:6582449889|clearing,binance,BTCUSDT,clearing,TIMING,True,2026-08-19,RESOLVED,2026-08-19,0,TIER1_NORMAL,
binance:6582449994|confirm,binance,BTCUSDT,confirm,REFERENCE_DATA,False,2026-08-19,RESOLVED,2026-08-19,0,TIER1_NORMAL,
binance:6582449997|confirm,binance,BTCUSDT,confirm,REFERENCE_DATA,False,2026-08-19,RESOLVED,2026-08-19,0,TIER1_NORMAL,
binance:6582450038|confirm,binance,BTCUSDT,confirm,TIMING,True,2026-08-19,RESOLVED,2026-08-19,0,TIER1_NORMAL,
binance:6582450086|confirm,binance,BTCUSDT,confirm,TIMING,True,2026-08-19,RESOLVED,2026-08-19,0,TIER1_NORMAL,
binance:6582450164|clearing,binance,BTCUSDT,clearing,TIMING,True,2026-08-19,RESOLVED,2026-08-21,2,TIER1_NORMAL,
binance:6582450193|clearing,binance,BTCUSDT,clearing,TIMING,True,2026-08-19,RESOLVED,2026-08-20,1,TIER1_NORMAL,
binance:6582450196|clearing,binance,BTCUSDT,clearing,PRICING,False,2026-08-19,RESOLVED,2026-08-19,0,TIER1_NORMAL,
binance:6582450211|clearing,binance,BTCUSDT,clearing,REFERENCE_DATA,False,2026-08-19,RESOLVED,2026-08-19,0,TIER1_NORMAL,
binance:6582450250|confirm,binance,BTCUSDT,confirm,MISSING_RECORD,False,2026-08-19,RESOLVED,2026-08-19,0,TIER1_NORMAL,
binance:6582450251|clearing,binance,BTCUSDT,clearing,MISSING_RECORD,False,2026-08-19,RESOLVED,2026-08-19,0,TIER1_NORMAL,
binance:6582450261|clearing,binance,BTCUSDT,clearing,PRICING,False,2026-08-19,RESOLVED,2026-08-19,0,TIER1_NORMAL,
binance:6582450270|confirm,binance,BTCUSDT,confirm,TIMING,True,2026-08-19,RESOLVED,2026-08-19,0,TIER1_NORMAL,
binance:6582450340|clearing,binance,BTCUSDT,clearing,QUANTITY,False,2026-08-19,RESOLVED,2026-08-19,0,TIER1_NORMAL,
binance:6582450342|clearing,binance,BTCUSDT,clearing,REFERENCE_DATA,False,2026-08-19,RESOLVED,2026-08-20,1,TIER1_NORMAL,
binance:6582450385|clearing,binance,BTCUSDT,clearing,PRICING,False,2026-08-19,RESOLVED,2026-08-19,0,TIER1_NORMAL,
binance:6582450386|confirm,binance,BTCUSDT,confirm,QUANTITY,False,2026-08-19,RESOLVED,2026-08-19,0,TIER1_NORMAL,
binance:6582450395|confirm,binance,BTCUSDT,confirm,QUANTITY,False,2026-08-19,RESOLVED,2026-08-19,0,TIER1_NORMAL,
binance:6582450412|confirm,binance,BTCUSDT,confirm,MISSING_RECORD,False,2026-08-19,RESOLVED,2026-08-19,0,TIER1_NORMAL,
binance:6582450420|clearing,binance,BTCUSDT,clearing,TIMING,True,2026-08-19,RESOLVED,2026-08-19,0,TIER1_NORMAL,
binance:6582450503|confirm,binance,BTCUSDT,confirm,PRICING,False,2026-08-19,RESOLVED,2026-08-19,0,TIER1_NORMAL,
binance:6582450504|confirm,binance,BTCUSDT,confirm,PRICING,False,2026-08-19,RESOLVED,2026-08-21,2,TIER1_NORMAL,
binance:6582450505|clearing,binance,BTCUSDT,clearing,TIMING,True,2026-08-19,RESOLVED,2026-08-20,1,TIER1_NORMAL,
binance:6582450560|clearing,binance,BTCUSDT,clearing,QUANTITY,False,2026-08-19,RESOLVED,2026-08-20,1,TIER1_NORMAL,
binance:6582450560|confirm,binance,BTCUSDT,confirm,PRICING,False,2026-08-19,RESOLVED,2026-08-19,0,TIER1_NORMAL,
binance:6582450624|confirm,binance,BTCUSDT,confirm,TIMING,True,2026-08-19,RESOLVED,2026-08-20,1,TIER1_NORMAL,
binance:6582450626|clearing,binance,BTCUSDT,clearing,REFERENCE_DATA,False,2026-08-19,RESOLVED,2026-08-19,0,TIER1_NORMAL,
binance:6582450699|clearing,binance,BTCUSDT,clearing,QUANTITY,False,2026-08-19,RESOLVED,2026-08-21,2,TIER1_NORMAL,
binance:6582450701|clearing,binance,BTCUSDT,clearing,TIMING,True,2026-08-19,RESOLVED,2026-08-19,0,TIER1_NORMAL,
binance:6582450713|clearing,binance,BTCUSDT,clearing,MISSING_RECORD,False,2026-08-19,RESOLVED,2026-08-19,0,TIER1_NORMAL,
binance:6582450720|clearing,binance,BTCUSDT,clearing,REFERENCE_DATA,False,2026-08-19,RESOLVED,2026-08-19,0,TIER1_NORMAL,
binance:6582450781|clearing,binance,BTCUSDT,clearing,TIMING,True,2026-08-19,RESOLVED,2026-08-21,2,TIER1_NORMAL,
binance:6582450807|confirm,binance,BTCUSDT,confirm,PRICING,False,2026-08-19,RESOLVED,2026-08-20,1,TIER1_NORMAL,
binance:6582450809|clearing,binance,BTCUSDT,clearing,TIMING,True,2026-08-19,RESOLVED,2026-08-19,0,TIER1_NORMAL,0.00329700
binance:6582450853|confirm,binance,BTCUSDT,confirm,QUANTITY,False,2026-08-19,RESOLVED,2026-08-20,1,TIER1_NORMAL,
binance:6582450871|confirm,binance,BTCUSDT,confirm,PRICING,False,2026-08-19,RESOLVED,2026-08-19,0,TIER1_NORMAL,
binance:6582450890|clearing,binance,BTCUSDT,clearing,TIMING,True,2026-08-19,RESOLVED,2026-08-19,0,TIER1_NORMAL,
binance:6582450915|confirm,binance,BTCUSDT,confirm,TIMING,True,2026-08-19,RESOLVED,2026-08-20,1,TIER1_NORMAL,
binance:6582450939|clearing,binance,BTCUSDT,clearing,TIMING,True,2026-08-19,RESOLVED,2026-08-21,2,TIER1_NORMAL,
binance:6582450940|confirm,binance,BTCUSDT,confirm,QUANTITY,False,2026-08-19,RESOLVED,2026-08-19,0,TIER1_NORMAL,
binance:6582450971|clearing,binance,BTCUSDT,clearing,PRICING,False,2026-08-19,RESOLVED,2026-08-19,0,TIER1_NORMAL,
binance:6582450976|clearing,binance,BTCUSDT,clearing,PRICING,False,2026-08-19,RESOLVED,2026-08-19,0,TIER1_NORMAL,
binance:6582450993|confirm,binance,BTCUSDT,confirm,REFERENCE_DATA,False,2026-08-19,RESOLVED,2026-08-19,0,TIER1_NORMAL,
binance:6582451014|clearing,binance,BTCUSDT,clearing,TIMING,True,2026-08-19,RESOLVED,2026-08-20,1,TIER1_NORMAL,
binance:6582451041|confirm,binance,BTCUSDT,confirm,REFERENCE_DATA,False,2026-08-19,RESOLVED,2026-08-20,1,TIER1_NORMAL,
binance:6582451044|clearing,binance,BTCUSDT,clearing,PRICING,False,2026-08-19,RESOLVED,2026-08-21,2,TIER1_NORMAL,
binance:6582451115|confirm,binance,BTCUSDT,confirm,PRICING,False,2026-08-19,RESOLVED,2026-08-19,0,TIER1_NORMAL,
binance:6582451147|clearing,binance,BTCUSDT,clearing,TIMING,True,2026-08-19,RESOLVED,2026-08-19,0,TIER1_NORMAL,
binance:6582451180|clearing,binance,BTCUSDT,clearing,PRICING,False,2026-08-19,RESOLVED,2026-08-20,1,TIER1_NORMAL,
binance:6582451220|confirm,binance,BTCUSDT,confirm,PRICING,False,2026-08-19,RESOLVED,2026-08-21,2,TIER1_NORMAL,
binance:6582451229|confirm,binance,BTCUSDT,confirm,QUANTITY,False,2026-08-19,RESOLVED,2026-08-20,1,TIER1_NORMAL,
binance:6582451239|confirm,binance,BTCUSDT,confirm,REFERENCE_DATA,False,2026-08-19,RESOLVED,2026-08-19,0,TIER1_NORMAL,
binance:6582451242|clearing,binance,BTCUSDT,clearing,QUANTITY,False,2026-08-19,RESOLVED,2026-08-19,0,TIER1_NORMAL,
binance:6582451349|confirm,binance,BTCUSDT,confirm,MISSING_RECORD,False,2026-08-19,RESOLVED,2026-08-20,1,TIER1_NORMAL,
binance:6582451378|clearing,binance,BTCUSDT,clearing,QUANTITY,False,2026-08-19,RESOLVED,2026-08-19,0,TIER1_NORMAL,
binance:6582451479|clearing,binance,BTCUSDT,clearing,TIMING,True,2026-08-19,RESOLVED,2026-08-19,0,TIER1_NORMAL,
binance:6582451490|confirm,binance,BTCUSDT,confirm,MISSING_RECORD,False,2026-08-19,RESOLVED,2026-08-19,0,TIER1_NORMAL,
binance:6582451491|confirm,binance,BTCUSDT,confirm,MISSING_RECORD,False,2026-08-19,RESOLVED,2026-08-20,1,TIER1_NORMAL,
binance:6582451498|clearing,binance,BTCUSDT,clearing,REFERENCE_DATA,False,2026-08-19,RESOLVED,2026-08-21,2,TIER1_NORMAL,
binance:6582451512|clearing,binance,BTCUSDT,clearing,PRICING,False,2026-08-19,RESOLVED,2026-08-21,2,TIER1_NORMAL,
binance:6582451567|confirm,binance,BTCUSDT,confirm,TIMING,True,2026-08-19,RESOLVED,2026-08-19,0,TIER1_NORMAL,
binance:6582451622|confirm,binance,BTCUSDT,confirm,TIMING,True,2026-08-19,RESOLVED,2026-08-19,0,TIER1_NORMAL,
binance:6582451639|clearing,binance,BTCUSDT,clearing,MISSING_RECORD,False,2026-08-19,RESOLVED,2026-08-19,0,TIER1_NORMAL,
binance:6582451664|clearing,binance,BTCUSDT,clearing,QUANTITY,False,2026-08-19,RESOLVED,2026-08-19,0,TIER1_NORMAL,
binance:6582451664|confirm,binance,BTCUSDT,confirm,MISSING_RECORD,False,2026-08-19,RESOLVED,2026-08-19,0,TIER1_NORMAL,
binance:6582451669|clearing,binance,BTCUSDT,clearing,PRICING,False,2026-08-19,RESOLVED,2026-08-19,0,TIER1_NORMAL,
binance:6582451669|confirm,binance,BTCUSDT,confirm,PRICING,False,2026-08-19,RESOLVED,2026-08-21,2,TIER1_NORMAL,
binance:6582451673|confirm,binance,BTCUSDT,confirm,MISSING_RECORD,False,2026-08-19,RESOLVED,2026-08-19,0,TIER1_NORMAL,
binance:6582451742|clearing,binance,BTCUSDT,clearing,QUANTITY,False,2026-08-19,RESOLVED,2026-08-19,0,TIER1_NORMAL,
binance:6582451794|confirm,binance,BTCUSDT,confirm,MISSING_RECORD,False,2026-08-19,RESOLVED,2026-08-19,0,TIER1_NORMAL,
binance:6582451856|confirm,binance,BTCUSDT,confirm,PRICING,False,2026-08-19,RESOLVED,2026-08-19,0,TIER1_NORMAL,
binance:6582451941|clearing,binance,BTCUSDT,clearing,TIMING,True,2026-08-19,RESOLVED,2026-08-21,2,TIER1_NORMAL,
binance:6582451959|confirm,binance,BTCUSDT,confirm,PRICING,False,2026-08-19,RESOLVED,2026-08-19,0,TIER1_NORMAL,
binance:6582451994|confirm,binance,BTCUSDT,confirm,QUANTITY,False,2026-08-19,RESOLVED,2026-08-20,1,TIER1_NORMAL,0.00164435
binance:6582451997|clearing,binance,BTCUSDT,clearing,TIMING,True,2026-08-19,RESOLVED,2026-08-19,0,TIER1_NORMAL,
binance:6582451999|clearing,binance,BTCUSDT,clearing,REFERENCE_DATA,False,2026-08-19,RESOLVED,2026-08-20,1,TIER1_NORMAL,
binance:6582452088|clearing,binance,BTCUSDT,clearing,REFERENCE_DATA,False,2026-08-19,RESOLVED,2026-08-19,0,TIER1_NORMAL,
binance:6582452097|confirm,binance,BTCUSDT,confirm,PRICING,False,2026-08-19,RESOLVED,2026-08-19,0,TIER1_NORMAL,
binance:6582452108|clearing,binance,BTCUSDT,clearing,PRICING,False,2026-08-19,RESOLVED,2026-08-19,0,TIER1_NORMAL,
binance:6582452110|clearing,binance,BTCUSDT,clearing,PRICING,False,2026-08-19,RESOLVED,2026-08-19,0,TIER1_NORMAL,
binance:6582452132|clearing,binance,BTCUSDT,clearing,REFERENCE_DATA,False,2026-08-19,RESOLVED,2026-08-20,1,TIER1_NORMAL,
binance:6582452142|confirm,binance,BTCUSDT,confirm,PRICING,False,2026-08-19,RESOLVED,2026-08-19,0,TIER1_NORMAL,
binance:6582452164|confirm,binance,BTCUSDT,confirm,QUANTITY,False,2026-08-19,RESOLVED,2026-08-21,2,TIER1_NORMAL,
binance:6582452196|confirm,binance,BTCUSDT,confirm,REFERENCE_DATA,False,2026-08-19,RESOLVED,2026-08-19,0,TIER1_NORMAL,
binance:6582452199|clearing,binance,BTCUSDT,clearing,PRICING,False,2026-08-19,RESOLVED,2026-08-19,0,TIER1_NORMAL,
binance:6582452202|clearing,binance,BTCUSDT,clearing,REFERENCE_DATA,False,2026-08-19,RESOLVED,2026-08-20,1,TIER1_NORMAL,
binance:6582452206|clearing,binance,BTCUSDT,clearing,MISSING_RECORD,False,2026-08-19,RESOLVED,2026-08-20,1,TIER1_NORMAL,
binance:6582452207|clearing,binance,BTCUSDT,clearing,REFERENCE_DATA,False,2026-08-19,RESOLVED,2026-08-21,2,TIER1_NORMAL,
binance:6582452238|clearing,binance,BTCUSDT,clearing,TIMING,True,2026-08-19,RESOLVED,2026-08-21,2,TIER1_NORMAL,
binance:6582452292|confirm,binance,BTCUSDT,confirm,PRICING,False,2026-08-19,RESOLVED,2026-08-20,1,TIER1_NORMAL,
binance:6582452322|clearing,binance,BTCUSDT,clearing,MISSING_RECORD,False,2026-08-19,RESOLVED,2026-08-21,2,TIER1_NORMAL,
binance:6582452376|confirm,binance,BTCUSDT,confirm,QUANTITY,False,2026-08-19,RESOLVED,2026-08-20,1,TIER1_NORMAL,
binance:6582452394|confirm,binance,BTCUSDT,confirm,TIMING,True,2026-08-19,RESOLVED,2026-08-20,1,TIER1_NORMAL,
binance:6582452482|clearing,binance,BTCUSDT,clearing,MISSING_RECORD,False,2026-08-19,RESOLVED,2026-08-21,2,TIER1_NORMAL,
binance:6582452486|confirm,binance,BTCUSDT,confirm,PRICING,False,2026-08-19,RESOLVED,2026-08-19,0,TIER1_NORMAL,
binance:6582452525|clearing,binance,BTCUSDT,clearing,QUANTITY,False,2026-08-19,RESOLVED,2026-08-20,1,TIER1_NORMAL,
binance:6582452635|clearing,binance,BTCUSDT,clearing,TIMING,True,2026-08-19,RESOLVED,2026-08-19,0,TIER1_NORMAL,
binance:6582452651|confirm,binance,BTCUSDT,confirm,TIMING,True,2026-08-19,RESOLVED,2026-08-19,0,TIER1_NORMAL,
binance:6582452661|confirm,binance,BTCUSDT,confirm,TIMING,True,2026-08-19,RESOLVED,2026-08-20,1,TIER1_NORMAL,
binance:6582452663|clearing,binance,BTCUSDT,clearing,PRICING,False,2026-08-19,RESOLVED,2026-08-21,2,TIER1_NORMAL,
binance:6582452688|clearing,binance,BTCUSDT,clearing,TIMING,True,2026-08-19,RESOLVED,2026-08-21,2,TIER1_NORMAL,
binance:6582452706|clearing,binance,BTCUSDT,clearing,QUANTITY,False,2026-08-19,RESOLVED,2026-08-19,0,TIER1_NORMAL,
binance:6582452710|confirm,binance,BTCUSDT,confirm,MISSING_RECORD,False,2026-08-19,RESOLVED,2026-08-21,2,TIER1_NORMAL,
binance:6582452712|clearing,binance,BTCUSDT,clearing,QUANTITY,False,2026-08-19,RESOLVED,2026-08-21,2,TIER1_NORMAL,
binance:6582452728|confirm,binance,BTCUSDT,confirm,PRICING,False,2026-08-19,RESOLVED,2026-08-19,0,TIER1_NORMAL,
binance:6582452729|confirm,binance,BTCUSDT,confirm,QUANTITY,False,2026-08-19,RESOLVED,2026-08-19,0,TIER1_NORMAL,
binance:6582452752|clearing,binance,BTCUSDT,clearing,TIMING,True,2026-08-19,RESOLVED,2026-08-21,2,TIER1_NORMAL,
binance:6582452763|confirm,binance,BTCUSDT,confirm,PRICING,False,2026-08-19,RESOLVED,2026-08-21,2,TIER1_NORMAL,
binance:6582452768|confirm,binance,BTCUSDT,confirm,MISSING_RECORD,False,2026-08-19,RESOLVED,2026-08-20,1,TIER1_NORMAL,
binance:6582452770|confirm,binance,BTCUSDT,confirm,QUANTITY,False,2026-08-19,RESOLVED,2026-08-20,1,TIER1_NORMAL,
binance:6582452809|clearing,binance,BTCUSDT,clearing,MISSING_RECORD,False,2026-08-19,RESOLVED,2026-08-19,0,TIER1_NORMAL,
binance:6582452820|confirm,binance,BTCUSDT,confirm,TIMING,True,2026-08-19,RESOLVED,2026-08-19,0,TIER1_NORMAL,
binance:6582452823|confirm,binance,BTCUSDT,confirm,PRICING,False,2026-08-19,RESOLVED,2026-08-21,2,TIER1_NORMAL,0.00284357
binance:6582452866|confirm,binance,BTCUSDT,confirm,MISSING_RECORD,False,2026-08-19,RESOLVED,2026-08-21,2,TIER1_NORMAL,
binance:6582452868|clearing,binance,BTCUSDT,clearing,QUANTITY,False,2026-08-19,RESOLVED,2026-08-19,0,TIER1_NORMAL,
binance:6582452896|confirm,binance,BTCUSDT,confirm,REFERENCE_DATA,False,2026-08-19,RESOLVED,2026-08-19,0,TIER1_NORMAL,
binance:6582452931|confirm,binance,BTCUSDT,confirm,QUANTITY,False,2026-08-19,RESOLVED,2026-08-19,0,TIER1_NORMAL,
binance:6582452932|confirm,binance,BTCUSDT,confirm,PRICING,False,2026-08-19,RESOLVED,2026-08-20,1,TIER1_NORMAL,
binance:6582452947|clearing,binance,BTCUSDT,clearing,MISSING_RECORD,False,2026-08-19,RESOLVED,2026-08-21,2,TIER1_NORMAL,
binance:6582452979|clearing,binance,BTCUSDT,clearing,TIMING,True,2026-08-19,RESOLVED,2026-08-19,0,TIER1_NORMAL,
binance:6582453002|confirm,binance,BTCUSDT,confirm,MISSING_RECORD,False,2026-08-19,RESOLVED,2026-08-20,1,TIER1_NORMAL,
binance:6582453037|confirm,binance,BTCUSDT,confirm,PRICING,False,2026-08-19,RESOLVED,2026-08-20,1,TIER1_NORMAL,
binance:6582453042|confirm,binance,BTCUSDT,confirm,TIMING,True,2026-08-19,RESOLVED,2026-08-21,2,TIER1_NORMAL,
binance:6582453088|confirm,binance,BTCUSDT,confirm,QUANTITY,False,2026-08-19,RESOLVED,2026-08-21,2,TIER1_NORMAL,
binance:6582453095|clearing,binance,BTCUSDT,clearing,QUANTITY,False,2026-08-19,RESOLVED,2026-08-20,1,TIER1_NORMAL,
binance:6582453115|confirm,binance,BTCUSDT,confirm,QUANTITY,False,2026-08-19,RESOLVED,2026-08-19,0,TIER1_NORMAL,
binance:6582453157|clearing,binance,BTCUSDT,clearing,PRICING,False,2026-08-19,RESOLVED,2026-08-21,2,TIER1_NORMAL,
binance:6582453173|confirm,binance,BTCUSDT,confirm,QUANTITY,False,2026-08-19,RESOLVED,2026-08-20,1,TIER1_NORMAL,
binance:6582453222|clearing,binance,BTCUSDT,clearing,TIMING,True,2026-08-19,RESOLVED,2026-08-19,0,TIER1_NORMAL,
binance:6582453224|confirm,binance,BTCUSDT,confirm,TIMING,True,2026-08-19,RESOLVED,2026-08-21,2,TIER1_NORMAL,
binance:6582453226|clearing,binance,BTCUSDT,clearing,PRICING,False,2026-08-19,RESOLVED,2026-08-20,1,TIER1_NORMAL,
binance:6582453226|confirm,binance,BTCUSDT,confirm,PRICING,False,2026-08-19,RESOLVED,2026-08-21,2,TIER1_NORMAL,
binance:6582453229|confirm,binance,BTCUSDT,confirm,QUANTITY,False,2026-08-19,RESOLVED,2026-08-21,2,TIER1_NORMAL,
binance:6582453265|confirm,binance,BTCUSDT,confirm,TIMING,True,2026-08-19,RESOLVED,2026-08-19,0,TIER1_NORMAL,
binance:6582453272|confirm,binance,BTCUSDT,confirm,PRICING,False,2026-08-19,RESOLVED,2026-08-21,2,TIER1_NORMAL,
binance:6582453273|confirm,binance,BTCUSDT,confirm,MISSING_RECORD,False,2026-08-19,RESOLVED,2026-08-20,1,TIER1_NORMAL,
binance:6582453321|clearing,binance,BTCUSDT,clearing,QUANTITY,False,2026-08-19,RESOLVED,2026-08-19,0,TIER1_NORMAL,
binance:6582453369|clearing,binance,BTCUSDT,clearing,MISSING_RECORD,False,2026-08-19,RESOLVED,2026-08-19,0,TIER1_NORMAL,
binance:6582453391|clearing,binance,BTCUSDT,clearing,PRICING,False,2026-08-19,RESOLVED,2026-08-21,2,TIER1_NORMAL,0.00109903
binance:6582453403|confirm,binance,BTCUSDT,confirm,PRICING,False,2026-08-19,RESOLVED,2026-08-19,0,TIER1_NORMAL,
binance:6582453462|clearing,binance,BTCUSDT,clearing,TIMING,True,2026-08-19,RESOLVED,2026-08-19,0,TIER1_NORMAL,
binance:6582453507|confirm,binance,BTCUSDT,confirm,PRICING,False,2026-08-19,RESOLVED,2026-08-19,0,TIER1_NORMAL,
binance:6582453515|clearing,binance,BTCUSDT,clearing,TIMING,False,2026-08-19,RESOLVED,2026-08-21,2,TIER1_NORMAL,
binance:6582453515|confirm,binance,BTCUSDT,confirm,TIMING,True,2026-08-19,RESOLVED,2026-08-19,0,TIER1_NORMAL,
binance:6582453565|clearing,binance,BTCUSDT,clearing,QUANTITY,False,2026-08-19,RESOLVED,2026-08-20,1,TIER1_NORMAL,
binance:6582453569|clearing,binance,BTCUSDT,clearing,QUANTITY,False,2026-08-19,RESOLVED,2026-08-21,2,TIER1_NORMAL,
binance:6582453597|confirm,binance,BTCUSDT,confirm,QUANTITY,False,2026-08-19,RESOLVED,2026-08-19,0,TIER1_NORMAL,
binance:6582453606|confirm,binance,BTCUSDT,confirm,TIMING,True,2026-08-19,RESOLVED,2026-08-20,1,TIER1_NORMAL,
binance:6582453624|confirm,binance,BTCUSDT,confirm,QUANTITY,False,2026-08-19,RESOLVED,2026-08-19,0,TIER1_NORMAL,
binance:6582453652|confirm,binance,BTCUSDT,confirm,REFERENCE_DATA,False,2026-08-19,RESOLVED,2026-08-19,0,TIER1_NORMAL,
binance:6582453663|confirm,binance,BTCUSDT,confirm,QUANTITY,False,2026-08-19,RESOLVED,2026-08-19,0,TIER1_NORMAL,
binance:6582453685|clearing,binance,BTCUSDT,clearing,TIMING,True,2026-08-19,RESOLVED,2026-08-19,0,TIER1_NORMAL,
binance:6582453694|clearing,binance,BTCUSDT,clearing,QUANTITY,False,2026-08-19,RESOLVED,2026-08-20,1,TIER1_NORMAL,
binance:6582453717|clearing,binance,BTCUSDT,clearing,TIMING,True,2026-08-19,RESOLVED,2026-08-19,0,TIER1_NORMAL,
binance:6582453737|confirm,binance,BTCUSDT,confirm,QUANTITY,False,2026-08-19,RESOLVED,2026-08-19,0,TIER1_NORMAL,
binance:6582453839|confirm,binance,BTCUSDT,confirm,QUANTITY,False,2026-08-19,RESOLVED,2026-08-19,0,TIER1_NORMAL,
binance:6582453869|confirm,binance,BTCUSDT,confirm,PRICING,False,2026-08-19,RESOLVED,2026-08-19,0,TIER1_NORMAL,
binance:6582453886|confirm,binance,BTCUSDT,confirm,MISSING_RECORD,False,2026-08-19,RESOLVED,2026-08-20,1,TIER1_NORMAL,
binance:6582453897|clearing,binance,BTCUSDT,clearing,TIMING,True,2026-08-19,RESOLVED,2026-08-19,0,TIER1_NORMAL,
binance:6582453906|clearing,binance,BTCUSDT,clearing,MISSING_RECORD,False,2026-08-19,RESOLVED,2026-08-21,2,TIER1_NORMAL,
binance:6582453912|clearing,binance,BTCUSDT,clearing,MISSING_RECORD,False,2026-08-19,RESOLVED,2026-08-19,0,TIER1_NORMAL,
binance:6582453948|clearing,binance,BTCUSDT,clearing,TIMING,True,2026-08-19,RESOLVED,2026-08-19,0,TIER1_NORMAL,
binance:6582454005|confirm,binance,BTCUSDT,confirm,TIMING,True,2026-08-19,RESOLVED,2026-08-21,2,TIER1_NORMAL,
binance:6582454021|clearing,binance,BTCUSDT,clearing,TIMING,True,2026-08-19,RESOLVED,2026-08-20,1,TIER1_NORMAL,
binance:6582454063|clearing,binance,BTCUSDT,clearing,REFERENCE_DATA,False,2026-08-19,RESOLVED,2026-08-20,1,TIER1_NORMAL,
binance:6582454075|clearing,binance,BTCUSDT,clearing,REFERENCE_DATA,False,2026-08-19,RESOLVED,2026-08-19,0,TIER1_NORMAL,
binance:6582454079|clearing,binance,BTCUSDT,clearing,QUANTITY,False,2026-08-19,RESOLVED,2026-08-19,0,TIER1_NORMAL,-0.00342302
binance:6582454104|confirm,binance,BTCUSDT,confirm,MISSING_RECORD,False,2026-08-19,RESOLVED,2026-08-19,0,TIER1_NORMAL,
binance:6582454130|clearing,binance,BTCUSDT,clearing,TIMING,True,2026-08-19,RESOLVED,2026-08-19,0,TIER1_NORMAL,
binance:6582454133|clearing,binance,BTCUSDT,clearing,QUANTITY,False,2026-08-19,RESOLVED,2026-08-19,0,TIER1_NORMAL,
binance:6582454143|clearing,binance,BTCUSDT,clearing,TIMING,True,2026-08-19,RESOLVED,2026-08-21,2,TIER1_NORMAL,
binance:6582454164|confirm,binance,BTCUSDT,confirm,REFERENCE_DATA,False,2026-08-19,RESOLVED,2026-08-21,2,TIER1_NORMAL,
binance:6582454170|clearing,binance,BTCUSDT,clearing,QUANTITY,False,2026-08-19,RESOLVED,2026-08-19,0,TIER1_NORMAL,
binance:6582454193|confirm,binance,BTCUSDT,confirm,PRICING,False,2026-08-19,RESOLVED,2026-08-19,0,TIER1_NORMAL,
binance:6582454201|clearing,binance,BTCUSDT,clearing,QUANTITY,False,2026-08-19,RESOLVED,2026-08-19,0,TIER1_NORMAL,
binance:6582454204|confirm,binance,BTCUSDT,confirm,QUANTITY,False,2026-08-19,RESOLVED,2026-08-19,0,TIER1_NORMAL,
binance:6582454224|confirm,binance,BTCUSDT,confirm,QUANTITY,False,2026-08-19,RESOLVED,2026-08-19,0,TIER1_NORMAL,
binance:6582454230|confirm,binance,BTCUSDT,confirm,TIMING,True,2026-08-19,RESOLVED,2026-08-20,1,TIER1_NORMAL,
binance:6582454234|confirm,binance,BTCUSDT,confirm,QUANTITY,False,2026-08-19,RESOLVED,2026-08-19,0,TIER1_NORMAL,
binance:6582454241|clearing,binance,BTCUSDT,clearing,PRICING,False,2026-08-19,RESOLVED,2026-08-19,0,TIER1_NORMAL,
binance:6582454241|confirm,binance,BTCUSDT,confirm,QUANTITY,False,2026-08-19,RESOLVED,2026-08-19,0,TIER1_NORMAL,
binance:6582454276|confirm,binance,BTCUSDT,confirm,TIMING,True,2026-08-19,RESOLVED,2026-08-20,1,TIER1_NORMAL,
binance:6582454282|confirm,binance,BTCUSDT,confirm,TIMING,True,2026-08-19,RESOLVED,2026-08-19,0,TIER1_NORMAL,
binance:6582454288|clearing,binance,BTCUSDT,clearing,TIMING,False,2026-08-19,RESOLVED,2026-08-19,0,TIER1_NORMAL,
binance:6582454290|clearing,binance,BTCUSDT,clearing,PRICING,False,2026-08-19,RESOLVED,2026-08-21,2,TIER1_NORMAL,
binance:6582454292|clearing,binance,BTCUSDT,clearing,REFERENCE_DATA,False,2026-08-19,RESOLVED,2026-08-21,2,TIER1_NORMAL,
binance:6582454300|confirm,binance,BTCUSDT,confirm,QUANTITY,False,2026-08-19,RESOLVED,2026-08-19,0,TIER1_NORMAL,
binance:6582454302|confirm,binance,BTCUSDT,confirm,PRICING,False,2026-08-19,RESOLVED,2026-08-19,0,TIER1_NORMAL,
binance:6582454312|clearing,binance,BTCUSDT,clearing,PRICING,False,2026-08-19,RESOLVED,2026-08-19,0,TIER1_NORMAL,
binance:6582454322|clearing,binance,BTCUSDT,clearing,TIMING,True,2026-08-19,RESOLVED,2026-08-21,2,TIER1_NORMAL,
binance:6582454412|confirm,binance,BTCUSDT,confirm,MISSING_RECORD,False,2026-08-19,RESOLVED,2026-08-19,0,TIER1_NORMAL,
binance:6582454449|confirm,binance,BTCUSDT,confirm,QUANTITY,False,2026-08-19,RESOLVED,2026-08-19,0,TIER1_NORMAL,
binance:6582454453|confirm,binance,BTCUSDT,confirm,MISSING_RECORD,False,2026-08-19,RESOLVED,2026-08-20,1,TIER1_NORMAL,
binance:6582454455|clearing,binance,BTCUSDT,clearing,TIMING,True,2026-08-19,RESOLVED,2026-08-19,0,TIER1_NORMAL,
binance:6582454461|clearing,binance,BTCUSDT,clearing,REFERENCE_DATA,False,2026-08-19,RESOLVED,2026-08-19,0,TIER1_NORMAL,
binance:6582454477|confirm,binance,BTCUSDT,confirm,PRICING,False,2026-08-19,RESOLVED,2026-08-19,0,TIER1_NORMAL,
binance:6582454491|clearing,binance,BTCUSDT,clearing,MISSING_RECORD,False,2026-08-19,RESOLVED,2026-08-19,0,TIER1_NORMAL,
binance:6582454496|confirm,binance,BTCUSDT,confirm,TIMING,True,2026-08-19,RESOLVED,2026-08-19,0,TIER1_NORMAL,
binance:6582454536|confirm,binance,BTCUSDT,confirm,TIMING,True,2026-08-19,RESOLVED,2026-08-21,2,TIER1_NORMAL,
binance:6582454538|clearing,binance,BTCUSDT,clearing,PRICING,False,2026-08-19,RESOLVED,2026-08-20,1,TIER1_NORMAL,
binance:6582454550|confirm,binance,BTCUSDT,confirm,PRICING,False,2026-08-19,RESOLVED,2026-08-20,1,TIER1_NORMAL,
binance:6582454552|clearing,binance,BTCUSDT,clearing,MISSING_RECORD,False,2026-08-19,RESOLVED,2026-08-19,0,TIER1_NORMAL,
binance:6582454559|clearing,binance,BTCUSDT,clearing,PRICING,False,2026-08-19,RESOLVED,2026-08-19,0,TIER1_NORMAL,
binance:6582454564|confirm,binance,BTCUSDT,confirm,TIMING,True,2026-08-19,RESOLVED,2026-08-20,1,TIER1_NORMAL,
binance:6582454565|clearing,binance,BTCUSDT,clearing,MISSING_RECORD,False,2026-08-19,RESOLVED,2026-08-19,0,TIER1_NORMAL,
binance:6582454652|clearing,binance,BTCUSDT,clearing,QUANTITY,False,2026-08-19,RESOLVED,2026-08-19,0,TIER1_NORMAL,
binance:6582454677|confirm,binance,BTCUSDT,confirm,PRICING,False,2026-08-19,RESOLVED,2026-08-19,0,TIER1_NORMAL,
binance:6582454696|clearing,binance,BTCUSDT,clearing,REFERENCE_DATA,False,2026-08-19,RESOLVED,2026-08-19,0,TIER1_NORMAL,
binance:6582454705|clearing,binance,BTCUSDT,clearing,TIMING,True,2026-08-19,RESOLVED,2026-08-19,0,TIER1_NORMAL,
binance:6582454725|clearing,binance,BTCUSDT,clearing,PRICING,False,2026-08-19,RESOLVED,2026-08-19,0,TIER1_NORMAL,
binance:6582454739|clearing,binance,BTCUSDT,clearing,QUANTITY,False,2026-08-19,RESOLVED,2026-08-19,0,TIER1_NORMAL,
binance:6582454750|clearing,binance,BTCUSDT,clearing,QUANTITY,False,2026-08-19,RESOLVED,2026-08-20,1,TIER1_NORMAL,
binance:6582454755|clearing,binance,BTCUSDT,clearing,TIMING,True,2026-08-19,RESOLVED,2026-08-21,2,TIER1_NORMAL,
binance:6582454758|confirm,binance,BTCUSDT,confirm,QUANTITY,False,2026-08-19,RESOLVED,2026-08-19,0,TIER1_NORMAL,
binance:6582454806|confirm,binance,BTCUSDT,confirm,PRICING,False,2026-08-19,RESOLVED,2026-08-19,0,TIER1_NORMAL,
binance:6582454814|clearing,binance,BTCUSDT,clearing,QUANTITY,False,2026-08-19,RESOLVED,2026-08-20,1,TIER1_NORMAL,
binance:6582454824|confirm,binance,BTCUSDT,confirm,MISSING_RECORD,False,2026-08-19,RESOLVED,2026-08-19,0,TIER1_NORMAL,
binance:6582454827|confirm,binance,BTCUSDT,confirm,QUANTITY,False,2026-08-19,RESOLVED,2026-08-21,2,TIER1_NORMAL,
binance:6582454840|confirm,binance,BTCUSDT,confirm,TIMING,True,2026-08-19,RESOLVED,2026-08-20,1,TIER1_NORMAL,
binance:6582454845|clearing,binance,BTCUSDT,clearing,QUANTITY,False,2026-08-19,RESOLVED,2026-08-20,1,TIER1_NORMAL,
binance:6582454850|confirm,binance,BTCUSDT,confirm,PRICING,False,2026-08-19,RESOLVED,2026-08-19,0,TIER1_NORMAL,-0.06801645
binance:6582454851|clearing,binance,BTCUSDT,clearing,PRICING,False,2026-08-19,RESOLVED,2026-08-19,0,TIER1_NORMAL,
binance:6582454907|clearing,binance,BTCUSDT,clearing,QUANTITY,False,2026-08-19,RESOLVED,2026-08-19,0,TIER1_NORMAL,
binance:6582454910|confirm,binance,BTCUSDT,confirm,TIMING,True,2026-08-19,RESOLVED,2026-08-19,0,TIER1_NORMAL,
binance:6582454911|confirm,binance,BTCUSDT,confirm,TIMING,True,2026-08-19,RESOLVED,2026-08-20,1,TIER1_NORMAL,
binance:6582455105|confirm,binance,BTCUSDT,confirm,PRICING,False,2026-08-19,RESOLVED,2026-08-19,0,TIER1_NORMAL,
binance:6582455156|clearing,binance,BTCUSDT,clearing,PRICING,False,2026-08-19,RESOLVED,2026-08-20,1,TIER1_NORMAL,
binance:6582455182|confirm,binance,BTCUSDT,confirm,TIMING,True,2026-08-19,RESOLVED,2026-08-21,2,TIER1_NORMAL,
binance:6582455190|clearing,binance,BTCUSDT,clearing,TIMING,True,2026-08-19,RESOLVED,2026-08-21,2,TIER1_NORMAL,
binance:6582455195|confirm,binance,BTCUSDT,confirm,QUANTITY,False,2026-08-19,RESOLVED,2026-08-19,0,TIER1_NORMAL,
binance:6582455199|clearing,binance,BTCUSDT,clearing,REFERENCE_DATA,False,2026-08-19,RESOLVED,2026-08-19,0,TIER1_NORMAL,
binance:6582455200|clearing,binance,BTCUSDT,clearing,QUANTITY,False,2026-08-19,RESOLVED,2026-08-21,2,TIER1_NORMAL,
binance:6582455201|confirm,binance,BTCUSDT,confirm,TIMING,True,2026-08-19,RESOLVED,2026-08-19,0,TIER1_NORMAL,
binance:6582455214|clearing,binance,BTCUSDT,clearing,QUANTITY,False,2026-08-19,RESOLVED,2026-08-21,2,TIER1_NORMAL,
binance:6582455215|clearing,binance,BTCUSDT,clearing,PRICING,False,2026-08-19,RESOLVED,2026-08-19,0,TIER1_NORMAL,
binance:6582455226|clearing,binance,BTCUSDT,clearing,PRICING,False,2026-08-19,RESOLVED,2026-08-19,0,TIER1_NORMAL,
binance:6582455285|confirm,binance,BTCUSDT,confirm,MISSING_RECORD,False,2026-08-19,RESOLVED,2026-08-20,1,TIER1_NORMAL,
binance:6582455338|clearing,binance,BTCUSDT,clearing,PRICING,False,2026-08-19,RESOLVED,2026-08-19,0,TIER1_NORMAL,
binance:6582455344|clearing,binance,BTCUSDT,clearing,QUANTITY,False,2026-08-19,RESOLVED,2026-08-21,2,TIER1_NORMAL,
binance:6582455383|confirm,binance,BTCUSDT,confirm,TIMING,True,2026-08-19,RESOLVED,2026-08-19,0,TIER1_NORMAL,
binance:6582455471|confirm,binance,BTCUSDT,confirm,PRICING,False,2026-08-19,RESOLVED,2026-08-20,1,TIER1_NORMAL,
binance:6582455544|clearing,binance,BTCUSDT,clearing,REFERENCE_DATA,False,2026-08-19,RESOLVED,2026-08-20,1,TIER1_NORMAL,-0.00148066
binance:6582455548|confirm,binance,BTCUSDT,confirm,QUANTITY,False,2026-08-19,RESOLVED,2026-08-20,1,TIER1_NORMAL,
binance:6582455561|clearing,binance,BTCUSDT,clearing,TIMING,True,2026-08-19,RESOLVED,2026-08-19,0,TIER1_NORMAL,
binance:6582455565|clearing,binance,BTCUSDT,clearing,PRICING,False,2026-08-19,RESOLVED,2026-08-19,0,TIER1_NORMAL,
binance:6582455575|clearing,binance,BTCUSDT,clearing,QUANTITY,False,2026-08-19,RESOLVED,2026-08-19,0,TIER1_NORMAL,
binance:6582455578|confirm,binance,BTCUSDT,confirm,MISSING_RECORD,False,2026-08-19,RESOLVED,2026-08-19,0,TIER1_NORMAL,
binance:6582455583|clearing,binance,BTCUSDT,clearing,TIMING,True,2026-08-19,RESOLVED,2026-08-19,0,TIER1_NORMAL,
binance:6582455587|confirm,binance,BTCUSDT,confirm,PRICING,False,2026-08-19,RESOLVED,2026-08-20,1,TIER1_NORMAL,
binance:6582455593|confirm,binance,BTCUSDT,confirm,QUANTITY,False,2026-08-19,RESOLVED,2026-08-20,1,TIER1_NORMAL,
binance:6582455596|confirm,binance,BTCUSDT,confirm,MISSING_RECORD,False,2026-08-19,RESOLVED,2026-08-21,2,TIER1_NORMAL,
binance:6582455602|confirm,binance,BTCUSDT,confirm,QUANTITY,False,2026-08-19,RESOLVED,2026-08-21,2,TIER1_NORMAL,
binance:6582455603|clearing,binance,BTCUSDT,clearing,TIMING,True,2026-08-19,RESOLVED,2026-08-21,2,TIER1_NORMAL,
binance:6582455628|clearing,binance,BTCUSDT,clearing,TIMING,True,2026-08-19,RESOLVED,2026-08-21,2,TIER1_NORMAL,
binance:6582455630|clearing,binance,BTCUSDT,clearing,MISSING_RECORD,False,2026-08-19,RESOLVED,2026-08-21,2,TIER1_NORMAL,
binance:6582455660|clearing,binance,BTCUSDT,clearing,PRICING,False,2026-08-19,RESOLVED,2026-08-19,0,TIER1_NORMAL,
binance:6582455660|confirm,binance,BTCUSDT,confirm,MISSING_RECORD,False,2026-08-19,RESOLVED,2026-08-19,0,TIER1_NORMAL,
binance:6582455691|clearing,binance,BTCUSDT,clearing,REFERENCE_DATA,False,2026-08-19,RESOLVED,2026-08-19,0,TIER1_NORMAL,
binance:6582455706|confirm,binance,BTCUSDT,confirm,TIMING,True,2026-08-19,RESOLVED,2026-08-20,1,TIER1_NORMAL,
binance:6582455722|confirm,binance,BTCUSDT,confirm,QUANTITY,False,2026-08-19,RESOLVED,2026-08-19,0,TIER1_NORMAL,
binance:6582455863|clearing,binance,BTCUSDT,clearing,PRICING,False,2026-08-19,RESOLVED,2026-08-19,0,TIER1_NORMAL,
binance:6582455879|confirm,binance,BTCUSDT,confirm,QUANTITY,False,2026-08-19,RESOLVED,2026-08-19,0,TIER1_NORMAL,
binance:6582455888|clearing,binance,BTCUSDT,clearing,MISSING_RECORD,False,2026-08-19,RESOLVED,2026-08-19,0,TIER1_NORMAL,
binance:6582455933|confirm,binance,BTCUSDT,confirm,REFERENCE_DATA,False,2026-08-19,RESOLVED,2026-08-19,0,TIER1_NORMAL,0.00119674
binance:6582455935|clearing,binance,BTCUSDT,clearing,PRICING,False,2026-08-19,RESOLVED,2026-08-20,1,TIER1_NORMAL,
binance:6582455941|clearing,binance,BTCUSDT,clearing,QUANTITY,False,2026-08-19,RESOLVED,2026-08-21,2,TIER1_NORMAL,
binance:6582455988|clearing,binance,BTCUSDT,clearing,PRICING,False,2026-08-19,RESOLVED,2026-08-19,0,TIER1_NORMAL,
binance:6582456006|clearing,binance,BTCUSDT,clearing,QUANTITY,False,2026-08-19,RESOLVED,2026-08-21,2,TIER1_NORMAL,
binance:6582456105|confirm,binance,BTCUSDT,confirm,QUANTITY,False,2026-08-19,RESOLVED,2026-08-19,0,TIER1_NORMAL,
binance:6582456153|clearing,binance,BTCUSDT,clearing,PRICING,False,2026-08-19,RESOLVED,2026-08-21,2,TIER1_NORMAL,
binance:6582456163|clearing,binance,BTCUSDT,clearing,REFERENCE_DATA,False,2026-08-19,RESOLVED,2026-08-19,0,TIER1_NORMAL,
binance:6582456171|clearing,binance,BTCUSDT,clearing,TIMING,True,2026-08-19,RESOLVED,2026-08-19,0,TIER1_NORMAL,
binance:6582456278|clearing,binance,BTCUSDT,clearing,PRICING,False,2026-08-19,RESOLVED,2026-08-19,0,TIER1_NORMAL,
binance:6582456329|clearing,binance,BTCUSDT,clearing,TIMING,True,2026-08-19,RESOLVED,2026-08-21,2,TIER1_NORMAL,
binance:6582456331|confirm,binance,BTCUSDT,confirm,TIMING,True,2026-08-19,RESOLVED,2026-08-19,0,TIER1_NORMAL,
binance:6582456366|confirm,binance,BTCUSDT,confirm,PRICING,False,2026-08-19,RESOLVED,2026-08-21,2,TIER1_NORMAL,
binance:6582456371|clearing,binance,BTCUSDT,clearing,TIMING,True,2026-08-19,RESOLVED,2026-08-19,0,TIER1_NORMAL,
binance:6582456432|clearing,binance,BTCUSDT,clearing,TIMING,True,2026-08-19,RESOLVED,2026-08-19,0,TIER1_NORMAL,
binance:6582456432|confirm,binance,BTCUSDT,confirm,PRICING,False,2026-08-19,RESOLVED,2026-08-21,2,TIER1_NORMAL,
binance:6582456464|clearing,binance,BTCUSDT,clearing,MISSING_RECORD,False,2026-08-19,RESOLVED,2026-08-19,0,TIER1_NORMAL,
binance:6582456470|clearing,binance,BTCUSDT,clearing,TIMING,True,2026-08-19,RESOLVED,2026-08-19,0,TIER1_NORMAL,
binance:6582456471|clearing,binance,BTCUSDT,clearing,TIMING,True,2026-08-19,RESOLVED,2026-08-19,0,TIER1_NORMAL,
binance:6582456473|confirm,binance,BTCUSDT,confirm,PRICING,False,2026-08-19,RESOLVED,2026-08-21,2,TIER1_NORMAL,0.04658303
binance:6582456479|confirm,binance,BTCUSDT,confirm,QUANTITY,False,2026-08-19,RESOLVED,2026-08-19,0,TIER1_NORMAL,
binance:6582456484|clearing,binance,BTCUSDT,clearing,TIMING,True,2026-08-19,RESOLVED,2026-08-21,2,TIER1_NORMAL,
binance:6582456516|confirm,binance,BTCUSDT,confirm,TIMING,True,2026-08-19,RESOLVED,2026-08-19,0,TIER1_NORMAL,
binance:6582456519|clearing,binance,BTCUSDT,clearing,PRICING,False,2026-08-19,RESOLVED,2026-08-21,2,TIER1_NORMAL,
binance:6582456522|confirm,binance,BTCUSDT,confirm,PRICING,False,2026-08-19,RESOLVED,2026-08-19,0,TIER1_NORMAL,
binance:6582456631|confirm,binance,BTCUSDT,confirm,QUANTITY,False,2026-08-19,RESOLVED,2026-08-20,1,TIER1_NORMAL,
binance:6582456689|clearing,binance,BTCUSDT,clearing,TIMING,True,2026-08-19,RESOLVED,2026-08-19,0,TIER1_NORMAL,
binance:6582456709|clearing,binance,BTCUSDT,clearing,PRICING,False,2026-08-19,RESOLVED,2026-08-21,2,TIER1_NORMAL,
binance:6582456715|clearing,binance,BTCUSDT,clearing,QUANTITY,False,2026-08-19,RESOLVED,2026-08-19,0,TIER1_NORMAL,
binance:6582456717|confirm,binance,BTCUSDT,confirm,QUANTITY,False,2026-08-19,RESOLVED,2026-08-21,2,TIER1_NORMAL,-0.02324860
binance:6582456722|clearing,binance,BTCUSDT,clearing,QUANTITY,False,2026-08-19,RESOLVED,2026-08-19,0,TIER1_NORMAL,0.12368129
binance:6582456728|clearing,binance,BTCUSDT,clearing,QUANTITY,False,2026-08-19,RESOLVED,2026-08-19,0,TIER1_NORMAL,
binance:6582456740|clearing,binance,BTCUSDT,clearing,REFERENCE_DATA,False,2026-08-19,RESOLVED,2026-08-20,1,TIER1_NORMAL,
binance:6582456743|clearing,binance,BTCUSDT,clearing,TIMING,True,2026-08-19,RESOLVED,2026-08-20,1,TIER1_NORMAL,
binance:6582456778|confirm,binance,BTCUSDT,confirm,PRICING,False,2026-08-19,RESOLVED,2026-08-19,0,TIER1_NORMAL,
binance:6582456780|confirm,binance,BTCUSDT,confirm,TIMING,True,2026-08-19,RESOLVED,2026-08-20,1,TIER1_NORMAL,
binance:6582456781|clearing,binance,BTCUSDT,clearing,PRICING,False,2026-08-19,RESOLVED,2026-08-19,0,TIER1_NORMAL,
binance:6582456788|clearing,binance,BTCUSDT,clearing,PRICING,False,2026-08-19,RESOLVED,2026-08-20,1,TIER1_NORMAL,
binance:6582456803|clearing,binance,BTCUSDT,clearing,REFERENCE_DATA,False,2026-08-19,RESOLVED,2026-08-19,0,TIER1_NORMAL,
binance:6582456808|confirm,binance,BTCUSDT,confirm,MISSING_RECORD,False,2026-08-19,RESOLVED,2026-08-20,1,TIER1_NORMAL,
binance:6582456810|confirm,binance,BTCUSDT,confirm,TIMING,True,2026-08-19,RESOLVED,2026-08-19,0,TIER1_NORMAL,
binance:6582456813|clearing,binance,BTCUSDT,clearing,PRICING,False,2026-08-19,RESOLVED,2026-08-19,0,TIER1_NORMAL,
binance:6582456815|clearing,binance,BTCUSDT,clearing,MISSING_RECORD,False,2026-08-19,RESOLVED,2026-08-19,0,TIER1_NORMAL,
binance:6582456817|confirm,binance,BTCUSDT,confirm,MISSING_RECORD,False,2026-08-19,RESOLVED,2026-08-19,0,TIER1_NORMAL,
binance:6582456820|confirm,binance,BTCUSDT,confirm,TIMING,True,2026-08-19,RESOLVED,2026-08-20,1,TIER1_NORMAL,2.47946846
binance:6582456828|confirm,binance,BTCUSDT,confirm,MISSING_RECORD,False,2026-08-19,RESOLVED,2026-08-20,1,TIER1_NORMAL,
binance:6582456836|clearing,binance,BTCUSDT,clearing,TIMING,True,2026-08-19,RESOLVED,2026-08-19,0,TIER1_NORMAL,
binance:6582456839|confirm,binance,BTCUSDT,confirm,MISSING_RECORD,False,2026-08-19,RESOLVED,2026-08-19,0,TIER1_NORMAL,
binance:6582456868|confirm,binance,BTCUSDT,confirm,PRICING,False,2026-08-19,RESOLVED,2026-08-19,0,TIER1_NORMAL,
binance:6582456882|confirm,binance,BTCUSDT,confirm,PRICING,False,2026-08-19,RESOLVED,2026-08-19,0,TIER1_NORMAL,
binance:6582456900|clearing,binance,BTCUSDT,clearing,MISSING_RECORD,False,2026-08-19,RESOLVED,2026-08-21,2,TIER1_NORMAL,
binance:6582456906|confirm,binance,BTCUSDT,confirm,PRICING,False,2026-08-19,RESOLVED,2026-08-19,0,TIER1_NORMAL,
binance:6582456913|confirm,binance,BTCUSDT,confirm,PRICING,False,2026-08-19,RESOLVED,2026-08-21,2,TIER1_NORMAL,
binance:6582456920|clearing,binance,BTCUSDT,clearing,TIMING,True,2026-08-19,RESOLVED,2026-08-19,0,TIER1_NORMAL,
binance:6582456921|clearing,binance,BTCUSDT,clearing,TIMING,True,2026-08-19,RESOLVED,2026-08-19,0,TIER1_NORMAL,
binance:6582456925|confirm,binance,BTCUSDT,confirm,TIMING,True,2026-08-19,RESOLVED,2026-08-20,1,TIER1_NORMAL,
binance:6582456951|confirm,binance,BTCUSDT,confirm,QUANTITY,False,2026-08-19,RESOLVED,2026-08-20,1,TIER1_NORMAL,
binance:6582456974|confirm,binance,BTCUSDT,confirm,QUANTITY,False,2026-08-19,RESOLVED,2026-08-19,0,TIER1_NORMAL,
binance:6582457069|clearing,binance,BTCUSDT,clearing,TIMING,True,2026-08-19,RESOLVED,2026-08-21,2,TIER1_NORMAL,
binance:6582457081|confirm,binance,BTCUSDT,confirm,QUANTITY,False,2026-08-19,RESOLVED,2026-08-19,0,TIER1_NORMAL,
binance:6582457092|clearing,binance,BTCUSDT,clearing,TIMING,True,2026-08-19,RESOLVED,2026-08-20,1,TIER1_NORMAL,
binance:6582457100|confirm,binance,BTCUSDT,confirm,TIMING,True,2026-08-19,RESOLVED,2026-08-19,0,TIER1_NORMAL,
binance:6582457125|confirm,binance,BTCUSDT,confirm,TIMING,True,2026-08-19,RESOLVED,2026-08-19,0,TIER1_NORMAL,
binance:6582457131|clearing,binance,BTCUSDT,clearing,TIMING,True,2026-08-19,RESOLVED,2026-08-19,0,TIER1_NORMAL,
binance:6582457131|confirm,binance,BTCUSDT,confirm,PRICING,False,2026-08-19,RESOLVED,2026-08-19,0,TIER1_NORMAL,
binance:6582457134|clearing,binance,BTCUSDT,clearing,PRICING,False,2026-08-19,RESOLVED,2026-08-19,0,TIER1_NORMAL,
binance:6582457228|clearing,binance,BTCUSDT,clearing,PRICING,False,2026-08-19,RESOLVED,2026-08-19,0,TIER1_NORMAL,
binance:6582457233|clearing,binance,BTCUSDT,clearing,MISSING_RECORD,False,2026-08-19,RESOLVED,2026-08-20,1,TIER1_NORMAL,
binance:6582457235|confirm,binance,BTCUSDT,confirm,REFERENCE_DATA,False,2026-08-19,RESOLVED,2026-08-21,2,TIER1_NORMAL,
binance:6582457255|clearing,binance,BTCUSDT,clearing,QUANTITY,False,2026-08-19,RESOLVED,2026-08-19,0,TIER1_NORMAL,
binance:6582457255|confirm,binance,BTCUSDT,confirm,MISSING_RECORD,False,2026-08-19,RESOLVED,2026-08-19,0,TIER1_NORMAL,
binance:6582457256|clearing,binance,BTCUSDT,clearing,QUANTITY,False,2026-08-19,RESOLVED,2026-08-19,0,TIER1_NORMAL,
binance:6582457291|clearing,binance,BTCUSDT,clearing,QUANTITY,False,2026-08-19,RESOLVED,2026-08-19,0,TIER1_NORMAL,
binance:6582457297|clearing,binance,BTCUSDT,clearing,PRICING,False,2026-08-19,RESOLVED,2026-08-21,2,TIER1_NORMAL,
binance:6582457315|confirm,binance,BTCUSDT,confirm,MISSING_RECORD,False,2026-08-19,RESOLVED,2026-08-20,1,TIER1_NORMAL,
binance:6582457316|clearing,binance,BTCUSDT,clearing,PRICING,False,2026-08-19,RESOLVED,2026-08-19,0,TIER1_NORMAL,
binance:6582457332|clearing,binance,BTCUSDT,clearing,PRICING,False,2026-08-19,RESOLVED,2026-08-20,1,TIER1_NORMAL,
binance:6582457350|confirm,binance,BTCUSDT,confirm,QUANTITY,False,2026-08-19,RESOLVED,2026-08-21,2,TIER1_NORMAL,
binance:6582457358|confirm,binance,BTCUSDT,confirm,TIMING,True,2026-08-19,RESOLVED,2026-08-20,1,TIER1_NORMAL,
binance:6582457359|confirm,binance,BTCUSDT,confirm,QUANTITY,False,2026-08-19,RESOLVED,2026-08-19,0,TIER1_NORMAL,
binance:6582457394|confirm,binance,BTCUSDT,confirm,PRICING,False,2026-08-19,RESOLVED,2026-08-20,1,TIER1_NORMAL,
binance:6582457428|confirm,binance,BTCUSDT,confirm,QUANTITY,False,2026-08-19,RESOLVED,2026-08-20,1,TIER1_NORMAL,
binance:6582457438|confirm,binance,BTCUSDT,confirm,QUANTITY,False,2026-08-19,RESOLVED,2026-08-20,1,TIER1_NORMAL,
binance:6582457444|clearing,binance,BTCUSDT,clearing,TIMING,True,2026-08-19,RESOLVED,2026-08-21,2,TIER1_NORMAL,
binance:6582457470|clearing,binance,BTCUSDT,clearing,TIMING,True,2026-08-19,RESOLVED,2026-08-19,0,TIER1_NORMAL,
binance:6582457527|clearing,binance,BTCUSDT,clearing,PRICING,False,2026-08-19,RESOLVED,2026-08-19,0,TIER1_NORMAL,
binance:6582457528|clearing,binance,BTCUSDT,clearing,QUANTITY,False,2026-08-19,RESOLVED,2026-08-21,2,TIER1_NORMAL,
binance:6582457528|confirm,binance,BTCUSDT,confirm,PRICING,False,2026-08-19,RESOLVED,2026-08-19,0,TIER1_NORMAL,
binance:6582457533|confirm,binance,BTCUSDT,confirm,TIMING,True,2026-08-19,RESOLVED,2026-08-19,0,TIER1_NORMAL,
binance:6582457550|clearing,binance,BTCUSDT,clearing,TIMING,True,2026-08-19,RESOLVED,2026-08-19,0,TIER1_NORMAL,
binance:6582457554|clearing,binance,BTCUSDT,clearing,QUANTITY,False,2026-08-19,RESOLVED,2026-08-19,0,TIER1_NORMAL,
binance:6582457557|confirm,binance,BTCUSDT,confirm,TIMING,True,2026-08-19,RESOLVED,2026-08-21,2,TIER1_NORMAL,
binance:6582457573|clearing,binance,BTCUSDT,clearing,TIMING,True,2026-08-19,RESOLVED,2026-08-19,0,TIER1_NORMAL,
binance:6582457641|confirm,binance,BTCUSDT,confirm,TIMING,True,2026-08-19,RESOLVED,2026-08-20,1,TIER1_NORMAL,
binance:6582457660|clearing,binance,BTCUSDT,clearing,QUANTITY,False,2026-08-19,RESOLVED,2026-08-19,0,TIER1_NORMAL,
binance:6582457666|confirm,binance,BTCUSDT,confirm,TIMING,True,2026-08-19,RESOLVED,2026-08-19,0,TIER1_NORMAL,
binance:6582457669|clearing,binance,BTCUSDT,clearing,QUANTITY,False,2026-08-19,RESOLVED,2026-08-20,1,TIER1_NORMAL,
binance:6582457669|confirm,binance,BTCUSDT,confirm,MISSING_RECORD,False,2026-08-19,RESOLVED,2026-08-19,0,TIER1_NORMAL,
binance:6582457692|confirm,binance,BTCUSDT,confirm,TIMING,True,2026-08-19,RESOLVED,2026-08-21,2,TIER1_NORMAL,
binance:6582457694|confirm,binance,BTCUSDT,confirm,TIMING,True,2026-08-19,RESOLVED,2026-08-19,0,TIER1_NORMAL,
binance:6582457697|confirm,binance,BTCUSDT,confirm,TIMING,True,2026-08-19,RESOLVED,2026-08-19,0,TIER1_NORMAL,
binance:6582457702|clearing,binance,BTCUSDT,clearing,REFERENCE_DATA,False,2026-08-19,RESOLVED,2026-08-20,1,TIER1_NORMAL,
binance:6582457703|confirm,binance,BTCUSDT,confirm,TIMING,True,2026-08-19,RESOLVED,2026-08-21,2,TIER1_NORMAL,
binance:6582457719|confirm,binance,BTCUSDT,confirm,MISSING_RECORD,False,2026-08-19,RESOLVED,2026-08-20,1,TIER1_NORMAL,
binance:6582457758|clearing,binance,BTCUSDT,clearing,PRICING,False,2026-08-19,RESOLVED,2026-08-19,0,TIER1_NORMAL,
binance:6582457762|confirm,binance,BTCUSDT,confirm,TIMING,True,2026-08-19,RESOLVED,2026-08-20,1,TIER1_NORMAL,
binance:6582457788|clearing,binance,BTCUSDT,clearing,TIMING,True,2026-08-19,RESOLVED,2026-08-19,0,TIER1_NORMAL,
binance:6582457793|confirm,binance,BTCUSDT,confirm,TIMING,True,2026-08-19,RESOLVED,2026-08-19,0,TIER1_NORMAL,
binance:6582457801|clearing,binance,BTCUSDT,clearing,PRICING,False,2026-08-19,RESOLVED,2026-08-21,2,TIER1_NORMAL,
binance:6582457809|clearing,binance,BTCUSDT,clearing,QUANTITY,False,2026-08-19,RESOLVED,2026-08-19,0,TIER1_NORMAL,
binance:6582457810|confirm,binance,BTCUSDT,confirm,TIMING,True,2026-08-19,RESOLVED,2026-08-19,0,TIER1_NORMAL,
binance:6582457812|clearing,binance,BTCUSDT,clearing,TIMING,True,2026-08-19,RESOLVED,2026-08-19,0,TIER1_NORMAL,
binance:6582457823|confirm,binance,BTCUSDT,confirm,TIMING,True,2026-08-19,RESOLVED,2026-08-19,0,TIER1_NORMAL,
binance:6582457827|confirm,binance,BTCUSDT,confirm,TIMING,True,2026-08-19,RESOLVED,2026-08-21,2,TIER1_NORMAL,
binance:6582457829|clearing,binance,BTCUSDT,clearing,QUANTITY,False,2026-08-19,RESOLVED,2026-08-19,0,TIER1_NORMAL,
binance:6582457840|confirm,binance,BTCUSDT,confirm,TIMING,True,2026-08-19,RESOLVED,2026-08-21,2,TIER1_NORMAL,
binance:6582457841|clearing,binance,BTCUSDT,clearing,PRICING,False,2026-08-19,RESOLVED,2026-08-21,2,TIER1_NORMAL,
binance:6582457889|clearing,binance,BTCUSDT,clearing,MISSING_RECORD,False,2026-08-19,RESOLVED,2026-08-19,0,TIER1_NORMAL,
binance:6582457890|confirm,binance,BTCUSDT,confirm,TIMING,True,2026-08-19,RESOLVED,2026-08-19,0,TIER1_NORMAL,
binance:6582457893|clearing,binance,BTCUSDT,clearing,QUANTITY,False,2026-08-19,RESOLVED,2026-08-19,0,TIER1_NORMAL,
binance:6582457894|clearing,binance,BTCUSDT,clearing,MISSING_RECORD,False,2026-08-19,RESOLVED,2026-08-21,2,TIER1_NORMAL,
binance:6582457904|confirm,binance,BTCUSDT,confirm,QUANTITY,False,2026-08-19,RESOLVED,2026-08-21,2,TIER1_NORMAL,
binance:6582457911|clearing,binance,BTCUSDT,clearing,PRICING,False,2026-08-19,RESOLVED,2026-08-19,0,TIER1_NORMAL,
binance:6582457913|clearing,binance,BTCUSDT,clearing,PRICING,False,2026-08-19,RESOLVED,2026-08-19,0,TIER1_NORMAL,
binance:6582458020|confirm,binance,BTCUSDT,confirm,REFERENCE_DATA,False,2026-08-19,RESOLVED,2026-08-19,0,TIER1_NORMAL,
binance:6582458024|clearing,binance,BTCUSDT,clearing,QUANTITY,False,2026-08-19,RESOLVED,2026-08-21,2,TIER1_NORMAL,-0.00471094
binance:6582458043|clearing,binance,BTCUSDT,clearing,TIMING,True,2026-08-19,RESOLVED,2026-08-19,0,TIER1_NORMAL,
binance:6582458047|confirm,binance,BTCUSDT,confirm,PRICING,False,2026-08-19,RESOLVED,2026-08-19,0,TIER1_NORMAL,
binance:6582458049|confirm,binance,BTCUSDT,confirm,QUANTITY,False,2026-08-19,RESOLVED,2026-08-20,1,TIER1_NORMAL,
binance:6582458118|clearing,binance,BTCUSDT,clearing,PRICING,False,2026-08-19,RESOLVED,2026-08-19,0,TIER1_NORMAL,
binance:6582458150|confirm,binance,BTCUSDT,confirm,PRICING,False,2026-08-19,RESOLVED,2026-08-21,2,TIER1_NORMAL,
binance:6582458152|clearing,binance,BTCUSDT,clearing,QUANTITY,False,2026-08-19,RESOLVED,2026-08-19,0,TIER1_NORMAL,0.05608964
binance:6582458166|clearing,binance,BTCUSDT,clearing,PRICING,False,2026-08-19,RESOLVED,2026-08-21,2,TIER1_NORMAL,
binance:6582458223|confirm,binance,BTCUSDT,confirm,MISSING_RECORD,False,2026-08-19,RESOLVED,2026-08-19,0,TIER1_NORMAL,
binance:6582458229|clearing,binance,BTCUSDT,clearing,PRICING,False,2026-08-19,RESOLVED,2026-08-19,0,TIER1_NORMAL,0.00160766
binance:6582458243|confirm,binance,BTCUSDT,confirm,MISSING_RECORD,False,2026-08-19,RESOLVED,2026-08-19,0,TIER1_NORMAL,
binance:6582458248|confirm,binance,BTCUSDT,confirm,PRICING,False,2026-08-19,RESOLVED,2026-08-19,0,TIER1_NORMAL,
binance:6582458258|confirm,binance,BTCUSDT,confirm,TIMING,True,2026-08-19,RESOLVED,2026-08-19,0,TIER1_NORMAL,
binance:6582458299|confirm,binance,BTCUSDT,confirm,PRICING,False,2026-08-19,RESOLVED,2026-08-20,1,TIER1_NORMAL,
binance:6582458313|confirm,binance,BTCUSDT,confirm,PRICING,False,2026-08-19,RESOLVED,2026-08-19,0,TIER1_NORMAL,-0.00110477
binance:6582458382|clearing,binance,BTCUSDT,clearing,QUANTITY,False,2026-08-19,RESOLVED,2026-08-19,0,TIER1_NORMAL,-0.02737978
binance:6582458382|confirm,binance,BTCUSDT,confirm,REFERENCE_DATA,False,2026-08-19,RESOLVED,2026-08-21,2,TIER1_NORMAL,-0.02737978
binance:6582458411|clearing,binance,BTCUSDT,clearing,QUANTITY,False,2026-08-19,RESOLVED,2026-08-19,0,TIER1_NORMAL,
binance:6582458486|confirm,binance,BTCUSDT,confirm,PRICING,False,2026-08-19,RESOLVED,2026-08-19,0,TIER1_NORMAL,
binance:6582458521|confirm,binance,BTCUSDT,confirm,MISSING_RECORD,False,2026-08-19,RESOLVED,2026-08-21,2,TIER1_NORMAL,
binance:6582458523|clearing,binance,BTCUSDT,clearing,PRICING,False,2026-08-19,RESOLVED,2026-08-19,0,TIER1_NORMAL,
binance:6582458582|clearing,binance,BTCUSDT,clearing,QUANTITY,False,2026-08-19,RESOLVED,2026-08-20,1,TIER1_NORMAL,
binance:6582458587|confirm,binance,BTCUSDT,confirm,PRICING,False,2026-08-19,RESOLVED,2026-08-19,0,TIER1_NORMAL,0.00329806
binance:6582458592|clearing,binance,BTCUSDT,clearing,MISSING_RECORD,False,2026-08-19,RESOLVED,2026-08-21,2,TIER1_NORMAL,
binance:6582458620|confirm,binance,BTCUSDT,confirm,PRICING,False,2026-08-19,RESOLVED,2026-08-19,0,TIER1_NORMAL,
binance:6582458729|confirm,binance,BTCUSDT,confirm,REFERENCE_DATA,False,2026-08-19,RESOLVED,2026-08-20,1,TIER1_NORMAL,
binance:6582458732|confirm,binance,BTCUSDT,confirm,QUANTITY,False,2026-08-19,RESOLVED,2026-08-21,2,TIER1_NORMAL,
binance:6582458831|clearing,binance,BTCUSDT,clearing,MISSING_RECORD,False,2026-08-19,RESOLVED,2026-08-19,0,TIER1_NORMAL,
binance:6582458831|confirm,binance,BTCUSDT,confirm,PRICING,False,2026-08-19,RESOLVED,2026-08-19,0,TIER1_NORMAL,
binance:6582458834|clearing,binance,BTCUSDT,clearing,QUANTITY,False,2026-08-19,RESOLVED,2026-08-20,1,TIER1_NORMAL,
binance:6582458834|confirm,binance,BTCUSDT,confirm,MISSING_RECORD,False,2026-08-19,RESOLVED,2026-08-19,0,TIER1_NORMAL,
binance:6582458870|clearing,binance,BTCUSDT,clearing,TIMING,True,2026-08-19,RESOLVED,2026-08-20,1,TIER1_NORMAL,
binance:6582458875|confirm,binance,BTCUSDT,confirm,TIMING,True,2026-08-19,RESOLVED,2026-08-21,2,TIER1_NORMAL,
binance:6582458885|confirm,binance,BTCUSDT,confirm,QUANTITY,False,2026-08-19,RESOLVED,2026-08-19,0,TIER1_NORMAL,
binance:6582458887|clearing,binance,BTCUSDT,clearing,TIMING,True,2026-08-19,RESOLVED,2026-08-19,0,TIER1_NORMAL,
binance:6582458929|clearing,binance,BTCUSDT,clearing,QUANTITY,False,2026-08-19,RESOLVED,2026-08-21,2,TIER1_NORMAL,
binance:6582458940|confirm,binance,BTCUSDT,confirm,PRICING,False,2026-08-19,RESOLVED,2026-08-19,0,TIER1_NORMAL,
binance:6582458953|confirm,binance,BTCUSDT,confirm,MISSING_RECORD,False,2026-08-19,RESOLVED,2026-08-19,0,TIER1_NORMAL,
binance:6582458962|clearing,binance,BTCUSDT,clearing,TIMING,True,2026-08-19,RESOLVED,2026-08-19,0,TIER1_NORMAL,
binance:6582458964|confirm,binance,BTCUSDT,confirm,PRICING,False,2026-08-19,RESOLVED,2026-08-21,2,TIER1_NORMAL,
binance:6582458965|clearing,binance,BTCUSDT,clearing,PRICING,False,2026-08-19,RESOLVED,2026-08-21,2,TIER1_NORMAL,
binance:6582458978|clearing,binance,BTCUSDT,clearing,QUANTITY,False,2026-08-19,RESOLVED,2026-08-21,2,TIER1_NORMAL,
binance:6582458980|confirm,binance,BTCUSDT,confirm,TIMING,True,2026-08-19,RESOLVED,2026-08-19,0,TIER1_NORMAL,
binance:6582458981|clearing,binance,BTCUSDT,clearing,QUANTITY,False,2026-08-19,RESOLVED,2026-08-19,0,TIER1_NORMAL,
binance:6582459018|confirm,binance,BTCUSDT,confirm,PRICING,False,2026-08-19,RESOLVED,2026-08-19,0,TIER1_NORMAL,
binance:6582459055|confirm,binance,BTCUSDT,confirm,TIMING,True,2026-08-19,RESOLVED,2026-08-21,2,TIER1_NORMAL,
binance:6582459065|confirm,binance,BTCUSDT,confirm,PRICING,False,2026-08-19,RESOLVED,2026-08-19,0,TIER1_NORMAL,
binance:6582459075|clearing,binance,BTCUSDT,clearing,REFERENCE_DATA,False,2026-08-19,RESOLVED,2026-08-19,0,TIER1_NORMAL,0.00455097
binance:6582459078|clearing,binance,BTCUSDT,clearing,QUANTITY,False,2026-08-19,RESOLVED,2026-08-20,1,TIER1_NORMAL,
binance:6582459083|confirm,binance,BTCUSDT,confirm,MISSING_RECORD,False,2026-08-19,RESOLVED,2026-08-19,0,TIER1_NORMAL,
binance:6582459088|clearing,binance,BTCUSDT,clearing,MISSING_RECORD,False,2026-08-19,RESOLVED,2026-08-20,1,TIER1_NORMAL,
binance:6582459088|confirm,binance,BTCUSDT,confirm,REFERENCE_DATA,False,2026-08-19,RESOLVED,2026-08-21,2,TIER1_NORMAL,
binance:6582459094|clearing,binance,BTCUSDT,clearing,QUANTITY,False,2026-08-19,RESOLVED,2026-08-20,1,TIER1_NORMAL,
binance:6582459103|clearing,binance,BTCUSDT,clearing,PRICING,False,2026-08-19,RESOLVED,2026-08-19,0,TIER1_NORMAL,
binance:6582459126|confirm,binance,BTCUSDT,confirm,QUANTITY,False,2026-08-19,RESOLVED,2026-08-21,2,TIER1_NORMAL,
binance:6582459133|clearing,binance,BTCUSDT,clearing,PRICING,False,2026-08-19,RESOLVED,2026-08-19,0,TIER1_NORMAL,
binance:6582459134|clearing,binance,BTCUSDT,clearing,QUANTITY,False,2026-08-19,RESOLVED,2026-08-19,0,TIER1_NORMAL,
binance:6582459147|clearing,binance,BTCUSDT,clearing,MISSING_RECORD,False,2026-08-19,RESOLVED,2026-08-21,2,TIER1_NORMAL,
binance:6582459178|confirm,binance,BTCUSDT,confirm,TIMING,True,2026-08-19,RESOLVED,2026-08-19,0,TIER1_NORMAL,1.42482222
binance:6582459201|clearing,binance,BTCUSDT,clearing,TIMING,True,2026-08-19,RESOLVED,2026-08-20,1,TIER1_NORMAL,
binance:6582459202|clearing,binance,BTCUSDT,clearing,PRICING,False,2026-08-19,RESOLVED,2026-08-21,2,TIER1_NORMAL,
binance:6582459204|clearing,binance,BTCUSDT,clearing,MISSING_RECORD,False,2026-08-19,RESOLVED,2026-08-21,2,TIER1_NORMAL,
binance:6582459214|clearing,binance,BTCUSDT,clearing,REFERENCE_DATA,False,2026-08-19,RESOLVED,2026-08-21,2,TIER1_NORMAL,
binance:6582459221|clearing,binance,BTCUSDT,clearing,PRICING,False,2026-08-19,RESOLVED,2026-08-19,0,TIER1_NORMAL,
binance:6582459221|confirm,binance,BTCUSDT,confirm,QUANTITY,False,2026-08-19,RESOLVED,2026-08-21,2,TIER1_NORMAL,
binance:6582459222|clearing,binance,BTCUSDT,clearing,TIMING,True,2026-08-19,RESOLVED,2026-08-20,1,TIER1_NORMAL,
binance:6582459227|confirm,binance,BTCUSDT,confirm,PRICING,False,2026-08-19,RESOLVED,2026-08-19,0,TIER1_NORMAL,
binance:6582459240|confirm,binance,BTCUSDT,confirm,QUANTITY,False,2026-08-19,RESOLVED,2026-08-19,0,TIER1_NORMAL,
binance:6582459268|confirm,binance,BTCUSDT,confirm,QUANTITY,False,2026-08-19,RESOLVED,2026-08-20,1,TIER1_NORMAL,0.00109867
binance:6582459281|clearing,binance,BTCUSDT,clearing,PRICING,False,2026-08-19,RESOLVED,2026-08-21,2,TIER1_NORMAL,
binance:6582459285|clearing,binance,BTCUSDT,clearing,PRICING,False,2026-08-19,RESOLVED,2026-08-21,2,TIER1_NORMAL,
binance:6582459324|clearing,binance,BTCUSDT,clearing,QUANTITY,False,2026-08-19,RESOLVED,2026-08-19,0,TIER1_NORMAL,
binance:6582459324|confirm,binance,BTCUSDT,confirm,PRICING,False,2026-08-19,RESOLVED,2026-08-19,0,TIER1_NORMAL,
binance:6582459362|clearing,binance,BTCUSDT,clearing,QUANTITY,False,2026-08-19,RESOLVED,2026-08-19,0,TIER1_NORMAL,
binance:6582459369|clearing,binance,BTCUSDT,clearing,PRICING,False,2026-08-19,RESOLVED,2026-08-19,0,TIER1_NORMAL,0.12806928
binance:6582459434|clearing,binance,BTCUSDT,clearing,QUANTITY,False,2026-08-19,RESOLVED,2026-08-19,0,TIER1_NORMAL,
binance:6582459434|confirm,binance,BTCUSDT,confirm,MISSING_RECORD,False,2026-08-19,RESOLVED,2026-08-19,0,TIER1_NORMAL,
binance:6582459451|clearing,binance,BTCUSDT,clearing,PRICING,False,2026-08-19,RESOLVED,2026-08-19,0,TIER1_NORMAL,
binance:6582459479|confirm,binance,BTCUSDT,confirm,MISSING_RECORD,False,2026-08-19,RESOLVED,2026-08-21,2,TIER1_NORMAL,
binance:6582459487|clearing,binance,BTCUSDT,clearing,QUANTITY,False,2026-08-19,RESOLVED,2026-08-20,1,TIER1_NORMAL,0.13730742
binance:6582459514|confirm,binance,BTCUSDT,confirm,QUANTITY,False,2026-08-19,RESOLVED,2026-08-19,0,TIER1_NORMAL,
binance:6582459526|confirm,binance,BTCUSDT,confirm,QUANTITY,False,2026-08-19,RESOLVED,2026-08-19,0,TIER1_NORMAL,
binance:6582459527|clearing,binance,BTCUSDT,clearing,TIMING,True,2026-08-19,RESOLVED,2026-08-20,1,TIER1_NORMAL,
binance:6582459545|clearing,binance,BTCUSDT,clearing,PRICING,False,2026-08-19,RESOLVED,2026-08-19,0,TIER1_NORMAL,
binance:6582459565|clearing,binance,BTCUSDT,clearing,QUANTITY,False,2026-08-19,RESOLVED,2026-08-19,0,TIER1_NORMAL,
binance:6582459568|clearing,binance,BTCUSDT,clearing,TIMING,True,2026-08-19,RESOLVED,2026-08-21,2,TIER1_NORMAL,
binance:6582459578|clearing,binance,BTCUSDT,clearing,PRICING,False,2026-08-19,RESOLVED,2026-08-19,0,TIER1_NORMAL,
binance:6582459585|clearing,binance,BTCUSDT,clearing,TIMING,True,2026-08-19,RESOLVED,2026-08-19,0,TIER1_NORMAL,
binance:6582459632|clearing,binance,BTCUSDT,clearing,QUANTITY,False,2026-08-19,RESOLVED,2026-08-19,0,TIER1_NORMAL,
binance:6582459632|confirm,binance,BTCUSDT,confirm,TIMING,True,2026-08-19,RESOLVED,2026-08-19,0,TIER1_NORMAL,
binance:6582459637|confirm,binance,BTCUSDT,confirm,TIMING,True,2026-08-19,RESOLVED,2026-08-21,2,TIER1_NORMAL,
binance:6582459668|confirm,binance,BTCUSDT,confirm,PRICING,False,2026-08-19,RESOLVED,2026-08-19,0,TIER1_NORMAL,
binance:6582459700|confirm,binance,BTCUSDT,confirm,TIMING,True,2026-08-19,RESOLVED,2026-08-19,0,TIER1_NORMAL,
binance:6582459703|clearing,binance,BTCUSDT,clearing,TIMING,True,2026-08-19,RESOLVED,2026-08-20,1,TIER1_NORMAL,
binance:6582459722|clearing,binance,BTCUSDT,clearing,QUANTITY,False,2026-08-19,RESOLVED,2026-08-19,0,TIER1_NORMAL,
binance:6582459750|clearing,binance,BTCUSDT,clearing,QUANTITY,False,2026-08-19,RESOLVED,2026-08-19,0,TIER1_NORMAL,
binance:6582459760|clearing,binance,BTCUSDT,clearing,TIMING,True,2026-08-19,RESOLVED,2026-08-21,2,TIER1_NORMAL,
binance:6582459767|confirm,binance,BTCUSDT,confirm,QUANTITY,False,2026-08-19,RESOLVED,2026-08-20,1,TIER1_NORMAL,
binance:6582459778|confirm,binance,BTCUSDT,confirm,REFERENCE_DATA,False,2026-08-19,RESOLVED,2026-08-20,1,TIER1_NORMAL,
binance:6582459818|clearing,binance,BTCUSDT,clearing,PRICING,False,2026-08-19,RESOLVED,2026-08-19,0,TIER1_NORMAL,
binance:6582459858|clearing,binance,BTCUSDT,clearing,TIMING,True,2026-08-19,RESOLVED,2026-08-20,1,TIER1_NORMAL,
binance:6582459859|clearing,binance,BTCUSDT,clearing,PRICING,False,2026-08-19,RESOLVED,2026-08-19,0,TIER1_NORMAL,
binance:6582459937|clearing,binance,BTCUSDT,clearing,PRICING,False,2026-08-19,RESOLVED,2026-08-21,2,TIER1_NORMAL,
binance:6582459991|clearing,binance,BTCUSDT,clearing,PRICING,False,2026-08-19,RESOLVED,2026-08-20,1,TIER1_NORMAL,
binance:6582459998|clearing,binance,BTCUSDT,clearing,PRICING,False,2026-08-19,RESOLVED,2026-08-19,0,TIER1_NORMAL,
binance:6582460033|confirm,binance,BTCUSDT,confirm,TIMING,True,2026-08-19,RESOLVED,2026-08-19,0,TIER1_NORMAL,
binance:6582460048|confirm,binance,BTCUSDT,confirm,REFERENCE_DATA,False,2026-08-19,RESOLVED,2026-08-19,0,TIER1_NORMAL,
binance:6582460051|confirm,binance,BTCUSDT,confirm,MISSING_RECORD,False,2026-08-19,RESOLVED,2026-08-19,0,TIER1_NORMAL,
binance:6582460066|clearing,binance,BTCUSDT,clearing,QUANTITY,False,2026-08-19,RESOLVED,2026-08-20,1,TIER1_NORMAL,
binance:6582460101|confirm,binance,BTCUSDT,confirm,MISSING_RECORD,False,2026-08-19,RESOLVED,2026-08-21,2,TIER1_NORMAL,
binance:6582460102|confirm,binance,BTCUSDT,confirm,MISSING_RECORD,False,2026-08-19,RESOLVED,2026-08-20,1,TIER1_NORMAL,
binance:6582460117|confirm,binance,BTCUSDT,confirm,QUANTITY,False,2026-08-19,RESOLVED,2026-08-19,0,TIER1_NORMAL,
binance:6582460153|clearing,binance,BTCUSDT,clearing,PRICING,False,2026-08-19,RESOLVED,2026-08-19,0,TIER1_NORMAL,
binance:6582460172|confirm,binance,BTCUSDT,confirm,TIMING,True,2026-08-19,RESOLVED,2026-08-20,1,TIER1_NORMAL,
binance:6582460200|clearing,binance,BTCUSDT,clearing,MISSING_RECORD,False,2026-08-19,RESOLVED,2026-08-19,0,TIER1_NORMAL,
binance:6582460206|confirm,binance,BTCUSDT,confirm,REFERENCE_DATA,False,2026-08-19,RESOLVED,2026-08-21,2,TIER1_NORMAL,0.00337144
binance:6582460228|clearing,binance,BTCUSDT,clearing,QUANTITY,False,2026-08-19,RESOLVED,2026-08-19,0,TIER1_NORMAL,
binance:6582460230|clearing,binance,BTCUSDT,clearing,TIMING,True,2026-08-19,RESOLVED,2026-08-19,0,TIER1_NORMAL,
binance:6582460242|clearing,binance,BTCUSDT,clearing,REFERENCE_DATA,False,2026-08-19,RESOLVED,2026-08-21,2,TIER1_NORMAL,
binance:6582460243|confirm,binance,BTCUSDT,confirm,QUANTITY,False,2026-08-19,RESOLVED,2026-08-19,0,TIER1_NORMAL,
binance:6582460247|clearing,binance,BTCUSDT,clearing,MISSING_RECORD,False,2026-08-19,RESOLVED,2026-08-19,0,TIER1_NORMAL,
binance:6582460253|confirm,binance,BTCUSDT,confirm,MISSING_RECORD,False,2026-08-19,RESOLVED,2026-08-20,1,TIER1_NORMAL,
binance:6582460275|clearing,binance,BTCUSDT,clearing,PRICING,False,2026-08-19,RESOLVED,2026-08-19,0,TIER1_NORMAL,
binance:6582460278|confirm,binance,BTCUSDT,confirm,REFERENCE_DATA,False,2026-08-19,RESOLVED,2026-08-21,2,TIER1_NORMAL,
binance:6582460286|confirm,binance,BTCUSDT,confirm,MISSING_RECORD,False,2026-08-19,RESOLVED,2026-08-19,0,TIER1_NORMAL,
binance:6582460330|clearing,binance,BTCUSDT,clearing,TIMING,False,2026-08-19,RESOLVED,2026-08-19,0,TIER1_NORMAL,
binance:6582460330|confirm,binance,BTCUSDT,confirm,MISSING_RECORD,False,2026-08-19,RESOLVED,2026-08-19,0,TIER1_NORMAL,
binance:6582460332|clearing,binance,BTCUSDT,clearing,QUANTITY,False,2026-08-19,RESOLVED,2026-08-21,2,TIER1_NORMAL,
binance:6582460332|confirm,binance,BTCUSDT,confirm,QUANTITY,False,2026-08-19,RESOLVED,2026-08-19,0,TIER1_NORMAL,
binance:6582460335|confirm,binance,BTCUSDT,confirm,PRICING,False,2026-08-19,RESOLVED,2026-08-19,0,TIER1_NORMAL,
binance:6582460339|confirm,binance,BTCUSDT,confirm,REFERENCE_DATA,False,2026-08-19,RESOLVED,2026-08-19,0,TIER1_NORMAL,
binance:6582460351|confirm,binance,BTCUSDT,confirm,TIMING,True,2026-08-19,RESOLVED,2026-08-19,0,TIER1_NORMAL,
binance:6582460400|clearing,binance,BTCUSDT,clearing,PRICING,False,2026-08-19,RESOLVED,2026-08-19,0,TIER1_NORMAL,
binance:6582460409|clearing,binance,BTCUSDT,clearing,MISSING_RECORD,False,2026-08-19,RESOLVED,2026-08-21,2,TIER1_NORMAL,
binance:6582460410|clearing,binance,BTCUSDT,clearing,PRICING,False,2026-08-19,RESOLVED,2026-08-19,0,TIER1_NORMAL,
binance:6582460437|clearing,binance,BTCUSDT,clearing,TIMING,False,2026-08-19,RESOLVED,2026-08-20,1,TIER1_NORMAL,
binance:6582460437|confirm,binance,BTCUSDT,confirm,TIMING,True,2026-08-19,RESOLVED,2026-08-20,1,TIER1_NORMAL,
binance:6582460452|clearing,binance,BTCUSDT,clearing,QUANTITY,False,2026-08-19,RESOLVED,2026-08-19,0,TIER1_NORMAL,
binance:6582460467|confirm,binance,BTCUSDT,confirm,MISSING_RECORD,False,2026-08-19,RESOLVED,2026-08-21,2,TIER1_NORMAL,
binance:6582460477|confirm,binance,BTCUSDT,confirm,TIMING,True,2026-08-19,RESOLVED,2026-08-19,0,TIER1_NORMAL,
binance:6582460523|clearing,binance,BTCUSDT,clearing,PRICING,False,2026-08-19,RESOLVED,2026-08-19,0,TIER1_NORMAL,0.60103100
binance:6582460535|clearing,binance,BTCUSDT,clearing,REFERENCE_DATA,False,2026-08-19,RESOLVED,2026-08-20,1,TIER1_NORMAL,
binance:6582460602|clearing,binance,BTCUSDT,clearing,MISSING_RECORD,False,2026-08-19,RESOLVED,2026-08-21,2,TIER1_NORMAL,
binance:6582460621|clearing,binance,BTCUSDT,clearing,TIMING,True,2026-08-19,RESOLVED,2026-08-20,1,TIER1_NORMAL,
binance:6582460664|clearing,binance,BTCUSDT,clearing,TIMING,True,2026-08-19,RESOLVED,2026-08-19,0,TIER1_NORMAL,0.00219776
binance:6582460668|confirm,binance,BTCUSDT,confirm,MISSING_RECORD,False,2026-08-19,RESOLVED,2026-08-19,0,TIER1_NORMAL,
binance:6582460671|clearing,binance,BTCUSDT,clearing,MISSING_RECORD,False,2026-08-19,RESOLVED,2026-08-19,0,TIER1_NORMAL,
binance:6582460694|clearing,binance,BTCUSDT,clearing,REFERENCE_DATA,False,2026-08-19,RESOLVED,2026-08-20,1,TIER1_NORMAL,
binance:6582460695|confirm,binance,BTCUSDT,confirm,TIMING,True,2026-08-19,RESOLVED,2026-08-19,0,TIER1_NORMAL,
binance:6582460710|clearing,binance,BTCUSDT,clearing,TIMING,True,2026-08-19,RESOLVED,2026-08-19,0,TIER1_NORMAL,
binance:6582460715|confirm,binance,BTCUSDT,confirm,PRICING,False,2026-08-19,RESOLVED,2026-08-20,1,TIER1_NORMAL,
binance:6582460728|confirm,binance,BTCUSDT,confirm,TIMING,True,2026-08-19,RESOLVED,2026-08-21,2,TIER1_NORMAL,
binance:6582460729|confirm,binance,BTCUSDT,confirm,TIMING,True,2026-08-19,RESOLVED,2026-08-19,0,TIER1_NORMAL,
binance:6582460807|confirm,binance,BTCUSDT,confirm,QUANTITY,False,2026-08-19,RESOLVED,2026-08-19,0,TIER1_NORMAL,
binance:6582460830|clearing,binance,BTCUSDT,clearing,TIMING,True,2026-08-19,RESOLVED,2026-08-19,0,TIER1_NORMAL,
binance:6582460903|clearing,binance,BTCUSDT,clearing,TIMING,True,2026-08-19,RESOLVED,2026-08-21,2,TIER1_NORMAL,
binance:6582460903|confirm,binance,BTCUSDT,confirm,PRICING,False,2026-08-19,RESOLVED,2026-08-20,1,TIER1_NORMAL,
binance:6582460989|clearing,binance,BTCUSDT,clearing,TIMING,True,2026-08-19,RESOLVED,2026-08-19,0,TIER1_NORMAL,
binance:6582460989|confirm,binance,BTCUSDT,confirm,QUANTITY,False,2026-08-19,RESOLVED,2026-08-21,2,TIER1_NORMAL,
binance:6582461070|clearing,binance,BTCUSDT,clearing,MISSING_RECORD,False,2026-08-19,RESOLVED,2026-08-19,0,TIER1_NORMAL,
binance:6582461076|confirm,binance,BTCUSDT,confirm,MISSING_RECORD,False,2026-08-19,RESOLVED,2026-08-21,2,TIER1_NORMAL,
binance:6582461079|clearing,binance,BTCUSDT,clearing,TIMING,True,2026-08-19,RESOLVED,2026-08-20,1,TIER1_NORMAL,
binance:6582461082|confirm,binance,BTCUSDT,confirm,PRICING,False,2026-08-19,RESOLVED,2026-08-19,0,TIER1_NORMAL,
binance:6582461083|clearing,binance,BTCUSDT,clearing,PRICING,False,2026-08-19,RESOLVED,2026-08-19,0,TIER1_NORMAL,
binance:6582461105|confirm,binance,BTCUSDT,confirm,TIMING,True,2026-08-19,RESOLVED,2026-08-21,2,TIER1_NORMAL,
binance:6582461107|clearing,binance,BTCUSDT,clearing,PRICING,False,2026-08-19,RESOLVED,2026-08-20,1,TIER1_NORMAL,
binance:6582461110|clearing,binance,BTCUSDT,clearing,REFERENCE_DATA,False,2026-08-19,RESOLVED,2026-08-19,0,TIER1_NORMAL,
binance:6582461112|confirm,binance,BTCUSDT,confirm,QUANTITY,False,2026-08-19,RESOLVED,2026-08-19,0,TIER1_NORMAL,
binance:6582461117|clearing,binance,BTCUSDT,clearing,PRICING,False,2026-08-19,RESOLVED,2026-08-20,1,TIER1_NORMAL,
binance:6582461217|clearing,binance,BTCUSDT,clearing,MISSING_RECORD,False,2026-08-19,RESOLVED,2026-08-19,0,TIER1_NORMAL,
binance:6582461227|clearing,binance,BTCUSDT,clearing,QUANTITY,False,2026-08-19,RESOLVED,2026-08-19,0,TIER1_NORMAL,
binance:6582461271|clearing,binance,BTCUSDT,clearing,MISSING_RECORD,False,2026-08-19,RESOLVED,2026-08-20,1,TIER1_NORMAL,
binance:6582461271|confirm,binance,BTCUSDT,confirm,TIMING,True,2026-08-19,RESOLVED,2026-08-19,0,TIER1_NORMAL,
binance:6582461295|clearing,binance,BTCUSDT,clearing,TIMING,True,2026-08-19,RESOLVED,2026-08-21,2,TIER1_NORMAL,
binance:6582461324|clearing,binance,BTCUSDT,clearing,PRICING,False,2026-08-19,RESOLVED,2026-08-21,2,TIER1_NORMAL,
binance:6582461326|confirm,binance,BTCUSDT,confirm,MISSING_RECORD,False,2026-08-19,RESOLVED,2026-08-20,1,TIER1_NORMAL,
binance:6582461327|confirm,binance,BTCUSDT,confirm,QUANTITY,False,2026-08-19,RESOLVED,2026-08-19,0,TIER1_NORMAL,
binance:6582461330|clearing,binance,BTCUSDT,clearing,TIMING,True,2026-08-19,RESOLVED,2026-08-19,0,TIER1_NORMAL,
binance:6582461393|confirm,binance,BTCUSDT,confirm,PRICING,False,2026-08-19,RESOLVED,2026-08-20,1,TIER1_NORMAL,
binance:6582461396|clearing,binance,BTCUSDT,clearing,PRICING,False,2026-08-19,RESOLVED,2026-08-19,0,TIER1_NORMAL,
binance:6582461441|confirm,binance,BTCUSDT,confirm,MISSING_RECORD,False,2026-08-19,RESOLVED,2026-08-19,0,TIER1_NORMAL,
binance:6582461545|clearing,binance,BTCUSDT,clearing,QUANTITY,False,2026-08-19,RESOLVED,2026-08-21,2,TIER1_NORMAL,
binance:6582461557|clearing,binance,BTCUSDT,clearing,TIMING,True,2026-08-19,RESOLVED,2026-08-19,0,TIER1_NORMAL,
binance:6582461560|confirm,binance,BTCUSDT,confirm,PRICING,False,2026-08-19,RESOLVED,2026-08-20,1,TIER1_NORMAL,
binance:6582461562|clearing,binance,BTCUSDT,clearing,QUANTITY,False,2026-08-19,RESOLVED,2026-08-19,0,TIER1_NORMAL,
binance:6582461588|clearing,binance,BTCUSDT,clearing,QUANTITY,False,2026-08-19,RESOLVED,2026-08-20,1,TIER1_NORMAL,
binance:6582461588|confirm,binance,BTCUSDT,confirm,TIMING,True,2026-08-19,RESOLVED,2026-08-21,2,TIER1_NORMAL,
binance:6582461621|confirm,binance,BTCUSDT,confirm,TIMING,True,2026-08-19,RESOLVED,2026-08-21,2,TIER1_NORMAL,
binance:6582461622|confirm,binance,BTCUSDT,confirm,TIMING,True,2026-08-19,RESOLVED,2026-08-21,2,TIER1_NORMAL,
binance:6582461627|clearing,binance,BTCUSDT,clearing,TIMING,False,2026-08-19,RESOLVED,2026-08-19,0,TIER1_NORMAL,
binance:6582461656|clearing,binance,BTCUSDT,clearing,QUANTITY,False,2026-08-19,RESOLVED,2026-08-19,0,TIER1_NORMAL,
binance:6582461670|confirm,binance,BTCUSDT,confirm,QUANTITY,False,2026-08-19,RESOLVED,2026-08-20,1,TIER1_NORMAL,
binance:6582461674|clearing,binance,BTCUSDT,clearing,TIMING,True,2026-08-19,RESOLVED,2026-08-19,0,TIER1_NORMAL,
binance:6582461682|confirm,binance,BTCUSDT,confirm,PRICING,False,2026-08-19,RESOLVED,2026-08-19,0,TIER1_NORMAL,
binance:6582461685|confirm,binance,BTCUSDT,confirm,PRICING,False,2026-08-19,RESOLVED,2026-08-19,0,TIER1_NORMAL,
binance:6582461697|clearing,binance,BTCUSDT,clearing,MISSING_RECORD,False,2026-08-19,RESOLVED,2026-08-19,0,TIER1_NORMAL,
binance:6582461699|confirm,binance,BTCUSDT,confirm,TIMING,True,2026-08-19,RESOLVED,2026-08-19,0,TIER1_NORMAL,
binance:6582461705|confirm,binance,BTCUSDT,confirm,MISSING_RECORD,False,2026-08-19,RESOLVED,2026-08-21,2,TIER1_NORMAL,0.01210188
binance:6582461715|confirm,binance,BTCUSDT,confirm,MISSING_RECORD,False,2026-08-19,RESOLVED,2026-08-20,1,TIER1_NORMAL,
binance:6582461716|clearing,binance,BTCUSDT,clearing,QUANTITY,False,2026-08-19,RESOLVED,2026-08-19,0,TIER1_NORMAL,
binance:6582461716|confirm,binance,BTCUSDT,confirm,MISSING_RECORD,False,2026-08-19,RESOLVED,2026-08-21,2,TIER1_NORMAL,
binance:6582461718|confirm,binance,BTCUSDT,confirm,MISSING_RECORD,False,2026-08-19,RESOLVED,2026-08-19,0,TIER1_NORMAL,0.00167962
binance:6582461722|clearing,binance,BTCUSDT,clearing,PRICING,False,2026-08-19,RESOLVED,2026-08-19,0,TIER1_NORMAL,
binance:6582461730|confirm,binance,BTCUSDT,confirm,QUANTITY,False,2026-08-19,RESOLVED,2026-08-21,2,TIER1_NORMAL,
binance:6582461779|clearing,binance,BTCUSDT,clearing,REFERENCE_DATA,False,2026-08-19,RESOLVED,2026-08-20,1,TIER1_NORMAL,
binance:6582461783|confirm,binance,BTCUSDT,confirm,QUANTITY,False,2026-08-19,RESOLVED,2026-08-19,0,TIER1_NORMAL,
binance:6582461791|confirm,binance,BTCUSDT,confirm,MISSING_RECORD,False,2026-08-19,RESOLVED,2026-08-19,0,TIER1_NORMAL,
binance:6582461809|clearing,binance,BTCUSDT,clearing,MISSING_RECORD,False,2026-08-19,RESOLVED,2026-08-19,0,TIER1_NORMAL,
binance:6582461809|confirm,binance,BTCUSDT,confirm,TIMING,True,2026-08-19,RESOLVED,2026-08-19,0,TIER1_NORMAL,
binance:6582461842|clearing,binance,BTCUSDT,clearing,MISSING_RECORD,False,2026-08-19,RESOLVED,2026-08-19,0,TIER1_NORMAL,
binance:6582461854|confirm,binance,BTCUSDT,confirm,TIMING,True,2026-08-19,RESOLVED,2026-08-19,0,TIER1_NORMAL,
binance:6582461855|clearing,binance,BTCUSDT,clearing,MISSING_RECORD,False,2026-08-19,RESOLVED,2026-08-21,2,TIER1_NORMAL,
binance:6582461897|clearing,binance,BTCUSDT,clearing,MISSING_RECORD,False,2026-08-19,RESOLVED,2026-08-20,1,TIER1_NORMAL,
binance:6582461898|clearing,binance,BTCUSDT,clearing,PRICING,False,2026-08-19,RESOLVED,2026-08-19,0,TIER1_NORMAL,-0.00356230
binance:6582461943|confirm,binance,BTCUSDT,confirm,QUANTITY,False,2026-08-19,RESOLVED,2026-08-19,0,TIER1_NORMAL,
binance:6582461963|clearing,binance,BTCUSDT,clearing,TIMING,True,2026-08-19,RESOLVED,2026-08-19,0,TIER1_NORMAL,
binance:6582461983|clearing,binance,BTCUSDT,clearing,PRICING,False,2026-08-19,RESOLVED,2026-08-20,1,TIER1_NORMAL,
binance:6582461983|confirm,binance,BTCUSDT,confirm,REFERENCE_DATA,False,2026-08-19,RESOLVED,2026-08-19,0,TIER1_NORMAL,
binance:6582461997|clearing,binance,BTCUSDT,clearing,QUANTITY,False,2026-08-19,RESOLVED,2026-08-19,0,TIER1_NORMAL,
binance:6582461998|clearing,binance,BTCUSDT,clearing,REFERENCE_DATA,False,2026-08-19,RESOLVED,2026-08-20,1,TIER1_NORMAL,
binance:6582462041|clearing,binance,BTCUSDT,clearing,QUANTITY,False,2026-08-19,RESOLVED,2026-08-20,1,TIER1_NORMAL,
binance:6582462095|confirm,binance,BTCUSDT,confirm,PRICING,False,2026-08-19,RESOLVED,2026-08-19,0,TIER1_NORMAL,
binance:6582462140|clearing,binance,BTCUSDT,clearing,PRICING,False,2026-08-19,RESOLVED,2026-08-19,0,TIER1_NORMAL,
binance:6582462146|clearing,binance,BTCUSDT,clearing,TIMING,True,2026-08-19,RESOLVED,2026-08-19,0,TIER1_NORMAL,
binance:6582462166|clearing,binance,BTCUSDT,clearing,PRICING,False,2026-08-19,RESOLVED,2026-08-21,2,TIER1_NORMAL,
binance:6582462175|clearing,binance,BTCUSDT,clearing,TIMING,True,2026-08-19,RESOLVED,2026-08-21,2,TIER1_NORMAL,
binance:6582462194|clearing,binance,BTCUSDT,clearing,MISSING_RECORD,False,2026-08-19,RESOLVED,2026-08-19,0,TIER1_NORMAL,
binance:6582462207|clearing,binance,BTCUSDT,clearing,PRICING,False,2026-08-19,RESOLVED,2026-08-20,1,TIER1_NORMAL,
binance:6582462236|clearing,binance,BTCUSDT,clearing,MISSING_RECORD,False,2026-08-19,RESOLVED,2026-08-21,2,TIER1_NORMAL,
binance:6582462285|clearing,binance,BTCUSDT,clearing,PRICING,False,2026-08-19,RESOLVED,2026-08-20,1,TIER1_NORMAL,
binance:6582462343|clearing,binance,BTCUSDT,clearing,PRICING,False,2026-08-19,RESOLVED,2026-08-19,0,TIER1_NORMAL,
binance:6582462380|clearing,binance,BTCUSDT,clearing,PRICING,False,2026-08-19,RESOLVED,2026-08-19,0,TIER1_NORMAL,
binance:6582462384|clearing,binance,BTCUSDT,clearing,PRICING,False,2026-08-19,RESOLVED,2026-08-19,0,TIER1_NORMAL,
binance:6582462385|clearing,binance,BTCUSDT,clearing,MISSING_RECORD,False,2026-08-19,RESOLVED,2026-08-19,0,TIER1_NORMAL,
binance:6582462397|clearing,binance,BTCUSDT,clearing,PRICING,False,2026-08-19,RESOLVED,2026-08-21,2,TIER1_NORMAL,
binance:6582462398|confirm,binance,BTCUSDT,confirm,REFERENCE_DATA,False,2026-08-19,RESOLVED,2026-08-19,0,TIER1_NORMAL,
binance:6582462419|confirm,binance,BTCUSDT,confirm,MISSING_RECORD,False,2026-08-19,RESOLVED,2026-08-19,0,TIER1_NORMAL,
binance:6582462422|clearing,binance,BTCUSDT,clearing,MISSING_RECORD,False,2026-08-19,RESOLVED,2026-08-20,1,TIER1_NORMAL,
binance:6582462433|confirm,binance,BTCUSDT,confirm,QUANTITY,False,2026-08-19,RESOLVED,2026-08-21,2,TIER1_NORMAL,
binance:6582462434|clearing,binance,BTCUSDT,clearing,TIMING,True,2026-08-19,RESOLVED,2026-08-19,0,TIER1_NORMAL,
binance:6582462435|clearing,binance,BTCUSDT,clearing,PRICING,False,2026-08-19,RESOLVED,2026-08-19,0,TIER1_NORMAL,0.03996173
binance:6582462436|confirm,binance,BTCUSDT,confirm,QUANTITY,False,2026-08-19,RESOLVED,2026-08-19,0,TIER1_NORMAL,
binance:6582462437|confirm,binance,BTCUSDT,confirm,MISSING_RECORD,False,2026-08-19,RESOLVED,2026-08-19,0,TIER1_NORMAL,
binance:6582462438|clearing,binance,BTCUSDT,clearing,PRICING,False,2026-08-19,RESOLVED,2026-08-19,0,TIER1_NORMAL,
binance:6582462457|clearing,binance,BTCUSDT,clearing,PRICING,False,2026-08-19,RESOLVED,2026-08-19,0,TIER1_NORMAL,
binance:6582462466|clearing,binance,BTCUSDT,clearing,REFERENCE_DATA,False,2026-08-19,RESOLVED,2026-08-19,0,TIER1_NORMAL,
binance:6582462471|confirm,binance,BTCUSDT,confirm,PRICING,False,2026-08-19,RESOLVED,2026-08-21,2,TIER1_NORMAL,
binance:6582462540|clearing,binance,BTCUSDT,clearing,QUANTITY,False,2026-08-19,RESOLVED,2026-08-20,1,TIER1_NORMAL,
binance:6582462542|clearing,binance,BTCUSDT,clearing,TIMING,True,2026-08-19,RESOLVED,2026-08-19,0,TIER1_NORMAL,
binance:6582462543|clearing,binance,BTCUSDT,clearing,TIMING,True,2026-08-19,RESOLVED,2026-08-21,2,TIER1_NORMAL,
binance:6582462572|confirm,binance,BTCUSDT,confirm,MISSING_RECORD,False,2026-08-19,RESOLVED,2026-08-20,1,TIER1_NORMAL,
binance:6582462590|clearing,binance,BTCUSDT,clearing,PRICING,False,2026-08-19,RESOLVED,2026-08-19,0,TIER1_NORMAL,
binance:6582462599|confirm,binance,BTCUSDT,confirm,PRICING,False,2026-08-19,RESOLVED,2026-08-21,2,TIER1_NORMAL,
binance:6582462625|confirm,binance,BTCUSDT,confirm,TIMING,True,2026-08-19,RESOLVED,2026-08-19,0,TIER1_NORMAL,
binance:6582462636|confirm,binance,BTCUSDT,confirm,QUANTITY,False,2026-08-19,RESOLVED,2026-08-21,2,TIER1_NORMAL,
binance:6582462641|clearing,binance,BTCUSDT,clearing,MISSING_RECORD,False,2026-08-19,RESOLVED,2026-08-19,0,TIER1_NORMAL,
binance:6582462659|clearing,binance,BTCUSDT,clearing,PRICING,False,2026-08-19,RESOLVED,2026-08-21,2,TIER1_NORMAL,
binance:6582462675|confirm,binance,BTCUSDT,confirm,QUANTITY,False,2026-08-19,RESOLVED,2026-08-19,0,TIER1_NORMAL,
binance:6582462702|clearing,binance,BTCUSDT,clearing,TIMING,True,2026-08-19,RESOLVED,2026-08-21,2,TIER1_NORMAL,
binance:6582462722|confirm,binance,BTCUSDT,confirm,REFERENCE_DATA,False,2026-08-19,RESOLVED,2026-08-21,2,TIER1_NORMAL,
binance:6582462723|clearing,binance,BTCUSDT,clearing,MISSING_RECORD,False,2026-08-19,RESOLVED,2026-08-19,0,TIER1_NORMAL,
binance:6582462727|clearing,binance,BTCUSDT,clearing,REFERENCE_DATA,False,2026-08-19,RESOLVED,2026-08-19,0,TIER1_NORMAL,0.00287638
binance:6582462737|clearing,binance,BTCUSDT,clearing,TIMING,True,2026-08-19,RESOLVED,2026-08-19,0,TIER1_NORMAL,
binance:6582462749|clearing,binance,BTCUSDT,clearing,TIMING,True,2026-08-19,RESOLVED,2026-08-19,0,TIER1_NORMAL,
binance:6582462752|clearing,binance,BTCUSDT,clearing,MISSING_RECORD,False,2026-08-19,RESOLVED,2026-08-19,0,TIER1_NORMAL,
binance:6582462775|confirm,binance,BTCUSDT,confirm,TIMING,True,2026-08-19,RESOLVED,2026-08-21,2,TIER1_NORMAL,
binance:6582462782|clearing,binance,BTCUSDT,clearing,TIMING,True,2026-08-19,RESOLVED,2026-08-20,1,TIER1_NORMAL,
binance:6582462788|clearing,binance,BTCUSDT,clearing,PRICING,False,2026-08-19,RESOLVED,2026-08-20,1,TIER1_NORMAL,
binance:6582462794|confirm,binance,BTCUSDT,confirm,QUANTITY,False,2026-08-19,RESOLVED,2026-08-19,0,TIER1_NORMAL,
binance:6582462807|confirm,binance,BTCUSDT,confirm,MISSING_RECORD,False,2026-08-19,RESOLVED,2026-08-20,1,TIER1_NORMAL,
binance:6582462877|confirm,binance,BTCUSDT,confirm,QUANTITY,False,2026-08-19,RESOLVED,2026-08-20,1,TIER1_NORMAL,
binance:6582462913|confirm,binance,BTCUSDT,confirm,MISSING_RECORD,False,2026-08-19,RESOLVED,2026-08-20,1,TIER1_NORMAL,
binance:6582462961|confirm,binance,BTCUSDT,confirm,QUANTITY,False,2026-08-19,RESOLVED,2026-08-19,0,TIER1_NORMAL,
binance:6582462964|clearing,binance,BTCUSDT,clearing,PRICING,False,2026-08-19,RESOLVED,2026-08-19,0,TIER1_NORMAL,
binance:6582463084|confirm,binance,BTCUSDT,confirm,TIMING,True,2026-08-19,RESOLVED,2026-08-20,1,TIER1_NORMAL,
binance:6582463089|clearing,binance,BTCUSDT,clearing,REFERENCE_DATA,False,2026-08-19,RESOLVED,2026-08-20,1,TIER1_NORMAL,
binance:6582463132|confirm,binance,BTCUSDT,confirm,MISSING_RECORD,False,2026-08-19,RESOLVED,2026-08-19,0,TIER1_NORMAL,
binance:6582463135|confirm,binance,BTCUSDT,confirm,PRICING,False,2026-08-19,RESOLVED,2026-08-20,1,TIER1_NORMAL,0.01863625
binance:6582463196|clearing,binance,BTCUSDT,clearing,TIMING,True,2026-08-19,RESOLVED,2026-08-20,1,TIER1_NORMAL,
binance:6582463202|clearing,binance,BTCUSDT,clearing,PRICING,False,2026-08-19,RESOLVED,2026-08-19,0,TIER1_NORMAL,
binance:6582463209|confirm,binance,BTCUSDT,confirm,QUANTITY,False,2026-08-19,RESOLVED,2026-08-21,2,TIER1_NORMAL,
binance:6582463225|confirm,binance,BTCUSDT,confirm,PRICING,False,2026-08-19,RESOLVED,2026-08-20,1,TIER1_NORMAL,
binance:6582463263|confirm,binance,BTCUSDT,confirm,TIMING,True,2026-08-19,RESOLVED,2026-08-21,2,TIER1_NORMAL,
binance:6582463266|clearing,binance,BTCUSDT,clearing,REFERENCE_DATA,False,2026-08-19,RESOLVED,2026-08-21,2,TIER1_NORMAL,
binance:6582463394|confirm,binance,BTCUSDT,confirm,PRICING,False,2026-08-19,RESOLVED,2026-08-19,0,TIER1_NORMAL,
binance:6582463396|clearing,binance,BTCUSDT,clearing,MISSING_RECORD,False,2026-08-19,RESOLVED,2026-08-20,1,TIER1_NORMAL,
binance:6582463507|clearing,binance,BTCUSDT,clearing,QUANTITY,False,2026-08-19,RESOLVED,2026-08-19,0,TIER1_NORMAL,
binance:6582463543|confirm,binance,BTCUSDT,confirm,REFERENCE_DATA,False,2026-08-19,RESOLVED,2026-08-19,0,TIER1_NORMAL,
binance:6582463570|clearing,binance,BTCUSDT,clearing,TIMING,True,2026-08-19,RESOLVED,2026-08-21,2,TIER1_NORMAL,
binance:6582463578|clearing,binance,BTCUSDT,clearing,TIMING,True,2026-08-19,RESOLVED,2026-08-19,0,TIER1_NORMAL,
binance:6582463581|clearing,binance,BTCUSDT,clearing,PRICING,False,2026-08-19,RESOLVED,2026-08-21,2,TIER1_NORMAL,
binance:6582463624|confirm,binance,BTCUSDT,confirm,TIMING,True,2026-08-19,RESOLVED,2026-08-19,0,TIER1_NORMAL,
binance:6582463626|clearing,binance,BTCUSDT,clearing,REFERENCE_DATA,False,2026-08-19,RESOLVED,2026-08-19,0,TIER1_NORMAL,
binance:6582463631|clearing,binance,BTCUSDT,clearing,PRICING,False,2026-08-19,RESOLVED,2026-08-19,0,TIER1_NORMAL,
binance:6582463636|confirm,binance,BTCUSDT,confirm,PRICING,False,2026-08-19,RESOLVED,2026-08-20,1,TIER1_NORMAL,
binance:6582463650|clearing,binance,BTCUSDT,clearing,MISSING_RECORD,False,2026-08-19,RESOLVED,2026-08-19,0,TIER1_NORMAL,
binance:6582463662|confirm,binance,BTCUSDT,confirm,REFERENCE_DATA,False,2026-08-19,RESOLVED,2026-08-19,0,TIER1_NORMAL,
binance:6582463663|clearing,binance,BTCUSDT,clearing,TIMING,True,2026-08-19,RESOLVED,2026-08-21,2,TIER1_NORMAL,
binance:6582463664|clearing,binance,BTCUSDT,clearing,TIMING,True,2026-08-19,RESOLVED,2026-08-19,0,TIER1_NORMAL,
binance:6582463768|clearing,binance,BTCUSDT,clearing,QUANTITY,False,2026-08-19,RESOLVED,2026-08-19,0,TIER1_NORMAL,
binance:6582463824|confirm,binance,BTCUSDT,confirm,MISSING_RECORD,False,2026-08-19,RESOLVED,2026-08-19,0,TIER1_NORMAL,
binance:6582463830|clearing,binance,BTCUSDT,clearing,TIMING,True,2026-08-19,RESOLVED,2026-08-20,1,TIER1_NORMAL,
binance:6582463918|clearing,binance,BTCUSDT,clearing,TIMING,False,2026-08-19,RESOLVED,2026-08-20,1,TIER1_NORMAL,
binance:6582463918|confirm,binance,BTCUSDT,confirm,TIMING,True,2026-08-19,RESOLVED,2026-08-19,0,TIER1_NORMAL,
binance:6582463926|clearing,binance,BTCUSDT,clearing,MISSING_RECORD,False,2026-08-19,RESOLVED,2026-08-19,0,TIER1_NORMAL,-0.00154802
binance:6582463935|confirm,binance,BTCUSDT,confirm,TIMING,True,2026-08-19,RESOLVED,2026-08-21,2,TIER1_NORMAL,
binance:6582463936|confirm,binance,BTCUSDT,confirm,MISSING_RECORD,False,2026-08-19,RESOLVED,2026-08-19,0,TIER1_NORMAL,
binance:6582463938|confirm,binance,BTCUSDT,confirm,QUANTITY,False,2026-08-19,RESOLVED,2026-08-20,1,TIER1_NORMAL,
binance:6582463948|clearing,binance,BTCUSDT,clearing,PRICING,False,2026-08-19,RESOLVED,2026-08-20,1,TIER1_NORMAL,
binance:6582463962|clearing,binance,BTCUSDT,clearing,MISSING_RECORD,False,2026-08-19,RESOLVED,2026-08-19,0,TIER1_NORMAL,
binance:6582463984|clearing,binance,BTCUSDT,clearing,QUANTITY,False,2026-08-19,RESOLVED,2026-08-21,2,TIER1_NORMAL,
binance:6582464026|confirm,binance,BTCUSDT,confirm,PRICING,False,2026-08-19,RESOLVED,2026-08-20,1,TIER1_NORMAL,
binance:6582464030|confirm,binance,BTCUSDT,confirm,MISSING_RECORD,False,2026-08-19,RESOLVED,2026-08-19,0,TIER1_NORMAL,
binance:6582464034|confirm,binance,BTCUSDT,confirm,QUANTITY,False,2026-08-19,RESOLVED,2026-08-21,2,TIER1_NORMAL,
binance:6582464043|confirm,binance,BTCUSDT,confirm,PRICING,False,2026-08-19,RESOLVED,2026-08-21,2,TIER1_NORMAL,
binance:6582464049|clearing,binance,BTCUSDT,clearing,PRICING,False,2026-08-19,RESOLVED,2026-08-19,0,TIER1_NORMAL,
binance:6582464049|confirm,binance,BTCUSDT,confirm,QUANTITY,False,2026-08-19,RESOLVED,2026-08-19,0,TIER1_NORMAL,
binance:6582464051|confirm,binance,BTCUSDT,confirm,TIMING,True,2026-08-19,RESOLVED,2026-08-19,0,TIER1_NORMAL,
binance:6582464058|confirm,binance,BTCUSDT,confirm,PRICING,False,2026-08-19,RESOLVED,2026-08-19,0,TIER1_NORMAL,
binance:6582464101|confirm,binance,BTCUSDT,confirm,QUANTITY,False,2026-08-19,RESOLVED,2026-08-19,0,TIER1_NORMAL,
binance:6582464109|confirm,binance,BTCUSDT,confirm,PRICING,False,2026-08-19,RESOLVED,2026-08-19,0,TIER1_NORMAL,
binance:6582464113|clearing,binance,BTCUSDT,clearing,QUANTITY,False,2026-08-19,RESOLVED,2026-08-20,1,TIER1_NORMAL,
binance:6582464116|clearing,binance,BTCUSDT,clearing,QUANTITY,False,2026-08-19,RESOLVED,2026-08-21,2,TIER1_NORMAL,
binance:6582464119|confirm,binance,BTCUSDT,confirm,TIMING,True,2026-08-19,RESOLVED,2026-08-19,0,TIER1_NORMAL,
binance:6582464167|clearing,binance,BTCUSDT,clearing,MISSING_RECORD,False,2026-08-19,RESOLVED,2026-08-20,1,TIER1_NORMAL,0.00069657
binance:6582464181|confirm,binance,BTCUSDT,confirm,QUANTITY,False,2026-08-19,RESOLVED,2026-08-20,1,TIER1_NORMAL,
binance:6582464186|clearing,binance,BTCUSDT,clearing,MISSING_RECORD,False,2026-08-19,RESOLVED,2026-08-19,0,TIER1_NORMAL,
binance:6582464186|confirm,binance,BTCUSDT,confirm,PRICING,False,2026-08-19,RESOLVED,2026-08-20,1,TIER1_NORMAL,
binance:6582464187|confirm,binance,BTCUSDT,confirm,QUANTITY,False,2026-08-19,RESOLVED,2026-08-19,0,TIER1_NORMAL,
binance:6582464216|clearing,binance,BTCUSDT,clearing,QUANTITY,False,2026-08-19,RESOLVED,2026-08-19,0,TIER1_NORMAL,
binance:6582464250|confirm,binance,BTCUSDT,confirm,PRICING,False,2026-08-19,RESOLVED,2026-08-19,0,TIER1_NORMAL,
binance:6582464257|confirm,binance,BTCUSDT,confirm,PRICING,False,2026-08-19,RESOLVED,2026-08-19,0,TIER1_NORMAL,
binance:6582464259|confirm,binance,BTCUSDT,confirm,TIMING,True,2026-08-19,RESOLVED,2026-08-19,0,TIER1_NORMAL,
binance:6582464272|confirm,binance,BTCUSDT,confirm,TIMING,True,2026-08-19,RESOLVED,2026-08-21,2,TIER1_NORMAL,
binance:6582464324|confirm,binance,BTCUSDT,confirm,TIMING,True,2026-08-19,RESOLVED,2026-08-19,0,TIER1_NORMAL,
binance:6582464326|clearing,binance,BTCUSDT,clearing,MISSING_RECORD,False,2026-08-19,RESOLVED,2026-08-20,1,TIER1_NORMAL,
binance:6582464350|clearing,binance,BTCUSDT,clearing,TIMING,True,2026-08-19,RESOLVED,2026-08-19,0,TIER1_NORMAL,
binance:6582464358|confirm,binance,BTCUSDT,confirm,TIMING,True,2026-08-19,RESOLVED,2026-08-20,1,TIER1_NORMAL,
binance:6582464362|clearing,binance,BTCUSDT,clearing,QUANTITY,False,2026-08-19,RESOLVED,2026-08-19,0,TIER1_NORMAL,
binance:6582464362|confirm,binance,BTCUSDT,confirm,TIMING,True,2026-08-19,RESOLVED,2026-08-20,1,TIER1_NORMAL,
binance:6582464364|confirm,binance,BTCUSDT,confirm,PRICING,False,2026-08-19,RESOLVED,2026-08-19,0,TIER1_NORMAL,
binance:6582464371|clearing,binance,BTCUSDT,clearing,TIMING,True,2026-08-19,RESOLVED,2026-08-19,0,TIER1_NORMAL,
binance:6582464373|clearing,binance,BTCUSDT,clearing,TIMING,True,2026-08-19,RESOLVED,2026-08-19,0,TIER1_NORMAL,
binance:6582464374|clearing,binance,BTCUSDT,clearing,PRICING,False,2026-08-19,RESOLVED,2026-08-21,2,TIER1_NORMAL,
binance:6582464376|clearing,binance,BTCUSDT,clearing,PRICING,False,2026-08-19,RESOLVED,2026-08-19,0,TIER1_NORMAL,
binance:6582464379|clearing,binance,BTCUSDT,clearing,TIMING,True,2026-08-19,RESOLVED,2026-08-21,2,TIER1_NORMAL,
binance:6582464381|confirm,binance,BTCUSDT,confirm,TIMING,True,2026-08-19,RESOLVED,2026-08-19,0,TIER1_NORMAL,
binance:6582464392|clearing,binance,BTCUSDT,clearing,QUANTITY,False,2026-08-19,RESOLVED,2026-08-19,0,TIER1_NORMAL,
binance:6582464408|confirm,binance,BTCUSDT,confirm,QUANTITY,False,2026-08-19,RESOLVED,2026-08-19,0,TIER1_NORMAL,
binance:6582464444|clearing,binance,BTCUSDT,clearing,MISSING_RECORD,False,2026-08-19,RESOLVED,2026-08-19,0,TIER1_NORMAL,
binance:6582464445|clearing,binance,BTCUSDT,clearing,MISSING_RECORD,False,2026-08-19,RESOLVED,2026-08-19,0,TIER1_NORMAL,
binance:6582464471|confirm,binance,BTCUSDT,confirm,TIMING,True,2026-08-19,RESOLVED,2026-08-19,0,TIER1_NORMAL,
binance:6582464476|clearing,binance,BTCUSDT,clearing,PRICING,False,2026-08-19,RESOLVED,2026-08-19,0,TIER1_NORMAL,
binance:6582464480|confirm,binance,BTCUSDT,confirm,MISSING_RECORD,False,2026-08-19,RESOLVED,2026-08-20,1,TIER1_NORMAL,
binance:6582464482|confirm,binance,BTCUSDT,confirm,PRICING,False,2026-08-19,RESOLVED,2026-08-20,1,TIER1_NORMAL,
binance:6582464485|clearing,binance,BTCUSDT,clearing,PRICING,False,2026-08-19,RESOLVED,2026-08-20,1,TIER1_NORMAL,
binance:6582464493|clearing,binance,BTCUSDT,clearing,QUANTITY,False,2026-08-19,RESOLVED,2026-08-19,0,TIER1_NORMAL,
binance:6582464497|confirm,binance,BTCUSDT,confirm,TIMING,True,2026-08-19,RESOLVED,2026-08-19,0,TIER1_NORMAL,
binance:6582464515|clearing,binance,BTCUSDT,clearing,QUANTITY,False,2026-08-19,RESOLVED,2026-08-19,0,TIER1_NORMAL,
binance:6582464524|confirm,binance,BTCUSDT,confirm,QUANTITY,False,2026-08-19,RESOLVED,2026-08-19,0,TIER1_NORMAL,
binance:6582464553|clearing,binance,BTCUSDT,clearing,REFERENCE_DATA,False,2026-08-19,RESOLVED,2026-08-21,2,TIER1_NORMAL,
binance:6582464566|clearing,binance,BTCUSDT,clearing,REFERENCE_DATA,False,2026-08-19,RESOLVED,2026-08-21,2,TIER1_NORMAL,0.00439667
binance:6582464580|confirm,binance,BTCUSDT,confirm,QUANTITY,False,2026-08-19,RESOLVED,2026-08-20,1,TIER1_NORMAL,
binance:6582464585|confirm,binance,BTCUSDT,confirm,TIMING,True,2026-08-19,RESOLVED,2026-08-19,0,TIER1_NORMAL,
binance:6582464599|confirm,binance,BTCUSDT,confirm,TIMING,True,2026-08-19,RESOLVED,2026-08-19,0,TIER1_NORMAL,
binance:6582464613|clearing,binance,BTCUSDT,clearing,QUANTITY,False,2026-08-19,RESOLVED,2026-08-21,2,TIER1_NORMAL,-0.00042831
binance:6582464652|clearing,binance,BTCUSDT,clearing,QUANTITY,False,2026-08-19,RESOLVED,2026-08-21,2,TIER1_NORMAL,
binance:6582464658|clearing,binance,BTCUSDT,clearing,TIMING,True,2026-08-19,RESOLVED,2026-08-19,0,TIER1_NORMAL,
binance:6582464730|confirm,binance,BTCUSDT,confirm,TIMING,True,2026-08-19,RESOLVED,2026-08-19,0,TIER1_NORMAL,
binance:6582464753|clearing,binance,BTCUSDT,clearing,TIMING,True,2026-08-19,RESOLVED,2026-08-20,1,TIER1_NORMAL,
binance:6582464755|clearing,binance,BTCUSDT,clearing,QUANTITY,False,2026-08-19,RESOLVED,2026-08-19,0,TIER1_NORMAL,-0.00270522
binance:6582464818|confirm,binance,BTCUSDT,confirm,QUANTITY,False,2026-08-19,RESOLVED,2026-08-20,1,TIER1_NORMAL,
binance:6582464847|clearing,binance,BTCUSDT,clearing,TIMING,True,2026-08-19,RESOLVED,2026-08-21,2,TIER1_NORMAL,
binance:6582464851|clearing,binance,BTCUSDT,clearing,MISSING_RECORD,False,2026-08-19,RESOLVED,2026-08-20,1,TIER1_NORMAL,
binance:6582464914|confirm,binance,BTCUSDT,confirm,TIMING,True,2026-08-19,RESOLVED,2026-08-20,1,TIER1_NORMAL,0.00659325
binance:6582464937|confirm,binance,BTCUSDT,confirm,TIMING,True,2026-08-19,RESOLVED,2026-08-21,2,TIER1_NORMAL,
binance:6582464959|clearing,binance,BTCUSDT,clearing,QUANTITY,False,2026-08-19,RESOLVED,2026-08-21,2,TIER1_NORMAL,
binance:6582464962|confirm,binance,BTCUSDT,confirm,MISSING_RECORD,False,2026-08-19,RESOLVED,2026-08-19,0,TIER1_NORMAL,
binance:6582465000|clearing,binance,BTCUSDT,clearing,QUANTITY,False,2026-08-19,RESOLVED,2026-08-20,1,TIER1_NORMAL,
binance:6582465047|clearing,binance,BTCUSDT,clearing,MISSING_RECORD,False,2026-08-19,RESOLVED,2026-08-21,2,TIER1_NORMAL,
binance:6582465047|confirm,binance,BTCUSDT,confirm,MISSING_RECORD,False,2026-08-19,RESOLVED,2026-08-19,0,TIER1_NORMAL,
binance:6582465050|confirm,binance,BTCUSDT,confirm,TIMING,True,2026-08-19,RESOLVED,2026-08-20,1,TIER1_NORMAL,
binance:6582465060|confirm,binance,BTCUSDT,confirm,QUANTITY,False,2026-08-19,RESOLVED,2026-08-19,0,TIER1_NORMAL,
binance:6582465065|confirm,binance,BTCUSDT,confirm,PRICING,False,2026-08-19,RESOLVED,2026-08-19,0,TIER1_NORMAL,
binance:6582465100|clearing,binance,BTCUSDT,clearing,MISSING_RECORD,False,2026-08-19,RESOLVED,2026-08-21,2,TIER1_NORMAL,
binance:6582465133|clearing,binance,BTCUSDT,clearing,MISSING_RECORD,False,2026-08-19,RESOLVED,2026-08-20,1,TIER1_NORMAL,
binance:6582465143|confirm,binance,BTCUSDT,confirm,QUANTITY,False,2026-08-19,RESOLVED,2026-08-19,0,TIER1_NORMAL,
binance:6582465147|clearing,binance,BTCUSDT,clearing,QUANTITY,False,2026-08-19,RESOLVED,2026-08-20,1,TIER1_NORMAL,
binance:6582465153|clearing,binance,BTCUSDT,clearing,PRICING,False,2026-08-19,RESOLVED,2026-08-19,0,TIER1_NORMAL,
binance:6582465154|clearing,binance,BTCUSDT,clearing,TIMING,True,2026-08-19,RESOLVED,2026-08-19,0,TIER1_NORMAL,
binance:6582465155|clearing,binance,BTCUSDT,clearing,QUANTITY,False,2026-08-19,RESOLVED,2026-08-19,0,TIER1_NORMAL,
binance:6582465167|clearing,binance,BTCUSDT,clearing,TIMING,True,2026-08-19,RESOLVED,2026-08-21,2,TIER1_NORMAL,
binance:6582465179|confirm,binance,BTCUSDT,confirm,QUANTITY,False,2026-08-19,RESOLVED,2026-08-21,2,TIER1_NORMAL,
binance:6582465189|confirm,binance,BTCUSDT,confirm,PRICING,False,2026-08-19,RESOLVED,2026-08-20,1,TIER1_NORMAL,
binance:6582465190|confirm,binance,BTCUSDT,confirm,PRICING,False,2026-08-19,RESOLVED,2026-08-21,2,TIER1_NORMAL,
binance:6582465209|clearing,binance,BTCUSDT,clearing,QUANTITY,False,2026-08-19,RESOLVED,2026-08-21,2,TIER1_NORMAL,
binance:6582465213|clearing,binance,BTCUSDT,clearing,MISSING_RECORD,False,2026-08-19,RESOLVED,2026-08-19,0,TIER1_NORMAL,
binance:6582465231|clearing,binance,BTCUSDT,clearing,TIMING,True,2026-08-19,RESOLVED,2026-08-19,0,TIER1_NORMAL,
binance:6582465245|confirm,binance,BTCUSDT,confirm,MISSING_RECORD,False,2026-08-19,RESOLVED,2026-08-20,1,TIER1_NORMAL,
binance:6582465252|confirm,binance,BTCUSDT,confirm,TIMING,True,2026-08-19,RESOLVED,2026-08-21,2,TIER1_NORMAL,
binance:6582465285|confirm,binance,BTCUSDT,confirm,QUANTITY,False,2026-08-19,RESOLVED,2026-08-20,1,TIER1_NORMAL,
binance:6582465296|clearing,binance,BTCUSDT,clearing,PRICING,False,2026-08-19,RESOLVED,2026-08-20,1,TIER1_NORMAL,
binance:6582465297|clearing,binance,BTCUSDT,clearing,MISSING_RECORD,False,2026-08-19,RESOLVED,2026-08-21,2,TIER1_NORMAL,
coinbase:1073145689|confirm,coinbase,BTC-USD,confirm,TIMING,True,2026-08-19,RESOLVED,2026-08-20,1,TIER1_NORMAL,
coinbase:1073145692|confirm,coinbase,BTC-USD,confirm,TIMING,True,2026-08-19,RESOLVED,2026-08-19,0,TIER1_NORMAL,
coinbase:1073145730|confirm,coinbase,BTC-USD,confirm,PRICING,False,2026-08-19,RESOLVED,2026-08-19,0,TIER1_NORMAL,
coinbase:1073145734|confirm,coinbase,BTC-USD,confirm,PRICING,False,2026-08-19,RESOLVED,2026-08-19,0,TIER1_NORMAL,
coinbase:1073145736|clearing,coinbase,BTC-USD,clearing,TIMING,True,2026-08-19,RESOLVED,2026-08-20,1,TIER1_NORMAL,
coinbase:1073145742|clearing,coinbase,BTC-USD,clearing,TIMING,True,2026-08-19,RESOLVED,2026-08-19,0,TIER1_NORMAL,
coinbase:1073145742|confirm,coinbase,BTC-USD,confirm,PRICING,False,2026-08-19,RESOLVED,2026-08-19,0,TIER1_NORMAL,
coinbase:1073145748|clearing,coinbase,BTC-USD,clearing,QUANTITY,False,2026-08-19,RESOLVED,2026-08-20,1,TIER1_NORMAL,
coinbase:1073145751|clearing,coinbase,BTC-USD,clearing,REFERENCE_DATA,False,2026-08-19,RESOLVED,2026-08-21,2,TIER1_NORMAL,
coinbase:1073145753|confirm,coinbase,BTC-USD,confirm,PRICING,False,2026-08-19,RESOLVED,2026-08-19,0,TIER1_NORMAL,
coinbase:1073145755|confirm,coinbase,BTC-USD,confirm,MISSING_RECORD,False,2026-08-19,RESOLVED,2026-08-19,0,TIER1_NORMAL,
coinbase:1073145765|clearing,coinbase,BTC-USD,clearing,QUANTITY,False,2026-08-19,RESOLVED,2026-08-19,0,TIER1_NORMAL,
coinbase:1073145773|confirm,coinbase,BTC-USD,confirm,QUANTITY,False,2026-08-19,RESOLVED,2026-08-19,0,TIER1_NORMAL,
coinbase:1073145774|clearing,coinbase,BTC-USD,clearing,QUANTITY,False,2026-08-19,RESOLVED,2026-08-19,0,TIER1_NORMAL,
coinbase:1073145786|confirm,coinbase,BTC-USD,confirm,REFERENCE_DATA,False,2026-08-19,RESOLVED,2026-08-21,2,TIER1_NORMAL,
coinbase:1073145797|confirm,coinbase,BTC-USD,confirm,QUANTITY,False,2026-08-19,RESOLVED,2026-08-21,2,TIER1_NORMAL,
coinbase:1073145813|clearing,coinbase,BTC-USD,clearing,MISSING_RECORD,False,2026-08-19,RESOLVED,2026-08-20,1,TIER1_NORMAL,
coinbase:1073145813|confirm,coinbase,BTC-USD,confirm,QUANTITY,False,2026-08-19,RESOLVED,2026-08-19,0,TIER1_NORMAL,
coinbase:1073145814|confirm,coinbase,BTC-USD,confirm,REFERENCE_DATA,False,2026-08-19,RESOLVED,2026-08-19,0,TIER1_NORMAL,
coinbase:1073145820|confirm,coinbase,BTC-USD,confirm,REFERENCE_DATA,False,2026-08-19,RESOLVED,2026-08-19,0,TIER1_NORMAL,
coinbase:1073145836|clearing,coinbase,BTC-USD,clearing,TIMING,True,2026-08-19,RESOLVED,2026-08-19,0,TIER1_NORMAL,
coinbase:1073145838|confirm,coinbase,BTC-USD,confirm,PRICING,False,2026-08-19,RESOLVED,2026-08-19,0,TIER1_NORMAL,
coinbase:1073145850|confirm,coinbase,BTC-USD,confirm,TIMING,True,2026-08-19,RESOLVED,2026-08-19,0,TIER1_NORMAL,
coinbase:1073145856|confirm,coinbase,BTC-USD,confirm,TIMING,True,2026-08-19,RESOLVED,2026-08-19,0,TIER1_NORMAL,
coinbase:1073145874|clearing,coinbase,BTC-USD,clearing,QUANTITY,False,2026-08-19,RESOLVED,2026-08-21,2,TIER1_NORMAL,
coinbase:1073145888|clearing,coinbase,BTC-USD,clearing,QUANTITY,False,2026-08-19,RESOLVED,2026-08-19,0,TIER1_NORMAL,
coinbase:1073145893|clearing,coinbase,BTC-USD,clearing,PRICING,False,2026-08-19,RESOLVED,2026-08-19,0,TIER1_NORMAL,
coinbase:1073145903|clearing,coinbase,BTC-USD,clearing,PRICING,False,2026-08-19,RESOLVED,2026-08-20,1,TIER1_NORMAL,
coinbase:1073145905|confirm,coinbase,BTC-USD,confirm,TIMING,True,2026-08-19,RESOLVED,2026-08-19,0,TIER1_NORMAL,
coinbase:1073145917|clearing,coinbase,BTC-USD,clearing,QUANTITY,False,2026-08-19,RESOLVED,2026-08-19,0,TIER1_NORMAL,
coinbase:1073145918|confirm,coinbase,BTC-USD,confirm,REFERENCE_DATA,False,2026-08-19,RESOLVED,2026-08-19,0,TIER1_NORMAL,
coinbase:1073145927|clearing,coinbase,BTC-USD,clearing,QUANTITY,False,2026-08-19,RESOLVED,2026-08-19,0,TIER1_NORMAL,
coinbase:1073145933|confirm,coinbase,BTC-USD,confirm,PRICING,False,2026-08-19,RESOLVED,2026-08-19,0,TIER1_NORMAL,
coinbase:1073145936|confirm,coinbase,BTC-USD,confirm,PRICING,False,2026-08-19,RESOLVED,2026-08-19,0,TIER1_NORMAL,
coinbase:1073145945|confirm,coinbase,BTC-USD,confirm,TIMING,True,2026-08-19,RESOLVED,2026-08-21,2,TIER1_NORMAL,
coinbase:1073145949|clearing,coinbase,BTC-USD,clearing,QUANTITY,False,2026-08-19,RESOLVED,2026-08-20,1,TIER1_NORMAL,
coinbase:1073145957|clearing,coinbase,BTC-USD,clearing,QUANTITY,False,2026-08-19,RESOLVED,2026-08-21,2,TIER1_NORMAL,
coinbase:1073145959|confirm,coinbase,BTC-USD,confirm,TIMING,True,2026-08-19,RESOLVED,2026-08-19,0,TIER1_NORMAL,
coinbase:1073145960|confirm,coinbase,BTC-USD,confirm,QUANTITY,False,2026-08-19,RESOLVED,2026-08-21,2,TIER1_NORMAL,
coinbase:1073145968|clearing,coinbase,BTC-USD,clearing,PRICING,False,2026-08-19,RESOLVED,2026-08-19,0,TIER1_NORMAL,
coinbase:1073145970|clearing,coinbase,BTC-USD,clearing,TIMING,True,2026-08-19,RESOLVED,2026-08-19,0,TIER1_NORMAL,38.38643527
coinbase:1073145972|clearing,coinbase,BTC-USD,clearing,QUANTITY,False,2026-08-19,RESOLVED,2026-08-19,0,TIER1_NORMAL,
coinbase:1073145974|clearing,coinbase,BTC-USD,clearing,PRICING,False,2026-08-19,RESOLVED,2026-08-21,2,TIER1_NORMAL,
coinbase:1073145976|clearing,coinbase,BTC-USD,clearing,PRICING,False,2026-08-19,RESOLVED,2026-08-20,1,TIER1_NORMAL,
coinbase:1073145980|clearing,coinbase,BTC-USD,clearing,TIMING,True,2026-08-19,RESOLVED,2026-08-20,1,TIER1_NORMAL,
coinbase:1073145985|clearing,coinbase,BTC-USD,clearing,MISSING_RECORD,False,2026-08-19,RESOLVED,2026-08-19,0,TIER1_NORMAL,
coinbase:1073146002|confirm,coinbase,BTC-USD,confirm,MISSING_RECORD,False,2026-08-19,RESOLVED,2026-08-19,0,TIER1_NORMAL,
coinbase:1073146018|confirm,coinbase,BTC-USD,confirm,MISSING_RECORD,False,2026-08-19,RESOLVED,2026-08-19,0,TIER1_NORMAL,
coinbase:1073146023|confirm,coinbase,BTC-USD,confirm,MISSING_RECORD,False,2026-08-19,RESOLVED,2026-08-19,0,TIER1_NORMAL,
coinbase:1073146030|confirm,coinbase,BTC-USD,confirm,TIMING,True,2026-08-19,RESOLVED,2026-08-21,2,TIER1_NORMAL,
coinbase:1073146032|confirm,coinbase,BTC-USD,confirm,PRICING,False,2026-08-19,RESOLVED,2026-08-19,0,TIER1_NORMAL,
coinbase:1073146044|confirm,coinbase,BTC-USD,confirm,MISSING_RECORD,False,2026-08-19,RESOLVED,2026-08-19,0,TIER1_NORMAL,
coinbase:1073146049|confirm,coinbase,BTC-USD,confirm,TIMING,True,2026-08-19,RESOLVED,2026-08-19,0,TIER1_NORMAL,
coinbase:1073146052|confirm,coinbase,BTC-USD,confirm,TIMING,True,2026-08-19,RESOLVED,2026-08-19,0,TIER1_NORMAL,
coinbase:1073146055|confirm,coinbase,BTC-USD,confirm,PRICING,False,2026-08-19,RESOLVED,2026-08-19,0,TIER1_NORMAL,
coinbase:1073146056|clearing,coinbase,BTC-USD,clearing,QUANTITY,False,2026-08-19,RESOLVED,2026-08-21,2,TIER1_NORMAL,
coinbase:1073146065|confirm,coinbase,BTC-USD,confirm,PRICING,False,2026-08-19,RESOLVED,2026-08-19,0,TIER1_NORMAL,
coinbase:1073146066|clearing,coinbase,BTC-USD,clearing,QUANTITY,False,2026-08-19,RESOLVED,2026-08-20,1,TIER1_NORMAL,
coinbase:1073146067|clearing,coinbase,BTC-USD,clearing,QUANTITY,False,2026-08-19,RESOLVED,2026-08-20,1,TIER1_NORMAL,
coinbase:1073146074|confirm,coinbase,BTC-USD,confirm,TIMING,True,2026-08-19,RESOLVED,2026-08-21,2,TIER1_NORMAL,
coinbase:1073146080|clearing,coinbase,BTC-USD,clearing,PRICING,False,2026-08-19,RESOLVED,2026-08-19,0,TIER1_NORMAL,
coinbase:1073146088|confirm,coinbase,BTC-USD,confirm,TIMING,True,2026-08-19,RESOLVED,2026-08-21,2,TIER1_NORMAL,
coinbase:1073146090|confirm,coinbase,BTC-USD,confirm,PRICING,False,2026-08-19,RESOLVED,2026-08-19,0,TIER1_NORMAL,
coinbase:1073146101|clearing,coinbase,BTC-USD,clearing,PRICING,False,2026-08-19,RESOLVED,2026-08-21,2,TIER1_NORMAL,
coinbase:1073146101|confirm,coinbase,BTC-USD,confirm,TIMING,True,2026-08-19,RESOLVED,2026-08-19,0,TIER1_NORMAL,
coinbase:1073146102|clearing,coinbase,BTC-USD,clearing,PRICING,False,2026-08-19,RESOLVED,2026-08-19,0,TIER1_NORMAL,
coinbase:1073146110|confirm,coinbase,BTC-USD,confirm,PRICING,False,2026-08-19,RESOLVED,2026-08-20,1,TIER1_NORMAL,
coinbase:1073146125|clearing,coinbase,BTC-USD,clearing,TIMING,True,2026-08-19,RESOLVED,2026-08-19,0,TIER1_NORMAL,
coinbase:1073146130|confirm,coinbase,BTC-USD,confirm,TIMING,True,2026-08-19,RESOLVED,2026-08-20,1,TIER1_NORMAL,
coinbase:1073146134|clearing,coinbase,BTC-USD,clearing,REFERENCE_DATA,False,2026-08-19,RESOLVED,2026-08-19,0,TIER1_NORMAL,
coinbase:1073146137|confirm,coinbase,BTC-USD,confirm,QUANTITY,False,2026-08-19,RESOLVED,2026-08-19,0,TIER1_NORMAL,
coinbase:1073146158|clearing,coinbase,BTC-USD,clearing,MISSING_RECORD,False,2026-08-19,RESOLVED,2026-08-19,0,TIER1_NORMAL,
coinbase:1073146161|clearing,coinbase,BTC-USD,clearing,PRICING,False,2026-08-19,RESOLVED,2026-08-19,0,TIER1_NORMAL,
coinbase:1073146168|confirm,coinbase,BTC-USD,confirm,PRICING,False,2026-08-19,RESOLVED,2026-08-19,0,TIER1_NORMAL,
coinbase:1073146172|clearing,coinbase,BTC-USD,clearing,TIMING,True,2026-08-19,RESOLVED,2026-08-19,0,TIER1_NORMAL,
coinbase:1073146179|confirm,coinbase,BTC-USD,confirm,QUANTITY,False,2026-08-19,RESOLVED,2026-08-19,0,TIER1_NORMAL,
coinbase:1073146182|clearing,coinbase,BTC-USD,clearing,QUANTITY,False,2026-08-19,RESOLVED,2026-08-20,1,TIER1_NORMAL,
coinbase:1073146187|confirm,coinbase,BTC-USD,confirm,QUANTITY,False,2026-08-19,RESOLVED,2026-08-19,0,TIER1_NORMAL,
coinbase:1073146189|confirm,coinbase,BTC-USD,confirm,PRICING,False,2026-08-19,RESOLVED,2026-08-19,0,TIER1_NORMAL,
coinbase:1073146209|confirm,coinbase,BTC-USD,confirm,PRICING,False,2026-08-19,RESOLVED,2026-08-21,2,TIER1_NORMAL,
coinbase:1073146215|clearing,coinbase,BTC-USD,clearing,TIMING,True,2026-08-19,RESOLVED,2026-08-19,0,TIER1_NORMAL,
coinbase:1073146216|clearing,coinbase,BTC-USD,clearing,TIMING,True,2026-08-19,RESOLVED,2026-08-20,1,TIER1_NORMAL,
coinbase:1073146219|clearing,coinbase,BTC-USD,clearing,TIMING,True,2026-08-19,RESOLVED,2026-08-19,0,TIER1_NORMAL,
coinbase:1073146259|clearing,coinbase,BTC-USD,clearing,TIMING,True,2026-08-19,RESOLVED,2026-08-20,1,TIER1_NORMAL,
coinbase:1073146259|confirm,coinbase,BTC-USD,confirm,QUANTITY,False,2026-08-19,RESOLVED,2026-08-19,0,TIER1_NORMAL,
coinbase:1073146260|confirm,coinbase,BTC-USD,confirm,MISSING_RECORD,False,2026-08-19,RESOLVED,2026-08-19,0,TIER1_NORMAL,
coinbase:1073146266|confirm,coinbase,BTC-USD,confirm,TIMING,True,2026-08-19,RESOLVED,2026-08-20,1,TIER1_NORMAL,
coinbase:1073146271|confirm,coinbase,BTC-USD,confirm,TIMING,True,2026-08-19,RESOLVED,2026-08-19,0,TIER1_NORMAL,
coinbase:1073146272|clearing,coinbase,BTC-USD,clearing,QUANTITY,False,2026-08-19,RESOLVED,2026-08-20,1,TIER1_NORMAL,
coinbase:1073146276|confirm,coinbase,BTC-USD,confirm,MISSING_RECORD,False,2026-08-19,RESOLVED,2026-08-19,0,TIER1_NORMAL,
coinbase:1073146290|clearing,coinbase,BTC-USD,clearing,REFERENCE_DATA,False,2026-08-19,RESOLVED,2026-08-21,2,TIER1_NORMAL,
coinbase:1073146295|confirm,coinbase,BTC-USD,confirm,QUANTITY,False,2026-08-19,RESOLVED,2026-08-19,0,TIER1_NORMAL,
coinbase:1073146320|clearing,coinbase,BTC-USD,clearing,TIMING,True,2026-08-19,RESOLVED,2026-08-21,2,TIER1_NORMAL,
coinbase:1073146321|confirm,coinbase,BTC-USD,confirm,QUANTITY,False,2026-08-19,RESOLVED,2026-08-19,0,TIER1_NORMAL,
coinbase:1073146334|confirm,coinbase,BTC-USD,confirm,TIMING,True,2026-08-19,RESOLVED,2026-08-21,2,TIER1_NORMAL,
coinbase:1073146338|confirm,coinbase,BTC-USD,confirm,PRICING,False,2026-08-19,RESOLVED,2026-08-20,1,TIER1_NORMAL,
coinbase:1073146342|confirm,coinbase,BTC-USD,confirm,REFERENCE_DATA,False,2026-08-19,RESOLVED,2026-08-20,1,TIER1_NORMAL,
coinbase:1073146346|confirm,coinbase,BTC-USD,confirm,PRICING,False,2026-08-19,RESOLVED,2026-08-21,2,TIER1_NORMAL,
coinbase:1073146361|confirm,coinbase,BTC-USD,confirm,QUANTITY,False,2026-08-19,RESOLVED,2026-08-19,0,TIER1_NORMAL,
coinbase:1073146364|clearing,coinbase,BTC-USD,clearing,QUANTITY,False,2026-08-19,RESOLVED,2026-08-19,0,TIER1_NORMAL,
coinbase:1073146365|clearing,coinbase,BTC-USD,clearing,QUANTITY,False,2026-08-19,RESOLVED,2026-08-19,0,TIER1_NORMAL,
coinbase:1073146366|clearing,coinbase,BTC-USD,clearing,TIMING,True,2026-08-19,RESOLVED,2026-08-19,0,TIER1_NORMAL,
coinbase:1073146366|confirm,coinbase,BTC-USD,confirm,QUANTITY,False,2026-08-19,RESOLVED,2026-08-20,1,TIER1_NORMAL,
coinbase:1073146369|confirm,coinbase,BTC-USD,confirm,TIMING,True,2026-08-19,RESOLVED,2026-08-19,0,TIER1_NORMAL,
coinbase:1073146371|clearing,coinbase,BTC-USD,clearing,TIMING,True,2026-08-19,RESOLVED,2026-08-20,1,TIER1_NORMAL,
coinbase:1073146376|clearing,coinbase,BTC-USD,clearing,TIMING,True,2026-08-19,RESOLVED,2026-08-19,0,TIER1_NORMAL,
coinbase:1073146380|clearing,coinbase,BTC-USD,clearing,TIMING,True,2026-08-19,RESOLVED,2026-08-19,0,TIER1_NORMAL,
coinbase:1073146386|clearing,coinbase,BTC-USD,clearing,QUANTITY,False,2026-08-19,RESOLVED,2026-08-20,1,TIER1_NORMAL,
coinbase:1073146400|clearing,coinbase,BTC-USD,clearing,TIMING,False,2026-08-19,RESOLVED,2026-08-19,0,TIER1_NORMAL,
coinbase:1073146400|confirm,coinbase,BTC-USD,confirm,TIMING,True,2026-08-19,RESOLVED,2026-08-19,0,TIER1_NORMAL,
coinbase:1073146402|confirm,coinbase,BTC-USD,confirm,PRICING,False,2026-08-19,RESOLVED,2026-08-19,0,TIER1_NORMAL,
coinbase:1073146406|confirm,coinbase,BTC-USD,confirm,PRICING,False,2026-08-19,RESOLVED,2026-08-19,0,TIER1_NORMAL,
coinbase:1073146407|confirm,coinbase,BTC-USD,confirm,PRICING,False,2026-08-19,RESOLVED,2026-08-19,0,TIER1_NORMAL,
coinbase:1073146413|confirm,coinbase,BTC-USD,confirm,TIMING,True,2026-08-19,RESOLVED,2026-08-21,2,TIER1_NORMAL,
coinbase:1073146414|confirm,coinbase,BTC-USD,confirm,TIMING,True,2026-08-19,RESOLVED,2026-08-21,2,TIER1_NORMAL,
coinbase:1073146426|clearing,coinbase,BTC-USD,clearing,REFERENCE_DATA,False,2026-08-19,RESOLVED,2026-08-21,2,TIER1_NORMAL,
coinbase:1073146427|clearing,coinbase,BTC-USD,clearing,MISSING_RECORD,False,2026-08-19,RESOLVED,2026-08-20,1,TIER1_NORMAL,
coinbase:1073146429|clearing,coinbase,BTC-USD,clearing,PRICING,False,2026-08-19,RESOLVED,2026-08-21,2,TIER1_NORMAL,
coinbase:1073146435|confirm,coinbase,BTC-USD,confirm,TIMING,True,2026-08-19,RESOLVED,2026-08-20,1,TIER1_NORMAL,
coinbase:1073146440|confirm,coinbase,BTC-USD,confirm,PRICING,False,2026-08-19,RESOLVED,2026-08-19,0,TIER1_NORMAL,
coinbase:1073146449|clearing,coinbase,BTC-USD,clearing,PRICING,False,2026-08-19,RESOLVED,2026-08-19,0,TIER1_NORMAL,
coinbase:1073146451|confirm,coinbase,BTC-USD,confirm,PRICING,False,2026-08-19,RESOLVED,2026-08-19,0,TIER1_NORMAL,
coinbase:1073146456|confirm,coinbase,BTC-USD,confirm,MISSING_RECORD,False,2026-08-19,RESOLVED,2026-08-19,0,TIER1_NORMAL,
coinbase:1073146464|clearing,coinbase,BTC-USD,clearing,REFERENCE_DATA,False,2026-08-19,RESOLVED,2026-08-19,0,TIER1_NORMAL,
coinbase:1073146469|confirm,coinbase,BTC-USD,confirm,TIMING,True,2026-08-19,RESOLVED,2026-08-19,0,TIER1_NORMAL,
coinbase:1073146470|clearing,coinbase,BTC-USD,clearing,PRICING,False,2026-08-19,RESOLVED,2026-08-21,2,TIER1_NORMAL,
coinbase:1073146472|clearing,coinbase,BTC-USD,clearing,TIMING,True,2026-08-19,RESOLVED,2026-08-21,2,TIER1_NORMAL,
coinbase:1073146479|clearing,coinbase,BTC-USD,clearing,QUANTITY,False,2026-08-19,RESOLVED,2026-08-19,0,TIER1_NORMAL,
coinbase:1073146479|confirm,coinbase,BTC-USD,confirm,TIMING,True,2026-08-19,RESOLVED,2026-08-21,2,TIER1_NORMAL,
coinbase:1073146481|clearing,coinbase,BTC-USD,clearing,TIMING,True,2026-08-19,RESOLVED,2026-08-21,2,TIER1_NORMAL,
coinbase:1073146498|clearing,coinbase,BTC-USD,clearing,PRICING,False,2026-08-19,RESOLVED,2026-08-19,0,TIER1_NORMAL,
coinbase:1073146501|clearing,coinbase,BTC-USD,clearing,QUANTITY,False,2026-08-19,RESOLVED,2026-08-21,2,TIER1_NORMAL,
coinbase:1073146512|clearing,coinbase,BTC-USD,clearing,PRICING,False,2026-08-19,RESOLVED,2026-08-20,1,TIER1_NORMAL,
coinbase:1073146514|confirm,coinbase,BTC-USD,confirm,TIMING,True,2026-08-19,RESOLVED,2026-08-19,0,TIER1_NORMAL,
coinbase:1073146517|clearing,coinbase,BTC-USD,clearing,QUANTITY,False,2026-08-19,RESOLVED,2026-08-19,0,TIER1_NORMAL,
coinbase:1073146520|clearing,coinbase,BTC-USD,clearing,TIMING,True,2026-08-19,RESOLVED,2026-08-21,2,TIER1_NORMAL,
coinbase:1073146526|clearing,coinbase,BTC-USD,clearing,PRICING,False,2026-08-19,RESOLVED,2026-08-20,1,TIER1_NORMAL,
coinbase:1073146530|confirm,coinbase,BTC-USD,confirm,MISSING_RECORD,False,2026-08-19,RESOLVED,2026-08-19,0,TIER1_NORMAL,
coinbase:1073146535|clearing,coinbase,BTC-USD,clearing,PRICING,False,2026-08-19,RESOLVED,2026-08-20,1,TIER1_NORMAL,
coinbase:1073146538|confirm,coinbase,BTC-USD,confirm,TIMING,True,2026-08-19,RESOLVED,2026-08-21,2,TIER1_NORMAL,
coinbase:1073146539|confirm,coinbase,BTC-USD,confirm,QUANTITY,False,2026-08-19,RESOLVED,2026-08-19,0,TIER1_NORMAL,
coinbase:1073146540|confirm,coinbase,BTC-USD,confirm,TIMING,True,2026-08-19,RESOLVED,2026-08-19,0,TIER1_NORMAL,
coinbase:1073146541|clearing,coinbase,BTC-USD,clearing,QUANTITY,False,2026-08-19,RESOLVED,2026-08-19,0,TIER1_NORMAL,
coinbase:1073146542|clearing,coinbase,BTC-USD,clearing,TIMING,True,2026-08-19,RESOLVED,2026-08-20,1,TIER1_NORMAL,
coinbase:1073146543|clearing,coinbase,BTC-USD,clearing,TIMING,True,2026-08-19,RESOLVED,2026-08-19,0,TIER1_NORMAL,
coinbase:1073146551|clearing,coinbase,BTC-USD,clearing,TIMING,True,2026-08-19,RESOLVED,2026-08-19,0,TIER1_NORMAL,
coinbase:1073146557|confirm,coinbase,BTC-USD,confirm,QUANTITY,False,2026-08-19,RESOLVED,2026-08-19,0,TIER1_NORMAL,
coinbase:1073146562|clearing,coinbase,BTC-USD,clearing,TIMING,True,2026-08-19,RESOLVED,2026-08-19,0,TIER1_NORMAL,
coinbase:1073146575|confirm,coinbase,BTC-USD,confirm,MISSING_RECORD,False,2026-08-19,RESOLVED,2026-08-19,0,TIER1_NORMAL,
coinbase:1073146589|confirm,coinbase,BTC-USD,confirm,TIMING,True,2026-08-19,RESOLVED,2026-08-19,0,TIER1_NORMAL,
coinbase:1073146590|confirm,coinbase,BTC-USD,confirm,MISSING_RECORD,False,2026-08-19,RESOLVED,2026-08-19,0,TIER1_NORMAL,
coinbase:1073146593|clearing,coinbase,BTC-USD,clearing,PRICING,False,2026-08-19,RESOLVED,2026-08-19,0,TIER1_NORMAL,
coinbase:1073146595|clearing,coinbase,BTC-USD,clearing,PRICING,False,2026-08-19,RESOLVED,2026-08-19,0,TIER1_NORMAL,
coinbase:1073146609|clearing,coinbase,BTC-USD,clearing,PRICING,False,2026-08-19,RESOLVED,2026-08-19,0,TIER1_NORMAL,
coinbase:1073146626|confirm,coinbase,BTC-USD,confirm,PRICING,False,2026-08-19,RESOLVED,2026-08-21,2,TIER1_NORMAL,
coinbase:1073146632|confirm,coinbase,BTC-USD,confirm,TIMING,True,2026-08-19,RESOLVED,2026-08-20,1,TIER1_NORMAL,
coinbase:1073146637|clearing,coinbase,BTC-USD,clearing,TIMING,True,2026-08-19,RESOLVED,2026-08-19,0,TIER1_NORMAL,
coinbase:1073146638|confirm,coinbase,BTC-USD,confirm,PRICING,False,2026-08-19,RESOLVED,2026-08-19,0,TIER1_NORMAL,
coinbase:1073146641|confirm,coinbase,BTC-USD,confirm,QUANTITY,False,2026-08-19,RESOLVED,2026-08-19,0,TIER1_NORMAL,
coinbase:1073146648|confirm,coinbase,BTC-USD,confirm,TIMING,True,2026-08-19,RESOLVED,2026-08-20,1,TIER1_NORMAL,
coinbase:1073146654|clearing,coinbase,BTC-USD,clearing,MISSING_RECORD,False,2026-08-19,RESOLVED,2026-08-19,0,TIER1_NORMAL,
coinbase:1073146655|clearing,coinbase,BTC-USD,clearing,MISSING_RECORD,False,2026-08-19,RESOLVED,2026-08-19,0,TIER1_NORMAL,
coinbase:1073146659|clearing,coinbase,BTC-USD,clearing,MISSING_RECORD,False,2026-08-19,RESOLVED,2026-08-19,0,TIER1_NORMAL,
coinbase:1073146666|confirm,coinbase,BTC-USD,confirm,QUANTITY,False,2026-08-19,RESOLVED,2026-08-21,2,TIER1_NORMAL,
coinbase:1073146668|confirm,coinbase,BTC-USD,confirm,QUANTITY,False,2026-08-19,RESOLVED,2026-08-21,2,TIER1_NORMAL,
coinbase:1073146669|clearing,coinbase,BTC-USD,clearing,TIMING,True,2026-08-19,RESOLVED,2026-08-19,0,TIER1_NORMAL,
coinbase:1073146672|confirm,coinbase,BTC-USD,confirm,PRICING,False,2026-08-19,RESOLVED,2026-08-19,0,TIER1_NORMAL,
coinbase:1073146673|confirm,coinbase,BTC-USD,confirm,PRICING,False,2026-08-19,RESOLVED,2026-08-19,0,TIER1_NORMAL,
coinbase:1073146691|confirm,coinbase,BTC-USD,confirm,TIMING,True,2026-08-19,RESOLVED,2026-08-20,1,TIER1_NORMAL,
coinbase:1073146700|clearing,coinbase,BTC-USD,clearing,TIMING,True,2026-08-19,RESOLVED,2026-08-20,1,TIER1_NORMAL,
coinbase:1073146715|confirm,coinbase,BTC-USD,confirm,PRICING,False,2026-08-19,RESOLVED,2026-08-21,2,TIER1_NORMAL,
coinbase:1073146716|confirm,coinbase,BTC-USD,confirm,MISSING_RECORD,False,2026-08-19,RESOLVED,2026-08-19,0,TIER1_NORMAL,
coinbase:1073146730|clearing,coinbase,BTC-USD,clearing,MISSING_RECORD,False,2026-08-19,RESOLVED,2026-08-21,2,TIER1_NORMAL,
coinbase:1073146736|confirm,coinbase,BTC-USD,confirm,MISSING_RECORD,False,2026-08-19,RESOLVED,2026-08-19,0,TIER1_NORMAL,
coinbase:1073146751|clearing,coinbase,BTC-USD,clearing,PRICING,False,2026-08-19,RESOLVED,2026-08-19,0,TIER1_NORMAL,
coinbase:1073146755|clearing,coinbase,BTC-USD,clearing,PRICING,False,2026-08-19,RESOLVED,2026-08-20,1,TIER1_NORMAL,
coinbase:1073146772|confirm,coinbase,BTC-USD,confirm,MISSING_RECORD,False,2026-08-19,RESOLVED,2026-08-19,0,TIER1_NORMAL,
coinbase:1073146773|confirm,coinbase,BTC-USD,confirm,MISSING_RECORD,False,2026-08-19,RESOLVED,2026-08-19,0,TIER1_NORMAL,
coinbase:1073146778|clearing,coinbase,BTC-USD,clearing,TIMING,True,2026-08-19,RESOLVED,2026-08-21,2,TIER1_NORMAL,
coinbase:1073146779|clearing,coinbase,BTC-USD,clearing,QUANTITY,False,2026-08-19,RESOLVED,2026-08-20,1,TIER1_NORMAL,
coinbase:1073146780|clearing,coinbase,BTC-USD,clearing,QUANTITY,False,2026-08-19,RESOLVED,2026-08-21,2,TIER1_NORMAL,
coinbase:1073146781|confirm,coinbase,BTC-USD,confirm,REFERENCE_DATA,False,2026-08-19,RESOLVED,2026-08-20,1,TIER1_NORMAL,
coinbase:1073146782|clearing,coinbase,BTC-USD,clearing,PRICING,False,2026-08-19,RESOLVED,2026-08-20,1,TIER1_NORMAL,
coinbase:1073146793|confirm,coinbase,BTC-USD,confirm,QUANTITY,False,2026-08-19,RESOLVED,2026-08-19,0,TIER1_NORMAL,
coinbase:1073146799|clearing,coinbase,BTC-USD,clearing,QUANTITY,False,2026-08-19,RESOLVED,2026-08-19,0,TIER1_NORMAL,
coinbase:1073146802|confirm,coinbase,BTC-USD,confirm,QUANTITY,False,2026-08-19,RESOLVED,2026-08-19,0,TIER1_NORMAL,
coinbase:1073146805|clearing,coinbase,BTC-USD,clearing,QUANTITY,False,2026-08-19,RESOLVED,2026-08-21,2,TIER1_NORMAL,
coinbase:1073146809|clearing,coinbase,BTC-USD,clearing,QUANTITY,False,2026-08-19,RESOLVED,2026-08-21,2,TIER1_NORMAL,
coinbase:1073146816|clearing,coinbase,BTC-USD,clearing,REFERENCE_DATA,False,2026-08-19,RESOLVED,2026-08-21,2,TIER1_NORMAL,
coinbase:1073146829|confirm,coinbase,BTC-USD,confirm,QUANTITY,False,2026-08-19,RESOLVED,2026-08-21,2,TIER1_NORMAL,
coinbase:1073146832|clearing,coinbase,BTC-USD,clearing,QUANTITY,False,2026-08-19,RESOLVED,2026-08-21,2,TIER1_NORMAL,
coinbase:1073146834|clearing,coinbase,BTC-USD,clearing,TIMING,False,2026-08-19,RESOLVED,2026-08-21,2,TIER1_NORMAL,
coinbase:1073146834|confirm,coinbase,BTC-USD,confirm,TIMING,True,2026-08-19,RESOLVED,2026-08-19,0,TIER1_NORMAL,
coinbase:1073146865|clearing,coinbase,BTC-USD,clearing,TIMING,True,2026-08-19,RESOLVED,2026-08-20,1,TIER1_NORMAL,
coinbase:1073146877|confirm,coinbase,BTC-USD,confirm,MISSING_RECORD,False,2026-08-19,RESOLVED,2026-08-20,1,TIER1_NORMAL,
coinbase:1073146885|clearing,coinbase,BTC-USD,clearing,PRICING,False,2026-08-19,RESOLVED,2026-08-19,0,TIER1_NORMAL,
coinbase:1073146887|confirm,coinbase,BTC-USD,confirm,MISSING_RECORD,False,2026-08-19,RESOLVED,2026-08-20,1,TIER1_NORMAL,
coinbase:1073146888|confirm,coinbase,BTC-USD,confirm,MISSING_RECORD,False,2026-08-19,RESOLVED,2026-08-19,0,TIER1_NORMAL,
coinbase:1073146901|clearing,coinbase,BTC-USD,clearing,REFERENCE_DATA,False,2026-08-19,RESOLVED,2026-08-20,1,TIER1_NORMAL,0.00000412
coinbase:1073146901|confirm,coinbase,BTC-USD,confirm,REFERENCE_DATA,False,2026-08-19,RESOLVED,2026-08-19,0,TIER1_NORMAL,0.00000412
coinbase:1073146903|confirm,coinbase,BTC-USD,confirm,QUANTITY,False,2026-08-19,RESOLVED,2026-08-19,0,TIER1_NORMAL,
coinbase:1073146919|clearing,coinbase,BTC-USD,clearing,QUANTITY,False,2026-08-19,RESOLVED,2026-08-20,1,TIER1_NORMAL,
coinbase:1073146925|confirm,coinbase,BTC-USD,confirm,TIMING,True,2026-08-19,RESOLVED,2026-08-19,0,TIER1_NORMAL,
coinbase:1073146927|confirm,coinbase,BTC-USD,confirm,QUANTITY,False,2026-08-19,RESOLVED,2026-08-20,1,TIER1_NORMAL,
coinbase:1073146942|confirm,coinbase,BTC-USD,confirm,TIMING,True,2026-08-19,RESOLVED,2026-08-19,0,TIER1_NORMAL,
coinbase:1073146944|clearing,coinbase,BTC-USD,clearing,TIMING,True,2026-08-19,RESOLVED,2026-08-20,1,TIER1_NORMAL,
coinbase:1073146954|clearing,coinbase,BTC-USD,clearing,REFERENCE_DATA,False,2026-08-19,RESOLVED,2026-08-19,0,TIER1_NORMAL,
coinbase:1073146963|confirm,coinbase,BTC-USD,confirm,TIMING,True,2026-08-19,RESOLVED,2026-08-21,2,TIER1_NORMAL,
coinbase:1073146972|confirm,coinbase,BTC-USD,confirm,PRICING,False,2026-08-19,RESOLVED,2026-08-19,0,TIER1_NORMAL,
coinbase:1073146975|clearing,coinbase,BTC-USD,clearing,TIMING,True,2026-08-19,RESOLVED,2026-08-19,0,TIER1_NORMAL,
coinbase:1073146992|clearing,coinbase,BTC-USD,clearing,MISSING_RECORD,False,2026-08-19,RESOLVED,2026-08-19,0,TIER1_NORMAL,
coinbase:1073147014|clearing,coinbase,BTC-USD,clearing,MISSING_RECORD,False,2026-08-19,RESOLVED,2026-08-19,0,TIER1_NORMAL,
coinbase:1073147018|confirm,coinbase,BTC-USD,confirm,PRICING,False,2026-08-19,RESOLVED,2026-08-20,1,TIER1_NORMAL,
coinbase:1073147035|clearing,coinbase,BTC-USD,clearing,MISSING_RECORD,False,2026-08-19,RESOLVED,2026-08-21,2,TIER1_NORMAL,
coinbase:1073147041|confirm,coinbase,BTC-USD,confirm,QUANTITY,False,2026-08-19,RESOLVED,2026-08-19,0,TIER1_NORMAL,
coinbase:1073147043|clearing,coinbase,BTC-USD,clearing,TIMING,True,2026-08-19,RESOLVED,2026-08-21,2,TIER1_NORMAL,
coinbase:1073147048|confirm,coinbase,BTC-USD,confirm,PRICING,False,2026-08-19,RESOLVED,2026-08-19,0,TIER1_NORMAL,
coinbase:1073147062|confirm,coinbase,BTC-USD,confirm,QUANTITY,False,2026-08-19,RESOLVED,2026-08-19,0,TIER1_NORMAL,
coinbase:1073147071|clearing,coinbase,BTC-USD,clearing,QUANTITY,False,2026-08-19,RESOLVED,2026-08-20,1,TIER1_NORMAL,
coinbase:1073147078|confirm,coinbase,BTC-USD,confirm,QUANTITY,False,2026-08-19,RESOLVED,2026-08-19,0,TIER1_NORMAL,
coinbase:1073147081|confirm,coinbase,BTC-USD,confirm,PRICING,False,2026-08-19,RESOLVED,2026-08-19,0,TIER1_NORMAL,
coinbase:1073147086|clearing,coinbase,BTC-USD,clearing,TIMING,True,2026-08-19,RESOLVED,2026-08-19,0,TIER1_NORMAL,
coinbase:1073147106|clearing,coinbase,BTC-USD,clearing,TIMING,True,2026-08-19,RESOLVED,2026-08-20,1,TIER1_NORMAL,
coinbase:1073147115|clearing,coinbase,BTC-USD,clearing,QUANTITY,False,2026-08-19,RESOLVED,2026-08-21,2,TIER1_NORMAL,
coinbase:1073147119|confirm,coinbase,BTC-USD,confirm,QUANTITY,False,2026-08-19,RESOLVED,2026-08-20,1,TIER1_NORMAL,
coinbase:1073147126|confirm,coinbase,BTC-USD,confirm,MISSING_RECORD,False,2026-08-19,RESOLVED,2026-08-20,1,TIER1_NORMAL,
coinbase:1073147127|confirm,coinbase,BTC-USD,confirm,PRICING,False,2026-08-19,RESOLVED,2026-08-19,0,TIER1_NORMAL,-1.23905408
coinbase:1073147129|clearing,coinbase,BTC-USD,clearing,PRICING,False,2026-08-19,RESOLVED,2026-08-20,1,TIER1_NORMAL,
coinbase:1073147141|clearing,coinbase,BTC-USD,clearing,PRICING,False,2026-08-19,RESOLVED,2026-08-19,0,TIER1_NORMAL,
coinbase:1073147151|confirm,coinbase,BTC-USD,confirm,MISSING_RECORD,False,2026-08-19,RESOLVED,2026-08-21,2,TIER1_NORMAL,
coinbase:1073147152|confirm,coinbase,BTC-USD,confirm,MISSING_RECORD,False,2026-08-19,RESOLVED,2026-08-19,0,TIER1_NORMAL,
coinbase:1073147158|clearing,coinbase,BTC-USD,clearing,TIMING,True,2026-08-19,RESOLVED,2026-08-21,2,TIER1_NORMAL,
coinbase:1073147162|confirm,coinbase,BTC-USD,confirm,PRICING,False,2026-08-19,RESOLVED,2026-08-21,2,TIER1_NORMAL,
coinbase:1073147165|clearing,coinbase,BTC-USD,clearing,PRICING,False,2026-08-19,RESOLVED,2026-08-19,0,TIER1_NORMAL,
coinbase:1073147171|confirm,coinbase,BTC-USD,confirm,PRICING,False,2026-08-19,RESOLVED,2026-08-19,0,TIER1_NORMAL,
coinbase:1073147173|clearing,coinbase,BTC-USD,clearing,MISSING_RECORD,False,2026-08-19,RESOLVED,2026-08-19,0,TIER1_NORMAL,
coinbase:1073147180|confirm,coinbase,BTC-USD,confirm,QUANTITY,False,2026-08-19,RESOLVED,2026-08-19,0,TIER1_NORMAL,
coinbase:1073147184|confirm,coinbase,BTC-USD,confirm,TIMING,True,2026-08-19,RESOLVED,2026-08-19,0,TIER1_NORMAL,
coinbase:1073147195|confirm,coinbase,BTC-USD,confirm,MISSING_RECORD,False,2026-08-19,RESOLVED,2026-08-19,0,TIER1_NORMAL,
coinbase:1073147198|clearing,coinbase,BTC-USD,clearing,MISSING_RECORD,False,2026-08-19,RESOLVED,2026-08-20,1,TIER1_NORMAL,
coinbase:1073147211|confirm,coinbase,BTC-USD,confirm,QUANTITY,False,2026-08-19,RESOLVED,2026-08-20,1,TIER1_NORMAL,
coinbase:1073147215|confirm,coinbase,BTC-USD,confirm,QUANTITY,False,2026-08-19,RESOLVED,2026-08-19,0,TIER1_NORMAL,
coinbase:1073147216|clearing,coinbase,BTC-USD,clearing,MISSING_RECORD,False,2026-08-19,RESOLVED,2026-08-21,2,TIER1_NORMAL,
coinbase:1073147221|confirm,coinbase,BTC-USD,confirm,PRICING,False,2026-08-19,RESOLVED,2026-08-19,0,TIER1_NORMAL,
coinbase:1073147223|confirm,coinbase,BTC-USD,confirm,MISSING_RECORD,False,2026-08-19,RESOLVED,2026-08-19,0,TIER1_NORMAL,
coinbase:1073147228|clearing,coinbase,BTC-USD,clearing,TIMING,True,2026-08-19,RESOLVED,2026-08-19,0,TIER1_NORMAL,
coinbase:1073147247|clearing,coinbase,BTC-USD,clearing,QUANTITY,False,2026-08-19,RESOLVED,2026-08-21,2,TIER1_NORMAL,
coinbase:1073147250|clearing,coinbase,BTC-USD,clearing,QUANTITY,False,2026-08-19,RESOLVED,2026-08-21,2,TIER1_NORMAL,
coinbase:1073147258|clearing,coinbase,BTC-USD,clearing,TIMING,True,2026-08-19,RESOLVED,2026-08-19,0,TIER1_NORMAL,
coinbase:1073147259|clearing,coinbase,BTC-USD,clearing,TIMING,True,2026-08-19,RESOLVED,2026-08-21,2,TIER1_NORMAL,0.00001236
coinbase:1073147261|clearing,coinbase,BTC-USD,clearing,PRICING,False,2026-08-19,RESOLVED,2026-08-21,2,TIER1_NORMAL,
coinbase:1073147264|confirm,coinbase,BTC-USD,confirm,MISSING_RECORD,False,2026-08-19,RESOLVED,2026-08-21,2,TIER1_NORMAL,
coinbase:1073147265|clearing,coinbase,BTC-USD,clearing,PRICING,False,2026-08-19,RESOLVED,2026-08-19,0,TIER1_NORMAL,
coinbase:1073147273|confirm,coinbase,BTC-USD,confirm,TIMING,True,2026-08-19,RESOLVED,2026-08-19,0,TIER1_NORMAL,
coinbase:1073147276|clearing,coinbase,BTC-USD,clearing,TIMING,True,2026-08-19,RESOLVED,2026-08-20,1,TIER1_NORMAL,
coinbase:1073147297|clearing,coinbase,BTC-USD,clearing,PRICING,False,2026-08-19,RESOLVED,2026-08-20,1,TIER1_NORMAL,-0.00004882
coinbase:1073147301|confirm,coinbase,BTC-USD,confirm,QUANTITY,False,2026-08-19,RESOLVED,2026-08-19,0,TIER1_NORMAL,
coinbase:1073147307|clearing,coinbase,BTC-USD,clearing,PRICING,False,2026-08-19,RESOLVED,2026-08-19,0,TIER1_NORMAL,
coinbase:1073147310|clearing,coinbase,BTC-USD,clearing,PRICING,False,2026-08-19,RESOLVED,2026-08-21,2,TIER1_NORMAL,
coinbase:1073147315|clearing,coinbase,BTC-USD,clearing,PRICING,False,2026-08-19,RESOLVED,2026-08-21,2,TIER1_NORMAL,-0.02536352
coinbase:1073147318|confirm,coinbase,BTC-USD,confirm,MISSING_RECORD,False,2026-08-19,RESOLVED,2026-08-21,2,TIER1_NORMAL,
coinbase:1073147320|clearing,coinbase,BTC-USD,clearing,REFERENCE_DATA,False,2026-08-19,RESOLVED,2026-08-19,0,TIER1_NORMAL,
coinbase:1073147320|confirm,coinbase,BTC-USD,confirm,TIMING,True,2026-08-19,RESOLVED,2026-08-19,0,TIER1_NORMAL,
coinbase:1073147322|clearing,coinbase,BTC-USD,clearing,PRICING,False,2026-08-19,RESOLVED,2026-08-19,0,TIER1_NORMAL,
coinbase:1073147324|clearing,coinbase,BTC-USD,clearing,QUANTITY,False,2026-08-19,RESOLVED,2026-08-19,0,TIER1_NORMAL,
coinbase:1073147326|clearing,coinbase,BTC-USD,clearing,TIMING,True,2026-08-19,RESOLVED,2026-08-19,0,TIER1_NORMAL,
coinbase:1073147329|clearing,coinbase,BTC-USD,clearing,QUANTITY,False,2026-08-19,RESOLVED,2026-08-19,0,TIER1_NORMAL,
coinbase:1073147348|clearing,coinbase,BTC-USD,clearing,REFERENCE_DATA,False,2026-08-19,RESOLVED,2026-08-19,0,TIER1_NORMAL,
coinbase:1073147349|confirm,coinbase,BTC-USD,confirm,TIMING,True,2026-08-19,RESOLVED,2026-08-19,0,TIER1_NORMAL,
coinbase:1073147353|clearing,coinbase,BTC-USD,clearing,MISSING_RECORD,False,2026-08-19,RESOLVED,2026-08-19,0,TIER1_NORMAL,
coinbase:1073147353|confirm,coinbase,BTC-USD,confirm,QUANTITY,False,2026-08-19,RESOLVED,2026-08-21,2,TIER1_NORMAL,
coinbase:1073147358|clearing,coinbase,BTC-USD,clearing,PRICING,False,2026-08-19,RESOLVED,2026-08-20,1,TIER1_NORMAL,
coinbase:1073147364|confirm,coinbase,BTC-USD,confirm,PRICING,False,2026-08-19,RESOLVED,2026-08-21,2,TIER1_NORMAL,
coinbase:1073147367|clearing,coinbase,BTC-USD,clearing,TIMING,True,2026-08-19,RESOLVED,2026-08-21,2,TIER1_NORMAL,4.11780000
coinbase:1073147367|confirm,coinbase,BTC-USD,confirm,PRICING,False,2026-08-19,RESOLVED,2026-08-19,0,TIER1_NORMAL,4.11780000
coinbase:1073147375|confirm,coinbase,BTC-USD,confirm,MISSING_RECORD,False,2026-08-19,RESOLVED,2026-08-20,1,TIER1_NORMAL,
coinbase:1073147381|clearing,coinbase,BTC-USD,clearing,PRICING,False,2026-08-19,RESOLVED,2026-08-20,1,TIER1_NORMAL,-0.00287078
coinbase:1073147382|clearing,coinbase,BTC-USD,clearing,TIMING,True,2026-08-19,RESOLVED,2026-08-19,0,TIER1_NORMAL,
coinbase:1073147384|confirm,coinbase,BTC-USD,confirm,PRICING,False,2026-08-19,RESOLVED,2026-08-21,2,TIER1_NORMAL,
coinbase:1073147389|clearing,coinbase,BTC-USD,clearing,PRICING,False,2026-08-19,RESOLVED,2026-08-19,0,TIER1_NORMAL,
coinbase:1073147396|confirm,coinbase,BTC-USD,confirm,QUANTITY,False,2026-08-19,RESOLVED,2026-08-19,0,TIER1_NORMAL,
coinbase:1073147411|clearing,coinbase,BTC-USD,clearing,TIMING,True,2026-08-19,RESOLVED,2026-08-20,1,TIER1_NORMAL,
coinbase:1073147411|confirm,coinbase,BTC-USD,confirm,QUANTITY,False,2026-08-19,RESOLVED,2026-08-19,0,TIER1_NORMAL,
coinbase:1073147425|clearing,coinbase,BTC-USD,clearing,REFERENCE_DATA,False,2026-08-19,RESOLVED,2026-08-19,0,TIER1_NORMAL,-0.00000240
coinbase:1073147429|confirm,coinbase,BTC-USD,confirm,QUANTITY,False,2026-08-19,RESOLVED,2026-08-20,1,TIER1_NORMAL,
coinbase:1073147431|clearing,coinbase,BTC-USD,clearing,TIMING,True,2026-08-19,RESOLVED,2026-08-19,0,TIER1_NORMAL,
coinbase:1073147433|confirm,coinbase,BTC-USD,confirm,PRICING,False,2026-08-19,RESOLVED,2026-08-19,0,TIER1_NORMAL,
coinbase:1073147441|clearing,coinbase,BTC-USD,clearing,PRICING,False,2026-08-19,RESOLVED,2026-08-19,0,TIER1_NORMAL,7.12396641
coinbase:1073147445|clearing,coinbase,BTC-USD,clearing,PRICING,False,2026-08-19,RESOLVED,2026-08-19,0,TIER1_NORMAL,0.00000412
coinbase:1073147447|confirm,coinbase,BTC-USD,confirm,PRICING,False,2026-08-19,RESOLVED,2026-08-19,0,TIER1_NORMAL,
coinbase:1073147458|confirm,coinbase,BTC-USD,confirm,QUANTITY,False,2026-08-19,RESOLVED,2026-08-21,2,TIER1_NORMAL,
coinbase:1073147465|clearing,coinbase,BTC-USD,clearing,MISSING_RECORD,False,2026-08-19,RESOLVED,2026-08-19,0,TIER1_NORMAL,
coinbase:1073147467|clearing,coinbase,BTC-USD,clearing,REFERENCE_DATA,False,2026-08-19,RESOLVED,2026-08-21,2,TIER1_NORMAL,
coinbase:1073147467|confirm,coinbase,BTC-USD,confirm,TIMING,True,2026-08-19,RESOLVED,2026-08-19,0,TIER1_NORMAL,
coinbase:1073147477|confirm,coinbase,BTC-USD,confirm,QUANTITY,False,2026-08-19,RESOLVED,2026-08-21,2,TIER1_NORMAL,
coinbase:1073147485|clearing,coinbase,BTC-USD,clearing,MISSING_RECORD,False,2026-08-19,RESOLVED,2026-08-20,1,TIER1_NORMAL,
coinbase:1073147489|confirm,coinbase,BTC-USD,confirm,PRICING,False,2026-08-19,RESOLVED,2026-08-21,2,TIER1_NORMAL,
coinbase:1073147498|confirm,coinbase,BTC-USD,confirm,TIMING,True,2026-08-19,RESOLVED,2026-08-21,2,TIER1_NORMAL,
coinbase:1073147507|confirm,coinbase,BTC-USD,confirm,REFERENCE_DATA,False,2026-08-19,RESOLVED,2026-08-19,0,TIER1_NORMAL,
coinbase:1073147516|confirm,coinbase,BTC-USD,confirm,MISSING_RECORD,False,2026-08-19,RESOLVED,2026-08-21,2,TIER1_NORMAL,
coinbase:1073147517|clearing,coinbase,BTC-USD,clearing,PRICING,False,2026-08-19,RESOLVED,2026-08-20,1,TIER1_NORMAL,
coinbase:1073147521|clearing,coinbase,BTC-USD,clearing,MISSING_RECORD,False,2026-08-19,RESOLVED,2026-08-19,0,TIER1_NORMAL,
coinbase:1073147526|clearing,coinbase,BTC-USD,clearing,MISSING_RECORD,False,2026-08-19,RESOLVED,2026-08-21,2,TIER1_NORMAL,
coinbase:1073147526|confirm,coinbase,BTC-USD,confirm,MISSING_RECORD,False,2026-08-19,RESOLVED,2026-08-21,2,TIER1_NORMAL,
coinbase:1073147539|clearing,coinbase,BTC-USD,clearing,QUANTITY,False,2026-08-19,RESOLVED,2026-08-19,0,TIER1_NORMAL,
coinbase:1073147539|confirm,coinbase,BTC-USD,confirm,MISSING_RECORD,False,2026-08-19,RESOLVED,2026-08-21,2,TIER1_NORMAL,
coinbase:1073147540|confirm,coinbase,BTC-USD,confirm,PRICING,False,2026-08-19,RESOLVED,2026-08-19,0,TIER1_NORMAL,
coinbase:1073147546|clearing,coinbase,BTC-USD,clearing,QUANTITY,False,2026-08-19,RESOLVED,2026-08-21,2,TIER1_NORMAL,
coinbase:1073147548|clearing,coinbase,BTC-USD,clearing,QUANTITY,False,2026-08-19,RESOLVED,2026-08-20,1,TIER1_NORMAL,
coinbase:1073147552|clearing,coinbase,BTC-USD,clearing,TIMING,True,2026-08-19,RESOLVED,2026-08-21,2,TIER1_NORMAL,
coinbase:1073147553|clearing,coinbase,BTC-USD,clearing,MISSING_RECORD,False,2026-08-19,RESOLVED,2026-08-20,1,TIER1_NORMAL,
coinbase:1073147558|clearing,coinbase,BTC-USD,clearing,TIMING,True,2026-08-19,RESOLVED,2026-08-19,0,TIER1_NORMAL,
coinbase:1073147568|clearing,coinbase,BTC-USD,clearing,QUANTITY,False,2026-08-19,RESOLVED,2026-08-21,2,TIER1_NORMAL,
coinbase:1073147571|clearing,coinbase,BTC-USD,clearing,PRICING,False,2026-08-19,RESOLVED,2026-08-19,0,TIER1_NORMAL,
coinbase:1073147571|confirm,coinbase,BTC-USD,confirm,TIMING,True,2026-08-19,RESOLVED,2026-08-21,2,TIER1_NORMAL,
coinbase:1073147581|clearing,coinbase,BTC-USD,clearing,PRICING,False,2026-08-19,RESOLVED,2026-08-20,1,TIER1_NORMAL,
coinbase:1073147590|confirm,coinbase,BTC-USD,confirm,QUANTITY,False,2026-08-19,RESOLVED,2026-08-19,0,TIER1_NORMAL,
coinbase:1073147591|clearing,coinbase,BTC-USD,clearing,PRICING,False,2026-08-19,RESOLVED,2026-08-21,2,TIER1_NORMAL,
coinbase:1073147591|confirm,coinbase,BTC-USD,confirm,TIMING,True,2026-08-19,RESOLVED,2026-08-19,0,TIER1_NORMAL,
coinbase:1073147594|clearing,coinbase,BTC-USD,clearing,QUANTITY,False,2026-08-19,RESOLVED,2026-08-21,2,TIER1_NORMAL,
coinbase:1073147596|clearing,coinbase,BTC-USD,clearing,QUANTITY,False,2026-08-19,RESOLVED,2026-08-19,0,TIER1_NORMAL,
coinbase:1073147596|confirm,coinbase,BTC-USD,confirm,QUANTITY,False,2026-08-19,RESOLVED,2026-08-19,0,TIER1_NORMAL,
coinbase:1073147599|clearing,coinbase,BTC-USD,clearing,QUANTITY,False,2026-08-19,RESOLVED,2026-08-19,0,TIER1_NORMAL,-0.00401798
coinbase:1073147605|confirm,coinbase,BTC-USD,confirm,REFERENCE_DATA,False,2026-08-19,RESOLVED,2026-08-19,0,TIER1_NORMAL,
coinbase:1073147606|confirm,coinbase,BTC-USD,confirm,MISSING_RECORD,False,2026-08-19,RESOLVED,2026-08-19,0,TIER1_NORMAL,
coinbase:1073147607|confirm,coinbase,BTC-USD,confirm,TIMING,True,2026-08-19,RESOLVED,2026-08-19,0,TIER1_NORMAL,
coinbase:1073147621|clearing,coinbase,BTC-USD,clearing,QUANTITY,False,2026-08-19,RESOLVED,2026-08-19,0,TIER1_NORMAL,
coinbase:1073147621|confirm,coinbase,BTC-USD,confirm,REFERENCE_DATA,False,2026-08-19,RESOLVED,2026-08-19,0,TIER1_NORMAL,
coinbase:1073147629|confirm,coinbase,BTC-USD,confirm,PRICING,False,2026-08-19,RESOLVED,2026-08-20,1,TIER1_NORMAL,
coinbase:1073147633|clearing,coinbase,BTC-USD,clearing,QUANTITY,False,2026-08-19,RESOLVED,2026-08-21,2,TIER1_NORMAL,
coinbase:1073147640|confirm,coinbase,BTC-USD,confirm,PRICING,False,2026-08-19,RESOLVED,2026-08-19,0,TIER1_NORMAL,
coinbase:1073147646|clearing,coinbase,BTC-USD,clearing,QUANTITY,False,2026-08-19,RESOLVED,2026-08-21,2,TIER1_NORMAL,
coinbase:1073147652|clearing,coinbase,BTC-USD,clearing,MISSING_RECORD,False,2026-08-19,RESOLVED,2026-08-21,2,TIER1_NORMAL,
coinbase:1073147658|confirm,coinbase,BTC-USD,confirm,QUANTITY,False,2026-08-19,RESOLVED,2026-08-19,0,TIER1_NORMAL,
coinbase:1073147661|clearing,coinbase,BTC-USD,clearing,PRICING,False,2026-08-19,RESOLVED,2026-08-19,0,TIER1_NORMAL,
coinbase:1073147681|confirm,coinbase,BTC-USD,confirm,PRICING,False,2026-08-19,RESOLVED,2026-08-19,0,TIER1_NORMAL,
coinbase:1073147683|clearing,coinbase,BTC-USD,clearing,MISSING_RECORD,False,2026-08-19,RESOLVED,2026-08-19,0,TIER1_NORMAL,
coinbase:1073147686|confirm,coinbase,BTC-USD,confirm,REFERENCE_DATA,False,2026-08-19,RESOLVED,2026-08-20,1,TIER1_NORMAL,
coinbase:1073147688|clearing,coinbase,BTC-USD,clearing,QUANTITY,False,2026-08-19,RESOLVED,2026-08-20,1,TIER1_NORMAL,
coinbase:1073147692|clearing,coinbase,BTC-USD,clearing,PRICING,False,2026-08-19,RESOLVED,2026-08-19,0,TIER1_NORMAL,
coinbase:1073147707|confirm,coinbase,BTC-USD,confirm,PRICING,False,2026-08-19,RESOLVED,2026-08-19,0,TIER1_NORMAL,
coinbase:1073147709|confirm,coinbase,BTC-USD,confirm,PRICING,False,2026-08-19,RESOLVED,2026-08-19,0,TIER1_NORMAL,
coinbase:1073147711|clearing,coinbase,BTC-USD,clearing,QUANTITY,False,2026-08-19,RESOLVED,2026-08-19,0,TIER1_NORMAL,
coinbase:1073147712|clearing,coinbase,BTC-USD,clearing,MISSING_RECORD,False,2026-08-19,RESOLVED,2026-08-19,0,TIER1_NORMAL,
coinbase:1073147713|confirm,coinbase,BTC-USD,confirm,QUANTITY,False,2026-08-19,RESOLVED,2026-08-19,0,TIER1_NORMAL,
coinbase:1073147718|clearing,coinbase,BTC-USD,clearing,QUANTITY,False,2026-08-19,RESOLVED,2026-08-20,1,TIER1_NORMAL,0.00000412
coinbase:1073147719|confirm,coinbase,BTC-USD,confirm,TIMING,True,2026-08-19,RESOLVED,2026-08-19,0,TIER1_NORMAL,
coinbase:1073147731|confirm,coinbase,BTC-USD,confirm,PRICING,False,2026-08-19,RESOLVED,2026-08-19,0,TIER1_NORMAL,
coinbase:1073147746|confirm,coinbase,BTC-USD,confirm,TIMING,True,2026-08-19,RESOLVED,2026-08-20,1,TIER1_NORMAL,
coinbase:1073147750|confirm,coinbase,BTC-USD,confirm,TIMING,True,2026-08-19,RESOLVED,2026-08-19,0,TIER1_NORMAL,
coinbase:1073147752|clearing,coinbase,BTC-USD,clearing,MISSING_RECORD,False,2026-08-19,RESOLVED,2026-08-21,2,TIER1_NORMAL,
coinbase:1073147754|confirm,coinbase,BTC-USD,confirm,PRICING,False,2026-08-19,RESOLVED,2026-08-21,2,TIER1_NORMAL,
coinbase:1073147762|confirm,coinbase,BTC-USD,confirm,PRICING,False,2026-08-19,RESOLVED,2026-08-19,0,TIER1_NORMAL,
coinbase:1073147768|clearing,coinbase,BTC-USD,clearing,QUANTITY,False,2026-08-19,RESOLVED,2026-08-19,0,TIER1_NORMAL,
coinbase:1073147772|confirm,coinbase,BTC-USD,confirm,QUANTITY,False,2026-08-19,RESOLVED,2026-08-20,1,TIER1_NORMAL,
coinbase:1073147778|confirm,coinbase,BTC-USD,confirm,PRICING,False,2026-08-19,RESOLVED,2026-08-19,0,TIER1_NORMAL,
coinbase:1073147791|clearing,coinbase,BTC-USD,clearing,QUANTITY,False,2026-08-19,RESOLVED,2026-08-20,1,TIER1_NORMAL,
coinbase:1073147792|clearing,coinbase,BTC-USD,clearing,MISSING_RECORD,False,2026-08-19,RESOLVED,2026-08-19,0,TIER1_NORMAL,
coinbase:1073147798|confirm,coinbase,BTC-USD,confirm,TIMING,True,2026-08-19,RESOLVED,2026-08-19,0,TIER1_NORMAL,
coinbase:1073147801|clearing,coinbase,BTC-USD,clearing,MISSING_RECORD,False,2026-08-19,RESOLVED,2026-08-21,2,TIER1_NORMAL,
coinbase:1073147810|clearing,coinbase,BTC-USD,clearing,QUANTITY,False,2026-08-19,RESOLVED,2026-08-20,1,TIER1_NORMAL,
coinbase:1073147828|clearing,coinbase,BTC-USD,clearing,TIMING,True,2026-08-19,RESOLVED,2026-08-20,1,TIER1_NORMAL,
coinbase:1073147842|confirm,coinbase,BTC-USD,confirm,MISSING_RECORD,False,2026-08-19,RESOLVED,2026-08-21,2,TIER1_NORMAL,
coinbase:1073147851|confirm,coinbase,BTC-USD,confirm,QUANTITY,False,2026-08-19,RESOLVED,2026-08-20,1,TIER1_NORMAL,
coinbase:1073147852|confirm,coinbase,BTC-USD,confirm,PRICING,False,2026-08-19,RESOLVED,2026-08-20,1,TIER1_NORMAL,
coinbase:1073147858|clearing,coinbase,BTC-USD,clearing,TIMING,True,2026-08-19,RESOLVED,2026-08-20,1,TIER1_NORMAL,
coinbase:1073147864|clearing,coinbase,BTC-USD,clearing,TIMING,True,2026-08-19,RESOLVED,2026-08-20,1,TIER1_NORMAL,
coinbase:1073147869|clearing,coinbase,BTC-USD,clearing,QUANTITY,False,2026-08-19,RESOLVED,2026-08-19,0,TIER1_NORMAL,0.00431590
coinbase:1073147870|confirm,coinbase,BTC-USD,confirm,TIMING,True,2026-08-19,RESOLVED,2026-08-20,1,TIER1_NORMAL,
coinbase:1073147872|clearing,coinbase,BTC-USD,clearing,MISSING_RECORD,False,2026-08-19,RESOLVED,2026-08-21,2,TIER1_NORMAL,
coinbase:1073147884|confirm,coinbase,BTC-USD,confirm,MISSING_RECORD,False,2026-08-19,RESOLVED,2026-08-19,0,TIER1_NORMAL,
coinbase:1073147894|clearing,coinbase,BTC-USD,clearing,MISSING_RECORD,False,2026-08-19,RESOLVED,2026-08-21,2,TIER1_NORMAL,
coinbase:1073147895|confirm,coinbase,BTC-USD,confirm,TIMING,True,2026-08-19,RESOLVED,2026-08-19,0,TIER1_NORMAL,
coinbase:1073147897|clearing,coinbase,BTC-USD,clearing,QUANTITY,False,2026-08-19,RESOLVED,2026-08-19,0,TIER1_NORMAL,
coinbase:1073147906|clearing,coinbase,BTC-USD,clearing,QUANTITY,False,2026-08-19,RESOLVED,2026-08-19,0,TIER1_NORMAL,
coinbase:1073147908|clearing,coinbase,BTC-USD,clearing,QUANTITY,False,2026-08-19,RESOLVED,2026-08-19,0,TIER1_NORMAL,
coinbase:1073147913|clearing,coinbase,BTC-USD,clearing,TIMING,True,2026-08-19,RESOLVED,2026-08-21,2,TIER1_NORMAL,
coinbase:1073147913|confirm,coinbase,BTC-USD,confirm,PRICING,False,2026-08-19,RESOLVED,2026-08-21,2,TIER1_NORMAL,
coinbase:1073147918|confirm,coinbase,BTC-USD,confirm,TIMING,True,2026-08-19,RESOLVED,2026-08-19,0,TIER1_NORMAL,
coinbase:1073147920|clearing,coinbase,BTC-USD,clearing,QUANTITY,False,2026-08-19,RESOLVED,2026-08-19,0,TIER1_NORMAL,
coinbase:1073147937|clearing,coinbase,BTC-USD,clearing,PRICING,False,2026-08-19,RESOLVED,2026-08-19,0,TIER1_NORMAL,
coinbase:1073147943|confirm,coinbase,BTC-USD,confirm,QUANTITY,False,2026-08-19,RESOLVED,2026-08-21,2,TIER1_NORMAL,
coinbase:1073147944|confirm,coinbase,BTC-USD,confirm,QUANTITY,False,2026-08-19,RESOLVED,2026-08-19,0,TIER1_NORMAL,
coinbase:1073147951|clearing,coinbase,BTC-USD,clearing,TIMING,True,2026-08-19,RESOLVED,2026-08-19,0,TIER1_NORMAL,-5.38654941
coinbase:1073147957|clearing,coinbase,BTC-USD,clearing,QUANTITY,False,2026-08-19,RESOLVED,2026-08-19,0,TIER1_NORMAL,
coinbase:1073147959|clearing,coinbase,BTC-USD,clearing,QUANTITY,False,2026-08-19,RESOLVED,2026-08-21,2,TIER1_NORMAL,
coinbase:1073147964|confirm,coinbase,BTC-USD,confirm,PRICING,False,2026-08-19,RESOLVED,2026-08-19,0,TIER1_NORMAL,
coinbase:1073147965|clearing,coinbase,BTC-USD,clearing,PRICING,False,2026-08-19,RESOLVED,2026-08-20,1,TIER1_NORMAL,
coinbase:1073147985|confirm,coinbase,BTC-USD,confirm,TIMING,True,2026-08-19,RESOLVED,2026-08-21,2,TIER1_NORMAL,
coinbase:1073147986|confirm,coinbase,BTC-USD,confirm,MISSING_RECORD,False,2026-08-19,RESOLVED,2026-08-19,0,TIER1_NORMAL,
coinbase:1073148006|confirm,coinbase,BTC-USD,confirm,PRICING,False,2026-08-19,RESOLVED,2026-08-21,2,TIER1_NORMAL,
coinbase:1073148008|clearing,coinbase,BTC-USD,clearing,QUANTITY,False,2026-08-19,RESOLVED,2026-08-20,1,TIER1_NORMAL,
coinbase:1073148011|clearing,coinbase,BTC-USD,clearing,QUANTITY,False,2026-08-19,RESOLVED,2026-08-19,0,TIER1_NORMAL,
coinbase:1073148017|confirm,coinbase,BTC-USD,confirm,TIMING,True,2026-08-19,RESOLVED,2026-08-19,0,TIER1_NORMAL,
coinbase:1073148024|clearing,coinbase,BTC-USD,clearing,MISSING_RECORD,False,2026-08-19,RESOLVED,2026-08-20,1,TIER1_NORMAL,
coinbase:1073148032|clearing,coinbase,BTC-USD,clearing,PRICING,False,2026-08-19,RESOLVED,2026-08-20,1,TIER1_NORMAL,
coinbase:1073148038|clearing,coinbase,BTC-USD,clearing,QUANTITY,False,2026-08-19,RESOLVED,2026-08-19,0,TIER1_NORMAL,
coinbase:1073148041|clearing,coinbase,BTC-USD,clearing,QUANTITY,False,2026-08-19,RESOLVED,2026-08-21,2,TIER1_NORMAL,
coinbase:1073148057|clearing,coinbase,BTC-USD,clearing,TIMING,True,2026-08-19,RESOLVED,2026-08-19,0,TIER1_NORMAL,
coinbase:1073148063|confirm,coinbase,BTC-USD,confirm,TIMING,True,2026-08-19,RESOLVED,2026-08-19,0,TIER1_NORMAL,
coinbase:1073148064|clearing,coinbase,BTC-USD,clearing,MISSING_RECORD,False,2026-08-19,RESOLVED,2026-08-19,0,TIER1_NORMAL,
coinbase:1073148066|clearing,coinbase,BTC-USD,clearing,TIMING,True,2026-08-19,RESOLVED,2026-08-21,2,TIER1_NORMAL,-0.04169748
coinbase:1073148073|confirm,coinbase,BTC-USD,confirm,QUANTITY,False,2026-08-19,RESOLVED,2026-08-19,0,TIER1_NORMAL,
coinbase:1073148077|clearing,coinbase,BTC-USD,clearing,QUANTITY,False,2026-08-19,RESOLVED,2026-08-19,0,TIER1_NORMAL,
coinbase:1073148085|clearing,coinbase,BTC-USD,clearing,MISSING_RECORD,False,2026-08-19,RESOLVED,2026-08-21,2,TIER1_NORMAL,
coinbase:1073148085|confirm,coinbase,BTC-USD,confirm,QUANTITY,False,2026-08-19,RESOLVED,2026-08-20,1,TIER1_NORMAL,
coinbase:1073148089|confirm,coinbase,BTC-USD,confirm,TIMING,True,2026-08-19,RESOLVED,2026-08-19,0,TIER1_NORMAL,
coinbase:1073148093|clearing,coinbase,BTC-USD,clearing,QUANTITY,False,2026-08-19,RESOLVED,2026-08-19,0,TIER1_NORMAL,
coinbase:1073148093|confirm,coinbase,BTC-USD,confirm,PRICING,False,2026-08-19,RESOLVED,2026-08-21,2,TIER1_NORMAL,
coinbase:1073148096|confirm,coinbase,BTC-USD,confirm,PRICING,False,2026-08-19,RESOLVED,2026-08-19,0,TIER1_NORMAL,
coinbase:1073148103|confirm,coinbase,BTC-USD,confirm,TIMING,True,2026-08-19,RESOLVED,2026-08-19,0,TIER1_NORMAL,
coinbase:1073148121|confirm,coinbase,BTC-USD,confirm,QUANTITY,False,2026-08-19,RESOLVED,2026-08-19,0,TIER1_NORMAL,
coinbase:1073148131|confirm,coinbase,BTC-USD,confirm,TIMING,True,2026-08-19,RESOLVED,2026-08-19,0,TIER1_NORMAL,
coinbase:1073148132|clearing,coinbase,BTC-USD,clearing,MISSING_RECORD,False,2026-08-19,RESOLVED,2026-08-19,0,TIER1_NORMAL,
coinbase:1073148141|confirm,coinbase,BTC-USD,confirm,QUANTITY,False,2026-08-19,RESOLVED,2026-08-19,0,TIER1_NORMAL,
coinbase:1073148148|clearing,coinbase,BTC-USD,clearing,PRICING,False,2026-08-19,RESOLVED,2026-08-19,0,TIER1_NORMAL,
coinbase:1073148149|confirm,coinbase,BTC-USD,confirm,PRICING,False,2026-08-19,RESOLVED,2026-08-21,2,TIER1_NORMAL,
coinbase:1073148159|clearing,coinbase,BTC-USD,clearing,PRICING,False,2026-08-19,RESOLVED,2026-08-21,2,TIER1_NORMAL,
coinbase:1073148164|clearing,coinbase,BTC-USD,clearing,MISSING_RECORD,False,2026-08-19,RESOLVED,2026-08-19,0,TIER1_NORMAL,
coinbase:1073148165|clearing,coinbase,BTC-USD,clearing,REFERENCE_DATA,False,2026-08-19,RESOLVED,2026-08-19,0,TIER1_NORMAL,
coinbase:1073148179|clearing,coinbase,BTC-USD,clearing,MISSING_RECORD,False,2026-08-19,RESOLVED,2026-08-19,0,TIER1_NORMAL,
coinbase:1073148181|clearing,coinbase,BTC-USD,clearing,TIMING,True,2026-08-19,RESOLVED,2026-08-19,0,TIER1_NORMAL,
coinbase:1073148183|clearing,coinbase,BTC-USD,clearing,QUANTITY,False,2026-08-19,RESOLVED,2026-08-19,0,TIER1_NORMAL,1.13004658
coinbase:1073148184|clearing,coinbase,BTC-USD,clearing,MISSING_RECORD,False,2026-08-19,RESOLVED,2026-08-21,2,TIER1_NORMAL,
coinbase:1073148190|confirm,coinbase,BTC-USD,confirm,MISSING_RECORD,False,2026-08-19,RESOLVED,2026-08-20,1,TIER1_NORMAL,
coinbase:1073148192|confirm,coinbase,BTC-USD,confirm,TIMING,True,2026-08-19,RESOLVED,2026-08-19,0,TIER1_NORMAL,
coinbase:1073148195|confirm,coinbase,BTC-USD,confirm,PRICING,False,2026-08-19,RESOLVED,2026-08-21,2,TIER1_NORMAL,
coinbase:1073148201|clearing,coinbase,BTC-USD,clearing,MISSING_RECORD,False,2026-08-19,RESOLVED,2026-08-20,1,TIER1_NORMAL,
coinbase:1073148202|clearing,coinbase,BTC-USD,clearing,QUANTITY,False,2026-08-19,RESOLVED,2026-08-21,2,TIER1_NORMAL,
coinbase:1073148205|clearing,coinbase,BTC-USD,clearing,REFERENCE_DATA,False,2026-08-19,RESOLVED,2026-08-19,0,TIER1_NORMAL,
coinbase:1073148205|confirm,coinbase,BTC-USD,confirm,MISSING_RECORD,False,2026-08-19,RESOLVED,2026-08-20,1,TIER1_NORMAL,
coinbase:1073148217|confirm,coinbase,BTC-USD,confirm,MISSING_RECORD,False,2026-08-19,RESOLVED,2026-08-19,0,TIER1_NORMAL,
coinbase:1073148221|clearing,coinbase,BTC-USD,clearing,TIMING,True,2026-08-19,RESOLVED,2026-08-19,0,TIER1_NORMAL,
coinbase:1073148222|confirm,coinbase,BTC-USD,confirm,PRICING,False,2026-08-19,RESOLVED,2026-08-19,0,TIER1_NORMAL,
coinbase:1073148245|clearing,coinbase,BTC-USD,clearing,PRICING,False,2026-08-19,RESOLVED,2026-08-19,0,TIER1_NORMAL,
coinbase:1073148259|clearing,coinbase,BTC-USD,clearing,TIMING,False,2026-08-19,RESOLVED,2026-08-19,0,TIER1_NORMAL,
coinbase:1073148259|confirm,coinbase,BTC-USD,confirm,TIMING,True,2026-08-19,RESOLVED,2026-08-21,2,TIER1_NORMAL,
coinbase:1073148282|clearing,coinbase,BTC-USD,clearing,PRICING,False,2026-08-19,RESOLVED,2026-08-20,1,TIER1_NORMAL,
coinbase:1073148283|confirm,coinbase,BTC-USD,confirm,MISSING_RECORD,False,2026-08-19,RESOLVED,2026-08-19,0,TIER1_NORMAL,0.00003708
coinbase:1073148294|confirm,coinbase,BTC-USD,confirm,PRICING,False,2026-08-19,RESOLVED,2026-08-19,0,TIER1_NORMAL,0.00317470
coinbase:1073148303|confirm,coinbase,BTC-USD,confirm,PRICING,False,2026-08-19,RESOLVED,2026-08-20,1,TIER1_NORMAL,
coinbase:1073148305|confirm,coinbase,BTC-USD,confirm,MISSING_RECORD,False,2026-08-19,RESOLVED,2026-08-19,0,TIER1_NORMAL,
coinbase:1073148312|clearing,coinbase,BTC-USD,clearing,TIMING,False,2026-08-19,RESOLVED,2026-08-19,0,TIER1_NORMAL,
coinbase:1073148312|confirm,coinbase,BTC-USD,confirm,MISSING_RECORD,False,2026-08-19,RESOLVED,2026-08-19,0,TIER1_NORMAL,
coinbase:1073148323|clearing,coinbase,BTC-USD,clearing,REFERENCE_DATA,False,2026-08-19,RESOLVED,2026-08-19,0,TIER1_NORMAL,
coinbase:1073148323|confirm,coinbase,BTC-USD,confirm,PRICING,False,2026-08-19,RESOLVED,2026-08-19,0,TIER1_NORMAL,
coinbase:1073148326|clearing,coinbase,BTC-USD,clearing,PRICING,False,2026-08-19,RESOLVED,2026-08-19,0,TIER1_NORMAL,
coinbase:1073148327|confirm,coinbase,BTC-USD,confirm,PRICING,False,2026-08-19,RESOLVED,2026-08-19,0,TIER1_NORMAL,
coinbase:1073148344|clearing,coinbase,BTC-USD,clearing,MISSING_RECORD,False,2026-08-19,RESOLVED,2026-08-19,0,TIER1_NORMAL,
coinbase:1073148363|confirm,coinbase,BTC-USD,confirm,TIMING,True,2026-08-19,RESOLVED,2026-08-19,0,TIER1_NORMAL,
coinbase:1073148365|clearing,coinbase,BTC-USD,clearing,PRICING,False,2026-08-19,RESOLVED,2026-08-19,0,TIER1_NORMAL,
coinbase:1073148365|confirm,coinbase,BTC-USD,confirm,QUANTITY,False,2026-08-19,RESOLVED,2026-08-19,0,TIER1_NORMAL,
coinbase:1073148368|confirm,coinbase,BTC-USD,confirm,REFERENCE_DATA,False,2026-08-19,RESOLVED,2026-08-19,0,TIER1_NORMAL,
coinbase:1073148372|clearing,coinbase,BTC-USD,clearing,TIMING,True,2026-08-19,RESOLVED,2026-08-19,0,TIER1_NORMAL,
coinbase:1073148379|confirm,coinbase,BTC-USD,confirm,QUANTITY,False,2026-08-19,RESOLVED,2026-08-19,0,TIER1_NORMAL,
coinbase:1073148381|clearing,coinbase,BTC-USD,clearing,QUANTITY,False,2026-08-19,RESOLVED,2026-08-20,1,TIER1_NORMAL,
coinbase:1073148384|confirm,coinbase,BTC-USD,confirm,PRICING,False,2026-08-19,RESOLVED,2026-08-20,1,TIER1_NORMAL,
coinbase:1073148386|confirm,coinbase,BTC-USD,confirm,REFERENCE_DATA,False,2026-08-19,RESOLVED,2026-08-20,1,TIER1_NORMAL,
coinbase:1073148394|clearing,coinbase,BTC-USD,clearing,PRICING,False,2026-08-19,RESOLVED,2026-08-20,1,TIER1_NORMAL,
coinbase:1073148403|confirm,coinbase,BTC-USD,confirm,PRICING,False,2026-08-19,RESOLVED,2026-08-19,0,TIER1_NORMAL,
coinbase:1073148410|confirm,coinbase,BTC-USD,confirm,TIMING,True,2026-08-19,RESOLVED,2026-08-21,2,TIER1_NORMAL,
coinbase:1073148419|confirm,coinbase,BTC-USD,confirm,MISSING_RECORD,False,2026-08-19,RESOLVED,2026-08-19,0,TIER1_NORMAL,
coinbase:1073148420|confirm,coinbase,BTC-USD,confirm,PRICING,False,2026-08-19,RESOLVED,2026-08-19,0,TIER1_NORMAL,
coinbase:1073148429|confirm,coinbase,BTC-USD,confirm,PRICING,False,2026-08-19,RESOLVED,2026-08-19,0,TIER1_NORMAL,
coinbase:1073148432|confirm,coinbase,BTC-USD,confirm,QUANTITY,False,2026-08-19,RESOLVED,2026-08-21,2,TIER1_NORMAL,
coinbase:1073148458|clearing,coinbase,BTC-USD,clearing,QUANTITY,False,2026-08-19,RESOLVED,2026-08-20,1,TIER1_NORMAL,
coinbase:1073148461|clearing,coinbase,BTC-USD,clearing,MISSING_RECORD,False,2026-08-19,RESOLVED,2026-08-21,2,TIER1_NORMAL,
coinbase:1073148465|confirm,coinbase,BTC-USD,confirm,TIMING,True,2026-08-19,RESOLVED,2026-08-19,0,TIER1_NORMAL,
coinbase:1073148472|clearing,coinbase,BTC-USD,clearing,PRICING,False,2026-08-19,RESOLVED,2026-08-19,0,TIER1_NORMAL,
coinbase:1073148474|clearing,coinbase,BTC-USD,clearing,TIMING,True,2026-08-19,RESOLVED,2026-08-20,1,TIER1_NORMAL,
coinbase:1073148475|clearing,coinbase,BTC-USD,clearing,MISSING_RECORD,False,2026-08-19,RESOLVED,2026-08-21,2,TIER1_NORMAL,
coinbase:1073148488|clearing,coinbase,BTC-USD,clearing,TIMING,True,2026-08-19,RESOLVED,2026-08-19,0,TIER1_NORMAL,
coinbase:1073148489|confirm,coinbase,BTC-USD,confirm,QUANTITY,False,2026-08-19,RESOLVED,2026-08-20,1,TIER1_NORMAL,
coinbase:1073148507|clearing,coinbase,BTC-USD,clearing,MISSING_RECORD,False,2026-08-19,RESOLVED,2026-08-19,0,TIER1_NORMAL,
coinbase:1073148508|confirm,coinbase,BTC-USD,confirm,PRICING,False,2026-08-19,RESOLVED,2026-08-21,2,TIER1_NORMAL,
coinbase:1073148509|clearing,coinbase,BTC-USD,clearing,MISSING_RECORD,False,2026-08-19,RESOLVED,2026-08-20,1,TIER1_NORMAL,
coinbase:1073148518|clearing,coinbase,BTC-USD,clearing,TIMING,True,2026-08-19,RESOLVED,2026-08-19,0,TIER1_NORMAL,
coinbase:1073148522|clearing,coinbase,BTC-USD,clearing,PRICING,False,2026-08-19,RESOLVED,2026-08-21,2,TIER1_NORMAL,
coinbase:1073148523|confirm,coinbase,BTC-USD,confirm,TIMING,True,2026-08-19,RESOLVED,2026-08-19,0,TIER1_NORMAL,
coinbase:1073148526|clearing,coinbase,BTC-USD,clearing,PRICING,False,2026-08-19,RESOLVED,2026-08-19,0,TIER1_NORMAL,
coinbase:1073148527|confirm,coinbase,BTC-USD,confirm,QUANTITY,False,2026-08-19,RESOLVED,2026-08-21,2,TIER1_NORMAL,
coinbase:1073148528|clearing,coinbase,BTC-USD,clearing,REFERENCE_DATA,False,2026-08-19,RESOLVED,2026-08-19,0,TIER1_NORMAL,
coinbase:1073148532|clearing,coinbase,BTC-USD,clearing,MISSING_RECORD,False,2026-08-19,RESOLVED,2026-08-21,2,TIER1_NORMAL,
coinbase:1073148533|clearing,coinbase,BTC-USD,clearing,MISSING_RECORD,False,2026-08-19,RESOLVED,2026-08-19,0,TIER1_NORMAL,
coinbase:1073148541|confirm,coinbase,BTC-USD,confirm,PRICING,False,2026-08-19,RESOLVED,2026-08-19,0,TIER1_NORMAL,
coinbase:1073148549|clearing,coinbase,BTC-USD,clearing,PRICING,False,2026-08-19,RESOLVED,2026-08-20,1,TIER1_NORMAL,
coinbase:1073148557|confirm,coinbase,BTC-USD,confirm,MISSING_RECORD,False,2026-08-19,RESOLVED,2026-08-19,0,TIER1_NORMAL,
coinbase:1073148560|confirm,coinbase,BTC-USD,confirm,QUANTITY,False,2026-08-19,RESOLVED,2026-08-19,0,TIER1_NORMAL,
coinbase:1073148561|clearing,coinbase,BTC-USD,clearing,QUANTITY,False,2026-08-19,RESOLVED,2026-08-19,0,TIER1_NORMAL,
coinbase:1073148562|confirm,coinbase,BTC-USD,confirm,MISSING_RECORD,False,2026-08-19,RESOLVED,2026-08-19,0,TIER1_NORMAL,
coinbase:1073148563|confirm,coinbase,BTC-USD,confirm,PRICING,False,2026-08-19,RESOLVED,2026-08-21,2,TIER1_NORMAL,
coinbase:1073148564|clearing,coinbase,BTC-USD,clearing,TIMING,True,2026-08-19,RESOLVED,2026-08-19,0,TIER1_NORMAL,
coinbase:1073148570|confirm,coinbase,BTC-USD,confirm,REFERENCE_DATA,False,2026-08-19,RESOLVED,2026-08-20,1,TIER1_NORMAL,
coinbase:1073148577|clearing,coinbase,BTC-USD,clearing,PRICING,False,2026-08-19,RESOLVED,2026-08-20,1,TIER1_NORMAL,
coinbase:1073148584|clearing,coinbase,BTC-USD,clearing,TIMING,True,2026-08-19,RESOLVED,2026-08-20,1,TIER1_NORMAL,
coinbase:1073148585|confirm,coinbase,BTC-USD,confirm,QUANTITY,False,2026-08-19,RESOLVED,2026-08-19,0,TIER1_NORMAL,
coinbase:1073148586|clearing,coinbase,BTC-USD,clearing,PRICING,False,2026-08-19,RESOLVED,2026-08-19,0,TIER1_NORMAL,
coinbase:1073148603|clearing,coinbase,BTC-USD,clearing,MISSING_RECORD,False,2026-08-19,RESOLVED,2026-08-20,1,TIER1_NORMAL,
coinbase:1073148608|clearing,coinbase,BTC-USD,clearing,MISSING_RECORD,False,2026-08-19,RESOLVED,2026-08-21,2,TIER1_NORMAL,
coinbase:1073148618|confirm,coinbase,BTC-USD,confirm,PRICING,False,2026-08-19,RESOLVED,2026-08-19,0,TIER1_NORMAL,
coinbase:1073148619|clearing,coinbase,BTC-USD,clearing,PRICING,False,2026-08-19,RESOLVED,2026-08-19,0,TIER1_NORMAL,
coinbase:1073148637|clearing,coinbase,BTC-USD,clearing,TIMING,True,2026-08-19,RESOLVED,2026-08-19,0,TIER1_NORMAL,
coinbase:1073148637|confirm,coinbase,BTC-USD,confirm,PRICING,False,2026-08-19,RESOLVED,2026-08-19,0,TIER1_NORMAL,
coinbase:1073148654|confirm,coinbase,BTC-USD,confirm,MISSING_RECORD,False,2026-08-19,RESOLVED,2026-08-21,2,TIER1_NORMAL,
coinbase:1073148655|clearing,coinbase,BTC-USD,clearing,QUANTITY,False,2026-08-19,RESOLVED,2026-08-19,0,TIER1_NORMAL,
coinbase:1073148659|confirm,coinbase,BTC-USD,confirm,PRICING,False,2026-08-19,RESOLVED,2026-08-20,1,TIER1_NORMAL,
coinbase:1073148660|confirm,coinbase,BTC-USD,confirm,PRICING,False,2026-08-19,RESOLVED,2026-08-19,0,TIER1_NORMAL,
coinbase:1073148662|confirm,coinbase,BTC-USD,confirm,PRICING,False,2026-08-19,RESOLVED,2026-08-19,0,TIER1_NORMAL,
coinbase:1073148663|clearing,coinbase,BTC-USD,clearing,QUANTITY,False,2026-08-19,RESOLVED,2026-08-20,1,TIER1_NORMAL,
coinbase:1073148666|confirm,coinbase,BTC-USD,confirm,MISSING_RECORD,False,2026-08-19,RESOLVED,2026-08-19,0,TIER1_NORMAL,
coinbase:1073148669|confirm,coinbase,BTC-USD,confirm,TIMING,True,2026-08-19,RESOLVED,2026-08-19,0,TIER1_NORMAL,
coinbase:1073148674|clearing,coinbase,BTC-USD,clearing,REFERENCE_DATA,False,2026-08-19,RESOLVED,2026-08-19,0,TIER1_NORMAL,
coinbase:1073148675|clearing,coinbase,BTC-USD,clearing,TIMING,True,2026-08-19,RESOLVED,2026-08-19,0,TIER1_NORMAL,
coinbase:1073148695|clearing,coinbase,BTC-USD,clearing,PRICING,False,2026-08-19,RESOLVED,2026-08-19,0,TIER1_NORMAL,
coinbase:1073148700|confirm,coinbase,BTC-USD,confirm,REFERENCE_DATA,False,2026-08-19,RESOLVED,2026-08-20,1,TIER1_NORMAL,
coinbase:1073148701|confirm,coinbase,BTC-USD,confirm,TIMING,True,2026-08-19,RESOLVED,2026-08-21,2,TIER1_NORMAL,
coinbase:1073148703|clearing,coinbase,BTC-USD,clearing,TIMING,True,2026-08-19,RESOLVED,2026-08-19,0,TIER1_NORMAL,
coinbase:1073148712|confirm,coinbase,BTC-USD,confirm,PRICING,False,2026-08-19,RESOLVED,2026-08-19,0,TIER1_NORMAL,
coinbase:1073148720|confirm,coinbase,BTC-USD,confirm,REFERENCE_DATA,False,2026-08-19,RESOLVED,2026-08-19,0,TIER1_NORMAL,
coinbase:1073148724|confirm,coinbase,BTC-USD,confirm,MISSING_RECORD,False,2026-08-19,RESOLVED,2026-08-19,0,TIER1_NORMAL,
coinbase:1073148732|clearing,coinbase,BTC-USD,clearing,PRICING,False,2026-08-19,RESOLVED,2026-08-19,0,TIER1_NORMAL,
coinbase:1073148740|clearing,coinbase,BTC-USD,clearing,PRICING,False,2026-08-19,RESOLVED,2026-08-20,1,TIER1_NORMAL,
coinbase:1073148745|clearing,coinbase,BTC-USD,clearing,MISSING_RECORD,False,2026-08-19,RESOLVED,2026-08-21,2,TIER1_NORMAL,
coinbase:1073148745|confirm,coinbase,BTC-USD,confirm,PRICING,False,2026-08-19,RESOLVED,2026-08-19,0,TIER1_NORMAL,
coinbase:1073148748|confirm,coinbase,BTC-USD,confirm,MISSING_RECORD,False,2026-08-19,RESOLVED,2026-08-20,1,TIER1_NORMAL,
coinbase:1073148769|clearing,coinbase,BTC-USD,clearing,MISSING_RECORD,False,2026-08-19,RESOLVED,2026-08-20,1,TIER1_NORMAL,
coinbase:1073148769|confirm,coinbase,BTC-USD,confirm,TIMING,True,2026-08-19,RESOLVED,2026-08-19,0,TIER1_NORMAL,
coinbase:1073148770|confirm,coinbase,BTC-USD,confirm,TIMING,True,2026-08-19,RESOLVED,2026-08-19,0,TIER1_NORMAL,
coinbase:1073148772|confirm,coinbase,BTC-USD,confirm,QUANTITY,False,2026-08-19,RESOLVED,2026-08-19,0,TIER1_NORMAL,-0.00017110
coinbase:1073148774|clearing,coinbase,BTC-USD,clearing,QUANTITY,False,2026-08-19,RESOLVED,2026-08-19,0,TIER1_NORMAL,
coinbase:1073148781|confirm,coinbase,BTC-USD,confirm,PRICING,False,2026-08-19,RESOLVED,2026-08-19,0,TIER1_NORMAL,
coinbase:1073148795|confirm,coinbase,BTC-USD,confirm,PRICING,False,2026-08-19,RESOLVED,2026-08-21,2,TIER1_NORMAL,
coinbase:1073148796|confirm,coinbase,BTC-USD,confirm,QUANTITY,False,2026-08-19,RESOLVED,2026-08-20,1,TIER1_NORMAL,
coinbase:1073148799|confirm,coinbase,BTC-USD,confirm,QUANTITY,False,2026-08-19,RESOLVED,2026-08-19,0,TIER1_NORMAL,
coinbase:1073148807|clearing,coinbase,BTC-USD,clearing,MISSING_RECORD,False,2026-08-19,RESOLVED,2026-08-19,0,TIER1_NORMAL,
coinbase:1073148814|confirm,coinbase,BTC-USD,confirm,QUANTITY,False,2026-08-19,RESOLVED,2026-08-19,0,TIER1_NORMAL,
coinbase:1073148823|clearing,coinbase,BTC-USD,clearing,QUANTITY,False,2026-08-19,RESOLVED,2026-08-21,2,TIER1_NORMAL,
coinbase:1073148835|confirm,coinbase,BTC-USD,confirm,PRICING,False,2026-08-19,RESOLVED,2026-08-19,0,TIER1_NORMAL,
coinbase:1073148837|clearing,coinbase,BTC-USD,clearing,TIMING,True,2026-08-19,RESOLVED,2026-08-19,0,TIER1_NORMAL,
coinbase:1073148842|clearing,coinbase,BTC-USD,clearing,TIMING,True,2026-08-19,RESOLVED,2026-08-21,2,TIER1_NORMAL,
coinbase:1073148844|confirm,coinbase,BTC-USD,confirm,TIMING,True,2026-08-19,RESOLVED,2026-08-20,1,TIER1_NORMAL,
coinbase:1073148857|clearing,coinbase,BTC-USD,clearing,QUANTITY,False,2026-08-19,RESOLVED,2026-08-19,0,TIER1_NORMAL,
coinbase:1073148869|clearing,coinbase,BTC-USD,clearing,TIMING,True,2026-08-19,RESOLVED,2026-08-19,0,TIER1_NORMAL,
coinbase:1073148878|clearing,coinbase,BTC-USD,clearing,REFERENCE_DATA,False,2026-08-19,RESOLVED,2026-08-19,0,TIER1_NORMAL,
coinbase:1073148884|confirm,coinbase,BTC-USD,confirm,PRICING,False,2026-08-19,RESOLVED,2026-08-19,0,TIER1_NORMAL,
coinbase:1073148888|clearing,coinbase,BTC-USD,clearing,MISSING_RECORD,False,2026-08-19,RESOLVED,2026-08-19,0,TIER1_NORMAL,
coinbase:1073148895|clearing,coinbase,BTC-USD,clearing,TIMING,True,2026-08-19,RESOLVED,2026-08-21,2,TIER1_NORMAL,
coinbase:1073148896|confirm,coinbase,BTC-USD,confirm,TIMING,True,2026-08-19,RESOLVED,2026-08-20,1,TIER1_NORMAL,
coinbase:1073148898|clearing,coinbase,BTC-USD,clearing,QUANTITY,False,2026-08-19,RESOLVED,2026-08-19,0,TIER1_NORMAL,
coinbase:1073148900|clearing,coinbase,BTC-USD,clearing,QUANTITY,False,2026-08-19,RESOLVED,2026-08-21,2,TIER1_NORMAL,
coinbase:1073148903|clearing,coinbase,BTC-USD,clearing,MISSING_RECORD,False,2026-08-19,RESOLVED,2026-08-19,0,TIER1_NORMAL,
coinbase:1073148905|clearing,coinbase,BTC-USD,clearing,PRICING,False,2026-08-19,RESOLVED,2026-08-19,0,TIER1_NORMAL,0.00840975
coinbase:1073148908|clearing,coinbase,BTC-USD,clearing,REFERENCE_DATA,False,2026-08-19,RESOLVED,2026-08-19,0,TIER1_NORMAL,
coinbase:1073148921|confirm,coinbase,BTC-USD,confirm,TIMING,True,2026-08-19,RESOLVED,2026-08-20,1,TIER1_NORMAL,-0.00298013
coinbase:1073148944|confirm,coinbase,BTC-USD,confirm,QUANTITY,False,2026-08-19,RESOLVED,2026-08-21,2,TIER1_NORMAL,
coinbase:1073148954|confirm,coinbase,BTC-USD,confirm,TIMING,True,2026-08-19,RESOLVED,2026-08-20,1,TIER1_NORMAL,
coinbase:1073148961|clearing,coinbase,BTC-USD,clearing,PRICING,False,2026-08-19,RESOLVED,2026-08-19,0,TIER1_NORMAL,
coinbase:1073148961|confirm,coinbase,BTC-USD,confirm,PRICING,False,2026-08-19,RESOLVED,2026-08-21,2,TIER1_NORMAL,
coinbase:1073148972|confirm,coinbase,BTC-USD,confirm,QUANTITY,False,2026-08-19,RESOLVED,2026-08-20,1,TIER1_NORMAL,
coinbase:1073148978|confirm,coinbase,BTC-USD,confirm,QUANTITY,False,2026-08-19,RESOLVED,2026-08-21,2,TIER1_NORMAL,
coinbase:1073148992|clearing,coinbase,BTC-USD,clearing,PRICING,False,2026-08-19,RESOLVED,2026-08-20,1,TIER1_NORMAL,
coinbase:1073148998|clearing,coinbase,BTC-USD,clearing,TIMING,True,2026-08-19,RESOLVED,2026-08-19,0,TIER1_NORMAL,179.99999220
coinbase:1073149000|confirm,coinbase,BTC-USD,confirm,MISSING_RECORD,False,2026-08-19,RESOLVED,2026-08-20,1,TIER1_NORMAL,
coinbase:1073149001|clearing,coinbase,BTC-USD,clearing,QUANTITY,False,2026-08-19,RESOLVED,2026-08-19,0,TIER1_NORMAL,
coinbase:1073149008|clearing,coinbase,BTC-USD,clearing,QUANTITY,False,2026-08-19,RESOLVED,2026-08-19,0,TIER1_NORMAL,
coinbase:1073149015|clearing,coinbase,BTC-USD,clearing,MISSING_RECORD,False,2026-08-19,RESOLVED,2026-08-19,0,TIER1_NORMAL,
coinbase:1073149016|clearing,coinbase,BTC-USD,clearing,TIMING,True,2026-08-19,RESOLVED,2026-08-21,2,TIER1_NORMAL,
coinbase:1073149027|clearing,coinbase,BTC-USD,clearing,PRICING,False,2026-08-19,RESOLVED,2026-08-20,1,TIER1_NORMAL,
coinbase:1073149043|clearing,coinbase,BTC-USD,clearing,QUANTITY,False,2026-08-19,RESOLVED,2026-08-19,0,TIER1_NORMAL,
coinbase:1073149075|confirm,coinbase,BTC-USD,confirm,MISSING_RECORD,False,2026-08-19,RESOLVED,2026-08-21,2,TIER1_NORMAL,
coinbase:1073149076|confirm,coinbase,BTC-USD,confirm,TIMING,True,2026-08-19,RESOLVED,2026-08-20,1,TIER1_NORMAL,
coinbase:1073149078|clearing,coinbase,BTC-USD,clearing,TIMING,True,2026-08-19,RESOLVED,2026-08-21,2,TIER1_NORMAL,
coinbase:1073149097|confirm,coinbase,BTC-USD,confirm,MISSING_RECORD,False,2026-08-19,RESOLVED,2026-08-21,2,TIER1_NORMAL,
coinbase:1073149098|clearing,coinbase,BTC-USD,clearing,PRICING,False,2026-08-19,RESOLVED,2026-08-19,0,TIER1_NORMAL,
coinbase:1073149102|clearing,coinbase,BTC-USD,clearing,REFERENCE_DATA,False,2026-08-19,RESOLVED,2026-08-19,0,TIER1_NORMAL,
coinbase:1073149103|confirm,coinbase,BTC-USD,confirm,QUANTITY,False,2026-08-19,RESOLVED,2026-08-21,2,TIER1_NORMAL,
coinbase:1073149104|clearing,coinbase,BTC-USD,clearing,MISSING_RECORD,False,2026-08-19,RESOLVED,2026-08-19,0,TIER1_NORMAL,
coinbase:1073149127|confirm,coinbase,BTC-USD,confirm,TIMING,True,2026-08-19,RESOLVED,2026-08-21,2,TIER1_NORMAL,
coinbase:1073149139|clearing,coinbase,BTC-USD,clearing,PRICING,False,2026-08-19,RESOLVED,2026-08-21,2,TIER1_NORMAL,
coinbase:1073149142|clearing,coinbase,BTC-USD,clearing,PRICING,False,2026-08-19,RESOLVED,2026-08-20,1,TIER1_NORMAL,
coinbase:1073149148|confirm,coinbase,BTC-USD,confirm,PRICING,False,2026-08-19,RESOLVED,2026-08-19,0,TIER1_NORMAL,
coinbase:1073149151|confirm,coinbase,BTC-USD,confirm,MISSING_RECORD,False,2026-08-19,RESOLVED,2026-08-20,1,TIER1_NORMAL,
coinbase:1073149161|clearing,coinbase,BTC-USD,clearing,MISSING_RECORD,False,2026-08-19,RESOLVED,2026-08-19,0,TIER1_NORMAL,
coinbase:1073149168|confirm,coinbase,BTC-USD,confirm,QUANTITY,False,2026-08-19,RESOLVED,2026-08-20,1,TIER1_NORMAL,
coinbase:1073149175|clearing,coinbase,BTC-USD,clearing,MISSING_RECORD,False,2026-08-19,RESOLVED,2026-08-21,2,TIER1_NORMAL,
coinbase:1073149179|confirm,coinbase,BTC-USD,confirm,PRICING,False,2026-08-19,RESOLVED,2026-08-19,0,TIER1_NORMAL,
coinbase:1073149193|clearing,coinbase,BTC-USD,clearing,QUANTITY,False,2026-08-19,RESOLVED,2026-08-20,1,TIER1_NORMAL,
coinbase:1073149193|confirm,coinbase,BTC-USD,confirm,QUANTITY,False,2026-08-19,RESOLVED,2026-08-19,0,TIER1_NORMAL,
coinbase:1073149194|confirm,coinbase,BTC-USD,confirm,MISSING_RECORD,False,2026-08-19,RESOLVED,2026-08-19,0,TIER1_NORMAL,-0.00036326
coinbase:1073149198|clearing,coinbase,BTC-USD,clearing,PRICING,False,2026-08-19,RESOLVED,2026-08-20,1,TIER1_NORMAL,
coinbase:1073149200|clearing,coinbase,BTC-USD,clearing,QUANTITY,False,2026-08-19,RESOLVED,2026-08-21,2,TIER1_NORMAL,
coinbase:1073149200|confirm,coinbase,BTC-USD,confirm,MISSING_RECORD,False,2026-08-19,RESOLVED,2026-08-19,0,TIER1_NORMAL,
coinbase:1073149201|confirm,coinbase,BTC-USD,confirm,MISSING_RECORD,False,2026-08-19,RESOLVED,2026-08-21,2,TIER1_NORMAL,
coinbase:1073149207|clearing,coinbase,BTC-USD,clearing,REFERENCE_DATA,False,2026-08-19,RESOLVED,2026-08-20,1,TIER1_NORMAL,
coinbase:1073149215|confirm,coinbase,BTC-USD,confirm,MISSING_RECORD,False,2026-08-19,RESOLVED,2026-08-19,0,TIER1_NORMAL,
coinbase:1073149221|clearing,coinbase,BTC-USD,clearing,TIMING,True,2026-08-19,RESOLVED,2026-08-19,0,TIER1_NORMAL,
coinbase:1073149221|confirm,coinbase,BTC-USD,confirm,PRICING,False,2026-08-19,RESOLVED,2026-08-19,0,TIER1_NORMAL,
coinbase:1073149225|confirm,coinbase,BTC-USD,confirm,MISSING_RECORD,False,2026-08-19,RESOLVED,2026-08-20,1,TIER1_NORMAL,
coinbase:1073149233|clearing,coinbase,BTC-USD,clearing,MISSING_RECORD,False,2026-08-19,RESOLVED,2026-08-21,2,TIER1_NORMAL,
coinbase:1073149234|confirm,coinbase,BTC-USD,confirm,PRICING,False,2026-08-19,RESOLVED,2026-08-21,2,TIER1_NORMAL,0.00232675
coinbase:1073149239|clearing,coinbase,BTC-USD,clearing,MISSING_RECORD,False,2026-08-19,RESOLVED,2026-08-21,2,TIER1_NORMAL,
coinbase:1073149242|clearing,coinbase,BTC-USD,clearing,TIMING,True,2026-08-19,RESOLVED,2026-08-20,1,TIER1_NORMAL,
coinbase:1073149247|clearing,coinbase,BTC-USD,clearing,QUANTITY,False,2026-08-19,RESOLVED,2026-08-19,0,TIER1_NORMAL,
coinbase:1073149249|clearing,coinbase,BTC-USD,clearing,QUANTITY,False,2026-08-19,RESOLVED,2026-08-21,2,TIER1_NORMAL,
coinbase:1073149252|confirm,coinbase,BTC-USD,confirm,QUANTITY,False,2026-08-19,RESOLVED,2026-08-19,0,TIER1_NORMAL,
coinbase:1073149270|clearing,coinbase,BTC-USD,clearing,MISSING_RECORD,False,2026-08-19,RESOLVED,2026-08-19,0,TIER1_NORMAL,
coinbase:1073149272|clearing,coinbase,BTC-USD,clearing,PRICING,False,2026-08-19,RESOLVED,2026-08-19,0,TIER1_NORMAL,
coinbase:1073149276|confirm,coinbase,BTC-USD,confirm,PRICING,False,2026-08-19,RESOLVED,2026-08-20,1,TIER1_NORMAL,0.00000412
coinbase:1073149294|confirm,coinbase,BTC-USD,confirm,PRICING,False,2026-08-19,RESOLVED,2026-08-20,1,TIER1_NORMAL,
coinbase:1073149296|confirm,coinbase,BTC-USD,confirm,PRICING,False,2026-08-19,RESOLVED,2026-08-19,0,TIER1_NORMAL,
coinbase:1073149297|clearing,coinbase,BTC-USD,clearing,TIMING,True,2026-08-19,RESOLVED,2026-08-19,0,TIER1_NORMAL,
coinbase:1073149308|clearing,coinbase,BTC-USD,clearing,PRICING,False,2026-08-19,RESOLVED,2026-08-19,0,TIER1_NORMAL,
coinbase:1073149309|clearing,coinbase,BTC-USD,clearing,QUANTITY,False,2026-08-19,RESOLVED,2026-08-20,1,TIER1_NORMAL,
coinbase:1073149314|clearing,coinbase,BTC-USD,clearing,QUANTITY,False,2026-08-19,RESOLVED,2026-08-19,0,TIER1_NORMAL,
coinbase:1073149316|confirm,coinbase,BTC-USD,confirm,REFERENCE_DATA,False,2026-08-19,RESOLVED,2026-08-19,0,TIER1_NORMAL,
coinbase:1073149317|confirm,coinbase,BTC-USD,confirm,MISSING_RECORD,False,2026-08-19,RESOLVED,2026-08-19,0,TIER1_NORMAL,
coinbase:1073149323|confirm,coinbase,BTC-USD,confirm,TIMING,True,2026-08-19,RESOLVED,2026-08-21,2,TIER1_NORMAL,-0.00393634
coinbase:1073149327|confirm,coinbase,BTC-USD,confirm,PRICING,False,2026-08-19,RESOLVED,2026-08-19,0,TIER1_NORMAL,
coinbase:1073149330|clearing,coinbase,BTC-USD,clearing,TIMING,True,2026-08-19,RESOLVED,2026-08-19,0,TIER1_NORMAL,
coinbase:1073149358|confirm,coinbase,BTC-USD,confirm,REFERENCE_DATA,False,2026-08-19,RESOLVED,2026-08-19,0,TIER1_NORMAL,
coinbase:1073149359|confirm,coinbase,BTC-USD,confirm,MISSING_RECORD,False,2026-08-19,RESOLVED,2026-08-21,2,TIER1_NORMAL,
coinbase:1073149365|confirm,coinbase,BTC-USD,confirm,MISSING_RECORD,False,2026-08-19,RESOLVED,2026-08-20,1,TIER1_NORMAL,
coinbase:1073149368|confirm,coinbase,BTC-USD,confirm,MISSING_RECORD,False,2026-08-19,RESOLVED,2026-08-19,0,TIER1_NORMAL,
coinbase:1073149379|confirm,coinbase,BTC-USD,confirm,QUANTITY,False,2026-08-19,RESOLVED,2026-08-21,2,TIER1_NORMAL,
coinbase:1073149397|clearing,coinbase,BTC-USD,clearing,TIMING,True,2026-08-19,RESOLVED,2026-08-19,0,TIER1_NORMAL,
coinbase:1073149400|confirm,coinbase,BTC-USD,confirm,QUANTITY,False,2026-08-19,RESOLVED,2026-08-20,1,TIER1_NORMAL,
coinbase:1073149402|clearing,coinbase,BTC-USD,clearing,TIMING,True,2026-08-19,RESOLVED,2026-08-20,1,TIER1_NORMAL,
coinbase:1073149428|clearing,coinbase,BTC-USD,clearing,MISSING_RECORD,False,2026-08-19,RESOLVED,2026-08-19,0,TIER1_NORMAL,
coinbase:1073149429|confirm,coinbase,BTC-USD,confirm,QUANTITY,False,2026-08-19,RESOLVED,2026-08-19,0,TIER1_NORMAL,
coinbase:1073149434|clearing,coinbase,BTC-USD,clearing,MISSING_RECORD,False,2026-08-19,RESOLVED,2026-08-19,0,TIER1_NORMAL,
coinbase:1073149438|clearing,coinbase,BTC-USD,clearing,QUANTITY,False,2026-08-19,RESOLVED,2026-08-19,0,TIER1_NORMAL,
coinbase:1073149451|clearing,coinbase,BTC-USD,clearing,PRICING,False,2026-08-19,RESOLVED,2026-08-21,2,TIER1_NORMAL,
coinbase:1073149455|confirm,coinbase,BTC-USD,confirm,QUANTITY,False,2026-08-19,RESOLVED,2026-08-20,1,TIER1_NORMAL,
coinbase:1073149456|clearing,coinbase,BTC-USD,clearing,PRICING,False,2026-08-19,RESOLVED,2026-08-19,0,TIER1_NORMAL,
coinbase:1073149462|clearing,coinbase,BTC-USD,clearing,QUANTITY,False,2026-08-19,RESOLVED,2026-08-21,2,TIER1_NORMAL,
coinbase:1073149469|confirm,coinbase,BTC-USD,confirm,PRICING,False,2026-08-19,RESOLVED,2026-08-19,0,TIER1_NORMAL,
coinbase:1073149474|confirm,coinbase,BTC-USD,confirm,QUANTITY,False,2026-08-19,RESOLVED,2026-08-19,0,TIER1_NORMAL,
coinbase:1073149476|confirm,coinbase,BTC-USD,confirm,PRICING,False,2026-08-19,RESOLVED,2026-08-19,0,TIER1_NORMAL,
coinbase:1073149489|confirm,coinbase,BTC-USD,confirm,TIMING,True,2026-08-19,RESOLVED,2026-08-20,1,TIER1_NORMAL,
coinbase:1073149505|confirm,coinbase,BTC-USD,confirm,QUANTITY,False,2026-08-19,RESOLVED,2026-08-21,2,TIER1_NORMAL,
coinbase:1073149517|clearing,coinbase,BTC-USD,clearing,MISSING_RECORD,False,2026-08-19,RESOLVED,2026-08-20,1,TIER1_NORMAL,
coinbase:1073149520|clearing,coinbase,BTC-USD,clearing,QUANTITY,False,2026-08-19,RESOLVED,2026-08-21,2,TIER1_NORMAL,
coinbase:1073149520|confirm,coinbase,BTC-USD,confirm,TIMING,True,2026-08-19,RESOLVED,2026-08-19,0,TIER1_NORMAL,
coinbase:1073149523|confirm,coinbase,BTC-USD,confirm,PRICING,False,2026-08-19,RESOLVED,2026-08-20,1,TIER1_NORMAL,
coinbase:1073149527|confirm,coinbase,BTC-USD,confirm,TIMING,True,2026-08-19,RESOLVED,2026-08-20,1,TIER1_NORMAL,
coinbase:1073149539|clearing,coinbase,BTC-USD,clearing,QUANTITY,False,2026-08-19,RESOLVED,2026-08-19,0,TIER1_NORMAL,
coinbase:1073149543|confirm,coinbase,BTC-USD,confirm,REFERENCE_DATA,False,2026-08-19,RESOLVED,2026-08-19,0,TIER1_NORMAL,
coinbase:1073149551|clearing,coinbase,BTC-USD,clearing,QUANTITY,False,2026-08-19,RESOLVED,2026-08-19,0,TIER1_NORMAL,
coinbase:1073149551|confirm,coinbase,BTC-USD,confirm,PRICING,False,2026-08-19,RESOLVED,2026-08-20,1,TIER1_NORMAL,
coinbase:1073149554|confirm,coinbase,BTC-USD,confirm,PRICING,False,2026-08-19,RESOLVED,2026-08-21,2,TIER1_NORMAL,
coinbase:1073149565|confirm,coinbase,BTC-USD,confirm,QUANTITY,False,2026-08-19,RESOLVED,2026-08-19,0,TIER1_NORMAL,
coinbase:1073149570|confirm,coinbase,BTC-USD,confirm,MISSING_RECORD,False,2026-08-19,RESOLVED,2026-08-19,0,TIER1_NORMAL,
coinbase:1073149571|confirm,coinbase,BTC-USD,confirm,TIMING,True,2026-08-19,RESOLVED,2026-08-19,0,TIER1_NORMAL,0.48507010
coinbase:1073149572|clearing,coinbase,BTC-USD,clearing,MISSING_RECORD,False,2026-08-19,RESOLVED,2026-08-19,0,TIER1_NORMAL,
coinbase:1073149573|confirm,coinbase,BTC-USD,confirm,REFERENCE_DATA,False,2026-08-19,RESOLVED,2026-08-19,0,TIER1_NORMAL,
coinbase:1073149575|clearing,coinbase,BTC-USD,clearing,TIMING,True,2026-08-19,RESOLVED,2026-08-19,0,TIER1_NORMAL,
coinbase:1073149585|clearing,coinbase,BTC-USD,clearing,TIMING,False,2026-08-19,RESOLVED,2026-08-21,2,TIER1_NORMAL,
coinbase:1073149585|confirm,coinbase,BTC-USD,confirm,TIMING,True,2026-08-19,RESOLVED,2026-08-19,0,TIER1_NORMAL,
coinbase:1073149594|clearing,coinbase,BTC-USD,clearing,MISSING_RECORD,False,2026-08-19,RESOLVED,2026-08-19,0,TIER1_NORMAL,
coinbase:1073149599|clearing,coinbase,BTC-USD,clearing,PRICING,False,2026-08-19,RESOLVED,2026-08-21,2,TIER1_NORMAL,
coinbase:1073149604|clearing,coinbase,BTC-USD,clearing,PRICING,False,2026-08-19,RESOLVED,2026-08-20,1,TIER1_NORMAL,
coinbase:1073149617|clearing,coinbase,BTC-USD,clearing,REFERENCE_DATA,False,2026-08-19,RESOLVED,2026-08-19,0,TIER1_NORMAL,
coinbase:1073149621|clearing,coinbase,BTC-USD,clearing,PRICING,False,2026-08-19,RESOLVED,2026-08-20,1,TIER1_NORMAL,0.00700300
coinbase:1073149622|confirm,coinbase,BTC-USD,confirm,TIMING,True,2026-08-19,RESOLVED,2026-08-19,0,TIER1_NORMAL,
coinbase:1073149624|confirm,coinbase,BTC-USD,confirm,TIMING,True,2026-08-19,RESOLVED,2026-08-19,0,TIER1_NORMAL,
coinbase:1073149629|clearing,coinbase,BTC-USD,clearing,REFERENCE_DATA,False,2026-08-19,RESOLVED,2026-08-19,0,TIER1_NORMAL,
coinbase:1073149632|confirm,coinbase,BTC-USD,confirm,QUANTITY,False,2026-08-19,RESOLVED,2026-08-19,0,TIER1_NORMAL,
coinbase:1073149634|confirm,coinbase,BTC-USD,confirm,QUANTITY,False,2026-08-19,RESOLVED,2026-08-20,1,TIER1_NORMAL,
coinbase:1073149641|confirm,coinbase,BTC-USD,confirm,PRICING,False,2026-08-19,RESOLVED,2026-08-19,0,TIER1_NORMAL,
coinbase:1073149643|confirm,coinbase,BTC-USD,confirm,MISSING_RECORD,False,2026-08-19,RESOLVED,2026-08-19,0,TIER1_NORMAL,
coinbase:1073149645|clearing,coinbase,BTC-USD,clearing,REFERENCE_DATA,False,2026-08-19,RESOLVED,2026-08-19,0,TIER1_NORMAL,
coinbase:1073149654|confirm,coinbase,BTC-USD,confirm,PRICING,False,2026-08-19,RESOLVED,2026-08-19,0,TIER1_NORMAL,
coinbase:1073149663|confirm,coinbase,BTC-USD,confirm,MISSING_RECORD,False,2026-08-19,RESOLVED,2026-08-20,1,TIER1_NORMAL,
coinbase:1073149684|confirm,coinbase,BTC-USD,confirm,PRICING,False,2026-08-19,RESOLVED,2026-08-21,2,TIER1_NORMAL,
coinbase:1073149693|confirm,coinbase,BTC-USD,confirm,PRICING,False,2026-08-19,RESOLVED,2026-08-21,2,TIER1_NORMAL,
coinbase:1073149703|clearing,coinbase,BTC-USD,clearing,MISSING_RECORD,False,2026-08-19,RESOLVED,2026-08-19,0,TIER1_NORMAL,
coinbase:1073149708|confirm,coinbase,BTC-USD,confirm,QUANTITY,False,2026-08-19,RESOLVED,2026-08-21,2,TIER1_NORMAL,
coinbase:1073149712|confirm,coinbase,BTC-USD,confirm,PRICING,False,2026-08-19,RESOLVED,2026-08-19,0,TIER1_NORMAL,
coinbase:1073149740|clearing,coinbase,BTC-USD,clearing,MISSING_RECORD,False,2026-08-19,RESOLVED,2026-08-21,2,TIER1_NORMAL,
coinbase:1073149741|confirm,coinbase,BTC-USD,confirm,REFERENCE_DATA,False,2026-08-19,RESOLVED,2026-08-19,0,TIER1_NORMAL,
coinbase:1073149742|confirm,coinbase,BTC-USD,confirm,QUANTITY,False,2026-08-19,RESOLVED,2026-08-19,0,TIER1_NORMAL,
coinbase:1073149743|clearing,coinbase,BTC-USD,clearing,MISSING_RECORD,False,2026-08-19,RESOLVED,2026-08-21,2,TIER1_NORMAL,
coinbase:1073149752|confirm,coinbase,BTC-USD,confirm,QUANTITY,False,2026-08-19,RESOLVED,2026-08-20,1,TIER1_NORMAL,
coinbase:1073149756|clearing,coinbase,BTC-USD,clearing,QUANTITY,False,2026-08-19,RESOLVED,2026-08-20,1,TIER1_NORMAL,
coinbase:1073149758|confirm,coinbase,BTC-USD,confirm,REFERENCE_DATA,False,2026-08-19,RESOLVED,2026-08-19,0,TIER1_NORMAL,
coinbase:1073149759|clearing,coinbase,BTC-USD,clearing,MISSING_RECORD,False,2026-08-19,RESOLVED,2026-08-20,1,TIER1_NORMAL,
coinbase:1073149766|confirm,coinbase,BTC-USD,confirm,MISSING_RECORD,False,2026-08-19,RESOLVED,2026-08-20,1,TIER1_NORMAL,
coinbase:1073149772|confirm,coinbase,BTC-USD,confirm,QUANTITY,False,2026-08-19,RESOLVED,2026-08-19,0,TIER1_NORMAL,
coinbase:1073149774|confirm,coinbase,BTC-USD,confirm,QUANTITY,False,2026-08-19,RESOLVED,2026-08-19,0,TIER1_NORMAL,
coinbase:1073149786|confirm,coinbase,BTC-USD,confirm,MISSING_RECORD,False,2026-08-19,RESOLVED,2026-08-21,2,TIER1_NORMAL,
coinbase:1073149799|confirm,coinbase,BTC-USD,confirm,REFERENCE_DATA,False,2026-08-19,RESOLVED,2026-08-19,0,TIER1_NORMAL,
coinbase:1073149801|clearing,coinbase,BTC-USD,clearing,PRICING,False,2026-08-19,RESOLVED,2026-08-19,0,TIER1_NORMAL,
coinbase:1073149801|confirm,coinbase,BTC-USD,confirm,MISSING_RECORD,False,2026-08-19,RESOLVED,2026-08-19,0,TIER1_NORMAL,
coinbase:1073149819|clearing,coinbase,BTC-USD,clearing,TIMING,True,2026-08-19,RESOLVED,2026-08-20,1,TIER1_NORMAL,
coinbase:1073149832|clearing,coinbase,BTC-USD,clearing,TIMING,True,2026-08-19,RESOLVED,2026-08-21,2,TIER1_NORMAL,
coinbase:1073149832|confirm,coinbase,BTC-USD,confirm,QUANTITY,False,2026-08-19,RESOLVED,2026-08-19,0,TIER1_NORMAL,
coinbase:1073149834|confirm,coinbase,BTC-USD,confirm,PRICING,False,2026-08-19,RESOLVED,2026-08-21,2,TIER1_NORMAL,
coinbase:1073149837|confirm,coinbase,BTC-USD,confirm,TIMING,True,2026-08-19,RESOLVED,2026-08-19,0,TIER1_NORMAL,
coinbase:1073149840|clearing,coinbase,BTC-USD,clearing,TIMING,False,2026-08-19,RESOLVED,2026-08-19,0,TIER1_NORMAL,-0.00346978
coinbase:1073149847|clearing,coinbase,BTC-USD,clearing,TIMING,True,2026-08-19,RESOLVED,2026-08-21,2,TIER1_NORMAL,
coinbase:1073149854|confirm,coinbase,BTC-USD,confirm,REFERENCE_DATA,False,2026-08-19,RESOLVED,2026-08-19,0,TIER1_NORMAL,
coinbase:1073149856|confirm,coinbase,BTC-USD,confirm,PRICING,False,2026-08-19,RESOLVED,2026-08-19,0,TIER1_NORMAL,
coinbase:1073149859|clearing,coinbase,BTC-USD,clearing,TIMING,True,2026-08-19,RESOLVED,2026-08-21,2,TIER1_NORMAL,
coinbase:1073149860|clearing,coinbase,BTC-USD,clearing,TIMING,True,2026-08-19,RESOLVED,2026-08-19,0,TIER1_NORMAL,
coinbase:1073149861|confirm,coinbase,BTC-USD,confirm,MISSING_RECORD,False,2026-08-19,RESOLVED,2026-08-19,0,TIER1_NORMAL,
coinbase:1073149862|clearing,coinbase,BTC-USD,clearing,TIMING,True,2026-08-19,RESOLVED,2026-08-19,0,TIER1_NORMAL,
coinbase:1073149866|clearing,coinbase,BTC-USD,clearing,PRICING,False,2026-08-19,RESOLVED,2026-08-20,1,TIER1_NORMAL,
coinbase:1073149866|confirm,coinbase,BTC-USD,confirm,TIMING,True,2026-08-19,RESOLVED,2026-08-19,0,TIER1_NORMAL,
coinbase:1073149869|confirm,coinbase,BTC-USD,confirm,QUANTITY,False,2026-08-19,RESOLVED,2026-08-19,0,TIER1_NORMAL,
coinbase:1073149871|clearing,coinbase,BTC-USD,clearing,MISSING_RECORD,False,2026-08-19,RESOLVED,2026-08-19,0,TIER1_NORMAL,
coinbase:1073149873|clearing,coinbase,BTC-USD,clearing,TIMING,True,2026-08-19,RESOLVED,2026-08-19,0,TIER1_NORMAL,
coinbase:1073149883|confirm,coinbase,BTC-USD,confirm,QUANTITY,False,2026-08-19,RESOLVED,2026-08-21,2,TIER1_NORMAL,
coinbase:1073149890|clearing,coinbase,BTC-USD,clearing,MISSING_RECORD,False,2026-08-19,RESOLVED,2026-08-19,0,TIER1_NORMAL,
coinbase:1073149904|clearing,coinbase,BTC-USD,clearing,MISSING_RECORD,False,2026-08-19,RESOLVED,2026-08-19,0,TIER1_NORMAL,
coinbase:1073149910|confirm,coinbase,BTC-USD,confirm,QUANTITY,False,2026-08-19,RESOLVED,2026-08-19,0,TIER1_NORMAL,
coinbase:1073149921|clearing,coinbase,BTC-USD,clearing,PRICING,False,2026-08-19,RESOLVED,2026-08-20,1,TIER1_NORMAL,
coinbase:1073149923|clearing,coinbase,BTC-USD,clearing,TIMING,True,2026-08-19,RESOLVED,2026-08-19,0,TIER1_NORMAL,
coinbase:1073149987|clearing,coinbase,BTC-USD,clearing,QUANTITY,False,2026-08-19,RESOLVED,2026-08-19,0,TIER1_NORMAL,
coinbase:1073149991|confirm,coinbase,BTC-USD,confirm,TIMING,True,2026-08-19,RESOLVED,2026-08-21,2,TIER1_NORMAL,
coinbase:1073149997|confirm,coinbase,BTC-USD,confirm,REFERENCE_DATA,False,2026-08-19,RESOLVED,2026-08-19,0,TIER1_NORMAL,
coinbase:1073150010|clearing,coinbase,BTC-USD,clearing,QUANTITY,False,2026-08-19,RESOLVED,2026-08-19,0,TIER1_NORMAL,
coinbase:1073150014|confirm,coinbase,BTC-USD,confirm,QUANTITY,False,2026-08-19,RESOLVED,2026-08-21,2,TIER1_NORMAL,
coinbase:1073150017|confirm,coinbase,BTC-USD,confirm,PRICING,False,2026-08-19,RESOLVED,2026-08-21,2,TIER1_NORMAL,
coinbase:1073150023|clearing,coinbase,BTC-USD,clearing,TIMING,False,2026-08-19,RESOLVED,2026-08-19,0,TIER1_NORMAL,0.00000169
coinbase:1073150042|confirm,coinbase,BTC-USD,confirm,QUANTITY,False,2026-08-19,RESOLVED,2026-08-19,0,TIER1_NORMAL,
coinbase:1073150050|confirm,coinbase,BTC-USD,confirm,QUANTITY,False,2026-08-19,RESOLVED,2026-08-19,0,TIER1_NORMAL,
coinbase:1073150052|clearing,coinbase,BTC-USD,clearing,QUANTITY,False,2026-08-19,RESOLVED,2026-08-21,2,TIER1_NORMAL,
coinbase:1073150057|clearing,coinbase,BTC-USD,clearing,MISSING_RECORD,False,2026-08-19,RESOLVED,2026-08-21,2,TIER1_NORMAL,
coinbase:1073150058|clearing,coinbase,BTC-USD,clearing,PRICING,False,2026-08-19,RESOLVED,2026-08-20,1,TIER1_NORMAL,
coinbase:1073150066|confirm,coinbase,BTC-USD,confirm,TIMING,True,2026-08-19,RESOLVED,2026-08-19,0,TIER1_NORMAL,
coinbase:1073150070|clearing,coinbase,BTC-USD,clearing,REFERENCE_DATA,False,2026-08-19,RESOLVED,2026-08-19,0,TIER1_NORMAL,
coinbase:1073150072|clearing,coinbase,BTC-USD,clearing,REFERENCE_DATA,False,2026-08-19,RESOLVED,2026-08-19,0,TIER1_NORMAL,
coinbase:1073150079|confirm,coinbase,BTC-USD,confirm,QUANTITY,False,2026-08-19,RESOLVED,2026-08-20,1,TIER1_NORMAL,
coinbase:1073150090|confirm,coinbase,BTC-USD,confirm,REFERENCE_DATA,False,2026-08-19,RESOLVED,2026-08-19,0,TIER1_NORMAL,
coinbase:1073150096|clearing,coinbase,BTC-USD,clearing,MISSING_RECORD,False,2026-08-19,RESOLVED,2026-08-21,2,TIER1_NORMAL,
coinbase:1073150097|confirm,coinbase,BTC-USD,confirm,REFERENCE_DATA,False,2026-08-19,RESOLVED,2026-08-20,1,TIER1_NORMAL,
coinbase:1073150098|confirm,coinbase,BTC-USD,confirm,QUANTITY,False,2026-08-19,RESOLVED,2026-08-19,0,TIER1_NORMAL,
coinbase:1073150108|clearing,coinbase,BTC-USD,clearing,REFERENCE_DATA,False,2026-08-19,RESOLVED,2026-08-19,0,TIER1_NORMAL,
coinbase:1073150109|confirm,coinbase,BTC-USD,confirm,QUANTITY,False,2026-08-19,RESOLVED,2026-08-19,0,TIER1_NORMAL,
coinbase:1073150110|clearing,coinbase,BTC-USD,clearing,QUANTITY,False,2026-08-19,RESOLVED,2026-08-21,2,TIER1_NORMAL,
coinbase:1073150114|clearing,coinbase,BTC-USD,clearing,MISSING_RECORD,False,2026-08-19,RESOLVED,2026-08-19,0,TIER1_NORMAL,
coinbase:1073150116|confirm,coinbase,BTC-USD,confirm,MISSING_RECORD,False,2026-08-19,RESOLVED,2026-08-19,0,TIER1_NORMAL,
coinbase:1073150127|clearing,coinbase,BTC-USD,clearing,PRICING,False,2026-08-19,RESOLVED,2026-08-19,0,TIER1_NORMAL,
coinbase:1073150129|confirm,coinbase,BTC-USD,confirm,QUANTITY,False,2026-08-19,RESOLVED,2026-08-19,0,TIER1_NORMAL,
coinbase:1073150133|confirm,coinbase,BTC-USD,confirm,PRICING,False,2026-08-19,RESOLVED,2026-08-20,1,TIER1_NORMAL,
coinbase:1073150138|confirm,coinbase,BTC-USD,confirm,REFERENCE_DATA,False,2026-08-19,RESOLVED,2026-08-21,2,TIER1_NORMAL,0.00001414
coinbase:1073150140|confirm,coinbase,BTC-USD,confirm,QUANTITY,False,2026-08-19,RESOLVED,2026-08-19,0,TIER1_NORMAL,
coinbase:1073150142|confirm,coinbase,BTC-USD,confirm,PRICING,False,2026-08-19,RESOLVED,2026-08-19,0,TIER1_NORMAL,
coinbase:1073150144|clearing,coinbase,BTC-USD,clearing,QUANTITY,False,2026-08-19,RESOLVED,2026-08-21,2,TIER1_NORMAL,
coinbase:1073150146|confirm,coinbase,BTC-USD,confirm,PRICING,False,2026-08-19,RESOLVED,2026-08-19,0,TIER1_NORMAL,
coinbase:1073150147|clearing,coinbase,BTC-USD,clearing,PRICING,False,2026-08-19,RESOLVED,2026-08-21,2,TIER1_NORMAL,
coinbase:1073150147|confirm,coinbase,BTC-USD,confirm,PRICING,False,2026-08-19,RESOLVED,2026-08-20,1,TIER1_NORMAL,
coinbase:1073150153|clearing,coinbase,BTC-USD,clearing,PRICING,False,2026-08-19,RESOLVED,2026-08-19,0,TIER1_NORMAL,
coinbase:1073150154|clearing,coinbase,BTC-USD,clearing,MISSING_RECORD,False,2026-08-19,RESOLVED,2026-08-21,2,TIER1_NORMAL,
coinbase:1073150167|confirm,coinbase,BTC-USD,confirm,QUANTITY,False,2026-08-19,RESOLVED,2026-08-21,2,TIER1_NORMAL,
coinbase:1073150172|clearing,coinbase,BTC-USD,clearing,MISSING_RECORD,False,2026-08-19,RESOLVED,2026-08-19,0,TIER1_NORMAL,
coinbase:1073150178|confirm,coinbase,BTC-USD,confirm,MISSING_RECORD,False,2026-08-19,RESOLVED,2026-08-19,0,TIER1_NORMAL,
coinbase:1073150185|clearing,coinbase,BTC-USD,clearing,QUANTITY,False,2026-08-19,RESOLVED,2026-08-19,0,TIER1_NORMAL,
coinbase:1073150186|confirm,coinbase,BTC-USD,confirm,QUANTITY,False,2026-08-19,RESOLVED,2026-08-19,0,TIER1_NORMAL,
coinbase:1073150192|clearing,coinbase,BTC-USD,clearing,MISSING_RECORD,False,2026-08-19,RESOLVED,2026-08-19,0,TIER1_NORMAL,
coinbase:1073150194|confirm,coinbase,BTC-USD,confirm,QUANTITY,False,2026-08-19,RESOLVED,2026-08-19,0,TIER1_NORMAL,
coinbase:1073150211|clearing,coinbase,BTC-USD,clearing,PRICING,False,2026-08-19,RESOLVED,2026-08-19,0,TIER1_NORMAL,
coinbase:1073150216|confirm,coinbase,BTC-USD,confirm,TIMING,True,2026-08-19,RESOLVED,2026-08-20,1,TIER1_NORMAL,
coinbase:1073150218|clearing,coinbase,BTC-USD,clearing,QUANTITY,False,2026-08-19,RESOLVED,2026-08-21,2,TIER1_NORMAL,
coinbase:1073150233|confirm,coinbase,BTC-USD,confirm,PRICING,False,2026-08-19,RESOLVED,2026-08-21,2,TIER1_NORMAL,
coinbase:1073150234|clearing,coinbase,BTC-USD,clearing,PRICING,False,2026-08-19,RESOLVED,2026-08-19,0,TIER1_NORMAL,
coinbase:1073150242|confirm,coinbase,BTC-USD,confirm,TIMING,True,2026-08-19,RESOLVED,2026-08-19,0,TIER1_NORMAL,
coinbase:1073150243|clearing,coinbase,BTC-USD,clearing,QUANTITY,False,2026-08-19,RESOLVED,2026-08-19,0,TIER1_NORMAL,0.00007826
coinbase:1073150244|clearing,coinbase,BTC-USD,clearing,QUANTITY,False,2026-08-19,RESOLVED,2026-08-21,2,TIER1_NORMAL,
coinbase:1073150251|confirm,coinbase,BTC-USD,confirm,PRICING,False,2026-08-19,RESOLVED,2026-08-21,2,TIER1_NORMAL,
coinbase:1073150266|clearing,coinbase,BTC-USD,clearing,PRICING,False,2026-08-19,RESOLVED,2026-08-19,0,TIER1_NORMAL,
coinbase:1073150266|confirm,coinbase,BTC-USD,confirm,MISSING_RECORD,False,2026-08-19,RESOLVED,2026-08-19,0,TIER1_NORMAL,
coinbase:1073150269|clearing,coinbase,BTC-USD,clearing,PRICING,False,2026-08-19,RESOLVED,2026-08-19,0,TIER1_NORMAL,
coinbase:1073150271|clearing,coinbase,BTC-USD,clearing,REFERENCE_DATA,False,2026-08-19,RESOLVED,2026-08-19,0,TIER1_NORMAL,
coinbase:1073150273|clearing,coinbase,BTC-USD,clearing,REFERENCE_DATA,False,2026-08-19,RESOLVED,2026-08-19,0,TIER1_NORMAL,
coinbase:1073150282|clearing,coinbase,BTC-USD,clearing,PRICING,False,2026-08-19,RESOLVED,2026-08-20,1,TIER1_NORMAL,
coinbase:1073150284|clearing,coinbase,BTC-USD,clearing,TIMING,True,2026-08-19,RESOLVED,2026-08-20,1,TIER1_NORMAL,
coinbase:1073150289|clearing,coinbase,BTC-USD,clearing,QUANTITY,False,2026-08-19,RESOLVED,2026-08-19,0,TIER1_NORMAL,
coinbase:1073150295|clearing,coinbase,BTC-USD,clearing,QUANTITY,False,2026-08-19,RESOLVED,2026-08-19,0,TIER1_NORMAL,2.49161689
coinbase:1073150297|clearing,coinbase,BTC-USD,clearing,QUANTITY,False,2026-08-19,RESOLVED,2026-08-20,1,TIER1_NORMAL,
coinbase:1073150305|confirm,coinbase,BTC-USD,confirm,PRICING,False,2026-08-19,RESOLVED,2026-08-19,0,TIER1_NORMAL,
coinbase:1073150307|clearing,coinbase,BTC-USD,clearing,TIMING,False,2026-08-19,RESOLVED,2026-08-20,1,TIER1_NORMAL,
coinbase:1073150309|confirm,coinbase,BTC-USD,confirm,MISSING_RECORD,False,2026-08-19,RESOLVED,2026-08-20,1,TIER1_NORMAL,
coinbase:1073150316|clearing,coinbase,BTC-USD,clearing,MISSING_RECORD,False,2026-08-19,RESOLVED,2026-08-19,0,TIER1_NORMAL,0.00000824
coinbase:1073150332|confirm,coinbase,BTC-USD,confirm,TIMING,True,2026-08-19,RESOLVED,2026-08-21,2,TIER1_NORMAL,
coinbase:1073150334|clearing,coinbase,BTC-USD,clearing,MISSING_RECORD,False,2026-08-19,RESOLVED,2026-08-19,0,TIER1_NORMAL,
coinbase:1073150337|clearing,coinbase,BTC-USD,clearing,QUANTITY,False,2026-08-19,RESOLVED,2026-08-20,1,TIER1_NORMAL,
coinbase:1073150338|clearing,coinbase,BTC-USD,clearing,TIMING,True,2026-08-19,RESOLVED,2026-08-20,1,TIER1_NORMAL,
coinbase:1073150346|confirm,coinbase,BTC-USD,confirm,MISSING_RECORD,False,2026-08-19,RESOLVED,2026-08-19,0,TIER1_NORMAL,
coinbase:1073150349|confirm,coinbase,BTC-USD,confirm,QUANTITY,False,2026-08-19,RESOLVED,2026-08-19,0,TIER1_NORMAL,
coinbase:1073150352|clearing,coinbase,BTC-USD,clearing,QUANTITY,False,2026-08-19,RESOLVED,2026-08-20,1,TIER1_NORMAL,
coinbase:1073150355|confirm,coinbase,BTC-USD,confirm,TIMING,True,2026-08-19,RESOLVED,2026-08-19,0,TIER1_NORMAL,
coinbase:1073150358|clearing,coinbase,BTC-USD,clearing,QUANTITY,False,2026-08-19,RESOLVED,2026-08-21,2,TIER1_NORMAL,
coinbase:1073150361|confirm,coinbase,BTC-USD,confirm,QUANTITY,False,2026-08-19,RESOLVED,2026-08-19,0,TIER1_NORMAL,
coinbase:1073150365|clearing,coinbase,BTC-USD,clearing,TIMING,True,2026-08-19,RESOLVED,2026-08-21,2,TIER1_NORMAL,
coinbase:1073150367|confirm,coinbase,BTC-USD,confirm,MISSING_RECORD,False,2026-08-19,RESOLVED,2026-08-19,0,TIER1_NORMAL,
coinbase:1073150370|clearing,coinbase,BTC-USD,clearing,QUANTITY,False,2026-08-19,RESOLVED,2026-08-21,2,TIER1_NORMAL,
coinbase:1073150378|confirm,coinbase,BTC-USD,confirm,REFERENCE_DATA,False,2026-08-19,RESOLVED,2026-08-19,0,TIER1_NORMAL,
coinbase:1073150379|confirm,coinbase,BTC-USD,confirm,TIMING,True,2026-08-19,RESOLVED,2026-08-20,1,TIER1_NORMAL,
coinbase:1073150383|confirm,coinbase,BTC-USD,confirm,REFERENCE_DATA,False,2026-08-19,RESOLVED,2026-08-19,0,TIER1_NORMAL,
coinbase:1073150385|clearing,coinbase,BTC-USD,clearing,TIMING,True,2026-08-19,RESOLVED,2026-08-19,0,TIER1_NORMAL,
coinbase:1073150389|clearing,coinbase,BTC-USD,clearing,REFERENCE_DATA,False,2026-08-19,RESOLVED,2026-08-20,1,TIER1_NORMAL,
coinbase:1073150402|clearing,coinbase,BTC-USD,clearing,PRICING,False,2026-08-19,RESOLVED,2026-08-20,1,TIER1_NORMAL,
coinbase:1073150405|clearing,coinbase,BTC-USD,clearing,PRICING,False,2026-08-19,RESOLVED,2026-08-19,0,TIER1_NORMAL,
coinbase:1073150407|confirm,coinbase,BTC-USD,confirm,TIMING,True,2026-08-19,RESOLVED,2026-08-19,0,TIER1_NORMAL,
coinbase:1073150409|confirm,coinbase,BTC-USD,confirm,REFERENCE_DATA,False,2026-08-19,RESOLVED,2026-08-19,0,TIER1_NORMAL,
coinbase:1073150420|clearing,coinbase,BTC-USD,clearing,PRICING,False,2026-08-19,RESOLVED,2026-08-19,0,TIER1_NORMAL,
coinbase:1073150435|confirm,coinbase,BTC-USD,confirm,TIMING,True,2026-08-19,RESOLVED,2026-08-21,2,TIER1_NORMAL,
coinbase:1073150439|clearing,coinbase,BTC-USD,clearing,QUANTITY,False,2026-08-19,RESOLVED,2026-08-19,0,TIER1_NORMAL,
coinbase:1073150447|clearing,coinbase,BTC-USD,clearing,TIMING,True,2026-08-19,RESOLVED,2026-08-19,0,TIER1_NORMAL,
coinbase:1073150448|clearing,coinbase,BTC-USD,clearing,TIMING,True,2026-08-19,RESOLVED,2026-08-21,2,TIER1_NORMAL,
coinbase:1073150449|clearing,coinbase,BTC-USD,clearing,QUANTITY,False,2026-08-19,RESOLVED,2026-08-20,1,TIER1_NORMAL,
coinbase:1073150454|clearing,coinbase,BTC-USD,clearing,MISSING_RECORD,False,2026-08-19,RESOLVED,2026-08-21,2,TIER1_NORMAL,
coinbase:1073150461|clearing,coinbase,BTC-USD,clearing,QUANTITY,False,2026-08-19,RESOLVED,2026-08-19,0,TIER1_NORMAL,
coinbase:1073150468|clearing,coinbase,BTC-USD,clearing,TIMING,True,2026-08-19,RESOLVED,2026-08-20,1,TIER1_NORMAL,
coinbase:1073150470|confirm,coinbase,BTC-USD,confirm,PRICING,False,2026-08-19,RESOLVED,2026-08-20,1,TIER1_NORMAL,
coinbase:1073150471|clearing,coinbase,BTC-USD,clearing,MISSING_RECORD,False,2026-08-19,RESOLVED,2026-08-19,0,TIER1_NORMAL,
coinbase:1073150473|confirm,coinbase,BTC-USD,confirm,TIMING,True,2026-08-19,RESOLVED,2026-08-20,1,TIER1_NORMAL,
coinbase:1073150474|confirm,coinbase,BTC-USD,confirm,QUANTITY,False,2026-08-19,RESOLVED,2026-08-20,1,TIER1_NORMAL,
coinbase:1073150477|clearing,coinbase,BTC-USD,clearing,PRICING,False,2026-08-19,RESOLVED,2026-08-21,2,TIER1_NORMAL,
coinbase:1073150489|confirm,coinbase,BTC-USD,confirm,QUANTITY,False,2026-08-19,RESOLVED,2026-08-19,0,TIER1_NORMAL,
coinbase:1073150500|confirm,coinbase,BTC-USD,confirm,QUANTITY,False,2026-08-19,RESOLVED,2026-08-19,0,TIER1_NORMAL,
coinbase:1073150502|clearing,coinbase,BTC-USD,clearing,QUANTITY,False,2026-08-19,RESOLVED,2026-08-19,0,TIER1_NORMAL,
coinbase:1073150506|clearing,coinbase,BTC-USD,clearing,PRICING,False,2026-08-19,RESOLVED,2026-08-19,0,TIER1_NORMAL,
coinbase:1073150509|clearing,coinbase,BTC-USD,clearing,PRICING,False,2026-08-19,RESOLVED,2026-08-21,2,TIER1_NORMAL,
coinbase:1073150514|clearing,coinbase,BTC-USD,clearing,QUANTITY,False,2026-08-19,RESOLVED,2026-08-19,0,TIER1_NORMAL,
coinbase:1073150519|confirm,coinbase,BTC-USD,confirm,QUANTITY,False,2026-08-19,RESOLVED,2026-08-19,0,TIER1_NORMAL,
coinbase:1073150522|clearing,coinbase,BTC-USD,clearing,TIMING,False,2026-08-19,RESOLVED,2026-08-19,0,TIER1_NORMAL,
coinbase:1073150530|clearing,coinbase,BTC-USD,clearing,QUANTITY,False,2026-08-19,RESOLVED,2026-08-21,2,TIER1_NORMAL,
coinbase:1073150538|confirm,coinbase,BTC-USD,confirm,PRICING,False,2026-08-19,RESOLVED,2026-08-19,0,TIER1_NORMAL,
coinbase:1073150542|clearing,coinbase,BTC-USD,clearing,TIMING,True,2026-08-19,RESOLVED,2026-08-21,2,TIER1_NORMAL,
coinbase:1073150552|clearing,coinbase,BTC-USD,clearing,PRICING,False,2026-08-19,RESOLVED,2026-08-20,1,TIER1_NORMAL,
coinbase:1073150553|clearing,coinbase,BTC-USD,clearing,MISSING_RECORD,False,2026-08-19,RESOLVED,2026-08-21,2,TIER1_NORMAL,
coinbase:1073150574|clearing,coinbase,BTC-USD,clearing,MISSING_RECORD,False,2026-08-19,RESOLVED,2026-08-20,1,TIER1_NORMAL,
coinbase:1073150578|clearing,coinbase,BTC-USD,clearing,QUANTITY,False,2026-08-19,RESOLVED,2026-08-21,2,TIER1_NORMAL,
coinbase:1073150589|clearing,coinbase,BTC-USD,clearing,QUANTITY,False,2026-08-19,RESOLVED,2026-08-20,1,TIER1_NORMAL,
coinbase:1073150596|clearing,coinbase,BTC-USD,clearing,TIMING,True,2026-08-19,RESOLVED,2026-08-19,0,TIER1_NORMAL,
coinbase:1073150603|confirm,coinbase,BTC-USD,confirm,MISSING_RECORD,False,2026-08-19,RESOLVED,2026-08-21,2,TIER1_NORMAL,
coinbase:1073150611|clearing,coinbase,BTC-USD,clearing,TIMING,True,2026-08-19,RESOLVED,2026-08-20,1,TIER1_NORMAL,
coinbase:1073150620|confirm,coinbase,BTC-USD,confirm,TIMING,True,2026-08-19,RESOLVED,2026-08-19,0,TIER1_NORMAL,
coinbase:1073150633|clearing,coinbase,BTC-USD,clearing,QUANTITY,False,2026-08-19,RESOLVED,2026-08-20,1,TIER1_NORMAL,
coinbase:1073150640|clearing,coinbase,BTC-USD,clearing,QUANTITY,False,2026-08-19,RESOLVED,2026-08-19,0,TIER1_NORMAL,
coinbase:1073150646|confirm,coinbase,BTC-USD,confirm,PRICING,False,2026-08-19,RESOLVED,2026-08-20,1,TIER1_NORMAL,
coinbase:1073150656|confirm,coinbase,BTC-USD,confirm,TIMING,True,2026-08-19,RESOLVED,2026-08-19,0,TIER1_NORMAL,
coinbase:1073150658|confirm,coinbase,BTC-USD,confirm,REFERENCE_DATA,False,2026-08-19,RESOLVED,2026-08-19,0,TIER1_NORMAL,
coinbase:1073150660|clearing,coinbase,BTC-USD,clearing,REFERENCE_DATA,False,2026-08-19,RESOLVED,2026-08-19,0,TIER1_NORMAL,0.00002060
coinbase:1073150670|clearing,coinbase,BTC-USD,clearing,PRICING,False,2026-08-19,RESOLVED,2026-08-20,1,TIER1_NORMAL,
coinbase:1073150671|clearing,coinbase,BTC-USD,clearing,QUANTITY,False,2026-08-19,RESOLVED,2026-08-19,0,TIER1_NORMAL,
kraken:105347815|confirm,kraken,XBTUSD,confirm,QUANTITY,False,2026-08-19,RESOLVED,2026-08-19,0,TIER1_NORMAL,
kraken:105347819|clearing,kraken,XBTUSD,clearing,PRICING,False,2026-08-19,RESOLVED,2026-08-20,1,TIER1_NORMAL,
kraken:105347825|clearing,kraken,XBTUSD,clearing,TIMING,True,2026-08-19,RESOLVED,2026-08-19,0,TIER1_NORMAL,
kraken:105347828|confirm,kraken,XBTUSD,confirm,PRICING,False,2026-08-19,RESOLVED,2026-08-21,2,TIER1_NORMAL,
kraken:105347832|clearing,kraken,XBTUSD,clearing,PRICING,False,2026-08-19,RESOLVED,2026-08-20,1,TIER1_NORMAL,
kraken:105347833|confirm,kraken,XBTUSD,confirm,MISSING_RECORD,False,2026-08-19,RESOLVED,2026-08-21,2,TIER1_NORMAL,
kraken:105347838|clearing,kraken,XBTUSD,clearing,QUANTITY,False,2026-08-19,RESOLVED,2026-08-20,1,TIER1_NORMAL,
kraken:105347840|confirm,kraken,XBTUSD,confirm,PRICING,False,2026-08-19,RESOLVED,2026-08-20,1,TIER1_NORMAL,
kraken:105347841|confirm,kraken,XBTUSD,confirm,QUANTITY,False,2026-08-19,RESOLVED,2026-08-21,2,TIER1_NORMAL,
kraken:105347843|clearing,kraken,XBTUSD,clearing,PRICING,False,2026-08-19,RESOLVED,2026-08-19,0,TIER1_NORMAL,
kraken:105347843|confirm,kraken,XBTUSD,confirm,TIMING,True,2026-08-19,RESOLVED,2026-08-21,2,TIER1_NORMAL,
kraken:105347844|confirm,kraken,XBTUSD,confirm,TIMING,True,2026-08-19,RESOLVED,2026-08-21,2,TIER1_NORMAL,
kraken:105347846|confirm,kraken,XBTUSD,confirm,PRICING,False,2026-08-19,RESOLVED,2026-08-19,0,TIER1_NORMAL,
kraken:105347858|confirm,kraken,XBTUSD,confirm,PRICING,False,2026-08-19,RESOLVED,2026-08-21,2,TIER1_NORMAL,
kraken:105347860|confirm,kraken,XBTUSD,confirm,MISSING_RECORD,False,2026-08-19,RESOLVED,2026-08-19,0,TIER1_NORMAL,
kraken:105347863|clearing,kraken,XBTUSD,clearing,MISSING_RECORD,False,2026-08-19,RESOLVED,2026-08-19,0,TIER1_NORMAL,
kraken:105347863|confirm,kraken,XBTUSD,confirm,PRICING,False,2026-08-19,RESOLVED,2026-08-19,0,TIER1_NORMAL,
kraken:105347867|confirm,kraken,XBTUSD,confirm,TIMING,True,2026-08-19,RESOLVED,2026-08-19,0,TIER1_NORMAL,
kraken:105347873|confirm,kraken,XBTUSD,confirm,QUANTITY,False,2026-08-19,RESOLVED,2026-08-21,2,TIER1_NORMAL,1.33763613
kraken:105347876|clearing,kraken,XBTUSD,clearing,QUANTITY,False,2026-08-19,RESOLVED,2026-08-21,2,TIER1_NORMAL,
kraken:105347884|confirm,kraken,XBTUSD,confirm,PRICING,False,2026-08-19,RESOLVED,2026-08-19,0,TIER1_NORMAL,
kraken:105347886|clearing,kraken,XBTUSD,clearing,QUANTITY,False,2026-08-19,RESOLVED,2026-08-19,0,TIER1_NORMAL,
kraken:105347887|confirm,kraken,XBTUSD,confirm,QUANTITY,False,2026-08-19,RESOLVED,2026-08-19,0,TIER1_NORMAL,
kraken:105347892|confirm,kraken,XBTUSD,confirm,TIMING,True,2026-08-19,RESOLVED,2026-08-20,1,TIER1_NORMAL,
kraken:105347894|confirm,kraken,XBTUSD,confirm,REFERENCE_DATA,False,2026-08-19,RESOLVED,2026-08-20,1,TIER1_NORMAL,
kraken:105347895|clearing,kraken,XBTUSD,clearing,TIMING,True,2026-08-19,RESOLVED,2026-08-21,2,TIER1_NORMAL,
kraken:105347898|clearing,kraken,XBTUSD,clearing,TIMING,True,2026-08-19,RESOLVED,2026-08-19,0,TIER1_NORMAL,
kraken:105347915|confirm,kraken,XBTUSD,confirm,TIMING,True,2026-08-19,RESOLVED,2026-08-19,0,TIER1_NORMAL,
kraken:105347918|confirm,kraken,XBTUSD,confirm,TIMING,True,2026-08-19,RESOLVED,2026-08-19,0,TIER1_NORMAL,
kraken:105347920|clearing,kraken,XBTUSD,clearing,QUANTITY,False,2026-08-19,RESOLVED,2026-08-19,0,TIER1_NORMAL,
kraken:105347923|clearing,kraken,XBTUSD,clearing,TIMING,True,2026-08-19,RESOLVED,2026-08-19,0,TIER1_NORMAL,
kraken:105347929|confirm,kraken,XBTUSD,confirm,REFERENCE_DATA,False,2026-08-19,RESOLVED,2026-08-19,0,TIER1_NORMAL,
kraken:105347931|clearing,kraken,XBTUSD,clearing,TIMING,True,2026-08-19,RESOLVED,2026-08-19,0,TIER1_NORMAL,
kraken:105347932|confirm,kraken,XBTUSD,confirm,TIMING,True,2026-08-19,RESOLVED,2026-08-20,1,TIER1_NORMAL,
kraken:105347934|confirm,kraken,XBTUSD,confirm,MISSING_RECORD,False,2026-08-19,RESOLVED,2026-08-19,0,TIER1_NORMAL,
kraken:105347940|clearing,kraken,XBTUSD,clearing,TIMING,True,2026-08-19,RESOLVED,2026-08-19,0,TIER1_NORMAL,
kraken:105347945|clearing,kraken,XBTUSD,clearing,TIMING,True,2026-08-19,RESOLVED,2026-08-19,0,TIER1_NORMAL,
kraken:105347948|confirm,kraken,XBTUSD,confirm,QUANTITY,False,2026-08-19,RESOLVED,2026-08-20,1,TIER1_NORMAL,
kraken:105347951|clearing,kraken,XBTUSD,clearing,QUANTITY,False,2026-08-19,RESOLVED,2026-08-20,1,TIER1_NORMAL,
kraken:105347963|clearing,kraken,XBTUSD,clearing,PRICING,False,2026-08-19,RESOLVED,2026-08-19,0,TIER1_NORMAL,
kraken:105347976|confirm,kraken,XBTUSD,confirm,QUANTITY,False,2026-08-19,RESOLVED,2026-08-19,0,TIER1_NORMAL,
kraken:105347987|clearing,kraken,XBTUSD,clearing,QUANTITY,False,2026-08-19,RESOLVED,2026-08-19,0,TIER1_NORMAL,
kraken:105347987|confirm,kraken,XBTUSD,confirm,QUANTITY,False,2026-08-19,RESOLVED,2026-08-19,0,TIER1_NORMAL,
kraken:105348021|confirm,kraken,XBTUSD,confirm,PRICING,False,2026-08-19,RESOLVED,2026-08-21,2,TIER1_NORMAL,
kraken:105348025|confirm,kraken,XBTUSD,confirm,TIMING,True,2026-08-19,RESOLVED,2026-08-19,0,TIER1_NORMAL,
kraken:105348031|clearing,kraken,XBTUSD,clearing,TIMING,True,2026-08-19,RESOLVED,2026-08-21,2,TIER1_NORMAL,
kraken:105348037|clearing,kraken,XBTUSD,clearing,MISSING_RECORD,False,2026-08-19,RESOLVED,2026-08-19,0,TIER1_NORMAL,
kraken:105348037|confirm,kraken,XBTUSD,confirm,QUANTITY,False,2026-08-19,RESOLVED,2026-08-21,2,TIER1_NORMAL,
kraken:105348041|confirm,kraken,XBTUSD,confirm,PRICING,False,2026-08-19,RESOLVED,2026-08-19,0,TIER1_NORMAL,
kraken:105348050|confirm,kraken,XBTUSD,confirm,MISSING_RECORD,False,2026-08-19,RESOLVED,2026-08-19,0,TIER1_NORMAL,
kraken:105348051|clearing,kraken,XBTUSD,clearing,TIMING,True,2026-08-19,RESOLVED,2026-08-19,0,TIER1_NORMAL,
kraken:105348067|clearing,kraken,XBTUSD,clearing,REFERENCE_DATA,False,2026-08-19,RESOLVED,2026-08-20,1,TIER1_NORMAL,
kraken:105348069|clearing,kraken,XBTUSD,clearing,PRICING,False,2026-08-19,RESOLVED,2026-08-20,1,TIER1_NORMAL,
kraken:105348072|clearing,kraken,XBTUSD,clearing,TIMING,True,2026-08-19,RESOLVED,2026-08-19,0,TIER1_NORMAL,
kraken:105348077|confirm,kraken,XBTUSD,confirm,MISSING_RECORD,False,2026-08-19,RESOLVED,2026-08-19,0,TIER1_NORMAL,
kraken:105348087|clearing,kraken,XBTUSD,clearing,TIMING,True,2026-08-19,RESOLVED,2026-08-19,0,TIER1_NORMAL,
kraken:105348094|clearing,kraken,XBTUSD,clearing,MISSING_RECORD,False,2026-08-19,RESOLVED,2026-08-20,1,TIER1_NORMAL,
kraken:105348095|confirm,kraken,XBTUSD,confirm,PRICING,False,2026-08-19,RESOLVED,2026-08-19,0,TIER1_NORMAL,
kraken:105348096|confirm,kraken,XBTUSD,confirm,TIMING,True,2026-08-19,RESOLVED,2026-08-20,1,TIER1_NORMAL,
kraken:105348097|confirm,kraken,XBTUSD,confirm,TIMING,True,2026-08-19,RESOLVED,2026-08-19,0,TIER1_NORMAL,
kraken:105348103|confirm,kraken,XBTUSD,confirm,MISSING_RECORD,False,2026-08-19,RESOLVED,2026-08-20,1,TIER1_NORMAL,
kraken:105348107|clearing,kraken,XBTUSD,clearing,REFERENCE_DATA,False,2026-08-19,RESOLVED,2026-08-19,0,TIER1_NORMAL,
kraken:105348115|confirm,kraken,XBTUSD,confirm,MISSING_RECORD,False,2026-08-19,RESOLVED,2026-08-20,1,TIER1_NORMAL,
kraken:105348123|clearing,kraken,XBTUSD,clearing,QUANTITY,False,2026-08-19,RESOLVED,2026-08-19,0,TIER1_NORMAL,-162.26917142
kraken:105348131|clearing,kraken,XBTUSD,clearing,QUANTITY,False,2026-08-19,RESOLVED,2026-08-21,2,TIER1_NORMAL,
kraken:105348135|clearing,kraken,XBTUSD,clearing,MISSING_RECORD,False,2026-08-19,RESOLVED,2026-08-19,0,TIER1_NORMAL,
kraken:105348145|clearing,kraken,XBTUSD,clearing,QUANTITY,False,2026-08-19,RESOLVED,2026-08-19,0,TIER1_NORMAL,
kraken:105348151|confirm,kraken,XBTUSD,confirm,QUANTITY,False,2026-08-19,RESOLVED,2026-08-20,1,TIER1_NORMAL,607.50312618
kraken:105348155|clearing,kraken,XBTUSD,clearing,PRICING,False,2026-08-19,RESOLVED,2026-08-19,0,TIER1_NORMAL,
kraken:105348162|clearing,kraken,XBTUSD,clearing,TIMING,True,2026-08-19,RESOLVED,2026-08-19,0,TIER1_NORMAL,
kraken:105348177|confirm,kraken,XBTUSD,confirm,PRICING,False,2026-08-19,RESOLVED,2026-08-21,2,TIER1_NORMAL,
kraken:105348203|clearing,kraken,XBTUSD,clearing,PRICING,False,2026-08-19,RESOLVED,2026-08-19,0,TIER1_NORMAL,
kraken:105348207|confirm,kraken,XBTUSD,confirm,TIMING,True,2026-08-19,RESOLVED,2026-08-19,0,TIER1_NORMAL,
kraken:105348210|confirm,kraken,XBTUSD,confirm,QUANTITY,False,2026-08-19,RESOLVED,2026-08-19,0,TIER1_NORMAL,
kraken:105348215|clearing,kraken,XBTUSD,clearing,QUANTITY,False,2026-08-19,RESOLVED,2026-08-20,1,TIER1_NORMAL,
kraken:105348224|clearing,kraken,XBTUSD,clearing,QUANTITY,False,2026-08-19,RESOLVED,2026-08-19,0,TIER1_NORMAL,
kraken:105348227|confirm,kraken,XBTUSD,confirm,MISSING_RECORD,False,2026-08-19,RESOLVED,2026-08-19,0,TIER1_NORMAL,
kraken:105348250|clearing,kraken,XBTUSD,clearing,TIMING,True,2026-08-19,RESOLVED,2026-08-21,2,TIER1_NORMAL,
kraken:105348251|confirm,kraken,XBTUSD,confirm,TIMING,True,2026-08-19,RESOLVED,2026-08-19,0,TIER1_NORMAL,0.00332891
kraken:105348263|clearing,kraken,XBTUSD,clearing,MISSING_RECORD,False,2026-08-19,RESOLVED,2026-08-19,0,TIER1_NORMAL,
kraken:105348271|clearing,kraken,XBTUSD,clearing,QUANTITY,False,2026-08-19,RESOLVED,2026-08-20,1,TIER1_NORMAL,
kraken:105348272|clearing,kraken,XBTUSD,clearing,REFERENCE_DATA,False,2026-08-19,RESOLVED,2026-08-20,1,TIER1_NORMAL,
kraken:105348273|clearing,kraken,XBTUSD,clearing,PRICING,False,2026-08-19,RESOLVED,2026-08-21,2,TIER1_NORMAL,
kraken:105348276|confirm,kraken,XBTUSD,confirm,QUANTITY,False,2026-08-19,RESOLVED,2026-08-20,1,TIER1_NORMAL,
kraken:105348283|clearing,kraken,XBTUSD,clearing,TIMING,True,2026-08-19,RESOLVED,2026-08-19,0,TIER1_NORMAL,
kraken:105348289|clearing,kraken,XBTUSD,clearing,PRICING,False,2026-08-19,RESOLVED,2026-08-19,0,TIER1_NORMAL,
kraken:105348291|confirm,kraken,XBTUSD,confirm,QUANTITY,False,2026-08-19,RESOLVED,2026-08-20,1,TIER1_NORMAL,
kraken:105348292|clearing,kraken,XBTUSD,clearing,TIMING,True,2026-08-19,RESOLVED,2026-08-19,0,TIER1_NORMAL,
kraken:105348299|clearing,kraken,XBTUSD,clearing,TIMING,True,2026-08-19,RESOLVED,2026-08-20,1,TIER1_NORMAL,
kraken:105348303|clearing,kraken,XBTUSD,clearing,QUANTITY,False,2026-08-19,RESOLVED,2026-08-19,0,TIER1_NORMAL,
kraken:105348306|confirm,kraken,XBTUSD,confirm,PRICING,False,2026-08-19,RESOLVED,2026-08-19,0,TIER1_NORMAL,
kraken:105348314|confirm,kraken,XBTUSD,confirm,MISSING_RECORD,False,2026-08-19,RESOLVED,2026-08-20,1,TIER1_NORMAL,
kraken:105348316|clearing,kraken,XBTUSD,clearing,MISSING_RECORD,False,2026-08-19,RESOLVED,2026-08-20,1,TIER1_NORMAL,
kraken:105348323|clearing,kraken,XBTUSD,clearing,PRICING,False,2026-08-19,RESOLVED,2026-08-20,1,TIER1_NORMAL,
kraken:105348325|confirm,kraken,XBTUSD,confirm,QUANTITY,False,2026-08-19,RESOLVED,2026-08-20,1,TIER1_NORMAL,
kraken:105348336|confirm,kraken,XBTUSD,confirm,MISSING_RECORD,False,2026-08-19,RESOLVED,2026-08-19,0,TIER1_NORMAL,
kraken:105348340|clearing,kraken,XBTUSD,clearing,TIMING,True,2026-08-19,RESOLVED,2026-08-19,0,TIER1_NORMAL,
kraken:105348347|confirm,kraken,XBTUSD,confirm,TIMING,True,2026-08-19,RESOLVED,2026-08-19,0,TIER1_NORMAL,
kraken:105348365|clearing,kraken,XBTUSD,clearing,QUANTITY,False,2026-08-19,RESOLVED,2026-08-19,0,TIER1_NORMAL,
kraken:105348367|clearing,kraken,XBTUSD,clearing,PRICING,False,2026-08-19,RESOLVED,2026-08-19,0,TIER1_NORMAL,
kraken:105348385|clearing,kraken,XBTUSD,clearing,QUANTITY,False,2026-08-19,RESOLVED,2026-08-21,2,TIER1_NORMAL,
kraken:105348390|clearing,kraken,XBTUSD,clearing,TIMING,True,2026-08-19,RESOLVED,2026-08-19,0,TIER1_NORMAL,
kraken:105348391|clearing,kraken,XBTUSD,clearing,QUANTITY,False,2026-08-19,RESOLVED,2026-08-20,1,TIER1_NORMAL,
kraken:105348393|confirm,kraken,XBTUSD,confirm,TIMING,True,2026-08-19,RESOLVED,2026-08-19,0,TIER1_NORMAL,
kraken:105348396|clearing,kraken,XBTUSD,clearing,REFERENCE_DATA,False,2026-08-19,RESOLVED,2026-08-19,0,TIER1_NORMAL,
kraken:105348398|clearing,kraken,XBTUSD,clearing,MISSING_RECORD,False,2026-08-19,RESOLVED,2026-08-19,0,TIER1_NORMAL,
kraken:105348399|clearing,kraken,XBTUSD,clearing,TIMING,True,2026-08-19,RESOLVED,2026-08-19,0,TIER1_NORMAL,
kraken:105348406|confirm,kraken,XBTUSD,confirm,QUANTITY,False,2026-08-19,RESOLVED,2026-08-19,0,TIER1_NORMAL,
kraken:105348413|confirm,kraken,XBTUSD,confirm,PRICING,False,2026-08-19,RESOLVED,2026-08-19,0,TIER1_NORMAL,
kraken:105348414|clearing,kraken,XBTUSD,clearing,TIMING,False,2026-08-19,RESOLVED,2026-08-19,0,TIER1_NORMAL,
kraken:105348415|confirm,kraken,XBTUSD,confirm,PRICING,False,2026-08-19,RESOLVED,2026-08-19,0,TIER1_NORMAL,
kraken:105348429|confirm,kraken,XBTUSD,confirm,PRICING,False,2026-08-19,RESOLVED,2026-08-20,1,TIER1_NORMAL,
kraken:105348439|confirm,kraken,XBTUSD,confirm,MISSING_RECORD,False,2026-08-19,RESOLVED,2026-08-21,2,TIER1_NORMAL,
kraken:105348451|confirm,kraken,XBTUSD,confirm,QUANTITY,False,2026-08-19,RESOLVED,2026-08-19,0,TIER1_NORMAL,
kraken:105348453|confirm,kraken,XBTUSD,confirm,PRICING,False,2026-08-19,RESOLVED,2026-08-19,0,TIER1_NORMAL,
kraken:105348460|clearing,kraken,XBTUSD,clearing,QUANTITY,False,2026-08-19,RESOLVED,2026-08-19,0,TIER1_NORMAL,
kraken:105348462|clearing,kraken,XBTUSD,clearing,PRICING,False,2026-08-19,RESOLVED,2026-08-19,0,TIER1_NORMAL,
kraken:105348466|clearing,kraken,XBTUSD,clearing,QUANTITY,False,2026-08-19,RESOLVED,2026-08-21,2,TIER1_NORMAL,
kraken:105348468|confirm,kraken,XBTUSD,confirm,PRICING,False,2026-08-19,RESOLVED,2026-08-20,1,TIER1_NORMAL,
kraken:105348474|clearing,kraken,XBTUSD,clearing,REFERENCE_DATA,False,2026-08-19,RESOLVED,2026-08-20,1,TIER1_NORMAL,
kraken:105348474|confirm,kraken,XBTUSD,confirm,MISSING_RECORD,False,2026-08-19,RESOLVED,2026-08-19,0,TIER1_NORMAL,
kraken:105348481|clearing,kraken,XBTUSD,clearing,TIMING,True,2026-08-19,RESOLVED,2026-08-21,2,TIER1_NORMAL,
kraken:105348485|confirm,kraken,XBTUSD,confirm,TIMING,True,2026-08-19,RESOLVED,2026-08-20,1,TIER1_NORMAL,
kraken:105348492|clearing,kraken,XBTUSD,clearing,MISSING_RECORD,False,2026-08-19,RESOLVED,2026-08-19,0,TIER1_NORMAL,
kraken:105348492|confirm,kraken,XBTUSD,confirm,REFERENCE_DATA,False,2026-08-19,RESOLVED,2026-08-19,0,TIER1_NORMAL,
kraken:105348511|confirm,kraken,XBTUSD,confirm,TIMING,True,2026-08-19,RESOLVED,2026-08-20,1,TIER1_NORMAL,
kraken:105348525|clearing,kraken,XBTUSD,clearing,QUANTITY,False,2026-08-19,RESOLVED,2026-08-19,0,TIER1_NORMAL,
kraken:105348537|clearing,kraken,XBTUSD,clearing,TIMING,True,2026-08-19,RESOLVED,2026-08-21,2,TIER1_NORMAL,
kraken:105348539|clearing,kraken,XBTUSD,clearing,MISSING_RECORD,False,2026-08-19,RESOLVED,2026-08-19,0,TIER1_NORMAL,
kraken:105348541|confirm,kraken,XBTUSD,confirm,QUANTITY,False,2026-08-19,RESOLVED,2026-08-21,2,TIER1_NORMAL,
kraken:105348542|clearing,kraken,XBTUSD,clearing,PRICING,False,2026-08-19,RESOLVED,2026-08-19,0,TIER1_NORMAL,
kraken:105348548|confirm,kraken,XBTUSD,confirm,TIMING,True,2026-08-19,RESOLVED,2026-08-21,2,TIER1_NORMAL,
kraken:105348549|clearing,kraken,XBTUSD,clearing,TIMING,True,2026-08-19,RESOLVED,2026-08-20,1,TIER1_NORMAL,
kraken:105348552|clearing,kraken,XBTUSD,clearing,MISSING_RECORD,False,2026-08-19,RESOLVED,2026-08-20,1,TIER1_NORMAL,
kraken:105348556|confirm,kraken,XBTUSD,confirm,TIMING,True,2026-08-19,RESOLVED,2026-08-19,0,TIER1_NORMAL,
kraken:105348557|clearing,kraken,XBTUSD,clearing,MISSING_RECORD,False,2026-08-19,RESOLVED,2026-08-21,2,TIER1_NORMAL,
kraken:105348560|confirm,kraken,XBTUSD,confirm,TIMING,True,2026-08-19,RESOLVED,2026-08-19,0,TIER1_NORMAL,
kraken:105348580|clearing,kraken,XBTUSD,clearing,MISSING_RECORD,False,2026-08-19,RESOLVED,2026-08-19,0,TIER1_NORMAL,
kraken:105348584|confirm,kraken,XBTUSD,confirm,TIMING,True,2026-08-19,RESOLVED,2026-08-21,2,TIER1_NORMAL,
kraken:105348590|clearing,kraken,XBTUSD,clearing,PRICING,False,2026-08-19,RESOLVED,2026-08-19,0,TIER1_NORMAL,
kraken:105348596|confirm,kraken,XBTUSD,confirm,MISSING_RECORD,False,2026-08-19,RESOLVED,2026-08-20,1,TIER1_NORMAL,
kraken:105348597|clearing,kraken,XBTUSD,clearing,QUANTITY,False,2026-08-19,RESOLVED,2026-08-19,0,TIER1_NORMAL,
kraken:105348598|clearing,kraken,XBTUSD,clearing,MISSING_RECORD,False,2026-08-19,RESOLVED,2026-08-20,1,TIER1_NORMAL,
kraken:105348604|confirm,kraken,XBTUSD,confirm,MISSING_RECORD,False,2026-08-19,RESOLVED,2026-08-19,0,TIER1_NORMAL,
kraken:105348614|clearing,kraken,XBTUSD,clearing,QUANTITY,False,2026-08-19,RESOLVED,2026-08-19,0,TIER1_NORMAL,
kraken:105348617|confirm,kraken,XBTUSD,confirm,PRICING,False,2026-08-19,RESOLVED,2026-08-19,0,TIER1_NORMAL,
kraken:105348619|clearing,kraken,XBTUSD,clearing,MISSING_RECORD,False,2026-08-19,RESOLVED,2026-08-19,0,TIER1_NORMAL,
kraken:105348622|clearing,kraken,XBTUSD,clearing,TIMING,True,2026-08-19,RESOLVED,2026-08-21,2,TIER1_NORMAL,
kraken:105348648|confirm,kraken,XBTUSD,confirm,PRICING,False,2026-08-19,RESOLVED,2026-08-19,0,TIER1_NORMAL,
kraken:105348650|clearing,kraken,XBTUSD,clearing,TIMING,True,2026-08-19,RESOLVED,2026-08-21,2,TIER1_NORMAL,
kraken:105348665|confirm,kraken,XBTUSD,confirm,TIMING,True,2026-08-19,RESOLVED,2026-08-19,0,TIER1_NORMAL,
kraken:105348673|confirm,kraken,XBTUSD,confirm,QUANTITY,False,2026-08-19,RESOLVED,2026-08-21,2,TIER1_NORMAL,
kraken:105348675|confirm,kraken,XBTUSD,confirm,TIMING,True,2026-08-19,RESOLVED,2026-08-19,0,TIER1_NORMAL,
kraken:105348687|confirm,kraken,XBTUSD,confirm,QUANTITY,False,2026-08-19,RESOLVED,2026-08-20,1,TIER1_NORMAL,
kraken:105348699|confirm,kraken,XBTUSD,confirm,MISSING_RECORD,False,2026-08-19,RESOLVED,2026-08-19,0,TIER1_NORMAL,
kraken:105348706|confirm,kraken,XBTUSD,confirm,PRICING,False,2026-08-19,RESOLVED,2026-08-19,0,TIER1_NORMAL,
kraken:105348708|clearing,kraken,XBTUSD,clearing,MISSING_RECORD,False,2026-08-19,RESOLVED,2026-08-19,0,TIER1_NORMAL,
kraken:105348712|confirm,kraken,XBTUSD,confirm,QUANTITY,False,2026-08-19,RESOLVED,2026-08-21,2,TIER1_NORMAL,
kraken:105348716|confirm,kraken,XBTUSD,confirm,QUANTITY,False,2026-08-19,RESOLVED,2026-08-21,2,TIER1_NORMAL,
kraken:105348717|clearing,kraken,XBTUSD,clearing,QUANTITY,False,2026-08-19,RESOLVED,2026-08-19,0,TIER1_NORMAL,
kraken:105348719|clearing,kraken,XBTUSD,clearing,PRICING,False,2026-08-19,RESOLVED,2026-08-20,1,TIER1_NORMAL,
kraken:105348720|clearing,kraken,XBTUSD,clearing,MISSING_RECORD,False,2026-08-19,RESOLVED,2026-08-19,0,TIER1_NORMAL,
kraken:105348724|clearing,kraken,XBTUSD,clearing,TIMING,True,2026-08-19,RESOLVED,2026-08-19,0,TIER1_NORMAL,
kraken:105348725|clearing,kraken,XBTUSD,clearing,REFERENCE_DATA,False,2026-08-19,RESOLVED,2026-08-21,2,TIER1_NORMAL,
kraken:105348732|confirm,kraken,XBTUSD,confirm,MISSING_RECORD,False,2026-08-19,RESOLVED,2026-08-20,1,TIER1_NORMAL,
kraken:105348735|confirm,kraken,XBTUSD,confirm,TIMING,True,2026-08-19,RESOLVED,2026-08-19,0,TIER1_NORMAL,
kraken:105348759|clearing,kraken,XBTUSD,clearing,REFERENCE_DATA,False,2026-08-19,RESOLVED,2026-08-21,2,TIER1_NORMAL,0.05490808
kraken:105348762|clearing,kraken,XBTUSD,clearing,PRICING,False,2026-08-19,RESOLVED,2026-08-20,1,TIER1_NORMAL,
kraken:105348765|clearing,kraken,XBTUSD,clearing,QUANTITY,False,2026-08-19,RESOLVED,2026-08-21,2,TIER1_NORMAL,
kraken:105348768|clearing,kraken,XBTUSD,clearing,REFERENCE_DATA,False,2026-08-19,RESOLVED,2026-08-21,2,TIER1_NORMAL,
kraken:105348780|clearing,kraken,XBTUSD,clearing,TIMING,True,2026-08-19,RESOLVED,2026-08-21,2,TIER1_NORMAL,
kraken:105348783|clearing,kraken,XBTUSD,clearing,REFERENCE_DATA,False,2026-08-19,RESOLVED,2026-08-21,2,TIER1_NORMAL,
kraken:105348784|confirm,kraken,XBTUSD,confirm,PRICING,False,2026-08-19,RESOLVED,2026-08-19,0,TIER1_NORMAL,
kraken:105348803|confirm,kraken,XBTUSD,confirm,REFERENCE_DATA,False,2026-08-19,RESOLVED,2026-08-21,2,TIER1_NORMAL,
kraken:105348810|confirm,kraken,XBTUSD,confirm,PRICING,False,2026-08-19,RESOLVED,2026-08-19,0,TIER1_NORMAL,
kraken:105348811|confirm,kraken,XBTUSD,confirm,QUANTITY,False,2026-08-19,RESOLVED,2026-08-20,1,TIER1_NORMAL,
kraken:105348819|confirm,kraken,XBTUSD,confirm,TIMING,True,2026-08-19,RESOLVED,2026-08-21,2,TIER1_NORMAL,
binance:6582449487|clearing,binance,BTCUSDT,clearing,TIMING,True,2026-08-19,RESOLVED,2026-08-24,5,TIER2_ESCALATED,
binance:6582449537|clearing,binance,BTCUSDT,clearing,TIMING,True,2026-08-19,RESOLVED,2026-08-23,4,TIER2_ESCALATED,0.00245457
binance:6582449568|clearing,binance,BTCUSDT,clearing,TIMING,False,2026-08-19,RESOLVED,2026-08-22,3,TIER2_ESCALATED,
binance:6582449697|confirm,binance,BTCUSDT,confirm,PRICING,False,2026-08-19,RESOLVED,2026-08-24,5,TIER2_ESCALATED,
binance:6582449855|confirm,binance,BTCUSDT,confirm,REFERENCE_DATA,False,2026-08-19,RESOLVED,2026-08-22,3,TIER2_ESCALATED,
binance:6582449922|confirm,binance,BTCUSDT,confirm,PRICING,False,2026-08-19,RESOLVED,2026-08-25,6,TIER2_ESCALATED,
binance:6582449923|confirm,binance,BTCUSDT,confirm,QUANTITY,False,2026-08-19,RESOLVED,2026-08-24,5,TIER2_ESCALATED,
binance:6582450104|clearing,binance,BTCUSDT,clearing,PRICING,False,2026-08-19,RESOLVED,2026-08-25,6,TIER2_ESCALATED,
binance:6582450151|confirm,binance,BTCUSDT,confirm,TIMING,True,2026-08-19,RESOLVED,2026-08-25,6,TIER2_ESCALATED,
binance:6582450382|clearing,binance,BTCUSDT,clearing,TIMING,True,2026-08-19,RESOLVED,2026-08-23,4,TIER2_ESCALATED,
binance:6582450545|clearing,binance,BTCUSDT,clearing,MISSING_RECORD,False,2026-08-19,RESOLVED,2026-08-23,4,TIER2_ESCALATED,
binance:6582450584|clearing,binance,BTCUSDT,clearing,MISSING_RECORD,False,2026-08-19,RESOLVED,2026-08-23,4,TIER2_ESCALATED,
binance:6582450932|clearing,binance,BTCUSDT,clearing,PRICING,False,2026-08-19,RESOLVED,2026-08-23,4,TIER2_ESCALATED,
binance:6582450966|clearing,binance,BTCUSDT,clearing,QUANTITY,False,2026-08-19,RESOLVED,2026-08-24,5,TIER2_ESCALATED,
binance:6582451371|clearing,binance,BTCUSDT,clearing,QUANTITY,False,2026-08-19,RESOLVED,2026-08-24,5,TIER2_ESCALATED,
binance:6582451406|confirm,binance,BTCUSDT,confirm,PRICING,False,2026-08-19,RESOLVED,2026-08-25,6,TIER2_ESCALATED,
binance:6582451632|confirm,binance,BTCUSDT,confirm,QUANTITY,False,2026-08-19,RESOLVED,2026-08-22,3,TIER2_ESCALATED,
binance:6582451765|confirm,binance,BTCUSDT,confirm,MISSING_RECORD,False,2026-08-19,RESOLVED,2026-08-22,3,TIER2_ESCALATED,
binance:6582451808|confirm,binance,BTCUSDT,confirm,PRICING,False,2026-08-19,RESOLVED,2026-08-23,4,TIER2_ESCALATED,
binance:6582451933|clearing,binance,BTCUSDT,clearing,QUANTITY,False,2026-08-19,RESOLVED,2026-08-25,6,TIER2_ESCALATED,
binance:6582451936|confirm,binance,BTCUSDT,confirm,REFERENCE_DATA,False,2026-08-19,RESOLVED,2026-08-24,5,TIER2_ESCALATED,
binance:6582452369|confirm,binance,BTCUSDT,confirm,PRICING,False,2026-08-19,RESOLVED,2026-08-22,3,TIER2_ESCALATED,
binance:6582452449|confirm,binance,BTCUSDT,confirm,TIMING,True,2026-08-19,RESOLVED,2026-08-25,6,TIER2_ESCALATED,
binance:6582452543|clearing,binance,BTCUSDT,clearing,QUANTITY,False,2026-08-19,RESOLVED,2026-08-24,5,TIER2_ESCALATED,0.00233444
binance:6582452759|clearing,binance,BTCUSDT,clearing,MISSING_RECORD,False,2026-08-19,RESOLVED,2026-08-24,5,TIER2_ESCALATED,
binance:6582452946|clearing,binance,BTCUSDT,clearing,MISSING_RECORD,False,2026-08-19,RESOLVED,2026-08-24,5,TIER2_ESCALATED,
binance:6582453160|confirm,binance,BTCUSDT,confirm,TIMING,True,2026-08-19,RESOLVED,2026-08-25,6,TIER2_ESCALATED,
binance:6582453534|clearing,binance,BTCUSDT,clearing,PRICING,False,2026-08-19,RESOLVED,2026-08-22,3,TIER2_ESCALATED,
binance:6582453572|confirm,binance,BTCUSDT,confirm,MISSING_RECORD,False,2026-08-19,RESOLVED,2026-08-23,4,TIER2_ESCALATED,
binance:6582453627|clearing,binance,BTCUSDT,clearing,QUANTITY,False,2026-08-19,RESOLVED,2026-08-25,6,TIER2_ESCALATED,
binance:6582453654|clearing,binance,BTCUSDT,clearing,TIMING,True,2026-08-19,RESOLVED,2026-08-22,3,TIER2_ESCALATED,
binance:6582453734|clearing,binance,BTCUSDT,clearing,PRICING,False,2026-08-19,RESOLVED,2026-08-25,6,TIER2_ESCALATED,
binance:6582453809|clearing,binance,BTCUSDT,clearing,MISSING_RECORD,False,2026-08-19,RESOLVED,2026-08-22,3,TIER2_ESCALATED,
binance:6582453983|clearing,binance,BTCUSDT,clearing,MISSING_RECORD,False,2026-08-19,RESOLVED,2026-08-24,5,TIER2_ESCALATED,
binance:6582454021|confirm,binance,BTCUSDT,confirm,QUANTITY,False,2026-08-19,RESOLVED,2026-08-25,6,TIER2_ESCALATED,
binance:6582454106|clearing,binance,BTCUSDT,clearing,REFERENCE_DATA,False,2026-08-19,RESOLVED,2026-08-22,3,TIER2_ESCALATED,
binance:6582454106|confirm,binance,BTCUSDT,confirm,QUANTITY,False,2026-08-19,RESOLVED,2026-08-22,3,TIER2_ESCALATED,
binance:6582454124|confirm,binance,BTCUSDT,confirm,TIMING,True,2026-08-19,RESOLVED,2026-08-22,3,TIER2_ESCALATED,
binance:6582454138|clearing,binance,BTCUSDT,clearing,PRICING,False,2026-08-19,RESOLVED,2026-08-24,5,TIER2_ESCALATED,-0.00344975
binance:6582454144|clearing,binance,BTCUSDT,clearing,TIMING,True,2026-08-19,RESOLVED,2026-08-24,5,TIER2_ESCALATED,
binance:6582454192|clearing,binance,BTCUSDT,clearing,QUANTITY,False,2026-08-19,RESOLVED,2026-08-25,6,TIER2_ESCALATED,
binance:6582454207|clearing,binance,BTCUSDT,clearing,QUANTITY,False,2026-08-19,RESOLVED,2026-08-25,6,TIER2_ESCALATED,
binance:6582454211|clearing,binance,BTCUSDT,clearing,QUANTITY,False,2026-08-19,RESOLVED,2026-08-24,5,TIER2_ESCALATED,
binance:6582454212|confirm,binance,BTCUSDT,confirm,PRICING,False,2026-08-19,RESOLVED,2026-08-24,5,TIER2_ESCALATED,
binance:6582454405|confirm,binance,BTCUSDT,confirm,QUANTITY,False,2026-08-19,RESOLVED,2026-08-25,6,TIER2_ESCALATED,
binance:6582454449|clearing,binance,BTCUSDT,clearing,PRICING,False,2026-08-19,RESOLVED,2026-08-22,3,TIER2_ESCALATED,
binance:6582454536|clearing,binance,BTCUSDT,clearing,MISSING_RECORD,False,2026-08-19,RESOLVED,2026-08-22,3,TIER2_ESCALATED,
binance:6582454709|clearing,binance,BTCUSDT,clearing,QUANTITY,False,2026-08-19,RESOLVED,2026-08-23,4,TIER2_ESCALATED,
binance:6582454853|clearing,binance,BTCUSDT,clearing,QUANTITY,False,2026-08-19,RESOLVED,2026-08-25,6,TIER2_ESCALATED,
binance:6582454873|clearing,binance,BTCUSDT,clearing,QUANTITY,False,2026-08-19,RESOLVED,2026-08-25,6,TIER2_ESCALATED,
binance:6582454884|confirm,binance,BTCUSDT,confirm,PRICING,False,2026-08-19,RESOLVED,2026-08-25,6,TIER2_ESCALATED,
binance:6582454973|confirm,binance,BTCUSDT,confirm,TIMING,True,2026-08-19,RESOLVED,2026-08-22,3,TIER2_ESCALATED,
binance:6582455014|clearing,binance,BTCUSDT,clearing,PRICING,False,2026-08-19,RESOLVED,2026-08-23,4,TIER2_ESCALATED,
binance:6582455054|confirm,binance,BTCUSDT,confirm,REFERENCE_DATA,False,2026-08-19,RESOLVED,2026-08-24,5,TIER2_ESCALATED,
binance:6582455185|confirm,binance,BTCUSDT,confirm,TIMING,True,2026-08-19,RESOLVED,2026-08-22,3,TIER2_ESCALATED,
binance:6582455210|confirm,binance,BTCUSDT,confirm,REFERENCE_DATA,False,2026-08-19,RESOLVED,2026-08-22,3,TIER2_ESCALATED,
binance:6582455288|clearing,binance,BTCUSDT,clearing,TIMING,True,2026-08-19,RESOLVED,2026-08-24,5,TIER2_ESCALATED,
binance:6582455413|confirm,binance,BTCUSDT,confirm,PRICING,False,2026-08-19,RESOLVED,2026-08-25,6,TIER2_ESCALATED,
binance:6582455430|confirm,binance,BTCUSDT,confirm,QUANTITY,False,2026-08-19,RESOLVED,2026-08-23,4,TIER2_ESCALATED,
binance:6582455862|confirm,binance,BTCUSDT,confirm,PRICING,False,2026-08-19,RESOLVED,2026-08-23,4,TIER2_ESCALATED,
binance:6582455863|confirm,binance,BTCUSDT,confirm,QUANTITY,False,2026-08-19,RESOLVED,2026-08-23,4,TIER2_ESCALATED,
binance:6582456159|clearing,binance,BTCUSDT,clearing,QUANTITY,False,2026-08-19,RESOLVED,2026-08-25,6,TIER2_ESCALATED,
binance:6582456242|clearing,binance,BTCUSDT,clearing,QUANTITY,False,2026-08-19,RESOLVED,2026-08-24,5,TIER2_ESCALATED,
binance:6582456286|confirm,binance,BTCUSDT,confirm,MISSING_RECORD,False,2026-08-19,RESOLVED,2026-08-23,4,TIER2_ESCALATED,
binance:6582456480|confirm,binance,BTCUSDT,confirm,REFERENCE_DATA,False,2026-08-19,RESOLVED,2026-08-24,5,TIER2_ESCALATED,
binance:6582456656|clearing,binance,BTCUSDT,clearing,PRICING,False,2026-08-19,RESOLVED,2026-08-24,5,TIER2_ESCALATED,
binance:6582456729|clearing,binance,BTCUSDT,clearing,QUANTITY,False,2026-08-19,RESOLVED,2026-08-22,3,TIER2_ESCALATED,
binance:6582456738|confirm,binance,BTCUSDT,confirm,QUANTITY,False,2026-08-19,RESOLVED,2026-08-23,4,TIER2_ESCALATED,
binance:6582456948|clearing,binance,BTCUSDT,clearing,TIMING,True,2026-08-19,RESOLVED,2026-08-24,5,TIER2_ESCALATED,
binance:6582457187|clearing,binance,BTCUSDT,clearing,TIMING,True,2026-08-19,RESOLVED,2026-08-23,4,TIER2_ESCALATED,
binance:6582457191|confirm,binance,BTCUSDT,confirm,QUANTITY,False,2026-08-19,RESOLVED,2026-08-25,6,TIER2_ESCALATED,
binance:6582457242|clearing,binance,BTCUSDT,clearing,PRICING,False,2026-08-19,RESOLVED,2026-08-25,6,TIER2_ESCALATED,
binance:6582457256|confirm,binance,BTCUSDT,confirm,PRICING,False,2026-08-19,RESOLVED,2026-08-22,3,TIER2_ESCALATED,
binance:6582457313|confirm,binance,BTCUSDT,confirm,REFERENCE_DATA,False,2026-08-19,RESOLVED,2026-08-22,3,TIER2_ESCALATED,
binance:6582457397|confirm,binance,BTCUSDT,confirm,QUANTITY,False,2026-08-19,RESOLVED,2026-08-23,4,TIER2_ESCALATED,
binance:6582457438|clearing,binance,BTCUSDT,clearing,TIMING,True,2026-08-19,RESOLVED,2026-08-24,5,TIER2_ESCALATED,
binance:6582457481|confirm,binance,BTCUSDT,confirm,QUANTITY,False,2026-08-19,RESOLVED,2026-08-25,6,TIER2_ESCALATED,
binance:6582457607|confirm,binance,BTCUSDT,confirm,TIMING,True,2026-08-19,RESOLVED,2026-08-24,5,TIER2_ESCALATED,
binance:6582457659|clearing,binance,BTCUSDT,clearing,QUANTITY,False,2026-08-19,RESOLVED,2026-08-24,5,TIER2_ESCALATED,
binance:6582457675|clearing,binance,BTCUSDT,clearing,PRICING,False,2026-08-19,RESOLVED,2026-08-25,6,TIER2_ESCALATED,
binance:6582457720|clearing,binance,BTCUSDT,clearing,TIMING,True,2026-08-19,RESOLVED,2026-08-25,6,TIER2_ESCALATED,
binance:6582457793|clearing,binance,BTCUSDT,clearing,QUANTITY,False,2026-08-19,RESOLVED,2026-08-24,5,TIER2_ESCALATED,
binance:6582457814|clearing,binance,BTCUSDT,clearing,PRICING,False,2026-08-19,RESOLVED,2026-08-24,5,TIER2_ESCALATED,
binance:6582457830|confirm,binance,BTCUSDT,confirm,REFERENCE_DATA,False,2026-08-19,RESOLVED,2026-08-22,3,TIER2_ESCALATED,-0.00437806
binance:6582457850|clearing,binance,BTCUSDT,clearing,PRICING,False,2026-08-19,RESOLVED,2026-08-25,6,TIER2_ESCALATED,
binance:6582457970|clearing,binance,BTCUSDT,clearing,PRICING,False,2026-08-19,RESOLVED,2026-08-24,5,TIER2_ESCALATED,0.00658105
binance:6582457971|confirm,binance,BTCUSDT,confirm,REFERENCE_DATA,False,2026-08-19,RESOLVED,2026-08-24,5,TIER2_ESCALATED,
binance:6582458042|confirm,binance,BTCUSDT,confirm,PRICING,False,2026-08-19,RESOLVED,2026-08-23,4,TIER2_ESCALATED,
binance:6582458336|clearing,binance,BTCUSDT,clearing,TIMING,True,2026-08-19,RESOLVED,2026-08-23,4,TIER2_ESCALATED,
binance:6582458413|confirm,binance,BTCUSDT,confirm,PRICING,False,2026-08-19,RESOLVED,2026-08-25,6,TIER2_ESCALATED,
binance:6582458447|clearing,binance,BTCUSDT,clearing,TIMING,True,2026-08-19,RESOLVED,2026-08-25,6,TIER2_ESCALATED,
binance:6582458569|clearing,binance,BTCUSDT,clearing,TIMING,True,2026-08-19,RESOLVED,2026-08-24,5,TIER2_ESCALATED,
binance:6582458605|clearing,binance,BTCUSDT,clearing,TIMING,True,2026-08-19,RESOLVED,2026-08-23,4,TIER2_ESCALATED,
binance:6582458632|clearing,binance,BTCUSDT,clearing,REFERENCE_DATA,False,2026-08-19,RESOLVED,2026-08-23,4,TIER2_ESCALATED,
binance:6582458678|confirm,binance,BTCUSDT,confirm,QUANTITY,False,2026-08-19,RESOLVED,2026-08-22,3,TIER2_ESCALATED,
binance:6582458762|clearing,binance,BTCUSDT,clearing,REFERENCE_DATA,False,2026-08-19,RESOLVED,2026-08-22,3,TIER2_ESCALATED,
binance:6582458959|clearing,binance,BTCUSDT,clearing,REFERENCE_DATA,False,2026-08-19,RESOLVED,2026-08-22,3,TIER2_ESCALATED,
binance:6582458968|confirm,binance,BTCUSDT,confirm,PRICING,False,2026-08-19,RESOLVED,2026-08-22,3,TIER2_ESCALATED,
binance:6582458969|confirm,binance,BTCUSDT,confirm,QUANTITY,False,2026-08-19,RESOLVED,2026-08-25,6,TIER2_ESCALATED,
binance:6582458978|confirm,binance,BTCUSDT,confirm,QUANTITY,False,2026-08-19,RESOLVED,2026-08-23,4,TIER2_ESCALATED,
binance:6582459037|confirm,binance,BTCUSDT,confirm,PRICING,False,2026-08-19,RESOLVED,2026-08-23,4,TIER2_ESCALATED,
binance:6582459291|clearing,binance,BTCUSDT,clearing,QUANTITY,False,2026-08-19,RESOLVED,2026-08-24,5,TIER2_ESCALATED,
binance:6582459297|clearing,binance,BTCUSDT,clearing,MISSING_RECORD,False,2026-08-19,RESOLVED,2026-08-24,5,TIER2_ESCALATED,
binance:6582459466|clearing,binance,BTCUSDT,clearing,PRICING,False,2026-08-19,RESOLVED,2026-08-25,6,TIER2_ESCALATED,
binance:6582459584|clearing,binance,BTCUSDT,clearing,TIMING,True,2026-08-19,RESOLVED,2026-08-25,6,TIER2_ESCALATED,
binance:6582459675|clearing,binance,BTCUSDT,clearing,QUANTITY,False,2026-08-19,RESOLVED,2026-08-24,5,TIER2_ESCALATED,
binance:6582459693|confirm,binance,BTCUSDT,confirm,PRICING,False,2026-08-19,RESOLVED,2026-08-24,5,TIER2_ESCALATED,
binance:6582459965|clearing,binance,BTCUSDT,clearing,QUANTITY,False,2026-08-19,RESOLVED,2026-08-24,5,TIER2_ESCALATED,
binance:6582460029|confirm,binance,BTCUSDT,confirm,TIMING,True,2026-08-19,RESOLVED,2026-08-24,5,TIER2_ESCALATED,
binance:6582460118|confirm,binance,BTCUSDT,confirm,REFERENCE_DATA,False,2026-08-19,RESOLVED,2026-08-23,4,TIER2_ESCALATED,
binance:6582460121|confirm,binance,BTCUSDT,confirm,QUANTITY,False,2026-08-19,RESOLVED,2026-08-24,5,TIER2_ESCALATED,
binance:6582460200|confirm,binance,BTCUSDT,confirm,MISSING_RECORD,False,2026-08-19,RESOLVED,2026-08-24,5,TIER2_ESCALATED,
binance:6582460249|confirm,binance,BTCUSDT,confirm,TIMING,True,2026-08-19,RESOLVED,2026-08-23,4,TIER2_ESCALATED,
binance:6582460283|clearing,binance,BTCUSDT,clearing,MISSING_RECORD,False,2026-08-19,RESOLVED,2026-08-23,4,TIER2_ESCALATED,
binance:6582460340|clearing,binance,BTCUSDT,clearing,TIMING,True,2026-08-19,RESOLVED,2026-08-25,6,TIER2_ESCALATED,
binance:6582460453|confirm,binance,BTCUSDT,confirm,TIMING,True,2026-08-19,RESOLVED,2026-08-24,5,TIER2_ESCALATED,0.00329613
binance:6582460626|clearing,binance,BTCUSDT,clearing,PRICING,False,2026-08-19,RESOLVED,2026-08-24,5,TIER2_ESCALATED,
binance:6582460675|confirm,binance,BTCUSDT,confirm,TIMING,True,2026-08-19,RESOLVED,2026-08-24,5,TIER2_ESCALATED,
binance:6582460713|clearing,binance,BTCUSDT,clearing,QUANTITY,False,2026-08-19,RESOLVED,2026-08-23,4,TIER2_ESCALATED,
binance:6582460951|confirm,binance,BTCUSDT,confirm,TIMING,True,2026-08-19,RESOLVED,2026-08-25,6,TIER2_ESCALATED,
binance:6582460981|clearing,binance,BTCUSDT,clearing,QUANTITY,False,2026-08-19,RESOLVED,2026-08-23,4,TIER2_ESCALATED,
binance:6582460983|clearing,binance,BTCUSDT,clearing,PRICING,False,2026-08-19,RESOLVED,2026-08-25,6,TIER2_ESCALATED,
binance:6582460988|confirm,binance,BTCUSDT,confirm,TIMING,True,2026-08-19,RESOLVED,2026-08-25,6,TIER2_ESCALATED,
binance:6582461071|confirm,binance,BTCUSDT,confirm,QUANTITY,False,2026-08-19,RESOLVED,2026-08-24,5,TIER2_ESCALATED,
binance:6582461077|confirm,binance,BTCUSDT,confirm,PRICING,False,2026-08-19,RESOLVED,2026-08-22,3,TIER2_ESCALATED,
binance:6582461462|confirm,binance,BTCUSDT,confirm,TIMING,True,2026-08-19,RESOLVED,2026-08-24,5,TIER2_ESCALATED,
binance:6582461484|confirm,binance,BTCUSDT,confirm,TIMING,True,2026-08-19,RESOLVED,2026-08-25,6,TIER2_ESCALATED,
binance:6582461490|clearing,binance,BTCUSDT,clearing,MISSING_RECORD,False,2026-08-19,RESOLVED,2026-08-23,4,TIER2_ESCALATED,
binance:6582461508|clearing,binance,BTCUSDT,clearing,QUANTITY,False,2026-08-19,RESOLVED,2026-08-22,3,TIER2_ESCALATED,
binance:6582461661|clearing,binance,BTCUSDT,clearing,PRICING,False,2026-08-19,RESOLVED,2026-08-25,6,TIER2_ESCALATED,
binance:6582461675|confirm,binance,BTCUSDT,confirm,PRICING,False,2026-08-19,RESOLVED,2026-08-25,6,TIER2_ESCALATED,
binance:6582461685|clearing,binance,BTCUSDT,clearing,PRICING,False,2026-08-19,RESOLVED,2026-08-25,6,TIER2_ESCALATED,
binance:6582461721|confirm,binance,BTCUSDT,confirm,QUANTITY,False,2026-08-19,RESOLVED,2026-08-25,6,TIER2_ESCALATED,
binance:6582461722|confirm,binance,BTCUSDT,confirm,QUANTITY,False,2026-08-19,RESOLVED,2026-08-23,4,TIER2_ESCALATED,
binance:6582461850|clearing,binance,BTCUSDT,clearing,QUANTITY,False,2026-08-19,RESOLVED,2026-08-22,3,TIER2_ESCALATED,-0.16017805
binance:6582461958|confirm,binance,BTCUSDT,confirm,TIMING,True,2026-08-19,RESOLVED,2026-08-22,3,TIER2_ESCALATED,
binance:6582462175|confirm,binance,BTCUSDT,confirm,REFERENCE_DATA,False,2026-08-19,RESOLVED,2026-08-23,4,TIER2_ESCALATED,
binance:6582462389|clearing,binance,BTCUSDT,clearing,QUANTITY,False,2026-08-19,RESOLVED,2026-08-22,3,TIER2_ESCALATED,
binance:6582462443|clearing,binance,BTCUSDT,clearing,REFERENCE_DATA,False,2026-08-19,RESOLVED,2026-08-23,4,TIER2_ESCALATED,
binance:6582462455|confirm,binance,BTCUSDT,confirm,MISSING_RECORD,False,2026-08-19,RESOLVED,2026-08-22,3,TIER2_ESCALATED,
binance:6582462464|confirm,binance,BTCUSDT,confirm,TIMING,True,2026-08-19,RESOLVED,2026-08-25,6,TIER2_ESCALATED,
binance:6582462473|confirm,binance,BTCUSDT,confirm,QUANTITY,False,2026-08-19,RESOLVED,2026-08-24,5,TIER2_ESCALATED,0.24718468
binance:6582462706|confirm,binance,BTCUSDT,confirm,PRICING,False,2026-08-19,RESOLVED,2026-08-22,3,TIER2_ESCALATED,
binance:6582462715|clearing,binance,BTCUSDT,clearing,REFERENCE_DATA,False,2026-08-19,RESOLVED,2026-08-24,5,TIER2_ESCALATED,
binance:6582462733|clearing,binance,BTCUSDT,clearing,QUANTITY,False,2026-08-19,RESOLVED,2026-08-22,3,TIER2_ESCALATED,
binance:6582462749|confirm,binance,BTCUSDT,confirm,PRICING,False,2026-08-19,RESOLVED,2026-08-23,4,TIER2_ESCALATED,
binance:6582462959|clearing,binance,BTCUSDT,clearing,QUANTITY,False,2026-08-19,RESOLVED,2026-08-24,5,TIER2_ESCALATED,
binance:6582462963|clearing,binance,BTCUSDT,clearing,QUANTITY,False,2026-08-19,RESOLVED,2026-08-22,3,TIER2_ESCALATED,
binance:6582462974|confirm,binance,BTCUSDT,confirm,TIMING,True,2026-08-19,RESOLVED,2026-08-22,3,TIER2_ESCALATED,
binance:6582463014|confirm,binance,BTCUSDT,confirm,PRICING,False,2026-08-19,RESOLVED,2026-08-24,5,TIER2_ESCALATED,
binance:6582463090|confirm,binance,BTCUSDT,confirm,QUANTITY,False,2026-08-19,RESOLVED,2026-08-22,3,TIER2_ESCALATED,
binance:6582463197|confirm,binance,BTCUSDT,confirm,MISSING_RECORD,False,2026-08-19,RESOLVED,2026-08-23,4,TIER2_ESCALATED,
binance:6582463211|confirm,binance,BTCUSDT,confirm,PRICING,False,2026-08-19,RESOLVED,2026-08-25,6,TIER2_ESCALATED,
binance:6582463222|confirm,binance,BTCUSDT,confirm,REFERENCE_DATA,False,2026-08-19,RESOLVED,2026-08-24,5,TIER2_ESCALATED,
binance:6582463226|clearing,binance,BTCUSDT,clearing,TIMING,True,2026-08-19,RESOLVED,2026-08-22,3,TIER2_ESCALATED,
binance:6582463640|clearing,binance,BTCUSDT,clearing,PRICING,False,2026-08-19,RESOLVED,2026-08-25,6,TIER2_ESCALATED,
binance:6582463964|clearing,binance,BTCUSDT,clearing,QUANTITY,False,2026-08-19,RESOLVED,2026-08-24,5,TIER2_ESCALATED,
binance:6582464093|confirm,binance,BTCUSDT,confirm,PRICING,False,2026-08-19,RESOLVED,2026-08-24,5,TIER2_ESCALATED,
binance:6582464130|clearing,binance,BTCUSDT,clearing,REFERENCE_DATA,False,2026-08-19,RESOLVED,2026-08-22,3,TIER2_ESCALATED,
binance:6582464130|confirm,binance,BTCUSDT,confirm,PRICING,False,2026-08-19,RESOLVED,2026-08-23,4,TIER2_ESCALATED,
binance:6582464131|clearing,binance,BTCUSDT,clearing,QUANTITY,False,2026-08-19,RESOLVED,2026-08-25,6,TIER2_ESCALATED,
binance:6582464213|clearing,binance,BTCUSDT,clearing,PRICING,False,2026-08-19,RESOLVED,2026-08-25,6,TIER2_ESCALATED,
binance:6582464281|confirm,binance,BTCUSDT,confirm,TIMING,True,2026-08-19,RESOLVED,2026-08-22,3,TIER2_ESCALATED,
binance:6582464443|clearing,binance,BTCUSDT,clearing,REFERENCE_DATA,False,2026-08-19,RESOLVED,2026-08-25,6,TIER2_ESCALATED,
binance:6582464469|confirm,binance,BTCUSDT,confirm,MISSING_RECORD,False,2026-08-19,RESOLVED,2026-08-23,4,TIER2_ESCALATED,0.00074760
binance:6582464608|confirm,binance,BTCUSDT,confirm,PRICING,False,2026-08-19,RESOLVED,2026-08-24,5,TIER2_ESCALATED,
binance:6582464614|confirm,binance,BTCUSDT,confirm,PRICING,False,2026-08-19,RESOLVED,2026-08-25,6,TIER2_ESCALATED,
binance:6582465142|confirm,binance,BTCUSDT,confirm,QUANTITY,False,2026-08-19,RESOLVED,2026-08-22,3,TIER2_ESCALATED,
binance:6582465289|confirm,binance,BTCUSDT,confirm,TIMING,True,2026-08-19,RESOLVED,2026-08-23,4,TIER2_ESCALATED,
coinbase:1073145697|clearing,coinbase,BTC-USD,clearing,TIMING,True,2026-08-19,RESOLVED,2026-08-24,5,TIER2_ESCALATED,
coinbase:1073145715|clearing,coinbase,BTC-USD,clearing,TIMING,True,2026-08-19,RESOLVED,2026-08-24,5,TIER2_ESCALATED,
coinbase:1073145740|confirm,coinbase,BTC-USD,confirm,PRICING,False,2026-08-19,RESOLVED,2026-08-22,3,TIER2_ESCALATED,
coinbase:1073145772|clearing,coinbase,BTC-USD,clearing,TIMING,True,2026-08-19,RESOLVED,2026-08-24,5,TIER2_ESCALATED,
coinbase:1073145786|clearing,coinbase,BTC-USD,clearing,TIMING,True,2026-08-19,RESOLVED,2026-08-22,3,TIER2_ESCALATED,
coinbase:1073145812|clearing,coinbase,BTC-USD,clearing,TIMING,True,2026-08-19,RESOLVED,2026-08-23,4,TIER2_ESCALATED,
coinbase:1073145852|clearing,coinbase,BTC-USD,clearing,TIMING,True,2026-08-19,RESOLVED,2026-08-23,4,TIER2_ESCALATED,
coinbase:1073145863|clearing,coinbase,BTC-USD,clearing,PRICING,False,2026-08-19,RESOLVED,2026-08-25,6,TIER2_ESCALATED,
coinbase:1073145863|confirm,coinbase,BTC-USD,confirm,TIMING,True,2026-08-19,RESOLVED,2026-08-23,4,TIER2_ESCALATED,
coinbase:1073145879|clearing,coinbase,BTC-USD,clearing,PRICING,False,2026-08-19,RESOLVED,2026-08-25,6,TIER2_ESCALATED,
coinbase:1073145937|confirm,coinbase,BTC-USD,confirm,PRICING,False,2026-08-19,RESOLVED,2026-08-23,4,TIER2_ESCALATED,
coinbase:1073145964|clearing,coinbase,BTC-USD,clearing,PRICING,False,2026-08-19,RESOLVED,2026-08-22,3,TIER2_ESCALATED,
coinbase:1073145971|clearing,coinbase,BTC-USD,clearing,MISSING_RECORD,False,2026-08-19,RESOLVED,2026-08-23,4,TIER2_ESCALATED,
coinbase:1073145996|confirm,coinbase,BTC-USD,confirm,TIMING,True,2026-08-19,RESOLVED,2026-08-24,5,TIER2_ESCALATED,
coinbase:1073146007|confirm,coinbase,BTC-USD,confirm,PRICING,False,2026-08-19,RESOLVED,2026-08-22,3,TIER2_ESCALATED,
coinbase:1073146013|confirm,coinbase,BTC-USD,confirm,TIMING,True,2026-08-19,RESOLVED,2026-08-22,3,TIER2_ESCALATED,
coinbase:1073146027|clearing,coinbase,BTC-USD,clearing,PRICING,False,2026-08-19,RESOLVED,2026-08-22,3,TIER2_ESCALATED,
coinbase:1073146097|clearing,coinbase,BTC-USD,clearing,REFERENCE_DATA,False,2026-08-19,RESOLVED,2026-08-23,4,TIER2_ESCALATED,
coinbase:1073146171|confirm,coinbase,BTC-USD,confirm,TIMING,True,2026-08-19,RESOLVED,2026-08-24,5,TIER2_ESCALATED,0.06253448
coinbase:1073146198|confirm,coinbase,BTC-USD,confirm,TIMING,True,2026-08-19,RESOLVED,2026-08-23,4,TIER2_ESCALATED,
coinbase:1073146201|clearing,coinbase,BTC-USD,clearing,TIMING,True,2026-08-19,RESOLVED,2026-08-22,3,TIER2_ESCALATED,
coinbase:1073146220|clearing,coinbase,BTC-USD,clearing,MISSING_RECORD,False,2026-08-19,RESOLVED,2026-08-22,3,TIER2_ESCALATED,
coinbase:1073146243|confirm,coinbase,BTC-USD,confirm,QUANTITY,False,2026-08-19,RESOLVED,2026-08-23,4,TIER2_ESCALATED,
coinbase:1073146275|confirm,coinbase,BTC-USD,confirm,MISSING_RECORD,False,2026-08-19,RESOLVED,2026-08-24,5,TIER2_ESCALATED,
coinbase:1073146378|confirm,coinbase,BTC-USD,confirm,MISSING_RECORD,False,2026-08-19,RESOLVED,2026-08-24,5,TIER2_ESCALATED,
coinbase:1073146395|clearing,coinbase,BTC-USD,clearing,QUANTITY,False,2026-08-19,RESOLVED,2026-08-23,4,TIER2_ESCALATED,
coinbase:1073146450|clearing,coinbase,BTC-USD,clearing,TIMING,True,2026-08-19,RESOLVED,2026-08-23,4,TIER2_ESCALATED,
coinbase:1073146468|clearing,coinbase,BTC-USD,clearing,TIMING,True,2026-08-19,RESOLVED,2026-08-23,4,TIER2_ESCALATED,
coinbase:1073146478|clearing,coinbase,BTC-USD,clearing,QUANTITY,False,2026-08-19,RESOLVED,2026-08-22,3,TIER2_ESCALATED,
coinbase:1073146484|clearing,coinbase,BTC-USD,clearing,PRICING,False,2026-08-19,RESOLVED,2026-08-24,5,TIER2_ESCALATED,
coinbase:1073146512|confirm,coinbase,BTC-USD,confirm,QUANTITY,False,2026-08-19,RESOLVED,2026-08-23,4,TIER2_ESCALATED,
coinbase:1073146529|confirm,coinbase,BTC-USD,confirm,QUANTITY,False,2026-08-19,RESOLVED,2026-08-23,4,TIER2_ESCALATED,
coinbase:1073146531|confirm,coinbase,BTC-USD,confirm,PRICING,False,2026-08-19,RESOLVED,2026-08-23,4,TIER2_ESCALATED,
coinbase:1073146536|clearing,coinbase,BTC-USD,clearing,QUANTITY,False,2026-08-19,RESOLVED,2026-08-23,4,TIER2_ESCALATED,
coinbase:1073146546|clearing,coinbase,BTC-USD,clearing,QUANTITY,False,2026-08-19,RESOLVED,2026-08-23,4,TIER2_ESCALATED,
coinbase:1073146547|clearing,coinbase,BTC-USD,clearing,TIMING,True,2026-08-19,RESOLVED,2026-08-23,4,TIER2_ESCALATED,
coinbase:1073146552|clearing,coinbase,BTC-USD,clearing,MISSING_RECORD,False,2026-08-19,RESOLVED,2026-08-22,3,TIER2_ESCALATED,0.00228719
coinbase:1073146555|clearing,coinbase,BTC-USD,clearing,REFERENCE_DATA,False,2026-08-19,RESOLVED,2026-08-25,6,TIER2_ESCALATED,
coinbase:1073146559|clearing,coinbase,BTC-USD,clearing,PRICING,False,2026-08-19,RESOLVED,2026-08-23,4,TIER2_ESCALATED,
coinbase:1073146576|confirm,coinbase,BTC-USD,confirm,TIMING,True,2026-08-19,RESOLVED,2026-08-22,3,TIER2_ESCALATED,
coinbase:1073146581|confirm,coinbase,BTC-USD,confirm,QUANTITY,False,2026-08-19,RESOLVED,2026-08-24,5,TIER2_ESCALATED,
coinbase:1073146594|clearing,coinbase,BTC-USD,clearing,PRICING,False,2026-08-19,RESOLVED,2026-08-23,4,TIER2_ESCALATED,
coinbase:1073146598|confirm,coinbase,BTC-USD,confirm,QUANTITY,False,2026-08-19,RESOLVED,2026-08-25,6,TIER2_ESCALATED,
coinbase:1073146626|clearing,coinbase,BTC-USD,clearing,QUANTITY,False,2026-08-19,RESOLVED,2026-08-24,5,TIER2_ESCALATED,
coinbase:1073146643|confirm,coinbase,BTC-USD,confirm,QUANTITY,False,2026-08-19,RESOLVED,2026-08-22,3,TIER2_ESCALATED,
coinbase:1073146700|confirm,coinbase,BTC-USD,confirm,PRICING,False,2026-08-19,RESOLVED,2026-08-24,5,TIER2_ESCALATED,
coinbase:1073146728|clearing,coinbase,BTC-USD,clearing,TIMING,True,2026-08-19,RESOLVED,2026-08-24,5,TIER2_ESCALATED,
coinbase:1073146815|confirm,coinbase,BTC-USD,confirm,PRICING,False,2026-08-19,RESOLVED,2026-08-23,4,TIER2_ESCALATED,
coinbase:1073146819|clearing,coinbase,BTC-USD,clearing,PRICING,False,2026-08-19,RESOLVED,2026-08-23,4,TIER2_ESCALATED,
coinbase:1073146868|confirm,coinbase,BTC-USD,confirm,QUANTITY,False,2026-08-19,RESOLVED,2026-08-25,6,TIER2_ESCALATED,
coinbase:1073146919|confirm,coinbase,BTC-USD,confirm,MISSING_RECORD,False,2026-08-19,RESOLVED,2026-08-24,5,TIER2_ESCALATED,
coinbase:1073146922|confirm,coinbase,BTC-USD,confirm,REFERENCE_DATA,False,2026-08-19,RESOLVED,2026-08-24,5,TIER2_ESCALATED,
coinbase:1073146925|clearing,coinbase,BTC-USD,clearing,PRICING,False,2026-08-19,RESOLVED,2026-08-25,6,TIER2_ESCALATED,
coinbase:1073146937|confirm,coinbase,BTC-USD,confirm,PRICING,False,2026-08-19,RESOLVED,2026-08-22,3,TIER2_ESCALATED,
coinbase:1073146956|clearing,coinbase,BTC-USD,clearing,TIMING,True,2026-08-19,RESOLVED,2026-08-22,3,TIER2_ESCALATED,
coinbase:1073146961|clearing,coinbase,BTC-USD,clearing,TIMING,True,2026-08-19,RESOLVED,2026-08-23,4,TIER2_ESCALATED,
coinbase:1073146985|confirm,coinbase,BTC-USD,confirm,QUANTITY,False,2026-08-19,RESOLVED,2026-08-25,6,TIER2_ESCALATED,
coinbase:1073146993|confirm,coinbase,BTC-USD,confirm,TIMING,True,2026-08-19,RESOLVED,2026-08-25,6,TIER2_ESCALATED,
coinbase:1073147047|clearing,coinbase,BTC-USD,clearing,TIMING,True,2026-08-19,RESOLVED,2026-08-25,6,TIER2_ESCALATED,
coinbase:1073147079|clearing,coinbase,BTC-USD,clearing,MISSING_RECORD,False,2026-08-19,RESOLVED,2026-08-22,3,TIER2_ESCALATED,
coinbase:1073147100|clearing,coinbase,BTC-USD,clearing,REFERENCE_DATA,False,2026-08-19,RESOLVED,2026-08-25,6,TIER2_ESCALATED,
coinbase:1073147128|confirm,coinbase,BTC-USD,confirm,PRICING,False,2026-08-19,RESOLVED,2026-08-22,3,TIER2_ESCALATED,
coinbase:1073147140|confirm,coinbase,BTC-USD,confirm,TIMING,True,2026-08-19,RESOLVED,2026-08-23,4,TIER2_ESCALATED,
coinbase:1073147164|clearing,coinbase,BTC-USD,clearing,MISSING_RECORD,False,2026-08-19,RESOLVED,2026-08-25,6,TIER2_ESCALATED,
coinbase:1073147179|clearing,coinbase,BTC-USD,clearing,QUANTITY,False,2026-08-19,RESOLVED,2026-08-22,3,TIER2_ESCALATED,
coinbase:1073147226|clearing,coinbase,BTC-USD,clearing,MISSING_RECORD,False,2026-08-19,RESOLVED,2026-08-24,5,TIER2_ESCALATED,
coinbase:1073147226|confirm,coinbase,BTC-USD,confirm,QUANTITY,False,2026-08-19,RESOLVED,2026-08-25,6,TIER2_ESCALATED,
coinbase:1073147231|clearing,coinbase,BTC-USD,clearing,REFERENCE_DATA,False,2026-08-19,RESOLVED,2026-08-22,3,TIER2_ESCALATED,0.00000512
coinbase:1073147242|clearing,coinbase,BTC-USD,clearing,TIMING,True,2026-08-19,RESOLVED,2026-08-25,6,TIER2_ESCALATED,
coinbase:1073147264|clearing,coinbase,BTC-USD,clearing,QUANTITY,False,2026-08-19,RESOLVED,2026-08-22,3,TIER2_ESCALATED,
coinbase:1073147289|confirm,coinbase,BTC-USD,confirm,PRICING,False,2026-08-19,RESOLVED,2026-08-23,4,TIER2_ESCALATED,
coinbase:1073147294|confirm,coinbase,BTC-USD,confirm,MISSING_RECORD,False,2026-08-19,RESOLVED,2026-08-24,5,TIER2_ESCALATED,
coinbase:1073147369|confirm,coinbase,BTC-USD,confirm,PRICING,False,2026-08-19,RESOLVED,2026-08-24,5,TIER2_ESCALATED,
coinbase:1073147372|confirm,coinbase,BTC-USD,confirm,TIMING,True,2026-08-19,RESOLVED,2026-08-22,3,TIER2_ESCALATED,
coinbase:1073147392|confirm,coinbase,BTC-USD,confirm,MISSING_RECORD,False,2026-08-19,RESOLVED,2026-08-24,5,TIER2_ESCALATED,
coinbase:1073147444|confirm,coinbase,BTC-USD,confirm,QUANTITY,False,2026-08-19,RESOLVED,2026-08-22,3,TIER2_ESCALATED,
coinbase:1073147450|clearing,coinbase,BTC-USD,clearing,MISSING_RECORD,False,2026-08-19,RESOLVED,2026-08-25,6,TIER2_ESCALATED,
coinbase:1073147464|clearing,coinbase,BTC-USD,clearing,PRICING,False,2026-08-19,RESOLVED,2026-08-22,3,TIER2_ESCALATED,
coinbase:1073147471|confirm,coinbase,BTC-USD,confirm,PRICING,False,2026-08-19,RESOLVED,2026-08-24,5,TIER2_ESCALATED,
coinbase:1073147543|clearing,coinbase,BTC-USD,clearing,QUANTITY,False,2026-08-19,RESOLVED,2026-08-22,3,TIER2_ESCALATED,
coinbase:1073147545|confirm,coinbase,BTC-USD,confirm,PRICING,False,2026-08-19,RESOLVED,2026-08-23,4,TIER2_ESCALATED,
coinbase:1073147555|confirm,coinbase,BTC-USD,confirm,PRICING,False,2026-08-19,RESOLVED,2026-08-22,3,TIER2_ESCALATED,-0.00000277
coinbase:1073147569|confirm,coinbase,BTC-USD,confirm,TIMING,True,2026-08-19,RESOLVED,2026-08-24,5,TIER2_ESCALATED,
coinbase:1073147605|clearing,coinbase,BTC-USD,clearing,MISSING_RECORD,False,2026-08-19,RESOLVED,2026-08-24,5,TIER2_ESCALATED,
coinbase:1073147618|clearing,coinbase,BTC-USD,clearing,TIMING,True,2026-08-19,RESOLVED,2026-08-25,6,TIER2_ESCALATED,
coinbase:1073147623|clearing,coinbase,BTC-USD,clearing,REFERENCE_DATA,False,2026-08-19,RESOLVED,2026-08-24,5,TIER2_ESCALATED,
coinbase:1073147639|clearing,coinbase,BTC-USD,clearing,TIMING,True,2026-08-19,RESOLVED,2026-08-25,6,TIER2_ESCALATED,
coinbase:1073147654|clearing,coinbase,BTC-USD,clearing,MISSING_RECORD,False,2026-08-19,RESOLVED,2026-08-23,4,TIER2_ESCALATED,
coinbase:1073147660|clearing,coinbase,BTC-USD,clearing,PRICING,False,2026-08-19,RESOLVED,2026-08-25,6,TIER2_ESCALATED,
coinbase:1073147667|clearing,coinbase,BTC-USD,clearing,QUANTITY,False,2026-08-19,RESOLVED,2026-08-25,6,TIER2_ESCALATED,
coinbase:1073147697|clearing,coinbase,BTC-USD,clearing,MISSING_RECORD,False,2026-08-19,RESOLVED,2026-08-25,6,TIER2_ESCALATED,
coinbase:1073147879|clearing,coinbase,BTC-USD,clearing,REFERENCE_DATA,False,2026-08-19,RESOLVED,2026-08-23,4,TIER2_ESCALATED,
coinbase:1073147889|clearing,coinbase,BTC-USD,clearing,PRICING,False,2026-08-19,RESOLVED,2026-08-23,4,TIER2_ESCALATED,
coinbase:1073147952|clearing,coinbase,BTC-USD,clearing,QUANTITY,False,2026-08-19,RESOLVED,2026-08-23,4,TIER2_ESCALATED,
coinbase:1073147962|confirm,coinbase,BTC-USD,confirm,PRICING,False,2026-08-19,RESOLVED,2026-08-23,4,TIER2_ESCALATED,4.38143477
coinbase:1073147969|clearing,coinbase,BTC-USD,clearing,TIMING,True,2026-08-19,RESOLVED,2026-08-22,3,TIER2_ESCALATED,
coinbase:1073148000|clearing,coinbase,BTC-USD,clearing,PRICING,False,2026-08-19,RESOLVED,2026-08-23,4,TIER2_ESCALATED,
coinbase:1073148028|confirm,coinbase,BTC-USD,confirm,TIMING,True,2026-08-19,RESOLVED,2026-08-23,4,TIER2_ESCALATED,
coinbase:1073148094|confirm,coinbase,BTC-USD,confirm,QUANTITY,False,2026-08-19,RESOLVED,2026-08-25,6,TIER2_ESCALATED,
coinbase:1073148106|confirm,coinbase,BTC-USD,confirm,TIMING,True,2026-08-19,RESOLVED,2026-08-24,5,TIER2_ESCALATED,
coinbase:1073148116|confirm,coinbase,BTC-USD,confirm,MISSING_RECORD,False,2026-08-19,RESOLVED,2026-08-25,6,TIER2_ESCALATED,
coinbase:1073148137|confirm,coinbase,BTC-USD,confirm,MISSING_RECORD,False,2026-08-19,RESOLVED,2026-08-22,3,TIER2_ESCALATED,
coinbase:1073148157|clearing,coinbase,BTC-USD,clearing,MISSING_RECORD,False,2026-08-19,RESOLVED,2026-08-22,3,TIER2_ESCALATED,
coinbase:1073148191|confirm,coinbase,BTC-USD,confirm,REFERENCE_DATA,False,2026-08-19,RESOLVED,2026-08-23,4,TIER2_ESCALATED,
coinbase:1073148215|clearing,coinbase,BTC-USD,clearing,PRICING,False,2026-08-19,RESOLVED,2026-08-24,5,TIER2_ESCALATED,
coinbase:1073148257|confirm,coinbase,BTC-USD,confirm,REFERENCE_DATA,False,2026-08-19,RESOLVED,2026-08-24,5,TIER2_ESCALATED,
coinbase:1073148273|confirm,coinbase,BTC-USD,confirm,QUANTITY,False,2026-08-19,RESOLVED,2026-08-25,6,TIER2_ESCALATED,
coinbase:1073148288|clearing,coinbase,BTC-USD,clearing,REFERENCE_DATA,False,2026-08-19,RESOLVED,2026-08-22,3,TIER2_ESCALATED,
coinbase:1073148327|clearing,coinbase,BTC-USD,clearing,QUANTITY,False,2026-08-19,RESOLVED,2026-08-24,5,TIER2_ESCALATED,
coinbase:1073148330|confirm,coinbase,BTC-USD,confirm,QUANTITY,False,2026-08-19,RESOLVED,2026-08-24,5,TIER2_ESCALATED,
coinbase:1073148360|confirm,coinbase,BTC-USD,confirm,TIMING,True,2026-08-19,RESOLVED,2026-08-22,3,TIER2_ESCALATED,
coinbase:1073148375|clearing,coinbase,BTC-USD,clearing,PRICING,False,2026-08-19,RESOLVED,2026-08-24,5,TIER2_ESCALATED,
coinbase:1073148404|confirm,coinbase,BTC-USD,confirm,MISSING_RECORD,False,2026-08-19,RESOLVED,2026-08-22,3,TIER2_ESCALATED,
coinbase:1073148491|confirm,coinbase,BTC-USD,confirm,PRICING,False,2026-08-19,RESOLVED,2026-08-25,6,TIER2_ESCALATED,
coinbase:1073148502|confirm,coinbase,BTC-USD,confirm,TIMING,True,2026-08-19,RESOLVED,2026-08-23,4,TIER2_ESCALATED,
coinbase:1073148564|confirm,coinbase,BTC-USD,confirm,QUANTITY,False,2026-08-19,RESOLVED,2026-08-25,6,TIER2_ESCALATED,
coinbase:1073148575|clearing,coinbase,BTC-USD,clearing,PRICING,False,2026-08-19,RESOLVED,2026-08-22,3,TIER2_ESCALATED,
coinbase:1073148587|clearing,coinbase,BTC-USD,clearing,TIMING,True,2026-08-19,RESOLVED,2026-08-22,3,TIER2_ESCALATED,
coinbase:1073148677|clearing,coinbase,BTC-USD,clearing,MISSING_RECORD,False,2026-08-19,RESOLVED,2026-08-22,3,TIER2_ESCALATED,
coinbase:1073148686|confirm,coinbase,BTC-USD,confirm,TIMING,True,2026-08-19,RESOLVED,2026-08-25,6,TIER2_ESCALATED,
coinbase:1073148693|clearing,coinbase,BTC-USD,clearing,PRICING,False,2026-08-19,RESOLVED,2026-08-22,3,TIER2_ESCALATED,0.34007307
coinbase:1073148704|confirm,coinbase,BTC-USD,confirm,TIMING,True,2026-08-19,RESOLVED,2026-08-25,6,TIER2_ESCALATED,
coinbase:1073148709|clearing,coinbase,BTC-USD,clearing,MISSING_RECORD,False,2026-08-19,RESOLVED,2026-08-24,5,TIER2_ESCALATED,
coinbase:1073148715|confirm,coinbase,BTC-USD,confirm,QUANTITY,False,2026-08-19,RESOLVED,2026-08-25,6,TIER2_ESCALATED,
coinbase:1073148742|confirm,coinbase,BTC-USD,confirm,TIMING,True,2026-08-19,RESOLVED,2026-08-23,4,TIER2_ESCALATED,
coinbase:1073148743|confirm,coinbase,BTC-USD,confirm,QUANTITY,False,2026-08-19,RESOLVED,2026-08-23,4,TIER2_ESCALATED,
coinbase:1073148768|confirm,coinbase,BTC-USD,confirm,TIMING,True,2026-08-19,RESOLVED,2026-08-24,5,TIER2_ESCALATED,
coinbase:1073148788|clearing,coinbase,BTC-USD,clearing,PRICING,False,2026-08-19,RESOLVED,2026-08-22,3,TIER2_ESCALATED,
coinbase:1073148792|confirm,coinbase,BTC-USD,confirm,REFERENCE_DATA,False,2026-08-19,RESOLVED,2026-08-22,3,TIER2_ESCALATED,-1.89885818
coinbase:1073148830|clearing,coinbase,BTC-USD,clearing,TIMING,True,2026-08-19,RESOLVED,2026-08-25,6,TIER2_ESCALATED,
coinbase:1073148833|confirm,coinbase,BTC-USD,confirm,QUANTITY,False,2026-08-19,RESOLVED,2026-08-23,4,TIER2_ESCALATED,
coinbase:1073148920|confirm,coinbase,BTC-USD,confirm,QUANTITY,False,2026-08-19,RESOLVED,2026-08-25,6,TIER2_ESCALATED,
coinbase:1073148968|clearing,coinbase,BTC-USD,clearing,TIMING,True,2026-08-19,RESOLVED,2026-08-23,4,TIER2_ESCALATED,
coinbase:1073148996|clearing,coinbase,BTC-USD,clearing,MISSING_RECORD,False,2026-08-19,RESOLVED,2026-08-23,4,TIER2_ESCALATED,
coinbase:1073149012|clearing,coinbase,BTC-USD,clearing,PRICING,False,2026-08-19,RESOLVED,2026-08-24,5,TIER2_ESCALATED,
coinbase:1073149046|confirm,coinbase,BTC-USD,confirm,TIMING,True,2026-08-19,RESOLVED,2026-08-24,5,TIER2_ESCALATED,
coinbase:1073149056|clearing,coinbase,BTC-USD,clearing,QUANTITY,False,2026-08-19,RESOLVED,2026-08-23,4,TIER2_ESCALATED,
coinbase:1073149066|clearing,coinbase,BTC-USD,clearing,REFERENCE_DATA,False,2026-08-19,RESOLVED,2026-08-25,6,TIER2_ESCALATED,
coinbase:1073149089|confirm,coinbase,BTC-USD,confirm,REFERENCE_DATA,False,2026-08-19,RESOLVED,2026-08-22,3,TIER2_ESCALATED,
coinbase:1073149095|clearing,coinbase,BTC-USD,clearing,PRICING,False,2026-08-19,RESOLVED,2026-08-25,6,TIER2_ESCALATED,
coinbase:1073149116|confirm,coinbase,BTC-USD,confirm,QUANTITY,False,2026-08-19,RESOLVED,2026-08-25,6,TIER2_ESCALATED,
coinbase:1073149125|clearing,coinbase,BTC-USD,clearing,QUANTITY,False,2026-08-19,RESOLVED,2026-08-23,4,TIER2_ESCALATED,-0.00072084
coinbase:1073149166|confirm,coinbase,BTC-USD,confirm,QUANTITY,False,2026-08-19,RESOLVED,2026-08-25,6,TIER2_ESCALATED,
coinbase:1073149207|confirm,coinbase,BTC-USD,confirm,TIMING,True,2026-08-19,RESOLVED,2026-08-25,6,TIER2_ESCALATED,
coinbase:1073149216|clearing,coinbase,BTC-USD,clearing,QUANTITY,False,2026-08-19,RESOLVED,2026-08-22,3,TIER2_ESCALATED,
coinbase:1073149299|clearing,coinbase,BTC-USD,clearing,MISSING_RECORD,False,2026-08-19,RESOLVED,2026-08-22,3,TIER2_ESCALATED,
coinbase:1073149328|clearing,coinbase,BTC-USD,clearing,PRICING,False,2026-08-19,RESOLVED,2026-08-22,3,TIER2_ESCALATED,
coinbase:1073149402|confirm,coinbase,BTC-USD,confirm,PRICING,False,2026-08-19,RESOLVED,2026-08-23,4,TIER2_ESCALATED,
coinbase:1073149414|confirm,coinbase,BTC-USD,confirm,MISSING_RECORD,False,2026-08-19,RESOLVED,2026-08-24,5,TIER2_ESCALATED,
coinbase:1073149417|confirm,coinbase,BTC-USD,confirm,PRICING,False,2026-08-19,RESOLVED,2026-08-22,3,TIER2_ESCALATED,
coinbase:1073149483|confirm,coinbase,BTC-USD,confirm,PRICING,False,2026-08-19,RESOLVED,2026-08-25,6,TIER2_ESCALATED,
coinbase:1073149525|confirm,coinbase,BTC-USD,confirm,MISSING_RECORD,False,2026-08-19,RESOLVED,2026-08-24,5,TIER2_ESCALATED,
coinbase:1073149528|clearing,coinbase,BTC-USD,clearing,PRICING,False,2026-08-19,RESOLVED,2026-08-25,6,TIER2_ESCALATED,
coinbase:1073149555|confirm,coinbase,BTC-USD,confirm,TIMING,True,2026-08-19,RESOLVED,2026-08-25,6,TIER2_ESCALATED,
coinbase:1073149573|clearing,coinbase,BTC-USD,clearing,MISSING_RECORD,False,2026-08-19,RESOLVED,2026-08-25,6,TIER2_ESCALATED,
coinbase:1073149583|confirm,coinbase,BTC-USD,confirm,TIMING,True,2026-08-19,RESOLVED,2026-08-22,3,TIER2_ESCALATED,
coinbase:1073149634|clearing,coinbase,BTC-USD,clearing,PRICING,False,2026-08-19,RESOLVED,2026-08-22,3,TIER2_ESCALATED,
coinbase:1073149755|clearing,coinbase,BTC-USD,clearing,PRICING,False,2026-08-19,RESOLVED,2026-08-22,3,TIER2_ESCALATED,
coinbase:1073149777|clearing,coinbase,BTC-USD,clearing,TIMING,True,2026-08-19,RESOLVED,2026-08-24,5,TIER2_ESCALATED,
coinbase:1073149779|confirm,coinbase,BTC-USD,confirm,QUANTITY,False,2026-08-19,RESOLVED,2026-08-25,6,TIER2_ESCALATED,
coinbase:1073149787|confirm,coinbase,BTC-USD,confirm,MISSING_RECORD,False,2026-08-19,RESOLVED,2026-08-24,5,TIER2_ESCALATED,
coinbase:1073149840|confirm,coinbase,BTC-USD,confirm,MISSING_RECORD,False,2026-08-19,RESOLVED,2026-08-23,4,TIER2_ESCALATED,-0.00346978
coinbase:1073149897|clearing,coinbase,BTC-USD,clearing,PRICING,False,2026-08-19,RESOLVED,2026-08-23,4,TIER2_ESCALATED,
coinbase:1073150004|confirm,coinbase,BTC-USD,confirm,PRICING,False,2026-08-19,RESOLVED,2026-08-25,6,TIER2_ESCALATED,
coinbase:1073150037|confirm,coinbase,BTC-USD,confirm,QUANTITY,False,2026-08-19,RESOLVED,2026-08-25,6,TIER2_ESCALATED,
coinbase:1073150065|clearing,coinbase,BTC-USD,clearing,MISSING_RECORD,False,2026-08-19,RESOLVED,2026-08-22,3,TIER2_ESCALATED,
coinbase:1073150112|clearing,coinbase,BTC-USD,clearing,QUANTITY,False,2026-08-19,RESOLVED,2026-08-22,3,TIER2_ESCALATED,
coinbase:1073150135|confirm,coinbase,BTC-USD,confirm,REFERENCE_DATA,False,2026-08-19,RESOLVED,2026-08-24,5,TIER2_ESCALATED,
coinbase:1073150137|confirm,coinbase,BTC-USD,confirm,QUANTITY,False,2026-08-19,RESOLVED,2026-08-23,4,TIER2_ESCALATED,0.00007827
coinbase:1073150155|confirm,coinbase,BTC-USD,confirm,REFERENCE_DATA,False,2026-08-19,RESOLVED,2026-08-23,4,TIER2_ESCALATED,
coinbase:1073150162|clearing,coinbase,BTC-USD,clearing,TIMING,True,2026-08-19,RESOLVED,2026-08-22,3,TIER2_ESCALATED,
coinbase:1073150173|clearing,coinbase,BTC-USD,clearing,REFERENCE_DATA,False,2026-08-19,RESOLVED,2026-08-24,5,TIER2_ESCALATED,
coinbase:1073150246|clearing,coinbase,BTC-USD,clearing,PRICING,False,2026-08-19,RESOLVED,2026-08-22,3,TIER2_ESCALATED,
coinbase:1073150261|confirm,coinbase,BTC-USD,confirm,TIMING,True,2026-08-19,RESOLVED,2026-08-23,4,TIER2_ESCALATED,
coinbase:1073150278|clearing,coinbase,BTC-USD,clearing,PRICING,False,2026-08-19,RESOLVED,2026-08-25,6,TIER2_ESCALATED,
coinbase:1073150287|confirm,coinbase,BTC-USD,confirm,QUANTITY,False,2026-08-19,RESOLVED,2026-08-24,5,TIER2_ESCALATED,
coinbase:1073150310|confirm,coinbase,BTC-USD,confirm,QUANTITY,False,2026-08-19,RESOLVED,2026-08-23,4,TIER2_ESCALATED,
coinbase:1073150387|confirm,coinbase,BTC-USD,confirm,QUANTITY,False,2026-08-19,RESOLVED,2026-08-22,3,TIER2_ESCALATED,
coinbase:1073150416|confirm,coinbase,BTC-USD,confirm,PRICING,False,2026-08-19,RESOLVED,2026-08-24,5,TIER2_ESCALATED,
coinbase:1073150417|confirm,coinbase,BTC-USD,confirm,MISSING_RECORD,False,2026-08-19,RESOLVED,2026-08-22,3,TIER2_ESCALATED,
coinbase:1073150472|confirm,coinbase,BTC-USD,confirm,TIMING,True,2026-08-19,RESOLVED,2026-08-24,5,TIER2_ESCALATED,
coinbase:1073150522|confirm,coinbase,BTC-USD,confirm,TIMING,True,2026-08-19,RESOLVED,2026-08-24,5,TIER2_ESCALATED,
coinbase:1073150554|confirm,coinbase,BTC-USD,confirm,MISSING_RECORD,False,2026-08-19,RESOLVED,2026-08-25,6,TIER2_ESCALATED,
coinbase:1073150570|clearing,coinbase,BTC-USD,clearing,PRICING,False,2026-08-19,RESOLVED,2026-08-24,5,TIER2_ESCALATED,
coinbase:1073150570|confirm,coinbase,BTC-USD,confirm,QUANTITY,False,2026-08-19,RESOLVED,2026-08-25,6,TIER2_ESCALATED,
coinbase:1073150586|clearing,coinbase,BTC-USD,clearing,TIMING,True,2026-08-19,RESOLVED,2026-08-22,3,TIER2_ESCALATED,
coinbase:1073150592|clearing,coinbase,BTC-USD,clearing,TIMING,True,2026-08-19,RESOLVED,2026-08-23,4,TIER2_ESCALATED,
coinbase:1073150617|clearing,coinbase,BTC-USD,clearing,QUANTITY,False,2026-08-19,RESOLVED,2026-08-22,3,TIER2_ESCALATED,
coinbase:1073150675|confirm,coinbase,BTC-USD,confirm,PRICING,False,2026-08-19,RESOLVED,2026-08-24,5,TIER2_ESCALATED,
kraken:105347821|clearing,kraken,XBTUSD,clearing,MISSING_RECORD,False,2026-08-19,RESOLVED,2026-08-23,4,TIER2_ESCALATED,
kraken:105347822|confirm,kraken,XBTUSD,confirm,TIMING,True,2026-08-19,RESOLVED,2026-08-25,6,TIER2_ESCALATED,5.02217343
kraken:105347847|confirm,kraken,XBTUSD,confirm,QUANTITY,False,2026-08-19,RESOLVED,2026-08-22,3,TIER2_ESCALATED,
kraken:105347854|confirm,kraken,XBTUSD,confirm,MISSING_RECORD,False,2026-08-19,RESOLVED,2026-08-25,6,TIER2_ESCALATED,
kraken:105347861|confirm,kraken,XBTUSD,confirm,REFERENCE_DATA,False,2026-08-19,RESOLVED,2026-08-25,6,TIER2_ESCALATED,
kraken:105347877|confirm,kraken,XBTUSD,confirm,TIMING,True,2026-08-19,RESOLVED,2026-08-22,3,TIER2_ESCALATED,
kraken:105347887|clearing,kraken,XBTUSD,clearing,MISSING_RECORD,False,2026-08-19,RESOLVED,2026-08-22,3,TIER2_ESCALATED,
kraken:105347889|clearing,kraken,XBTUSD,clearing,QUANTITY,False,2026-08-19,RESOLVED,2026-08-23,4,TIER2_ESCALATED,
kraken:105347901|confirm,kraken,XBTUSD,confirm,PRICING,False,2026-08-19,RESOLVED,2026-08-24,5,TIER2_ESCALATED,
kraken:105347935|confirm,kraken,XBTUSD,confirm,QUANTITY,False,2026-08-19,RESOLVED,2026-08-23,4,TIER2_ESCALATED,
kraken:105347949|confirm,kraken,XBTUSD,confirm,REFERENCE_DATA,False,2026-08-19,RESOLVED,2026-08-22,3,TIER2_ESCALATED,
kraken:105347950|clearing,kraken,XBTUSD,clearing,MISSING_RECORD,False,2026-08-19,RESOLVED,2026-08-24,5,TIER2_ESCALATED,
kraken:105347973|clearing,kraken,XBTUSD,clearing,QUANTITY,False,2026-08-19,RESOLVED,2026-08-22,3,TIER2_ESCALATED,
kraken:105347976|clearing,kraken,XBTUSD,clearing,REFERENCE_DATA,False,2026-08-19,RESOLVED,2026-08-22,3,TIER2_ESCALATED,
kraken:105348029|confirm,kraken,XBTUSD,confirm,TIMING,True,2026-08-19,RESOLVED,2026-08-25,6,TIER2_ESCALATED,
kraken:105348058|clearing,kraken,XBTUSD,clearing,QUANTITY,False,2026-08-19,RESOLVED,2026-08-22,3,TIER2_ESCALATED,
kraken:105348085|confirm,kraken,XBTUSD,confirm,PRICING,False,2026-08-19,RESOLVED,2026-08-23,4,TIER2_ESCALATED,
kraken:105348112|clearing,kraken,XBTUSD,clearing,TIMING,True,2026-08-19,RESOLVED,2026-08-25,6,TIER2_ESCALATED,
kraken:105348165|clearing,kraken,XBTUSD,clearing,PRICING,False,2026-08-19,RESOLVED,2026-08-25,6,TIER2_ESCALATED,
kraken:105348178|clearing,kraken,XBTUSD,clearing,TIMING,True,2026-08-19,RESOLVED,2026-08-25,6,TIER2_ESCALATED,
kraken:105348182|confirm,kraken,XBTUSD,confirm,TIMING,True,2026-08-19,RESOLVED,2026-08-22,3,TIER2_ESCALATED,
kraken:105348187|confirm,kraken,XBTUSD,confirm,PRICING,False,2026-08-19,RESOLVED,2026-08-23,4,TIER2_ESCALATED,
kraken:105348201|confirm,kraken,XBTUSD,confirm,PRICING,False,2026-08-19,RESOLVED,2026-08-24,5,TIER2_ESCALATED,
kraken:105348217|clearing,kraken,XBTUSD,clearing,TIMING,True,2026-08-19,RESOLVED,2026-08-22,3,TIER2_ESCALATED,
kraken:105348237|clearing,kraken,XBTUSD,clearing,PRICING,False,2026-08-19,RESOLVED,2026-08-25,6,TIER2_ESCALATED,
kraken:105348240|confirm,kraken,XBTUSD,confirm,MISSING_RECORD,False,2026-08-19,RESOLVED,2026-08-22,3,TIER2_ESCALATED,
kraken:105348242|confirm,kraken,XBTUSD,confirm,TIMING,True,2026-08-19,RESOLVED,2026-08-24,5,TIER2_ESCALATED,
kraken:105348275|confirm,kraken,XBTUSD,confirm,PRICING,False,2026-08-19,RESOLVED,2026-08-24,5,TIER2_ESCALATED,
kraken:105348279|clearing,kraken,XBTUSD,clearing,TIMING,True,2026-08-19,RESOLVED,2026-08-24,5,TIER2_ESCALATED,
kraken:105348333|confirm,kraken,XBTUSD,confirm,TIMING,True,2026-08-19,RESOLVED,2026-08-25,6,TIER2_ESCALATED,
kraken:105348345|confirm,kraken,XBTUSD,confirm,REFERENCE_DATA,False,2026-08-19,RESOLVED,2026-08-23,4,TIER2_ESCALATED,
kraken:105348414|confirm,kraken,XBTUSD,confirm,MISSING_RECORD,False,2026-08-19,RESOLVED,2026-08-24,5,TIER2_ESCALATED,
kraken:105348431|clearing,kraken,XBTUSD,clearing,QUANTITY,False,2026-08-19,RESOLVED,2026-08-23,4,TIER2_ESCALATED,
kraken:105348482|confirm,kraken,XBTUSD,confirm,MISSING_RECORD,False,2026-08-19,RESOLVED,2026-08-23,4,TIER2_ESCALATED,
kraken:105348536|confirm,kraken,XBTUSD,confirm,PRICING,False,2026-08-19,RESOLVED,2026-08-22,3,TIER2_ESCALATED,0.02800965
kraken:105348551|confirm,kraken,XBTUSD,confirm,REFERENCE_DATA,False,2026-08-19,RESOLVED,2026-08-22,3,TIER2_ESCALATED,
kraken:105348554|confirm,kraken,XBTUSD,confirm,PRICING,False,2026-08-19,RESOLVED,2026-08-24,5,TIER2_ESCALATED,
kraken:105348583|clearing,kraken,XBTUSD,clearing,REFERENCE_DATA,False,2026-08-19,RESOLVED,2026-08-24,5,TIER2_ESCALATED,
kraken:105348583|confirm,kraken,XBTUSD,confirm,QUANTITY,False,2026-08-19,RESOLVED,2026-08-23,4,TIER2_ESCALATED,
kraken:105348618|confirm,kraken,XBTUSD,confirm,TIMING,True,2026-08-19,RESOLVED,2026-08-22,3,TIER2_ESCALATED,
kraken:105348665|clearing,kraken,XBTUSD,clearing,TIMING,False,2026-08-19,RESOLVED,2026-08-23,4,TIER2_ESCALATED,
kraken:105348679|confirm,kraken,XBTUSD,confirm,REFERENCE_DATA,False,2026-08-19,RESOLVED,2026-08-24,5,TIER2_ESCALATED,
kraken:105348700|confirm,kraken,XBTUSD,confirm,TIMING,True,2026-08-19,RESOLVED,2026-08-25,6,TIER2_ESCALATED,
kraken:105348709|confirm,kraken,XBTUSD,confirm,QUANTITY,False,2026-08-19,RESOLVED,2026-08-22,3,TIER2_ESCALATED,
kraken:105348748|confirm,kraken,XBTUSD,confirm,TIMING,True,2026-08-19,RESOLVED,2026-08-25,6,TIER2_ESCALATED,
kraken:105348754|clearing,kraken,XBTUSD,clearing,MISSING_RECORD,False,2026-08-19,RESOLVED,2026-08-24,5,TIER2_ESCALATED,
kraken:105348794|clearing,kraken,XBTUSD,clearing,TIMING,True,2026-08-19,RESOLVED,2026-08-25,6,TIER2_ESCALATED,
kraken:105348794|confirm,kraken,XBTUSD,confirm,PRICING,False,2026-08-19,RESOLVED,2026-08-25,6,TIER2_ESCALATED,
kraken:105348811|clearing,kraken,XBTUSD,clearing,TIMING,True,2026-08-19,RESOLVED,2026-08-23,4,TIER2_ESCALATED,
kraken:105348818|clearing,kraken,XBTUSD,clearing,QUANTITY,False,2026-08-19,RESOLVED,2026-08-23,4,TIER2_ESCALATED,
binance:6582449431|clearing,binance,BTCUSDT,clearing,TIMING,True,2026-08-19,RESOLVED,2026-08-26,7,TIER3_MANAGEMENT,
binance:6582449829|clearing,binance,BTCUSDT,clearing,TIMING,True,2026-08-19,RESOLVED,2026-08-26,7,TIER3_MANAGEMENT,
binance:6582450040|confirm,binance,BTCUSDT,confirm,PRICING,False,2026-08-19,RESOLVED,2026-08-26,7,TIER3_MANAGEMENT,
binance:6582450628|confirm,binance,BTCUSDT,confirm,PRICING,False,2026-08-19,RESOLVED,2026-08-26,7,TIER3_MANAGEMENT,
binance:6582450733|clearing,binance,BTCUSDT,clearing,TIMING,True,2026-08-19,RESOLVED,2026-08-26,7,TIER3_MANAGEMENT,
binance:6582450835|confirm,binance,BTCUSDT,confirm,TIMING,True,2026-08-19,RESOLVED,2026-08-26,7,TIER3_MANAGEMENT,
binance:6582451379|confirm,binance,BTCUSDT,confirm,QUANTITY,False,2026-08-19,RESOLVED,2026-08-26,7,TIER3_MANAGEMENT,
binance:6582451747|confirm,binance,BTCUSDT,confirm,REFERENCE_DATA,False,2026-08-19,RESOLVED,2026-08-26,7,TIER3_MANAGEMENT,
binance:6582452753|confirm,binance,BTCUSDT,confirm,MISSING_RECORD,False,2026-08-19,RESOLVED,2026-08-26,7,TIER3_MANAGEMENT,
binance:6582452770|clearing,binance,BTCUSDT,clearing,QUANTITY,False,2026-08-19,RESOLVED,2026-08-26,7,TIER3_MANAGEMENT,
binance:6582452868|confirm,binance,BTCUSDT,confirm,MISSING_RECORD,False,2026-08-19,RESOLVED,2026-08-26,7,TIER3_MANAGEMENT,
binance:6582453653|confirm,binance,BTCUSDT,confirm,PRICING,False,2026-08-19,RESOLVED,2026-08-26,7,TIER3_MANAGEMENT,
binance:6582454385|clearing,binance,BTCUSDT,clearing,PRICING,False,2026-08-19,RESOLVED,2026-08-26,7,TIER3_MANAGEMENT,
binance:6582454625|clearing,binance,BTCUSDT,clearing,PRICING,False,2026-08-19,RESOLVED,2026-08-26,7,TIER3_MANAGEMENT,
binance:6582454978|confirm,binance,BTCUSDT,confirm,QUANTITY,False,2026-08-19,RESOLVED,2026-08-26,7,TIER3_MANAGEMENT,
binance:6582455216|confirm,binance,BTCUSDT,confirm,QUANTITY,False,2026-08-19,RESOLVED,2026-08-26,7,TIER3_MANAGEMENT,
binance:6582455322|clearing,binance,BTCUSDT,clearing,PRICING,False,2026-08-19,RESOLVED,2026-08-26,7,TIER3_MANAGEMENT,
binance:6582455476|clearing,binance,BTCUSDT,clearing,MISSING_RECORD,False,2026-08-19,RESOLVED,2026-08-26,7,TIER3_MANAGEMENT,
binance:6582455476|confirm,binance,BTCUSDT,confirm,TIMING,True,2026-08-19,RESOLVED,2026-08-26,7,TIER3_MANAGEMENT,
binance:6582455531|confirm,binance,BTCUSDT,confirm,QUANTITY,False,2026-08-19,RESOLVED,2026-08-26,7,TIER3_MANAGEMENT,
binance:6582455858|confirm,binance,BTCUSDT,confirm,TIMING,True,2026-08-19,RESOLVED,2026-08-26,7,TIER3_MANAGEMENT,
binance:6582456835|confirm,binance,BTCUSDT,confirm,QUANTITY,False,2026-08-19,RESOLVED,2026-08-26,7,TIER3_MANAGEMENT,
binance:6582456864|confirm,binance,BTCUSDT,confirm,MISSING_RECORD,False,2026-08-19,RESOLVED,2026-08-26,7,TIER3_MANAGEMENT,
binance:6582456902|clearing,binance,BTCUSDT,clearing,PRICING,False,2026-08-19,RESOLVED,2026-08-26,7,TIER3_MANAGEMENT,
binance:6582456923|clearing,binance,BTCUSDT,clearing,TIMING,True,2026-08-19,RESOLVED,2026-08-26,7,TIER3_MANAGEMENT,
binance:6582456928|confirm,binance,BTCUSDT,confirm,TIMING,True,2026-08-19,RESOLVED,2026-08-26,7,TIER3_MANAGEMENT,
binance:6582456944|clearing,binance,BTCUSDT,clearing,PRICING,False,2026-08-19,RESOLVED,2026-08-26,7,TIER3_MANAGEMENT,
binance:6582457314|confirm,binance,BTCUSDT,confirm,QUANTITY,False,2026-08-19,RESOLVED,2026-08-26,7,TIER3_MANAGEMENT,0.02473971
binance:6582457377|confirm,binance,BTCUSDT,confirm,TIMING,True,2026-08-19,RESOLVED,2026-08-26,7,TIER3_MANAGEMENT,
binance:6582458249|confirm,binance,BTCUSDT,confirm,TIMING,True,2026-08-19,RESOLVED,2026-08-26,7,TIER3_MANAGEMENT,
binance:6582458404|confirm,binance,BTCUSDT,confirm,QUANTITY,False,2026-08-19,RESOLVED,2026-08-26,7,TIER3_MANAGEMENT,0.00439823
binance:6582459120|clearing,binance,BTCUSDT,clearing,QUANTITY,False,2026-08-19,RESOLVED,2026-08-26,7,TIER3_MANAGEMENT,
binance:6582459145|confirm,binance,BTCUSDT,confirm,PRICING,False,2026-08-19,RESOLVED,2026-08-26,7,TIER3_MANAGEMENT,
binance:6582459686|clearing,binance,BTCUSDT,clearing,QUANTITY,False,2026-08-19,RESOLVED,2026-08-26,7,TIER3_MANAGEMENT,
binance:6582459694|confirm,binance,BTCUSDT,confirm,PRICING,False,2026-08-19,RESOLVED,2026-08-26,7,TIER3_MANAGEMENT,
binance:6582459853|clearing,binance,BTCUSDT,clearing,TIMING,True,2026-08-19,RESOLVED,2026-08-26,7,TIER3_MANAGEMENT,
binance:6582460224|confirm,binance,BTCUSDT,confirm,PRICING,False,2026-08-19,RESOLVED,2026-08-26,7,TIER3_MANAGEMENT,
binance:6582460456|confirm,binance,BTCUSDT,confirm,QUANTITY,False,2026-08-19,RESOLVED,2026-08-26,7,TIER3_MANAGEMENT,
binance:6582461360|clearing,binance,BTCUSDT,clearing,PRICING,False,2026-08-19,RESOLVED,2026-08-26,7,TIER3_MANAGEMENT,
binance:6582461499|clearing,binance,BTCUSDT,clearing,QUANTITY,False,2026-08-19,RESOLVED,2026-08-26,7,TIER3_MANAGEMENT,
binance:6582462113|confirm,binance,BTCUSDT,confirm,TIMING,True,2026-08-19,RESOLVED,2026-08-26,7,TIER3_MANAGEMENT,0.00274613
binance:6582462396|confirm,binance,BTCUSDT,confirm,PRICING,False,2026-08-19,RESOLVED,2026-08-26,7,TIER3_MANAGEMENT,
binance:6582462445|clearing,binance,BTCUSDT,clearing,QUANTITY,False,2026-08-19,RESOLVED,2026-08-26,7,TIER3_MANAGEMENT,
binance:6582462546|confirm,binance,BTCUSDT,confirm,REFERENCE_DATA,False,2026-08-19,RESOLVED,2026-08-26,7,TIER3_MANAGEMENT,
binance:6582463646|confirm,binance,BTCUSDT,confirm,PRICING,False,2026-08-19,RESOLVED,2026-08-26,7,TIER3_MANAGEMENT,
binance:6582463796|clearing,binance,BTCUSDT,clearing,PRICING,False,2026-08-19,RESOLVED,2026-08-26,7,TIER3_MANAGEMENT,
binance:6582463987|clearing,binance,BTCUSDT,clearing,QUANTITY,False,2026-08-19,RESOLVED,2026-08-26,7,TIER3_MANAGEMENT,
binance:6582464228|clearing,binance,BTCUSDT,clearing,MISSING_RECORD,False,2026-08-19,RESOLVED,2026-08-26,7,TIER3_MANAGEMENT,
binance:6582464491|clearing,binance,BTCUSDT,clearing,MISSING_RECORD,False,2026-08-19,RESOLVED,2026-08-26,7,TIER3_MANAGEMENT,
binance:6582465033|clearing,binance,BTCUSDT,clearing,PRICING,False,2026-08-19,RESOLVED,2026-08-26,7,TIER3_MANAGEMENT,
coinbase:1073145691|clearing,coinbase,BTC-USD,clearing,TIMING,True,2026-08-19,RESOLVED,2026-08-26,7,TIER3_MANAGEMENT,
coinbase:1073145730|clearing,coinbase,BTC-USD,clearing,PRICING,False,2026-08-19,RESOLVED,2026-08-26,7,TIER3_MANAGEMENT,
coinbase:1073145805|clearing,coinbase,BTC-USD,clearing,TIMING,True,2026-08-19,RESOLVED,2026-08-26,7,TIER3_MANAGEMENT,
coinbase:1073146220|confirm,coinbase,BTC-USD,confirm,PRICING,False,2026-08-19,RESOLVED,2026-08-26,7,TIER3_MANAGEMENT,
coinbase:1073146325|confirm,coinbase,BTC-USD,confirm,QUANTITY,False,2026-08-19,RESOLVED,2026-08-26,7,TIER3_MANAGEMENT,
coinbase:1073146444|confirm,coinbase,BTC-USD,confirm,PRICING,False,2026-08-19,RESOLVED,2026-08-26,7,TIER3_MANAGEMENT,
coinbase:1073146504|confirm,coinbase,BTC-USD,confirm,TIMING,True,2026-08-19,RESOLVED,2026-08-26,7,TIER3_MANAGEMENT,
coinbase:1073146933|confirm,coinbase,BTC-USD,confirm,PRICING,False,2026-08-19,RESOLVED,2026-08-26,7,TIER3_MANAGEMENT,
coinbase:1073147024|clearing,coinbase,BTC-USD,clearing,PRICING,False,2026-08-19,RESOLVED,2026-08-26,7,TIER3_MANAGEMENT,
coinbase:1073147025|confirm,coinbase,BTC-USD,confirm,MISSING_RECORD,False,2026-08-19,RESOLVED,2026-08-26,7,TIER3_MANAGEMENT,
coinbase:1073147050|clearing,coinbase,BTC-USD,clearing,PRICING,False,2026-08-19,RESOLVED,2026-08-26,7,TIER3_MANAGEMENT,
coinbase:1073147125|confirm,coinbase,BTC-USD,confirm,QUANTITY,False,2026-08-19,RESOLVED,2026-08-26,7,TIER3_MANAGEMENT,
coinbase:1073147224|clearing,coinbase,BTC-USD,clearing,REFERENCE_DATA,False,2026-08-19,RESOLVED,2026-08-26,7,TIER3_MANAGEMENT,
coinbase:1073147455|clearing,coinbase,BTC-USD,clearing,TIMING,True,2026-08-19,RESOLVED,2026-08-26,7,TIER3_MANAGEMENT,
coinbase:1073147544|confirm,coinbase,BTC-USD,confirm,PRICING,False,2026-08-19,RESOLVED,2026-08-26,7,TIER3_MANAGEMENT,
coinbase:1073147676|confirm,coinbase,BTC-USD,confirm,TIMING,True,2026-08-19,RESOLVED,2026-08-26,7,TIER3_MANAGEMENT,
coinbase:1073147720|clearing,coinbase,BTC-USD,clearing,TIMING,True,2026-08-19,RESOLVED,2026-08-26,7,TIER3_MANAGEMENT,
coinbase:1073147987|confirm,coinbase,BTC-USD,confirm,MISSING_RECORD,False,2026-08-19,RESOLVED,2026-08-26,7,TIER3_MANAGEMENT,1.64436319
coinbase:1073148090|clearing,coinbase,BTC-USD,clearing,PRICING,False,2026-08-19,RESOLVED,2026-08-26,7,TIER3_MANAGEMENT,
coinbase:1073148190|clearing,coinbase,BTC-USD,clearing,TIMING,False,2026-08-19,RESOLVED,2026-08-26,7,TIER3_MANAGEMENT,
coinbase:1073148248|clearing,coinbase,BTC-USD,clearing,PRICING,False,2026-08-19,RESOLVED,2026-08-26,7,TIER3_MANAGEMENT,
coinbase:1073148281|confirm,coinbase,BTC-USD,confirm,TIMING,True,2026-08-19,RESOLVED,2026-08-26,7,TIER3_MANAGEMENT,
coinbase:1073148309|confirm,coinbase,BTC-USD,confirm,QUANTITY,False,2026-08-19,RESOLVED,2026-08-26,7,TIER3_MANAGEMENT,
coinbase:1073148353|clearing,coinbase,BTC-USD,clearing,MISSING_RECORD,False,2026-08-19,RESOLVED,2026-08-26,7,TIER3_MANAGEMENT,
coinbase:1073148428|clearing,coinbase,BTC-USD,clearing,MISSING_RECORD,False,2026-08-19,RESOLVED,2026-08-26,7,TIER3_MANAGEMENT,
coinbase:1073148535|clearing,coinbase,BTC-USD,clearing,QUANTITY,False,2026-08-19,RESOLVED,2026-08-26,7,TIER3_MANAGEMENT,
coinbase:1073148664|clearing,coinbase,BTC-USD,clearing,TIMING,True,2026-08-19,RESOLVED,2026-08-26,7,TIER3_MANAGEMENT,
coinbase:1073148750|clearing,coinbase,BTC-USD,clearing,QUANTITY,False,2026-08-19,RESOLVED,2026-08-26,7,TIER3_MANAGEMENT,
coinbase:1073148962|clearing,coinbase,BTC-USD,clearing,MISSING_RECORD,False,2026-08-19,RESOLVED,2026-08-26,7,TIER3_MANAGEMENT,
coinbase:1073148975|clearing,coinbase,BTC-USD,clearing,REFERENCE_DATA,False,2026-08-19,RESOLVED,2026-08-26,7,TIER3_MANAGEMENT,
coinbase:1073148998|confirm,coinbase,BTC-USD,confirm,PRICING,False,2026-08-19,RESOLVED,2026-08-26,7,TIER3_MANAGEMENT,179.99999220
coinbase:1073148999|clearing,coinbase,BTC-USD,clearing,QUANTITY,False,2026-08-19,RESOLVED,2026-08-26,7,TIER3_MANAGEMENT,
coinbase:1073149047|clearing,coinbase,BTC-USD,clearing,QUANTITY,False,2026-08-19,RESOLVED,2026-08-26,7,TIER3_MANAGEMENT,
coinbase:1073149182|clearing,coinbase,BTC-USD,clearing,QUANTITY,False,2026-08-19,RESOLVED,2026-08-26,7,TIER3_MANAGEMENT,
coinbase:1073149217|clearing,coinbase,BTC-USD,clearing,REFERENCE_DATA,False,2026-08-19,RESOLVED,2026-08-26,7,TIER3_MANAGEMENT,
coinbase:1073149374|clearing,coinbase,BTC-USD,clearing,MISSING_RECORD,False,2026-08-19,RESOLVED,2026-08-26,7,TIER3_MANAGEMENT,0.00700037
coinbase:1073149382|clearing,coinbase,BTC-USD,clearing,TIMING,True,2026-08-19,RESOLVED,2026-08-26,7,TIER3_MANAGEMENT,
coinbase:1073149393|confirm,coinbase,BTC-USD,confirm,MISSING_RECORD,False,2026-08-19,RESOLVED,2026-08-26,7,TIER3_MANAGEMENT,
coinbase:1073149534|clearing,coinbase,BTC-USD,clearing,TIMING,True,2026-08-19,RESOLVED,2026-08-26,7,TIER3_MANAGEMENT,0.00000412
coinbase:1073149774|clearing,coinbase,BTC-USD,clearing,QUANTITY,False,2026-08-19,RESOLVED,2026-08-26,7,TIER3_MANAGEMENT,
coinbase:1073149794|confirm,coinbase,BTC-USD,confirm,TIMING,True,2026-08-19,RESOLVED,2026-08-26,7,TIER3_MANAGEMENT,
coinbase:1073149993|confirm,coinbase,BTC-USD,confirm,MISSING_RECORD,False,2026-08-19,RESOLVED,2026-08-26,7,TIER3_MANAGEMENT,
coinbase:1073150012|confirm,coinbase,BTC-USD,confirm,QUANTITY,False,2026-08-19,RESOLVED,2026-08-26,7,TIER3_MANAGEMENT,
coinbase:1073150082|clearing,coinbase,BTC-USD,clearing,TIMING,True,2026-08-19,RESOLVED,2026-08-26,7,TIER3_MANAGEMENT,
coinbase:1073150212|confirm,coinbase,BTC-USD,confirm,MISSING_RECORD,False,2026-08-19,RESOLVED,2026-08-26,7,TIER3_MANAGEMENT,
coinbase:1073150610|clearing,coinbase,BTC-USD,clearing,MISSING_RECORD,False,2026-08-19,RESOLVED,2026-08-26,7,TIER3_MANAGEMENT,
kraken:105347859|confirm,kraken,XBTUSD,confirm,TIMING,True,2026-08-19,RESOLVED,2026-08-26,7,TIER3_MANAGEMENT,
kraken:105347929|clearing,kraken,XBTUSD,clearing,MISSING_RECORD,False,2026-08-19,RESOLVED,2026-08-26,7,TIER3_MANAGEMENT,
kraken:105347933|clearing,kraken,XBTUSD,clearing,QUANTITY,False,2026-08-19,RESOLVED,2026-08-26,7,TIER3_MANAGEMENT,
kraken:105347946|clearing,kraken,XBTUSD,clearing,MISSING_RECORD,False,2026-08-19,RESOLVED,2026-08-26,7,TIER3_MANAGEMENT,
kraken:105348199|confirm,kraken,XBTUSD,confirm,MISSING_RECORD,False,2026-08-19,RESOLVED,2026-08-26,7,TIER3_MANAGEMENT,
kraken:105348312|confirm,kraken,XBTUSD,confirm,TIMING,True,2026-08-19,RESOLVED,2026-08-26,7,TIER3_MANAGEMENT,
kraken:105348471|confirm,kraken,XBTUSD,confirm,TIMING,True,2026-08-19,RESOLVED,2026-08-26,7,TIER3_MANAGEMENT,
kraken:105348507|clearing,kraken,XBTUSD,clearing,TIMING,True,2026-08-19,RESOLVED,2026-08-26,7,TIER3_MANAGEMENT,
kraken:105348518|confirm,kraken,XBTUSD,confirm,PRICING,False,2026-08-19,RESOLVED,2026-08-26,7,TIER3_MANAGEMENT,
binance:6582449486|confirm,binance,BTCUSDT,confirm,QUANTITY,False,2026-08-19,OPEN,,,TIER4_CRITICAL_AGED,
binance:6582449568|confirm,binance,BTCUSDT,confirm,TIMING,True,2026-08-19,OPEN,,,TIER4_CRITICAL_AGED,
binance:6582449603|confirm,binance,BTCUSDT,confirm,QUANTITY,False,2026-08-19,OPEN,,,TIER4_CRITICAL_AGED,
binance:6582449633|confirm,binance,BTCUSDT,confirm,PRICING,False,2026-08-19,OPEN,,,TIER4_CRITICAL_AGED,
binance:6582449872|clearing,binance,BTCUSDT,clearing,QUANTITY,False,2026-08-19,OPEN,,,TIER4_CRITICAL_AGED,
binance:6582450076|confirm,binance,BTCUSDT,confirm,TIMING,True,2026-08-19,OPEN,,,TIER4_CRITICAL_AGED,
binance:6582450122|clearing,binance,BTCUSDT,clearing,PRICING,False,2026-08-19,OPEN,,,TIER4_CRITICAL_AGED,
binance:6582450129|clearing,binance,BTCUSDT,clearing,PRICING,False,2026-08-19,OPEN,,,TIER4_CRITICAL_AGED,
binance:6582450211|confirm,binance,BTCUSDT,confirm,PRICING,False,2026-08-19,OPEN,,,TIER4_CRITICAL_AGED,
binance:6582450419|confirm,binance,BTCUSDT,confirm,MISSING_RECORD,False,2026-08-19,OPEN,,,TIER4_CRITICAL_AGED,
binance:6582450625|clearing,binance,BTCUSDT,clearing,PRICING,False,2026-08-19,OPEN,,,TIER4_CRITICAL_AGED,
binance:6582450687|clearing,binance,BTCUSDT,clearing,PRICING,False,2026-08-19,OPEN,,,TIER4_CRITICAL_AGED,
binance:6582451001|confirm,binance,BTCUSDT,confirm,PRICING,False,2026-08-19,OPEN,,,TIER4_CRITICAL_AGED,
binance:6582451257|clearing,binance,BTCUSDT,clearing,PRICING,False,2026-08-19,OPEN,,,TIER4_CRITICAL_AGED,
binance:6582451319|confirm,binance,BTCUSDT,confirm,QUANTITY,False,2026-08-19,OPEN,,,TIER4_CRITICAL_AGED,
binance:6582451653|confirm,binance,BTCUSDT,confirm,TIMING,True,2026-08-19,OPEN,,,TIER4_CRITICAL_AGED,
binance:6582451668|confirm,binance,BTCUSDT,confirm,REFERENCE_DATA,False,2026-08-19,OPEN,,,TIER4_CRITICAL_AGED,
binance:6582451881|confirm,binance,BTCUSDT,confirm,PRICING,False,2026-08-19,OPEN,,,TIER4_CRITICAL_AGED,
binance:6582452047|clearing,binance,BTCUSDT,clearing,TIMING,True,2026-08-19,OPEN,,,TIER4_CRITICAL_AGED,
binance:6582452201|clearing,binance,BTCUSDT,clearing,QUANTITY,False,2026-08-19,OPEN,,,TIER4_CRITICAL_AGED,
binance:6582452683|confirm,binance,BTCUSDT,confirm,TIMING,True,2026-08-19,OPEN,,,TIER4_CRITICAL_AGED,
binance:6582452690|clearing,binance,BTCUSDT,clearing,QUANTITY,False,2026-08-19,OPEN,,,TIER4_CRITICAL_AGED,
binance:6582452727|clearing,binance,BTCUSDT,clearing,REFERENCE_DATA,False,2026-08-19,OPEN,,,TIER4_CRITICAL_AGED,
binance:6582452864|confirm,binance,BTCUSDT,confirm,PRICING,False,2026-08-19,OPEN,,,TIER4_CRITICAL_AGED,
binance:6582452889|confirm,binance,BTCUSDT,confirm,PRICING,False,2026-08-19,OPEN,,,TIER4_CRITICAL_AGED,0.00462475
binance:6582453626|clearing,binance,BTCUSDT,clearing,QUANTITY,False,2026-08-19,OPEN,,,TIER4_CRITICAL_AGED,
binance:6582453643|clearing,binance,BTCUSDT,clearing,TIMING,True,2026-08-19,OPEN,,,TIER4_CRITICAL_AGED,
binance:6582453745|confirm,binance,BTCUSDT,confirm,QUANTITY,False,2026-08-19,OPEN,,,TIER4_CRITICAL_AGED,
binance:6582453801|clearing,binance,BTCUSDT,clearing,MISSING_RECORD,False,2026-08-19,OPEN,,,TIER4_CRITICAL_AGED,
binance:6582453961|clearing,binance,BTCUSDT,clearing,PRICING,False,2026-08-19,OPEN,,,TIER4_CRITICAL_AGED,
binance:6582454016|confirm,binance,BTCUSDT,confirm,MISSING_RECORD,False,2026-08-19,OPEN,,,TIER4_CRITICAL_AGED,
binance:6582454124|clearing,binance,BTCUSDT,clearing,QUANTITY,False,2026-08-19,OPEN,,,TIER4_CRITICAL_AGED,
binance:6582454128|confirm,binance,BTCUSDT,confirm,TIMING,True,2026-08-19,OPEN,,,TIER4_CRITICAL_AGED,
binance:6582454150|clearing,binance,BTCUSDT,clearing,TIMING,True,2026-08-19,OPEN,,,TIER4_CRITICAL_AGED,
binance:6582454161|clearing,binance,BTCUSDT,clearing,QUANTITY,False,2026-08-19,OPEN,,,TIER4_CRITICAL_AGED,
binance:6582454162|clearing,binance,BTCUSDT,clearing,MISSING_RECORD,False,2026-08-19,OPEN,,,TIER4_CRITICAL_AGED,
binance:6582454190|confirm,binance,BTCUSDT,confirm,PRICING,False,2026-08-19,OPEN,,,TIER4_CRITICAL_AGED,
binance:6582454197|clearing,binance,BTCUSDT,clearing,TIMING,True,2026-08-19,OPEN,,,TIER4_CRITICAL_AGED,
binance:6582454209|clearing,binance,BTCUSDT,clearing,PRICING,False,2026-08-19,OPEN,,,TIER4_CRITICAL_AGED,
binance:6582454288|confirm,binance,BTCUSDT,confirm,TIMING,True,2026-08-19,OPEN,,,TIER4_CRITICAL_AGED,
binance:6582454328|clearing,binance,BTCUSDT,clearing,TIMING,True,2026-08-19,OPEN,,,TIER4_CRITICAL_AGED,0.19499565
binance:6582454374|confirm,binance,BTCUSDT,confirm,MISSING_RECORD,False,2026-08-19,OPEN,,,TIER4_CRITICAL_AGED,
binance:6582454450|clearing,binance,BTCUSDT,clearing,REFERENCE_DATA,False,2026-08-19,OPEN,,,TIER4_CRITICAL_AGED,
binance:6582454515|confirm,binance,BTCUSDT,confirm,PRICING,False,2026-08-19,OPEN,,,TIER4_CRITICAL_AGED,
binance:6582454523|clearing,binance,BTCUSDT,clearing,PRICING,False,2026-08-19,OPEN,,,TIER4_CRITICAL_AGED,
binance:6582454655|clearing,binance,BTCUSDT,clearing,TIMING,True,2026-08-19,OPEN,,,TIER4_CRITICAL_AGED,
binance:6582454818|confirm,binance,BTCUSDT,confirm,TIMING,True,2026-08-19,OPEN,,,TIER4_CRITICAL_AGED,
binance:6582454970|confirm,binance,BTCUSDT,confirm,TIMING,True,2026-08-19,OPEN,,,TIER4_CRITICAL_AGED,
binance:6582454979|confirm,binance,BTCUSDT,confirm,PRICING,False,2026-08-19,OPEN,,,TIER4_CRITICAL_AGED,
binance:6582455213|clearing,binance,BTCUSDT,clearing,MISSING_RECORD,False,2026-08-19,OPEN,,,TIER4_CRITICAL_AGED,
binance:6582455215|confirm,binance,BTCUSDT,confirm,QUANTITY,False,2026-08-19,OPEN,,,TIER4_CRITICAL_AGED,
binance:6582455340|confirm,binance,BTCUSDT,confirm,TIMING,True,2026-08-19,OPEN,,,TIER4_CRITICAL_AGED,
binance:6582455431|clearing,binance,BTCUSDT,clearing,TIMING,True,2026-08-19,OPEN,,,TIER4_CRITICAL_AGED,
binance:6582455475|clearing,binance,BTCUSDT,clearing,TIMING,True,2026-08-19,OPEN,,,TIER4_CRITICAL_AGED,
binance:6582455689|confirm,binance,BTCUSDT,confirm,TIMING,True,2026-08-19,OPEN,,,TIER4_CRITICAL_AGED,
binance:6582455789|confirm,binance,BTCUSDT,confirm,MISSING_RECORD,False,2026-08-19,OPEN,,,TIER4_CRITICAL_AGED,
binance:6582455897|confirm,binance,BTCUSDT,confirm,QUANTITY,False,2026-08-19,OPEN,,,TIER4_CRITICAL_AGED,
binance:6582456517|confirm,binance,BTCUSDT,confirm,MISSING_RECORD,False,2026-08-19,OPEN,,,TIER4_CRITICAL_AGED,
binance:6582456658|confirm,binance,BTCUSDT,confirm,TIMING,True,2026-08-19,OPEN,,,TIER4_CRITICAL_AGED,
binance:6582456819|clearing,binance,BTCUSDT,clearing,QUANTITY,False,2026-08-19,OPEN,,,TIER4_CRITICAL_AGED,
binance:6582456932|clearing,binance,BTCUSDT,clearing,PRICING,False,2026-08-19,OPEN,,,TIER4_CRITICAL_AGED,
binance:6582456969|clearing,binance,BTCUSDT,clearing,QUANTITY,False,2026-08-19,OPEN,,,TIER4_CRITICAL_AGED,
binance:6582456972|confirm,binance,BTCUSDT,confirm,TIMING,True,2026-08-19,OPEN,,,TIER4_CRITICAL_AGED,
binance:6582457098|confirm,binance,BTCUSDT,confirm,PRICING,False,2026-08-19,OPEN,,,TIER4_CRITICAL_AGED,0.00268253
binance:6582457499|confirm,binance,BTCUSDT,confirm,TIMING,True,2026-08-19,OPEN,,,TIER4_CRITICAL_AGED,
binance:6582457690|clearing,binance,BTCUSDT,clearing,MISSING_RECORD,False,2026-08-19,OPEN,,,TIER4_CRITICAL_AGED,
binance:6582457693|confirm,binance,BTCUSDT,confirm,QUANTITY,False,2026-08-19,OPEN,,,TIER4_CRITICAL_AGED,
binance:6582457799|clearing,binance,BTCUSDT,clearing,PRICING,False,2026-08-19,OPEN,,,TIER4_CRITICAL_AGED,
binance:6582457901|confirm,binance,BTCUSDT,confirm,PRICING,False,2026-08-19,OPEN,,,TIER4_CRITICAL_AGED,
binance:6582457991|confirm,binance,BTCUSDT,confirm,QUANTITY,False,2026-08-19,OPEN,,,TIER4_CRITICAL_AGED,
binance:6582458130|clearing,binance,BTCUSDT,clearing,MISSING_RECORD,False,2026-08-19,OPEN,,,TIER4_CRITICAL_AGED,
binance:6582458263|confirm,binance,BTCUSDT,confirm,PRICING,False,2026-08-19,OPEN,,,TIER4_CRITICAL_AGED,
binance:6582458346|clearing,binance,BTCUSDT,clearing,QUANTITY,False,2026-08-19,OPEN,,,TIER4_CRITICAL_AGED,
binance:6582458552|confirm,binance,BTCUSDT,confirm,REFERENCE_DATA,False,2026-08-19,OPEN,,,TIER4_CRITICAL_AGED,
binance:6582458881|confirm,binance,BTCUSDT,confirm,PRICING,False,2026-08-19,OPEN,,,TIER4_CRITICAL_AGED,
binance:6582459103|confirm,binance,BTCUSDT,confirm,PRICING,False,2026-08-19,OPEN,,,TIER4_CRITICAL_AGED,
binance:6582459384|confirm,binance,BTCUSDT,confirm,TIMING,True,2026-08-19,OPEN,,,TIER4_CRITICAL_AGED,
binance:6582459525|clearing,binance,BTCUSDT,clearing,PRICING,False,2026-08-19,OPEN,,,TIER4_CRITICAL_AGED,
binance:6582459722|confirm,binance,BTCUSDT,confirm,PRICING,False,2026-08-19,OPEN,,,TIER4_CRITICAL_AGED,
binance:6582459883|confirm,binance,BTCUSDT,confirm,MISSING_RECORD,False,2026-08-19,OPEN,,,TIER4_CRITICAL_AGED,
binance:6582460033|clearing,binance,BTCUSDT,clearing,MISSING_RECORD,False,2026-08-19,OPEN,,,TIER4_CRITICAL_AGED,
binance:6582460099|clearing,binance,BTCUSDT,clearing,MISSING_RECORD,False,2026-08-19,OPEN,,,TIER4_CRITICAL_AGED,
binance:6582460345|clearing,binance,BTCUSDT,clearing,PRICING,False,2026-08-19,OPEN,,,TIER4_CRITICAL_AGED,
binance:6582460428|clearing,binance,BTCUSDT,clearing,TIMING,True,2026-08-19,OPEN,,,TIER4_CRITICAL_AGED,
binance:6582460668|clearing,binance,BTCUSDT,clearing,PRICING,False,2026-08-19,OPEN,,,TIER4_CRITICAL_AGED,
binance:6582460702|clearing,binance,BTCUSDT,clearing,QUANTITY,False,2026-08-19,OPEN,,,TIER4_CRITICAL_AGED,
binance:6582460715|clearing,binance,BTCUSDT,clearing,QUANTITY,False,2026-08-19,OPEN,,,TIER4_CRITICAL_AGED,
binance:6582460725|clearing,binance,BTCUSDT,clearing,MISSING_RECORD,False,2026-08-19,OPEN,,,TIER4_CRITICAL_AGED,
binance:6582460771|clearing,binance,BTCUSDT,clearing,PRICING,False,2026-08-19,OPEN,,,TIER4_CRITICAL_AGED,
binance:6582460948|confirm,binance,BTCUSDT,confirm,MISSING_RECORD,False,2026-08-19,OPEN,,,TIER4_CRITICAL_AGED,
binance:6582461118|confirm,binance,BTCUSDT,confirm,PRICING,False,2026-08-19,OPEN,,,TIER4_CRITICAL_AGED,
binance:6582461120|clearing,binance,BTCUSDT,clearing,TIMING,True,2026-08-19,OPEN,,,TIER4_CRITICAL_AGED,
binance:6582461267|clearing,binance,BTCUSDT,clearing,PRICING,False,2026-08-19,OPEN,,,TIER4_CRITICAL_AGED,
binance:6582461312|confirm,binance,BTCUSDT,confirm,PRICING,False,2026-08-19,OPEN,,,TIER4_CRITICAL_AGED,
binance:6582461493|confirm,binance,BTCUSDT,confirm,TIMING,True,2026-08-19,OPEN,,,TIER4_CRITICAL_AGED,
binance:6582461516|confirm,binance,BTCUSDT,confirm,QUANTITY,False,2026-08-19,OPEN,,,TIER4_CRITICAL_AGED,
binance:6582461627|confirm,binance,BTCUSDT,confirm,MISSING_RECORD,False,2026-08-19,OPEN,,,TIER4_CRITICAL_AGED,
binance:6582461706|confirm,binance,BTCUSDT,confirm,TIMING,True,2026-08-19,OPEN,,,TIER4_CRITICAL_AGED,
binance:6582461852|clearing,binance,BTCUSDT,clearing,TIMING,True,2026-08-19,OPEN,,,TIER4_CRITICAL_AGED,0.16310048
binance:6582462040|confirm,binance,BTCUSDT,confirm,TIMING,True,2026-08-19,OPEN,,,TIER4_CRITICAL_AGED,
binance:6582462170|clearing,binance,BTCUSDT,clearing,QUANTITY,False,2026-08-19,OPEN,,,TIER4_CRITICAL_AGED,
binance:6582462319|confirm,binance,BTCUSDT,confirm,QUANTITY,False,2026-08-19,OPEN,,,TIER4_CRITICAL_AGED,
binance:6582462338|clearing,binance,BTCUSDT,clearing,TIMING,True,2026-08-19,OPEN,,,TIER4_CRITICAL_AGED,
binance:6582462442|confirm,binance,BTCUSDT,confirm,REFERENCE_DATA,False,2026-08-19,OPEN,,,TIER4_CRITICAL_AGED,
binance:6582462547|confirm,binance,BTCUSDT,confirm,TIMING,True,2026-08-19,OPEN,,,TIER4_CRITICAL_AGED,
binance:6582462722|clearing,binance,BTCUSDT,clearing,QUANTITY,False,2026-08-19,OPEN,,,TIER4_CRITICAL_AGED,
binance:6582462778|clearing,binance,BTCUSDT,clearing,MISSING_RECORD,False,2026-08-19,OPEN,,,TIER4_CRITICAL_AGED,
binance:6582463094|confirm,binance,BTCUSDT,confirm,TIMING,True,2026-08-19,OPEN,,,TIER4_CRITICAL_AGED,
binance:6582463120|confirm,binance,BTCUSDT,confirm,QUANTITY,False,2026-08-19,OPEN,,,TIER4_CRITICAL_AGED,
binance:6582463124|clearing,binance,BTCUSDT,clearing,PRICING,False,2026-08-19,OPEN,,,TIER4_CRITICAL_AGED,
binance:6582463284|confirm,binance,BTCUSDT,confirm,QUANTITY,False,2026-08-19,OPEN,,,TIER4_CRITICAL_AGED,
binance:6582463331|confirm,binance,BTCUSDT,confirm,PRICING,False,2026-08-19,OPEN,,,TIER4_CRITICAL_AGED,
binance:6582463419|confirm,binance,BTCUSDT,confirm,TIMING,True,2026-08-19,OPEN,,,TIER4_CRITICAL_AGED,
binance:6582463456|clearing,binance,BTCUSDT,clearing,TIMING,True,2026-08-19,OPEN,,,TIER4_CRITICAL_AGED,
binance:6582463573|clearing,binance,BTCUSDT,clearing,QUANTITY,False,2026-08-19,OPEN,,,TIER4_CRITICAL_AGED,
binance:6582463594|confirm,binance,BTCUSDT,confirm,PRICING,False,2026-08-19,OPEN,,,TIER4_CRITICAL_AGED,
binance:6582463664|confirm,binance,BTCUSDT,confirm,QUANTITY,False,2026-08-19,OPEN,,,TIER4_CRITICAL_AGED,
binance:6582463800|clearing,binance,BTCUSDT,clearing,QUANTITY,False,2026-08-19,OPEN,,,TIER4_CRITICAL_AGED,
binance:6582463821|clearing,binance,BTCUSDT,clearing,PRICING,False,2026-08-19,OPEN,,,TIER4_CRITICAL_AGED,
binance:6582464079|clearing,binance,BTCUSDT,clearing,QUANTITY,False,2026-08-19,OPEN,,,TIER4_CRITICAL_AGED,
binance:6582464488|clearing,binance,BTCUSDT,clearing,QUANTITY,False,2026-08-19,OPEN,,,TIER4_CRITICAL_AGED,
binance:6582464495|confirm,binance,BTCUSDT,confirm,TIMING,True,2026-08-19,OPEN,,,TIER4_CRITICAL_AGED,
binance:6582464651|confirm,binance,BTCUSDT,confirm,TIMING,True,2026-08-19,OPEN,,,TIER4_CRITICAL_AGED,
binance:6582464721|clearing,binance,BTCUSDT,clearing,TIMING,True,2026-08-19,OPEN,,,TIER4_CRITICAL_AGED,
binance:6582464984|clearing,binance,BTCUSDT,clearing,QUANTITY,False,2026-08-19,OPEN,,,TIER4_CRITICAL_AGED,
binance:6582465067|confirm,binance,BTCUSDT,confirm,QUANTITY,False,2026-08-19,OPEN,,,TIER4_CRITICAL_AGED,
binance:6582465093|confirm,binance,BTCUSDT,confirm,REFERENCE_DATA,False,2026-08-19,OPEN,,,TIER4_CRITICAL_AGED,
coinbase:1073145696|clearing,coinbase,BTC-USD,clearing,PRICING,False,2026-08-19,OPEN,,,TIER4_CRITICAL_AGED,
coinbase:1073145698|clearing,coinbase,BTC-USD,clearing,QUANTITY,False,2026-08-19,OPEN,,,TIER4_CRITICAL_AGED,
coinbase:1073145705|clearing,coinbase,BTC-USD,clearing,TIMING,True,2026-08-19,OPEN,,,TIER4_CRITICAL_AGED,
coinbase:1073145709|confirm,coinbase,BTC-USD,confirm,TIMING,True,2026-08-19,OPEN,,,TIER4_CRITICAL_AGED,
coinbase:1073145719|confirm,coinbase,BTC-USD,confirm,PRICING,False,2026-08-19,OPEN,,,TIER4_CRITICAL_AGED,
coinbase:1073145769|confirm,coinbase,BTC-USD,confirm,PRICING,False,2026-08-19,OPEN,,,TIER4_CRITICAL_AGED,
coinbase:1073145838|clearing,coinbase,BTC-USD,clearing,TIMING,True,2026-08-19,OPEN,,,TIER4_CRITICAL_AGED,
coinbase:1073145853|clearing,coinbase,BTC-USD,clearing,TIMING,True,2026-08-19,OPEN,,,TIER4_CRITICAL_AGED,
coinbase:1073145865|clearing,coinbase,BTC-USD,clearing,MISSING_RECORD,False,2026-08-19,OPEN,,,TIER4_CRITICAL_AGED,
coinbase:1073145910|confirm,coinbase,BTC-USD,confirm,MISSING_RECORD,False,2026-08-19,OPEN,,,TIER4_CRITICAL_AGED,
coinbase:1073146081|clearing,coinbase,BTC-USD,clearing,QUANTITY,False,2026-08-19,OPEN,,,TIER4_CRITICAL_AGED,
coinbase:1073146089|clearing,coinbase,BTC-USD,clearing,PRICING,False,2026-08-19,OPEN,,,TIER4_CRITICAL_AGED,
coinbase:1073146121|clearing,coinbase,BTC-USD,clearing,QUANTITY,False,2026-08-19,OPEN,,,TIER4_CRITICAL_AGED,
coinbase:1073146132|clearing,coinbase,BTC-USD,clearing,MISSING_RECORD,False,2026-08-19,OPEN,,,TIER4_CRITICAL_AGED,
coinbase:1073146157|confirm,coinbase,BTC-USD,confirm,MISSING_RECORD,False,2026-08-19,OPEN,,,TIER4_CRITICAL_AGED,
coinbase:1073146217|confirm,coinbase,BTC-USD,confirm,TIMING,True,2026-08-19,OPEN,,,TIER4_CRITICAL_AGED,
coinbase:1073146269|confirm,coinbase,BTC-USD,confirm,TIMING,True,2026-08-19,OPEN,,,TIER4_CRITICAL_AGED,
coinbase:1073146291|confirm,coinbase,BTC-USD,confirm,PRICING,False,2026-08-19,OPEN,,,TIER4_CRITICAL_AGED,
coinbase:1073146348|clearing,coinbase,BTC-USD,clearing,MISSING_RECORD,False,2026-08-19,OPEN,,,TIER4_CRITICAL_AGED,
coinbase:1073146392|clearing,coinbase,BTC-USD,clearing,REFERENCE_DATA,False,2026-08-19,OPEN,,,TIER4_CRITICAL_AGED,
coinbase:1073146419|confirm,coinbase,BTC-USD,confirm,PRICING,False,2026-08-19,OPEN,,,TIER4_CRITICAL_AGED,
coinbase:1073146462|confirm,coinbase,BTC-USD,confirm,QUANTITY,False,2026-08-19,OPEN,,,TIER4_CRITICAL_AGED,
coinbase:1073146473|clearing,coinbase,BTC-USD,clearing,QUANTITY,False,2026-08-19,OPEN,,,TIER4_CRITICAL_AGED,0.00000411
coinbase:1073146580|confirm,coinbase,BTC-USD,confirm,QUANTITY,False,2026-08-19,OPEN,,,TIER4_CRITICAL_AGED,
coinbase:1073146690|clearing,coinbase,BTC-USD,clearing,QUANTITY,False,2026-08-19,OPEN,,,TIER4_CRITICAL_AGED,
coinbase:1073146694|clearing,coinbase,BTC-USD,clearing,MISSING_RECORD,False,2026-08-19,OPEN,,,TIER4_CRITICAL_AGED,
coinbase:1073146697|confirm,coinbase,BTC-USD,confirm,MISSING_RECORD,False,2026-08-19,OPEN,,,TIER4_CRITICAL_AGED,
coinbase:1073146787|confirm,coinbase,BTC-USD,confirm,TIMING,True,2026-08-19,OPEN,,,TIER4_CRITICAL_AGED,
coinbase:1073146864|confirm,coinbase,BTC-USD,confirm,TIMING,True,2026-08-19,OPEN,,,TIER4_CRITICAL_AGED,
coinbase:1073146897|clearing,coinbase,BTC-USD,clearing,QUANTITY,False,2026-08-19,OPEN,,,TIER4_CRITICAL_AGED,
coinbase:1073146975|confirm,coinbase,BTC-USD,confirm,PRICING,False,2026-08-19,OPEN,,,TIER4_CRITICAL_AGED,
coinbase:1073147009|clearing,coinbase,BTC-USD,clearing,REFERENCE_DATA,False,2026-08-19,OPEN,,,TIER4_CRITICAL_AGED,
coinbase:1073147025|clearing,coinbase,BTC-USD,clearing,TIMING,False,2026-08-19,OPEN,,,TIER4_CRITICAL_AGED,
coinbase:1073147047|confirm,coinbase,BTC-USD,confirm,PRICING,False,2026-08-19,OPEN,,,TIER4_CRITICAL_AGED,
coinbase:1073147145|confirm,coinbase,BTC-USD,confirm,TIMING,True,2026-08-19,OPEN,,,TIER4_CRITICAL_AGED,
coinbase:1073147174|clearing,coinbase,BTC-USD,clearing,QUANTITY,False,2026-08-19,OPEN,,,TIER4_CRITICAL_AGED,
coinbase:1073147225|confirm,coinbase,BTC-USD,confirm,QUANTITY,False,2026-08-19,OPEN,,,TIER4_CRITICAL_AGED,
coinbase:1073147284|confirm,coinbase,BTC-USD,confirm,MISSING_RECORD,False,2026-08-19,OPEN,,,TIER4_CRITICAL_AGED,
coinbase:1073147380|confirm,coinbase,BTC-USD,confirm,TIMING,True,2026-08-19,OPEN,,,TIER4_CRITICAL_AGED,
coinbase:1073147475|clearing,coinbase,BTC-USD,clearing,QUANTITY,False,2026-08-19,OPEN,,,TIER4_CRITICAL_AGED,
coinbase:1073147487|clearing,coinbase,BTC-USD,clearing,MISSING_RECORD,False,2026-08-19,OPEN,,,TIER4_CRITICAL_AGED,
coinbase:1073147559|clearing,coinbase,BTC-USD,clearing,QUANTITY,False,2026-08-19,OPEN,,,TIER4_CRITICAL_AGED,
coinbase:1073147677|confirm,coinbase,BTC-USD,confirm,TIMING,True,2026-08-19,OPEN,,,TIER4_CRITICAL_AGED,
coinbase:1073147765|clearing,coinbase,BTC-USD,clearing,TIMING,True,2026-08-19,OPEN,,,TIER4_CRITICAL_AGED,
coinbase:1073147863|clearing,coinbase,BTC-USD,clearing,TIMING,True,2026-08-19,OPEN,,,TIER4_CRITICAL_AGED,
coinbase:1073147911|clearing,coinbase,BTC-USD,clearing,REFERENCE_DATA,False,2026-08-19,OPEN,,,TIER4_CRITICAL_AGED,
coinbase:1073147945|clearing,coinbase,BTC-USD,clearing,REFERENCE_DATA,False,2026-08-19,OPEN,,,TIER4_CRITICAL_AGED,
coinbase:1073147974|clearing,coinbase,BTC-USD,clearing,MISSING_RECORD,False,2026-08-19,OPEN,,,TIER4_CRITICAL_AGED,
coinbase:1073148035|clearing,coinbase,BTC-USD,clearing,PRICING,False,2026-08-19,OPEN,,,TIER4_CRITICAL_AGED,
coinbase:1073148091|confirm,coinbase,BTC-USD,confirm,PRICING,False,2026-08-19,OPEN,,,TIER4_CRITICAL_AGED,
coinbase:1073148155|confirm,coinbase,BTC-USD,confirm,QUANTITY,False,2026-08-19,OPEN,,,TIER4_CRITICAL_AGED,
coinbase:1073148218|confirm,coinbase,BTC-USD,confirm,TIMING,True,2026-08-19,OPEN,,,TIER4_CRITICAL_AGED,
coinbase:1073148235|confirm,coinbase,BTC-USD,confirm,REFERENCE_DATA,False,2026-08-19,OPEN,,,TIER4_CRITICAL_AGED,
coinbase:1073148314|clearing,coinbase,BTC-USD,clearing,TIMING,True,2026-08-19,OPEN,,,TIER4_CRITICAL_AGED,
coinbase:1073148314|confirm,coinbase,BTC-USD,confirm,QUANTITY,False,2026-08-19,OPEN,,,TIER4_CRITICAL_AGED,
coinbase:1073148347|clearing,coinbase,BTC-USD,clearing,TIMING,True,2026-08-19,OPEN,,,TIER4_CRITICAL_AGED,
coinbase:1073148384|clearing,coinbase,BTC-USD,clearing,PRICING,False,2026-08-19,OPEN,,,TIER4_CRITICAL_AGED,
coinbase:1073148475|confirm,coinbase,BTC-USD,confirm,QUANTITY,False,2026-08-19,OPEN,,,TIER4_CRITICAL_AGED,
coinbase:1073148486|clearing,coinbase,BTC-USD,clearing,QUANTITY,False,2026-08-19,OPEN,,,TIER4_CRITICAL_AGED,
coinbase:1073148495|clearing,coinbase,BTC-USD,clearing,PRICING,False,2026-08-19,OPEN,,,TIER4_CRITICAL_AGED,
coinbase:1073148525|confirm,coinbase,BTC-USD,confirm,QUANTITY,False,2026-08-19,OPEN,,,TIER4_CRITICAL_AGED,
coinbase:1073148559|clearing,coinbase,BTC-USD,clearing,QUANTITY,False,2026-08-19,OPEN,,,TIER4_CRITICAL_AGED,
coinbase:1073148605|clearing,coinbase,BTC-USD,clearing,QUANTITY,False,2026-08-19,OPEN,,,TIER4_CRITICAL_AGED,
coinbase:1073148638|confirm,coinbase,BTC-USD,confirm,PRICING,False,2026-08-19,OPEN,,,TIER4_CRITICAL_AGED,
coinbase:1073148646|clearing,coinbase,BTC-USD,clearing,MISSING_RECORD,False,2026-08-19,OPEN,,,TIER4_CRITICAL_AGED,
coinbase:1073148735|clearing,coinbase,BTC-USD,clearing,QUANTITY,False,2026-08-19,OPEN,,,TIER4_CRITICAL_AGED,
coinbase:1073148749|clearing,coinbase,BTC-USD,clearing,REFERENCE_DATA,False,2026-08-19,OPEN,,,TIER4_CRITICAL_AGED,
coinbase:1073148780|confirm,coinbase,BTC-USD,confirm,MISSING_RECORD,False,2026-08-19,OPEN,,,TIER4_CRITICAL_AGED,
coinbase:1073148889|confirm,coinbase,BTC-USD,confirm,REFERENCE_DATA,False,2026-08-19,OPEN,,,TIER4_CRITICAL_AGED,
coinbase:1073148897|clearing,coinbase,BTC-USD,clearing,MISSING_RECORD,False,2026-08-19,OPEN,,,TIER4_CRITICAL_AGED,
coinbase:1073148917|clearing,coinbase,BTC-USD,clearing,QUANTITY,False,2026-08-19,OPEN,,,TIER4_CRITICAL_AGED,
coinbase:1073148922|confirm,coinbase,BTC-USD,confirm,PRICING,False,2026-08-19,OPEN,,,TIER4_CRITICAL_AGED,
coinbase:1073148951|clearing,coinbase,BTC-USD,clearing,QUANTITY,False,2026-08-19,OPEN,,,TIER4_CRITICAL_AGED,
coinbase:1073148973|clearing,coinbase,BTC-USD,clearing,QUANTITY,False,2026-08-19,OPEN,,,TIER4_CRITICAL_AGED,
coinbase:1073149018|clearing,coinbase,BTC-USD,clearing,TIMING,True,2026-08-19,OPEN,,,TIER4_CRITICAL_AGED,
coinbase:1073149073|clearing,coinbase,BTC-USD,clearing,TIMING,True,2026-08-19,OPEN,,,TIER4_CRITICAL_AGED,
coinbase:1073149225|clearing,coinbase,BTC-USD,clearing,TIMING,False,2026-08-19,OPEN,,,TIER4_CRITICAL_AGED,
coinbase:1073149268|confirm,coinbase,BTC-USD,confirm,PRICING,False,2026-08-19,OPEN,,,TIER4_CRITICAL_AGED,
coinbase:1073149313|clearing,coinbase,BTC-USD,clearing,TIMING,True,2026-08-19,OPEN,,,TIER4_CRITICAL_AGED,
coinbase:1073149319|clearing,coinbase,BTC-USD,clearing,QUANTITY,False,2026-08-19,OPEN,,,TIER4_CRITICAL_AGED,
coinbase:1073149346|clearing,coinbase,BTC-USD,clearing,MISSING_RECORD,False,2026-08-19,OPEN,,,TIER4_CRITICAL_AGED,0.53943613
coinbase:1073149421|confirm,coinbase,BTC-USD,confirm,TIMING,True,2026-08-19,OPEN,,,TIER4_CRITICAL_AGED,
coinbase:1073149549|clearing,coinbase,BTC-USD,clearing,MISSING_RECORD,False,2026-08-19,OPEN,,,TIER4_CRITICAL_AGED,0.44999919
coinbase:1073149618|clearing,coinbase,BTC-USD,clearing,PRICING,False,2026-08-19,OPEN,,,TIER4_CRITICAL_AGED,
coinbase:1073149635|confirm,coinbase,BTC-USD,confirm,PRICING,False,2026-08-19,OPEN,,,TIER4_CRITICAL_AGED,
coinbase:1073149742|clearing,coinbase,BTC-USD,clearing,MISSING_RECORD,False,2026-08-19,OPEN,,,TIER4_CRITICAL_AGED,
coinbase:1073149752|clearing,coinbase,BTC-USD,clearing,MISSING_RECORD,False,2026-08-19,OPEN,,,TIER4_CRITICAL_AGED,
coinbase:1073149765|confirm,coinbase,BTC-USD,confirm,PRICING,False,2026-08-19,OPEN,,,TIER4_CRITICAL_AGED,0.00005353
coinbase:1073149800|clearing,coinbase,BTC-USD,clearing,MISSING_RECORD,False,2026-08-19,OPEN,,,TIER4_CRITICAL_AGED,
coinbase:1073149805|clearing,coinbase,BTC-USD,clearing,REFERENCE_DATA,False,2026-08-19,OPEN,,,TIER4_CRITICAL_AGED,
coinbase:1073149864|clearing,coinbase,BTC-USD,clearing,MISSING_RECORD,False,2026-08-19,OPEN,,,TIER4_CRITICAL_AGED,1.19660977
coinbase:1073150023|confirm,coinbase,BTC-USD,confirm,TIMING,True,2026-08-19,OPEN,,,TIER4_CRITICAL_AGED,0.00000169
coinbase:1073150029|confirm,coinbase,BTC-USD,confirm,MISSING_RECORD,False,2026-08-19,OPEN,,,TIER4_CRITICAL_AGED,
coinbase:1073150123|clearing,coinbase,BTC-USD,clearing,TIMING,True,2026-08-19,OPEN,,,TIER4_CRITICAL_AGED,
coinbase:1073150310|clearing,coinbase,BTC-USD,clearing,QUANTITY,False,2026-08-19,OPEN,,,TIER4_CRITICAL_AGED,
coinbase:1073150312|clearing,coinbase,BTC-USD,clearing,MISSING_RECORD,False,2026-08-19,OPEN,,,TIER4_CRITICAL_AGED,
coinbase:1073150329|clearing,coinbase,BTC-USD,clearing,QUANTITY,False,2026-08-19,OPEN,,,TIER4_CRITICAL_AGED,
coinbase:1073150379|clearing,coinbase,BTC-USD,clearing,QUANTITY,False,2026-08-19,OPEN,,,TIER4_CRITICAL_AGED,
coinbase:1073150424|clearing,coinbase,BTC-USD,clearing,QUANTITY,False,2026-08-19,OPEN,,,TIER4_CRITICAL_AGED,
coinbase:1073150609|confirm,coinbase,BTC-USD,confirm,TIMING,True,2026-08-19,OPEN,,,TIER4_CRITICAL_AGED,
coinbase:1073150667|clearing,coinbase,BTC-USD,clearing,TIMING,True,2026-08-19,OPEN,,,TIER4_CRITICAL_AGED,
coinbase:1073150676|clearing,coinbase,BTC-USD,clearing,TIMING,True,2026-08-19,OPEN,,,TIER4_CRITICAL_AGED,
kraken:105347893|confirm,kraken,XBTUSD,confirm,TIMING,True,2026-08-19,OPEN,,,TIER4_CRITICAL_AGED,
kraken:105347918|clearing,kraken,XBTUSD,clearing,QUANTITY,False,2026-08-19,OPEN,,,TIER4_CRITICAL_AGED,
kraken:105348125|clearing,kraken,XBTUSD,clearing,TIMING,True,2026-08-19,OPEN,,,TIER4_CRITICAL_AGED,
kraken:105348168|confirm,kraken,XBTUSD,confirm,PRICING,False,2026-08-19,OPEN,,,TIER4_CRITICAL_AGED,
kraken:105348205|confirm,kraken,XBTUSD,confirm,QUANTITY,False,2026-08-19,OPEN,,,TIER4_CRITICAL_AGED,
kraken:105348295|confirm,kraken,XBTUSD,confirm,PRICING,False,2026-08-19,OPEN,,,TIER4_CRITICAL_AGED,
kraken:105348338|clearing,kraken,XBTUSD,clearing,PRICING,False,2026-08-19,OPEN,,,TIER4_CRITICAL_AGED,
kraken:105348351|clearing,kraken,XBTUSD,clearing,QUANTITY,False,2026-08-19,OPEN,,,TIER4_CRITICAL_AGED,
kraken:105348358|confirm,kraken,XBTUSD,confirm,TIMING,True,2026-08-19,OPEN,,,TIER4_CRITICAL_AGED,
kraken:105348387|clearing,kraken,XBTUSD,clearing,QUANTITY,False,2026-08-19,OPEN,,,TIER4_CRITICAL_AGED,
kraken:105348426|confirm,kraken,XBTUSD,confirm,REFERENCE_DATA,False,2026-08-19,OPEN,,,TIER4_CRITICAL_AGED,
kraken:105348448|confirm,kraken,XBTUSD,confirm,PRICING,False,2026-08-19,OPEN,,,TIER4_CRITICAL_AGED,
kraken:105348502|clearing,kraken,XBTUSD,clearing,TIMING,True,2026-08-19,OPEN,,,TIER4_CRITICAL_AGED,
kraken:105348516|clearing,kraken,XBTUSD,clearing,REFERENCE_DATA,False,2026-08-19,OPEN,,,TIER4_CRITICAL_AGED,9.17432027
kraken:105348607|confirm,kraken,XBTUSD,confirm,TIMING,True,2026-08-19,OPEN,,,TIER4_CRITICAL_AGED,
kraken:105348612|clearing,kraken,XBTUSD,clearing,MISSING_RECORD,False,2026-08-19,OPEN,,,TIER4_CRITICAL_AGED,
kraken:105348643|confirm,kraken,XBTUSD,confirm,MISSING_RECORD,False,2026-08-19,OPEN,,,TIER4_CRITICAL_AGED,
kraken:105348651|clearing,kraken,XBTUSD,clearing,MISSING_RECORD,False,2026-08-19,OPEN,,,TIER4_CRITICAL_AGED,
kraken:105348737|confirm,kraken,XBTUSD,confirm,PRICING,False,2026-08-19,OPEN,,,TIER4_CRITICAL_AGED,
kraken:105348744|confirm,kraken,XBTUSD,confirm,TIMING,True,2026-08-19,OPEN,,,TIER4_CRITICAL_AGED,
kraken:105348752|confirm,kraken,XBTUSD,confirm,QUANTITY,False,2026-08-19,OPEN,,,TIER4_CRITICAL_AGED,
kraken:105348760|confirm,kraken,XBTUSD,confirm,MISSING_RECORD,False,2026-08-19,OPEN,,,TIER4_CRITICAL_AGED,
kraken:105348769|confirm,kraken,XBTUSD,confirm,QUANTITY,False,2026-08-19,OPEN,,,TIER4_CRITICAL_AGED,18.05859870
kraken:105348771|confirm,kraken,XBTUSD,confirm,TIMING,True,2026-08-19,OPEN,,,TIER4_CRITICAL_AGED,
kraken:105348803|clearing,kraken,XBTUSD,clearing,TIMING,True,2026-08-19,OPEN,,,TIER4_CRITICAL_AGED,
